Nº chamada;Nº REDS;Data/hora de criação;Local do fato;Latitude  do local;Longitude do local;Natureza;Unidade Responsável;Recursos empenhados;Alerta;Destaque;Envolve autoridade;Tipo de classificação;Situação;Data/hora da situação atual;Evento associado
2021-16709334-4;(BM) 2021-026378621-001;01/06/2021 08:49;RUA ALFERES JOSE JUSTINIANO REIS, Nº 320 - VILA BETÂNIA - ALPINOPOLIS;-208.610.481;-463.750.659;P01002 - VISTORIA DE LIBERACAO / EMISSAO DE AVCB (C) (Prioridade: 2 - Média);1CIA IND/2CIA/PEL PREV E VIST(PASSOS);APF01362;Não;Não;Não;BOLETIM DE OCORRENCIA;Classificada;02/06/2021 06:17;Não
2021-16709705-4;(BM) 2021-026381744-001;01/06/2021 09:17;RUA DOUTOR CARVALHO, Nº 1455 - NOSSA SENHORA DAS GRAÇAS - PASSOS;-207.352.269;-466.037.303;P02001 - VISTORIA EM HIDRANTE (C) (Prioridade: 2 - Média);1CIA IND/2CIA/1PEL(PASSOS);ASL00064;Não;Não;Não;BOLETIM DE OCORRENCIA;Classificada;02/06/2021 06:26;Não
2021-16710091-1;(BM) 2021-026381640-001;01/06/2021 09:47;RUA CANOAS, Nº 415 - NOVO HORIZONTE - PASSOS;-207.342.037;-466.021.344;V01004 - VITIMA COM CRISE DIABETICA / HIPOGLICEMIA (C) (Prioridade: 1 - Alta);1CIA IND/2CIA/1PEL(PASSOS);UR0565;Não;Não;Não;BOLETIM DE OCORRENCIA;Classificada;02/06/2021 06:28;Não
2021-16710506-5;(BM) 2021-026379184-001;01/06/2021 10:19;AVENIDA JUCA STOCKLER, Nº 840 - BELO HORIZONTE - PASSOS;-20.731.089;-466.045.713;P01002 - VISTORIA DE LIBERACAO / EMISSAO DE AVCB (C) (Prioridade: 2 - Média);1CIA IND/2CIA/PEL PREV E VIST(PASSOS);APF01362;Não;Não;Não;BOLETIM DE OCORRENCIA;Classificada;02/06/2021 06:18;Não
2021-16711597-6;(BM) 2021-026401719-001;01/06/2021 11:46;AVENIDA COMENDADOR FRANCISCO A MAIA, Nº 3370 - MARIO MAGALHAES - PASSOS;-207.281.645;-466.104.601;V03018 - VITIMA DE QUEDA DA PROPRIA ALTURA (C) (Prioridade: 1 - Alta);1CIA IND/2CIA/1PEL(PASSOS);UR0565;Não;Não;Não;BOLETIM DE OCORRENCIA;Classificada;02/06/2021 06:29;Não
2021-16712558-0;(BM) 2021-026403486-001;01/06/2021 13:19;RUA CRUZEIRO DO SUL, Nº 39 - PANORAMA - PASSOS;-207.114.876;-466.163.177;S06001 - SALVAMENTO DE ANIMAL EM RISCO / PERIGO (C) (Prioridade: 2 - Média);1CIA IND/2CIA/1PEL(PASSOS);ABTS0495;Não;Não;Não;BOLETIM DE OCORRENCIA;Classificada;02/06/2021 06:22;Não
2021-16713425-1;(BM) 2021-026414902-001;01/06/2021 14:21;RUA LAVRAS, Nº 568 - MARIO MAGALHAES - PASSOS;-20.727.536;-46.611.513;V01005 - VITIMA COM CRISE HIPERTENSIVA/HIPOTENSAO (C) (Prioridade: 1 - Alta);1CIA IND/2CIA/1PEL(PASSOS);UR0565;Não;Não;Não;BOLETIM DE OCORRENCIA;Classificada;02/06/2021 06:30;Não
2021-16715856-4;(BM) 2021-026444310-001;01/06/2021 16:31;RUA COIMBRAS, Nº 557 - CALIFORNIA - PASSOS;-207.037.187;-466.145.931;V02102 - VITIMA DE ATROPELAMENTO POR MOTOCICLETA (C) (Prioridade: 1 - Alta);1CIA IND/2CIA/1PEL(PASSOS);UR0565;Não;Não;Não;BOLETIM DE OCORRENCIA;Classificada;02/06/2021 07:01;Não
2021-16721172-3;(BM) 2021-026502490-001;01/06/2021 22:20;RODOVIA MG 050, Nº S/N - MONSENHOR MESSIAS - PASSOS;-207.387.609;-46.597.429;S06001 - SALVAMENTO DE ANIMAL EM RISCO / PERIGO (C) (Prioridade: 2 - Média);1CIA IND/2CIA/1PEL(PASSOS);ASL00064;Não;Não;Não;BOLETIM DE OCORRENCIA;Classificada;02/06/2021 06:26;Não
2021-16721629-7;(BM) 2021-026507690-001;01/06/2021 23:00;RUA JOAQUIM DE MELO LEMOS, Nº 90 - FLAMBOYANT - PASSOS;-207.542.966;-46.605.295;V01005 - VITIMA COM CRISE HIPERTENSIVA/HIPOTENSAO (C) (Prioridade: 1 - Alta);1CIA IND/2CIA/1PEL(PASSOS);UR0565;Não;Não;Não;BOLETIM DE OCORRENCIA;Classificada;02/06/2021 07:01;Não
2021-16724454-1;(BM) 2021-026537775-001;02/06/2021 08:06;RUA JOAO TEIXEIRA MENDES, Nº S/N - FLAMBOYANT - PASSOS;-207.548.252;-466.033.392;V01022 - VITIMA PARTURIENTE / EMERGENCIAS OBSTETRICAS (C) (Prioridade: 1 - Alta);1CIA IND/2CIA/1PEL(PASSOS);UR0565;Não;Não;Não;BOLETIM DE OCORRENCIA;Classificada;03/06/2021 08:02;Não
2021-16725308-5;(BM) 2021-026547179-001;02/06/2021 09:23;AVENIDA JUCA STOCKLER, Nº 2077 - JARDIM EMBRATEL - PASSOS;-207.414.512;-466.008.453;V02103 - VITIMA DE ATROPELAMENTO POR AUTOMOVEL (CARRO / CAMINHONETE) (C) (Prioridade: 1 - Alta);1CIA IND/2CIA/1PEL(PASSOS);UR0565;Não;Não;Não;BOLETIM DE OCORRENCIA;Classificada;03/06/2021 08:02;Não
2021-16731697-3;(BM) 2021-026624471-001;02/06/2021 16:49;RUA DOUTOR CARVALHO, Nº 1455 - NOSSA SENHORA DAS GRAÇAS - PASSOS;-207.352.269;-466.037.303;Q03001 - TREINAMENTO DE COMBATE A INCENDIO (C) (Prioridade: 2 - Média);1CIA IND/2CIA/1PEL(PASSOS);ABTS0495;Não;Não;Não;BOLETIM DE OCORRENCIA;Classificada;03/06/2021 08:03;Não
2021-16732610-0;(BM) 2021-026634386-001;02/06/2021 17:40;RODOVIA MG 050, Km 360 - PASSOS;-207.370.641;-46.646.356;Y40035 - APOIO DE SOLO EM OPERACOES AEREAS (C) (Prioridade: 2 - Média);1CIA IND/2CIA/1PEL(PASSOS);UR0565;Não;Não;Não;BOLETIM DE OCORRENCIA;Classificada;03/06/2021 08:03;Não
2021-16735727-4;(BM) 2021-026666485-001;02/06/2021 21:01;RUA CAPITAO LIMIRIO, Nº 147 - SANTA RITA - PASSOS;-207.312.636;-466.104.834;S04009 - SALVAMENTO DE PESSOA PRESA EM IMOVEL (C) (Prioridade: 2 - Média);1CIA IND/2CIA/1PEL(PASSOS);ASL00064 / ABTS0495;Não;Não;Não;BOLETIM DE OCORRENCIA;Classificada;03/06/2021 08:03;Não
2021-16738088-3;(BM) 2021-026694520-002;02/06/2021 23:45;AVENIDA COMENDADOR FRANCISCO A MAIA, Nº 2542 - CANDEIAS - PASSOS;-207.212.654;-466.130.171;V01013 - VITIMA DE EMERGENCIAS PSIQUIATRICAS (C) (Prioridade: 1 - Alta);1CIA IND/2CIA/1PEL(PASSOS);ABTS0495 / UR0565;Não;Não;Não;BOLETIM DE OCORRENCIA;Classificada;03/06/2021 08:02;Não
2021-16740779-7;(BM) 2021-026716471-001;03/06/2021 07:02;RODOVIA LMG 837, Km 16 - FORTALEZA DE MINAS;-208.405.901;-467.066.877;V02103 - VITIMA DE ATROPELAMENTO POR AUTOMOVEL (CARRO / CAMINHONETE) (C) (Prioridade: 1 - Alta);1CIA IND/2CIA/1PEL(PASSOS);UR0565;Não;Não;Não;BOLETIM DE OCORRENCIA;Classificada;03/06/2021 08:02;Não
2021-16742480-3;(BM) 2021-026727443-001;03/06/2021 09:48;RODOVIA MG 050, Km 333 - PASSOS;-207.225.462;-464.007.186;V01010 - VITIMA COM DOR TORACICA/SUSPEITA DE INFARTO (IAM) (C) (Prioridade: 1 - Alta);1CIA IND/2CIA/1PEL(PASSOS);UR0565;Não;Não;Não;BOLETIM DE OCORRENCIA;Classificada;04/06/2021 07:48;Não
2021-16743180-5;(BM) 2021-026741488-001;03/06/2021 11:08;RUA DO MEIO, Nº 86 - NOVO HORIZONTE - PASSOS;-207.329.319;-466.012.881;V03018 - VITIMA DE QUEDA DA PROPRIA ALTURA (C) (Prioridade: 1 - Alta);1CIA IND/2CIA/1PEL(PASSOS);UR0565;Não;Não;Não;BOLETIM DE OCORRENCIA;Classificada;04/06/2021 07:49;Não
2021-16744572-0;(BM) 2021-026747130-001;03/06/2021 13:46;RUA PARDAL, Nº 874 - PARQUE DA FAZENDA - PASSOS;-207.379.726;-466.102.237;S06002 - CAPTURA DE ANIMAL SILVESTRE PERIGOSO / AGRESSIVO (C) (Prioridade: 2 - Média);1CIA IND/2CIA/1PEL(PASSOS);ASL00064;Não;Não;Não;BOLETIM DE OCORRENCIA;Classificada;04/06/2021 07:47;Não
2021-16748591-7;(BM) 2021-026789300-001;03/06/2021 17:09;RODOVIA MG 050, Nº S/N - MONSENHOR MESSIAS - PASSOS;-207.387.609;-46.597.429;S06001 - SALVAMENTO DE ANIMAL EM RISCO / PERIGO (C) (Prioridade: 2 - Média);1CIA IND/2CIA/1PEL(PASSOS);ASL00064;Não;Não;Não;BOLETIM DE OCORRENCIA;Classificada;04/06/2021 07:48;Não
2021-16749835-5;(BM) 2021-026802173-001;03/06/2021 18:16;ESTRADA PRINCIPAL LINHA DOS CAMPOS - KM 06, Nº S/N - PASSOS;-207.858.432;-464.996.141;O04008 - INCENDIO EM AREA RURAL NAO PROTEGIDA (C) (Prioridade: 2 - Média);1CIA IND/2CIA/1PEL(PASSOS);ABTS0495;Não;Não;Não;BOLETIM DE OCORRENCIA;Classificada;04/06/2021 07:48;Não
2021-16752475-0;(BM) 2021-026828184-001;03/06/2021 20:34;RODOVIA MG 344, Km 90 - DISTRITO INDUSTRIAL - ITAU DE MINAS;-207.574.338;-467.621.513;W03000 - SOLICITANTE ENCONTRADO - PROVIDENCIA DISPENSADA (C) (Prioridade: 3 - Baixa);1CIA IND/2CIA/1PEL(PASSOS);ABTS0495;Não;Não;Não;BOLETIM DE OCORRENCIA;Classificada;04/06/2021 07:47;Não
2021-16758288-5;(BM) 2021-026881902-001;04/06/2021 07:14;RUA CANJERANUS, Nº 2020 - PASSOS;-207.046.305;-466.177.072;V03018 - VITIMA DE QUEDA DA PROPRIA ALTURA (C) (Prioridade: 1 - Alta);1CIA IND/2CIA/1PEL(PASSOS);UR0565;Não;Não;Não;BOLETIM DE OCORRENCIA;Classificada;04/06/2021 07:49;Não
2021-16759219-8;(BM) 2021-026890314-001;04/06/2021 08:40;RUA CAMBARA, Nº 341 - PARQUE TROPICAL - PASSOS;-207.198.041;-466.398.335;S06001 - SALVAMENTO DE ANIMAL EM RISCO / PERIGO (C) (Prioridade: 2 - Média);1CIA IND/2CIA/1PEL(PASSOS);ASL00064;Não;Não;Não;BOLETIM DE OCORRENCIA;Classificada;04/06/2021 15:53;Não
2021-16759412-8;(BM) 2021-026899917-001;04/06/2021 08:58;RUA DOUTOR CARVALHO, Nº 1455 - NOSSA SENHORA DAS GRAÇAS - PASSOS;-207.352.269;-466.037.303;Q03001 - TREINAMENTO DE COMBATE A INCENDIO (C) (Prioridade: 2 - Média);1CIA IND/2CIA/1PEL(PASSOS);BM1728914;Não;Não;Não;BOLETIM DE OCORRENCIA;Classificada;04/06/2021 15:53;Não
2021-16760755-1;(BM) 2021-026912071-001;04/06/2021 10:48;RUA SANTO ANIBALE MARIE DI FRANCIA, Nº 340 - CENTRO - PASSOS;-207.244.618;-466.100.545;S06002 - CAPTURA DE ANIMAL SILVESTRE PERIGOSO / AGRESSIVO (C) (Prioridade: 2 - Média);1CIA IND/2CIA/1PEL(PASSOS);ASL00064;Não;Não;Não;BOLETIM DE OCORRENCIA;Classificada;04/06/2021 15:53;Não
2021-16761288-3;(BM) 2021-026912056-001;04/06/2021 11:27;AVENIDA AROUCA, Nº 318 - CENTRO - PASSOS;-207.167.343;-466.089.042;V01003 - VITIMA COM CRISE CONVULSIVA (C) (Prioridade: 1 - Alta);1CIA IND/2CIA/1PEL(PASSOS);UR0565;Não;Não;Não;BOLETIM DE OCORRENCIA;Classificada;04/06/2021 15:53;Não
2021-16764702-7;(BM) 2021-026955666-001;04/06/2021 15:24;AVENIDA ARLINDO FIGUEIREDO / AVENIDA COMENDADOR FRANCISCO A MAIA - CANDEIAS - PASSOS;-207.214.945;-466.129.751;S04007 - BUSCA E SALVAMENTO DE PESSOA PERDIDA / DESAPARECIDA (C) (Prioridade: 1 - Alta);1CIA IND/2CIA/1PEL(PASSOS);ABTS0495;Não;Não;Não;BOLETIM DE OCORRENCIA;Classificada;05/06/2021 01:43;Não
2021-16766037-0;;04/06/2021 16:35;RUA ELZA BENEDETTI RIBEIRO, Nº S/N - VALE VERDE - GUAXUPE;;;O04011 - INCENDIO EM AREA URBANA NAO PROTEGIDA (C) (Prioridade: 2 - Média);1CIA IND (POCOS DE CALDAS);;Não;Não;Não;W08000-CANCELADA POR INDISPONIBILIDADE DE MEIOS;Classificada;04/06/2021 16:39;Não
2021-16767717-0;(BM) 2021-026985948-001;04/06/2021 18:03;RUA COIMBRAS, Nº S/N - NOSSA SENHORA DE LOURDES - PASSOS;-206.987.548;-466.163.657;S06002 - CAPTURA DE ANIMAL SILVESTRE PERIGOSO / AGRESSIVO (C) (Prioridade: 2 - Média);1CIA IND/2CIA/1PEL(PASSOS);ASL00064;Não;Não;Não;BOLETIM DE OCORRENCIA;Classificada;05/06/2021 01:43;Não
2021-16768655-0;(BM) 2021-026999760-001;04/06/2021 18:54;RUA PIANTINOS, Nº 300 - CENTRO - PASSOS;-207.260.212;-466.081.166;V02202 - VITIMA DE CHOQUE DE MOTOCICLETA (C) (Prioridade: 1 - Alta);1CIA IND/2CIA/1PEL(PASSOS);UR0565;Não;Não;Não;BOLETIM DE OCORRENCIA;Classificada;05/06/2021 01:43;Não
2021-16770090-7;(BM) 2021-027005552-001;04/06/2021 20:14;RUA LUCIO PELEGRINO, Nº 256 - CANDEIAS - PASSOS;-207.211.078;-466.133.736;V01999 - OUTROS TIPOS DE APH CLINICO (C) (Prioridade: 1 - Alta);1CIA IND/2CIA/1PEL(PASSOS);UR0565;Não;Não;Não;BOLETIM DE OCORRENCIA;Classificada;05/06/2021 01:43;Não
2021-16776013-9;(BM) 2021-027058512-001;05/06/2021 04:03;RODOVIA MG 050 KM 15 - PROXIMO TERRA ROXA, Km 15, Nº S/N - PASSOS;;;O04008 - INCENDIO EM AREA RURAL NAO PROTEGIDA (C) (Prioridade: 2 - Média);1CIA IND/2CIA/1PEL(PASSOS);ASL00064;Não;Não;Não;BOLETIM DE OCORRENCIA;Classificada;06/06/2021 06:28;Não
2021-16777133-6;(BM) 2021-027069419-001;05/06/2021 08:12;RUA DOUTOR CARVALHO, Nº 1455 - NOSSA SENHORA DAS GRAÇAS - PASSOS;-207.352.269;-466.037.303;Q03001 - TREINAMENTO DE COMBATE A INCENDIO (C) (Prioridade: 2 - Média);1CIA IND/2CIA/1PEL(PASSOS);BM1178490;Não;Não;Não;BOLETIM DE OCORRENCIA;Classificada;06/06/2021 06:29;Não
2021-16778176-4;(BM) 2021-027089814-001;05/06/2021 10:02;RUA SANTA CASA, Nº 164 - SANTA CASA - PASSOS;-207.129.746;-466.123.199;S06001 - SALVAMENTO DE ANIMAL EM RISCO / PERIGO (C) (Prioridade: 2 - Média);1CIA IND/2CIA/1PEL(PASSOS);ASL00064;Não;Não;Não;BOLETIM DE OCORRENCIA;Classificada;06/06/2021 06:32;Não
2021-16779377-1;(BM) 2021-027090981-001;05/06/2021 12:09;RUA CAMELIAS, Nº S/N - PANORAMA - PASSOS;-207.077.606;-466.170.973;P02003 - VISTORIA EM LOTE VAGO (C) (Prioridade: 2 - Média);1CIA IND/2CIA/1PEL(PASSOS);ASL00064;Não;Não;Não;BOLETIM DE OCORRENCIA;Classificada;06/06/2021 06:33;Não
2021-16779731-9;(BM) 2021-027094140-001;05/06/2021 12:51;RUA CAMELIAS, Nº S/N - PANORAMA - PASSOS;-207.077.606;-466.170.973;P02003 - VISTORIA EM LOTE VAGO (C) (Prioridade: 2 - Média);1CIA IND/2CIA/1PEL(PASSOS);ASL00064;Não;Não;Não;BOLETIM DE OCORRENCIA;Classificada;06/06/2021 06:33;Não
2021-16779899-7;(BM) 2021-027095930-001;05/06/2021 13:10;RUA CAMELIAS, Nº S/N - PANORAMA - PASSOS;-207.077.606;-466.170.973;P02003 - VISTORIA EM LOTE VAGO (C) (Prioridade: 2 - Média);1CIA IND/2CIA/1PEL(PASSOS);ASL00064;Não;Não;Não;BOLETIM DE OCORRENCIA;Classificada;06/06/2021 06:33;Não
2021-16779943-7;(BM) 2021-027098110-001;05/06/2021 13:11;RUA CAMELIAS, Nº S/N - PANORAMA - PASSOS;-207.077.606;-466.170.973;P02003 - VISTORIA EM LOTE VAGO (C) (Prioridade: 2 - Média);1CIA IND/2CIA/1PEL(PASSOS);ASL00064;Não;Não;Não;BOLETIM DE OCORRENCIA;Classificada;06/06/2021 06:33;Não
2021-16783998-2;(BM) 2021-027138468-001;05/06/2021 17:28;RUA ALPINIAS, Nº 101 - MIRANTE DO VALE - PASSOS;-207.238.224;-465.806.357;S06002 - CAPTURA DE ANIMAL SILVESTRE PERIGOSO / AGRESSIVO (C) (Prioridade: 2 - Média);1CIA IND/2CIA/1PEL(PASSOS);ASL00064;Não;Não;Não;BOLETIM DE OCORRENCIA;Classificada;06/06/2021 06:33;Não
2021-16785483-3;(BM) 2021-027156522-003;05/06/2021 18:45;RUA GOIANIA, Nº 233 - JARDIM COLEGIO DE PASSOS - PASSOS;-207.209.216;-465.937.787;O02001 - INCENDIO EM RESIDENCIA/HABITACAO UNIFAMILIAR (CASA) (C) (Prioridade: 1 - Alta);1CIA IND/2CIA/1PEL(PASSOS);ABTS0495 / ASL00064;Não;Não;Não;BOLETIM DE OCORRENCIA;Classificada;06/06/2021 06:34;Não
2021-16796614-1;(BM) 2021-027234820-002;06/06/2021 09:44;RUA DALIAS, Nº 779 - COHAB 3 - PASSOS;-207.065.992;-466.204.575;W03000 - SOLICITANTE ENCONTRADO - PROVIDENCIA DISPENSADA (C) (Prioridade: 3 - Baixa);1CIA IND/2CIA/1PEL(PASSOS);UR0565;Não;Não;Não;BOLETIM DE OCORRENCIA;Classificada;08/06/2021 06:11;Não
2021-16797300-9;(BM) 2021-027241455-001;06/06/2021 10:58;RUA DOUTOR CARVALHO, Nº 1455 - NOSSA SENHORA DAS GRAÇAS - PASSOS;-207.352.269;-466.037.303;Q03003 - TREINAMENTO DE SALVAMENTO AQUATICO (C) (Prioridade: 2 - Média);1CIA IND/2CIA/1PEL(PASSOS);BM1644855;Não;Não;Não;BOLETIM DE OCORRENCIA;Classificada;08/06/2021 06:12;Não
2021-16797619-0;(BM) 2021-027244881-001;06/06/2021 11:40;AVENIDA NACOES, Nº S/N - VILA RICA - PASSOS;-207.276.808;-46.600.861;P02001 - VISTORIA EM HIDRANTE (C) (Prioridade: 2 - Média);1CIA IND/2CIA/1PEL(PASSOS);ABTS0495;Não;Não;Não;BOLETIM DE OCORRENCIA;Classificada;08/06/2021 06:12;Não
2021-16798079-0;(BM) 2021-027248535-001;06/06/2021 12:35;RUA AMETISTA, Nº S/N - ACLIMACAO - PASSOS;-207.518.491;-46.601.633;V02202 - VITIMA DE CHOQUE DE MOTOCICLETA (C) (Prioridade: 1 - Alta);1CIA IND/2CIA/1PEL(PASSOS);UR0565;Não;Não;Não;BOLETIM DE OCORRENCIA;Classificada;08/06/2021 06:12;Não
2021-16798686-3;(BM) 2021-027265298-001;06/06/2021 13:45;AVENIDA SABIA, Nº S/N - MUARAMA 2 - PASSOS;-20.733.048;-466.159.257;O04012 - INCENDIO EM LOTE VAGO (AREA URBANA) (C) (Prioridade: 2 - Média);1CIA IND/2CIA/1PEL(PASSOS);ABTS0495;Não;Não;Não;BOLETIM DE OCORRENCIA;Classificada;08/06/2021 06:12;Não
2021-16800846-4;(BM) 2021-027293856-001;06/06/2021 16:01;RUA SAO PAULO, Nº 1046 - JARDIM COLEGIO DE PASSOS - PASSOS;-207.229.281;-46.595.106;V01018 - VITIMA DE MAL NAO DEFINIDO (DISTURBIO) (C) (Prioridade: 1 - Alta);1CIA IND/2CIA/1PEL(PASSOS);UR0565;Não;Não;Não;BOLETIM DE OCORRENCIA;Classificada;08/06/2021 06:13;Não
2021-16803188-9;(BM) 2021-027297685-003;06/06/2021 18:10;RUA PARANA, Nº 535 - BELA VISTA - PASSOS;-207.151.859;-466.006.359;V01017 - VITIMA DE INTOXICACAO / ENVENENAMENTO (C) (Prioridade: 1 - Alta);1CIA IND/2CIA/1PEL(PASSOS);UR0565;Não;Não;Não;BOLETIM DE OCORRENCIA;Classificada;08/06/2021 06:13;Não
2021-16810634-2;(BM) 2021-027371222-001;07/06/2021 07:32;RUA HONDURAS, Nº 219 - PASSOS;-20.705.529;-466.214.304;S06001 - SALVAMENTO DE ANIMAL EM RISCO / PERIGO (C) (Prioridade: 2 - Média);1CIA IND/2CIA/1PEL(PASSOS);ASL00064;Não;Não;Não;BOLETIM DE OCORRENCIA;Classificada;08/06/2021 06:12;Não
2021-16811464-0;(BM) 2021-027487849-001;07/06/2021 08:54;AVENIDA QUEROBINO MOURAO FILHO, Nº 889 - BELA VISTA - PIUMHI;-204.622.914;-459.456.346;X03000 - EMPENHO ADMINISTRATIVO (C) (Prioridade: 2 - Média);1CIA IND/2CIA/PEL PREV E VIST(PASSOS);APF01362;Não;Não;Não;BOLETIM DE OCORRENCIA;Classificada;08/06/2021 03:25;Não
2021-16811801-8;(BM) 2021-027384093-001;07/06/2021 09:20;RODOVIA BR 146, Km 333 - PASSOS;-207.566.918;-466.014.622;P01002 - VISTORIA DE LIBERACAO / EMISSAO DE AVCB (C) (Prioridade: 2 - Média);1CIA IND/2CIA/1PEL(PASSOS);ASL00064;Não;Não;Não;BOLETIM DE OCORRENCIA;Classificada;08/06/2021 03:25;Não
2021-16812273-7;(BM) 2021-027390021-001;07/06/2021 09:59;RUA ALABAMA, Nº 43 - PASSOS;-207.341.704;-466.075.436;V01009 - VITIMA COM DOR NA COLUNA VERTEBRAL (COSTAS) (C) (Prioridade: 1 - Alta);1CIA IND/2CIA/1PEL(PASSOS);UR0565;Não;Não;Não;BOLETIM DE OCORRENCIA;Classificada;08/06/2021 03:24;Não
2021-16813807-5;(BM) 2021-027415813-001;07/06/2021 11:53;RUA BRANDOES, Nº 484 - BELO HORIZONTE - PASSOS;-207.280.085;-466.055.635;W03000 - SOLICITANTE ENCONTRADO - PROVIDENCIA DISPENSADA (C) (Prioridade: 3 - Baixa);1CIA IND/2CIA/1PEL(PASSOS);UR0565;Não;Não;Não;BOLETIM DE OCORRENCIA;Classificada;08/06/2021 03:25;Não
2021-16814336-6;(BM) 2021-027417223-001;07/06/2021 12:51;RUA PINTASSILGO, Nº 224 - PARQUE DA FAZENDA - PASSOS;-207.371.966;-466.069.408;V03019 - VITIMA DE QUEDA DE ALTURA (C) (Prioridade: 1 - Alta);1CIA IND/2CIA/1PEL(PASSOS);UR0565;Não;Não;Não;BOLETIM DE OCORRENCIA;Classificada;08/06/2021 03:24;Não
2021-16817273-4;(BM) 2021-027453465-001;07/06/2021 15:38;RUA SAO FRANCISCO DE ASSIS, Nº 436 - SAO FRANCISCO - PASSOS;-207.269.081;-466.208.559;V01999 - OUTROS TIPOS DE APH CLINICO (C) (Prioridade: 1 - Alta);1CIA IND/2CIA/1PEL(PASSOS);UR0565;Não;Não;Não;BOLETIM DE OCORRENCIA;Classificada;08/06/2021 03:24;Não
2021-16819484-0;(BM) 2021-027480953-001;07/06/2021 17:25;AVENIDA EXPEDICIONARIOS, Nº S/N - MIRANTE DO VALE - PASSOS;-207.256.744;-465.818.365;O04012 - INCENDIO EM LOTE VAGO (AREA URBANA) (C) (Prioridade: 2 - Média);1CIA IND/2CIA/1PEL(PASSOS);ABTS0495;Não;Não;Não;BOLETIM DE OCORRENCIA;Classificada;08/06/2021 03:26;Não
2021-16819617-2;(BM) 2021-027483158-001;07/06/2021 17:34;AVENIDA NACOES, Nº S/N - VILA RICA - PASSOS;-207.276.808;-46.600.861;V02502 - VITIMA DE QUEDA (MOTOCICLISTA) (C) (Prioridade: 1 - Alta);1CIA IND/2CIA/1PEL(PASSOS);UR0565;Não;Não;Não;BOLETIM DE OCORRENCIA;Classificada;08/06/2021 03:24;Não
2021-16821546-9;(BM) 2021-027504954-001;07/06/2021 19:25;RUA DOUTOR CARVALHO, Nº 1455 - NOSSA SENHORA DAS GRAÇAS - PASSOS;-207.352.269;-466.037.303;Q03017 - TREINAMENTO DE PRIMEIROS SOCORROS (C) (Prioridade: 2 - Média);1CIA IND/2CIA/1PEL(PASSOS);1193;Não;Não;Não;BOLETIM DE OCORRENCIA;Classificada;08/06/2021 03:26;Não
2021-16827123-8;(BM) 2021-027567950-001;08/06/2021 07:16;RUA BARAO DE PASSOS, Nº 1288 - BELA VISTA - PASSOS;-207.133.779;-466.011.055;S06002 - CAPTURA DE ANIMAL SILVESTRE PERIGOSO / AGRESSIVO (C) (Prioridade: 2 - Média);1CIA IND/2CIA/1PEL(PASSOS);ASL00064;Não;Não;Não;BOLETIM DE OCORRENCIA;Classificada;08/06/2021 07:43;Não
2021-16827668-9;(BM) 2021-027573789-001;08/06/2021 08:19;RUA DOUTOR CARVALHO, Nº 1455 - NOSSA SENHORA DAS GRAÇAS - PASSOS;-207.352.269;-466.037.303;Q03017 - TREINAMENTO DE PRIMEIROS SOCORROS (C) (Prioridade: 2 - Média);1CIA IND/2CIA/1PEL(PASSOS);1193;Não;Não;Não;BOLETIM DE OCORRENCIA;Classificada;09/06/2021 06:25;Não
2021-16828107-7;(BM) 2021-027593870-001;08/06/2021 08:56;RUA CONTABILISTAS, Nº S/N - MONSENHOR MESSIAS - PASSOS;-207.375.026;-465.999.985;X03000 - EMPENHO ADMINISTRATIVO (C) (Prioridade: 2 - Média);1CIA IND/2CIA/1PEL(PASSOS);ASL00064;Não;Não;Não;BOLETIM DE OCORRENCIA;Classificada;08/06/2021 10:31;Não
2021-16828536-3;(BM) 2021-027583890-001;08/06/2021 09:34;AVENIDA COMENDADOR FRANCISCO A MAIA, Nº 3210 - MARIO MAGALHAES - PASSOS;-207.266.573;-466.111.132;P01002 - VISTORIA DE LIBERACAO / EMISSAO DE AVCB (C) (Prioridade: 2 - Média);1CIA IND/2CIA/PEL PREV E VIST(PASSOS);APF01362;Não;Não;Não;BOLETIM DE OCORRENCIA;Classificada;09/06/2021 06:25;Não
2021-16828779-5;(BM) 2021-027588486-001;08/06/2021 09:54;RUA CORONEL JOAO DE BARROS, Nº 328 - CENTRO - PASSOS;-207.199.945;-466.113.835;W04000 - NADA CONSTATADO (C) (Prioridade: 3 - Baixa);1CIA IND/2CIA/PEL PREV E VIST(PASSOS);APF01362;Não;Não;Não;BOLETIM DE OCORRENCIA;Classificada;09/06/2021 06:26;Não
2021-16829029-0;(BM) 2021-027613964-001;08/06/2021 10:12;RUA BARAO DE PASSOS, Nº 1204 - BELA VISTA - PASSOS;-207.139.223;-466.016.663;S06002 - CAPTURA DE ANIMAL SILVESTRE PERIGOSO / AGRESSIVO (C) (Prioridade: 2 - Média);1CIA IND/2CIA/1PEL(PASSOS);ASL00064;Não;Não;Não;BOLETIM DE OCORRENCIA;Classificada;09/06/2021 06:25;Não
2021-16830731-1;(BM) 2021-027614313-001;08/06/2021 12:32;AVENIDA JOSE CAETANO DE ANDRADE, Nº S/N - MUARAMA - PASSOS;-207.301.976;-466.154.665;W04000 - NADA CONSTATADO (C) (Prioridade: 3 - Baixa);1CIA IND/2CIA/1PEL(PASSOS);ABTS0495;Não;Não;Não;BOLETIM DE OCORRENCIA;Classificada;09/06/2021 06:26;Não
2021-16832389-4;(BM) 2021-027630883-001;08/06/2021 14:34;RODOVIA MG 050, Nº S/N - MONSENHOR MESSIAS - PASSOS;-207.387.609;-46.597.429;O04012 - INCENDIO EM LOTE VAGO (AREA URBANA) (C) (Prioridade: 2 - Média);1CIA IND/2CIA/1PEL(PASSOS);ASL00064;Não;Não;Não;BOLETIM DE OCORRENCIA;Classificada;09/06/2021 06:25;Não
2021-16836694-0;(BM) 2021-027687447-001;08/06/2021 18:25;RUA RIO PARDO, Nº 1189 - RECANTO DA HARMONIA - PASSOS;-207.021.946;-46.598.172;W03000 - SOLICITANTE ENCONTRADO - PROVIDENCIA DISPENSADA (C) (Prioridade: 3 - Baixa);1CIA IND/2CIA/1PEL(PASSOS);UR0565;Não;Não;Não;BOLETIM DE OCORRENCIA;Classificada;09/06/2021 06:26;Não
2021-16843563-1;;09/06/2021 06:50;RODOVIA MG446, Nº S/N - ZONA RURAL - NOVA RESENDE;;;V02502 - VITIMA DE QUEDA (MOTOCICLISTA) (C) (Prioridade: 1 - Alta);1CIA IND (POCOS DE CALDAS);;Não;Não;Não;ATENSA-ATENDIDA PELO SAMU;Classificada;09/06/2021 06:59;Não
2021-16845012-9;(BM) 2021-027774115-001;09/06/2021 09:08;RUA ITAJAI, Nº 611 - PASSOS;-207.298.539;-465.954.038;S06001 - SALVAMENTO DE ANIMAL EM RISCO / PERIGO (C) (Prioridade: 2 - Média);1CIA IND/2CIA/1PEL(PASSOS);ASL00064;Não;Não;Não;BOLETIM DE OCORRENCIA;Classificada;10/06/2021 07:41;Não
2021-16845499-5;(BM) 2021-027793741-001;09/06/2021 09:46;RUA DOUTOR CARVALHO, Nº 1455 - NOSSA SENHORA DAS GRAÇAS - PASSOS;-207.352.269;-466.037.303;Q03017 - TREINAMENTO DE PRIMEIROS SOCORROS (C) (Prioridade: 2 - Média);1CIA IND/2CIA/1PEL(PASSOS);BM1206671;Não;Não;Não;BOLETIM DE OCORRENCIA;Classificada;10/06/2021 07:41;Não
2021-16845692-5;(BM) 2021-027793795-001;09/06/2021 09:59;RUA CRUZEIRO DO SUL, Nº S/N - PANORAMA - PASSOS;-20.710.434;-466.177.413;S06001 - SALVAMENTO DE ANIMAL EM RISCO / PERIGO (C) (Prioridade: 2 - Média);1CIA IND/2CIA/1PEL(PASSOS);ASL00064;Não;Não;Não;BOLETIM DE OCORRENCIA;Classificada;10/06/2021 07:40;Não
2021-16845698-1;(BM) 2021-027793845-001;09/06/2021 10:00;RUA JOAO PINHEIRO, Nº 350 - CENTRO - PASSOS;-207.204.298;-466.058.088;V01001 - VITIMA DE ACIDENTE VASCULAR CEREBRAL (AVC) (C) (Prioridade: 1 - Alta);1CIA IND/2CIA/1PEL(PASSOS);UR0565;Não;Não;Não;BOLETIM DE OCORRENCIA;Classificada;10/06/2021 07:36;Não
2021-16846423-9;(BM) 2021-027882629-001;09/06/2021 10:49;RUA ROSAS, Nº 321 - PANORAMA - PASSOS;-207.082.031;-46.615.164;P02003 - VISTORIA EM LOTE VAGO (C) (Prioridade: 2 - Média);1CIA IND/2CIA/1PEL(PASSOS);ASL00064;Não;Não;Não;BOLETIM DE OCORRENCIA;Classificada;10/06/2021 07:40;Não
2021-16846577-2;(BM) 2021-027882581-001;09/06/2021 11:03;RUA ROSAS, Nº 321 - PANORAMA - PASSOS;-207.082.031;-46.615.164;P02003 - VISTORIA EM LOTE VAGO (C) (Prioridade: 2 - Média);1CIA IND/2CIA/1PEL(PASSOS);ASL00064;Não;Não;Não;BOLETIM DE OCORRENCIA;Classificada;10/06/2021 07:38;Não
2021-16846898-6;(BM) 2021-027804940-001;09/06/2021 11:29;AVENIDA AROUCA, Nº 459 - PASSOS;-207.171.857;-466.085.987;V01023 - VITIMA DE SINCOPE (DESMAIO)/VERTIGEM (C) (Prioridade: 1 - Alta);1CIA IND/2CIA/1PEL(PASSOS);UR0565;Não;Não;Não;BOLETIM DE OCORRENCIA;Classificada;10/06/2021 07:36;COVID-19
2021-16846926-0;(BM) 2021-027882525-001;09/06/2021 11:31;RUA ROSAS, Nº 393 - PANORAMA - PASSOS;-207.078.744;-466.157.567;P02003 - VISTORIA EM LOTE VAGO (C) (Prioridade: 2 - Média);1CIA IND/2CIA/1PEL(PASSOS);ASL00064;Não;Não;Não;BOLETIM DE OCORRENCIA;Classificada;10/06/2021 07:38;Não
2021-16847192-3;(BM) 2021-027882475-001;09/06/2021 11:52;RUA ROSAS, Nº 393 - PANORAMA - PASSOS;-207.078.744;-466.157.567;P02003 - VISTORIA EM LOTE VAGO (C) (Prioridade: 2 - Média);1CIA IND/2CIA/1PEL(PASSOS);ASL00064;Não;Não;Não;BOLETIM DE OCORRENCIA;Classificada;10/06/2021 07:36;Não
2021-16847229-1;(BM) 2021-027881336-001;09/06/2021 11:58;RUA PARACATU, Nº 50 - CENTENARIO - PASSOS;-207.298.479;-466.116.145;V01010 - VITIMA COM DOR TORACICA/SUSPEITA DE INFARTO (IAM) (C) (Prioridade: 1 - Alta);1CIA IND/2CIA/1PEL(PASSOS);UR0565;Não;Não;Não;BOLETIM DE OCORRENCIA;Classificada;10/06/2021 07:36;Não
2021-16848260-7;(BM) 2021-027813519-001;09/06/2021 13:26;RUA CRISTIANO STOCKLER, Nº S/N - CENTRO - PASSOS;-207.201.508;-466.070.211;V01023 - VITIMA DE SINCOPE (DESMAIO)/VERTIGEM (C) (Prioridade: 1 - Alta);1CIA IND/2CIA/1PEL(PASSOS);UR0565;Não;Não;Não;BOLETIM DE OCORRENCIA;Classificada;10/06/2021 07:36;Não
2021-16851022-7;(BM) 2021-027848154-001;09/06/2021 15:55;RUA RIO TIETE, Nº 460 - SANTA LUZIA - PASSOS;-207.082.061;-466.012.919;V01003 - VITIMA COM CRISE CONVULSIVA (C) (Prioridade: 1 - Alta);1CIA IND/2CIA/1PEL(PASSOS);UR0565;Não;Não;Não;BOLETIM DE OCORRENCIA;Classificada;10/06/2021 07:36;Não
2021-16851547-0;(BM) 2021-027881232-001;09/06/2021 16:22;AVENIDA ARLINDO FIGUEIREDO, Nº 1001 - JARDIM PINHEIROS 2 - PASSOS;-207.260.793;-466.223.701;S03004 - SALVAMENTO EM PREDIOS / EDIFICIOS (C) (Prioridade: 1 - Alta);1CIA IND/2CIA/1PEL(PASSOS);ABTS0495;Não;Não;Não;BOLETIM DE OCORRENCIA;Classificada;10/06/2021 07:35;Não
2021-16855127-7;(BM) 2021-027902230-001;09/06/2021 19:36;RUA TOLEDOS, Nº 32 - SAO BENEDITO - PASSOS;-207.223.434;-466.012.414;S06005 - CAPTURA DE INSETOS (C) (Prioridade: 2 - Média);1CIA IND/2CIA/1PEL(PASSOS);ASL00064;Não;Não;Não;BOLETIM DE OCORRENCIA;Classificada;10/06/2021 07:36;Não
2021-16855535-3;(BM) 2021-027902296-001;09/06/2021 20:02;RUA FRANCISCO DONABELLA, Nº 85 - PASSOS;-207.039.112;-466.344.661;V01005 - VITIMA COM CRISE HIPERTENSIVA/HIPOTENSAO (C) (Prioridade: 1 - Alta);1CIA IND/2CIA/1PEL(PASSOS);UR0565;Não;Não;Não;BOLETIM DE OCORRENCIA;Classificada;10/06/2021 07:35;Não
2021-16857203-4;(BM) 2021-027918010-001;09/06/2021 21:52;RUA SEBASTIAO BENEDITO DE ANDRADE, Nº S/N - JARDIM CANADA - PASSOS;-20.748.478;-466.084.621;V03018 - VITIMA DE QUEDA DA PROPRIA ALTURA (C) (Prioridade: 1 - Alta);1CIA IND/2CIA/1PEL(PASSOS);UR0565;Não;Não;Não;BOLETIM DE OCORRENCIA;Classificada;10/06/2021 07:35;Não
2021-16857472-6;(BM) 2021-027921825-001;09/06/2021 22:09;AVENIDA EXPEDICIONARIOS, Nº S/N - MIRANTE DO VALE - PASSOS;-207.256.744;-465.818.365;O04012 - INCENDIO EM LOTE VAGO (AREA URBANA) (C) (Prioridade: 2 - Média);1CIA IND/2CIA/1PEL(PASSOS);ABTS0495;Não;Não;Não;BOLETIM DE OCORRENCIA;Classificada;10/06/2021 07:36;Não
2021-16857979-8;(BM) 2021-027956382-001;09/06/2021 22:43;RUA AREADO, Nº 318 - NOSSA SENHORA DE FATIMA - PASSOS;-207.031.389;-466.123.712;V01007 - VITIMA COM DISPNEIA (FALTA DE AR) (C) (Prioridade: 1 - Alta);1CIA IND/2CIA/1PEL(PASSOS);UR0565;Não;Não;Não;BOLETIM DE OCORRENCIA;Classificada;10/06/2021 07:34;Não
2021-16861661-2;(BM) 2021-027964573-001;10/06/2021 08:50;RODOVIA MG 050, Nº S/N - MONSENHOR MESSIAS - PASSOS;-207.387.609;-46.597.429;W06000 - TESTE (C) (Prioridade: 3 - Baixa);1CIA IND/2CIA/1PEL(PASSOS);1193;Não;Não;Não;BOLETIM DE OCORRENCIA;Classificada;11/06/2021 07:11;Não
2021-16862766-6;(BM) 2021-027977923-001;10/06/2021 10:22;RUA DOS PROFESSORES, Nº 44 - NOSSA SENHORA DAS GRAÇAS - PASSOS;-207.363.109;-466.047.092;V01018 - VITIMA DE MAL NAO DEFINIDO (DISTURBIO) (C) (Prioridade: 1 - Alta);1CIA IND/2CIA/1PEL(PASSOS);UR0565;Não;Não;Não;BOLETIM DE OCORRENCIA;Classificada;11/06/2021 07:46;Não
2021-16866153-9;(BM) 2021-028018938-001;10/06/2021 14:47;RUA SAO GABRIEL, Nº 105 - RECANTO DEL REI - PASSOS;-207.300.936;-465.987.203;V03018 - VITIMA DE QUEDA DA PROPRIA ALTURA (C) (Prioridade: 1 - Alta);1CIA IND/2CIA/1PEL(PASSOS);UR0565;Não;Não;Não;BOLETIM DE OCORRENCIA;Classificada;11/06/2021 07:46;Não
2021-16867113-0;(BM) 2021-028043881-001;10/06/2021 15:37;CHACARA CORREDOR SAO DOMINGOS S/N, Nº S/N - PASSOS;-207.173.756;-46.582.714;V03005 - VITIMA DE AGRESSAO FISICA SEM USO DE ARMA (C) (Prioridade: 1 - Alta);1CIA IND/2CIA/1PEL(PASSOS);UR0565;Não;Não;Não;BOLETIM DE OCORRENCIA;Classificada;11/06/2021 07:46;Não
2021-16867672-1;(BM) 2021-028043721-001;10/06/2021 16:02;RUA RIO PIRACICABA, Nº 131 - SANTA LUZIA - PASSOS;-207.105.871;-466.030.662;W10000 - DISPENSADA POR DUPLICIDADE DE EMPENHO COM OUTROS ORGAOS (C) (Prioridade: 1 - Alta);1CIA IND/2CIA/1PEL(PASSOS);UR0565;Não;Não;Não;BOLETIM DE OCORRENCIA;Classificada;11/06/2021 07:46;Não
2021-16868975-9;(BM) 2021-028055152-001;10/06/2021 17:14;RUA PENHA / AVENIDA POCOS DE CALDAS - PASSOS;-207.147.717;-466.261.949;V02502 - VITIMA DE QUEDA (MOTOCICLISTA) (C) (Prioridade: 1 - Alta);1CIA IND/2CIA/1PEL(PASSOS);UR0565;Não;Não;Não;BOLETIM DE OCORRENCIA;Classificada;11/06/2021 07:46;Não
2021-16870196-5;(BM) 2021-028067761-001;10/06/2021 18:23;RUA VEREADOR ANTONIO MENDES PEIXOTO, Nº 9 - COHAB 5 - PASSOS;-207.216.756;-466.384.957;V01010 - VITIMA COM DOR TORACICA/SUSPEITA DE INFARTO (IAM) (C) (Prioridade: 1 - Alta);1CIA IND/2CIA/1PEL(PASSOS);UR0565;Não;Não;Não;BOLETIM DE OCORRENCIA;Classificada;11/06/2021 07:46;Não
2021-16871774-5;(BM) 2021-028097260-001;10/06/2021 19:59;RUA ASSIS FIGUEIREDO, Nº 444 - CENTRO - POCOS DE CALDAS;-217.818.074;-465.648.563;V01999 - OUTROS TIPOS DE APH CLINICO (C) (Prioridade: 1 - Alta);1CIA IND (POCOS DE CALDAS);UR00112;Não;Não;Não;BOLETIM DE OCORRENCIA;Classificada;11/06/2021 07:07;COVID-19
2021-16875024-7;(BM) 2021-028118962-001;10/06/2021 23:48;PRACA MONSENHOR MESSIAS BRAGANCA, Nº S/N - CENTRO - PASSOS;-207.184.137;-46.610.858;S06001 - SALVAMENTO DE ANIMAL EM RISCO / PERIGO (C) (Prioridade: 2 - Média);1CIA IND/2CIA/1PEL(PASSOS);UR0565;Não;Não;Não;BOLETIM DE OCORRENCIA;Classificada;11/06/2021 07:47;Não
2021-16877568-6;(BM) 2021-028157960-001;11/06/2021 08:11;RUA BONSUCESSO, Nº 308 - PENHA - PASSOS;-207.187.418;-466.138.254;V01001 - VITIMA DE ACIDENTE VASCULAR CEREBRAL (AVC) (C) (Prioridade: 1 - Alta);1CIA IND/2CIA/1PEL(PASSOS);UR0565;Não;Não;Não;BOLETIM DE OCORRENCIA;Classificada;12/06/2021 07:33;Não
2021-16878021-5;(BM) 2021-028179327-001;11/06/2021 08:49;LOTEAMENTO AGUAS DA CANASTRA - JOAO LUIZ BORGES, Nº S/N - CASSIA;-204.352.257;-468.735.523;P01002 - VISTORIA DE LIBERACAO / EMISSAO DE AVCB (C) (Prioridade: 2 - Média);1CIA IND/2CIA/1PEL(PASSOS);ASL00064;Não;Não;Não;BOLETIM DE OCORRENCIA;Classificada;12/06/2021 07:33;Não
2021-16879627-4;(BM) 2021-028199870-001;11/06/2021 10:59;RUA CACHOEIRAS, Nº 231 - NOVO HORIZONTE - PASSOS;-207.317.086;-46.599.939;V01018 - VITIMA DE MAL NAO DEFINIDO (DISTURBIO) (C) (Prioridade: 1 - Alta);1CIA IND/2CIA/1PEL(PASSOS);UR0565;Não;Não;Não;BOLETIM DE OCORRENCIA;Classificada;12/06/2021 07:33;Não
2021-16880881-6;(BM) 2021-028191087-001;11/06/2021 13:01;RUA DA GRACA, Nº 787 - SAO FRANCISCO - PASSOS;-207.275.139;-466.193.736;S06001 - SALVAMENTO DE ANIMAL EM RISCO / PERIGO (C) (Prioridade: 2 - Média);1CIA IND/2CIA/1PEL(PASSOS);ASL00064;Não;Não;Não;BOLETIM DE OCORRENCIA;Classificada;12/06/2021 07:33;Não
2021-16885852-5;(BM) 2021-028245491-001;11/06/2021 17:56;RUA DOUTOR CARVALHO, Nº 1455 - NOSSA SENHORA DAS GRAÇAS - PASSOS;-207.352.269;-466.037.303;Q03004 - TREINAMENTO DE SALVAMENTO EM ALTURA (C) (Prioridade: 2 - Média);1CIA IND/2CIA/1PEL(PASSOS);ASL00064;Não;Não;Não;BOLETIM DE OCORRENCIA;Classificada;12/06/2021 07:33;Não
2021-16886367-5;(BM) 2021-028248181-001;11/06/2021 18:30;AVENIDA COMENDADOR FRANCISCO A MAIA, Nº S/N - SANTA CASA - PASSOS;-207.146.788;-466.127.072;V02203 - VITIMA DE CHOQUE DE AUTOMOVEL (CARRO / CAMINHONETE) (C) (Prioridade: 1 - Alta);1CIA IND/2CIA/1PEL(PASSOS);ABTS0495 / UR0565;Não;Não;Não;BOLETIM DE OCORRENCIA;Classificada;12/06/2021 07:33;Não
2021-16887573-2;(BM) 2021-028261297-001;11/06/2021 19:51;RUA RIO BRANCO, Nº 819 - POLIVALENTE - PASSOS;-20.703.821;-466.038.714;V03018 - VITIMA DE QUEDA DA PROPRIA ALTURA (C) (Prioridade: 1 - Alta);1CIA IND/2CIA/1PEL(PASSOS);UR0565;Não;Não;Não;BOLETIM DE OCORRENCIA;Classificada;12/06/2021 07:33;Não
2021-16889113-3;(BM) 2021-028276780-001;11/06/2021 21:35;ESTRADA PRINCIPAL BANANAL, Nº S/N - PASSOS;-20.650.833;-46.740.833;W04000 - NADA CONSTATADO (C) (Prioridade: 3 - Baixa);1CIA IND/2CIA/1PEL(PASSOS);UR0565;Não;Não;Não;BOLETIM DE OCORRENCIA;Classificada;12/06/2021 07:33;Não
2021-16895178-3;(BM) 2021-028328500-001;12/06/2021 08:37;RUA DOUTOR CARVALHO, Nº 1455 - NOSSA SENHORA DAS GRAÇAS - PASSOS;-207.352.269;-466.037.303;Q03017 - TREINAMENTO DE PRIMEIROS SOCORROS (C) (Prioridade: 2 - Média);1CIA IND/2CIA/1PEL(PASSOS);BM1551159;Não;Não;Não;BOLETIM DE OCORRENCIA;Classificada;12/06/2021 15:59;Não
2021-16895500-4;(BM) 2021-028329651-001;12/06/2021 09:11;RUA JOAO PAULO I, Nº 188 - RECANTO DEL REI - PASSOS;-207.298.035;-465.976;W03000 - SOLICITANTE ENCONTRADO - PROVIDENCIA DISPENSADA (C) (Prioridade: 3 - Baixa);1CIA IND/2CIA/1PEL(PASSOS);UR0565;Não;Não;Não;BOLETIM DE OCORRENCIA;Classificada;12/06/2021 20:08;Não
2021-16898044-3;(BM) 2021-028355597-001;12/06/2021 13:59;AVENIDA POCOS DE CALDAS, Nº S/N - COHAB 2 - PASSOS;-207.104.463;-466.259.895;W03000 - SOLICITANTE ENCONTRADO - PROVIDENCIA DISPENSADA (C) (Prioridade: 3 - Baixa);1CIA IND/2CIA/1PEL(PASSOS);UR0565;Não;Não;Não;BOLETIM DE OCORRENCIA;Classificada;12/06/2021 20:08;Não
2021-16900812-0;(BM) 2021-028380443-001;12/06/2021 16:48;RUA PICA PAU, Nº S/N - PARQUE DA FAZENDA - PASSOS;-207.382.185;-466.074.721;V02403 - VITIMA DE COLISAO ENTRE AUTOMOVEIS (CARRO / CAMINHONETE) (C) (Prioridade: 1 - Alta);1CIA IND/2CIA/1PEL(PASSOS);UR0565 / ABTS0495;Não;Não;Não;BOLETIM DE OCORRENCIA;Classificada;12/06/2021 20:08;Não
2021-16904333-9;(BM) 2021-028418513-001;12/06/2021 20:19;RUA PICA PAU / RUA CARAJAS - NOSSA SENHORA APARECIDA - PASSOS;-207.421.479;-466.060.035;P03001 - PERIGO DE DERRAPAGEM (C) (Prioridade: 2 - Média);1CIA IND/2CIA/1PEL(PASSOS);ABTS0495 / UR0565;Não;Não;Não;BOLETIM DE OCORRENCIA;Classificada;13/06/2021 03:22;Não
2021-16908066-6;(BM) 2021-028443322-001;12/06/2021 23:51;RUA CUBA, Nº 252 - NOVO MUNDO - PASSOS;-207.257.871;-465.906.743;V01001 - VITIMA DE ACIDENTE VASCULAR CEREBRAL (AVC) (C) (Prioridade: 1 - Alta);1CIA IND/2CIA/1PEL(PASSOS);UR0565;Não;Não;Não;BOLETIM DE OCORRENCIA;Classificada;13/06/2021 03:22;Não
2021-16908947-2;(BM) 2021-028448682-001;13/06/2021 00:40;RUA PITANGAS, Nº 265 - NOVA CALIFORNIA - PASSOS;-207.010.252;-46.618.786;S05308 - COLISAO ENTRE AUTOMOVEL X MOTOCICLETA (C) (Prioridade: 1 - Alta);1CIA IND/2CIA/1PEL(PASSOS);UR0565;Não;Não;Não;BOLETIM DE OCORRENCIA;Classificada;13/06/2021 03:22;Não
2021-16913241-3;(BM) 2021-028479222-001;13/06/2021 10:05;AVENIDA UNIMED, Nº S/N - MIRANTE DO VALE - PASSOS;-207.234.112;-465.770.051;S06002 - CAPTURA DE ANIMAL SILVESTRE PERIGOSO / AGRESSIVO (C) (Prioridade: 2 - Média);1CIA IND/2CIA/1PEL(PASSOS);ASL00064;Não;Não;Não;BOLETIM DE OCORRENCIA;Classificada;14/06/2021 06:19;Não
2021-16913725-0;(BM) 2021-028483798-001;13/06/2021 11:03;RUA DOUTOR CARVALHO, Nº 1455 - NOSSA SENHORA DAS GRAÇAS - PASSOS;-207.352.269;-466.037.303;Q03001 - TREINAMENTO DE COMBATE A INCENDIO (C) (Prioridade: 2 - Média);1CIA IND/2CIA/1PEL(PASSOS);BM1178490;Não;Não;Não;BOLETIM DE OCORRENCIA;Classificada;14/06/2021 06:19;Não
2021-16914267-2;(BM) 2021-028488578-001;13/06/2021 12:09;AVENIDA SABIA, Nº S/N - MUARAMA 2 - PASSOS;-20.733.048;-466.159.257;S06002 - CAPTURA DE ANIMAL SILVESTRE PERIGOSO / AGRESSIVO (C) (Prioridade: 2 - Média);1CIA IND/2CIA/1PEL(PASSOS);ASL00064;Não;Não;Não;BOLETIM DE OCORRENCIA;Classificada;14/06/2021 06:20;Não
2021-16914541-2;(BM) 2021-028491004-001;13/06/2021 12:50;RUA ATENAS, Nº 476 - PANORAMA - PASSOS;-207.066.384;-466.164.901;P02003 - VISTORIA EM LOTE VAGO (C) (Prioridade: 2 - Média);1CIA IND/2CIA/1PEL(PASSOS);ASL00064;Não;Não;Não;BOLETIM DE OCORRENCIA;Classificada;14/06/2021 06:22;Não
2021-16914732-0;(BM) 2021-028492760-001;13/06/2021 13:17;RUA IMACULADA CONCEICAO, Nº 574 - COHAB 4 - PASSOS;-207.211.952;-466.299.076;W03000 - SOLICITANTE ENCONTRADO - PROVIDENCIA DISPENSADA (C) (Prioridade: 3 - Baixa);1CIA IND/2CIA/1PEL(PASSOS);UR0565;Não;Não;Não;BOLETIM DE OCORRENCIA;Classificada;14/06/2021 06:27;Não
2021-16914735-9;(BM) 2021-028492682-001;13/06/2021 13:18;RUA ATENAS, Nº 476 - PANORAMA - PASSOS;-207.066.384;-466.164.901;P02003 - VISTORIA EM LOTE VAGO (C) (Prioridade: 2 - Média);1CIA IND/2CIA/1PEL(PASSOS);ASL00064;Não;Não;Não;BOLETIM DE OCORRENCIA;Classificada;14/06/2021 06:22;Não
2021-16914795-0;(BM) 2021-028493492-001;13/06/2021 13:28;RUA ATENAS, Nº 444 - PANORAMA - PASSOS;-207.067.991;-466.161.689;P02003 - VISTORIA EM LOTE VAGO (C) (Prioridade: 2 - Média);1CIA IND/2CIA/1PEL(PASSOS);ASL00064;Não;Não;Não;BOLETIM DE OCORRENCIA;Classificada;14/06/2021 06:22;Não
2021-16914983-0;(BM) 2021-028494939-001;13/06/2021 13:45;RUA ATENAS, Nº 444 - PANORAMA - PASSOS;-207.067.991;-466.161.689;P02003 - VISTORIA EM LOTE VAGO (C) (Prioridade: 2 - Média);1CIA IND/2CIA/1PEL(PASSOS);ASL00064;Não;Não;Não;BOLETIM DE OCORRENCIA;Classificada;14/06/2021 06:22;Não
2021-16916274-9;(BM) 2021-028508596-001;13/06/2021 15:16;AVENIDA ARLINDO FIGUEIREDO, Nº 160 - CANDEIAS - PASSOS;-207.224.658;-466.160.771;V01024 - VITIMA DE SUICIDIO (TENTATIVA) - APH CLINICO (C) (Prioridade: 1 - Alta);1CIA IND/2CIA/1PEL(PASSOS);UR0565;Não;Não;Não;BOLETIM DE OCORRENCIA;Classificada;14/06/2021 06:28;Não
2021-16916425-2;(BM) 2021-028508856-001;13/06/2021 15:28;RUA TURMALINA / RUA OPALA - ACLIMACAO - PASSOS;-207.544.398;-466.002.111;V02501 - VITIMA DE QUEDA (CICLISTA) (C) (Prioridade: 1 - Alta);1CIA IND/2CIA/1PEL(PASSOS);UR0565;Não;Não;Não;BOLETIM DE OCORRENCIA;Classificada;14/06/2021 06:29;Não
2021-16917145-1;(BM) 2021-028524978-001;13/06/2021 16:14;RUA MATO GROSSO, Nº 2470 - JARDIM COLEGIO DE PASSOS - PASSOS;-207.161.934;-465.929.534;V02502 - VITIMA DE QUEDA (MOTOCICLISTA) (C) (Prioridade: 1 - Alta);1CIA IND/2CIA/1PEL(PASSOS);UR0565;Não;Não;Não;BOLETIM DE OCORRENCIA;Classificada;14/06/2021 06:30;Não
2021-16917244-3;(BM) 2021-028517948-001;13/06/2021 16:18;ESTRADA CANTEIROS, Nº S/N - SAO JOAO BATISTA GLORIA;-205.328.354;-463.936.664;S05102 - CHOQUE DE MOTOCICLETA (C) (Prioridade: 1 - Alta);1CIA IND/2CIA/1PEL(PASSOS);ASL00064;Não;Não;Não;BOLETIM DE OCORRENCIA;Classificada;16/06/2021 08:35;Não
2021-16926957-8;(BM) 2021-028608222-001;14/06/2021 08:34;RUA ARGENTINA, Nº 150 - XANGRILA - CASSIA;-205.794.959;-469.201.732;P01002 - VISTORIA DE LIBERACAO / EMISSAO DE AVCB (C) (Prioridade: 2 - Média);1CIA IND/2CIA/PEL PREV E VIST(PASSOS);APF01362;Não;Não;Não;BOLETIM DE OCORRENCIA;Classificada;15/06/2021 17:50;Não
2021-16928363-4;(BM) 2021-028630417-001;14/06/2021 10:25;RUA PEDRO JOSE DOS REIS, Nº 145 - CONJ. HAB.Dª. LUIZA GARCIA DE CARVALHO - SANTA RITA DE CALDAS;-220.253.522;-463.257.918;P01002 - VISTORIA DE LIBERACAO / EMISSAO DE AVCB (C) (Prioridade: 2 - Média);1CIA IND (POCOS DE CALDAS);APF01375;Não;Não;Não;BOLETIM DE OCORRENCIA;Classificada;14/06/2021 11:00;Não
2021-16928746-3;(BM) 2021-028630809-001;14/06/2021 10:56;PRACA PADRE ALDERIGE, Nº 221 - SANTA RITA DE CALDAS;-220.280.531;-463.378.145;P01002 - VISTORIA DE LIBERACAO / EMISSAO DE AVCB (C) (Prioridade: 2 - Média);1CIA IND (POCOS DE CALDAS);APF01375;Não;Não;Não;BOLETIM DE OCORRENCIA;Classificada;15/06/2021 06:52;Não
2021-16929433-3;(BM) 2021-028648698-001;14/06/2021 11:52;AVENIDA SETE DE SETEMBRO, Nº 160 - JARDIM NOVA APARECIDA - POCOS DE CALDAS;-217.914.762;-465.474.875;P01002 - VISTORIA DE LIBERACAO / EMISSAO DE AVCB (C) (Prioridade: 2 - Média);1CIA IND (POCOS DE CALDAS);APF01375;Não;Não;Não;BOLETIM DE OCORRENCIA;Classificada;15/06/2021 06:52;Não
2021-16931215-5;(BM) 2021-028661446-001;14/06/2021 14:23;RUA BELO HORIZONTE, Nº 92 - CENTRO - CASSIA;-205.847.775;-469.210.066;O02001 - INCENDIO EM RESIDENCIA/HABITACAO UNIFAMILIAR (CASA) (C) (Prioridade: 1 - Alta);1CIA IND/2CIA/1PEL(PASSOS);ABTS0495;Não;Não;Não;BOLETIM DE OCORRENCIA;Classificada;16/06/2021 08:35;Não
2021-16931257-5;(BM) 2021-028667810-001;14/06/2021 14:26;AVENIDA MONSENHOR ALDERIGE, Nº 198 - POCOS DE CALDAS;-217.887.322;-466.000.221;P01001 - VISTORIA DE FISCALIZACAO (C) (Prioridade: 2 - Média);1CIA IND (POCOS DE CALDAS);APF01375;Não;Não;Não;BOLETIM DE OCORRENCIA;Classificada;15/06/2021 06:52;Não
2021-16931805-9;(BM) 2021-028668777-001;14/06/2021 14:53;AVENIDA MONSENHOR ALDERIGE, Nº 621 - JARDIM COUNTRY CLUB 1 - POCOS DE CALDAS;-217.906.928;-46.600.508;P01001 - VISTORIA DE FISCALIZACAO (C) (Prioridade: 2 - Média);1CIA IND (POCOS DE CALDAS);APF01375;Não;Não;Não;BOLETIM DE OCORRENCIA;Classificada;15/06/2021 06:52;Não
2021-16931981-1;(BM) 2021-028670735-001;14/06/2021 15:01;AVENIDA MONSENHOR ALDERIGE, Nº 7 - JARDIM COUNTRY CLUB 1 - POCOS DE CALDAS;-217.873.059;-465.974.968;P01001 - VISTORIA DE FISCALIZACAO (C) (Prioridade: 2 - Média);1CIA IND (POCOS DE CALDAS);APF01375;Não;Não;Não;BOLETIM DE OCORRENCIA;Classificada;15/06/2021 06:51;Não
2021-16932146-0;(BM) 2021-028673020-001;14/06/2021 15:09;RUA SAO JOSE, Nº 126 - COUNTRY CLUB - POCOS DE CALDAS;-217.857.065;-465.915.427;P01001 - VISTORIA DE FISCALIZACAO (C) (Prioridade: 2 - Média);1CIA IND (POCOS DE CALDAS);APF01375;Não;Não;Não;BOLETIM DE OCORRENCIA;Classificada;15/06/2021 06:51;Não
2021-16932660-3;(BM) 2021-028679830-001;14/06/2021 15:37;RUA CAIAPOS, Nº 209 - SAO BENEDITO - PASSOS;-207.191.088;-466.024.563;S06002 - CAPTURA DE ANIMAL SILVESTRE PERIGOSO / AGRESSIVO (C) (Prioridade: 2 - Média);1CIA IND/2CIA/1PEL(PASSOS);ASL00064;Não;Não;Não;BOLETIM DE OCORRENCIA;Classificada;15/06/2021 17:50;Não
2021-16933272-0;(BM) 2021-028687799-001;14/06/2021 16:12;AVENIDA JOAO PINHEIRO, Nº 415 - CAMPO DA MOGIANA - POCOS DE CALDAS;-217.856.282;-465.763.968;P01001 - VISTORIA DE FISCALIZACAO (C) (Prioridade: 2 - Média);1CIA IND (POCOS DE CALDAS);APF01375;Não;Não;Não;BOLETIM DE OCORRENCIA;Classificada;15/06/2021 06:51;Não
2021-16933576-4;(BM) 2021-028691994-001;14/06/2021 16:29;AVENIDA JOAO PINHEIRO, Nº 389 - CAMPO DA MOGIANA - POCOS DE CALDAS;-217.856.458;-465.760.761;P01001 - VISTORIA DE FISCALIZACAO (C) (Prioridade: 2 - Média);1CIA IND (POCOS DE CALDAS);APF01375;Não;Não;Não;BOLETIM DE OCORRENCIA;Classificada;15/06/2021 06:51;Não
2021-16934891-7;(BM) 2021-028707685-001;14/06/2021 17:35;RUA DOUTOR CARVALHO, Nº 1455 - NOSSA SENHORA DAS GRAÇAS - PASSOS;-207.352.269;-466.037.303;Q03017 - TREINAMENTO DE PRIMEIROS SOCORROS (C) (Prioridade: 2 - Média);1CIA IND/2CIA/1PEL(PASSOS);BM1526367;Não;Não;Não;BOLETIM DE OCORRENCIA;Classificada;16/06/2021 08:39;Não
2021-16942218-5;(BM) 2021-028788880-001;15/06/2021 08:43;RUA DOUTOR JOAO BRAULIO, Nº 54 - CENTRO - PASSOS;-207.220.473;-466.078.474;V02103 - VITIMA DE ATROPELAMENTO POR AUTOMOVEL (CARRO / CAMINHONETE) (C) (Prioridade: 1 - Alta);1CIA IND/2CIA/1PEL(PASSOS);UR0565;Não;Não;Não;BOLETIM DE OCORRENCIA;Classificada;16/06/2021 08:35;Não
2021-16943622-6;(BM) 2021-028805288-001;15/06/2021 10:39;AVENIDA DOUTOR BIAS FORTES, Nº 440 - CENTRO - ANDRADAS;-220.701.311;-465.704.016;P01002 - VISTORIA DE LIBERACAO / EMISSAO DE AVCB (C) (Prioridade: 2 - Média);1CIA IND (POCOS DE CALDAS);APF01375;Não;Não;Não;BOLETIM DE OCORRENCIA;Classificada;15/06/2021 17:51;Não
2021-16943685-6;(BM) 2021-028806752-001;15/06/2021 10:45;RUA GONCALVES DIAS, Nº 229 - CENTRO - PASSOS;-207.173.341;-466.066.749;V02502 - VITIMA DE QUEDA (MOTOCICLISTA) (C) (Prioridade: 1 - Alta);1CIA IND/2CIA/1PEL(PASSOS);UR0565;Não;Não;Não;BOLETIM DE OCORRENCIA;Classificada;16/06/2021 08:34;Não
2021-16945079-7;(BM) 2021-028827024-001;15/06/2021 12:58;RODOVIA MG 050, Km 360 - PASSOS;-207.370.641;-46.646.356;Y40035 - APOIO DE SOLO EM OPERACOES AEREAS (C) (Prioridade: 2 - Média);1CIA IND/2CIA/1PEL(PASSOS);UR0565;Não;Não;Não;BOLETIM DE OCORRENCIA;Classificada;16/06/2021 08:38;Não
2021-16945230-7;(BM) 2021-028826465-001;15/06/2021 13:08;AVENIDA MARIO LANZANI, Nº 345 - VILA MAGANHOTO - ANDRADAS;-220.743.297;-465.812.862;P01001 - VISTORIA DE FISCALIZACAO (C) (Prioridade: 2 - Média);1CIA IND (POCOS DE CALDAS);APF01375;Não;Não;Não;BOLETIM DE OCORRENCIA;Classificada;15/06/2021 22:23;Não
2021-16945334-2;(BM) 2021-028826662-001;15/06/2021 13:21;AVENIDA RICARTI TEIXEIRA, Nº 382 - JARDIM AMERICA - ANDRADAS;-220.754.693;-465.821.173;P01001 - VISTORIA DE FISCALIZACAO (C) (Prioridade: 2 - Média);1CIA IND (POCOS DE CALDAS);APF01375;Não;Não;Não;BOLETIM DE OCORRENCIA;Classificada;15/06/2021 22:24;Não
2021-16945452-9;(BM) 2021-028831220-001;15/06/2021 13:28;RUA LAVRAS, Nº S/N - MARIO MAGALHAES - PASSOS;-207.234.829;-46.613.301;S03015 - SALVAMENTO DE SUICIDA (C) (Prioridade: 1 - Alta);1CIA IND/2CIA/1PEL(PASSOS);ASL00064;Não;Não;Não;BOLETIM DE OCORRENCIA;Classificada;16/06/2021 08:34;Não
2021-16945568-3;(BM) 2021-028829575-001;15/06/2021 13:40;RUA MAJOR BONIFACIO, Nº 737 - CENTRO - ANDRADAS;-220.732.857;-465.767.989;P01001 - VISTORIA DE FISCALIZACAO (C) (Prioridade: 2 - Média);1CIA IND (POCOS DE CALDAS);APF01375;Não;Não;Não;BOLETIM DE OCORRENCIA;Classificada;15/06/2021 22:24;Não
2021-16945909-2;(BM) 2021-028833310-001;15/06/2021 14:03;AVENIDA COMENDADOR FRANCISCO A MAIA, Nº 3335 - BELO HORIZONTE - PASSOS;-207.278.399;-466.103.149;P01001 - VISTORIA DE FISCALIZACAO (C) (Prioridade: 2 - Média);1CIA IND/2CIA/PEL PREV E VIST(PASSOS);APF01362;Não;Não;Não;BOLETIM DE OCORRENCIA;Classificada;16/06/2021 08:38;Não
2021-16946449-0;(BM) 2021-028840205-001;15/06/2021 14:32;AVENIDA COMENDADOR FRANCISCO A MAIA, Nº 3159 - CENTRO - PASSOS;-207.261.695;-466.110.399;P01001 - VISTORIA DE FISCALIZACAO (C) (Prioridade: 2 - Média);1CIA IND/2CIA/PEL PREV E VIST(PASSOS);APF01362;Não;Não;Não;BOLETIM DE OCORRENCIA;Classificada;16/06/2021 08:37;Não
2021-16946882-3;(BM) 2021-028845721-001;15/06/2021 14:53;AVENIDA COMENDADOR FRANCISCO A MAIA, Nº 3290 - MARIO MAGALHAES - PASSOS;-207.274.377;-466.107.946;P01001 - VISTORIA DE FISCALIZACAO (C) (Prioridade: 2 - Média);1CIA IND/2CIA/PEL PREV E VIST(PASSOS);APF01362;Não;Não;Não;BOLETIM DE OCORRENCIA;Classificada;16/06/2021 08:37;Não
2021-16947123-8;(BM) 2021-028848569-001;15/06/2021 15:04;AVENIDA COMENDADOR FRANCISCO A MAIA, Nº 3674 - MARIO MAGALHAES - PASSOS;-207.300.941;-466.089.302;P01001 - VISTORIA DE FISCALIZACAO (C) (Prioridade: 2 - Média);1CIA IND/2CIA/PEL PREV E VIST(PASSOS);APF01362;Não;Não;Não;BOLETIM DE OCORRENCIA;Classificada;16/06/2021 08:36;Não
2021-16947507-0;(BM) 2021-028853587-001;15/06/2021 15:24;RUA JOSE BERNARDO, Nº S/N - RESIDENCAL SAO BERNARDO - POCOS DE CALDAS;;;P01001 - VISTORIA DE FISCALIZACAO (C) (Prioridade: 2 - Média);1CIA IND (POCOS DE CALDAS);APF01375;Não;Não;Não;BOLETIM DE OCORRENCIA;Classificada;15/06/2021 22:23;Não
2021-16948085-6;(BM) 2021-028860877-001;15/06/2021 15:54;AVENIDA JOAO PINHEIRO, Nº 2765 - JARDIM ELVIRA DIAS - POCOS DE CALDAS;-217.832.617;-465.987.385;P01001 - VISTORIA DE FISCALIZACAO (C) (Prioridade: 2 - Média);1CIA IND (POCOS DE CALDAS);APF01375;Não;Não;Não;BOLETIM DE OCORRENCIA;Classificada;15/06/2021 22:23;Não
2021-16948341-4;(BM) 2021-028864427-001;15/06/2021 16:07;RUA DOUTOR CARVALHO, Nº 1455 - NOSSA SENHORA DAS GRAÇAS - PASSOS;-207.352.269;-466.037.303;Q02009 - PALESTRA DE PRIMEIROS SOCORROS (C) (Prioridade: 2 - Média);1CIA IND/2CIA/1PEL(PASSOS);1193;Não;Não;Não;BOLETIM DE OCORRENCIA;Classificada;16/06/2021 08:36;Não
2021-16948366-5;(BM) 2021-028864232-001;15/06/2021 16:09;RUA GUAICURUS, Nº 289 - VILA TOGNI - POCOS DE CALDAS;-217.839.181;-466.024.718;P01001 - VISTORIA DE FISCALIZACAO (C) (Prioridade: 2 - Média);1CIA IND (POCOS DE CALDAS);APF01375;Não;Não;Não;BOLETIM DE OCORRENCIA;Classificada;15/06/2021 22:23;Não
2021-16948827-6;(BM) 2021-028870192-001;15/06/2021 16:32;RUA AMORAS, Nº 80 - NOSSA SENHORA DE LOURDES - PASSOS;-206.977.104;-46.618.558;V01018 - VITIMA DE MAL NAO DEFINIDO (DISTURBIO) (C) (Prioridade: 1 - Alta);1CIA IND/2CIA/1PEL(PASSOS);UR0565;Não;Não;Não;BOLETIM DE OCORRENCIA;Classificada;16/06/2021 08:33;Não
2021-16951138-9;(BM) 2021-028904916-001;15/06/2021 18:50;RUA MACHADO DE ASSIS, Nº 87 - CANDEIAS - PASSOS;-207.228.047;-46.618.822;V03003 - VITIMA DE AGRESSAO FISICA COM ARMA BRANCA (C) (Prioridade: 1 - Alta);1CIA IND/2CIA/1PEL(PASSOS);UR0565;Não;Não;Não;BOLETIM DE OCORRENCIA;Classificada;16/06/2021 08:32;Não
2021-16951821-8;(BM) 2021-028907032-001;15/06/2021 19:28;RUA CORONEL NECA MEDEIROS, Nº S/N - CENTRO - PASSOS;-207.207.867;-466.099.265;V02408 - VITIMA DE COLISAO ENTRE AUTOMOVEL X MOTOCICLETA (C) (Prioridade: 1 - Alta);1CIA IND/2CIA/1PEL(PASSOS);UR0565;Não;Não;Não;BOLETIM DE OCORRENCIA;Classificada;16/06/2021 08:31;Não
2021-16953733-3;(BM) 2021-028926199-001;15/06/2021 21:50;RUA CURIO, Nº 194 - NOSSA SENHORA DAS GRAÇAS - PASSOS;-20.737.872;-466.054.913;V01018 - VITIMA DE MAL NAO DEFINIDO (DISTURBIO) (C) (Prioridade: 1 - Alta);1CIA IND/2CIA/1PEL(PASSOS);UR0565;Não;Não;Não;BOLETIM DE OCORRENCIA;Classificada;16/06/2021 08:31;Não
2021-16955263-2;(BM) 2021-028943744-001;15/06/2021 23:46;RUA DOUTOR JOSE MENDES, Nº 81 - EXPOSICAO - PASSOS;-207.324.136;-466.081.241;V01010 - VITIMA COM DOR TORACICA/SUSPEITA DE INFARTO (IAM) (C) (Prioridade: 1 - Alta);1CIA IND/2CIA/1PEL(PASSOS);UR0565;Não;Não;Não;BOLETIM DE OCORRENCIA;Classificada;16/06/2021 08:30;Não
2021-16958053-6;(BM) 2021-029042332-001;16/06/2021 09:09;RUA VIVALDI LEITE RIBEIRO, Nº 863 - POCOS DE CALDAS;-217.957.882;-465.609.927;P01002 - VISTORIA DE LIBERACAO / EMISSAO DE AVCB (C) (Prioridade: 2 - Média);1CIA IND (POCOS DE CALDAS);APF01375;Não;Não;Não;BOLETIM DE OCORRENCIA;Classificada;16/06/2021 17:43;Não
2021-16958158-4;(BM) 2021-028982124-001;16/06/2021 09:18;RUA CAXAMBU, Nº 1052 - MUARAMA - PASSOS;-207.293.871;-466.142.025;V03018 - VITIMA DE QUEDA DA PROPRIA ALTURA (C) (Prioridade: 1 - Alta);1CIA IND/2CIA/1PEL(PASSOS);UR0565;Não;Não;Não;BOLETIM DE OCORRENCIA;Classificada;16/06/2021 10:07;Não
2021-16958825-7;(BM) 2021-028983445-001;16/06/2021 10:12;RUA DOUTOR CARVALHO, Nº 1455 - NOSSA SENHORA DAS GRAÇAS - PASSOS;-207.352.269;-466.037.303;V03012 - VITIMA COM OBJETO PRESO AO CORPO (C) (Prioridade: 1 - Alta);1CIA IND/2CIA/1PEL(PASSOS);ASL00064;Não;Não;Não;BOLETIM DE OCORRENCIA;Classificada;16/06/2021 10:16;Não
2021-16960019-0;(BM) 2021-029001323-001;16/06/2021 11:53;RODOVIA MG 050, Km 341 - PASSOS;-207.185.689;-464.769.187;S06002 - CAPTURA DE ANIMAL SILVESTRE PERIGOSO / AGRESSIVO (C) (Prioridade: 2 - Média);1CIA IND/2CIA/1PEL(PASSOS);ASL00064;Não;Não;Não;BOLETIM DE OCORRENCIA;Classificada;16/06/2021 16:19;Não
2021-16960228-0;(BM) 2021-029006655-001;16/06/2021 12:15;PRACA GERALDO DA SILVA MAIA, Nº S/N - CENTRO - PASSOS;-207.208.941;-46.609.005;V01010 - VITIMA COM DOR TORACICA/SUSPEITA DE INFARTO (IAM) (C) (Prioridade: 1 - Alta);1CIA IND/2CIA/1PEL(PASSOS);UR0565;Não;Não;Não;BOLETIM DE OCORRENCIA;Classificada;16/06/2021 16:21;Não
2021-16960995-0;(BM) 2021-029009934-001;16/06/2021 13:24;RUA BARAO CAMPO MISTICO, Nº 771 - VILA LIDER - POCOS DE CALDAS;-217.951.377;-465.699.415;P01002 - VISTORIA DE LIBERACAO / EMISSAO DE AVCB (C) (Prioridade: 2 - Média);1CIA IND (POCOS DE CALDAS);APF01375;Não;Não;Não;BOLETIM DE OCORRENCIA;Classificada;16/06/2021 17:43;Não
2021-16961095-4;(BM) 2021-029011736-001;16/06/2021 13:36;AVENIDA DOUTOR BRENO SOARES MAIA, Nº 264 - BELO HORIZONTE - PASSOS;-207.291.244;-466.042.843;P01002 - VISTORIA DE LIBERACAO / EMISSAO DE AVCB (C) (Prioridade: 2 - Média);1CIA IND/2CIA/PEL PREV E VIST(PASSOS);APF01362;Não;Não;Não;BOLETIM DE OCORRENCIA;Classificada;16/06/2021 14:50;Não
2021-16961520-8;(BM) 2021-029016193-001;16/06/2021 14:04;RUA LAVRAS, Nº 605 - MARIO MAGALHAES - PASSOS;-207.278.875;-466.111.889;P01002 - VISTORIA DE LIBERACAO / EMISSAO DE AVCB (C) (Prioridade: 2 - Média);1CIA IND/2CIA/PEL PREV E VIST(PASSOS);APF01362;Não;Não;Não;BOLETIM DE OCORRENCIA;Classificada;16/06/2021 14:50;Não
2021-16961817-7;(BM) 2021-029020360-001;16/06/2021 14:23;AVENIDA COMENDADOR FRANCISCO A MAIA, Nº 1961 - CENTRO - PASSOS;-207.166.894;-466.125.239;P01001 - VISTORIA DE FISCALIZACAO (C) (Prioridade: 2 - Média);1CIA IND/2CIA/PEL PREV E VIST(PASSOS);APF01362;Não;Não;Não;BOLETIM DE OCORRENCIA;Classificada;16/06/2021 15:46;Não
2021-16962790-8;(BM) 2021-029032261-001;16/06/2021 15:10;PRACA GABRIEL BOTELHO, Nº 5 - CENTRO - BOTELHOS;-216.485.735;-463.948.854;P01002 - VISTORIA DE LIBERACAO / EMISSAO DE AVCB (C) (Prioridade: 2 - Média);1CIA IND (POCOS DE CALDAS);APF01375;Não;Não;Não;BOLETIM DE OCORRENCIA;Classificada;16/06/2021 17:43;Não
2021-16962878-7;(BM) 2021-029033407-001;16/06/2021 15:13;RUA PRESIDENTE ANTONIO CARLOS, Nº 242 - CENTRO - PASSOS;-207.187.176;-466.094.821;P01001 - VISTORIA DE FISCALIZACAO (C) (Prioridade: 2 - Média);1CIA IND/2CIA/PEL PREV E VIST(PASSOS);APF01362;Não;Não;Não;BOLETIM DE OCORRENCIA;Classificada;16/06/2021 15:46;Não
2021-16963017-1;(BM) 2021-029035293-001;16/06/2021 15:21;AVENIDA EXPEDICIONARIOS, Nº 39 - CENTRO - PASSOS;-207.212.528;-466.075.157;P01001 - VISTORIA DE FISCALIZACAO (C) (Prioridade: 2 - Média);1CIA IND/2CIA/PEL PREV E VIST(PASSOS);APF01362;Não;Não;Não;BOLETIM DE OCORRENCIA;Classificada;16/06/2021 16:20;Não
2021-16963547-5;(BM) 2021-029042239-001;16/06/2021 15:48;RUA GUANABARA, Nº 659 - BOTELHOS;-216.407.695;-463.995.412;P01001 - VISTORIA DE FISCALIZACAO (C) (Prioridade: 2 - Média);1CIA IND (POCOS DE CALDAS);APF01375;Não;Não;Não;BOLETIM DE OCORRENCIA;Classificada;16/06/2021 17:43;Não
2021-16963615-3;(BM) 2021-029044069-001;16/06/2021 15:53;AVENIDA EXPEDICIONARIOS, Nº 703 - SAO BENEDITO - PASSOS;-207.226.021;-466.011.886;P01001 - VISTORIA DE FISCALIZACAO (C) (Prioridade: 2 - Média);1CIA IND/2CIA/PEL PREV E VIST(PASSOS);APF01362;Não;Não;Não;BOLETIM DE OCORRENCIA;Classificada;16/06/2021 16:21;Não
2021-16964271-1;(BM) 2021-029051440-001;16/06/2021 16:29;RODOVIA MG 050, Nº S/N - MONSENHOR MESSIAS - PASSOS;-207.387.609;-46.597.429;Q03001 - TREINAMENTO DE COMBATE A INCENDIO (C) (Prioridade: 2 - Média);1CIA IND/2CIA/1PEL(PASSOS);ABTS0495;Não;Não;Não;BOLETIM DE OCORRENCIA;Classificada;16/06/2021 16:53;Não
2021-16964610-5;(BM) 2021-029055329-001;16/06/2021 16:49;RUA GOIAS, Nº 77 - CENTRO - POCOS DE CALDAS;-217.802.268;-465.673.516;P01001 - VISTORIA DE FISCALIZACAO (C) (Prioridade: 2 - Média);1CIA IND (POCOS DE CALDAS);APF01375;Não;Não;Não;BOLETIM DE OCORRENCIA;Classificada;16/06/2021 17:42;Não
2021-16964651-2;;16/06/2021 16:51;FAZENDA FAZENDA SÃO CARLOS - DISTRITO PALMEIRAL - BOTELHOS;;;O04008 - INCENDIO EM AREA RURAL NAO PROTEGIDA (C) (Prioridade: 2 - Média);1CIA IND (POCOS DE CALDAS);;Não;Não;Não;ORIEN-ORIENTAÇÃO;Classificada;17/06/2021 00:14;Não
2021-16964992-3;(BM) 2021-029072460-001;16/06/2021 17:08;RUA MOINHO, Nº S/N - CASARAO - PASSOS;-20.721.632;-465.903.058;O04012 - INCENDIO EM LOTE VAGO (AREA URBANA) (C) (Prioridade: 2 - Média);1CIA IND/2CIA/1PEL(PASSOS);ABTS0495;Não;Não;Não;BOLETIM DE OCORRENCIA;Classificada;16/06/2021 18:33;Não
2021-16966625-3;(BM) 2021-029082362-001;16/06/2021 18:44;RUA JOAO XXIII, Nº 1114 - NOSSA SENHORA DAS GRAÇAS - PASSOS;-207.364.235;-466.058.131;V01018 - VITIMA DE MAL NAO DEFINIDO (DISTURBIO) (C) (Prioridade: 1 - Alta);1CIA IND/2CIA/1PEL(PASSOS);UR0565;Não;Não;Não;BOLETIM DE OCORRENCIA;Classificada;16/06/2021 19:55;Não
2021-16973516-8;(BM) 2021-029152648-001;17/06/2021 09:09;AVENIDA MARECHAL CASTELO BRANCO, Nº 31 - JARDIM SAO PAULO - POCOS DE CALDAS;-217.886.219;-465.514.756;P01002 - VISTORIA DE LIBERACAO / EMISSAO DE AVCB (C) (Prioridade: 2 - Média);1CIA IND (POCOS DE CALDAS);APF01375;Não;Não;Não;BOLETIM DE OCORRENCIA;Classificada;17/06/2021 14:41;Não
2021-16973665-8;(BM) 2021-029154424-001;17/06/2021 09:20;RODOVIA MG 050, Nº S/N - MONSENHOR MESSIAS - PASSOS;-207.387.609;-46.597.429;S06002 - CAPTURA DE ANIMAL SILVESTRE PERIGOSO / AGRESSIVO (C) (Prioridade: 2 - Média);1CIA IND/2CIA/1PEL(PASSOS);ABTS0495;Não;Não;Não;BOLETIM DE OCORRENCIA;Classificada;18/06/2021 06:57;Não
2021-16974353-0;(BM) 2021-029163980-001;17/06/2021 10:12;RUA ACACIAS, Nº S/N - PANORAMA - PASSOS;-207.105.473;-466.181.487;P02003 - VISTORIA EM LOTE VAGO (C) (Prioridade: 2 - Média);1CIA IND/2CIA/1PEL(PASSOS);ABTS0495;Não;Não;Não;BOLETIM DE OCORRENCIA;Classificada;18/06/2021 06:58;Não
2021-16974444-4;(BM) 2021-029163804-001;17/06/2021 10:17;AVENIDA AROUCA, Nº S/N - CENTRO - PASSOS;-20.715.228;-466.094.169;V01004 - VITIMA COM CRISE DIABETICA / HIPOGLICEMIA (C) (Prioridade: 1 - Alta);1CIA IND/2CIA/1PEL(PASSOS);UR0565;Não;Não;Não;BOLETIM DE OCORRENCIA;Classificada;18/06/2021 06:35;Não
2021-16974594-7;(BM) 2021-029165390-001;17/06/2021 10:30;RUA ACACIAS, Nº S/N - PANORAMA - PASSOS;-207.105.473;-466.181.487;P02003 - VISTORIA EM LOTE VAGO (C) (Prioridade: 2 - Média);1CIA IND/2CIA/1PEL(PASSOS);ABTS0495;Não;Não;Não;BOLETIM DE OCORRENCIA;Classificada;18/06/2021 06:58;Não
2021-16974870-2;(BM) 2021-029168785-001;17/06/2021 10:53;RUA ACACIAS, Nº S/N - PANORAMA - PASSOS;-207.105.473;-466.181.487;P02003 - VISTORIA EM LOTE VAGO (C) (Prioridade: 2 - Média);1CIA IND/2CIA/1PEL(PASSOS);ABTS0495;Não;Não;Não;BOLETIM DE OCORRENCIA;Classificada;18/06/2021 06:58;Não
2021-16975097-8;(BM) 2021-029172203-001;17/06/2021 11:10;RUA ACACIAS, Nº S/N - PANORAMA - PASSOS;-207.105.473;-466.181.487;P02003 - VISTORIA EM LOTE VAGO (C) (Prioridade: 2 - Média);1CIA IND/2CIA/1PEL(PASSOS);ABTS0495;Não;Não;Não;BOLETIM DE OCORRENCIA;Classificada;18/06/2021 06:58;Não
2021-16975697-5;(BM) 2021-029181587-001;17/06/2021 12:07;RUA TRES CORACOES, Nº S/N - MARIO MAGALHAES - PASSOS;-207.255.294;-466.138.952;P03001 - PERIGO DE DERRAPAGEM (C) (Prioridade: 2 - Média);1CIA IND/2CIA/1PEL(PASSOS);ASL00064;Não;Não;Não;BOLETIM DE OCORRENCIA;Classificada;18/06/2021 06:28;Não
2021-16976458-0;(BM) 2021-029189451-001;17/06/2021 13:24;RUA LEAO, Nº 101 - SERRA VERDE - PASSOS;-20.740.323;-465.967.261;P01001 - VISTORIA DE FISCALIZACAO (C) (Prioridade: 2 - Média);1CIA IND/2CIA/1PEL(PASSOS);ASL00064;Não;Não;Não;BOLETIM DE OCORRENCIA;Classificada;18/06/2021 06:22;Não
2021-16976491-5;(BM) 2021-029189646-001;17/06/2021 13:24;RUA DOUTOR CARVALHO, Nº 1020 - BELO HORIZONTE - PASSOS;-207.304.558;-466.056.565;P01001 - VISTORIA DE FISCALIZACAO (C) (Prioridade: 2 - Média);1CIA IND/2CIA/PEL PREV E VIST(PASSOS);APF01362;Não;Não;Não;BOLETIM DE OCORRENCIA;Classificada;18/06/2021 06:32;Não
2021-16976636-6;(BM) 2021-029191407-001;17/06/2021 13:37;RUA DOUTOR CARVALHO, Nº 1030 - BELO HORIZONTE - PASSOS;-207.304.972;-466.056.404;P01001 - VISTORIA DE FISCALIZACAO (C) (Prioridade: 2 - Média);1CIA IND/2CIA/PEL PREV E VIST(PASSOS);APF01362;Não;Não;Não;BOLETIM DE OCORRENCIA;Classificada;18/06/2021 06:24;Não
2021-16976903-0;(BM) 2021-029195330-001;17/06/2021 13:58;RUA TOCANTINS, Nº S/N - VILA ROMANA - PASSOS;-207.415.321;-466.092.167;P01001 - VISTORIA DE FISCALIZACAO (C) (Prioridade: 2 - Média);1CIA IND/2CIA/1PEL(PASSOS);ASL00064;Não;Não;Não;BOLETIM DE OCORRENCIA;Classificada;18/06/2021 06:23;Não
2021-16976962-0;(BM) 2021-029195580-001;17/06/2021 14:01;RUA BOIADEIROS, Nº 180 - PASSOS;-2.072.816;-466.117.543;P01001 - VISTORIA DE FISCALIZACAO (C) (Prioridade: 2 - Média);1CIA IND/2CIA/PEL PREV E VIST(PASSOS);APF01362;Não;Não;Não;BOLETIM DE OCORRENCIA;Classificada;18/06/2021 06:24;Não
2021-16977179-1;(BM) 2021-029198164-001;17/06/2021 14:14;RUA DOUTOR CARVALHO, Nº 1455 - NOSSA SENHORA DAS GRAÇAS - PASSOS;-207.352.269;-466.037.303;Q03001 - TREINAMENTO DE COMBATE A INCENDIO (C) (Prioridade: 2 - Média);1CIA IND/2CIA/1PEL(PASSOS);UR0565;Não;Não;Não;BOLETIM DE OCORRENCIA;Classificada;18/06/2021 06:26;Não
2021-16977441-2;(BM) 2021-029223670-001;17/06/2021 14:26;RODOVIA GERALDO MARTINS COSTA, Nº S/N - JARDIM KENNEDY 2 - POCOS DE CALDAS;-218.365.586;-465.747.658;P01002 - VISTORIA DE LIBERACAO / EMISSAO DE AVCB (C) (Prioridade: 2 - Média);1CIA IND (POCOS DE CALDAS);APF01375;Não;Não;Não;BOLETIM DE OCORRENCIA;Classificada;17/06/2021 18:43;Não
2021-16977480-4;(BM) 2021-029201038-001;17/06/2021 14:28;RUA ANAPOLIS, Nº 313 - PASSOS;-207.305.296;-466.185.305;P01001 - VISTORIA DE FISCALIZACAO (C) (Prioridade: 2 - Média);1CIA IND/2CIA/PEL PREV E VIST(PASSOS);APF01362;Não;Não;Não;BOLETIM DE OCORRENCIA;Classificada;18/06/2021 06:32;Não
2021-16977667-5;(BM) 2021-029203626-001;17/06/2021 14:37;AVENIDA JK, Nº 317 - NOVO HORIZONTE - PASSOS;-207.323.683;-465.993.388;P01001 - VISTORIA DE FISCALIZACAO (C) (Prioridade: 2 - Média);1CIA IND/2CIA/1PEL(PASSOS);ASL00064;Não;Não;Não;BOLETIM DE OCORRENCIA;Classificada;18/06/2021 06:25;Não
2021-16977802-9;(BM) 2021-029205155-001;17/06/2021 14:43;AVENIDA COMENDADOR FRANCISCO A MAIA, Nº 2178 - CANDEIAS - PASSOS;-207.190.356;-466.130.154;P01001 - VISTORIA DE FISCALIZACAO (C) (Prioridade: 2 - Média);1CIA IND/2CIA/PEL PREV E VIST(PASSOS);APF01362;Não;Não;Não;BOLETIM DE OCORRENCIA;Classificada;18/06/2021 06:26;Não
2021-16977949-7;(BM) 2021-029207167-001;17/06/2021 14:51;AVENIDA JK, Nº 337 - JARDIM COLEGIO DE PASSOS - PASSOS;-207.222.337;-465.986.309;P01001 - VISTORIA DE FISCALIZACAO (C) (Prioridade: 2 - Média);1CIA IND/2CIA/1PEL(PASSOS);ASL00064;Não;Não;Não;BOLETIM DE OCORRENCIA;Classificada;18/06/2021 06:24;Não
2021-16978101-0;(BM) 2021-029208867-001;17/06/2021 14:57;RUA CAICARAS, Nº 65 - NOSSA SENHORA APARECIDA - PASSOS;-207.412.202;-466.055.254;P01001 - VISTORIA DE FISCALIZACAO (C) (Prioridade: 2 - Média);1CIA IND/2CIA/PEL PREV E VIST(PASSOS);APF01362;Não;Não;Não;BOLETIM DE OCORRENCIA;Classificada;18/06/2021 06:24;Não
2021-16978246-2;(BM) 2021-029211140-001;17/06/2021 15:07;RUA CAICARAS, Nº 77 - NOSSA SENHORA APARECIDA - PASSOS;-207.413.405;-466.055.147;P01001 - VISTORIA DE FISCALIZACAO (C) (Prioridade: 2 - Média);1CIA IND/2CIA/PEL PREV E VIST(PASSOS);APF01362;Não;Não;Não;BOLETIM DE OCORRENCIA;Classificada;18/06/2021 06:24;Não
2021-16979125-3;(BM) 2021-029221082-001;17/06/2021 15:52;RUA PARAIBA, Nº 319 - CENTRO - POCOS DE CALDAS;-217.824.159;-465.690.961;P01001 - VISTORIA DE FISCALIZACAO (C) (Prioridade: 2 - Média);1CIA IND (POCOS DE CALDAS);APF01375;Não;Não;Não;BOLETIM DE OCORRENCIA;Classificada;17/06/2021 18:43;Não
2021-16979303-0;(BM) 2021-029223289-001;17/06/2021 16:02;AVENIDA COMENDADOR FRANCISCO A MAIA, Nº 3820 - MARIO MAGALHAES - PASSOS;-207.315.713;-46.607.529;P02011 - VISTORIA EM ENXAME DE INSETOS (C) (Prioridade: 2 - Média);1CIA IND/2CIA/1PEL(PASSOS);ASL00064;Não;Não;Não;BOLETIM DE OCORRENCIA;Classificada;18/06/2021 06:25;Não
2021-16980057-2;(BM) 2021-029232812-001;17/06/2021 16:41;BECO MOGIANA, Nº 85 - PARQUE DA ESTACAO - PASSOS;-207.059.662;-46.610.931;V03018 - VITIMA DE QUEDA DA PROPRIA ALTURA (C) (Prioridade: 1 - Alta);1CIA IND/2CIA/1PEL(PASSOS);UR0565;Não;Não;Não;BOLETIM DE OCORRENCIA;Classificada;18/06/2021 06:37;Não
2021-16980094-9;(BM) 2021-029233256-001;17/06/2021 16:42;RUA ARAGUAINA, Nº 210 - JARDIM PLANALTO - PASSOS;-207.187.971;-466.222.952;S06001 - SALVAMENTO DE ANIMAL EM RISCO / PERIGO (C) (Prioridade: 2 - Média);1CIA IND/2CIA/1PEL(PASSOS);ABTS0495;Não;Não;Não;BOLETIM DE OCORRENCIA;Classificada;18/06/2021 06:58;Não
2021-16981141-2;(BM) 2021-029244767-001;17/06/2021 17:36;RUA DOUTOR CARVALHO, Nº 1455 - NOSSA SENHORA DAS GRAÇAS - PASSOS;-207.352.269;-466.037.303;O02033 - INCENDIO EM AMONTOADO DE LIXO (C) (Prioridade: 2 - Média);1CIA IND/2CIA/1PEL(PASSOS);ABTS0495;Não;Não;Não;BOLETIM DE OCORRENCIA;Classificada;18/06/2021 06:58;Não
2021-16982545-7;(BM) 2021-029260337-001;17/06/2021 19:01;RUA JOAO TEIXEIRA MENDES, Nº 298 - JARDIM ITALIA - PASSOS;-207.451.215;-466.055.016;V03018 - VITIMA DE QUEDA DA PROPRIA ALTURA (C) (Prioridade: 1 - Alta);1CIA IND/2CIA/1PEL(PASSOS);UR0565;Não;Não;Não;BOLETIM DE OCORRENCIA;Classificada;18/06/2021 06:40;Não
2021-16982868-6;(BM) 2021-029263735-001;17/06/2021 19:21;AVENIDA COMENDADOR FRANCISCO A MAIA, Nº 3820 - MARIO MAGALHAES - PASSOS;-207.315.713;-46.607.529;S06005 - CAPTURA DE INSETOS (C) (Prioridade: 2 - Média);1CIA IND/2CIA/1PEL(PASSOS);ASL00064;Não;Não;Não;BOLETIM DE OCORRENCIA;Classificada;18/06/2021 06:31;Não
2021-16985934-5;(BM) 2021-029296343-001;17/06/2021 22:59;RUA MANUEL DA SILVEIRA MAIA, Nº 132 - PENHA 2 - PASSOS;-207.166.667;-466.326.972;V01010 - VITIMA COM DOR TORACICA/SUSPEITA DE INFARTO (IAM) (C) (Prioridade: 1 - Alta);1CIA IND/2CIA/1PEL(PASSOS);UR0565;Não;Não;Não;BOLETIM DE OCORRENCIA;Classificada;18/06/2021 06:48;Não
2021-16989096-3;(BM) 2021-029343518-001;18/06/2021 08:40;AVENIDA SABIA, Nº S/N - MUARAMA 2 - PASSOS;-20.733.048;-466.159.257;S06001 - SALVAMENTO DE ANIMAL EM RISCO / PERIGO (C) (Prioridade: 2 - Média);1CIA IND/2CIA/1PEL(PASSOS);ASL00064;Não;Não;Não;BOLETIM DE OCORRENCIA;Classificada;19/06/2021 12:53;Não
2021-16989721-6;(BM) 2021-029343351-001;18/06/2021 09:30;RUA CANAPE, Nº 453 - CASARAO - PASSOS;-207.237.254;-465.899.659;V02501 - VITIMA DE QUEDA (CICLISTA) (C) (Prioridade: 1 - Alta);1CIA IND/2CIA/1PEL(PASSOS);UR0565;Não;Não;Não;BOLETIM DE OCORRENCIA;Classificada;19/06/2021 12:53;Não
2021-16990310-9;(BM) 2021-029343470-001;18/06/2021 10:15;RUA GUAPORE, Nº S/N - BELA VISTA - PASSOS;-207.121.561;-466.009.513;V01015 - VITIMA COM HEMORRAGIA (C) (Prioridade: 1 - Alta);1CIA IND/2CIA/1PEL(PASSOS);UR0565;Não;Não;Não;BOLETIM DE OCORRENCIA;Classificada;19/06/2021 12:54;Não
2021-16991124-0;;18/06/2021 11:19;AVENIDA DONA LIQUINHA SILVEIRA, Nº S/N - JARDIM SATELITE - PASSOS;-207.086.809;-466.237.875;W08000 - CANCELADA POR INDISPONIBILIDADE DE VIATURA (C) (Prioridade: 3 - Baixa);1CIA IND/2CIA/1PEL(PASSOS);;Não;Não;Não;W08000-CANCELADA POR INDISPONIBILIDADE DE MEIOS;Classificada;18/06/2021 13:10;Não
2021-16992249-0;(BM) 2021-029368199-001;18/06/2021 13:09;AVENIDA MONTESE, Nº 417 - VILA RICA - PASSOS;-207.276.415;-465.959.704;P01001 - VISTORIA DE FISCALIZACAO (C) (Prioridade: 2 - Média);1CIA IND/2CIA/PEL PREV E VIST(PASSOS);APF01362;Não;Não;Não;BOLETIM DE OCORRENCIA;Classificada;19/06/2021 12:53;Não
2021-16992516-5;(BM) 2021-029370601-001;18/06/2021 13:30;RUA DOUTOR JOAO BRAULIO, Nº 40 - CENTRO - PASSOS;-207.218.899;-46.607.896;P01001 - VISTORIA DE FISCALIZACAO (C) (Prioridade: 2 - Média);1CIA IND/2CIA/PEL PREV E VIST(PASSOS);APF01362;Não;Não;Não;BOLETIM DE OCORRENCIA;Classificada;19/06/2021 12:53;Não
2021-16993295-3;(BM) 2021-029379511-001;18/06/2021 14:22;RUA DOUTOR SATURNINO, Nº 236 - PASSOS;-207.235.473;-466.096.638;P01001 - VISTORIA DE FISCALIZACAO (C) (Prioridade: 2 - Média);1CIA IND/2CIA/PEL PREV E VIST(PASSOS);APF01362;Não;Não;Não;BOLETIM DE OCORRENCIA;Classificada;19/06/2021 12:53;Não
2021-16993528-0;(BM) 2021-029382647-001;18/06/2021 14:35;RUA SENIO BERALDO LEMOS, Nº 191 - FLAMBOYANT - PASSOS;-207.547.074;-466.065.593;P01001 - VISTORIA DE FISCALIZACAO (C) (Prioridade: 2 - Média);1CIA IND/2CIA/PEL PREV E VIST(PASSOS);APF01362;Não;Não;Não;BOLETIM DE OCORRENCIA;Classificada;19/06/2021 12:53;Não
2021-16993649-4;(BM) 2021-029384029-001;18/06/2021 14:40;RUA ANAPOLIS, Nº 240 - JARDIM PLANALTO - PASSOS;-207.203.758;-466.240.262;P01002 - VISTORIA DE LIBERACAO / EMISSAO DE AVCB (C) (Prioridade: 2 - Média);1CIA IND/2CIA/PEL PREV E VIST(PASSOS);APF01362;Não;Não;Não;BOLETIM DE OCORRENCIA;Classificada;19/06/2021 12:53;Não
2021-16996430-3;;18/06/2021 17:19;RUA DOUTOR CARVALHO, Nº 1455 - NOSSA SENHORA DAS GRAÇAS - PASSOS;-207.352.269;-466.037.303;Q03005 - TREINAMENTO DE SALVAMENTO TERRESTRE (C) (Prioridade: 2 - Média);1CIA IND/2CIA/1PEL(PASSOS);BM1224443;Não;Não;Não;ATENPO-ATENDIDA POR OUTROS ÓRGÃOS;Classificada;19/06/2021 12:53;Não
2021-16998776-9;(BM) 2021-029446546-001;18/06/2021 19:46;RODOVIA MG 050, Nº S/N - MONSENHOR MESSIAS - PASSOS;-207.387.609;-46.597.429;S05202 - CAPOTAMENTO DE CAMINHAO / CARRETA (C) (Prioridade: 1 - Alta);1CIA IND/2CIA/1PEL(PASSOS);ABTS0495;Não;Não;Não;BOLETIM DE OCORRENCIA;Classificada;19/06/2021 12:54;Não
2021-17001610-3;(BM) 2021-029472020-001;18/06/2021 22:49;AVENIDA ANTONIO ADAO DA SILVA, Nº S/N - PENHA 2 - PASSOS;-207.191.081;-466.319.509;V03018 - VITIMA DE QUEDA DA PROPRIA ALTURA (C) (Prioridade: 1 - Alta);1CIA IND/2CIA/1PEL(PASSOS);UR0565;Não;Não;Não;BOLETIM DE OCORRENCIA;Classificada;19/06/2021 12:54;Não
2021-17003479-1;(BM) 2021-029488443-001;19/06/2021 01:01;RUA RIO GRANDE DO NORTE, Nº 605 - BELA VISTA - PASSOS;-207.169.681;-465.957.643;V03021 - VITIMA DE SUICIDIO (TENTATIVA) - APH TRAUMA (C) (Prioridade: 1 - Alta);1CIA IND/2CIA/1PEL(PASSOS);UR0565;Não;Não;Não;BOLETIM DE OCORRENCIA;Classificada;19/06/2021 12:54;Não
2021-17005378-5;(BM) 2021-029500781-001;19/06/2021 06:43;RODOVIA MG 050, Nº S/N - MONSENHOR MESSIAS - PASSOS;-207.387.609;-46.597.429;V02301 - VITIMA DE CAPOTAMENTO DE AUTOMOVEL (CARRO / CAMINHONETE) (C) (Prioridade: 1 - Alta);1CIA IND/2CIA/1PEL(PASSOS);UR0565;Não;Não;Não;BOLETIM DE OCORRENCIA;Classificada;19/06/2021 12:54;Não
2021-17006713-3;(BM) 2021-029513345-001;19/06/2021 09:39;PRACA SAO FRANCISCO, Nº S/N - CANDEIAS - PASSOS;-207.216.691;-466.159.363;V01018 - VITIMA DE MAL NAO DEFINIDO (DISTURBIO) (C) (Prioridade: 1 - Alta);1CIA IND/2CIA/1PEL(PASSOS);UR0565;Não;Não;Não;BOLETIM DE OCORRENCIA;Classificada;20/06/2021 03:06;Não
2021-17008793-3;(BM) 2021-029531949-001;19/06/2021 13:15;PRACA DUQUE CAXIAS, Nº S/N - SANTA TEREZA - BELO HORIZONTE;-199.157.476;-439.173.913;X03000 - EMPENHO ADMINISTRATIVO (C) (Prioridade: 2 - Média);1CIA IND (POCOS DE CALDAS);TPO01026;Não;Não;Não;BOLETIM DE OCORRENCIA;Classificada;21/06/2021 01:50;Não
2021-17009108-2;(BM) 2021-029535451-001;19/06/2021 13:48;RUA SAO PEDRO, Nº 98 - CANDEIAS - PASSOS;-207.200.028;-466.155.158;V03018 - VITIMA DE QUEDA DA PROPRIA ALTURA (C) (Prioridade: 1 - Alta);1CIA IND/2CIA/1PEL(PASSOS);UR0565;Não;Não;Não;BOLETIM DE OCORRENCIA;Classificada;20/06/2021 03:06;Não
2021-17009506-5;(BM) 2021-029587313-001;19/06/2021 14:20;RUA RIO VERDE, Nº 800 - SANTA LUZIA - PASSOS;-207.047.072;-466.014.801;V01007 - VITIMA COM DISPNEIA (FALTA DE AR) (C) (Prioridade: 1 - Alta);1CIA IND/2CIA/1PEL(PASSOS);UR0565;Não;Não;Não;BOLETIM DE OCORRENCIA;Classificada;20/06/2021 03:06;Não
2021-17013063-0;(BM) 2021-029573887-001;19/06/2021 17:51;RODOVIA BR 464, Nº S/N - SARANDI - DELFINOPOLIS;-203.373.763;-468.400.359;W03000 - SOLICITANTE ENCONTRADO - PROVIDENCIA DISPENSADA (C) (Prioridade: 3 - Baixa);1CIA IND/2CIA/1PEL(PASSOS);ABTS0495;Não;Não;Não;BOLETIM DE OCORRENCIA;Classificada;20/06/2021 03:06;Não
2021-17013745-0;(BM) 2021-029580471-001;19/06/2021 18:28;PRACA SAO FRANCISCO, Nº S/N - CANDEIAS - PASSOS;-207.216.691;-466.159.363;W04000 - NADA CONSTATADO (C) (Prioridade: 3 - Baixa);1CIA IND/2CIA/1PEL(PASSOS);UR0565;Não;Não;Não;BOLETIM DE OCORRENCIA;Classificada;20/06/2021 03:06;Não
2021-17014869-8;(BM) 2021-029590919-001;19/06/2021 19:36;RUA GOIAS, Nº 1653 - BELA VISTA - PASSOS;-207.146.118;-46.596.811;V01010 - VITIMA COM DOR TORACICA/SUSPEITA DE INFARTO (IAM) (C) (Prioridade: 1 - Alta);1CIA IND/2CIA/1PEL(PASSOS);UR0565;Não;Não;Não;BOLETIM DE OCORRENCIA;Classificada;20/06/2021 03:06;Não
2021-17016730-9;(BM) 2021-029616060-001;19/06/2021 21:23;AVENIDA POCOS DE CALDAS, Nº 497 - COHAB 2 - PASSOS;-207.102.901;-466.259.876;V01018 - VITIMA DE MAL NAO DEFINIDO (DISTURBIO) (C) (Prioridade: 1 - Alta);1CIA IND/2CIA/1PEL(PASSOS);UR0565;Não;Não;Não;BOLETIM DE OCORRENCIA;Classificada;20/06/2021 03:06;Não
2021-17023421-4;(BM) 2021-029656400-001;20/06/2021 07:39;RUA GUAXUPE, Nº 725 - COHAB 3 - PASSOS;-207.073.834;-466.288.545;O02001 - INCENDIO EM RESIDENCIA/HABITACAO UNIFAMILIAR (CASA) (C) (Prioridade: 1 - Alta);1CIA IND/2CIA/1PEL(PASSOS);ABTS0495;Não;Não;Não;BOLETIM DE OCORRENCIA;Classificada;20/06/2021 11:59;Não
2021-17023857-0;(BM) 2021-029676050-001;20/06/2021 08:46;RODOVIA MG 050, Km 360, Nº S/N - PASSOS;-207.386.288;-465.979.551;Y40035 - APOIO DE SOLO EM OPERACOES AEREAS (C) (Prioridade: 2 - Média);1CIA IND/2CIA/1PEL(PASSOS);UR0565;Não;Não;Não;BOLETIM DE OCORRENCIA;Classificada;22/06/2021 06:06;Não
2021-17023927-3;(BM) 2021-029662699-001;20/06/2021 08:56;RUA DOUTOR CARVALHO, Nº 1455 - NOSSA SENHORA DAS GRAÇAS - PASSOS;-207.352.269;-466.037.303;Q03005 - TREINAMENTO DE SALVAMENTO TERRESTRE (C) (Prioridade: 2 - Média);1CIA IND/2CIA/1PEL(PASSOS);BM1178508;Não;Não;Não;BOLETIM DE OCORRENCIA;Classificada;20/06/2021 11:38;Não
2021-17025620-1;(BM) 2021-029676088-001;20/06/2021 12:20;RUA LUCIO PELEGRINO / AVENIDA COMENDADOR FRANCISCO A MAIA - CANDEIAS - PASSOS;-207.211.039;-466.129.149;S04012 - BUSCA E SALVAMENTO EM LOCAL DE DIFICIL ACESSO (C) (Prioridade: 1 - Alta);1CIA IND/2CIA/1PEL(PASSOS);ABTS0495;Não;Não;Não;BOLETIM DE OCORRENCIA;Classificada;20/06/2021 17:04;Não
2021-17026059-5;(BM) 2021-029679508-001;20/06/2021 13:18;RUA JOAQUIM LEMOS MAIA, Nº S/N - NOVA PASSOS - PASSOS;-207.049.601;-466.378.431;O04012 - INCENDIO EM LOTE VAGO (AREA URBANA) (C) (Prioridade: 2 - Média);1CIA IND/2CIA/1PEL(PASSOS);ABTS0495;Não;Não;Não;BOLETIM DE OCORRENCIA;Classificada;20/06/2021 17:03;Não
2021-17027898-9;(BM) 2021-029697159-001;20/06/2021 15:34;RUA TOCANTINS, Nº S/N - VILA ROMANA - PASSOS;-207.415.321;-466.092.167;O04012 - INCENDIO EM LOTE VAGO (AREA URBANA) (C) (Prioridade: 2 - Média);1CIA IND/2CIA/1PEL(PASSOS);ABTS0495;Não;Não;Não;BOLETIM DE OCORRENCIA;Classificada;20/06/2021 17:03;Não
2021-17028143-0;(BM) 2021-029711089-001;20/06/2021 15:47;AVENIDA COMENDADOR FRANCISCO A MAIA, Nº S/N - SANTA CASA - PASSOS;-207.146.788;-466.127.072;S04012 - BUSCA E SALVAMENTO EM LOCAL DE DIFICIL ACESSO (C) (Prioridade: 1 - Alta);1CIA IND/2CIA/1PEL(PASSOS);ASL00064;Não;Não;Não;BOLETIM DE OCORRENCIA;Classificada;22/06/2021 06:06;Não
2021-17029034-0;(BM) 2021-029739700-001;20/06/2021 16:42;RUA COIMBRAS, Nº S/N - NOSSA SENHORA DE LOURDES - PASSOS;-206.987.548;-466.163.657;S06002 - CAPTURA DE ANIMAL SILVESTRE PERIGOSO / AGRESSIVO (C) (Prioridade: 2 - Média);1CIA IND/2CIA/1PEL(PASSOS);ASL00064;Não;Não;Não;BOLETIM DE OCORRENCIA;Classificada;22/06/2021 06:06;Não
2021-17034190-5;(BM) 2021-029754357-001;20/06/2021 21:43;AVENIDA JK, Nº 42 - NOVO HORIZONTE - PASSOS;-207.323.085;-465.974.982;S05308 - COLISAO ENTRE AUTOMOVEL X MOTOCICLETA (C) (Prioridade: 1 - Alta);1CIA IND/2CIA/1PEL(PASSOS);UR0565;Não;Não;Não;BOLETIM DE OCORRENCIA;Classificada;22/06/2021 06:07;Não
2021-17038594-6;(BM) 2021-029815328-001;21/06/2021 08:13;RUA CORONEL ANTONIO DOMINGOS RIBEIRO, Nº 71 - CENTRO - BOM JESUS DA PENHA;-210.154.588;-465.234.841;P01002 - VISTORIA DE LIBERACAO / EMISSAO DE AVCB (C) (Prioridade: 2 - Média);1CIA IND/2CIA/PEL PREV E VIST(PASSOS);APF01362;Não;Não;Não;BOLETIM DE OCORRENCIA;Classificada;22/06/2021 06:02;Não
2021-17039069-1;(BM) 2021-029815631-001;21/06/2021 08:55;RUA DOUTOR CARVALHO, Nº 1455 - NOSSA SENHORA DAS GRAÇAS - PASSOS;-207.352.269;-466.037.303;Q03017 - TREINAMENTO DE PRIMEIROS SOCORROS (C) (Prioridade: 2 - Média);1CIA IND/2CIA/1PEL(PASSOS);BM1206671;Não;Não;Não;BOLETIM DE OCORRENCIA;Classificada;22/06/2021 06:02;Não
2021-17039299-1;(BM) 2021-029815397-001;21/06/2021 09:17;AVENIDA GOIANIA, Nº 47 - CENTRO - BOM JESUS DA PENHA;-210.174.992;-465.205.024;P01002 - VISTORIA DE LIBERACAO / EMISSAO DE AVCB (C) (Prioridade: 2 - Média);1CIA IND/2CIA/PEL PREV E VIST(PASSOS);APF01362;Não;Não;Não;BOLETIM DE OCORRENCIA;Classificada;22/06/2021 06:02;Não
2021-17039354-8;(BM) 2021-029815685-001;21/06/2021 09:19;RUA PECUARIA, Nº S/N - RESIDENCIAL ELDORADO - PASSOS;-20.729.962;-466.185.253;S06002 - CAPTURA DE ANIMAL SILVESTRE PERIGOSO / AGRESSIVO (C) (Prioridade: 2 - Média);1CIA IND/2CIA/1PEL(PASSOS);ASL00064;Não;Não;Não;BOLETIM DE OCORRENCIA;Classificada;22/06/2021 06:13;Não
2021-17039544-3;(BM) 2021-029815421-001;21/06/2021 09:36;RUA ARISTIDES RICARDINO, Nº S/N - NOSSA SENHORA DA APARECIDA - BOM JESUS DA PENHA;-210.142.521;-465.180.485;P01001 - VISTORIA DE FISCALIZACAO (C) (Prioridade: 2 - Média);1CIA IND/2CIA/PEL PREV E VIST(PASSOS);APF01362;Não;Não;Não;BOLETIM DE OCORRENCIA;Classificada;22/06/2021 06:02;Não
2021-17039649-1;(BM) 2021-029815462-001;21/06/2021 09:46;AVENIDA GOIANIA, Nº 288 - CENTRO - BOM JESUS DA PENHA;-210.186.497;-465.189.875;P01001 - VISTORIA DE FISCALIZACAO (C) (Prioridade: 2 - Média);1CIA IND/2CIA/PEL PREV E VIST(PASSOS);APF01362;Não;Não;Não;BOLETIM DE OCORRENCIA;Classificada;22/06/2021 06:03;Não
2021-17039674-9;(BM) 2021-029815707-001;21/06/2021 09:48;RUA DOUTOR SATURNINO, Nº 378 - MARIO MAGALHAES - PASSOS;-207.225.073;-466.131.016;S06002 - CAPTURA DE ANIMAL SILVESTRE PERIGOSO / AGRESSIVO (C) (Prioridade: 2 - Média);1CIA IND/2CIA/1PEL(PASSOS);ASL00064;Não;Não;Não;BOLETIM DE OCORRENCIA;Classificada;22/06/2021 06:13;Não
2021-17039741-4;(BM) 2021-029815512-001;21/06/2021 09:54;PRACA DOM INACIO, Nº S/N - CENTRO - BOM JESUS DA PENHA;-210.166.918;-465.219.108;P01001 - VISTORIA DE FISCALIZACAO (C) (Prioridade: 2 - Média);1CIA IND/2CIA/PEL PREV E VIST(PASSOS);APF01362;Não;Não;Não;BOLETIM DE OCORRENCIA;Classificada;22/06/2021 06:03;Não
2021-17039820-9;(BM) 2021-029811618-001;21/06/2021 09:59;RUA Hildo Abrão, Nº 120 - POCOS DE CALDAS;;;P01002 - VISTORIA DE LIBERACAO / EMISSAO DE AVCB (C) (Prioridade: 2 - Média);1CIA IND (POCOS DE CALDAS);APF01375;Não;Não;Não;BOLETIM DE OCORRENCIA;Classificada;21/06/2021 14:56;Não
2021-17040101-0;(BM) 2021-029815579-001;21/06/2021 10:18;AVENIDA GOIANIA, Nº 204 - CENTRO - BOM JESUS DA PENHA;-210.183.891;-465.194.283;P01001 - VISTORIA DE FISCALIZACAO (C) (Prioridade: 2 - Média);1CIA IND/2CIA/PEL PREV E VIST(PASSOS);APF01362;Não;Não;Não;BOLETIM DE OCORRENCIA;Classificada;22/06/2021 06:03;Não
2021-17040381-8;(BM) 2021-029833542-001;21/06/2021 10:36;RUA ELZO CALIXTO MATTAR, Nº 1426 - NOSSA SENHORA DAS GRAÇAS - PASSOS;-207.380.958;-466.063.587;V01007 - VITIMA COM DISPNEIA (FALTA DE AR) (C) (Prioridade: 1 - Alta);1CIA IND/2CIA/1PEL(PASSOS);UR0565;Não;Não;Não;BOLETIM DE OCORRENCIA;Classificada;22/06/2021 06:09;Não
2021-17040721-4;(BM) 2021-029823077-001;21/06/2021 11:00;AVENIDA JOAO PINHEIRO, Nº 6690 - POCOS DE CALDAS;;;P01001 - VISTORIA DE FISCALIZACAO (C) (Prioridade: 2 - Média);1CIA IND (POCOS DE CALDAS);APF01375;Não;Não;Não;BOLETIM DE OCORRENCIA;Classificada;21/06/2021 14:56;Não
2021-17042653-7;(BM) 2021-029849846-001;21/06/2021 13:41;RUA JOSE APARECIDO CARDOSO, Nº 30 - NOSSA SENHORA DA PENHA - BOM JESUS DA PENHA;-210.187.037;-465.147.193;P01001 - VISTORIA DE FISCALIZACAO (C) (Prioridade: 2 - Média);1CIA IND/2CIA/PEL PREV E VIST(PASSOS);APF01362;Não;Não;Não;BOLETIM DE OCORRENCIA;Classificada;22/06/2021 06:03;Não
2021-17042760-7;(BM) 2021-029847455-001;21/06/2021 13:48;AVENIDA SANTO ANTONIO, Nº 301 - CASCATINHA - POCOS DE CALDAS;-217.915.973;-465.614.581;P01002 - VISTORIA DE LIBERACAO / EMISSAO DE AVCB (C) (Prioridade: 2 - Média);1CIA IND (POCOS DE CALDAS);APF01375;Não;Não;Não;BOLETIM DE OCORRENCIA;Classificada;21/06/2021 15:42;Não
2021-17043485-0;(BM) 2021-029858182-001;21/06/2021 14:32;RUA DAS ORQUIDEAS, Nº 218 - CONDOMINIO JARDIM DAS ACACIAS - PASSOS;-207.124.534;-466.552.559;P02003 - VISTORIA EM LOTE VAGO (C) (Prioridade: 2 - Média);1CIA IND/2CIA/1PEL(PASSOS);ASL00064;Não;Não;Não;BOLETIM DE OCORRENCIA;Classificada;22/06/2021 06:14;Não
2021-17043895-1;(BM) 2021-029868500-001;21/06/2021 14:51;RUA DAS ORQUIDEAS, Nº 218 - CONDOMINIO JARDIM DAS ACACIAS - PASSOS;-207.124.534;-466.552.559;P02003 - VISTORIA EM LOTE VAGO (C) (Prioridade: 2 - Média);1CIA IND/2CIA/1PEL(PASSOS);ASL00064;Não;Não;Não;BOLETIM DE OCORRENCIA;Classificada;22/06/2021 06:14;Não
2021-17044329-0;(BM) 2021-029868360-001;21/06/2021 15:10;RUA DAS ORQUIDEAS, Nº 218 - CONDOMINIO JARDIM DAS ACACIAS - PASSOS;-207.124.534;-466.552.559;P02003 - VISTORIA EM LOTE VAGO (C) (Prioridade: 2 - Média);1CIA IND/2CIA/1PEL(PASSOS);ASL00064;Não;Não;Não;BOLETIM DE OCORRENCIA;Classificada;22/06/2021 06:14;Não
2021-17044442-2;(BM) 2021-029869890-001;21/06/2021 15:16;AVENIDA SANTO ANTONIO, Nº 429 - CASCATINHA - POCOS DE CALDAS;-217.927.128;-465.610.804;P01001 - VISTORIA DE FISCALIZACAO (C) (Prioridade: 2 - Média);1CIA IND (POCOS DE CALDAS);APF01375;Não;Não;Não;BOLETIM DE OCORRENCIA;Classificada;21/06/2021 15:42;Não
2021-17044631-5;(BM) 2021-029874551-001;21/06/2021 15:25;AVENIDA JOAO PINHEIRO, Nº 980 - VILA CRUZ - POCOS DE CALDAS;-217.846.799;-465.815.742;P01001 - VISTORIA DE FISCALIZACAO (C) (Prioridade: 2 - Média);1CIA IND (POCOS DE CALDAS);APF01375;Não;Não;Não;BOLETIM DE OCORRENCIA;Classificada;21/06/2021 17:33;Não
2021-17044716-6;(BM) 2021-029873648-001;21/06/2021 15:30;RUA DAS ORQUIDEAS, Nº 218 - CONDOMINIO JARDIM DAS ACACIAS - PASSOS;-207.124.534;-466.552.559;P02003 - VISTORIA EM LOTE VAGO (C) (Prioridade: 2 - Média);1CIA IND/2CIA/1PEL(PASSOS);ASL00064;Não;Não;Não;BOLETIM DE OCORRENCIA;Classificada;22/06/2021 06:14;Não
2021-17045507-1;(BM) 2021-029883800-001;21/06/2021 16:13;RUA RIO DOCE, Nº 352 - SANTA LUZIA - PASSOS;-207.084.767;-466.025.603;S06001 - SALVAMENTO DE ANIMAL EM RISCO / PERIGO (C) (Prioridade: 2 - Média);1CIA IND/2CIA/1PEL(PASSOS);ASL00064;Não;Não;Não;BOLETIM DE OCORRENCIA;Classificada;22/06/2021 06:16;Não
2021-17048431-8;(BM) 2021-029918657-001;21/06/2021 18:48;RUA BUENOS AIRES, Nº S/N - COHAB 3 - PASSOS;-207.024.574;-466.241.103;V02402 - VITIMA DE COLISAO ENTRE MOTOCICLETAS (C) (Prioridade: 1 - Alta);1CIA IND/2CIA/1PEL(PASSOS);UR0565;Não;Não;Não;BOLETIM DE OCORRENCIA;Classificada;22/06/2021 06:16;Não
2021-17049506-0;(BM) 2021-029929698-001;21/06/2021 19:59;RUA JUAREZ FRANCISCO DUARTE, Nº S/N - JARDIM SATELITE - PASSOS;-20.708.902;-466.227.585;O04012 - INCENDIO EM LOTE VAGO (AREA URBANA) (C) (Prioridade: 2 - Média);1CIA IND/2CIA/1PEL(PASSOS);ABTS0495;Não;Não;Não;BOLETIM DE OCORRENCIA;Classificada;22/06/2021 06:06;Não
2021-17050481-9;(BM) 2021-029947661-001;21/06/2021 21:04;AVENIDA ARLINDO FIGUEIREDO, Nº 2211 - JARDIM CIDADE - PASSOS;-207.320.493;-466.302.434;S06002 - CAPTURA DE ANIMAL SILVESTRE PERIGOSO / AGRESSIVO (C) (Prioridade: 2 - Média);1CIA IND/2CIA/1PEL(PASSOS);ASL00064;Não;Não;Não;BOLETIM DE OCORRENCIA;Classificada;22/06/2021 06:16;Não
2021-17054130-6;(BM) 2021-029983979-001;22/06/2021 07:53;RUA PIUMHI, Nº 380 - PENHA - PASSOS;-207.163.355;-466.234.774;V01018 - VITIMA DE MAL NAO DEFINIDO (DISTURBIO) (C) (Prioridade: 1 - Alta);1CIA IND/2CIA/1PEL(PASSOS);UR0565;Não;Não;Não;BOLETIM DE OCORRENCIA;Classificada;23/06/2021 12:19;Não
2021-17054929-3;(BM) 2021-029988930-001;22/06/2021 09:05;AVENIDA COMENDADOR FRANCISCO A MAIA, Nº 3642 - MARIO MAGALHAES - PASSOS;-207.297.123;-466.092.805;P01002 - VISTORIA DE LIBERACAO / EMISSAO DE AVCB (C) (Prioridade: 2 - Média);1CIA IND/2CIA/PEL PREV E VIST(PASSOS);APF01362;Não;Não;Não;BOLETIM DE OCORRENCIA;Classificada;23/06/2021 12:18;Não
2021-17055223-0;(BM) 2021-029991990-001;22/06/2021 09:27;RUA JUNQUEIRAS, Nº S/N - CENTRO - POCOS DE CALDAS;;;P01002 - VISTORIA DE LIBERACAO / EMISSAO DE AVCB (C) (Prioridade: 2 - Média);1CIA IND (POCOS DE CALDAS);APF01375;Não;Não;Não;BOLETIM DE OCORRENCIA;Classificada;22/06/2021 13:18;Não
2021-17055254-4;(BM) 2021-029992638-001;22/06/2021 09:31;RUA PRESIDENTE ANTONIO CARLOS, Nº 20 - CENTRO - PASSOS;-207.181.093;-4.660.971;P01002 - VISTORIA DE LIBERACAO / EMISSAO DE AVCB (C) (Prioridade: 2 - Média);1CIA IND/2CIA/PEL PREV E VIST(PASSOS);APF01362;Não;Não;Não;BOLETIM DE OCORRENCIA;Classificada;23/06/2021 12:18;Não
2021-17055613-5;(BM) 2021-029997292-001;22/06/2021 10:00;RUA BARBACENA, Nº 824 - PENHA - PASSOS;-207.186.261;-466.282.539;P01002 - VISTORIA DE LIBERACAO / EMISSAO DE AVCB (C) (Prioridade: 2 - Média);1CIA IND/2CIA/PEL PREV E VIST(PASSOS);APF01362;Não;Não;Não;BOLETIM DE OCORRENCIA;Classificada;23/06/2021 12:18;Não
2021-17055955-9;(BM) 2021-030003522-001;22/06/2021 10:24;AVENIDA AROUCA, Nº S/N - CENTRO - PASSOS;-20.715.228;-466.094.169;V01007 - VITIMA COM DISPNEIA (FALTA DE AR) (C) (Prioridade: 1 - Alta);1CIA IND/2CIA/1PEL(PASSOS);UR0565;Não;Não;Não;BOLETIM DE OCORRENCIA;Classificada;23/06/2021 12:19;Não
2021-17056159-9;(BM) 2021-030004843-001;22/06/2021 10:41;RUA PREFEITO CHAGAS, Nº 411 - CENTRO - POCOS DE CALDAS;-217.881.888;-465.632.523;P01001 - VISTORIA DE FISCALIZACAO (C) (Prioridade: 2 - Média);1CIA IND (POCOS DE CALDAS);APF01375;Não;Não;Não;BOLETIM DE OCORRENCIA;Classificada;22/06/2021 13:18;Não
2021-17056267-1;(BM) 2021-030005970-001;22/06/2021 10:48;RUA TURQUESA, Nº 1700 - ACLIMACAO - PASSOS;-207.551.115;-46.599.083;P01002 - VISTORIA DE LIBERACAO / EMISSAO DE AVCB (C) (Prioridade: 2 - Média);1CIA IND/2CIA/PEL PREV E VIST(PASSOS);APF01362;Não;Não;Não;BOLETIM DE OCORRENCIA;Classificada;23/06/2021 12:18;Não
2021-17056378-2;(BM) 2021-030007427-001;22/06/2021 10:57;RUA PREFEITO CHAGAS, Nº 489 - CENTRO - POCOS DE CALDAS;-217.882.998;-465.624.792;P01001 - VISTORIA DE FISCALIZACAO (C) (Prioridade: 2 - Média);1CIA IND (POCOS DE CALDAS);APF01375;Não;Não;Não;BOLETIM DE OCORRENCIA;Classificada;22/06/2021 14:35;Não
2021-17057144-7;(BM) 2021-030019278-001;22/06/2021 12:02;PRACA LUCIO BITENCOURT, Nº 75 - CANDEIAS - PASSOS;-207.210.803;-466.144.782;W03000 - SOLICITANTE ENCONTRADO - PROVIDENCIA DISPENSADA (C) (Prioridade: 3 - Baixa);1CIA IND/2CIA/1PEL(PASSOS);UR0565;Não;Não;Não;BOLETIM DE OCORRENCIA;Classificada;23/06/2021 12:18;Não
2021-17058101-0;(BM) 2021-030034326-001;22/06/2021 13:28;AVENIDA NACOES, Nº 623 - VILA RICA - PASSOS;-207.282.658;-465.945.261;P01001 - VISTORIA DE FISCALIZACAO (C) (Prioridade: 2 - Média);1CIA IND/2CIA/PEL PREV E VIST(PASSOS);APF01362;Não;Não;Não;BOLETIM DE OCORRENCIA;Classificada;23/06/2021 12:18;Não
2021-17058256-6;(BM) 2021-030029546-001;22/06/2021 13:42;RUA PARANA, Nº 111 - DOS FUNCIONARIOS - POCOS DE CALDAS;-217.881.774;-465.694.994;P01001 - VISTORIA DE FISCALIZACAO (C) (Prioridade: 2 - Média);1CIA IND (POCOS DE CALDAS);APF01375;Não;Não;Não;BOLETIM DE OCORRENCIA;Classificada;22/06/2021 15:22;Não
2021-17058408-2;(BM) 2021-030034382-001;22/06/2021 13:54;RUA BARAO DO RIO BRANCO, Nº 1023 - SAO BENEDITO - PASSOS;-20.722.963;-466.046.493;P01001 - VISTORIA DE FISCALIZACAO (C) (Prioridade: 2 - Média);1CIA IND/2CIA/PEL PREV E VIST(PASSOS);APF01362;Não;Não;Não;BOLETIM DE OCORRENCIA;Classificada;23/06/2021 12:18;Não
2021-17058668-3;(BM) 2021-030034642-001;22/06/2021 14:11;RUA DOUTOR CARVALHO, Nº 654 - BELO HORIZONTE - PASSOS;-207.276.275;-466.066.451;P01001 - VISTORIA DE FISCALIZACAO (C) (Prioridade: 2 - Média);1CIA IND/2CIA/PEL PREV E VIST(PASSOS);APF01362;Não;Não;Não;BOLETIM DE OCORRENCIA;Classificada;23/06/2021 12:18;Não
2021-17058925-4;(BM) 2021-030159499-001;22/06/2021 14:22;RUA TOCANTINS, Nº 294 - NOSSA SENHORA APARECIDA - PASSOS;-207.431.475;-466.088.847;V01001 - VITIMA DE ACIDENTE VASCULAR CEREBRAL (AVC) (C) (Prioridade: 1 - Alta);1CIA IND/2CIA/1PEL(PASSOS);UR0565;Não;Não;Não;BOLETIM DE OCORRENCIA;Classificada;23/06/2021 12:19;Não
2021-17059167-3;(BM) 2021-030043277-001;22/06/2021 14:35;RUA SANTA INES, Nº S/N - CENTRO - PASSOS;-207.256.528;-46.608.784;P01001 - VISTORIA DE FISCALIZACAO (C) (Prioridade: 2 - Média);1CIA IND/2CIA/PEL PREV E VIST(PASSOS);APF01362;Não;Não;Não;BOLETIM DE OCORRENCIA;Classificada;23/06/2021 12:18;Não
2021-17059368-5;(BM) 2021-030043132-001;22/06/2021 14:46;RUA PARAIBA, Nº 647 - CENTRO - POCOS DE CALDAS;-217.828.892;-46.565.874;P01001 - VISTORIA DE FISCALIZACAO (C) (Prioridade: 2 - Média);1CIA IND (POCOS DE CALDAS);APF01375;Não;Não;Não;BOLETIM DE OCORRENCIA;Classificada;23/06/2021 06:50;Não
2021-17059578-8;(BM) 2021-030078207-001;22/06/2021 14:57;AVENIDA JUCA STOCKLER, Nº S/N - NOVO HORIZONTE - PASSOS;-207.366.397;-466.024.583;X03000 - EMPENHO ADMINISTRATIVO (C) (Prioridade: 2 - Média);1CIA IND/2CIA/1PEL(PASSOS);ABTS0495;Não;Não;Não;BOLETIM DE OCORRENCIA;Classificada;23/06/2021 12:19;Não
2021-17060409-8;(BM) 2021-030056655-001;22/06/2021 15:37;RUA PARAIBA, Nº 53 - CENTRO - POCOS DE CALDAS;-217.819.709;-465.718.851;P01001 - VISTORIA DE FISCALIZACAO (C) (Prioridade: 2 - Média);1CIA IND (POCOS DE CALDAS);APF01375;Não;Não;Não;BOLETIM DE OCORRENCIA;Classificada;23/06/2021 06:50;Não
2021-17060439-9;(BM) 2021-030057136-001;22/06/2021 15:39;RUA PARAIBA, Nº 523 - CENTRO - POCOS DE CALDAS;-217.826.828;-46.567.219;P01001 - VISTORIA DE FISCALIZACAO (C) (Prioridade: 2 - Média);1CIA IND (POCOS DE CALDAS);APF01375;Não;Não;Não;BOLETIM DE OCORRENCIA;Classificada;23/06/2021 06:50;Não
2021-17060929-8;(BM) 2021-030078395-001;22/06/2021 16:06;TRAVESSA SAO TOME, Nº 319 - CANDEIAS - PASSOS;-207.260.938;-466.158.512;V03018 - VITIMA DE QUEDA DA PROPRIA ALTURA (C) (Prioridade: 1 - Alta);1CIA IND/2CIA/1PEL(PASSOS);UR0565;Não;Não;Não;BOLETIM DE OCORRENCIA;Classificada;23/06/2021 12:19;Não
2021-17062428-3;;22/06/2021 17:26;RUA PALMEIRAS, Nº 290 - SERRA DAS BRISAS - PASSOS;-207.334.103;-4.659.365;W08000 - CANCELADA POR INDISPONIBILIDADE DE VIATURA (C) (Prioridade: 3 - Baixa);1CIA IND/2CIA/1PEL(PASSOS);;Não;Não;Não;FALTAV-NÃO ATENDIDA FALTA VIATURA;Classificada;23/06/2021 06:49;Não
2021-17063874-4;(BM) 2021-030159210-001;22/06/2021 18:53;RUA DOUTOR CARVALHO, Nº 1455 - NOSSA SENHORA DAS GRAÇAS - PASSOS;-207.352.269;-466.037.303;Q03004 - TREINAMENTO DE SALVAMENTO EM ALTURA (C) (Prioridade: 2 - Média);1CIA IND/2CIA/1PEL(PASSOS);ABTS0495;Não;Não;Não;BOLETIM DE OCORRENCIA;Classificada;23/06/2021 12:19;Não
2021-17065103-5;(BM) 2021-030109266-001;22/06/2021 20:15;AVENIDA POCOS DE CALDAS, Nº S/N - COHAB 2 - PASSOS;-207.104.463;-466.259.895;O02001 - INCENDIO EM RESIDENCIA/HABITACAO UNIFAMILIAR (CASA) (C) (Prioridade: 1 - Alta);1CIA IND/2CIA/1PEL(PASSOS);ABTS0495;Não;Não;Não;BOLETIM DE OCORRENCIA;Classificada;23/06/2021 12:19;Não
2021-17065673-3;(BM) 2021-030115761-001;22/06/2021 20:56;AVENIDA POCOS DE CALDAS, Nº S/N - COHAB 2 - PASSOS;-207.104.463;-466.259.895;O02001 - INCENDIO EM RESIDENCIA/HABITACAO UNIFAMILIAR (CASA) (C) (Prioridade: 1 - Alta);1CIA IND/2CIA/1PEL(PASSOS);ABTS0495;Não;Não;Não;BOLETIM DE OCORRENCIA;Classificada;23/06/2021 12:19;Não
2021-17069602-7;(BM) 2021-030161250-001;23/06/2021 06:57;RUA SAFIRA, Nº 427 - ACLIMACAO - PASSOS;-207.510.562;-465.965.751;V03019 - VITIMA DE QUEDA DE ALTURA (C) (Prioridade: 1 - Alta);1CIA IND/2CIA/1PEL(PASSOS);UR0565;Não;Não;Não;BOLETIM DE OCORRENCIA;Classificada;23/06/2021 12:23;Não
2021-17070925-3;(BM) 2021-030172745-001;23/06/2021 09:19;RODOVIA MG 050, Nº 662 - PARQUE DA FAZENDA - PASSOS;-207.402.317;-466.078.921;P01002 - VISTORIA DE LIBERACAO / EMISSAO DE AVCB (C) (Prioridade: 2 - Média);1CIA IND/2CIA/PEL PREV E VIST(PASSOS);APF01362;Não;Não;Não;BOLETIM DE OCORRENCIA;Classificada;23/06/2021 12:19;Não
2021-17071348-7;(BM) 2021-030177750-001;23/06/2021 09:53;AVENIDA COMENDADOR FRANCISCO A MAIA, Nº 19 - CENTRO - PASSOS;-207.089.235;-466.091.389;P01002 - VISTORIA DE LIBERACAO / EMISSAO DE AVCB (C) (Prioridade: 2 - Média);1CIA IND/2CIA/PEL PREV E VIST(PASSOS);APF01362;Não;Não;Não;BOLETIM DE OCORRENCIA;Classificada;24/06/2021 07:07;Não
2021-17071535-4;(BM) 2021-030179916-001;23/06/2021 10:06;RUA ASSIS FIGUEIREDO, Nº 925 - CENTRO - POCOS DE CALDAS;-217.861.672;-465.653.723;P01002 - VISTORIA DE LIBERACAO / EMISSAO DE AVCB (C) (Prioridade: 2 - Média);1CIA IND (POCOS DE CALDAS);APF01375;Não;Não;Não;BOLETIM DE OCORRENCIA;Classificada;23/06/2021 20:26;Não
2021-17071610-8;(BM) 2021-030196010-001;23/06/2021 10:10;RUA AMAPA, Nº 3025 - RECANTO DA HARMONIA - PASSOS;-207.024.135;-465.917.701;V01018 - VITIMA DE MAL NAO DEFINIDO (DISTURBIO) (C) (Prioridade: 1 - Alta);1CIA IND/2CIA/1PEL(PASSOS);UR0565;Não;Não;Não;BOLETIM DE OCORRENCIA;Classificada;24/06/2021 07:08;Não
2021-17071719-7;(BM) 2021-030182584-001;23/06/2021 10:20;RUA GONCALVES DIAS, Nº 544 - CENTRO - PASSOS;-207.191.525;-46.604.146;P01002 - VISTORIA DE LIBERACAO / EMISSAO DE AVCB (C) (Prioridade: 2 - Média);1CIA IND/2CIA/PEL PREV E VIST(PASSOS);APF01362;Não;Não;Não;BOLETIM DE OCORRENCIA;Classificada;24/06/2021 07:07;Não
2021-17072051-3;(BM) 2021-030186344-001;23/06/2021 10:43;RODOVIA MG 050, Nº S/N - MONSENHOR MESSIAS - PASSOS;-207.387.609;-46.597.429;P01001 - VISTORIA DE FISCALIZACAO (C) (Prioridade: 2 - Média);1CIA IND/2CIA/PEL PREV E VIST(PASSOS);APF01362;Não;Não;Não;BOLETIM DE OCORRENCIA;Classificada;24/06/2021 07:07;Não
2021-17072081-4;(BM) 2021-030186749-001;23/06/2021 10:46;RUA ASSIS FIGUEIREDO, Nº 987 - CENTRO - POCOS DE CALDAS;;;P01001 - VISTORIA DE FISCALIZACAO (C) (Prioridade: 2 - Média);1CIA IND (POCOS DE CALDAS);APF01375;Não;Não;Não;BOLETIM DE OCORRENCIA;Classificada;23/06/2021 20:26;Não
2021-17072369-2;(BM) 2021-030190721-001;23/06/2021 11:09;RUA GAMA CRUZ, Nº 63 - VILA CRUZ - POCOS DE CALDAS;-217.838.564;-465.862.043;P01002 - VISTORIA DE LIBERACAO / EMISSAO DE AVCB (C) (Prioridade: 2 - Média);1CIA IND (POCOS DE CALDAS);APF01375;Não;Não;Não;BOLETIM DE OCORRENCIA;Classificada;23/06/2021 20:26;Não
2021-17073937-9;(BM) 2021-030209247-001;23/06/2021 13:28;AVENIDA JUCA STOCKLER, Nº 805 - PASSOS;-207.239.739;-465.978.383;P01001 - VISTORIA DE FISCALIZACAO (C) (Prioridade: 2 - Média);1CIA IND/2CIA/PEL PREV E VIST(PASSOS);APF01362;Não;Não;Não;BOLETIM DE OCORRENCIA;Classificada;24/06/2021 07:08;Não
2021-17074163-8;(BM) 2021-030211970-001;23/06/2021 13:48;RUA BARAO DO RIO BRANCO, Nº 1023 - SAO BENEDITO - PASSOS;-20.722.963;-466.046.493;P01001 - VISTORIA DE FISCALIZACAO (C) (Prioridade: 2 - Média);1CIA IND/2CIA/PEL PREV E VIST(PASSOS);APF01362;Não;Não;Não;BOLETIM DE OCORRENCIA;Classificada;24/06/2021 07:08;Não
2021-17074288-3;(BM) 2021-030213336-001;23/06/2021 13:59;RUA CRISTIANO STOCKLER, Nº 204 - PASSOS;-207.187.683;-466.082.481;P01001 - VISTORIA DE FISCALIZACAO (C) (Prioridade: 2 - Média);1CIA IND/2CIA/PEL PREV E VIST(PASSOS);APF01362;Não;Não;Não;BOLETIM DE OCORRENCIA;Classificada;24/06/2021 07:08;Não
2021-17074692-9;(BM) 2021-030218116-001;23/06/2021 14:23;RUA CONTABILISTAS, Nº S/N - MONSENHOR MESSIAS - PASSOS;-2.073.516;-466.007.685;W03000 - SOLICITANTE ENCONTRADO - PROVIDENCIA DISPENSADA (C) (Prioridade: 3 - Baixa);1CIA IND/2CIA/1PEL(PASSOS);UR0565;Não;Não;Não;BOLETIM DE OCORRENCIA;Classificada;24/06/2021 07:07;Não
2021-17074803-8;(BM) 2021-030219543-001;23/06/2021 14:28;PRACA FRANCISCO ESCOBAR, Nº 201 - CENTRO - POCOS DE CALDAS;-217.804.844;-465.657.048;P01001 - VISTORIA DE FISCALIZACAO (C) (Prioridade: 2 - Média);1CIA IND (POCOS DE CALDAS);APF01375;Não;Não;Não;BOLETIM DE OCORRENCIA;Classificada;23/06/2021 20:26;Não
2021-17075348-9;(BM) 2021-030226558-001;23/06/2021 14:56;RUA DOUTOR JOAO BRAULIO, Nº S/N - CENTRO - PASSOS;-207.226.122;-466.074.971;P01001 - VISTORIA DE FISCALIZACAO (C) (Prioridade: 2 - Média);1CIA IND/2CIA/PEL PREV E VIST(PASSOS);APF01362;Não;Não;Não;BOLETIM DE OCORRENCIA;Classificada;24/06/2021 07:08;Não
2021-17075368-6;(BM) 2021-030226573-001;23/06/2021 14:57;RUA ASSIS FIGUEIREDO, Nº 977 - CENTRO - POCOS DE CALDAS;-217.865.665;-465.654.586;P01001 - VISTORIA DE FISCALIZACAO (C) (Prioridade: 2 - Média);1CIA IND (POCOS DE CALDAS);APF01375;Não;Não;Não;BOLETIM DE OCORRENCIA;Classificada;23/06/2021 20:26;Não
2021-17075794-4;(BM) 2021-030232029-001;23/06/2021 15:20;AVENIDA MANSUR FRAYHA, Nº 1001 - JARDIM ELIZABETE - POCOS DE CALDAS;-217.802.891;-46.600.285;P01001 - VISTORIA DE FISCALIZACAO (C) (Prioridade: 2 - Média);1CIA IND (POCOS DE CALDAS);APF01375;Não;Não;Não;BOLETIM DE OCORRENCIA;Classificada;23/06/2021 20:27;Não
2021-17076097-6;(BM) 2021-030235821-001;23/06/2021 15:36;AVENIDA MANSUR FRAYHA, Nº 851 - JARDIM ELIZABETE - POCOS DE CALDAS;-217.806.242;-465.992.994;P01001 - VISTORIA DE FISCALIZACAO (C) (Prioridade: 2 - Média);1CIA IND (POCOS DE CALDAS);APF01375;Não;Não;Não;BOLETIM DE OCORRENCIA;Classificada;23/06/2021 20:27;Não
2021-17077088-0;(BM) 2021-030248820-001;23/06/2021 16:31;AVENIDA JOAO PINHEIRO, Nº 3633 - VILA OLIMPICA - POCOS DE CALDAS;-217.799.227;-466.057.473;P01001 - VISTORIA DE FISCALIZACAO (C) (Prioridade: 2 - Média);1CIA IND (POCOS DE CALDAS);APF01375;Não;Não;Não;BOLETIM DE OCORRENCIA;Classificada;23/06/2021 20:27;Não
2021-17077935-5;(BM) 2021-030273129-001;23/06/2021 17:15;RUA MOENDA, Nº 468 - CASARAO - PASSOS;-207.214.789;-465.873.674;V01009 - VITIMA COM DOR NA COLUNA VERTEBRAL (COSTAS) (C) (Prioridade: 1 - Alta);1CIA IND/2CIA/1PEL(PASSOS);UR0565;Não;Não;Não;BOLETIM DE OCORRENCIA;Classificada;24/06/2021 07:08;Não
2021-17086825-8;(BM) 2021-030355440-001;24/06/2021 09:18;RUA SAO FRANCISCO DE ASSIS, Nº 436 - SAO FRANCISCO - PASSOS;-207.269.081;-466.208.559;V01007 - VITIMA COM DISPNEIA (FALTA DE AR) (C) (Prioridade: 1 - Alta);1CIA IND/2CIA/1PEL(PASSOS);UR0565;Não;Não;Não;BOLETIM DE OCORRENCIA;Classificada;24/06/2021 14:32;Não
2021-17086874-3;(BM) 2021-030355831-001;24/06/2021 09:22;AVENIDA JOAO PINHEIRO, Nº 665 - CAMPO DA MOGIANA - POCOS DE CALDAS;-217.854.862;-465.787.098;P01001 - VISTORIA DE FISCALIZACAO (C) (Prioridade: 2 - Média);1CIA IND (POCOS DE CALDAS);APF01375;Não;Não;Não;BOLETIM DE OCORRENCIA;Classificada;24/06/2021 10:04;Não
2021-17087007-5;(BM) 2021-030357568-001;24/06/2021 09:36;AVENIDA JOAO PINHEIRO, Nº 525 - POCOS DE CALDAS;-21.785.574;-465.773.645;P01001 - VISTORIA DE FISCALIZACAO (C) (Prioridade: 2 - Média);1CIA IND (POCOS DE CALDAS);APF01375;Não;Não;Não;BOLETIM DE OCORRENCIA;Classificada;24/06/2021 10:04;Não
2021-17087250-3;(BM) 2021-030360590-001;24/06/2021 09:59;AVENIDA JOAO PINHEIRO, Nº 800 - VILA CRUZ - POCOS DE CALDAS;-217.847.853;-465.800.589;P01001 - VISTORIA DE FISCALIZACAO (C) (Prioridade: 2 - Média);1CIA IND (POCOS DE CALDAS);APF01375;Não;Não;Não;BOLETIM DE OCORRENCIA;Classificada;24/06/2021 21:35;Não
2021-17088005-5;(BM) 2021-030370240-001;24/06/2021 10:57;AVENIDA FRANCISCO SALLES, Nº 70 - CENTRO - POCOS DE CALDAS;-217.854.435;-465.664.376;P01001 - VISTORIA DE FISCALIZACAO (C) (Prioridade: 2 - Média);1CIA IND (POCOS DE CALDAS);APF01375;Não;Não;Não;BOLETIM DE OCORRENCIA;Classificada;24/06/2021 21:35;Não
2021-17088076-3;(BM) 2021-030375598-001;24/06/2021 11:02;RUA CALGARY, Nº 154 - JARDIM CANADA II - PASSOS;-207.502.907;-466.110.577;W04000 - NADA CONSTATADO (C) (Prioridade: 3 - Baixa);1CIA IND/2CIA/1PEL(PASSOS);ASL00064;Não;Não;Não;BOLETIM DE OCORRENCIA;Classificada;24/06/2021 14:31;Não
2021-17088587-2;(BM) 2021-030377569-001;24/06/2021 11:44;AVENIDA URANIO, Nº S/N - JARDIM KENNEDY 2 - POCOS DE CALDAS;-218.374.848;-465.727.346;P01002 - VISTORIA DE LIBERACAO / EMISSAO DE AVCB (C) (Prioridade: 2 - Média);1CIA IND (POCOS DE CALDAS);APF01375;Não;Não;Não;BOLETIM DE OCORRENCIA;Classificada;24/06/2021 21:35;Não
2021-17088996-1;(BM) 2021-030386560-001;24/06/2021 12:29;RUA JOSE DONABELLA, Nº 593 - PASSOS;-207.028.971;-466.317.432;V01018 - VITIMA DE MAL NAO DEFINIDO (DISTURBIO) (C) (Prioridade: 1 - Alta);1CIA IND/2CIA/1PEL(PASSOS);UR0565;Não;Não;Não;BOLETIM DE OCORRENCIA;Classificada;24/06/2021 14:46;Não
2021-17089024-5;(BM) 2021-030386767-001;24/06/2021 12:35;RUA LAZARO GARCIA DE MELO, Nº 28 - JARDIM PLANALTO - PASSOS;-207.233.514;-466.248.861;O04012 - INCENDIO EM LOTE VAGO (AREA URBANA) (C) (Prioridade: 2 - Média);1CIA IND/2CIA/1PEL(PASSOS);ABTS0495;Não;Não;Não;BOLETIM DE OCORRENCIA;Classificada;24/06/2021 14:44;Não
2021-17090036-1;(BM) 2021-030396199-001;24/06/2021 14:04;AVENIDA JOSE CAETANO DE ANDRADE, Nº 60 - CANDEIAS - PASSOS;-207.223.473;-466.145.575;P01001 - VISTORIA DE FISCALIZACAO (C) (Prioridade: 2 - Média);1CIA IND/2CIA/PEL PREV E VIST(PASSOS);APF01362;Não;Não;Não;BOLETIM DE OCORRENCIA;Classificada;24/06/2021 14:44;Não
2021-17090165-4;(BM) 2021-030400383-001;24/06/2021 14:12;RUA RIO SAPUCAI, Nº 503 - SANTA LUZIA - PASSOS;-207.072.634;-466.024.774;V01018 - VITIMA DE MAL NAO DEFINIDO (DISTURBIO) (C) (Prioridade: 1 - Alta);1CIA IND/2CIA/1PEL(PASSOS);UR0565;Não;Não;Não;BOLETIM DE OCORRENCIA;Classificada;24/06/2021 14:46;Não
2021-17090378-5;(BM) 2021-030399621-001;24/06/2021 14:25;AVENIDA EXPEDICIONARIOS, Nº 229 - CENTRO - PASSOS;-207.215.504;-466.058.639;P01001 - VISTORIA DE FISCALIZACAO (C) (Prioridade: 2 - Média);1CIA IND/2CIA/PEL PREV E VIST(PASSOS);APF01362;Não;Não;Não;BOLETIM DE OCORRENCIA;Classificada;24/06/2021 15:25;Não
2021-17091635-1;(BM) 2021-030413720-001;24/06/2021 15:25;AVENIDA EXPEDICIONARIOS, Nº 209 - CENTRO - PASSOS;-207.215.699;-466.060.223;P01001 - VISTORIA DE FISCALIZACAO (C) (Prioridade: 2 - Média);1CIA IND/2CIA/PEL PREV E VIST(PASSOS);APF01362;Não;Não;Não;BOLETIM DE OCORRENCIA;Classificada;24/06/2021 15:44;Não
2021-17091991-6;(BM) 2021-030417967-001;24/06/2021 15:44;AVENIDA JUCA STOCKLER, Nº 1207 - NOVO HORIZONTE - PASSOS;-207.343.275;-466.032.121;P01001 - VISTORIA DE FISCALIZACAO (C) (Prioridade: 2 - Média);1CIA IND/2CIA/PEL PREV E VIST(PASSOS);APF01362;Não;Não;Não;BOLETIM DE OCORRENCIA;Classificada;24/06/2021 16:27;Não
2021-17092109-4;(BM) 2021-030426732-001;24/06/2021 15:53;RUA LOULOU / RUA TRES DE MAIO - BELO HORIZONTE - PASSOS;-207.244.913;-466.017.326;V01003 - VITIMA COM CRISE CONVULSIVA (C) (Prioridade: 1 - Alta);1CIA IND/2CIA/1PEL(PASSOS);UR0565;Não;Não;Não;BOLETIM DE OCORRENCIA;Classificada;24/06/2021 16:38;Não
2021-17093718-8;(BM) 2021-030450982-001;24/06/2021 17:21;RUA RIO VERDE, Nº 800 - SANTA LUZIA - PASSOS;-207.047.072;-466.014.801;V01020 - VITIMA COM PARADA CARDIORRESPIRATORIA (C) (Prioridade: 1 - Alta);1CIA IND/2CIA/1PEL(PASSOS);UR0565;Não;Não;Não;BOLETIM DE OCORRENCIA;Classificada;25/06/2021 01:11;Não
2021-17096834-5;(BM) 2021-030476965-001;24/06/2021 20:32;RUA MARIA DA FE, Nº 248 - COHAB 1 - PASSOS;-207.120.688;-466.251.936;V03018 - VITIMA DE QUEDA DA PROPRIA ALTURA (C) (Prioridade: 1 - Alta);1CIA IND/2CIA/1PEL(PASSOS);UR0565;Não;Não;Não;BOLETIM DE OCORRENCIA;Classificada;25/06/2021 01:11;Não
2021-17101466-6;(BM) 2021-030521933-001;25/06/2021 07:17;RUA PEDRO PONCIANO DE FREITAS, Nº S/N - JARDIM PINHEIROS 2 - PASSOS;-207.262.292;-466.245.507;V03018 - VITIMA DE QUEDA DA PROPRIA ALTURA (C) (Prioridade: 1 - Alta);1CIA IND/2CIA/1PEL(PASSOS);UR0565;Não;Não;Não;BOLETIM DE OCORRENCIA;Classificada;26/06/2021 07:22;Não
2021-17102920-3;(BM) 2021-030537557-001;25/06/2021 09:33;RUA DOUTOR CARVALHO, Nº 1455 - NOSSA SENHORA DAS GRAÇAS - PASSOS;-207.352.269;-466.037.303;Q03001 - TREINAMENTO DE COMBATE A INCENDIO (C) (Prioridade: 2 - Média);1CIA IND/2CIA/1PEL(PASSOS);BM1178490;Não;Não;Não;BOLETIM DE OCORRENCIA;Classificada;26/06/2021 07:21;Não
2021-17102923-1;(BM) 2021-030537061-001;25/06/2021 09:34;RUA CEREJEIRA, Nº 105 - SERRA DAS BRISAS - PASSOS;-207.357.669;-465.932.719;P01002 - VISTORIA DE LIBERACAO / EMISSAO DE AVCB (C) (Prioridade: 2 - Média);1CIA IND/2CIA/PEL PREV E VIST(PASSOS);APF01362;Não;Não;Não;BOLETIM DE OCORRENCIA;Classificada;26/06/2021 07:21;Não
2021-17103213-1;(BM) 2021-030540864-001;25/06/2021 09:57;RUA MARIA CONCEICAO DE LIMA, Nº 164 - SANTA CASA - PASSOS;-2.071.146;-466.096.198;P01001 - VISTORIA DE FISCALIZACAO (C) (Prioridade: 2 - Média);1CIA IND/2CIA/PEL PREV E VIST(PASSOS);APF01362;Não;Não;Não;BOLETIM DE OCORRENCIA;Classificada;26/06/2021 07:22;Não
2021-17103570-9;(BM) 2021-030544310-001;25/06/2021 10:17;RUA SANTA CASA, Nº 11 - SANTA CASA - PASSOS;-207.127.841;-466.109.985;P01001 - VISTORIA DE FISCALIZACAO (C) (Prioridade: 2 - Média);1CIA IND/2CIA/PEL PREV E VIST(PASSOS);APF01362;Não;Não;Não;BOLETIM DE OCORRENCIA;Classificada;26/06/2021 07:22;Não
2021-17103777-7;(BM) 2021-030546980-001;25/06/2021 10:33;RUA ACACIAS, Nº 587 - PANORAMA - PASSOS;-207.100.509;-466.176.315;P01001 - VISTORIA DE FISCALIZACAO (C) (Prioridade: 2 - Média);1CIA IND/2CIA/PEL PREV E VIST(PASSOS);APF01362;Não;Não;Não;BOLETIM DE OCORRENCIA;Classificada;26/06/2021 07:22;Não
2021-17103797-4;(BM) 2021-030547405-001;25/06/2021 10:36;RUA PANORAMA, Nº 612 - PANORAMA - PASSOS;-207.079.186;-466.178.778;P01001 - VISTORIA DE FISCALIZACAO (C) (Prioridade: 2 - Média);1CIA IND/2CIA/PEL PREV E VIST(PASSOS);APF01362;Não;Não;Não;BOLETIM DE OCORRENCIA;Classificada;26/06/2021 07:22;Não
2021-17104410-8;(BM) 2021-030555232-001;25/06/2021 11:18;AVENIDA CHICO XAVIER, Nº S/N - JARDIM PLANALTO - PASSOS;-207.197.803;-466.285.997;S06002 - CAPTURA DE ANIMAL SILVESTRE PERIGOSO / AGRESSIVO (C) (Prioridade: 2 - Média);1CIA IND/2CIA/1PEL(PASSOS);ASL00064;Não;Não;Não;BOLETIM DE OCORRENCIA;Classificada;26/06/2021 07:22;Não
2021-17104786-3;(BM) 2021-030560564-001;25/06/2021 11:50;FAZENDA 10004 - FAZENDA VISTA ALEGRE, Nº S/N - PASSOS;-208.417.358;-46.687.664;W98011 - SOLICITACAO DE APOIO (C) (Prioridade: 1 - Alta);1CIA IND/2CIA/1PEL(PASSOS);ABTS0495;Não;Sim;Não;BOLETIM DE OCORRENCIA;Classificada;26/06/2021 07:25;Não
2021-17105549-3;(BM) 2021-030569013-001;25/06/2021 13:13;RUA DOUTOR CARVALHO, Nº 530 - BELO HORIZONTE - PASSOS;-207.262.678;-466.070.942;V02202 - VITIMA DE CHOQUE DE MOTOCICLETA (C) (Prioridade: 1 - Alta);1CIA IND/2CIA/1PEL(PASSOS);UR0565;Não;Não;Não;BOLETIM DE OCORRENCIA;Classificada;26/06/2021 07:23;Não
2021-17106329-2;(BM) 2021-030577715-001;25/06/2021 14:09;CONDOMINIO SHANGRILA - PORTARIA/ENTRADA, Nº S/N - SAO JOSE DA BARRA;-207.158.687;-461.592.116;S02003 - AFOGAMENTO EM LAGO / LAGOA / REPRESA (C) (Prioridade: 1 - Alta);1CIA IND/2CIA/1PEL(PASSOS);ASL00064;Não;Não;Não;BOLETIM DE OCORRENCIA;Classificada;26/06/2021 07:24;Não
2021-17110063-0;(BM) 2021-030623785-001;25/06/2021 17:27;AVENIDA SABIA, Nº S/N - MUARAMA 2 - PASSOS;-20.733.048;-466.159.257;V02202 - VITIMA DE CHOQUE DE MOTOCICLETA (C) (Prioridade: 1 - Alta);1CIA IND/2CIA/1PEL(PASSOS);UR0565;Não;Não;Não;BOLETIM DE OCORRENCIA;Classificada;26/06/2021 07:23;Não
2021-17112933-1;(BM) 2021-030653230-001;25/06/2021 20:16;AVENIDA JUCA STOCKLER, Nº 2511 - SAO JOAQUIM - PASSOS;-207.478.143;-465.989.153;S06005 - CAPTURA DE INSETOS (C) (Prioridade: 2 - Média);1CIA IND/2CIA/1PEL(PASSOS);ABTS0495;Não;Não;Não;BOLETIM DE OCORRENCIA;Classificada;26/06/2021 07:22;Não
2021-17115691-0;(BM) 2021-030679777-002;25/06/2021 23:07;PRACA CORONEL FRANCISCO GOMES, Nº 46 - CENTRO - PASSOS;-207.164.972;-466.070.682;S04014 - SALVAMENTO DE PESSOA COM OBJETO PRESO AO CORPO (C) (Prioridade: 1 - Alta);1CIA IND/2CIA/1PEL(PASSOS);ASL00064;Não;Não;Não;BOLETIM DE OCORRENCIA;Classificada;26/06/2021 07:23;Não
2021-17119281-0;(BM) 2021-030707854-001;26/06/2021 06:41;PRACA FRANCISCO SALLES, Nº S/N - BELO HORIZONTE - PASSOS;-207.264.675;-466.045.971;S06003 - CAPTURA DE CAO PERIGOSO / AGRESSIVO (C) (Prioridade: 2 - Média);1CIA IND/2CIA/1PEL(PASSOS);ASL00064;Não;Não;Não;BOLETIM DE OCORRENCIA;Classificada;26/06/2021 07:22;Não
2021-17119287-7;(BM) 2021-030709383-001;26/06/2021 06:50;RUA ARAXA, Nº 330 - CENTRO - PASSOS;-20.726.175;-466.105.431;V01010 - VITIMA COM DOR TORACICA/SUSPEITA DE INFARTO (IAM) (C) (Prioridade: 1 - Alta);1CIA IND/2CIA/1PEL(PASSOS);UR0565;Não;Não;Não;BOLETIM DE OCORRENCIA;Classificada;26/06/2021 07:23;Não
2021-17119894-0;(BM) 2021-030713704-002;26/06/2021 08:15;CONDOMINIO SHANGRILA - PORTARIA/ENTRADA, Nº S/N - SAO JOSE DA BARRA;-207.158.687;-461.592.116;S02003 - AFOGAMENTO EM LAGO / LAGOA / REPRESA (C) (Prioridade: 1 - Alta);1CIA IND/2CIA/1PEL(PASSOS);ASL00064;Não;Não;Não;BOLETIM DE OCORRENCIA;Classificada;28/06/2021 00:15;Não
2021-17121923-9;(BM) 2021-030733395-001;26/06/2021 11:51;RUA JUIZ DE FORA, Nº S/N - COHAB 3 - PASSOS;-207.058.129;-466.263.854;V02102 - VITIMA DE ATROPELAMENTO POR MOTOCICLETA (C) (Prioridade: 1 - Alta);1CIA IND/2CIA/1PEL(PASSOS);UR0565;Não;Não;Não;BOLETIM DE OCORRENCIA;Classificada;26/06/2021 15:20;Não
2021-17122719-8;(BM) 2021-030757275-001;26/06/2021 13:28;RUA CAMPO FLORIDO, Nº 150 - JARDIM ELAINE - PASSOS;-206.967.278;-466.154.171;V03025 - VITIMA COM FERIMENTO DE CORTE/CONTUSAO (C) (Prioridade: 1 - Alta);1CIA IND/2CIA/1PEL(PASSOS);UR0565;Não;Não;Não;BOLETIM DE OCORRENCIA;Classificada;26/06/2021 15:20;Não
2021-17122778-7;;26/06/2021 13:33;AVENIDA JOSE CAETANO DE ANDRADE, Nº S/N - MUARAMA - PASSOS;-207.301.976;-466.154.665;O04012 - INCENDIO EM LOTE VAGO (AREA URBANA) (C) (Prioridade: 2 - Média);1CIA IND/2CIA/1PEL(PASSOS);;Não;Não;Não;FALTEF-NÃO ATENDIDA FALTA DE EFETIVO;Classificada;26/06/2021 14:14;Não
2021-17123430-2;(BM) 2021-030757366-001;26/06/2021 14:20;RUA RANDOLFO LEMOS VASCONCELOS JUNIOR, Nº S/N - CONDOMÍNIO VALE VERDE - PASSOS;-207.247.342;-465.877.754;V01018 - VITIMA DE MAL NAO DEFINIDO (DISTURBIO) (C) (Prioridade: 1 - Alta);1CIA IND/2CIA/1PEL(PASSOS);UR0565;Não;Não;Não;BOLETIM DE OCORRENCIA;Classificada;26/06/2021 15:20;Não
2021-17123755-7;;26/06/2021 14:41;RODOVIA MG 344, Nº S/N - CASSIA;-206.059.151;-468.965.632;O02027 - INCENDIO VEIC. AUTOMOTOR (EXCETO TANQUE/ONIBUS/MICRO-ONIBUS) (C) (Prioridade: 1 - Alta);1CIA IND/2CIA/1PEL(PASSOS);;Não;Não;Não;FALTEF-NÃO ATENDIDA FALTA DE EFETIVO;Classificada;26/06/2021 14:42;Não
2021-17124660-8;(BM) 2021-030765481-001;26/06/2021 15:34;RUA GOIANIA, Nº 268 - JARDIM COLEGIO DE PASSOS - PASSOS;-207.208.023;-465.934.037;V01007 - VITIMA COM DISPNEIA (FALTA DE AR) (C) (Prioridade: 1 - Alta);1CIA IND/2CIA/1PEL(PASSOS);UR0565;Não;Não;Não;BOLETIM DE OCORRENCIA;Classificada;26/06/2021 16:30;Não
2021-17125902-0;(BM) 2021-030774348-002;26/06/2021 16:50;RANCHO GROTAO, Nº S/N - SAO JOSE DA BARRA;-20.715.556;-46.175;S02003 - AFOGAMENTO EM LAGO / LAGOA / REPRESA (C) (Prioridade: 1 - Alta);1CIA IND/2CIA/1PEL(PASSOS);ASL00064;Não;Não;Não;BOLETIM DE OCORRENCIA;Classificada;28/06/2021 00:15;Não
2021-17126477-2;(BM) 2021-030791674-001;26/06/2021 17:25;RODOVIA BR 464 SAO JOAO BATISTA DO GLORIA / DELFINOPOLIS, Nº S/N - SAO JOAO BATISTA GLORIA;-206.197.406;-465.240.295;W10000 - DISPENSADA POR DUPLICIDADE DE EMPENHO COM OUTROS ORGAOS (C) (Prioridade: 1 - Alta);1CIA IND/2CIA/1PEL(PASSOS);UR0565;Não;Não;Não;BOLETIM DE OCORRENCIA;Classificada;27/06/2021 22:19;Não
2021-17129005-0;(BM) 2021-030827548-001;26/06/2021 19:47;RODOVIA MG 050, Nº S/N - MONSENHOR MESSIAS - PASSOS;-207.387.609;-46.597.429;V01003 - VITIMA COM CRISE CONVULSIVA (C) (Prioridade: 1 - Alta);1CIA IND/2CIA/1PEL(PASSOS);UR0565;Não;Não;Não;BOLETIM DE OCORRENCIA;Classificada;28/06/2021 00:15;Não
2021-17138541-7;(BM) 2021-030874225-001;27/06/2021 09:57;RUA CAETES, Nº S/N - NOSSA SENHORA APARECIDA - PASSOS;-20.743.907;-466.081.916;O04012 - INCENDIO EM LOTE VAGO (AREA URBANA) (C) (Prioridade: 2 - Média);1CIA IND/2CIA/1PEL(PASSOS);ABTS0495;Não;Não;Não;BOLETIM DE OCORRENCIA;Classificada;28/06/2021 00:15;Não
2021-17140285-1;;27/06/2021 13:38;CONDOMINIO SHANGRILA I - RUA ALUINO FERREIRA BORGES - ACESSO AO CONDOMINIO POR DO SOL, Nº S/N - SAO JOSE DA BARRA;-207.202.178;-461.451.022;S02006 - BUSCA E RECUPERACAO DE CADAVER SUBMERSO (EXCETO AFOGAMENTO) (C) (Prioridade: 2 - Média);1CIA IND/2CIA/1PEL(PASSOS);ASL00064;Não;Não;Não;DUPLICADA;Classificada;27/06/2021 19:42;Não
2021-17141503-6;(BM) 2021-030899166-001;27/06/2021 15:06;RUA MARIA JOSE MACHADO FRANCA, Nº 194 - COHAB 2 - PASSOS;-207.133.135;-466.312.802;V01007 - VITIMA COM DISPNEIA (FALTA DE AR) (C) (Prioridade: 1 - Alta);1CIA IND/2CIA/1PEL(PASSOS);UR0565;Não;Não;Não;BOLETIM DE OCORRENCIA;Classificada;28/06/2021 00:15;Não
2021-17142721-2;(BM) 2021-030910798-001;27/06/2021 16:22;RUA CANJERANUS, Nº 1121 - CANJERANUS - PASSOS;-207.099.502;-46.607.642;V01018 - VITIMA DE MAL NAO DEFINIDO (DISTURBIO) (C) (Prioridade: 1 - Alta);1CIA IND/2CIA/1PEL(PASSOS);UR0565;Não;Não;Não;BOLETIM DE OCORRENCIA;Classificada;28/06/2021 00:15;Não
2021-17143451-5;(BM) 2021-030918543-001;27/06/2021 17:08;RUA LIBRA, Nº 61 - SERRA VERDE - PASSOS;-207.392.019;-465.940.463;O04012 - INCENDIO EM LOTE VAGO (AREA URBANA) (C) (Prioridade: 2 - Média);1CIA IND/2CIA/1PEL(PASSOS);ABTS0495;Não;Não;Não;BOLETIM DE OCORRENCIA;Classificada;28/06/2021 00:15;Não
2021-17146285-4;(BM) 2021-030954757-001;27/06/2021 19:52;AVENIDA JUPITER, Nº 1020 - COHAB 3 - PASSOS;-207.062.537;-466.229.321;V02406 - VITIMA DE COLISAO ENTRE MOTOCICLETA X BICICLETA (C) (Prioridade: 1 - Alta);1CIA IND/2CIA/1PEL(PASSOS);UR0565;Não;Não;Não;BOLETIM DE OCORRENCIA;Classificada;28/06/2021 00:15;Não
2021-17147923-4;(BM) 2021-030957161-001;27/06/2021 21:45;PRACA GERALDO DA SILVA MAIA, Nº 11 - CENTRO - PASSOS;-207.209.187;-46.608.037;S06002 - CAPTURA DE ANIMAL SILVESTRE PERIGOSO / AGRESSIVO (C) (Prioridade: 2 - Média);1CIA IND/2CIA/1PEL(PASSOS);ASL00064;Não;Não;Não;BOLETIM DE OCORRENCIA;Classificada;28/06/2021 00:15;Não
2021-17149767-1;(BM) 2021-030975661-001;28/06/2021 00:04;RUA GUANABARA, Nº 1339 - RECANTO DA HARMONIA - PASSOS;-207.059.378;-465.992.985;V01013 - VITIMA DE EMERGENCIAS PSIQUIATRICAS (C) (Prioridade: 1 - Alta);1CIA IND/2CIA/1PEL(PASSOS);UR0565;Não;Não;Não;BOLETIM DE OCORRENCIA;Classificada;28/06/2021 06:54;Não
2021-17151522-7;(BM) 2021-030993347-001;28/06/2021 07:28;FAZENDA 30006 - FAZENDA SANTA RITA, Nº S/N - CASSIA;-204.794.643;-46.904.052;S02003 - AFOGAMENTO EM LAGO / LAGOA / REPRESA (C) (Prioridade: 1 - Alta);1CIA IND/2CIA/1PEL(PASSOS);ASL00064;Sim;Não;Não;BOLETIM DE OCORRENCIA;Classificada;30/06/2021 09:46;Não
2021-17151726-7;(BM) 2021-030994761-001;28/06/2021 07:57;CONDOMINIO SHANGRILA - PORTARIA/ENTRADA, Nº S/N - SAO JOSE DA BARRA;-207.158.687;-461.592.116;S02003 - AFOGAMENTO EM LAGO / LAGOA / REPRESA (C) (Prioridade: 1 - Alta);1CIA IND/2CIA/PEL PREV E VIST(PASSOS);APF01362;Não;Não;Não;BOLETIM DE OCORRENCIA;Classificada;02/07/2021 03:43;Não
2021-17153057-0;(BM) 2021-031022961-001;28/06/2021 10:03;PRACA TROVADOR, Nº S/N - NOVO HORIZONTE - PASSOS;-207.337.023;-46.600.252;W08000 - CANCELADA POR INDISPONIBILIDADE DE VIATURA (C) (Prioridade: 3 - Baixa);1CIA IND/2CIA/1PEL(PASSOS);UR0565;Não;Não;Não;BOLETIM DE OCORRENCIA;Classificada;28/06/2021 15:48;Não
2021-17153188-8;(BM) 2021-031071140-001;28/06/2021 10:13;RODOVIA MG 050, Km 367 - SANTA TEREZINHA - ITAU DE MINAS;;;O02027 - INCENDIO VEIC. AUTOMOTOR (EXCETO TANQUE/ONIBUS/MICRO-ONIBUS) (C) (Prioridade: 1 - Alta);1CIA IND/2CIA/1PEL(PASSOS);ABTS0495;Não;Não;Não;BOLETIM DE OCORRENCIA;Classificada;02/07/2021 03:43;Não
2021-17154113-4;(BM) 2021-031024475-001;28/06/2021 11:24;AVENIDA FRANCISCO SALLES, Nº 289 - CENTRO - POCOS DE CALDAS;-217.846.574;-465.674.609;P01002 - VISTORIA DE LIBERACAO / EMISSAO DE AVCB (C) (Prioridade: 2 - Média);1CIA IND (POCOS DE CALDAS);APF01375;Não;Não;Não;BOLETIM DE OCORRENCIA;Classificada;28/06/2021 17:02;Não
2021-17154331-5;(BM) 2021-031028761-001;28/06/2021 11:44;RUA DOM INACIO DALMONT, Nº 113 - CARMELO - PASSOS;-207.147.515;-466.062.059;V01001 - VITIMA DE ACIDENTE VASCULAR CEREBRAL (AVC) (C) (Prioridade: 1 - Alta);1CIA IND/2CIA/1PEL(PASSOS);UR0565;Não;Não;Não;FALTEF-NÃO ATENDIDA FALTA DE EFETIVO;Classificada;28/06/2021 11:48;Não
2021-17154433-5;(BM) 2021-031028718-001;28/06/2021 11:54;AVENIDA FRANCISCO SALLES, Nº 41 - CENTRO - POCOS DE CALDAS;-217.841.482;-465.708.275;P01001 - VISTORIA DE FISCALIZACAO (C) (Prioridade: 2 - Média);1CIA IND (POCOS DE CALDAS);APF01375;Não;Não;Não;BOLETIM DE OCORRENCIA;Classificada;28/06/2021 17:01;Não
2021-17154472-7;(BM) 2021-031029390-001;28/06/2021 11:57;AVENIDA FRANCISCO SALLES, Nº 59 - CENTRO - POCOS DE CALDAS;-217.843.262;-465.697.134;P01001 - VISTORIA DE FISCALIZACAO (C) (Prioridade: 2 - Média);1CIA IND (POCOS DE CALDAS);APF01375;Não;Não;Não;BOLETIM DE OCORRENCIA;Classificada;28/06/2021 17:01;Não
2021-17154923-4;;28/06/2021 12:46;AVENIDA SABIA, Nº S/N - MUARAMA 2 - PASSOS;-20.733.048;-466.159.257;W08000 - CANCELADA POR INDISPONIBILIDADE DE VIATURA (C) (Prioridade: 3 - Baixa);1CIA IND/2CIA/1PEL(PASSOS);ABTS0495;Não;Não;Não;ATENPO-ATENDIDA POR OUTROS ÓRGÃOS;Classificada;02/07/2021 03:40;Não
2021-17155719-3;(BM) 2021-031044463-001;28/06/2021 13:59;RUA JUNQUEIRAS, Nº 634 - CENTRO - POCOS DE CALDAS;-217.891.953;-465.663.268;P01001 - VISTORIA DE FISCALIZACAO (C) (Prioridade: 2 - Média);1CIA IND (POCOS DE CALDAS);APF01375;Não;Não;Não;BOLETIM DE OCORRENCIA;Classificada;28/06/2021 17:01;Não
2021-17155918-0;(BM) 2021-031094160-001;28/06/2021 14:10;PRACA VINTE E DOIS DE FEVEREIRO, Nº S/N - ANDRADAS;-220.705.652;-465.732.119;X03000 - EMPENHO ADMINISTRATIVO (C) (Prioridade: 2 - Média);1CIA IND (POCOS DE CALDAS);TPO01399;Não;Não;Não;BOLETIM DE OCORRENCIA;Classificada;28/06/2021 17:21;Não
2021-17155969-0;;28/06/2021 14:17;RUA DOIS DE NOVEMBRO, Nº 415 - SAO BENEDITO - PASSOS;-20.722.771;-466.036.103;W08000 - CANCELADA POR INDISPONIBILIDADE DE VIATURA (C) (Prioridade: 3 - Baixa);1CIA IND/2CIA/1PEL(PASSOS);UR0565;Não;Não;Não;ATENPO-ATENDIDA POR OUTROS ÓRGÃOS;Classificada;02/07/2021 03:41;Não
2021-17157211-0;(BM) 2021-031062779-001;28/06/2021 15:13;RUA GOIAS, Nº 149 - CENTRO - POCOS DE CALDAS;-21.780.949;-465.674.739;P01001 - VISTORIA DE FISCALIZACAO (C) (Prioridade: 2 - Média);1CIA IND (POCOS DE CALDAS);APF01375;Não;Não;Não;BOLETIM DE OCORRENCIA;Classificada;28/06/2021 17:01;Não
2021-17158092-8;(BM) 2021-031073922-001;28/06/2021 15:58;RUA MINAS GERAIS, Nº 369 - CENTRO - POCOS DE CALDAS;-217.819.806;-465.664.555;P01001 - VISTORIA DE FISCALIZACAO (C) (Prioridade: 2 - Média);1CIA IND (POCOS DE CALDAS);APF01375;Não;Não;Não;BOLETIM DE OCORRENCIA;Classificada;28/06/2021 17:04;Não
2021-17163286-3;(BM) 2021-031136673-001;28/06/2021 21:16;RUA GUAXUPE, Nº 349 - COHAB 2 - PASSOS;-207.278.713;-466.316.383;O02034 - INCENDIO EM CACAMBA DE LIXO / ENTULHO (C) (Prioridade: 2 - Média);1CIA IND/2CIA/1PEL(PASSOS);ABTS0495;Não;Não;Não;BOLETIM DE OCORRENCIA;Classificada;02/07/2021 03:41;Não
2021-17166187-8;(BM) 2021-031168036-001;29/06/2021 04:40;RODOVIA MG 050, Km 348, Nº S/N - PEROBAS - PASSOS;;;O02042 - INCENDIO EM ONIBUS/MICRO-ONIBUS (C) (Prioridade: 2 - Média);1CIA IND/2CIA/1PEL(PASSOS);ABTS0495;Não;Não;Não;BOLETIM DE OCORRENCIA;Classificada;02/07/2021 03:41;Não
2021-17167011-7;(BM) 2021-031176794-001;29/06/2021 08:03;RUA DOUTOR CARVALHO, Nº 1455 - NOSSA SENHORA DAS GRAÇAS - PASSOS;-207.352.269;-466.037.303;Q03001 - TREINAMENTO DE COMBATE A INCENDIO (C) (Prioridade: 2 - Média);1CIA IND/2CIA/1PEL(PASSOS);BM1178490;Não;Não;Não;BOLETIM DE OCORRENCIA;Classificada;30/06/2021 06:49;Não
2021-17167196-4;(BM) 2021-031178897-001;29/06/2021 08:24;CONDOMINIO SHANGRILA I - RUA ALUINO FERREIRA BORGES - ACESSO AO CONDOMINIO POR DO SOL, Nº S/N - SAO JOSE DA BARRA;-207.202.178;-461.451.022;S02003 - AFOGAMENTO EM LAGO / LAGOA / REPRESA (C) (Prioridade: 1 - Alta);1CIA IND/2CIA/1PEL(PASSOS);ASL00064;Não;Não;Não;BOLETIM DE OCORRENCIA;Classificada;30/06/2021 06:50;Não
2021-17167373-8;(BM) 2021-031180253-001;29/06/2021 08:39;RUA SANTA CATARINA, Nº 221 - BELA VISTA - PASSOS;-207.191.804;-465.972.199;S06001 - SALVAMENTO DE ANIMAL EM RISCO / PERIGO (C) (Prioridade: 2 - Média);1CIA IND/2CIA/1PEL(PASSOS);ABTS0495;Não;Não;Não;BOLETIM DE OCORRENCIA;Classificada;30/06/2021 06:49;Não
2021-17167869-3;(BM) 2021-031186025-001;29/06/2021 09:23;RUA VEREADOR JOAQUIM DE PADUA LEMOS, Nº 79 - COHAB 5 - PASSOS;-207.210.597;-466.378.421;V01004 - VITIMA COM CRISE DIABETICA / HIPOGLICEMIA (C) (Prioridade: 1 - Alta);1CIA IND/2CIA/1PEL(PASSOS);UR0565;Não;Não;Não;BOLETIM DE OCORRENCIA;Classificada;30/06/2021 06:51;Não
2021-17169176-8;(BM) 2021-031202387-001;29/06/2021 11:04;RUA CARLOS ANTONIO BONAZZI, Nº 71 - VILA OLIMPICA - POCOS DE CALDAS;-217.792.273;-466.064.568;P01001 - VISTORIA DE FISCALIZACAO (C) (Prioridade: 2 - Média);1CIA IND (POCOS DE CALDAS);APF01375;Não;Não;Não;BOLETIM DE OCORRENCIA;Classificada;29/06/2021 17:57;Não
2021-17169310-9;(BM) 2021-031205380-001;29/06/2021 11:14;RUA PINTASSILGO, Nº 404 - PARQUE DA FAZENDA - PASSOS;-207.372.684;-466.071.489;V01013 - VITIMA DE EMERGENCIAS PSIQUIATRICAS (C) (Prioridade: 1 - Alta);1CIA IND/2CIA/1PEL(PASSOS);UR0565;Não;Não;Não;BOLETIM DE OCORRENCIA;Classificada;30/06/2021 06:51;Não
2021-17169492-8;(BM) 2021-031206620-001;29/06/2021 11:30;RUA ANTONIO MATAVELLI SOBRINHO, Nº 109 - VILA FLORA 2 - POCOS DE CALDAS;;;P01001 - VISTORIA DE FISCALIZACAO (C) (Prioridade: 2 - Média);1CIA IND (POCOS DE CALDAS);APF01375;Não;Não;Não;BOLETIM DE OCORRENCIA;Classificada;29/06/2021 17:57;Não
2021-17169717-6;(BM) 2021-031210280-001;29/06/2021 11:56;RUA ANTONIO MATAVELLI SOBRINHO, Nº 295 - POCOS DE CALDAS;;;P01001 - VISTORIA DE FISCALIZACAO (C) (Prioridade: 2 - Média);1CIA IND (POCOS DE CALDAS);APF01375;Não;Não;Não;BOLETIM DE OCORRENCIA;Classificada;29/06/2021 17:57;Não
2021-17170941-7;(BM) 2021-031224320-001;29/06/2021 13:49;AVENIDA DOUTOR ULISSES SILVA, Nº 65 - CENTRO - BOTELHOS;-216.507.054;-463.948.012;P01002 - VISTORIA DE LIBERACAO / EMISSAO DE AVCB (C) (Prioridade: 2 - Média);1CIA IND (POCOS DE CALDAS);APF01375;Não;Não;Não;BOLETIM DE OCORRENCIA;Classificada;29/06/2021 17:57;Não
2021-17171759-9;(BM) 2021-031235270-001;29/06/2021 14:38;TRAVESSA CANOAS, Nº S/N - NOVO HORIZONTE - PASSOS;-2.073.434;-466.020.918;O02001 - INCENDIO EM RESIDENCIA/HABITACAO UNIFAMILIAR (CASA) (C) (Prioridade: 1 - Alta);1CIA IND/2CIA/1PEL(PASSOS);ABTS0495;Não;Não;Não;BOLETIM DE OCORRENCIA;Classificada;30/06/2021 06:50;Não
2021-17172085-2;(BM) 2021-031239526-001;29/06/2021 14:56;RODOVIA MG 050, Nº S/N - MONSENHOR MESSIAS - PASSOS;-207.391.965;-465.994.767;Y40035 - APOIO DE SOLO EM OPERACOES AEREAS (C) (Prioridade: 2 - Média);1CIA IND/2CIA/1PEL(PASSOS);UR0565;Não;Não;Não;BOLETIM DE OCORRENCIA;Classificada;30/06/2021 06:50;Não
2021-17172689-0;(BM) 2021-031247507-001;29/06/2021 15:28;RUA SAO JOSE, Nº 383 - COUNTRY CLUB - POCOS DE CALDAS;-217.879.543;-465.915.699;Q02010 - PALESTRA DE DEFESA CIVIL (C) (Prioridade: 2 - Média);1CIA IND (POCOS DE CALDAS);BM1363811;Não;Não;Não;BOLETIM DE OCORRENCIA;Classificada;30/06/2021 06:32;Não
2021-17172966-9;(BM) 2021-031251089-001;29/06/2021 15:44;AVENIDA MAJOR ANTONIO ALBERTO FERNANDES, Nº 108 - CENTRO - BOTELHOS;-216.476.158;-463.948.803;P01001 - VISTORIA DE FISCALIZACAO (C) (Prioridade: 2 - Média);1CIA IND (POCOS DE CALDAS);APF01375;Não;Não;Não;BOLETIM DE OCORRENCIA;Classificada;29/06/2021 17:57;Não
2021-17173273-8;(BM) 2021-031254916-001;29/06/2021 16:03;PRACA VIRGILIO SILVA, Nº 15 - CENTRO - BOTELHOS;-216.433.597;-463.955.505;P01001 - VISTORIA DE FISCALIZACAO (C) (Prioridade: 2 - Média);1CIA IND (POCOS DE CALDAS);APF01375;Não;Não;Não;BOLETIM DE OCORRENCIA;Classificada;29/06/2021 17:57;Não
2021-17173794-0;(BM) 2021-031261344-002;29/06/2021 16:31;RUA GUANABARA, Nº 629 - CENTRO - BOTELHOS;-216.407.785;-463.993.395;P01001 - VISTORIA DE FISCALIZACAO (C) (Prioridade: 2 - Média);1CIA IND (POCOS DE CALDAS);APF01375;Não;Não;Não;BOLETIM DE OCORRENCIA;Classificada;29/06/2021 17:57;Não
2021-17174373-8;(BM) 2021-031331567-001;29/06/2021 17:02;AVENIDA EXPEDICIONARIOS, Nº S/N - MIRANTE DO VALE - PASSOS;-207.256.744;-465.818.365;V03018 - VITIMA DE QUEDA DA PROPRIA ALTURA (C) (Prioridade: 1 - Alta);1CIA IND/2CIA/1PEL(PASSOS);UR0565;Não;Não;Não;BOLETIM DE OCORRENCIA;Classificada;30/06/2021 06:51;Não
2021-17177650-2;(BM) 2021-031304564-001;29/06/2021 20:30;AVENIDA COMENDADOR FRANCISCO A MAIA, Nº 4050 - EXPOSICAO - PASSOS;-207.333.293;-466.060.067;V01018 - VITIMA DE MAL NAO DEFINIDO (DISTURBIO) (C) (Prioridade: 1 - Alta);1CIA IND/2CIA/1PEL(PASSOS);UR0565;Não;Não;Não;BOLETIM DE OCORRENCIA;Classificada;30/06/2021 06:51;Não
2021-17178239-7;(BM) 2021-031311280-001;29/06/2021 21:17;RUA TROVADOR, Nº 49 - NOVO HORIZONTE - PASSOS;-207.332.528;-465.996.376;V03005 - VITIMA DE AGRESSAO FISICA SEM USO DE ARMA (C) (Prioridade: 1 - Alta);1CIA IND/2CIA/1PEL(PASSOS);UR0565;Não;Não;Não;BOLETIM DE OCORRENCIA;Classificada;30/06/2021 06:51;Não
2021-17182193-1;(BM) 2021-031354611-001;30/06/2021 08:00;RUA LAVRAS, Nº 250 - MARIO MAGALHAES - PASSOS;-207.250.086;-466.126.261;V01003 - VITIMA COM CRISE CONVULSIVA (C) (Prioridade: 1 - Alta);1CIA IND/2CIA/1PEL(PASSOS);UR0565;Não;Não;Não;BOLETIM DE OCORRENCIA;Classificada;01/07/2021 07:46;Não
2021-17182842-2;(BM) 2021-031407865-001;30/06/2021 09:02;RUA DELFIM MOREIRA, Nº 62 - CENTRO - CARMO DO RIO CLARO;-20.970.165;-461.214.645;P01001 - VISTORIA DE FISCALIZACAO (C) (Prioridade: 2 - Média);1CIA IND/2CIA/PEL PREV E VIST(PASSOS);APF01362;Não;Não;Não;BOLETIM DE OCORRENCIA;Classificada;01/07/2021 07:47;Não
2021-17182848-9;(BM) 2021-031362661-001;30/06/2021 09:04;RODOVIA GERALDO MARTINS COSTA, Nº 559 - JARDIM DO CONTORNO - POCOS DE CALDAS;-218.211.699;-465.630.728;P01002 - VISTORIA DE LIBERACAO / EMISSAO DE AVCB (C) (Prioridade: 2 - Média);1CIA IND (POCOS DE CALDAS);APF01375;Não;Não;Não;BOLETIM DE OCORRENCIA;Classificada;01/07/2021 07:32;Não
2021-17182933-6;(BM) 2021-031379396-001;30/06/2021 09:10;RUA DOUTOR CARVALHO, Nº 1455 - NOSSA SENHORA DAS GRAÇAS - PASSOS;-207.352.269;-466.037.303;Q02007 - PALESTRA DE PREVENCAO E COMBATE A INCENDIO E PANICO (PCIP) (C) (Prioridade: 2 - Média);1CIA IND/2CIA/1PEL(PASSOS);BM1274612;Não;Não;Não;BOLETIM DE OCORRENCIA;Classificada;01/07/2021 07:47;Não
2021-17184029-9;(BM) 2021-031379790-001;30/06/2021 10:41;AVENIDA MARECHAL CASTELO BRANCO, Nº 38 - JARDIM SAO PAULO - POCOS DE CALDAS;-217.885.811;-465.516.955;P01002 - VISTORIA DE LIBERACAO / EMISSAO DE AVCB (C) (Prioridade: 2 - Média);1CIA IND (POCOS DE CALDAS);APF01375;Não;Não;Não;BOLETIM DE OCORRENCIA;Classificada;01/07/2021 07:32;Não
2021-17185556-0;(BM) 2021-031395436-001;30/06/2021 13:09;AVENIDA JOAO PINHEIRO, Nº 330 - PARQUE VEU DAS NOIVAS - POCOS DE CALDAS;-217.755.699;-46.616.388;P01002 - VISTORIA DE LIBERACAO / EMISSAO DE AVCB (C) (Prioridade: 2 - Média);1CIA IND (POCOS DE CALDAS);APF01375;Não;Não;Não;BOLETIM DE OCORRENCIA;Classificada;01/07/2021 07:34;Não
2021-17186195-9;(BM) 2021-031402862-001;30/06/2021 14:04;AVENIDA JOAO PINHEIRO, Nº 3259 - VILA TOGNI - POCOS DE CALDAS;-217.811.686;-466.031.763;P01001 - VISTORIA DE FISCALIZACAO (C) (Prioridade: 2 - Média);1CIA IND (POCOS DE CALDAS);APF01375;Não;Não;Não;BOLETIM DE OCORRENCIA;Classificada;01/07/2021 07:34;Não
2021-17186199-0;(BM) 2021-031402994-001;30/06/2021 14:05;RUA BOROROS, Nº 30 - VILA OLIMPICA - POCOS DE CALDAS;-217.806.379;-466.050.942;P01001 - VISTORIA DE FISCALIZACAO (C) (Prioridade: 2 - Média);1CIA IND (POCOS DE CALDAS);APF01375;Não;Não;Não;BOLETIM DE OCORRENCIA;Classificada;01/07/2021 07:34;Não
2021-17186541-8;;30/06/2021 14:26;RUA CAETANO PETERLE, Nº S/N - POCOS DE CALDAS;-217.851.451;-465.963.044;W04000 - NADA CONSTATADO (C) (Prioridade: 3 - Baixa);1CIA IND (POCOS DE CALDAS);APF01375;Não;Não;Não;W04000-NADA CONSTATADO;Classificada;30/06/2021 15:52;Não
2021-17186543-3;(BM) 2021-031407207-001;30/06/2021 14:27;AVENIDA JOAO PINHEIRO, Nº 2952 - JARDIM ELIZABETE - POCOS DE CALDAS;-217.823.089;-466.005.009;P01001 - VISTORIA DE FISCALIZACAO (C) (Prioridade: 2 - Média);1CIA IND (POCOS DE CALDAS);APF01375;Não;Não;Não;BOLETIM DE OCORRENCIA;Classificada;01/07/2021 07:34;Não
2021-17186609-0;(BM) 2021-031408255-001;30/06/2021 14:30;RUA JOAO KIRCHNER, Nº 44 - ITAU DE MINAS;-207.422.975;-46.755.122;P01002 - VISTORIA DE LIBERACAO / EMISSAO DE AVCB (C) (Prioridade: 2 - Média);1CIA IND/2CIA/PEL PREV E VIST(PASSOS);APF01362;Não;Não;Não;BOLETIM DE OCORRENCIA;Classificada;01/07/2021 07:47;Não
2021-17187231-6;(BM) 2021-031415952-001;30/06/2021 15:00;RUA GIUSEPPE MAIOCHI, Nº 68 - POCOS DE CALDAS;-217.877.762;-466.022.709;P01001 - VISTORIA DE FISCALIZACAO (C) (Prioridade: 2 - Média);1CIA IND (POCOS DE CALDAS);APF01375;Não;Não;Não;BOLETIM DE OCORRENCIA;Classificada;01/07/2021 07:34;Não
2021-17187519-4;(BM) 2021-031424559-001;30/06/2021 15:17;RODOVIA MG 050, Nº 809 - SERRA DAS BRISAS - PASSOS;-207.377.222;-465.930.322;P01002 - VISTORIA DE LIBERACAO / EMISSAO DE AVCB (C) (Prioridade: 2 - Média);1CIA IND/2CIA/PEL PREV E VIST(PASSOS);APF01362;Não;Não;Não;BOLETIM DE OCORRENCIA;Classificada;01/07/2021 07:46;Não
2021-17187936-1;(BM) 2021-031425083-001;30/06/2021 15:39;RUA LAVRAS, Nº 605 - MARIO MAGALHAES - PASSOS;-207.278.875;-466.111.889;P01002 - VISTORIA DE LIBERACAO / EMISSAO DE AVCB (C) (Prioridade: 2 - Média);1CIA IND/2CIA/PEL PREV E VIST(PASSOS);APF01362;Não;Não;Não;BOLETIM DE OCORRENCIA;Classificada;01/07/2021 07:46;Não
2021-17188891-0;(BM) 2021-031436240-001;30/06/2021 16:32;AVENIDA SABIA, Nº S/N - MUARAMA 2 - PASSOS;-20.733.048;-466.159.257;S06002 - CAPTURA DE ANIMAL SILVESTRE PERIGOSO / AGRESSIVO (C) (Prioridade: 2 - Média);1CIA IND/2CIA/1PEL(PASSOS);UR0565;Não;Não;Não;BOLETIM DE OCORRENCIA;Classificada;01/07/2021 07:46;Não
2021-17189129-0;(BM) 2021-031440630-001;30/06/2021 16:53;RUA ANTONIO MILTON DE FARIA, Nº 215 - JARDIM CANADA - PASSOS;-207.497.911;-466.074.262;O04012 - INCENDIO EM LOTE VAGO (AREA URBANA) (C) (Prioridade: 2 - Média);1CIA IND/2CIA/1PEL(PASSOS);ABTS0495;Não;Não;Não;BOLETIM DE OCORRENCIA;Classificada;01/07/2021 07:46;Não
2021-17193088-9;(BM) 2021-031487191-001;30/06/2021 21:22;RUA FLORIANOPOLIS, Nº 524 - JARDIM COLEGIO DE PASSOS - PASSOS;-207.183.326;-465.926.707;W10000 - DISPENSADA POR DUPLICIDADE DE EMPENHO COM OUTROS ORGAOS (C) (Prioridade: 1 - Alta);1CIA IND/2CIA/1PEL(PASSOS);UR0565;Não;Não;Não;BOLETIM DE OCORRENCIA;Classificada;01/07/2021 07:46;Não
2021-17193667-6;(BM) 2021-031490299-001;30/06/2021 22:10;RUA ITABIRA, Nº 411 - CALIFORNIA - PASSOS;-207.036.576;-466.177.796;V03021 - VITIMA DE SUICIDIO (TENTATIVA) - APH TRAUMA (C) (Prioridade: 1 - Alta);1CIA IND/2CIA/1PEL(PASSOS);UR0565;Não;Não;Não;BOLETIM DE OCORRENCIA;Classificada;01/07/2021 07:46;Não
