Nº chamada;Nº REDS;Data/hora de criação;Local do fato;Latitude  do local;Longitude do local;Natureza;Unidade Responsável;Recursos empenhados;Alerta;Destaque;Envolve autoridade;Tipo de classificação;Situação;Data/hora da situação atual;Evento associado
2021-15166266-6;(BM) 2021-010430236-001;01/03/2021 04:48;RUA VINTE E SEIS, Nº 12 - TROPICAL - CONTAGEM;-199.195.856;-441.160.879;X03000 - EMPENHO ADMINISTRATIVO (C) (Prioridade: 2 - Média);1CIA IND/2CIA/1PEL(PASSOS);ABTS0495;Não;Não;Não;BOLETIM DE OCORRENCIA;Classificada;02/03/2021 06:19;Não
2021-15166530-2;(BM) 2021-010433032-001;01/03/2021 06:27;AVENIDA QUEROBINO MOURAO FILHO, Nº 889 - BELA VISTA - PIUMHI;-204.622.914;-459.456.346;X01000 - SUPERVISAO (C) (Prioridade: 3 - Baixa);1CIA IND/2CIA/PEL PREV E VIST(PASSOS);APF01362;Não;Não;Não;BOLETIM DE OCORRENCIA;Classificada;02/03/2021 06:43;Não
2021-15167846-1;(BM) 2021-010450120-001;01/03/2021 09:00;RUA DOUTOR CARVALHO, Nº 1455 - NOSSA SENHORA DAS GRAÇAS - PASSOS;-207.352.269;-466.037.303;Q03001 - TREINAMENTO DE COMBATE A INCENDIO (C) (Prioridade: 2 - Média);1CIA IND/2CIA/1PEL(PASSOS);UR0565;Não;Não;Não;BOLETIM DE OCORRENCIA;Classificada;02/03/2021 06:20;Não
2021-15167875-0;(BM) 2021-010450068-001;01/03/2021 09:02;AVENIDA COMENDADOR FRANCISCO A MAIA, Nº 1770 - SANTA CASA - PASSOS;-207.144.218;-46.612.496;P01002 - VISTORIA DE LIBERACAO / EMISSAO DE AVCB (C) (Prioridade: 2 - Média);1CIA IND/2CIA/1PEL(PASSOS);ASL00064;Não;Não;Não;BOLETIM DE OCORRENCIA;Classificada;02/03/2021 06:25;Não
2021-15169136-7;(BM) 2021-010462019-001;01/03/2021 10:28;RUA BUENOS AIRES, Nº 989 - PANORAMA - PASSOS;-2.070.462;-466.209.595;P02003 - VISTORIA EM LOTE VAGO (C) (Prioridade: 2 - Média);1CIA IND/2CIA/1PEL(PASSOS);UR0565;Não;Não;Não;BOLETIM DE OCORRENCIA;Classificada;02/03/2021 06:22;Não
2021-15169707-6;(BM) 2021-010480744-001;01/03/2021 11:08;RUA BUENOS AIRES, Nº 1039 - COHAB 3 - PASSOS;-207.044.165;-466.212.294;P02003 - VISTORIA EM LOTE VAGO (C) (Prioridade: 2 - Média);1CIA IND/2CIA/1PEL(PASSOS);UR0565;Não;Não;Não;BOLETIM DE OCORRENCIA;Classificada;02/03/2021 06:24;Não
2021-15170334-8;(BM) 2021-010480703-001;01/03/2021 11:54;RUA BUENOS AIRES, Nº 1089 - COHAB 3 - PASSOS;-207.041.737;-466.215.821;P02003 - VISTORIA EM LOTE VAGO (C) (Prioridade: 2 - Média);1CIA IND/2CIA/1PEL(PASSOS);UR0565;Não;Não;Não;BOLETIM DE OCORRENCIA;Classificada;02/03/2021 06:26;Não
2021-15170586-0;(BM) 2021-010490003-001;01/03/2021 12:21;RUA BUENOS AIRES, Nº 1169 - COHAB 3 - PASSOS;-20.718.737;-466.316.531;P02003 - VISTORIA EM LOTE VAGO (C) (Prioridade: 2 - Média);1CIA IND/2CIA/1PEL(PASSOS);UR0565;Não;Não;Não;BOLETIM DE OCORRENCIA;Classificada;02/03/2021 06:29;Não
2021-15171049-7;(BM) 2021-010490057-001;01/03/2021 13:06;RUA BUENOS AIRES, Nº 1179 - COHAB 3 - PASSOS;-207.039.601;-466.219.036;P02003 - VISTORIA EM LOTE VAGO (C) (Prioridade: 2 - Média);1CIA IND/2CIA/1PEL(PASSOS);UR0565;Não;Não;Não;BOLETIM DE OCORRENCIA;Classificada;02/03/2021 06:30;Não
2021-15171392-0;(BM) 2021-010490802-001;01/03/2021 13:31;RUA CANTO DA PENHA, Nº 21 - PENHA - PASSOS;-207.146.902;-466.225.972;V01004 - VITIMA COM CRISE DIABETICA / HIPOGLICEMIA (C) (Prioridade: 1 - Alta);1CIA IND/2CIA/1PEL(PASSOS);UR0565;Não;Não;Não;BOLETIM DE OCORRENCIA;Classificada;02/03/2021 06:33;Não
2021-15171398-6;(BM) 2021-010490098-001;01/03/2021 13:32;RUA DOUTOR CARVALHO, Nº 1040 - BELO HORIZONTE - PASSOS;-207.305.485;-466.056.198;P01002 - VISTORIA DE LIBERACAO / EMISSAO DE AVCB (C) (Prioridade: 2 - Média);1CIA IND/2CIA/1PEL(PASSOS);ASL00064;Não;Não;Não;BOLETIM DE OCORRENCIA;Classificada;02/03/2021 06:41;Não
2021-15171795-6;(BM) 2021-010557551-001;01/03/2021 14:00;AVENIDA ANTONIO ADAO DA SILVA, Nº S/N - PENHA 2 - PASSOS;-207.191.081;-466.319.509;O02019 - INCENDIO EM TANQUES / RESERVATORIOS DE COMBUSTIVEIS (C) (Prioridade: 1 - Alta);1CIA IND/2CIA/1PEL(PASSOS);ABS01111;Não;Não;Não;BOLETIM DE OCORRENCIA;Classificada;02/03/2021 07:04;Não
2021-15172414-6;(BM) 2021-010506218-001;01/03/2021 14:37;RUA CAMPOS ALTOS, Nº 180 - JARDIM ELAINE - PASSOS;-20.695.783;-466.152.143;P02003 - VISTORIA EM LOTE VAGO (C) (Prioridade: 2 - Média);1CIA IND/2CIA/1PEL(PASSOS);UR0565;Não;Não;Não;BOLETIM DE OCORRENCIA;Classificada;02/03/2021 06:31;Não
2021-15172750-3;(BM) 2021-010506443-001;01/03/2021 14:53;RUA IMPERIAL, Nº 163 - RESIDENCIAL PORTAL DAS PALMEIRAS - PASSOS;-206.981.449;-466.082.254;P02003 - VISTORIA EM LOTE VAGO (C) (Prioridade: 2 - Média);1CIA IND/2CIA/1PEL(PASSOS);UR0565;Não;Não;Não;BOLETIM DE OCORRENCIA;Classificada;02/03/2021 06:34;Não
2021-15173450-5;(BM) 2021-010522719-001;01/03/2021 15:27;RUA IMPERIAL, Nº 151 - PASSOS;-206.981.892;-46.608.467;P02003 - VISTORIA EM LOTE VAGO (C) (Prioridade: 2 - Média);1CIA IND/2CIA/1PEL(PASSOS);UR0565;Não;Não;Não;BOLETIM DE OCORRENCIA;Classificada;02/03/2021 06:32;Não
2021-15174644-7;(BM) 2021-010531841-001;01/03/2021 16:35;AVENIDA JUCA STOCKLER, Nº S/N - SAO JOAQUIM - PASSOS;-207.420.993;-46.600.964;V02202 - VITIMA DE CHOQUE DE MOTOCICLETA (C) (Prioridade: 1 - Alta);1CIA IND/2CIA/1PEL(PASSOS);UR0565;Não;Não;Não;BOLETIM DE OCORRENCIA;Classificada;02/03/2021 06:35;Não
2021-15175606-3;(BM) 2021-010544013-001;01/03/2021 17:31;AVENIDA COMENDADOR FRANCISCO A MAIA, Nº S/N - SANTA CASA - PASSOS;-207.146.788;-466.127.072;V02202 - VITIMA DE CHOQUE DE MOTOCICLETA (C) (Prioridade: 1 - Alta);1CIA IND/2CIA/1PEL(PASSOS);UR0565;Não;Não;Não;BOLETIM DE OCORRENCIA;Classificada;02/03/2021 06:38;Não
2021-15177830-8;(BM) 2021-010568655-001;01/03/2021 19:31;RUA JOSE PEREIRA LEMOS, Nº 189 - NOVA PASSOS - PASSOS;-207.062.131;-466.324.413;S06001 - SALVAMENTO DE ANIMAL EM RISCO / PERIGO (C) (Prioridade: 2 - Média);1CIA IND/2CIA/1PEL(PASSOS);ASL00064;Não;Não;Não;BOLETIM DE OCORRENCIA;Classificada;02/03/2021 06:41;Não
2021-15177941-9;(BM) 2021-010569935-001;01/03/2021 19:39;AVENIDA JOSE CAETANO DE ANDRADE, Nº 281 - MARIO MAGALHAES - PASSOS;-207.241.241;-466.137.708;S05306 - COLISAO ENTRE MOTOCICLETA X BICICLETA (C) (Prioridade: 1 - Alta);1CIA IND/2CIA/1PEL(PASSOS);UR0565;Não;Não;Não;BOLETIM DE OCORRENCIA;Classificada;02/03/2021 06:38;Não
2021-15178937-7;(BM) 2021-010580781-001;01/03/2021 20:48;RUA AURORA, Nº S/N - BELO HORIZONTE - PASSOS;-20.724.585;-46.603.316;O02027 - INCENDIO EM VEICULO AUTOMOTOR (EXCETO TANQUE DE CARGA) (C) (Prioridade: 1 - Alta);1CIA IND/2CIA/1PEL(PASSOS);ABTS0495;Não;Não;Não;BOLETIM DE OCORRENCIA;Classificada;02/03/2021 06:43;Não
2021-15185193-1;(BM) 2021-010662589-001;02/03/2021 10:13;AVENIDA ESTACAO, Nº S/N - PARQUE DA ESTACAO - PASSOS;-20.707.448;-466.107.269;P02003 - VISTORIA EM LOTE VAGO (C) (Prioridade: 2 - Média);1CIA IND/2CIA/1PEL(PASSOS);UR0565;Não;Não;Não;BOLETIM DE OCORRENCIA;Classificada;03/03/2021 07:51;Não
2021-15185672-4;(BM) 2021-010662510-001;02/03/2021 10:46;RUA BOIADEIROS, Nº 527 - PENHA - PASSOS;-207.176.008;-46.620.488;V03018 - VITIMA DE QUEDA DA PROPRIA ALTURA (C) (Prioridade: 1 - Alta);1CIA IND/2CIA/1PEL(PASSOS);UR0565;Não;Não;Não;BOLETIM DE OCORRENCIA;Classificada;03/03/2021 07:50;Não
2021-15186526-8;(BM) 2021-010667594-001;02/03/2021 11:50;RUA DOUTOR SEPULVEDA, Nº S/N - SANTA CASA - PASSOS;-207.105.701;-466.129.292;P02003 - VISTORIA EM LOTE VAGO (C) (Prioridade: 2 - Média);1CIA IND/2CIA/1PEL(PASSOS);UR0565;Não;Não;Não;BOLETIM DE OCORRENCIA;Classificada;03/03/2021 07:51;Não
2021-15186767-4;(BM) 2021-010670438-001;02/03/2021 12:12;TRAVESSA MOGIANA, Nº 17 - PARQUE DA ESTACAO - PASSOS;-207.056.884;-46.610.266;P02003 - VISTORIA EM LOTE VAGO (C) (Prioridade: 2 - Média);1CIA IND/2CIA/1PEL(PASSOS);UR0565;Não;Não;Não;BOLETIM DE OCORRENCIA;Classificada;03/03/2021 07:51;Não
2021-15186999-0;(BM) 2021-010673052-001;02/03/2021 12:36;RUA GOIAS, Nº S/N - SANTA LUZIA - PASSOS;-207.077.147;-466.045.927;P02003 - VISTORIA EM LOTE VAGO (C) (Prioridade: 2 - Média);1CIA IND/2CIA/1PEL(PASSOS);UR0565;Não;Não;Não;BOLETIM DE OCORRENCIA;Classificada;03/03/2021 07:51;Não
2021-15187216-6;(BM) 2021-010675393-001;02/03/2021 12:58;RUA DOUTOR SEPULVEDA, Nº S/N - SANTA CASA - PASSOS;-207.105.701;-466.129.292;P02003 - VISTORIA EM LOTE VAGO (C) (Prioridade: 2 - Média);1CIA IND/2CIA/1PEL(PASSOS);UR0565;Não;Não;Não;BOLETIM DE OCORRENCIA;Classificada;03/03/2021 07:51;Não
2021-15187370-6;(BM) 2021-010677100-001;02/03/2021 13:11;AVENIDA OLIVEIRA REZENDE, Nº S/N - VILA ALZA - SAO SEBASTIAO PARAISO;-209.172.382;-4.699.897;X03000 - EMPENHO ADMINISTRATIVO (C) (Prioridade: 2 - Média);1CIA IND/2CIA/PEL PREV E VIST(PASSOS);APF01362 / ABTS10498 / UR00112;Não;Não;Não;BOLETIM DE OCORRENCIA;Classificada;03/03/2021 07:50;Não
2021-15187658-4;(BM) 2021-010680656-001;02/03/2021 13:34;RUA JONY P. DE VASCONCELOS, Nº 90 - NOSSA SENHORA DE FATIMA - PASSOS;-207.021.426;-466.112.702;P02003 - VISTORIA EM LOTE VAGO (C) (Prioridade: 2 - Média);1CIA IND/2CIA/1PEL(PASSOS);UR0565;Não;Não;Não;BOLETIM DE OCORRENCIA;Classificada;03/03/2021 07:50;Não
2021-15187923-3;(BM) 2021-010683831-001;02/03/2021 13:52;RUA JOAO DAHER, Nº 96 - PARQUE DA ESTACAO - PASSOS;-207.020.036;-466.109.567;P02003 - VISTORIA EM LOTE VAGO (C) (Prioridade: 2 - Média);1CIA IND/2CIA/1PEL(PASSOS);UR0565;Não;Não;Não;BOLETIM DE OCORRENCIA;Classificada;03/03/2021 07:50;Não
2021-15188185-0;(BM) 2021-010687162-001;02/03/2021 14:09;RUA PINTASSILGO, Nº 167 - NOSSA SENHORA DAS GRAÇAS - PASSOS;-207.370.929;-466.061.963;V02202 - VITIMA DE CHOQUE DE MOTOCICLETA (C) (Prioridade: 1 - Alta);1CIA IND/2CIA/1PEL(PASSOS);UR0565;Não;Não;Não;BOLETIM DE OCORRENCIA;Classificada;03/03/2021 08:04;Não
2021-15192452-8;(BM) 2021-010739405-001;02/03/2021 17:45;RUA SANTA INES, Nº 136 - CENTRO - PASSOS;-207.258.555;-466.087.117;S04009 - SALVAMENTO DE PESSOA PRESA EM IMOVEL (C) (Prioridade: 2 - Média);1CIA IND/2CIA/1PEL(PASSOS);UR0565;Não;Não;Não;BOLETIM DE OCORRENCIA;Classificada;03/03/2021 07:52;Não
2021-15194304-1;(BM) 2021-010762860-001;02/03/2021 19:34;RUA DOUTOR CARVALHO, Nº 1455 - NOSSA SENHORA DAS GRAÇAS - PASSOS;-207.352.269;-466.037.303;Q03017 - TREINAMENTO DE PRIMEIROS SOCORROS (C) (Prioridade: 2 - Média);1CIA IND/2CIA/1PEL(PASSOS);BM1730381;Não;Não;Não;BOLETIM DE OCORRENCIA;Classificada;03/03/2021 07:50;Não
2021-15199687-0;(BM) 2021-010818776-001;03/03/2021 06:43;RUA DOUTOR CARVALHO, Nº 1455 - NOSSA SENHORA DAS GRAÇAS - PASSOS;-207.352.269;-466.037.303;X03000 - EMPENHO ADMINISTRATIVO (C) (Prioridade: 2 - Média);1CIA IND/2CIA/PEL PREV E VIST(PASSOS);APF01362;Não;Não;Não;BOLETIM DE OCORRENCIA;Classificada;04/03/2021 01:25;Não
2021-15199757-3;;03/03/2021 06:56;LUGAREJO CORREGO DO FEIJAO, Nº S/N - BRUMADINHO;-201.361.111;-441.136.111;S04006 - ROMPIMENTO DE BARRAGENS (C) (Prioridade: 1 - Alta);1CIA IND/2CIA/1PEL(PASSOS);;Não;Não;Não;DUPLICADA;Classificada;08/03/2021 06:51;Não
2021-15200528-7;(BM) 2021-010827883-001;03/03/2021 08:20;RUA DOUTOR CARVALHO, Nº 1455 - NOSSA SENHORA DAS GRAÇAS - PASSOS;-207.352.269;-466.037.303;Q03017 - TREINAMENTO DE PRIMEIROS SOCORROS (C) (Prioridade: 2 - Média);1CIA IND/2CIA/1PEL(PASSOS);1193;Não;Não;Não;BOLETIM DE OCORRENCIA;Classificada;04/03/2021 01:27;Não
2021-15202098-0;(BM) 2021-010845530-001;03/03/2021 10:20;RUA SANTA MARIA GORETTE, Nº S/N - VILA SAO JOSE - PASSOS;-207.020.344;-466.470.598;P02003 - VISTORIA EM LOTE VAGO (C) (Prioridade: 2 - Média);1CIA IND/2CIA/1PEL(PASSOS);ABTS0495;Não;Não;Não;BOLETIM DE OCORRENCIA;Classificada;04/03/2021 01:25;Não
2021-15202339-5;(BM) 2021-010848600-001;03/03/2021 10:34;RUA SANTA MARIA GORETTE, Nº 350 - VILA SAO JOSE - PASSOS;-207.020.731;-466.469.421;P02003 - VISTORIA EM LOTE VAGO (C) (Prioridade: 2 - Média);1CIA IND/2CIA/1PEL(PASSOS);ABTS0495;Não;Não;Não;BOLETIM DE OCORRENCIA;Classificada;04/03/2021 01:26;Não
2021-15202490-7;(BM) 2021-010850377-001;03/03/2021 10:45;RUA SANTA MARIA GORETTE, Nº 300 - PASSOS;-207.342.265;-466.461.034;P02003 - VISTORIA EM LOTE VAGO (C) (Prioridade: 2 - Média);1CIA IND/2CIA/1PEL(PASSOS);ABTS0495;Não;Não;Não;BOLETIM DE OCORRENCIA;Classificada;04/03/2021 01:26;Não
2021-15202704-9;(BM) 2021-010853643-001;03/03/2021 11:02;TRAVESSA MONSENHOR JOAO PEDRO, Nº 25 - CENTRO - PASSOS;-207.189.842;-466.090.029;W01000 - SOLICITANTE NAO ENCONTRADO (C) (Prioridade: 3 - Baixa);1CIA IND/2CIA/1PEL(PASSOS);UR0565;Não;Não;Não;BOLETIM DE OCORRENCIA;Classificada;04/03/2021 01:28;Não
2021-15202770-3;(BM) 2021-010853747-001;03/03/2021 11:04;RUA SANTA MARIA GORETTE, Nº 455 - VILA SAO JOSE - PASSOS;-207.023.075;-466.439.157;P02003 - VISTORIA EM LOTE VAGO (C) (Prioridade: 2 - Média);1CIA IND/2CIA/1PEL(PASSOS);ABTS0495;Não;Não;Não;BOLETIM DE OCORRENCIA;Classificada;04/03/2021 01:26;Não
2021-15202957-4;(BM) 2021-010858830-001;03/03/2021 11:21;RUA SANTA MARIA GORETTE, Nº 471 - VILA SAO JOSE - PASSOS;-207.023.984;-466.423.104;P02003 - VISTORIA EM LOTE VAGO (C) (Prioridade: 2 - Média);1CIA IND/2CIA/1PEL(PASSOS);ABTS0495;Não;Não;Não;BOLETIM DE OCORRENCIA;Classificada;04/03/2021 01:26;Não
2021-15203125-7;(BM) 2021-010861167-001;03/03/2021 11:34;RUA SANTA MARIA GORETTE, Nº 270 - VILA SAO JOSE - PASSOS;-207.022.146;-466.472.304;P02003 - VISTORIA EM LOTE VAGO (C) (Prioridade: 2 - Média);1CIA IND/2CIA/1PEL(PASSOS);ABTS0495;Não;Não;Não;BOLETIM DE OCORRENCIA;Classificada;04/03/2021 01:26;Não
2021-15203559-7;(BM) 2021-010864630-001;03/03/2021 12:16;RUA SANTA MARIA GORETTE, Nº 260 - PASSOS;-207.361.991;-46.648.023;P02003 - VISTORIA EM LOTE VAGO (C) (Prioridade: 2 - Média);1CIA IND/2CIA/1PEL(PASSOS);ABTS0495;Não;Não;Não;BOLETIM DE OCORRENCIA;Classificada;04/03/2021 01:26;Não
2021-15204740-3;(BM) 2021-010936915-001;03/03/2021 13:56;RUA CAMELIAS, Nº 41 - PANORAMA - PASSOS;-207.074.619;-466.167.397;O04012 - INCENDIO EM LOTE VAGO (AREA URBANA) (C) (Prioridade: 2 - Média);1CIA IND/2CIA/1PEL(PASSOS);ABTS0495;Não;Não;Não;BOLETIM DE OCORRENCIA;Classificada;04/03/2021 01:26;Não
2021-15206495-2;(BM) 2021-010913494-001;03/03/2021 15:27;RUA JESO RIBEIRO DE ABREU, Nº S/N - NOVA CALIFORNIA - PASSOS;-206.997.408;-466.221.251;V01999 - OUTROS TIPOS DE APH CLINICO (C) (Prioridade: 1 - Alta);1CIA IND/2CIA/1PEL(PASSOS);UR0565;Não;Não;Não;BOLETIM DE OCORRENCIA;Classificada;04/03/2021 01:42;Não
2021-15208432-3;(BM) 2021-010925627-001;03/03/2021 17:19;AVENIDA COMENDADOR FRANCISCO A MAIA, Nº 2010 - PENHA - PASSOS;-207.165.559;-466.128.006;S06001 - SALVAMENTO DE ANIMAL EM RISCO / PERIGO (C) (Prioridade: 2 - Média);1CIA IND/2CIA/1PEL(PASSOS);ABTS0495;Não;Não;Não;BOLETIM DE OCORRENCIA;Classificada;04/03/2021 01:27;Não
2021-15208599-9;(BM) 2021-010925837-001;03/03/2021 17:27;RUA NOVA RESENDE, Nº S/N - NOSSA SENHORA DE FATIMA - PASSOS;-206.994.306;-466.110.235;V03005 - VITIMA DE AGRESSAO FISICA SEM USO DE ARMA (C) (Prioridade: 1 - Alta);1CIA IND/2CIA/1PEL(PASSOS);UR0565;Não;Não;Não;BOLETIM DE OCORRENCIA;Classificada;04/03/2021 01:42;Não
2021-15209952-9;(BM) 2021-010945706-001;03/03/2021 18:36;RUA GUAXUPE, Nº S/N - COHAB 2 - PASSOS;-207.080.213;-466.291.416;V02102 - VITIMA DE ATROPELAMENTO POR MOTOCICLETA (C) (Prioridade: 1 - Alta);1CIA IND/2CIA/1PEL(PASSOS);UR0565;Não;Não;Não;BOLETIM DE OCORRENCIA;Classificada;04/03/2021 01:42;Não
2021-15211141-9;(BM) 2021-010955730-001;03/03/2021 19:46;RUA JOSE MERCHIORATO, Nº 36 - SANTA CASA - PASSOS;-207.132.701;-466.149.643;S06001 - SALVAMENTO DE ANIMAL EM RISCO / PERIGO (C) (Prioridade: 2 - Média);1CIA IND/2CIA/1PEL(PASSOS);ABTS0495;Não;Não;Não;BOLETIM DE OCORRENCIA;Classificada;04/03/2021 01:26;Não
2021-15213807-3;(BM) 2021-010983408-001;03/03/2021 22:42;AVENIDA JUCA STOCKLER, Nº 1513 - NOVO HORIZONTE - PASSOS;-207.368.649;-466.023.922;V01011 - VITIMA COM DOR RENAL (COLICA) (C) (Prioridade: 1 - Alta);1CIA IND/2CIA/1PEL(PASSOS);UR0565;Não;Não;Não;BOLETIM DE OCORRENCIA;Classificada;04/03/2021 01:42;Não
2021-15214679-0;(BM) 2021-010995309-001;03/03/2021 23:53;RUA PARACATU, Nº 401 - CENTENARIO - PASSOS;-207.327.602;-466.132.675;S04009 - SALVAMENTO DE PESSOA PRESA EM IMOVEL (C) (Prioridade: 2 - Média);1CIA IND/2CIA/1PEL(PASSOS);UR0565;Não;Não;Não;BOLETIM DE OCORRENCIA;Classificada;04/03/2021 01:41;Não
2021-15217564-5;(BM) 2021-011028270-001;04/03/2021 08:42;RUA DOUTOR CARVALHO, Nº 1455 - NOSSA SENHORA DAS GRAÇAS - PASSOS;-207.352.269;-466.037.303;Q03017 - TREINAMENTO DE PRIMEIROS SOCORROS (C) (Prioridade: 2 - Média);1CIA IND/2CIA/1PEL(PASSOS);BM1728914;Não;Não;Não;BOLETIM DE OCORRENCIA;Classificada;04/03/2021 09:28;Não
2021-15219125-6;(BM) 2021-011040716-001;04/03/2021 10:43;RUA CARIJOS, Nº S/N - JARDIM EMBRATEL - PASSOS;-207.415.805;-466.024.157;P02003 - VISTORIA EM LOTE VAGO (C) (Prioridade: 2 - Média);1CIA IND/2CIA/1PEL(PASSOS);UR0565;Não;Não;Não;BOLETIM DE OCORRENCIA;Classificada;04/03/2021 11:33;Não
2021-15219304-5;(BM) 2021-011043945-001;04/03/2021 10:56;RUA CARIJOS, Nº S/N - JARDIM EMBRATEL - PASSOS;-207.415.805;-466.024.157;P02003 - VISTORIA EM LOTE VAGO (C) (Prioridade: 2 - Média);1CIA IND/2CIA/1PEL(PASSOS);UR0565;Não;Não;Não;BOLETIM DE OCORRENCIA;Classificada;04/03/2021 11:33;Não
2021-15219411-5;(BM) 2021-011044272-001;04/03/2021 11:03;RUA DOUTOR CARVALHO, Nº S/N - BELO HORIZONTE - PASSOS;-207.302.189;-466.057.238;P02003 - VISTORIA EM LOTE VAGO (C) (Prioridade: 2 - Média);1CIA IND/2CIA/1PEL(PASSOS);UR0565;Não;Não;Não;BOLETIM DE OCORRENCIA;Classificada;04/03/2021 11:33;Não
2021-15219479-9;(BM) 2021-011045292-001;04/03/2021 11:11;RUA DOUTOR CARVALHO, Nº S/N - BELO HORIZONTE - PASSOS;-207.302.189;-466.057.238;P02003 - VISTORIA EM LOTE VAGO (C) (Prioridade: 2 - Média);1CIA IND/2CIA/1PEL(PASSOS);UR0565;Não;Não;Não;BOLETIM DE OCORRENCIA;Classificada;04/03/2021 11:33;Não
2021-15219562-0;(BM) 2021-011046215-001;04/03/2021 11:17;RUA DOUTOR CARVALHO, Nº S/N - BELO HORIZONTE - PASSOS;-207.302.189;-466.057.238;P02003 - VISTORIA EM LOTE VAGO (C) (Prioridade: 2 - Média);1CIA IND/2CIA/1PEL(PASSOS);UR0565;Não;Não;Não;BOLETIM DE OCORRENCIA;Classificada;04/03/2021 11:34;Não
2021-15219633-7;(BM) 2021-011047129-001;04/03/2021 11:23;RUA PERUIBES / RUA DOUTOR CARVALHO - SAO JOAQUIM - PASSOS;-207.437.671;-466.010.792;P02003 - VISTORIA EM LOTE VAGO (C) (Prioridade: 2 - Média);1CIA IND/2CIA/1PEL(PASSOS);UR0565;Não;Não;Não;BOLETIM DE OCORRENCIA;Classificada;04/03/2021 11:34;Não
2021-15219727-9;(BM) 2021-011048296-001;04/03/2021 11:30;RUA BARIRIS, Nº S/N - SAO JOAQUIM - PASSOS;-207.447.347;-466.021.386;P02003 - VISTORIA EM LOTE VAGO (C) (Prioridade: 2 - Média);1CIA IND/2CIA/1PEL(PASSOS);UR0565;Não;Não;Não;BOLETIM DE OCORRENCIA;Classificada;04/03/2021 11:48;Não
2021-15221298-7;(BM) 2021-011065735-001;04/03/2021 13:49;RUA ELVIRA SILVEIRA COIMBRA, Nº 75 - CENTRO - PASSOS;-207.223.729;-466.084.235;P01002 - VISTORIA DE LIBERACAO / EMISSAO DE AVCB (C) (Prioridade: 2 - Média);1CIA IND/2CIA/PEL PREV E VIST(PASSOS);APF01362;Não;Não;Não;BOLETIM DE OCORRENCIA;Classificada;04/03/2021 15:38;Não
2021-15221727-1;(BM) 2021-011070948-001;04/03/2021 14:17;AVENIDA JUCA STOCKLER, Nº 1335 - NOVO HORIZONTE - PASSOS;-207.352.342;-466.028.982;P01001 - VISTORIA DE FISCALIZACAO (C) (Prioridade: 2 - Média);1CIA IND/2CIA/PEL PREV E VIST(PASSOS);APF01362;Não;Não;Não;BOLETIM DE OCORRENCIA;Classificada;04/03/2021 15:38;Não
2021-15222064-1;(BM) 2021-011074814-001;04/03/2021 14:34;AVENIDA JUCA STOCKLER, Nº 1207 - NOVO HORIZONTE - PASSOS;-207.343.275;-466.032.121;P01001 - VISTORIA DE FISCALIZACAO (C) (Prioridade: 2 - Média);1CIA IND/2CIA/PEL PREV E VIST(PASSOS);APF01362;Não;Não;Não;BOLETIM DE OCORRENCIA;Classificada;04/03/2021 15:38;Não
2021-15222132-0;(BM) 2021-011075414-001;04/03/2021 14:37;AVENIDA JUCA STOCKLER, Nº 1189 - NOVO HORIZONTE - PASSOS;-207.340.329;-466.033.113;P01001 - VISTORIA DE FISCALIZACAO (C) (Prioridade: 2 - Média);1CIA IND/2CIA/PEL PREV E VIST(PASSOS);APF01362;Não;Não;Não;BOLETIM DE OCORRENCIA;Classificada;04/03/2021 15:38;Não
2021-15222504-2;(BM) 2021-011080131-001;04/03/2021 14:55;RUA RIO GRANDE DO SUL, Nº 1035 - BELA VISTA 2 - PASSOS;-20.711.293;-465.941.459;V03019 - VITIMA DE QUEDA DE ALTURA (C) (Prioridade: 1 - Alta);1CIA IND/2CIA/1PEL(PASSOS);UR0565;Não;Não;Não;BOLETIM DE OCORRENCIA;Classificada;04/03/2021 15:42;Não
2021-15223511-3;(BM) 2021-011093548-001;04/03/2021 15:42;RUA LUCIO PELEGRINO, Nº 274 - CANDEIAS - PASSOS;-207.211.708;-466.136.677;S06002 - CAPTURA DE ANIMAL SILVESTRE PERIGOSO / AGRESSIVO (C) (Prioridade: 2 - Média);1CIA IND/2CIA/1PEL(PASSOS);ASL00064;Não;Não;Não;BOLETIM DE OCORRENCIA;Classificada;04/03/2021 16:30;Não
2021-15225493-4;(BM) 2021-011117116-001;04/03/2021 17:26;RUA BUENOS AIRES, Nº 910 - CALIFORNIA - PASSOS;-207.046.244;-466.203.901;V01008 - VITIMA COM DOR ABDOMINAL (ABDOME AGUDO) (C) (Prioridade: 1 - Alta);1CIA IND/2CIA/1PEL(PASSOS);UR0565;Não;Não;Não;BOLETIM DE OCORRENCIA;Classificada;04/03/2021 23:13;Não
2021-15225931-0;(BM) 2021-011122450-001;04/03/2021 17:52;RUA QUERUBINO MOURAO, Nº S/N - NOVA BRASÍLIA - PIUMHI;-204.742.227;-45.963.938;X01000 - SUPERVISAO (C) (Prioridade: 3 - Baixa);1CIA IND/2CIA/PEL PREV E VIST(PASSOS);APF01362;Não;Não;Não;BOLETIM DE OCORRENCIA;Classificada;06/03/2021 05:47;Não
2021-15226539-9;(BM) 2021-011129387-001;04/03/2021 18:29;AVENIDA EXPEDICIONARIOS, Nº 625 - SAO BENEDITO - PASSOS;-207.224.988;-466.018.793;V02407 - VITIMA DE COLISAO ENTRE AUTOMOVEL X BICICLETA (C) (Prioridade: 1 - Alta);1CIA IND/2CIA/1PEL(PASSOS);UR0565;Não;Não;Não;BOLETIM DE OCORRENCIA;Classificada;04/03/2021 23:13;Não
2021-15227689-7;(BM) 2021-011141093-001;04/03/2021 19:34;RUA DAVID BALDINI, Nº 256 - BELO HORIZONTE - PASSOS;-20.724.658;-466.044.496;V01022 - VITIMA PARTURIENTE / EMERGENCIAS OBSTETRICAS (C) (Prioridade: 1 - Alta);1CIA IND/2CIA/1PEL(PASSOS);UR0565;Não;Não;Não;BOLETIM DE OCORRENCIA;Classificada;04/03/2021 23:13;Não
2021-15230015-1;(BM) 2021-011165995-001;04/03/2021 22:07;RUA RIO BRANCO, Nº 1728 - BELA VISTA 2 - PASSOS;-207.112.084;-465.960.693;S06002 - CAPTURA DE ANIMAL SILVESTRE PERIGOSO / AGRESSIVO (C) (Prioridade: 2 - Média);1CIA IND/2CIA/1PEL(PASSOS);ASL00064;Não;Não;Não;BOLETIM DE OCORRENCIA;Classificada;04/03/2021 23:12;Não
2021-15231638-0;(BM) 2021-011190209-001;05/03/2021 00:04;RUA PALMEIRAS / RUA BALSAMO - SERRA DAS BRISAS - PASSOS;-207.341.348;-46.592.826;O02036 - INCENDIO EM AMONTOADO DE MADEIRA (C) (Prioridade: 2 - Média);1CIA IND/2CIA/1PEL(PASSOS);ABTS0495;Não;Não;Não;BOLETIM DE OCORRENCIA;Classificada;05/03/2021 06:01;Não
2021-15235760-5;(BM) 2021-011239911-001;05/03/2021 10:08;RUA BALSAMO, Nº 28 - SERRA DAS BRISAS - PASSOS;-207.343.108;-465.929;O02036 - INCENDIO EM AMONTOADO DE MADEIRA (C) (Prioridade: 2 - Média);1CIA IND/2CIA/1PEL(PASSOS);ABTS0495;Não;Não;Não;BOLETIM DE OCORRENCIA;Classificada;06/03/2021 05:46;Não
2021-15237983-0;(BM) 2021-011252516-001;05/03/2021 13:18;RUA URANO, Nº S/N - JARDIM SATELITE - PASSOS;-207.099.117;-466.202.178;P02003 - VISTORIA EM LOTE VAGO (C) (Prioridade: 2 - Média);1CIA IND/2CIA/1PEL(PASSOS);ASL00064;Não;Não;Não;BOLETIM DE OCORRENCIA;Classificada;06/03/2021 05:48;Não
2021-15238211-3;(BM) 2021-011254963-001;05/03/2021 13:41;RUA URANO, Nº S/N - JARDIM SATELITE - PASSOS;-207.099.117;-466.202.178;P02003 - VISTORIA EM LOTE VAGO (C) (Prioridade: 2 - Média);1CIA IND/2CIA/1PEL(PASSOS);ASL00064;Não;Não;Não;BOLETIM DE OCORRENCIA;Classificada;06/03/2021 05:49;Não
2021-15238461-0;(BM) 2021-011257716-001;05/03/2021 14:00;AVENIDA EXPEDICIONARIOS, Nº 376 - PASSOS;-207.221.039;-466.044.177;P01001 - VISTORIA DE FISCALIZACAO (C) (Prioridade: 2 - Média);1CIA IND/2CIA/PEL PREV E VIST(PASSOS);APF01362;Não;Não;Não;BOLETIM DE OCORRENCIA;Classificada;06/03/2021 05:58;Não
2021-15238493-7;(BM) 2021-011258303-001;05/03/2021 14:03;RUA URANO, Nº S/N - JARDIM SATELITE - PASSOS;-207.099.117;-466.202.178;P02003 - VISTORIA EM LOTE VAGO (C) (Prioridade: 2 - Média);1CIA IND/2CIA/1PEL(PASSOS);ASL00064;Não;Não;Não;BOLETIM DE OCORRENCIA;Classificada;06/03/2021 05:50;Não
2021-15238634-7;(BM) 2021-011260055-001;05/03/2021 14:11;AVENIDA EXPEDICIONARIOS, Nº 372 - CENTRO - PASSOS;-207.220.905;-466.044.634;P01001 - VISTORIA DE FISCALIZACAO (C) (Prioridade: 2 - Média);1CIA IND/2CIA/PEL PREV E VIST(PASSOS);APF01362;Não;Não;Não;BOLETIM DE OCORRENCIA;Classificada;06/03/2021 05:58;Não
2021-15238802-0;(BM) 2021-011262208-001;05/03/2021 14:23;RUA URANO, Nº S/N - JARDIM SATELITE - PASSOS;-207.099.117;-466.202.178;P02003 - VISTORIA EM LOTE VAGO (C) (Prioridade: 2 - Média);1CIA IND/2CIA/1PEL(PASSOS);ASL00064;Não;Não;Não;BOLETIM DE OCORRENCIA;Classificada;06/03/2021 05:51;Não
2021-15239051-4;(BM) 2021-011265058-001;05/03/2021 14:34;RUA RIO SAPUCAI, Nº 512 - SANTA LUZIA - PASSOS;-207.072.088;-466.021.835;P01001 - VISTORIA DE FISCALIZACAO (C) (Prioridade: 2 - Média);1CIA IND/2CIA/PEL PREV E VIST(PASSOS);APF01362;Não;Não;Não;BOLETIM DE OCORRENCIA;Classificada;06/03/2021 05:58;Não
2021-15239238-5;(BM) 2021-011268155-001;05/03/2021 14:47;RUA URANO, Nº S/N - JARDIM SATELITE - PASSOS;-207.099.117;-466.202.178;P02003 - VISTORIA EM LOTE VAGO (C) (Prioridade: 2 - Média);1CIA IND/2CIA/1PEL(PASSOS);ASL00064;Não;Não;Não;BOLETIM DE OCORRENCIA;Classificada;06/03/2021 05:52;Não
2021-15239390-0;(BM) 2021-011269632-001;05/03/2021 14:53;RUA RIO SAPUCAI, Nº 1360 - RECANTO DA HARMONIA - PASSOS;-207.022.845;-465.970.315;P01001 - VISTORIA DE FISCALIZACAO (C) (Prioridade: 2 - Média);1CIA IND/2CIA/PEL PREV E VIST(PASSOS);APF01362;Não;Não;Não;BOLETIM DE OCORRENCIA;Classificada;06/03/2021 05:58;Não
2021-15239752-9;(BM) 2021-011274165-001;05/03/2021 15:12;RUA URANO, Nº S/N - JARDIM SATELITE - PASSOS;-207.099.117;-466.202.178;P02003 - VISTORIA EM LOTE VAGO (C) (Prioridade: 2 - Média);1CIA IND/2CIA/1PEL(PASSOS);ASL00064;Não;Não;Não;BOLETIM DE OCORRENCIA;Classificada;06/03/2021 05:53;Não
2021-15240158-5;(BM) 2021-011278919-001;05/03/2021 15:31;RUA RIO SAPUCAI, Nº 419 - SANTA LUZIA - PASSOS;-207.076.939;-466.029.394;P01001 - VISTORIA DE FISCALIZACAO (C) (Prioridade: 2 - Média);1CIA IND/2CIA/PEL PREV E VIST(PASSOS);APF01362;Não;Não;Não;BOLETIM DE OCORRENCIA;Classificada;06/03/2021 05:59;Não
2021-15240162-2;(BM) 2021-011279092-001;05/03/2021 15:33;RUA URANO, Nº S/N - JARDIM SATELITE - PASSOS;-207.099.117;-466.202.178;P02003 - VISTORIA EM LOTE VAGO (C) (Prioridade: 2 - Média);1CIA IND/2CIA/1PEL(PASSOS);ASL00064;Não;Não;Não;BOLETIM DE OCORRENCIA;Classificada;06/03/2021 05:56;Não
2021-15244047-6;(BM) 2021-011322243-001;05/03/2021 19:12;RUA GOIAS, Nº 2787 - JARDIM COLEGIO DE PASSOS - PASSOS;-207.187.146;-465.923.872;P03001 - PERIGO DE DERRAPAGEM (C) (Prioridade: 2 - Média);1CIA IND/2CIA/1PEL(PASSOS);ASL00064;Não;Não;Não;BOLETIM DE OCORRENCIA;Classificada;06/03/2021 05:58;Não
2021-15244337-6;(BM) 2021-011325169-001;05/03/2021 19:27;RUA AMORAS, Nº 266 - NOSSA SENHORA DE LOURDES - PASSOS;-206.989.906;-466.195.958;V02408 - VITIMA DE COLISAO ENTRE AUTOMOVEL X MOTOCICLETA (C) (Prioridade: 1 - Alta);1CIA IND/2CIA/1PEL(PASSOS);UR0565;Não;Não;Não;BOLETIM DE OCORRENCIA;Classificada;06/03/2021 06:00;Não
2021-15246091-9;(BM) 2021-011394097-001;05/03/2021 21:10;AVENIDA JUCA STOCKLER, Nº S/N - SAO JOAQUIM - PASSOS;-207.420.993;-46.600.964;V03005 - VITIMA DE AGRESSAO FISICA SEM USO DE ARMA (C) (Prioridade: 1 - Alta);1CIA IND/2CIA/1PEL(PASSOS);UR0565;Não;Não;Não;ATENPO-ATENDIDA POR OUTROS ÓRGÃOS;Classificada;06/03/2021 06:02;Não
2021-15251683-7;(BM) 2021-011387916-001;06/03/2021 04:41;AVENIDA EXPEDICIONARIOS, Nº 2030 - NOVO MUNDO - PASSOS;-207.254.429;-465.885.853;V02203 - VITIMA DE CHOQUE DE AUTOMOVEL (CARRO / CAMINHONETE) (C) (Prioridade: 1 - Alta);1CIA IND/2CIA/1PEL(PASSOS);UR0565;Não;Não;Não;BOLETIM DE OCORRENCIA;Classificada;06/03/2021 06:04;Não
2021-15253742-5;(BM) 2021-011412298-001;06/03/2021 09:54;RUA OPERARIOS, Nº 717 - MUARAMA 2 - PASSOS;-207.344.386;-466.120.977;P02003 - VISTORIA EM LOTE VAGO (C) (Prioridade: 2 - Média);1CIA IND/2CIA/1PEL(PASSOS);ASL00064;Não;Não;Não;BOLETIM DE OCORRENCIA;Classificada;07/03/2021 07:42;Não
2021-15253977-9;(BM) 2021-011412322-001;06/03/2021 10:16;RUA OPERARIOS, Nº 720 - MUARAMA 2 - PASSOS;-207.345.155;-466.123.019;P02003 - VISTORIA EM LOTE VAGO (C) (Prioridade: 2 - Média);1CIA IND/2CIA/1PEL(PASSOS);ASL00064;Não;Não;Não;BOLETIM DE OCORRENCIA;Classificada;07/03/2021 07:42;Não
2021-15254218-3;(BM) 2021-011412335-001;06/03/2021 10:42;RUA OPERARIOS, Nº 720 - MUARAMA 2 - PASSOS;-207.345.155;-466.123.019;P02003 - VISTORIA EM LOTE VAGO (C) (Prioridade: 2 - Média);1CIA IND/2CIA/1PEL(PASSOS);UR0565;Não;Não;Não;BOLETIM DE OCORRENCIA;Classificada;07/03/2021 07:41;Não
2021-15254658-6;(BM) 2021-011417576-001;06/03/2021 11:18;RUA OPERARIOS, Nº 767 - MUARAMA 2 - PASSOS;-207.349.308;-4.661.221;P02003 - VISTORIA EM LOTE VAGO (C) (Prioridade: 2 - Média);1CIA IND/2CIA/1PEL(PASSOS);ASL00064;Não;Não;Não;BOLETIM DE OCORRENCIA;Classificada;07/03/2021 07:42;Não
2021-15254844-0;(BM) 2021-011418436-001;06/03/2021 11:40;RUA OPERARIOS, Nº 767 - MUARAMA 2 - PASSOS;-207.349.308;-4.661.221;P02003 - VISTORIA EM LOTE VAGO (C) (Prioridade: 2 - Média);1CIA IND/2CIA/1PEL(PASSOS);ASL00064;Não;Não;Não;BOLETIM DE OCORRENCIA;Classificada;07/03/2021 07:41;Não
2021-15254952-3;(BM) 2021-011418527-001;06/03/2021 11:50;RUA OPERARIOS, Nº 827 - MUARAMA 2 - PASSOS;-207.351.637;-46.612.255;P02003 - VISTORIA EM LOTE VAGO (C) (Prioridade: 2 - Média);1CIA IND/2CIA/1PEL(PASSOS);ASL00064;Não;Não;Não;BOLETIM DE OCORRENCIA;Classificada;07/03/2021 07:41;Não
2021-15254958-0;(BM) 2021-011419365-001;06/03/2021 11:57;RUA OPERARIOS, Nº 851 - MUARAMA 2 - PASSOS;-207.356.865;-466.121.528;P02003 - VISTORIA EM LOTE VAGO (C) (Prioridade: 2 - Média);1CIA IND/2CIA/1PEL(PASSOS);ASL00064;Não;Não;Não;BOLETIM DE OCORRENCIA;Classificada;07/03/2021 07:42;Não
2021-15255126-2;(BM) 2021-011428522-001;06/03/2021 12:10;RUA RIO PIRACICABA, Nº 1039 - RECANTO DA HARMONIA - PASSOS;-20.704.206;-465.963.636;V03018 - VITIMA DE QUEDA DA PROPRIA ALTURA (C) (Prioridade: 1 - Alta);1CIA IND/2CIA/1PEL(PASSOS);UR0565;Não;Não;Não;BOLETIM DE OCORRENCIA;Classificada;07/03/2021 07:41;Não
2021-15259505-2;(BM) 2021-011486344-003;06/03/2021 17:20;RODOVIA BR 146, Nº S/N - PASSOS;-20.758.941;-466.023.418;S05309 - COLISAO ENTRE AUTOMOVEL X CAMINHAO / CARRETA (C) (Prioridade: 1 - Alta);1CIA IND/2CIA/1PEL(PASSOS);UR0565 / ABTS0495;Não;Não;Não;BOLETIM DE OCORRENCIA;Classificada;07/03/2021 07:41;Não
2021-15262211-0;(PM) 2021-011493907-001;06/03/2021 19:59;RUA PARA / RUA AMAPA - CANJERANUS - PASSOS;-207.122.651;-466.018.725;W98011 - SOLICITACAO DE APOIO (C) (Prioridade: 1 - Alta);1CIA IND/2CIA/1PEL(PASSOS);UR0565;Não;Não;Não;ATENPO-ATENDIDA POR OUTROS ÓRGÃOS;Classificada;08/03/2021 06:49;Não
2021-15262274-0;(BM) 2021-011490000-001;06/03/2021 20:01;RUA AMAPA, Nº S/N - SANTA LUZIA - PASSOS;-207.079.877;-465.972.919;V02408 - VITIMA DE COLISAO ENTRE AUTOMOVEL X MOTOCICLETA (C) (Prioridade: 1 - Alta);1CIA IND/2CIA/1PEL(PASSOS);UR0565;Não;Não;Não;BOLETIM DE OCORRENCIA;Classificada;07/03/2021 07:42;Não
2021-15263803-4;(PM) 2021-011523814-001;06/03/2021 21:41;PRACA MONSENHOR MESSIAS BRAGANCA, Nº 215 - CENTRO - PASSOS;-207.177.894;-466.111.003;W98011 - SOLICITACAO DE APOIO (C) (Prioridade: 1 - Alta);1CIA IND/2CIA/1PEL(PASSOS);UR0565;Não;Não;Não;ATENPO-ATENDIDA POR OUTROS ÓRGÃOS;Classificada;08/03/2021 06:50;Não
2021-15264483-0;(BM) 2021-011508346-001;06/03/2021 22:18;RUA DOUTOR CARVALHO, Nº 1455 - NOSSA SENHORA DAS GRAÇAS - PASSOS;-207.352.269;-466.037.303;Q03999 - OUTROS TIPOS DE TREINAMENTO (C) (Prioridade: 2 - Média);1CIA IND/2CIA/1PEL(PASSOS);ASL00064;Não;Não;Não;BOLETIM DE OCORRENCIA;Classificada;07/03/2021 07:41;Não
2021-15265136-2;(BM) 2021-011512780-001;06/03/2021 22:51;RUA BRAGANCA, Nº 75 - PENHA - PASSOS;-207.185.535;-466.289.391;V02103 - VITIMA DE ATROPELAMENTO POR AUTOMOVEL (CARRO / CAMINHONETE) (C) (Prioridade: 1 - Alta);1CIA IND/2CIA/1PEL(PASSOS);UR0565;Não;Não;Não;BOLETIM DE OCORRENCIA;Classificada;07/03/2021 07:30;Não
2021-15267728-2;(BM) 2021-011532570-001;07/03/2021 01:11;RUA ALPINOPOLIS, Nº S/N - CANJERANUS - PASSOS;-207.100.978;-46.606.117;O02027 - INCENDIO EM VEICULO AUTOMOTOR (EXCETO TANQUE DE CARGA) (C) (Prioridade: 1 - Alta);1CIA IND/2CIA/1PEL(PASSOS);ABTS0495;Não;Não;Não;BOLETIM DE OCORRENCIA;Classificada;07/03/2021 07:30;Não
2021-15269534-7;(BM) 2021-011548125-001;07/03/2021 04:07;ESTRADA PRINCIPAL PORTO VELHO SN, Nº S/N - PASSOS;-206.642.591;-465.102.239;W04000 - NADA CONSTATADO (C) (Prioridade: 3 - Baixa);1CIA IND/2CIA/1PEL(PASSOS);UR0565;Não;Não;Não;BOLETIM DE OCORRENCIA;Classificada;07/03/2021 07:42;Não
2021-15271142-0;(BM) 2021-011559664-001;07/03/2021 09:22;RUA RIO NEGRO, Nº 1794 - RECANTO DA HARMONIA - PASSOS;-20.702.474;-465.934.124;V01017 - VITIMA DE INTOXICACAO / ENVENENAMENTO (C) (Prioridade: 1 - Alta);1CIA IND/2CIA/1PEL(PASSOS);UR0565;Não;Não;Não;BOLETIM DE OCORRENCIA;Classificada;08/03/2021 06:48;Não
2021-15271189-3;(BM) 2021-011556435-001;07/03/2021 09:29;AVENIDA NOSSA SENHORA APARECIDA, Nº S/N - VILA SAO JOSE - PASSOS;-207.034.795;-466.398.488;P02003 - VISTORIA EM LOTE VAGO (C) (Prioridade: 2 - Média);1CIA IND/2CIA/1PEL(PASSOS);ASL00064;Não;Não;Não;BOLETIM DE OCORRENCIA;Classificada;08/03/2021 06:46;Não
2021-15271594-1;(BM) 2021-011560067-001;07/03/2021 10:11;AVENIDA NOSSA SENHORA APARECIDA, Nº S/N - VILA SAO JOSE - PASSOS;-207.034.795;-466.398.488;P02003 - VISTORIA EM LOTE VAGO (C) (Prioridade: 2 - Média);1CIA IND/2CIA/1PEL(PASSOS);ASL00064;Não;Não;Não;BOLETIM DE OCORRENCIA;Classificada;08/03/2021 06:46;Não
2021-15271683-0;(BM) 2021-011560762-001;07/03/2021 10:20;AVENIDA NOSSA SENHORA APARECIDA, Nº S/N - VILA SAO JOSE - PASSOS;-207.034.795;-466.398.488;P02003 - VISTORIA EM LOTE VAGO (C) (Prioridade: 2 - Média);1CIA IND/2CIA/1PEL(PASSOS);ASL00064;Não;Não;Não;BOLETIM DE OCORRENCIA;Classificada;08/03/2021 06:47;Não
2021-15271765-2;(BM) 2021-011562040-001;07/03/2021 10:30;AVENIDA NOSSA SENHORA APARECIDA, Nº S/N - VILA SAO JOSE - PASSOS;-207.034.795;-466.398.488;P02003 - VISTORIA EM LOTE VAGO (C) (Prioridade: 2 - Média);1CIA IND/2CIA/1PEL(PASSOS);ASL00064;Não;Não;Não;BOLETIM DE OCORRENCIA;Classificada;08/03/2021 06:47;Não
2021-15271897-3;(BM) 2021-011563017-001;07/03/2021 10:46;AVENIDA NOSSA SENHORA APARECIDA, Nº S/N - VILA SAO JOSE - PASSOS;-207.034.795;-466.398.488;P02003 - VISTORIA EM LOTE VAGO (C) (Prioridade: 2 - Média);1CIA IND/2CIA/1PEL(PASSOS);ASL00064;Não;Não;Não;BOLETIM DE OCORRENCIA;Classificada;08/03/2021 06:47;Não
2021-15272062-8;(BM) 2021-011570413-001;07/03/2021 11:01;AVENIDA NOSSA SENHORA APARECIDA, Nº S/N - VILA SAO JOSE - PASSOS;-207.034.795;-466.398.488;P02003 - VISTORIA EM LOTE VAGO (C) (Prioridade: 2 - Média);1CIA IND/2CIA/1PEL(PASSOS);ASL00064;Não;Não;Não;BOLETIM DE OCORRENCIA;Classificada;08/03/2021 06:48;Não
2021-15272198-0;(BM) 2021-011566114-001;07/03/2021 11:21;AVENIDA NOSSA SENHORA APARECIDA, Nº S/N - VILA SAO JOSE - PASSOS;-207.034.795;-466.398.488;P02003 - VISTORIA EM LOTE VAGO (C) (Prioridade: 2 - Média);1CIA IND/2CIA/1PEL(PASSOS);ASL00064;Não;Não;Não;BOLETIM DE OCORRENCIA;Classificada;08/03/2021 06:47;Não
2021-15272795-9;(BM) 2021-011572087-002;07/03/2021 12:41;AVENIDA JUPITER, Nº 1285 - COHAB 3 - PASSOS;-20.705.045;-46.624.376;S06001 - SALVAMENTO DE ANIMAL EM RISCO / PERIGO (C) (Prioridade: 2 - Média);1CIA IND/2CIA/1PEL(PASSOS);ASL00064;Não;Não;Não;BOLETIM DE OCORRENCIA;Classificada;08/03/2021 06:47;Não
2021-15281282-5;(BM) 2021-011650240-001;07/03/2021 21:46;RUA NOVA RESENDE, Nº 69 - NOSSA SENHORA DE FATIMA - PASSOS;-207.001.622;-466.148.563;V01999 - OUTROS TIPOS DE APH CLINICO (C) (Prioridade: 1 - Alta);1CIA IND/2CIA/1PEL(PASSOS);UR0565;Não;Não;Não;BOLETIM DE OCORRENCIA;Classificada;08/03/2021 06:48;Não
2021-15285964-7;(BM) 2021-011693427-001;08/03/2021 08:22;AVENIDA OLIVEIRA REZENDE, Nº 1217 - CENTRO - SAO SEBASTIAO PARAISO;-209.098.609;-469.961.759;X03000 - EMPENHO ADMINISTRATIVO (C) (Prioridade: 2 - Média);1CIA IND/2CIA/PEL PREV E VIST(PASSOS);APF01362;Não;Não;Não;BOLETIM DE OCORRENCIA;Classificada;08/03/2021 12:06;Não
2021-15286001-1;(BM) 2021-011693678-001;08/03/2021 08:26;RUA RIO NEGRO, Nº 1794 - RECANTO DA HARMONIA - PASSOS;-20.702.474;-465.934.124;V01017 - VITIMA DE INTOXICACAO / ENVENENAMENTO (C) (Prioridade: 1 - Alta);1CIA IND/2CIA/1PEL(PASSOS);UR0565;Não;Não;Não;BOLETIM DE OCORRENCIA;Classificada;08/03/2021 12:06;Não
2021-15287298-8;(BM) 2021-011709958-001;08/03/2021 10:04;RUA BARIRIS, Nº S/N - SAO JOAQUIM - PASSOS;-207.447.347;-466.021.386;P02003 - VISTORIA EM LOTE VAGO (C) (Prioridade: 2 - Média);1CIA IND/2CIA/1PEL(PASSOS);UR0565;Não;Não;Não;BOLETIM DE OCORRENCIA;Classificada;08/03/2021 12:06;Não
2021-15287377-2;(BM) 2021-011710714-001;08/03/2021 10:08;RUA BARIRIS, Nº S/N - SAO JOAQUIM - PASSOS;-207.447.347;-466.021.386;P02003 - VISTORIA EM LOTE VAGO (C) (Prioridade: 2 - Média);1CIA IND/2CIA/1PEL(PASSOS);UR0565;Não;Não;Não;BOLETIM DE OCORRENCIA;Classificada;08/03/2021 12:06;Não
2021-15287522-0;(BM) 2021-011712018-001;08/03/2021 10:17;RUA PERUIBES, Nº S/N - SAO JOAQUIM - PASSOS;-20.744.175;-46.602.192;P02003 - VISTORIA EM LOTE VAGO (C) (Prioridade: 2 - Média);1CIA IND/2CIA/1PEL(PASSOS);UR0565;Não;Não;Não;BOLETIM DE OCORRENCIA;Classificada;08/03/2021 12:06;Não
2021-15288108-6;(BM) 2021-011721125-001;08/03/2021 10:58;RUA EVARISTO JOSE LEMOS, Nº S/N - JARDIM ITALIA - PASSOS;-207.444.794;-466.048.564;P02003 - VISTORIA EM LOTE VAGO (C) (Prioridade: 2 - Média);1CIA IND/2CIA/1PEL(PASSOS);UR0565;Não;Não;Não;BOLETIM DE OCORRENCIA;Classificada;08/03/2021 12:06;Não
2021-15288252-2;(BM) 2021-011721636-001;08/03/2021 11:07;RUA EVARISTO JOSE LEMOS, Nº S/N - JARDIM ITALIA - PASSOS;-207.444.794;-466.048.564;P02003 - VISTORIA EM LOTE VAGO (C) (Prioridade: 2 - Média);1CIA IND/2CIA/1PEL(PASSOS);UR0565;Não;Não;Não;BOLETIM DE OCORRENCIA;Classificada;08/03/2021 12:06;Não
2021-15288359-6;(BM) 2021-011723529-001;08/03/2021 11:18;RUA PERUIBES, Nº S/N - SAO JOAQUIM - PASSOS;-20.744.175;-46.602.192;P02003 - VISTORIA EM LOTE VAGO (C) (Prioridade: 2 - Média);1CIA IND/2CIA/1PEL(PASSOS);UR0565;Não;Não;Não;BOLETIM DE OCORRENCIA;Classificada;08/03/2021 12:06;Não
2021-15288464-0;(BM) 2021-011724580-001;08/03/2021 11:24;RUA CARIJOS, Nº S/N - JARDIM EMBRATEL - PASSOS;-207.415.805;-466.024.157;P02003 - VISTORIA EM LOTE VAGO (C) (Prioridade: 2 - Média);1CIA IND/2CIA/1PEL(PASSOS);UR0565;Não;Não;Não;BOLETIM DE OCORRENCIA;Classificada;08/03/2021 12:06;Não
2021-15288985-3;(BM) 2021-011737892-001;08/03/2021 12:08;RUA FAZENDEIROS, Nº 113 - MONSENHOR MESSIAS - PASSOS;-207.373.224;-466.009.138;V03005 - VITIMA DE AGRESSAO FISICA SEM USO DE ARMA (C) (Prioridade: 1 - Alta);1CIA IND/2CIA/1PEL(PASSOS);UR0565;Não;Não;Não;BOLETIM DE OCORRENCIA;Classificada;08/03/2021 13:03;Não
2021-15290044-8;(BM) 2021-011743755-001;08/03/2021 13:41;RODOVIA MG 050, Nº 220 - NOSSA SENHORA DAS GRAÇAS - PASSOS;-207.402.194;-466.031.264;P01002 - VISTORIA DE LIBERACAO / EMISSAO DE AVCB (C) (Prioridade: 2 - Média);1CIA IND/2CIA/PEL PREV E VIST(PASSOS);APF01362;Não;Não;Não;BOLETIM DE OCORRENCIA;Classificada;08/03/2021 14:40;Não
2021-15290186-2;(BM) 2021-011750010-001;08/03/2021 13:51;AVENIDA PENHA / RUA DELFINOPOLIS - PENHA - PASSOS;-207.154.448;-466.246.477;V02408 - VITIMA DE COLISAO ENTRE AUTOMOVEL X MOTOCICLETA (C) (Prioridade: 1 - Alta);1CIA IND/2CIA/1PEL(PASSOS);UR0565;Não;Não;Não;BOLETIM DE OCORRENCIA;Classificada;08/03/2021 14:17;Não
2021-15290693-0;(BM) 2021-011751595-001;08/03/2021 14:20;RUA PECUARIA, Nº 649 - SAO FRANCISCO - PASSOS;-207.309.114;-466.183.193;P01001 - VISTORIA DE FISCALIZACAO (C) (Prioridade: 2 - Média);1CIA IND/2CIA/PEL PREV E VIST(PASSOS);APF01362;Não;Não;Não;BOLETIM DE OCORRENCIA;Classificada;08/03/2021 15:03;Não
2021-15291316-1;(BM) 2021-011772402-001;08/03/2021 14:52;RUA MARANHAO, Nº 911 - BELA VISTA 2 - PASSOS;-207.107.348;-465.969.348;V01013 - VITIMA DE EMERGENCIAS PSIQUIATRICAS (C) (Prioridade: 1 - Alta);1CIA IND/2CIA/1PEL(PASSOS);UR0565;Não;Não;Não;BOLETIM DE OCORRENCIA;Classificada;08/03/2021 15:51;Não
2021-15292875-9;(BM) 2021-011779746-001;08/03/2021 16:13;RUA DOUTOR CARVALHO, Nº 1455 - NOSSA SENHORA DAS GRAÇAS - PASSOS;-207.352.269;-466.037.303;Q03017 - TREINAMENTO DE PRIMEIROS SOCORROS (C) (Prioridade: 2 - Média);1CIA IND/2CIA/1PEL(PASSOS);BM1638089;Não;Não;Não;BOLETIM DE OCORRENCIA;Classificada;08/03/2021 17:02;Não
2021-15295694-0;(BM) 2021-011812070-002;08/03/2021 18:39;RUA JOAO PIMENTA, Nº 459 - BELA VISTA - PASSOS;-207.201.295;-465.976.875;S04009 - SALVAMENTO DE PESSOA PRESA EM IMOVEL (C) (Prioridade: 2 - Média);1CIA IND/2CIA/1PEL(PASSOS);ABTS0495 / UR0565;Não;Não;Não;BOLETIM DE OCORRENCIA;Classificada;08/03/2021 20:30;Não
2021-15297052-4;(BM) 2021-011834973-001;08/03/2021 20:01;RUA MARIA DA FE, Nº 192 - COHAB 1 - PASSOS;-207.125.445;-466.250.441;V01022 - VITIMA PARTURIENTE / EMERGENCIAS OBSTETRICAS (C) (Prioridade: 1 - Alta);1CIA IND/2CIA/1PEL(PASSOS);UR0565;Não;Não;Não;BOLETIM DE OCORRENCIA;Classificada;10/03/2021 06:15;Não
2021-15297834-9;(BM) 2021-011836881-001;08/03/2021 21:02;RUA CAETES, Nº 196 - NOSSA SENHORA APARECIDA - PASSOS;;;V02999 - OUTROS TIPOS DE APH DE TRAUMAS EM ACIDENTES DE TRANSITO   (C) (Prioridade: 1 - Alta);1CIA IND/2CIA/1PEL(PASSOS);UR0565;Não;Não;Não;BOLETIM DE OCORRENCIA;Classificada;10/03/2021 06:15;Não
2021-15302154-7;(BM) 2021-012066802-001;09/03/2021 08:08;RUA DOUTOR CARVALHO, Nº 1455 - NOSSA SENHORA DAS GRAÇAS - PASSOS;-207.352.269;-466.037.303;Q03017 - TREINAMENTO DE PRIMEIROS SOCORROS (C) (Prioridade: 2 - Média);1CIA IND/2CIA/1PEL(PASSOS);UR0565;Não;Não;Não;BOLETIM DE OCORRENCIA;Classificada;10/03/2021 06:15;Não
2021-15303076-0;(BM) 2021-011894437-001;09/03/2021 09:31;RUA URANO, Nº S/N - JARDIM SATELITE - PASSOS;-207.099.117;-466.202.178;O04012 - INCENDIO EM LOTE VAGO (AREA URBANA) (C) (Prioridade: 2 - Média);1CIA IND/2CIA/1PEL(PASSOS);ABTS0495;Não;Não;Não;BOLETIM DE OCORRENCIA;Classificada;10/03/2021 06:11;Não
2021-15303333-1;(BM) 2021-011897287-001;09/03/2021 09:51;RUA URANO, Nº S/N - JARDIM SATELITE - PASSOS;-207.099.117;-466.202.178;P02003 - VISTORIA EM LOTE VAGO (C) (Prioridade: 2 - Média);1CIA IND/2CIA/1PEL(PASSOS);ABTS0495;Não;Não;Não;BOLETIM DE OCORRENCIA;Classificada;10/03/2021 06:11;Não
2021-15303640-0;(BM) 2021-011900802-001;09/03/2021 10:10;RUA URANO, Nº S/N - JARDIM SATELITE - PASSOS;-207.099.117;-466.202.178;P02003 - VISTORIA EM LOTE VAGO (C) (Prioridade: 2 - Média);1CIA IND/2CIA/1PEL(PASSOS);ABTS0495;Não;Não;Não;BOLETIM DE OCORRENCIA;Classificada;10/03/2021 06:11;Não
2021-15303927-6;(BM) 2021-011904490-001;09/03/2021 10:30;RUA URANO, Nº S/N - JARDIM SATELITE - PASSOS;-207.099.117;-466.202.178;P02003 - VISTORIA EM LOTE VAGO (C) (Prioridade: 2 - Média);1CIA IND/2CIA/1PEL(PASSOS);ABTS0495;Não;Não;Não;BOLETIM DE OCORRENCIA;Classificada;10/03/2021 06:11;Não
2021-15304175-8;(BM) 2021-011908053-001;09/03/2021 10:49;RUA URANO, Nº S/N - JARDIM SATELITE - PASSOS;-207.099.117;-466.202.178;P02003 - VISTORIA EM LOTE VAGO (C) (Prioridade: 2 - Média);1CIA IND/2CIA/1PEL(PASSOS);ABTS0495;Não;Não;Não;BOLETIM DE OCORRENCIA;Classificada;10/03/2021 06:11;Não
2021-15304484-2;(BM) 2021-011912519-001;09/03/2021 11:12;RUA URANO, Nº S/N - JARDIM SATELITE - PASSOS;-207.099.117;-466.202.178;P02003 - VISTORIA EM LOTE VAGO (C) (Prioridade: 2 - Média);1CIA IND/2CIA/1PEL(PASSOS);ABTS0495;Não;Não;Não;BOLETIM DE OCORRENCIA;Classificada;10/03/2021 06:12;Não
2021-15304756-0;(BM) 2021-011915870-001;09/03/2021 11:30;RUA URANO, Nº S/N - JARDIM SATELITE - PASSOS;-207.099.117;-466.202.178;P02003 - VISTORIA EM LOTE VAGO (C) (Prioridade: 2 - Média);1CIA IND/2CIA/1PEL(PASSOS);ABTS0495;Não;Não;Não;BOLETIM DE OCORRENCIA;Classificada;10/03/2021 06:12;Não
2021-15304809-5;(BM) 2021-011916520-001;09/03/2021 11:34;RUA DOVILIO TACONI, Nº 278 - JARDIM QUISISANA - POCOS DE CALDAS;;;P01001 - VISTORIA DE FISCALIZACAO (C) (Prioridade: 2 - Média);1CIA IND (POCOS DE CALDAS);TLP1044;Não;Não;Não;BOLETIM DE OCORRENCIA;Classificada;09/03/2021 23:04;Não
2021-15305040-4;(BM) 2021-011918977-001;09/03/2021 11:50;RUA URANO, Nº S/N - JARDIM SATELITE - PASSOS;-207.099.117;-466.202.178;P02003 - VISTORIA EM LOTE VAGO (C) (Prioridade: 2 - Média);1CIA IND/2CIA/1PEL(PASSOS);ABTS0495;Não;Não;Não;BOLETIM DE OCORRENCIA;Classificada;10/03/2021 06:12;Não
2021-15305757-9;(BM) 2021-011927467-001;09/03/2021 12:59;RUA JOAO TEIXEIRA MENDES, Nº S/N - FLAMBOYANT - PASSOS;-207.548.252;-466.033.392;V01018 - VITIMA DE MAL NAO DEFINIDO (DISTURBIO) (C) (Prioridade: 1 - Alta);1CIA IND/2CIA/1PEL(PASSOS);UR0565;Não;Não;Não;BOLETIM DE OCORRENCIA;Classificada;10/03/2021 06:14;Não
2021-15306568-1;(BM) 2021-011936470-001;09/03/2021 14:00;ESTRADA ALCIFRINO LEITE MIRANDA, Nº S/N - POCOS DE CALDAS;-217.815.108;-465.274.655;P01001 - VISTORIA DE FISCALIZACAO (C) (Prioridade: 2 - Média);1CIA IND (POCOS DE CALDAS);TLP1044;Não;Não;Não;BOLETIM DE OCORRENCIA;Classificada;09/03/2021 23:04;Não
2021-15307227-6;(BM) 2021-011944802-001;09/03/2021 14:36;AVENIDA PROFESSORA MAGDA PINTO AMARANTE, Nº 647 - JARDIM DAS HORTENCIAS - POCOS DE CALDAS;;;P01002 - VISTORIA DE LIBERACAO / EMISSAO DE AVCB (C) (Prioridade: 2 - Média);1CIA IND (POCOS DE CALDAS);TLP1044;Não;Não;Não;BOLETIM DE OCORRENCIA;Classificada;09/03/2021 23:04;Não
2021-15307738-5;(BM) 2021-011951531-001;09/03/2021 15:02;RUA DOUTOR CARVALHO, Nº 1264 - BELO HORIZONTE - PASSOS;-207.332.419;-466.045.989;P01002 - VISTORIA DE LIBERACAO / EMISSAO DE AVCB (C) (Prioridade: 2 - Média);1CIA IND/2CIA/PEL PREV E VIST(PASSOS);APF01362;Não;Não;Não;BOLETIM DE OCORRENCIA;Classificada;10/03/2021 06:12;Não
2021-15308226-9;(BM) 2021-011957780-001;09/03/2021 15:25;RODOVIA MG 050, Nº 1360 - SERRA VERDE - PASSOS;-20.737.687;-465.900.815;P01001 - VISTORIA DE FISCALIZACAO (C) (Prioridade: 2 - Média);1CIA IND/2CIA/PEL PREV E VIST(PASSOS);APF01362;Não;Não;Não;BOLETIM DE OCORRENCIA;Classificada;10/03/2021 06:12;Não
2021-15308306-6;(BM) 2021-011969310-001;09/03/2021 15:29;RUA DAVID BALDINI, Nº 650 - VILA RICA - PASSOS;-20.726;-466.001.989;P01001 - VISTORIA DE FISCALIZACAO (C) (Prioridade: 2 - Média);1CIA IND/2CIA/1PEL(PASSOS);ASL00064;Não;Não;Não;BOLETIM DE OCORRENCIA;Classificada;10/03/2021 06:12;Não
2021-15308439-0;(BM) 2021-011964230-001;09/03/2021 15:36;RUA ORLANDO ADAO CARNEIRO, Nº 94 - RECANTO DA TEKA - PASSOS;-20.742.255;-4.659.918;S04009 - SALVAMENTO DE PESSOA PRESA EM IMOVEL (C) (Prioridade: 2 - Média);1CIA IND/2CIA/1PEL(PASSOS);ABTS0495;Não;Não;Não;BOLETIM DE OCORRENCIA;Classificada;10/03/2021 06:14;Não
2021-15309117-9;(BM) 2021-011968830-001;09/03/2021 16:08;AVENIDA JOSE CAETANO DE ANDRADE, Nº S/N - MUARAMA - PASSOS;-207.301.976;-466.154.665;S06001 - SALVAMENTO DE ANIMAL EM RISCO / PERIGO (C) (Prioridade: 2 - Média);1CIA IND/2CIA/1PEL(PASSOS);ABTS0495;Não;Não;Não;BOLETIM DE OCORRENCIA;Classificada;10/03/2021 06:14;Não
2021-15309662-6;(BM) 2021-011975108-001;09/03/2021 16:35;RUA QUINZE  DE NOVEMBRO, Nº 386 - CASCATINHA - POCOS DE CALDAS;-217.926.529;-465.618.119;P01002 - VISTORIA DE LIBERACAO / EMISSAO DE AVCB (C) (Prioridade: 2 - Média);1CIA IND (POCOS DE CALDAS);TLP1044;Não;Não;Não;BOLETIM DE OCORRENCIA;Classificada;10/03/2021 05:59;Não
2021-15317815-0;(BM) 2021-012067220-001;10/03/2021 06:22;RUA VEREADOR MARCOS JOELI, Nº 180 - COHAB 5 - PASSOS;-207.200.989;-466.389.723;W03000 - SOLICITANTE ENCONTRADO - PROVIDENCIA DISPENSADA (C) (Prioridade: 3 - Baixa);1CIA IND/2CIA/1PEL(PASSOS);UR0565;Não;Não;Não;BOLETIM DE OCORRENCIA;Classificada;10/03/2021 07:03;Não
2021-15319946-0;(BM) 2021-012114267-001;10/03/2021 10:09;AVENIDA JUCA STOCKLER, Nº 3149 - ACLIMACAO - PASSOS;-207.524.517;-465.980.535;V03019 - VITIMA DE QUEDA DE ALTURA (C) (Prioridade: 1 - Alta);1CIA IND/2CIA/1PEL(PASSOS);UR0565;Não;Não;Não;BOLETIM DE OCORRENCIA;Classificada;11/03/2021 07:08;Não
2021-15321885-0;(BM) 2021-012114254-001;10/03/2021 12:39;RUA DOUTOR CARVALHO, Nº 1455 - NOSSA SENHORA DAS GRAÇAS - PASSOS;-207.352.269;-466.037.303;V01024 - VITIMA DE SUICIDIO (TENTATIVA) - APH CLINICO (C) (Prioridade: 1 - Alta);1CIA IND/2CIA/1PEL(PASSOS);UR0565;Não;Não;Não;BOLETIM DE OCORRENCIA;Classificada;11/03/2021 07:08;Não
2021-15322661-8;(BM) 2021-012150258-002;10/03/2021 13:50;RUA JOSE MARIANO NEGRINHO, Nº 424 - COHAB 5 - PASSOS;-207.181.969;-466.373.767;V01022 - VITIMA PARTURIENTE / EMERGENCIAS OBSTETRICAS (C) (Prioridade: 1 - Alta);1CIA IND/2CIA/1PEL(PASSOS);UR0565;Não;Não;Não;BOLETIM DE OCORRENCIA;Classificada;11/03/2021 07:09;Não
2021-15325394-0;(BM) 2021-012158871-001;10/03/2021 16:25;RUA CAMBUQUIRA, Nº S/N - MUARAMA - PASSOS;-207.298.188;-466.147.702;P02003 - VISTORIA EM LOTE VAGO (C) (Prioridade: 2 - Média);1CIA IND/2CIA/1PEL(PASSOS);UR0565;Não;Não;Não;BOLETIM DE OCORRENCIA;Classificada;11/03/2021 07:08;Não
2021-15325600-0;(BM) 2021-012160792-001;10/03/2021 16:38;RUA DOUTOR CARVALHO, Nº S/N - BELO HORIZONTE - PASSOS;-207.302.189;-466.057.238;W06000 - TESTE (C) (Prioridade: 3 - Baixa);1CIA IND/2CIA/1PEL(PASSOS);1193;Não;Não;Não;BOLETIM DE OCORRENCIA;Classificada;11/03/2021 07:08;Não
2021-15325700-4;(BM) 2021-012160500-001;10/03/2021 16:44;RUA CAMBUQUIRA, Nº S/N - MUARAMA - PASSOS;-207.298.188;-466.147.702;P02003 - VISTORIA EM LOTE VAGO (C) (Prioridade: 2 - Média);1CIA IND/2CIA/1PEL(PASSOS);UR0565;Não;Não;Não;BOLETIM DE OCORRENCIA;Classificada;11/03/2021 07:08;Não
2021-15325869-5;(BM) 2021-012162616-001;10/03/2021 16:53;RODOVIA MG 050, Nº 1051 - SERRA DAS BRISAS - PASSOS;-207.372.394;-465.905.596;S06002 - CAPTURA DE ANIMAL SILVESTRE PERIGOSO / AGRESSIVO (C) (Prioridade: 2 - Média);1CIA IND/2CIA/PEL PREV E VIST(PASSOS);APF01362;Não;Não;Não;BOLETIM DE OCORRENCIA;Classificada;11/03/2021 07:09;Não
2021-15325934-5;(BM) 2021-012163272-001;10/03/2021 16:57;RUA AGUAS DA PRATA, Nº S/N - MUARAMA - PASSOS;-207.306.599;-466.148.355;P02003 - VISTORIA EM LOTE VAGO (C) (Prioridade: 2 - Média);1CIA IND/2CIA/1PEL(PASSOS);UR0565;Não;Não;Não;BOLETIM DE OCORRENCIA;Classificada;11/03/2021 07:08;Não
2021-15326189-6;(BM) 2021-012166577-001;10/03/2021 17:10;RUA AGUAS DA PRATA, Nº S/N - MUARAMA - PASSOS;-207.306.599;-466.148.355;P02003 - VISTORIA EM LOTE VAGO (C) (Prioridade: 2 - Média);1CIA IND/2CIA/1PEL(PASSOS);UR0565;Não;Não;Não;BOLETIM DE OCORRENCIA;Classificada;11/03/2021 07:09;Não
2021-15327059-6;(BM) 2021-012176425-001;10/03/2021 17:58;RUA CAMBUQUIRA, Nº 281 - MUARAMA - PASSOS;-207.299.622;-466.147.629;P02003 - VISTORIA EM LOTE VAGO (C) (Prioridade: 2 - Média);1CIA IND/2CIA/1PEL(PASSOS);UR0565;Não;Não;Não;BOLETIM DE OCORRENCIA;Classificada;11/03/2021 07:08;Não
2021-15327325-8;(BM) 2021-012179485-001;10/03/2021 18:14;RUA CAMBUQUIRA, Nº 281 - MUARAMA - PASSOS;-207.299.622;-466.147.629;P02003 - VISTORIA EM LOTE VAGO (C) (Prioridade: 2 - Média);1CIA IND/2CIA/1PEL(PASSOS);UR0565;Não;Não;Não;BOLETIM DE OCORRENCIA;Classificada;11/03/2021 07:08;Não
2021-15327502-1;(BM) 2021-012182617-001;10/03/2021 18:25;RUA CAMBUQUIRA, Nº S/N - MUARAMA - PASSOS;-207.298.188;-466.147.702;P02003 - VISTORIA EM LOTE VAGO (C) (Prioridade: 2 - Média);1CIA IND/2CIA/1PEL(PASSOS);UR0565;Não;Não;Não;BOLETIM DE OCORRENCIA;Classificada;11/03/2021 07:09;Não
2021-15327683-8;(BM) 2021-012191633-001;10/03/2021 18:37;RUA EUNICE BERALDO LEMOS GOMES, Nº 251 - PENHA 2 - PASSOS;-20.717.935;-466.326.879;V01018 - VITIMA DE MAL NAO DEFINIDO (DISTURBIO) (C) (Prioridade: 1 - Alta);1CIA IND/2CIA/1PEL(PASSOS);UR0565;Não;Não;Não;BOLETIM DE OCORRENCIA;Classificada;11/03/2021 07:09;Não
2021-15331500-0;(BM) 2021-012231035-002;10/03/2021 22:56;RUA VICENTINOS, Nº 40 - CANDEIAS - PASSOS;-207.229.295;-4.661.721;O02001 - INCENDIO EM RESIDENCIA/HABITACAO UNIFAMILIAR (CASA) (C) (Prioridade: 1 - Alta);1CIA IND/2CIA/1PEL(PASSOS);UR0565 / ABTS0495;Não;Não;Não;BOLETIM DE OCORRENCIA;Classificada;11/03/2021 07:09;Não
2021-15334051-4;(BM) 2021-012251101-001;11/03/2021 07:11;RUA DOUTOR CARVALHO, Nº 1455 - NOSSA SENHORA DAS GRAÇAS - PASSOS;-207.352.269;-466.037.303;Q03001 - TREINAMENTO DE COMBATE A INCENDIO (C) (Prioridade: 2 - Média);1CIA IND/2CIA/1PEL(PASSOS);ABTS0495;Não;Não;Não;BOLETIM DE OCORRENCIA;Classificada;11/03/2021 17:06;Não
2021-15334114-2;(BM) 2021-012253546-001;11/03/2021 07:21;RUA SAO FRANCISCO DE ASSIS, Nº 162 - SAO FRANCISCO - PASSOS;-207.252.746;-466.190.041;V01018 - VITIMA DE MAL NAO DEFINIDO (DISTURBIO) (C) (Prioridade: 1 - Alta);1CIA IND/2CIA/1PEL(PASSOS);UR0565;Não;Não;Não;BOLETIM DE OCORRENCIA;Classificada;11/03/2021 07:42;Não
2021-15336336-5;(BM) 2021-012275483-001;11/03/2021 10:12;RUA PREFEITO CHAGAS, Nº 360 - CENTRO - POCOS DE CALDAS;-21.788.329;-465.637.539;P01002 - VISTORIA DE LIBERACAO / EMISSAO DE AVCB (C) (Prioridade: 2 - Média);1CIA IND (POCOS DE CALDAS);TLP1044;Não;Não;Não;BOLETIM DE OCORRENCIA;Classificada;11/03/2021 23:11;Não
2021-15336434-4;(BM) 2021-012286900-001;11/03/2021 10:19;RUA PARANA, Nº 73 - DOS FUNCIONARIOS - POCOS DE CALDAS;-217.879.381;-465.691.242;P02003 - VISTORIA EM LOTE VAGO (C) (Prioridade: 2 - Média);1CIA IND (POCOS DE CALDAS);TPO01115;Não;Não;Não;BOLETIM DE OCORRENCIA;Classificada;11/03/2021 23:11;Não
2021-15336484-2;(BM) 2021-012287001-001;11/03/2021 10:22;ALAMEDA CAPUCHINHOS, Nº 177 - DOS FUNCIONARIOS - POCOS DE CALDAS;-217.898.086;-465.685.432;P02003 - VISTORIA EM LOTE VAGO (C) (Prioridade: 2 - Média);1CIA IND (POCOS DE CALDAS);TPO01115;Não;Não;Não;BOLETIM DE OCORRENCIA;Classificada;11/03/2021 23:11;Não
2021-15336520-4;(BM) 2021-012287118-001;11/03/2021 10:24;RUA CONCEICAO FRIZO, Nº 16 - SANTA AUGUSTA - POCOS DE CALDAS;-217.927.795;-465.703.188;P02003 - VISTORIA EM LOTE VAGO (C) (Prioridade: 2 - Média);1CIA IND (POCOS DE CALDAS);TPO01115;Não;Não;Não;BOLETIM DE OCORRENCIA;Classificada;11/03/2021 23:11;Não
2021-15336524-5;(BM) 2021-012287209-001;11/03/2021 10:25;RUA BARAO CAMPO MISTICO, Nº 633 - VILA LIDER - POCOS DE CALDAS;-217.934.132;-465.695.018;P02003 - VISTORIA EM LOTE VAGO (C) (Prioridade: 2 - Média);1CIA IND (POCOS DE CALDAS);TPO01115;Não;Não;Não;BOLETIM DE OCORRENCIA;Classificada;11/03/2021 23:11;Não
2021-15336527-3;(BM) 2021-012287252-001;11/03/2021 10:25;RUA BARAO CAMPO MISTICO, Nº 771 - VILA LIDER - POCOS DE CALDAS;-217.951.377;-465.699.415;P02003 - VISTORIA EM LOTE VAGO (C) (Prioridade: 2 - Média);1CIA IND (POCOS DE CALDAS);TPO01115;Não;Não;Não;BOLETIM DE OCORRENCIA;Classificada;11/03/2021 23:12;Não
2021-15336554-6;(BM) 2021-012287328-001;11/03/2021 10:26;RUA LEONTINO GENEROSO, Nº 109 - SANTA AUGUSTA - POCOS DE CALDAS;-217.955.911;-465.714.087;P02003 - VISTORIA EM LOTE VAGO (C) (Prioridade: 2 - Média);1CIA IND (POCOS DE CALDAS);TPO01115;Não;Não;Não;BOLETIM DE OCORRENCIA;Classificada;11/03/2021 23:11;Não
2021-15336557-4;(BM) 2021-012287369-001;11/03/2021 10:27;RUA LEONTINO GENEROSO, Nº 77 - SANTA AUGUSTA - POCOS DE CALDAS;-217.954.973;-465.709.536;P02003 - VISTORIA EM LOTE VAGO (C) (Prioridade: 2 - Média);1CIA IND (POCOS DE CALDAS);TPO01115;Não;Não;Não;BOLETIM DE OCORRENCIA;Classificada;11/03/2021 23:12;Não
2021-15336559-0;(BM) 2021-012287447-001;11/03/2021 10:27;RUA LEONTINO GENEROSO, Nº 86 - SANTA AUGUSTA - POCOS DE CALDAS;-21.795.355;-465.710.435;P02003 - VISTORIA EM LOTE VAGO (C) (Prioridade: 2 - Média);1CIA IND (POCOS DE CALDAS);TPO01115;Não;Não;Não;BOLETIM DE OCORRENCIA;Classificada;11/03/2021 23:12;Não
2021-15336582-1;(BM) 2021-012287579-001;11/03/2021 10:28;RUA LEONTINO GENEROSO, Nº 59 - SANTA AUGUSTA - POCOS DE CALDAS;-217.954.434;-465.707.339;P02003 - VISTORIA EM LOTE VAGO (C) (Prioridade: 2 - Média);1CIA IND (POCOS DE CALDAS);TPO01115;Não;Não;Não;BOLETIM DE OCORRENCIA;Classificada;11/03/2021 23:12;Não
2021-15336611-8;(BM) 2021-012287776-001;11/03/2021 10:29;RUA LEONTINO GENEROSO, Nº 50 - SAO CONRADO - POCOS DE CALDAS;-218.664.901;-465.751.079;P02003 - VISTORIA EM LOTE VAGO (C) (Prioridade: 2 - Média);1CIA IND (POCOS DE CALDAS);TPO01115;Não;Não;Não;BOLETIM DE OCORRENCIA;Classificada;11/03/2021 23:12;Não
2021-15336651-2;(BM) 2021-012287999-001;11/03/2021 10:32;RUA DOUTOR NORBERTO CARLOS FERREIRA, Nº 701 - SANTA AUGUSTA - POCOS DE CALDAS;-217.919.089;-465.760.729;P02003 - VISTORIA EM LOTE VAGO (C) (Prioridade: 2 - Média);1CIA IND (POCOS DE CALDAS);TPO01115;Não;Não;Não;BOLETIM DE OCORRENCIA;Classificada;11/03/2021 23:12;Não
2021-15336656-6;(BM) 2021-012288075-001;11/03/2021 10:33;RUA DOUTOR NORBERTO CARLOS FERREIRA, Nº S/N - POCOS DE CALDAS;-217.905.129;-465.699.811;P02003 - VISTORIA EM LOTE VAGO (C) (Prioridade: 2 - Média);1CIA IND (POCOS DE CALDAS);TPO01115;Não;Não;Não;BOLETIM DE OCORRENCIA;Classificada;11/03/2021 23:12;Não
2021-15337394-7;(BM) 2021-012289070-001;11/03/2021 11:22;RUA PARA, Nº S/N - POLIVALENTE - PASSOS;-207.065.593;-466.081.424;P01001 - VISTORIA DE FISCALIZACAO (C) (Prioridade: 2 - Média);1CIA IND/2CIA/PEL PREV E VIST(PASSOS);APF01362;Não;Não;Não;BOLETIM DE OCORRENCIA;Classificada;12/03/2021 00:40;Não
2021-15337481-0;(BM) 2021-012290020-001;11/03/2021 11:28;RUA DOUTOR CARVALHO, Nº 1455 - NOSSA SENHORA DAS GRAÇAS - PASSOS;-207.352.269;-466.037.303;Q03017 - TREINAMENTO DE PRIMEIROS SOCORROS (C) (Prioridade: 2 - Média);1CIA IND/2CIA/1PEL(PASSOS);1193;Não;Não;Não;BOLETIM DE OCORRENCIA;Classificada;12/03/2021 00:40;Não
2021-15337521-2;(BM) 2021-012290350-001;11/03/2021 11:30;RUA SANTA CATARINA, Nº 514 - BELA VISTA - PASSOS;-207.177.938;-465.955.381;P01001 - VISTORIA DE FISCALIZACAO (C) (Prioridade: 2 - Média);1CIA IND/2CIA/PEL PREV E VIST(PASSOS);APF01362;Não;Não;Não;BOLETIM DE OCORRENCIA;Classificada;12/03/2021 00:40;Não
2021-15337508-4;(BM) 2021-012290466-001;11/03/2021 11:31;RUA PREFEITO CHAGAS, Nº 113 - CENTRO - POCOS DE CALDAS;-217.876.909;-465.663.137;P01001 - VISTORIA DE FISCALIZACAO (C) (Prioridade: 2 - Média);1CIA IND (POCOS DE CALDAS);TLP1044;Não;Não;Não;BOLETIM DE OCORRENCIA;Classificada;11/03/2021 23:12;Não
2021-15337772-2;(BM) 2021-012293431-001;11/03/2021 11:51;RUA RONDONIA, Nº 115 - SAO BENEDITO - PASSOS;-207.194.632;-465.992.181;P01001 - VISTORIA DE FISCALIZACAO (C) (Prioridade: 2 - Média);1CIA IND/2CIA/PEL PREV E VIST(PASSOS);APF01362;Não;Não;Não;BOLETIM DE OCORRENCIA;Classificada;12/03/2021 00:40;Não
2021-15338502-3;(BM) 2021-012301220-001;11/03/2021 13:02;RUA BOCAIUVA, Nº S/N - COHAB 2 - PASSOS;-207.144.354;-466.266.684;O04012 - INCENDIO EM LOTE VAGO (AREA URBANA) (C) (Prioridade: 2 - Média);1CIA IND/2CIA/1PEL(PASSOS);ABTS0495;Não;Não;Não;BOLETIM DE OCORRENCIA;Classificada;12/03/2021 00:40;Não
2021-15338795-3;(BM) 2021-012304812-001;11/03/2021 13:27;RODOVIA MG 050, Nº S/N - MONSENHOR MESSIAS - PASSOS;-207.387.609;-46.597.429;P01002 - VISTORIA DE LIBERACAO / EMISSAO DE AVCB (C) (Prioridade: 2 - Média);1CIA IND/2CIA/PEL PREV E VIST(PASSOS);APF01362;Não;Não;Não;BOLETIM DE OCORRENCIA;Classificada;12/03/2021 00:41;Não
2021-15339365-0;(BM) 2021-012310995-001;11/03/2021 14:11;RUA ESPIRITO SANTO, Nº 65 - SAO BENEDITO - PASSOS;-207.187.447;-466.001.562;P01001 - VISTORIA DE FISCALIZACAO (C) (Prioridade: 2 - Média);1CIA IND/2CIA/PEL PREV E VIST(PASSOS);APF01362;Não;Não;Não;BOLETIM DE OCORRENCIA;Classificada;12/03/2021 00:41;Não
2021-15339404-0;(BM) 2021-012311448-001;11/03/2021 14:14;AVENIDA MONSENHOR ALDERIGE, Nº 169 - JARDIM COUNTRY CLUB 1 - POCOS DE CALDAS;-217.884.225;-465.995.377;P01001 - VISTORIA DE FISCALIZACAO (C) (Prioridade: 2 - Média);1CIA IND (POCOS DE CALDAS);TLP1044;Não;Não;Não;BOLETIM DE OCORRENCIA;Classificada;11/03/2021 23:13;Não
2021-15339517-6;(BM) 2021-012312518-001;11/03/2021 14:18;RUA RIO GRANDE DO NORTE, Nº 353 - CENTRO - POCOS DE CALDAS;;;P01002 - VISTORIA DE LIBERACAO / EMISSAO DE AVCB (C) (Prioridade: 2 - Média);1CIA IND (POCOS DE CALDAS);TLP1044;Não;Não;Não;BOLETIM DE OCORRENCIA;Classificada;11/03/2021 23:13;Não
2021-15340752-3;(BM) 2021-012339696-001;11/03/2021 15:15;RUA RIO DE JANEIRO, Nº 413 - BELA VISTA - PASSOS;-207.170.228;-465.975.209;P01001 - VISTORIA DE FISCALIZACAO (C) (Prioridade: 2 - Média);1CIA IND/2CIA/PEL PREV E VIST(PASSOS);APF01362;Não;Não;Não;BOLETIM DE OCORRENCIA;Classificada;12/03/2021 00:41;Não
2021-15341964-7;(BM) 2021-012344071-001;11/03/2021 16:25;RUA JOEL DA SILVA MENDES, Nº 84 - JARDIM CIDADE - PASSOS;-207.285.671;-466.237.837;P02003 - VISTORIA EM LOTE VAGO (C) (Prioridade: 2 - Média);1CIA IND/2CIA/1PEL(PASSOS);UR0565;Não;Não;Não;BOLETIM DE OCORRENCIA;Classificada;12/03/2021 00:41;Não
2021-15342119-1;(BM) 2021-012345981-001;11/03/2021 16:33;RUA JOEL DA SILVA MENDES, Nº 84 - JARDIM CIDADE - PASSOS;-207.285.671;-466.237.837;P02003 - VISTORIA EM LOTE VAGO (C) (Prioridade: 2 - Média);1CIA IND/2CIA/1PEL(PASSOS);UR0565;Não;Não;Não;BOLETIM DE OCORRENCIA;Classificada;12/03/2021 00:39;Não
2021-15342207-7;(BM) 2021-012346999-001;11/03/2021 16:39;RUA MARANHAO, Nº 252 - CENTRO - POCOS DE CALDAS;-217.798.848;-465.653.167;P01001 - VISTORIA DE FISCALIZACAO (C) (Prioridade: 2 - Média);1CIA IND (POCOS DE CALDAS);TLP1044;Não;Não;Não;BOLETIM DE OCORRENCIA;Classificada;11/03/2021 23:14;Não
2021-15342352-6;(BM) 2021-012348446-001;11/03/2021 16:44;RUA JOEL DA SILVA MENDES, Nº 24 - JARDIM CIDADE - PASSOS;-207.281.654;-466.233.855;P02003 - VISTORIA EM LOTE VAGO (C) (Prioridade: 2 - Média);1CIA IND/2CIA/1PEL(PASSOS);UR0565;Não;Não;Não;BOLETIM DE OCORRENCIA;Classificada;12/03/2021 00:39;Não
2021-15342500-1;(BM) 2021-012350276-001;11/03/2021 16:50;RUA JOEL DA SILVA MENDES, Nº 23 - JARDIM CIDADE - PASSOS;-207.282.596;-466.232.675;P02003 - VISTORIA EM LOTE VAGO (C) (Prioridade: 2 - Média);1CIA IND/2CIA/1PEL(PASSOS);UR0565;Não;Não;Não;BOLETIM DE OCORRENCIA;Classificada;12/03/2021 00:39;Não
2021-15342632-2;(BM) 2021-012351816-001;11/03/2021 16:56;RUA JOEL DA SILVA MENDES, Nº S/N - JARDIM CIDADE - PASSOS;-207.293.644;-466.243.606;P02003 - VISTORIA EM LOTE VAGO (C) (Prioridade: 2 - Média);1CIA IND/2CIA/1PEL(PASSOS);UR0565;Não;Não;Não;BOLETIM DE OCORRENCIA;Classificada;12/03/2021 00:38;Não
2021-15342775-0;(BM) 2021-012353687-001;11/03/2021 17:03;RUA JOEL DA SILVA MENDES, Nº 363 - JARDIM CIDADE - PASSOS;-20.730.646;-466.253.075;P02003 - VISTORIA EM LOTE VAGO (C) (Prioridade: 2 - Média);1CIA IND/2CIA/1PEL(PASSOS);UR0565;Não;Não;Não;BOLETIM DE OCORRENCIA;Classificada;12/03/2021 00:38;Não
2021-15342911-6;(BM) 2021-012355119-001;11/03/2021 17:09;RUA JOEL DA SILVA MENDES, Nº 386 - JARDIM CIDADE - PASSOS;-207.308.072;-466.255.821;P02003 - VISTORIA EM LOTE VAGO (C) (Prioridade: 2 - Média);1CIA IND/2CIA/1PEL(PASSOS);UR0565;Não;Não;Não;BOLETIM DE OCORRENCIA;Classificada;12/03/2021 00:37;Não
2021-15343361-2;(BM) 2021-012360635-001;11/03/2021 17:30;RODOVIA MG 344, Km 18 - IBIRACI;-203.995.886;-471.769.422;S05201 - CAPOTAMENTO DE AUTOMOVEL (CARRO, CAMIONETA, CAMINHONETE) (C) (Prioridade: 1 - Alta);1CIA IND/2CIA/1PEL(PASSOS);ABTS0495;Não;Não;Não;BOLETIM DE OCORRENCIA;Classificada;12/03/2021 05:59;Não
2021-15347512-8;(BM) 2021-012411760-001;11/03/2021 21:39;PRACA BELO HORIZONTE, Nº 22 - CENTRO - SAO JOAO BATISTA GLORIA;-206.407.259;-465.051.515;P02002 - VISTORIA EM RISCO DE QUEDA DE ARVORE (C) (Prioridade: 2 - Média);1CIA IND/2CIA/1PEL(PASSOS);ABTS0495;Não;Não;Não;BOLETIM DE OCORRENCIA;Classificada;12/03/2021 05:59;Não
2021-15348809-2;(BM) 2021-012428216-001;11/03/2021 23:10;RUA MOINHO, Nº 221 - CASARAO - PASSOS;-207.225.439;-465.903.392;V01023 - VITIMA DE SINCOPE (DESMAIO) (C) (Prioridade: 1 - Alta);1CIA IND/2CIA/1PEL(PASSOS);UR0565;Não;Não;Não;BOLETIM DE OCORRENCIA;Classificada;12/03/2021 21:33;Não
2021-15352000-5;(BM) 2021-012456016-001;12/03/2021 08:09;RUA VEREADOR JOAQUIM DE PADUA LEMOS, Nº 79 - COHAB 5 - PASSOS;-207.210.597;-466.378.421;V01018 - VITIMA DE MAL NAO DEFINIDO (DISTURBIO) (C) (Prioridade: 1 - Alta);1CIA IND/2CIA/1PEL(PASSOS);UR0565;Não;Não;Não;BOLETIM DE OCORRENCIA;Classificada;12/03/2021 09:02;Não
2021-15353319-2;(BM) 2021-012464289-001;12/03/2021 09:50;RUA BELMIRA OSORIO LEMOS, Nº S/N - JARDIM ITALIA - PASSOS;-207.451.993;-466.049.994;P02003 - VISTORIA EM LOTE VAGO (C) (Prioridade: 2 - Média);1CIA IND/2CIA/1PEL(PASSOS);UR0565;Não;Não;Não;BOLETIM DE OCORRENCIA;Classificada;12/03/2021 21:35;Não
2021-15353430-0;(BM) 2021-012466576-001;12/03/2021 09:57;RUA ANTONIO LUIZ DE FARIA, Nº S/N - JARDIM CANADA - PASSOS;-207.469.038;-46.607.566;P02003 - VISTORIA EM LOTE VAGO (C) (Prioridade: 2 - Média);1CIA IND/2CIA/1PEL(PASSOS);UR0565;Não;Não;Não;BOLETIM DE OCORRENCIA;Classificada;12/03/2021 21:35;Não
2021-15353520-0;(BM) 2021-012466591-001;12/03/2021 10:03;RUA ANTONIO LUIZ DE FARIA, Nº S/N - JARDIM CANADA - PASSOS;-207.469.038;-46.607.566;P02003 - VISTORIA EM LOTE VAGO (C) (Prioridade: 2 - Média);1CIA IND/2CIA/1PEL(PASSOS);UR0565;Não;Não;Não;BOLETIM DE OCORRENCIA;Classificada;12/03/2021 21:35;Não
2021-15353598-8;(BM) 2021-012468064-001;12/03/2021 10:11;RUA ANTONIO LUIZ DE FARIA, Nº S/N - JARDIM CANADA - PASSOS;-207.469.038;-46.607.566;P02003 - VISTORIA EM LOTE VAGO (C) (Prioridade: 2 - Média);1CIA IND/2CIA/1PEL(PASSOS);UR0565;Não;Não;Não;BOLETIM DE OCORRENCIA;Classificada;12/03/2021 21:35;Não
2021-15353679-8;(PM) 2021-012488550-001;12/03/2021 10:17;RUA GAIVOTA, Nº 356 - PARQUE DA FAZENDA - PASSOS;-2.073.911;-466.072.098;W98011 - SOLICITACAO DE APOIO (C) (Prioridade: 1 - Alta);1CIA IND/2CIA/1PEL(PASSOS);;Não;Não;Não;ATENPO-ATENDIDA POR OUTROS ÓRGÃOS;Classificada;12/03/2021 21:25;Não
2021-15353880-6;(BM) 2021-012479287-001;12/03/2021 10:28;AVENIDA JUCA STOCKLER, Nº 3289 - ACLIMACAO - PASSOS;-20.753.649;-465.980.716;V03999 - OUTROS TIPOS DE APH DE TRAUMAS DIVERSOS   (C) (Prioridade: 1 - Alta);1CIA IND/2CIA/1PEL(PASSOS);UR0565;Não;Não;Não;BOLETIM DE OCORRENCIA;Classificada;12/03/2021 21:33;Não
2021-15354524-7;(BM) 2021-012479625-001;12/03/2021 11:15;RUA MARIA AUGUSTA DE FARIA, Nº S/N - JARDIM CANADA - PASSOS;-207.473.665;-466.082.142;P02003 - VISTORIA EM LOTE VAGO (C) (Prioridade: 2 - Média);1CIA IND/2CIA/1PEL(PASSOS);UR0565;Não;Não;Não;BOLETIM DE OCORRENCIA;Classificada;12/03/2021 21:34;Não
2021-15354655-5;(BM) 2021-012480905-001;12/03/2021 11:23;RUA ANTONIO LUIZ DE FARIA, Nº S/N - JARDIM CANADA - PASSOS;-207.469.038;-46.607.566;P02003 - VISTORIA EM LOTE VAGO (C) (Prioridade: 2 - Média);1CIA IND/2CIA/1PEL(PASSOS);UR0565;Não;Não;Não;BOLETIM DE OCORRENCIA;Classificada;12/03/2021 21:34;Não
2021-15354772-9;(BM) 2021-012482278-001;12/03/2021 11:32;RUA AGUAS, Nº 329 - SERRA VERDE - PASSOS;-207.434.705;-465.942.061;V01006 - VITIMA COM DIFICULDADE DE LOCOMOCAO (C) (Prioridade: 1 - Alta);1CIA IND/2CIA/1PEL(PASSOS);UR0565;Não;Não;Não;BOLETIM DE OCORRENCIA;Classificada;12/03/2021 21:33;Não
2021-15355186-1;(BM) 2021-012490653-001;12/03/2021 12:14;RUA FLORIPES NOGUEIRA MENDES, Nº S/N - JARDIM ITALIA - PASSOS;-207.512.439;-466.046.616;P02003 - VISTORIA EM LOTE VAGO (C) (Prioridade: 2 - Média);1CIA IND/2CIA/1PEL(PASSOS);UR0565;Não;Não;Não;BOLETIM DE OCORRENCIA;Classificada;12/03/2021 21:34;Não
2021-15356966-6;(BM) 2021-012508475-001;12/03/2021 14:30;RUA OTAVIO RODRIGUES VASCONCELOS, Nº 559 - SAO JOAO - PASSOS;-207.361.517;-466.105.858;P01001 - VISTORIA DE FISCALIZACAO (C) (Prioridade: 2 - Média);1CIA IND/2CIA/PEL PREV E VIST(PASSOS);APF01362;Não;Não;Não;BOLETIM DE OCORRENCIA;Classificada;12/03/2021 21:34;Não
2021-15357495-7;(BM) 2021-012515282-001;12/03/2021 14:57;AVENIDA JUCA STOCKLER, Nº S/N - SAO JOAQUIM - PASSOS;-207.420.993;-46.600.964;V02408 - VITIMA DE COLISAO ENTRE AUTOMOVEL X MOTOCICLETA (C) (Prioridade: 1 - Alta);1CIA IND/2CIA/1PEL(PASSOS);UR0565;Não;Não;Não;BOLETIM DE OCORRENCIA;Classificada;12/03/2021 21:32;Não
2021-15357699-7;(BM) 2021-012517331-001;12/03/2021 15:06;RUA DAVID BALDINI, Nº 556 - BELO HORIZONTE - PASSOS;-207.255.758;-466.015.101;P01001 - VISTORIA DE FISCALIZACAO (C) (Prioridade: 2 - Média);1CIA IND/2CIA/PEL PREV E VIST(PASSOS);APF01362;Não;Não;Não;BOLETIM DE OCORRENCIA;Classificada;12/03/2021 21:34;Não
2021-15360256-4;(BM) 2021-012548176-001;12/03/2021 17:28;RUA SEBASTIAO TEOFILO, Nº S/N - NOVA CALIFORNIA - PASSOS;-206.992.396;-46.623.617;V01018 - VITIMA DE MAL NAO DEFINIDO (DISTURBIO) (C) (Prioridade: 1 - Alta);1CIA IND/2CIA/1PEL(PASSOS);UR0565;Não;Não;Não;BOLETIM DE OCORRENCIA;Classificada;12/03/2021 21:32;Não
2021-15360843-0;(BM) 2021-012554788-001;12/03/2021 17:55;RUA PECUARIA, Nº 769 - SAO FRANCISCO - PASSOS;-207.318.357;-466.182.733;S04012 - BUSCA E SALVAMENTO EM LOCAL DE DIFICIL ACESSO (C) (Prioridade: 1 - Alta);1CIA IND/2CIA/1PEL(PASSOS);ABTS0495;Não;Não;Não;BOLETIM DE OCORRENCIA;Classificada;12/03/2021 21:32;Não
2021-15363558-0;(BM) 2021-012582484-001;12/03/2021 20:23;RUA DOUTOR CARVALHO, Nº 1455 - NOSSA SENHORA DAS GRAÇAS - PASSOS;-207.352.269;-466.037.303;Q03017 - TREINAMENTO DE PRIMEIROS SOCORROS (C) (Prioridade: 2 - Média);1CIA IND/2CIA/1PEL(PASSOS);BM1636356;Não;Não;Não;BOLETIM DE OCORRENCIA;Classificada;12/03/2021 21:33;Não
2021-15364018-8;(BM) 2021-012592110-001;12/03/2021 20:49;RUA JOAO PIMENTA, Nº 372 - SAO BENEDITO - PASSOS;-207.206.247;-465.982.664;V02499 - OUTROS TIPOS DE VITIMAS DE COLISAO NO TRANSITO   (C) (Prioridade: 1 - Alta);1CIA IND/2CIA/1PEL(PASSOS);UR0565;Não;Não;Não;BOLETIM DE OCORRENCIA;Classificada;12/03/2021 21:32;Não
2021-15371033-1;(BM) 2021-012650340-001;13/03/2021 08:33;RUA UIRAPURU, Nº 62 - NOSSA SENHORA DAS GRAÇAS - PASSOS;-207.370.711;-46.604.953;P03002 - PERIGO DE ELETROCUSSAO (C) (Prioridade: 2 - Média);1CIA IND/2CIA/1PEL(PASSOS);UR0565 / ABTS0495;Não;Não;Não;BOLETIM DE OCORRENCIA;Classificada;14/03/2021 06:19;Não
2021-15374439-2;(BM) 2021-012727210-001;13/03/2021 14:12;RUA SATURNO, Nº S/N - JARDIM SATELITE - PASSOS;-207.101.134;-466.214.012;P02003 - VISTORIA EM LOTE VAGO (C) (Prioridade: 2 - Média);1CIA IND/2CIA/1PEL(PASSOS);ABTS0495;Não;Não;Não;BOLETIM DE OCORRENCIA;Classificada;14/03/2021 06:21;Não
2021-15374773-4;(BM) 2021-012727249-001;13/03/2021 14:33;RUA SATURNO, Nº S/N - JARDIM SATELITE - PASSOS;-207.101.134;-466.214.012;P02003 - VISTORIA EM LOTE VAGO (C) (Prioridade: 2 - Média);1CIA IND/2CIA/1PEL(PASSOS);ABTS0495;Não;Não;Não;BOLETIM DE OCORRENCIA;Classificada;14/03/2021 06:21;Não
2021-15375243-6;(BM) 2021-012727277-001;13/03/2021 15:01;RUA SATURNO, Nº S/N - JARDIM SATELITE - PASSOS;-207.101.134;-466.214.012;P02003 - VISTORIA EM LOTE VAGO (C) (Prioridade: 2 - Média);1CIA IND/2CIA/1PEL(PASSOS);ABTS0495;Não;Não;Não;BOLETIM DE OCORRENCIA;Classificada;14/03/2021 06:21;Não
2021-15375621-1;(BM) 2021-012727314-001;13/03/2021 15:22;RUA SATURNO, Nº S/N - JARDIM SATELITE - PASSOS;-207.101.134;-466.214.012;P02003 - VISTORIA EM LOTE VAGO (C) (Prioridade: 2 - Média);1CIA IND/2CIA/1PEL(PASSOS);ABTS0495;Não;Não;Não;BOLETIM DE OCORRENCIA;Classificada;14/03/2021 06:21;Não
2021-15375985-8;(BM) 2021-012727511-001;13/03/2021 15:45;RUA SATURNO, Nº S/N - JARDIM SATELITE - PASSOS;-207.101.134;-466.214.012;P02003 - VISTORIA EM LOTE VAGO (C) (Prioridade: 2 - Média);1CIA IND/2CIA/1PEL(PASSOS);ABTS0495;Não;Não;Não;BOLETIM DE OCORRENCIA;Classificada;14/03/2021 06:21;Não
2021-15376305-7;(BM) 2021-012727578-001;13/03/2021 16:06;RUA SATURNO, Nº S/N - JARDIM SATELITE - PASSOS;-207.101.134;-466.214.012;P02003 - VISTORIA EM LOTE VAGO (C) (Prioridade: 2 - Média);1CIA IND/2CIA/1PEL(PASSOS);ABTS0495;Não;Não;Não;BOLETIM DE OCORRENCIA;Classificada;14/03/2021 06:22;Não
2021-15376701-4;(BM) 2021-012727602-001;13/03/2021 16:31;RUA SATURNO, Nº S/N - JARDIM SATELITE - PASSOS;-207.101.134;-466.214.012;P02003 - VISTORIA EM LOTE VAGO (C) (Prioridade: 2 - Média);1CIA IND/2CIA/1PEL(PASSOS);ABTS0495;Não;Não;Não;BOLETIM DE OCORRENCIA;Classificada;14/03/2021 06:22;Não
2021-15377023-0;(BM) 2021-012727656-001;13/03/2021 16:51;RUA SATURNO, Nº S/N - JARDIM SATELITE - PASSOS;-207.101.134;-466.214.012;P02003 - VISTORIA EM LOTE VAGO (C) (Prioridade: 2 - Média);1CIA IND/2CIA/1PEL(PASSOS);ABTS0495;Não;Não;Não;BOLETIM DE OCORRENCIA;Classificada;14/03/2021 06:22;Não
2021-15378102-0;(BM) 2021-012715770-001;13/03/2021 17:52;RUA DOUTOR CARVALHO, Nº 1455 - NOSSA SENHORA DAS GRAÇAS - PASSOS;-207.352.269;-466.037.303;Q03001 - TREINAMENTO DE COMBATE A INCENDIO (C) (Prioridade: 2 - Média);1CIA IND/2CIA/1PEL(PASSOS);ABTS0495;Não;Não;Não;BOLETIM DE OCORRENCIA;Classificada;14/03/2021 06:20;Não
2021-15379458-4;(BM) 2021-012726610-001;13/03/2021 19:03;RUA RIO VERDE, Nº 1188 - CANJERANUS - PASSOS;-207.018.441;-465.985.499;S06001 - SALVAMENTO DE ANIMAL EM RISCO / PERIGO (C) (Prioridade: 2 - Média);1CIA IND/2CIA/1PEL(PASSOS);ABTS0495;Não;Não;Não;BOLETIM DE OCORRENCIA;Classificada;14/03/2021 06:24;Não
2021-15381058-9;(BM) 2021-012748924-001;13/03/2021 20:25;RUA MONFORT, Nº 35 - RECANTO DEL REI - PASSOS;-207.300.745;-466.001.732;S06001 - SALVAMENTO DE ANIMAL EM RISCO / PERIGO (C) (Prioridade: 2 - Média);1CIA IND/2CIA/1PEL(PASSOS);ABTS0495;Não;Não;Não;BOLETIM DE OCORRENCIA;Classificada;14/03/2021 06:24;Não
2021-15382000-4;(BM) 2021-012748909-001;13/03/2021 21:12;RUA GOIAS, Nº 350 - POLIVALENTE - PASSOS;-207.063.826;-466.060.612;S05308 - COLISAO ENTRE AUTOMOVEL X MOTOCICLETA (C) (Prioridade: 1 - Alta);1CIA IND/2CIA/1PEL(PASSOS);ABTS0495;Não;Não;Não;BOLETIM DE OCORRENCIA;Classificada;14/03/2021 06:30;Não
2021-15382176-0;(BM) 2021-012751354-001;13/03/2021 21:22;RUA SAO MIGUEL, Nº S/N - JARDIM PLANALTO - PASSOS;-20.722.654;-466.243.921;S06002 - CAPTURA DE ANIMAL SILVESTRE PERIGOSO / AGRESSIVO (C) (Prioridade: 2 - Média);1CIA IND/2CIA/1PEL(PASSOS);ABTS0495;Não;Não;Não;BOLETIM DE OCORRENCIA;Classificada;14/03/2021 06:30;Não
2021-15384944-1;(PM) 2021-012774650-001;13/03/2021 23:36;AVENIDA JUCA STOCKLER, Nº 644 - BELO HORIZONTE - PASSOS;-20.729.651;-466.050.488;W98011 - SOLICITACAO DE APOIO (C) (Prioridade: 1 - Alta);1CIA IND/2CIA/PEL PREV E VIST(PASSOS);;Não;Não;Não;ATENPO-ATENDIDA POR OUTROS ÓRGÃOS;Classificada;18/03/2021 09:42;Não
2021-15390837-6;(BM) 2021-012881279-001;14/03/2021 10:17;RUA PINTASSILGO, Nº 56 - NOSSA SENHORA DAS GRAÇAS - PASSOS;-207.365.167;-466.050.563;S06001 - SALVAMENTO DE ANIMAL EM RISCO / PERIGO (C) (Prioridade: 2 - Média);1CIA IND/2CIA/1PEL(PASSOS);BM1274612;Não;Não;Não;BOLETIM DE OCORRENCIA;Classificada;15/03/2021 07:10;Não
2021-15394597-6;(BM) 2021-012859660-001;14/03/2021 15:54;RUA JACUTINGA, Nº 37 - MUARAMA - PASSOS;-207.276.267;-466.150.565;P02003 - VISTORIA EM LOTE VAGO (C) (Prioridade: 2 - Média);1CIA IND/2CIA/1PEL(PASSOS);ABTS0495;Não;Não;Não;BOLETIM DE OCORRENCIA;Classificada;15/03/2021 07:10;Não
2021-15395450-3;(BM) 2021-012859736-001;14/03/2021 16:47;RUA JACUTINGA, Nº S/N - MUARAMA - PASSOS;-207.282.749;-466.155.655;P02003 - VISTORIA EM LOTE VAGO (C) (Prioridade: 2 - Média);1CIA IND/2CIA/1PEL(PASSOS);ABTS0495;Não;Não;Não;BOLETIM DE OCORRENCIA;Classificada;15/03/2021 07:10;Não
2021-15396050-0;(BM) 2021-012859751-001;14/03/2021 17:18;RUA JACUTINGA, Nº 49 - MUARAMA - PASSOS;-207.278.082;-466.151.806;P02003 - VISTORIA EM LOTE VAGO (C) (Prioridade: 2 - Média);1CIA IND/2CIA/1PEL(PASSOS);ABTS0495;Não;Não;Não;BOLETIM DE OCORRENCIA;Classificada;15/03/2021 07:10;Não
2021-15396362-3;(BM) 2021-012864319-001;14/03/2021 17:36;RUA JACUTINGA, Nº 85 - MUARAMA - PASSOS;-20.727.935;-466.152.672;P02003 - VISTORIA EM LOTE VAGO (C) (Prioridade: 2 - Média);1CIA IND/2CIA/1PEL(PASSOS);ABTS0495;Não;Não;Não;BOLETIM DE OCORRENCIA;Classificada;15/03/2021 07:10;Não
2021-15396559-8;(BM) 2021-012864256-001;14/03/2021 17:48;RUA ALBATROZ, Nº 1016 - SAO JOAO - PASSOS;-20.736.994;-466.103.073;P02003 - VISTORIA EM LOTE VAGO (C) (Prioridade: 2 - Média);1CIA IND/2CIA/1PEL(PASSOS);ABTS0495;Não;Não;Não;BOLETIM DE OCORRENCIA;Classificada;15/03/2021 07:10;Não
2021-15396884-9;(BM) 2021-012864544-001;14/03/2021 18:03;RUA DOUTOR JOSE MENDES, Nº S/N - EXPOSICAO - PASSOS;-207.328.254;-466.085.914;P02003 - VISTORIA EM LOTE VAGO (C) (Prioridade: 2 - Média);1CIA IND/2CIA/1PEL(PASSOS);ABTS0495;Não;Não;Não;BOLETIM DE OCORRENCIA;Classificada;15/03/2021 07:09;Não
2021-15396991-9;(BM) 2021-012865551-001;14/03/2021 18:09;RUA ALBATROZ, Nº 924 - SAO JOAO - PASSOS;-207.365.689;-466.108.326;P02003 - VISTORIA EM LOTE VAGO (C) (Prioridade: 2 - Média);1CIA IND/2CIA/1PEL(PASSOS);ABTS0495;Não;Não;Não;BOLETIM DE OCORRENCIA;Classificada;15/03/2021 07:09;Não
2021-15397142-2;;14/03/2021 18:17;AVENIDA JUCA STOCKLER, Nº S/N - NOVO HORIZONTE - PASSOS;-207.366.397;-466.024.583;W08000 - CANCELADA POR INDISPONIBILIDADE DE VIATURA (C) (Prioridade: 3 - Baixa);1CIA IND/2CIA/1PEL(PASSOS);;Não;Não;Não;ATENPO-ATENDIDA POR OUTROS ÓRGÃOS;Classificada;14/03/2021 18:18;Não
2021-15397173-6;(BM) 2021-012871953-001;14/03/2021 18:20;RUA DOUTOR CARVALHO, Nº 1455 - NOSSA SENHORA DAS GRAÇAS - PASSOS;-207.352.269;-466.037.303;Q03999 - OUTROS TIPOS DE TREINAMENTO (C) (Prioridade: 2 - Média);1CIA IND/2CIA/1PEL(PASSOS);BM1224443;Não;Não;Não;BOLETIM DE OCORRENCIA;Classificada;15/03/2021 07:09;Não
2021-15404278-8;(BM) 2021-012931566-001;15/03/2021 05:18;RUA VINTE E SEIS, Nº 12 - TROPICAL - CONTAGEM;-199.195.856;-441.160.879;X03000 - EMPENHO ADMINISTRATIVO (C) (Prioridade: 2 - Média);1CIA IND (POCOS DE CALDAS);BM1075225;Não;Não;Não;BOLETIM DE OCORRENCIA;Classificada;16/03/2021 21:38;Não
2021-15405392-9;(BM) 2021-012942538-001;15/03/2021 08:21;AVENIDA ARLINDO FIGUEIREDO, Nº 1627 - JARDIM CIDADE - PASSOS;-207.291.814;-466.250.004;P02003 - VISTORIA EM LOTE VAGO (C) (Prioridade: 2 - Média);1CIA IND/2CIA/1PEL(PASSOS);ABTS0495;Não;Não;Não;BOLETIM DE OCORRENCIA;Classificada;16/03/2021 08:38;Não
2021-15405687-2;(BM) 2021-012945388-001;15/03/2021 08:41;AVENIDA ARLINDO FIGUEIREDO, Nº 1433 - JARDIM CIDADE - PASSOS;-207.280.018;-466.237.705;P02003 - VISTORIA EM LOTE VAGO (C) (Prioridade: 2 - Média);1CIA IND/2CIA/1PEL(PASSOS);ABTS0495;Não;Não;Não;BOLETIM DE OCORRENCIA;Classificada;16/03/2021 08:38;Não
2021-15405785-1;(BM) 2021-012946354-001;15/03/2021 08:49;AVENIDA ARLINDO FIGUEIREDO, Nº 1481 - JARDIM CIDADE - PASSOS;-207.281.402;-466.239.459;P02003 - VISTORIA EM LOTE VAGO (C) (Prioridade: 2 - Média);1CIA IND/2CIA/1PEL(PASSOS);ABTS0495;Não;Não;Não;BOLETIM DE OCORRENCIA;Classificada;16/03/2021 08:38;Não
2021-15405807-2;(BM) 2021-012947283-001;15/03/2021 08:55;AVENIDA ARLINDO FIGUEIREDO, Nº 1385 - JARDIM CIDADE - PASSOS;-207.275.719;-466.233.682;P02003 - VISTORIA EM LOTE VAGO (C) (Prioridade: 2 - Média);1CIA IND/2CIA/1PEL(PASSOS);ABTS0495;Não;Não;Não;BOLETIM DE OCORRENCIA;Classificada;16/03/2021 08:38;Não
2021-15405896-2;(BM) 2021-012948130-001;15/03/2021 09:00;AVENIDA ARLINDO FIGUEIREDO, Nº 1567 - JARDIM CIDADE - PASSOS;-207.286.406;-466.249.132;P02003 - VISTORIA EM LOTE VAGO (C) (Prioridade: 2 - Média);1CIA IND/2CIA/1PEL(PASSOS);ABTS0495;Não;Não;Não;BOLETIM DE OCORRENCIA;Classificada;16/03/2021 08:38;Não
2021-15406022-5;(BM) 2021-012950170-001;15/03/2021 09:09;AVENIDA ARLINDO FIGUEIREDO, Nº 1615 - JARDIM CIDADE - PASSOS;-207.290.944;-466.249.121;P02003 - VISTORIA EM LOTE VAGO (C) (Prioridade: 2 - Média);1CIA IND/2CIA/1PEL(PASSOS);ABTS0495;Não;Não;Não;BOLETIM DE OCORRENCIA;Classificada;16/03/2021 08:38;Não
2021-15406196-6;(BM) 2021-012951331-001;15/03/2021 09:20;RUA MONSENHOR MESSIAS BRAGANCA, Nº 98 - JARDIM CIDADE - PASSOS;-207.278.532;-466.232.975;P02003 - VISTORIA EM LOTE VAGO (C) (Prioridade: 2 - Média);1CIA IND/2CIA/1PEL(PASSOS);ABTS0495;Não;Não;Não;BOLETIM DE OCORRENCIA;Classificada;16/03/2021 08:39;Não
2021-15406366-4;(BM) 2021-012958650-001;15/03/2021 09:32;RUA DOUTOR CARVALHO, Nº 1455 - NOSSA SENHORA DAS GRAÇAS - PASSOS;-207.352.269;-466.037.303;Q03999 - OUTROS TIPOS DE TREINAMENTO (C) (Prioridade: 2 - Média);1CIA IND/2CIA/1PEL(PASSOS);1193;Não;Não;Não;BOLETIM DE OCORRENCIA;Classificada;16/03/2021 08:39;Não
2021-15411862-5;(BM) 2021-013024025-001;15/03/2021 15:31;RUA DOUTOR CARVALHO, Nº S/N - BELO HORIZONTE - PASSOS;-207.302.189;-466.057.238;S06005 - CAPTURA DE INSETOS (C) (Prioridade: 2 - Média);1CIA IND/2CIA/1PEL(PASSOS);BM1235779;Não;Não;Não;BOLETIM DE OCORRENCIA;Classificada;16/03/2021 08:39;Não
2021-15411866-6;(BM) 2021-013029777-001;15/03/2021 15:32;RUA DENIS PROVENZANI DE ALMEIDA, Nº S/N - RESIDENCIAL VILLAGIO DI ITALIA - PASSOS;-207.324.276;-4.659.219;W04000 - NADA CONSTATADO (C) (Prioridade: 3 - Baixa);1CIA IND/2CIA/1PEL(PASSOS);ABTS0495;Não;Não;Não;BOLETIM DE OCORRENCIA;Classificada;16/03/2021 08:38;Não
2021-15416535-6;(BM) 2021-013075161-001;15/03/2021 19:53;RUA 4 DE JULHO, Nº 70 - CENTRO - SAO JOAO BATISTA GLORIA;-206.335.548;-465.084.202;S06002 - CAPTURA DE ANIMAL SILVESTRE PERIGOSO / AGRESSIVO (C) (Prioridade: 2 - Média);1CIA IND/2CIA/1PEL(PASSOS);ABTS0495;Não;Não;Não;BOLETIM DE OCORRENCIA;Classificada;16/03/2021 08:39;Não
2021-15422363-7;(BM) 2021-013152828-001;16/03/2021 08:31;AVENIDA OLIVEIRA REZENDE, Nº 1217 - CENTRO - SAO SEBASTIAO PARAISO;-209.098.609;-469.961.759;X03000 - EMPENHO ADMINISTRATIVO (C) (Prioridade: 2 - Média);1CIA IND/2CIA/PEL PREV E VIST(PASSOS);APF01362;Não;Não;Não;BOLETIM DE OCORRENCIA;Classificada;16/03/2021 10:20;Não
2021-15423694-0;(BM) 2021-013164744-001;16/03/2021 10:10;RUA DOUTOR CARVALHO, Nº 1455 - NOSSA SENHORA DAS GRAÇAS - PASSOS;-207.352.269;-466.037.303;Q03001 - TREINAMENTO DE COMBATE A INCENDIO (C) (Prioridade: 2 - Média);1CIA IND/2CIA/1PEL(PASSOS);ABTS0495;Não;Não;Não;BOLETIM DE OCORRENCIA;Classificada;16/03/2021 11:36;Não
2021-15424733-5;(BM) 2021-013166430-001;16/03/2021 11:22;RUA BARIRIS, Nº S/N - SAO JOAQUIM - PASSOS;-207.447.347;-466.021.386;P02003 - VISTORIA EM LOTE VAGO (C) (Prioridade: 2 - Média);1CIA IND/2CIA/1PEL(PASSOS);ASL00064;Não;Não;Não;BOLETIM DE OCORRENCIA;Classificada;16/03/2021 13:21;Não
2021-15425318-9;(BM) 2021-013172597-001;16/03/2021 12:08;RUA BARIRIS, Nº S/N - SAO JOAQUIM - PASSOS;-207.447.347;-466.021.386;P02003 - VISTORIA EM LOTE VAGO (C) (Prioridade: 2 - Média);1CIA IND/2CIA/1PEL(PASSOS);ASL00064;Não;Não;Não;BOLETIM DE OCORRENCIA;Classificada;16/03/2021 13:21;Não
2021-15425424-6;(BM) 2021-013173009-001;16/03/2021 12:19;RUA BARIRIS, Nº S/N - SAO JOAQUIM - PASSOS;-207.447.347;-466.021.386;P02003 - VISTORIA EM LOTE VAGO (C) (Prioridade: 2 - Média);1CIA IND/2CIA/1PEL(PASSOS);ASL00064;Não;Não;Não;BOLETIM DE OCORRENCIA;Classificada;16/03/2021 13:21;Não
2021-15425509-7;(BM) 2021-013173942-001;16/03/2021 12:29;RUA SEBASTIAO BENEDITO DE ANDRADE, Nº S/N - JARDIM CANADA - PASSOS;-20.748.478;-466.084.621;P02003 - VISTORIA EM LOTE VAGO (C) (Prioridade: 2 - Média);1CIA IND/2CIA/1PEL(PASSOS);ASL00064;Não;Não;Não;BOLETIM DE OCORRENCIA;Classificada;16/03/2021 13:21;Não
2021-15425576-4;(BM) 2021-013174492-001;16/03/2021 12:34;RUA SEBASTIAO BENEDITO DE ANDRADE, Nº S/N - JARDIM CANADA - PASSOS;-20.748.478;-466.084.621;P02003 - VISTORIA EM LOTE VAGO (C) (Prioridade: 2 - Média);1CIA IND/2CIA/1PEL(PASSOS);ASL00064;Não;Não;Não;BOLETIM DE OCORRENCIA;Classificada;16/03/2021 13:21;Não
2021-15425679-7;(BM) 2021-013176097-001;16/03/2021 12:47;RUA MARIA AUGUSTA DE FARIA, Nº S/N - JARDIM CANADA - PASSOS;-207.473.665;-466.082.142;P02003 - VISTORIA EM LOTE VAGO (C) (Prioridade: 2 - Média);1CIA IND/2CIA/1PEL(PASSOS);ASL00064;Não;Não;Não;BOLETIM DE OCORRENCIA;Classificada;16/03/2021 13:21;Não
2021-15425772-2;(BM) 2021-013176814-001;16/03/2021 12:53;RUA MARIA AUGUSTA DE FARIA, Nº S/N - JARDIM CANADA - PASSOS;-207.473.665;-466.082.142;P02003 - VISTORIA EM LOTE VAGO (C) (Prioridade: 2 - Média);1CIA IND/2CIA/1PEL(PASSOS);ASL00064;Não;Não;Não;BOLETIM DE OCORRENCIA;Classificada;16/03/2021 13:21;Não
2021-15426076-7;(BM) 2021-013197393-001;16/03/2021 13:20;AVENIDA AVELINO SOARES DE RESENDE, Nº 17 - CENTRO - SAO JOAO BATISTA GLORIA;-206.394.106;-46.505.879;P01002 - VISTORIA DE LIBERACAO / EMISSAO DE AVCB (C) (Prioridade: 2 - Média);1CIA IND/2CIA/PEL PREV E VIST(PASSOS);APF01362;Não;Não;Não;BOLETIM DE OCORRENCIA;Classificada;16/03/2021 15:30;Não
2021-15426156-4;(BM) 2021-013181020-001;16/03/2021 13:27;RUA TAPAJOS, Nº 1923 - NOSSA SENHORA APARECIDA - PASSOS;-207.431.025;-466.068.541;S06001 - SALVAMENTO DE ANIMAL EM RISCO / PERIGO (C) (Prioridade: 2 - Média);1CIA IND/2CIA/1PEL(PASSOS);ASL00064;Não;Não;Não;BOLETIM DE OCORRENCIA;Classificada;16/03/2021 15:02;Não
2021-15427525-4;(BM) 2021-013197311-001;16/03/2021 14:49;AVENIDA ARLINDO FIGUEIREDO, Nº 1001 - JARDIM PINHEIROS 2 - PASSOS;-207.260.793;-466.223.701;P03001 - PERIGO DE DERRAPAGEM (C) (Prioridade: 2 - Média);1CIA IND/2CIA/1PEL(PASSOS);ABTS0495;Não;Não;Não;BOLETIM DE OCORRENCIA;Classificada;16/03/2021 16:22;Não
2021-15427756-7;(BM) 2021-013200254-001;16/03/2021 15:02;AVENIDA ELDORADO, Nº 773 - RESIDENCIAL ELDORADO - PASSOS;-207.296.187;-466.232.299;P02011 - VISTORIA EM ENXAME DE INSETOS (C) (Prioridade: 2 - Média);1CIA IND/2CIA/1PEL(PASSOS);ASL00064;Não;Não;Não;BOLETIM DE OCORRENCIA;Classificada;16/03/2021 16:05;Não
2021-15428031-0;(BM) 2021-013207858-001;16/03/2021 15:14;RUA SARDINHA, Nº 71 - RECANTO DEL REI - PASSOS;-207.289.162;-465.985.535;W04000 - NADA CONSTATADO (C) (Prioridade: 3 - Baixa);1CIA IND/2CIA/PEL PREV E VIST(PASSOS);APF01362;Não;Não;Não;BOLETIM DE OCORRENCIA;Classificada;16/03/2021 15:30;Não
2021-15428979-7;(BM) 2021-013296382-001;16/03/2021 16:03;RUA GARCA, Nº 403 - PARQUE DA FAZENDA - PASSOS;-207.398.574;-466.070.603;P01001 - VISTORIA DE FISCALIZACAO (C) (Prioridade: 2 - Média);1CIA IND/2CIA/PEL PREV E VIST(PASSOS);APF01362;Não;Não;Não;ATENPO-ATENDIDA POR OUTROS ÓRGÃOS;Classificada;16/03/2021 17:16;Não
2021-15429038-4;(BM) 2021-013220390-002;16/03/2021 16:04;RUA DOUTOR CARVALHO, Nº 574 - BELO HORIZONTE - PASSOS;-207.268.786;-466.068.957;W03000 - SOLICITANTE ENCONTRADO - PROVIDENCIA DISPENSADA (C) (Prioridade: 3 - Baixa);1CIA IND/2CIA/1PEL(PASSOS);ABTS0495 / ASL00064;Não;Não;Não;BOLETIM DE OCORRENCIA;Classificada;16/03/2021 17:15;Não
2021-15432048-6;(BM) 2021-013251607-001;16/03/2021 18:49;AVENIDA ELDORADO, Nº S/N - JARDIM CIDADE - PASSOS;-207.288.849;-466.238.387;S06005 - CAPTURA DE INSETOS (C) (Prioridade: 2 - Média);1CIA IND/2CIA/1PEL(PASSOS);ASL00064;Não;Não;Não;BOLETIM DE OCORRENCIA;Classificada;16/03/2021 23:50;Não
2021-15439736-7;(BM) 2021-013330075-001;17/03/2021 09:18;RUA DOUTOR CARVALHO, Nº 1455 - NOSSA SENHORA DAS GRAÇAS - PASSOS;-207.352.269;-466.037.303;Q03001 - TREINAMENTO DE COMBATE A INCENDIO (C) (Prioridade: 2 - Média);1CIA IND/2CIA/1PEL(PASSOS);ABTS0495;Não;Não;Não;BOLETIM DE OCORRENCIA;Classificada;18/03/2021 05:31;Não
2021-15439738-2;(BM) 2021-013330019-001;17/03/2021 09:19;RUA SATURNO, Nº S/N - JARDIM SATELITE - PASSOS;-207.101.134;-466.214.012;P02003 - VISTORIA EM LOTE VAGO (C) (Prioridade: 2 - Média);1CIA IND/2CIA/1PEL(PASSOS);ASL00064;Não;Não;Não;BOLETIM DE OCORRENCIA;Classificada;18/03/2021 06:37;Não
2021-15440135-4;(BM) 2021-013334108-001;17/03/2021 09:46;RUA SATURNO, Nº S/N - JARDIM SATELITE - PASSOS;-207.101.134;-466.214.012;P02003 - VISTORIA EM LOTE VAGO (C) (Prioridade: 2 - Média);1CIA IND/2CIA/1PEL(PASSOS);ASL00064;Não;Não;Não;BOLETIM DE OCORRENCIA;Classificada;18/03/2021 06:37;Não
2021-15440338-1;(BM) 2021-013353853-001;17/03/2021 10:00;RUA SATURNO, Nº S/N - JARDIM SATELITE - PASSOS;-207.101.134;-466.214.012;P02003 - VISTORIA EM LOTE VAGO (C) (Prioridade: 2 - Média);1CIA IND/2CIA/1PEL(PASSOS);ASL00064;Não;Não;Não;BOLETIM DE OCORRENCIA;Classificada;18/03/2021 06:38;Não
2021-15440375-8;(BM) 2021-013338723-001;17/03/2021 10:02;AVENIDA PERIMETRAL, Nº S/N - PARQUE DA ESTACAO - PASSOS;-207.057.771;-466.097.547;S06001 - SALVAMENTO DE ANIMAL EM RISCO / PERIGO (C) (Prioridade: 2 - Média);1CIA IND/2CIA/1PEL(PASSOS);ASL00064;Não;Não;Não;BOLETIM DE OCORRENCIA;Classificada;18/03/2021 06:39;Não
2021-15440714-1;(BM) 2021-013344066-001;17/03/2021 10:23;RUA TAPAJOS, Nº 1923 - NOSSA SENHORA APARECIDA - PASSOS;-207.431.025;-466.068.541;S06001 - SALVAMENTO DE ANIMAL EM RISCO / PERIGO (C) (Prioridade: 2 - Média);1CIA IND/2CIA/1PEL(PASSOS);ASL00064;Não;Não;Não;BOLETIM DE OCORRENCIA;Classificada;18/03/2021 06:41;Não
2021-15441777-7;(BM) 2021-013353903-001;17/03/2021 11:42;RUA SATURNO, Nº S/N - JARDIM SATELITE - PASSOS;-207.101.134;-466.214.012;P02003 - VISTORIA EM LOTE VAGO (C) (Prioridade: 2 - Média);1CIA IND/2CIA/1PEL(PASSOS);ASL00064;Não;Não;Não;BOLETIM DE OCORRENCIA;Classificada;18/03/2021 06:41;Não
2021-15442917-0;(BM) 2021-013411363-001;17/03/2021 13:36;RUA SATURNO, Nº S/N - JARDIM SATELITE - PASSOS;-207.101.134;-466.214.012;P02003 - VISTORIA EM LOTE VAGO (C) (Prioridade: 2 - Média);1CIA IND/2CIA/1PEL(PASSOS);ASL00064;Não;Não;Não;BOLETIM DE OCORRENCIA;Classificada;18/03/2021 06:41;Não
2021-15446253-3;(BM) 2021-013411439-001;17/03/2021 16:40;RUA SATURNO, Nº S/N - JARDIM SATELITE - PASSOS;-207.101.134;-466.214.012;P02003 - VISTORIA EM LOTE VAGO (C) (Prioridade: 2 - Média);1CIA IND/2CIA/1PEL(PASSOS);ASL00064;Não;Não;Não;BOLETIM DE OCORRENCIA;Classificada;18/03/2021 06:42;Não
2021-15446549-0;(BM) 2021-013411470-001;17/03/2021 16:58;RUA SATURNO, Nº S/N - JARDIM SATELITE - PASSOS;-207.101.134;-466.214.012;P02003 - VISTORIA EM LOTE VAGO (C) (Prioridade: 2 - Média);1CIA IND/2CIA/1PEL(PASSOS);ASL00064;Não;Não;Não;BOLETIM DE OCORRENCIA;Classificada;18/03/2021 06:42;Não
2021-15447202-8;(BM) 2021-013422021-001;17/03/2021 17:31;RUA SATURNO, Nº S/N - JARDIM SATELITE - PASSOS;-207.101.134;-466.214.012;P02003 - VISTORIA EM LOTE VAGO (C) (Prioridade: 2 - Média);1CIA IND/2CIA/1PEL(PASSOS);ASL00064;Não;Não;Não;BOLETIM DE OCORRENCIA;Classificada;18/03/2021 06:42;Não
2021-15448343-5;(BM) 2021-013431427-001;17/03/2021 18:29;RUA ESPIRITO SANTO, Nº 665 - BELA VISTA - PASSOS;-207.147.899;-465.960.259;W08000 - CANCELADA POR INDISPONIBILIDADE DE VIATURA (C) (Prioridade: 3 - Baixa);1CIA IND/2CIA/1PEL(PASSOS);BM1206671;Não;Não;Não;BOLETIM DE OCORRENCIA;Classificada;18/03/2021 05:31;Não
2021-15448622-9;(BM) 2021-013432447-001;17/03/2021 18:44;RUA GOIAS, Nº S/N - SANTA LUZIA - PASSOS;-207.077.147;-466.045.927;P02003 - VISTORIA EM LOTE VAGO (C) (Prioridade: 2 - Média);1CIA IND/2CIA/1PEL(PASSOS);ABTS0495;Não;Não;Não;BOLETIM DE OCORRENCIA;Classificada;18/03/2021 06:30;Não
2021-15449252-7;(BM) 2021-013437872-001;17/03/2021 19:18;RUA LEONARDO HENRY AGUIAR SILVA, Nº S/N - RESIDENCIAL VILLAGIO DI ITALIA - PASSOS;-207.332.558;-465.927.498;P02003 - VISTORIA EM LOTE VAGO (C) (Prioridade: 2 - Média);1CIA IND/2CIA/1PEL(PASSOS);ABTS0495;Não;Não;Não;BOLETIM DE OCORRENCIA;Classificada;18/03/2021 06:30;Não
2021-15449901-8;(BM) 2021-014023961-001;17/03/2021 19:55;RUA DOUTOR CARVALHO, Nº S/N - BELO HORIZONTE - PASSOS;-207.302.189;-466.057.238;X03000 - EMPENHO ADMINISTRATIVO (C) (Prioridade: 2 - Média);1CIA IND/2CIA/1PEL(PASSOS);ABTS0495;Não;Sim;Não;BOLETIM DE OCORRENCIA;Classificada;21/03/2021 09:30;Não
2021-15456753-2;(BM) 2021-013514940-001;18/03/2021 09:36;RUA DOUTOR CARVALHO, Nº 1455 - NOSSA SENHORA DAS GRAÇAS - PASSOS;-207.352.269;-466.037.303;W06000 - TESTE (C) (Prioridade: 3 - Baixa);1CIA IND/2CIA/1PEL(PASSOS);1193;Não;Não;Não;BOLETIM DE OCORRENCIA;Classificada;19/03/2021 17:12;Não
2021-15458402-9;(BM) 2021-013561339-001;18/03/2021 11:33;AVENIDA EXPEDICIONARIOS, Nº 1634 - VILA RICA - PASSOS;-207.246.028;-46.592.533;O04012 - INCENDIO EM LOTE VAGO (AREA URBANA) (C) (Prioridade: 2 - Média);1CIA IND/2CIA/1PEL(PASSOS);ABTS0495;Não;Não;Não;BOLETIM DE OCORRENCIA;Classificada;19/03/2021 17:12;Não
2021-15461799-2;(BM) 2021-013584387-001;18/03/2021 15:30;RUA PECUARIA, Nº 577 - SAO FRANCISCO - PASSOS;-207.302.189;-466.183.444;S06002 - CAPTURA DE ANIMAL SILVESTRE PERIGOSO / AGRESSIVO (C) (Prioridade: 2 - Média);1CIA IND/2CIA/1PEL(PASSOS);ASL00064;Não;Não;Não;BOLETIM DE OCORRENCIA;Classificada;19/03/2021 17:13;Não
2021-15462978-7;;18/03/2021 16:33;RUA PRESIDENTE ANTONIO CARLOS, Nº 146 - CENTRO - PASSOS;-207.196.551;-46.609.179;V01999 - OUTROS TIPOS DE APH CLINICO (C) (Prioridade: 1 - Alta);1CIA IND/2CIA/1PEL(PASSOS);;Não;Não;Não;FALTAV-NÃO ATENDIDA FALTA VIATURA;Classificada;18/03/2021 16:36;Não
2021-15463121-9;(BM) 2021-013600338-001;18/03/2021 16:39;AVENIDA SABIA / RUA OPERARIOS - MUARAMA 2 - PASSOS;-207.359.075;-466.122.774;P02003 - VISTORIA EM LOTE VAGO (C) (Prioridade: 2 - Média);1CIA IND/2CIA/1PEL(PASSOS);ASL00064;Não;Não;Não;BOLETIM DE OCORRENCIA;Classificada;19/03/2021 18:41;Não
2021-15463417-5;(BM) 2021-013600431-001;18/03/2021 16:57;AVENIDA SABIA / RUA OPERARIOS - MUARAMA 2 - PASSOS;-207.359.075;-466.122.774;P02003 - VISTORIA EM LOTE VAGO (C) (Prioridade: 2 - Média);1CIA IND/2CIA/1PEL(PASSOS);ASL00064;Não;Não;Não;BOLETIM DE OCORRENCIA;Classificada;19/03/2021 18:41;Não
2021-15463486-8;(BM) 2021-013600498-001;18/03/2021 17:00;AVENIDA SABIA / RUA OPERARIOS - MUARAMA 2 - PASSOS;-207.359.075;-466.122.774;P02003 - VISTORIA EM LOTE VAGO (C) (Prioridade: 2 - Média);1CIA IND/2CIA/1PEL(PASSOS);ASL00064;Não;Não;Não;BOLETIM DE OCORRENCIA;Classificada;19/03/2021 18:41;Não
2021-15463660-3;(BM) 2021-013600720-001;18/03/2021 17:07;AVENIDA SABIA / RUA OPERARIOS - MUARAMA 2 - PASSOS;-207.359.075;-466.122.774;P02003 - VISTORIA EM LOTE VAGO (C) (Prioridade: 2 - Média);1CIA IND/2CIA/1PEL(PASSOS);ASL00064;Não;Não;Não;BOLETIM DE OCORRENCIA;Classificada;19/03/2021 18:41;Não
2021-15463793-7;(BM) 2021-013600864-001;18/03/2021 17:14;AVENIDA SABIA / RUA OPERARIOS - MUARAMA 2 - PASSOS;-207.359.075;-466.122.774;P02003 - VISTORIA EM LOTE VAGO (C) (Prioridade: 2 - Média);1CIA IND/2CIA/1PEL(PASSOS);ASL00064;Não;Não;Não;BOLETIM DE OCORRENCIA;Classificada;19/03/2021 18:41;Não
2021-15463848-7;(BM) 2021-013600914-001;18/03/2021 17:18;AVENIDA SABIA / RUA OPERARIOS - MUARAMA 2 - PASSOS;-207.359.075;-466.122.774;P02003 - VISTORIA EM LOTE VAGO (C) (Prioridade: 2 - Média);1CIA IND/2CIA/1PEL(PASSOS);ASL00064;Não;Não;Não;BOLETIM DE OCORRENCIA;Classificada;19/03/2021 18:41;Não
2021-15464053-6;(BM) 2021-013600955-001;18/03/2021 17:26;RUA ESPERANCA, Nº 1339 - PASSOS;-207.345.884;-46.613.407;P02003 - VISTORIA EM LOTE VAGO (C) (Prioridade: 2 - Média);1CIA IND/2CIA/1PEL(PASSOS);ASL00064;Não;Não;Não;BOLETIM DE OCORRENCIA;Classificada;19/03/2021 18:41;Não
2021-15464187-2;;18/03/2021 17:35;AVENIDA ARLINDO FIGUEIREDO, Nº 2211 - JARDIM CIDADE - PASSOS;-207.320.493;-466.302.434;V01022 - VITIMA PARTURIENTE / EMERGENCIAS OBSTETRICAS (C) (Prioridade: 1 - Alta);1CIA IND/2CIA/1PEL(PASSOS);;Não;Não;Não;FALTAV-NÃO ATENDIDA FALTA VIATURA;Classificada;18/03/2021 17:38;Não
2021-15465595-4;(BM) 2021-013614595-001;18/03/2021 18:51;RUA DOUTOR CARVALHO, Nº 1455 - NOSSA SENHORA DAS GRAÇAS - PASSOS;-207.352.269;-466.037.303;Q03999 - OUTROS TIPOS DE TREINAMENTO (C) (Prioridade: 2 - Média);1CIA IND/2CIA/1PEL(PASSOS);BM1123223;Não;Não;Não;BOLETIM DE OCORRENCIA;Classificada;19/03/2021 18:41;Não
2021-15466009-5;(BM) 2021-013617636-001;18/03/2021 19:15;RUA SANTO ONOFRE, Nº 237 - CANJERANUS - PASSOS;-207.133.401;-466.018.489;W03000 - SOLICITANTE ENCONTRADO - PROVIDENCIA DISPENSADA (C) (Prioridade: 3 - Baixa);1CIA IND/2CIA/1PEL(PASSOS);ASL00064;Não;Não;Não;BOLETIM DE OCORRENCIA;Classificada;19/03/2021 17:12;Não
2021-15467204-6;;18/03/2021 20:20;AVENIDA ELDORADO, Nº 261 - RESIDENCIAL ELDORADO - PASSOS;-207.321.561;-466.190.358;W08000 - CANCELADA POR INDISPONIBILIDADE DE VIATURA (C) (Prioridade: 3 - Baixa);1CIA IND/2CIA/1PEL(PASSOS);;Não;Não;Não;ATENPO-ATENDIDA POR OUTROS ÓRGÃOS;Classificada;18/03/2021 20:21;Não
2021-15472920-3;(BM) 2021-013683680-001;19/03/2021 08:26;RUA TURMALINA, Nº S/N - ACLIMACAO - PASSOS;-207.543.276;-466.029.164;S06002 - CAPTURA DE ANIMAL SILVESTRE PERIGOSO / AGRESSIVO (C) (Prioridade: 2 - Média);1CIA IND/2CIA/1PEL(PASSOS);ASL00064;Não;Não;Não;BOLETIM DE OCORRENCIA;Classificada;20/03/2021 03:22;Não
2021-15473815-4;(BM) 2021-013706069-001;19/03/2021 09:34;RUA ELETRICISTAS, Nº 148 - MONSENHOR MESSIAS - PASSOS;-207.368.117;-465.978.419;X03000 - EMPENHO ADMINISTRATIVO (C) (Prioridade: 2 - Média);1CIA IND/2CIA/PEL PREV E VIST(PASSOS);APF01362;Não;Não;Não;BOLETIM DE OCORRENCIA;Classificada;20/03/2021 03:23;Não
2021-15480250-8;;19/03/2021 16:48;RUA BARAO DE PASSOS, Nº S/N - CENTRO - PASSOS;-207.194.995;-466.074.223;W08000 - CANCELADA POR INDISPONIBILIDADE DE VIATURA (C) (Prioridade: 3 - Baixa);1CIA IND/2CIA/1PEL(PASSOS);1193;Não;Não;Não;W08000-CANCELADA POR INDISPONIBILIDADE DE MEIOS;Classificada;19/03/2021 17:01;Não
2021-15480725-3;(BM) 2021-013772398-001;19/03/2021 17:13;RUA DOUTOR CARVALHO, Nº 1455 - NOSSA SENHORA DAS GRAÇAS - PASSOS;-207.352.269;-466.037.303;Q03017 - TREINAMENTO DE PRIMEIROS SOCORROS (C) (Prioridade: 2 - Média);1CIA IND/2CIA/1PEL(PASSOS);ABTS0495;Não;Não;Não;BOLETIM DE OCORRENCIA;Classificada;20/03/2021 03:23;Não
2021-15481574-5;(BM) 2021-013781060-001;19/03/2021 17:57;RUA JOAQUIM LEMOS MAIA, Nº S/N - NOVA PASSOS - PASSOS;-207.016.866;-466.360.198;P02003 - VISTORIA EM LOTE VAGO (C) (Prioridade: 2 - Média);1CIA IND/2CIA/1PEL(PASSOS);ASL00064;Não;Não;Não;BOLETIM DE OCORRENCIA;Classificada;20/03/2021 03:23;Não
2021-15481698-8;(BM) 2021-013782233-001;19/03/2021 18:04;RUA JOAQUIM LEMOS MAIA, Nº S/N - NOVA PASSOS - PASSOS;-207.016.866;-466.360.198;P02003 - VISTORIA EM LOTE VAGO (C) (Prioridade: 2 - Média);1CIA IND/2CIA/1PEL(PASSOS);ASL00064;Não;Não;Não;BOLETIM DE OCORRENCIA;Classificada;20/03/2021 03:23;Não
2021-15482092-0;(BM) 2021-013786138-001;19/03/2021 18:23;RUA MARIA DA PENHA L BORSARI, Nº 61 - NOVA PASSOS II - PASSOS;-206.993.145;-466.316.159;P02003 - VISTORIA EM LOTE VAGO (C) (Prioridade: 2 - Média);1CIA IND/2CIA/1PEL(PASSOS);ASL00064;Não;Não;Não;BOLETIM DE OCORRENCIA;Classificada;20/03/2021 03:23;Não
2021-15482335-0;(BM) 2021-013788243-001;19/03/2021 18:36;RUA MARIA DA PENHA L BORSARI, Nº 230 - NOVA PASSOS II - PASSOS;-206.985.668;-466.323.348;P02003 - VISTORIA EM LOTE VAGO (C) (Prioridade: 2 - Média);1CIA IND/2CIA/1PEL(PASSOS);ASL00064;Não;Não;Não;BOLETIM DE OCORRENCIA;Classificada;20/03/2021 03:23;Não
2021-15482436-7;(BM) 2021-013789263-001;19/03/2021 18:43;RUA HIPOLITA PEREIRA LEMOS, Nº 35 - NOVA PASSOS - PASSOS;-207.044.485;-466.369.848;P02003 - VISTORIA EM LOTE VAGO (C) (Prioridade: 2 - Média);1CIA IND/2CIA/1PEL(PASSOS);ASL00064;Não;Não;Não;BOLETIM DE OCORRENCIA;Classificada;20/03/2021 03:23;Não
2021-15482508-6;(BM) 2021-013790230-001;19/03/2021 18:49;RUA HIPOLITA PEREIRA LEMOS, Nº 85 - NOVA PASSOS - PASSOS;-207.040.504;-466.367.632;P02003 - VISTORIA EM LOTE VAGO (C) (Prioridade: 2 - Média);1CIA IND/2CIA/1PEL(PASSOS);ASL00064;Não;Não;Não;BOLETIM DE OCORRENCIA;Classificada;20/03/2021 03:23;Não
2021-15482656-3;(BM) 2021-013791379-001;19/03/2021 18:55;RUA HIPOLITA PEREIRA LEMOS, Nº 155 - NOVA PASSOS - PASSOS;-207.034.894;-466.364.953;P02003 - VISTORIA EM LOTE VAGO (C) (Prioridade: 2 - Média);1CIA IND/2CIA/1PEL(PASSOS);ASL00064;Não;Não;Não;BOLETIM DE OCORRENCIA;Classificada;20/03/2021 03:23;Não
2021-15482782-8;(BM) 2021-013792320-001;19/03/2021 19:01;RUA PARDAL, Nº 151 - NOSSA SENHORA DAS GRAÇAS - PASSOS;-20.735.899;-466.043.311;S06005 - CAPTURA DE INSETOS (C) (Prioridade: 2 - Média);1CIA IND/2CIA/1PEL(PASSOS);ASL00064;Não;Não;Não;BOLETIM DE OCORRENCIA;Classificada;20/03/2021 03:23;Não
2021-15483882-8;(BM) 2021-013808653-001;19/03/2021 19:52;RODOVIA LMG 837, Km 10 - PASSOS;-207.888.226;-466.753.694;S06008 - CORTE DE ARVORE CAIDA EM VIA PUBLICA (C) (Prioridade: 2 - Média);1CIA IND/2CIA/1PEL(PASSOS);ABTS0495;Não;Não;Não;BOLETIM DE OCORRENCIA;Classificada;20/03/2021 03:23;Não
2021-15491704-5;(BM) 2021-013867504-001;20/03/2021 07:18;RUA BARAO DE PASSOS, Nº 1000 - DISTRITO INDUSTRIAL 1 - PASSOS;-207.025.839;-4.658.992;V02502 - VITIMA DE QUEDA (MOTOCICLISTA) (C) (Prioridade: 1 - Alta);1CIA IND/2CIA/1PEL(PASSOS);ASL00064;Não;Não;Não;BOLETIM DE OCORRENCIA;Classificada;20/03/2021 08:35;Não
2021-15492339-7;(BM) 2021-013868643-001;20/03/2021 08:37;AVENIDA JUCA STOCKLER, Nº S/N - NOVO HORIZONTE - PASSOS;-207.366.397;-466.024.583;P02003 - VISTORIA EM LOTE VAGO (C) (Prioridade: 2 - Média);1CIA IND/2CIA/1PEL(PASSOS);ASL00064;Não;Não;Não;BOLETIM DE OCORRENCIA;Classificada;20/03/2021 12:34;Não
2021-15492482-0;(BM) 2021-013868825-001;20/03/2021 08:51;AVENIDA JUCA STOCKLER, Nº S/N - NOVO HORIZONTE - PASSOS;-207.366.397;-466.024.583;P02003 - VISTORIA EM LOTE VAGO (C) (Prioridade: 2 - Média);1CIA IND/2CIA/1PEL(PASSOS);ASL00064;Não;Não;Não;BOLETIM DE OCORRENCIA;Classificada;20/03/2021 12:34;Não
2021-15492650-3;(BM) 2021-013870185-001;20/03/2021 09:07;AVENIDA JUCA STOCKLER, Nº S/N - NOVO HORIZONTE - PASSOS;-207.366.397;-466.024.583;P02003 - VISTORIA EM LOTE VAGO (C) (Prioridade: 2 - Média);1CIA IND/2CIA/1PEL(PASSOS);ASL00064;Não;Não;Não;BOLETIM DE OCORRENCIA;Classificada;20/03/2021 12:34;Não
2021-15492732-6;(BM) 2021-013871045-001;20/03/2021 09:15;RUA AMETISTA, Nº S/N - ACLIMACAO - PASSOS;-207.518.491;-46.601.633;P02003 - VISTORIA EM LOTE VAGO (C) (Prioridade: 2 - Média);1CIA IND/2CIA/1PEL(PASSOS);ASL00064;Não;Não;Não;BOLETIM DE OCORRENCIA;Classificada;20/03/2021 12:34;Não
2021-15493046-4;(BM) 2021-013873711-001;20/03/2021 09:45;RUA AGUAS MARINHAS, Nº S/N - ACLIMACAO - PASSOS;-207.525.916;-466.051.022;P02003 - VISTORIA EM LOTE VAGO (C) (Prioridade: 2 - Média);1CIA IND/2CIA/1PEL(PASSOS);ASL00064;Não;Não;Não;BOLETIM DE OCORRENCIA;Classificada;20/03/2021 12:34;Não
2021-15493156-2;(BM) 2021-013874550-001;20/03/2021 09:54;RUA JOAO TEIXEIRA MENDES, Nº S/N - FLAMBOYANT - PASSOS;-207.548.252;-466.033.392;P02003 - VISTORIA EM LOTE VAGO (C) (Prioridade: 2 - Média);1CIA IND/2CIA/1PEL(PASSOS);ASL00064;Não;Não;Não;BOLETIM DE OCORRENCIA;Classificada;20/03/2021 12:34;Não
2021-15493436-9;(BM) 2021-013877105-001;20/03/2021 10:16;RUA JOAO TEIXEIRA MENDES, Nº S/N - FLAMBOYANT - PASSOS;-207.548.252;-466.033.392;P02003 - VISTORIA EM LOTE VAGO (C) (Prioridade: 2 - Média);1CIA IND/2CIA/1PEL(PASSOS);ASL00064;Não;Não;Não;BOLETIM DE OCORRENCIA;Classificada;20/03/2021 12:34;Não
2021-15494493-8;(BM) 2021-013886043-001;20/03/2021 11:45;RUA DOUTOR CARVALHO, Nº 1455 - NOSSA SENHORA DAS GRAÇAS - PASSOS;-207.352.269;-466.037.303;Q03005 - TREINAMENTO DE SALVAMENTO TERRESTRE (C) (Prioridade: 2 - Média);1CIA IND/2CIA/1PEL(PASSOS);BM1549013;Não;Não;Não;BOLETIM DE OCORRENCIA;Classificada;20/03/2021 12:34;Não
2021-15497293-5;;20/03/2021 15:23;AVENIDA SILVIA MONTEIRO FRANCO , Nº 19 - POCOS DE CALDAS;;;S06001 - SALVAMENTO DE ANIMAL EM RISCO / PERIGO (C) (Prioridade: 2 - Média);1CIA IND (POCOS DE CALDAS);;Não;Não;Não;ATENPO-ATENDIDA POR OUTROS ÓRGÃOS;Classificada;20/03/2021 20:40;Não
2021-15500228-5;(BM) 2021-013936748-001;20/03/2021 18:06;AVENIDA COMENDADOR FRANCISCO A MAIA, Nº 1020 - SANTA CASA - PASSOS;-207.121.735;-466.088.297;S06001 - SALVAMENTO DE ANIMAL EM RISCO / PERIGO (C) (Prioridade: 2 - Média);1CIA IND/2CIA/1PEL(PASSOS);ASL00064;Não;Não;Não;BOLETIM DE OCORRENCIA;Classificada;20/03/2021 18:36;Não
2021-15512122-1;(BM) 2021-014018655-001;21/03/2021 08:11;RUA DOUTOR CARVALHO, Nº 1455 - NOSSA SENHORA DAS GRAÇAS - PASSOS;-207.352.269;-466.037.303;Q03001 - TREINAMENTO DE COMBATE A INCENDIO (C) (Prioridade: 2 - Média);1CIA IND/2CIA/1PEL(PASSOS);ABTS0495;Não;Não;Não;BOLETIM DE OCORRENCIA;Classificada;22/03/2021 06:34;Não
2021-15512406-9;(BM) 2021-014020955-001;21/03/2021 08:47;RUA MOGIANA, Nº S/N - PARQUE DA ESTACAO - PASSOS;-207.075.521;-466.105.246;S06001 - SALVAMENTO DE ANIMAL EM RISCO / PERIGO (C) (Prioridade: 2 - Média);1CIA IND/2CIA/1PEL(PASSOS);ABTS0495;Não;Não;Não;BOLETIM DE OCORRENCIA;Classificada;22/03/2021 06:37;Não
2021-15513316-3;(BM) 2021-014116875-001;21/03/2021 10:25;RODOVIA DOUTOR ROGERIO ANTONIO PINTO, Nº S/N - CASSIA;-205.666.735;-469.331.742;O04003 - INCENDIO EM PRODUCAO AGRICOLA (C) (Prioridade: 2 - Média);1CIA IND/2CIA/1PEL(PASSOS);ASL00064;Não;Não;Não;BOLETIM DE OCORRENCIA;Classificada;22/03/2021 06:29;Não
2021-15513663-7;(BM) 2021-014036105-001;21/03/2021 11:00;RUA MONJOLO, Nº 80 - CASARAO - PASSOS;-207.176.739;-46.590.076;S06001 - SALVAMENTO DE ANIMAL EM RISCO / PERIGO (C) (Prioridade: 2 - Média);1CIA IND/2CIA/1PEL(PASSOS);ABTS0495;Não;Não;Não;BOLETIM DE OCORRENCIA;Classificada;22/03/2021 06:37;Não
2021-15514267-5;(BM) 2021-014036882-001;21/03/2021 12:00;AVENIDA JUPITER, Nº S/N - JARDIM SATELITE - PASSOS;-207.087.452;-466.208.573;P02003 - VISTORIA EM LOTE VAGO (C) (Prioridade: 2 - Média);1CIA IND/2CIA/1PEL(PASSOS);ABTS0495;Não;Não;Não;BOLETIM DE OCORRENCIA;Classificada;22/03/2021 06:43;Não
2021-15514466-1;(BM) 2021-014037664-001;21/03/2021 12:20;RUA NETURNO, Nº S/N - JARDIM SATELITE - PASSOS;-20.709.998;-466.220.852;P02003 - VISTORIA EM LOTE VAGO (C) (Prioridade: 2 - Média);1CIA IND/2CIA/1PEL(PASSOS);ABTS0495;Não;Não;Não;BOLETIM DE OCORRENCIA;Classificada;22/03/2021 06:43;Não
2021-15514627-9;(BM) 2021-014039018-001;21/03/2021 12:40;RUA NETURNO, Nº S/N - JARDIM SATELITE - PASSOS;-20.709.998;-466.220.852;P02003 - VISTORIA EM LOTE VAGO (C) (Prioridade: 2 - Média);1CIA IND/2CIA/1PEL(PASSOS);ABTS0495;Não;Não;Não;BOLETIM DE OCORRENCIA;Classificada;22/03/2021 06:43;Não
2021-15514809-6;(BM) 2021-014040012-001;21/03/2021 13:00;RUA NETURNO, Nº S/N - JARDIM SATELITE - PASSOS;-20.709.998;-466.220.852;P02003 - VISTORIA EM LOTE VAGO (C) (Prioridade: 2 - Média);1CIA IND/2CIA/1PEL(PASSOS);ABTS0495;Não;Não;Não;BOLETIM DE OCORRENCIA;Classificada;22/03/2021 06:43;Não
2021-15515034-2;(BM) 2021-014043304-001;21/03/2021 13:24;RUA NETURNO, Nº S/N - JARDIM SATELITE - PASSOS;-20.709.998;-466.220.852;P02003 - VISTORIA EM LOTE VAGO (C) (Prioridade: 2 - Média);1CIA IND/2CIA/1PEL(PASSOS);ABTS0495;Não;Não;Não;BOLETIM DE OCORRENCIA;Classificada;22/03/2021 06:43;Não
2021-15515199-2;(BM) 2021-014043317-001;21/03/2021 13:41;RUA NETURNO, Nº S/N - JARDIM SATELITE - PASSOS;-20.709.998;-466.220.852;P02003 - VISTORIA EM LOTE VAGO (C) (Prioridade: 2 - Média);1CIA IND/2CIA/1PEL(PASSOS);ABTS0495;Não;Não;Não;BOLETIM DE OCORRENCIA;Classificada;22/03/2021 06:43;Não
2021-15515474-5;(BM) 2021-014047776-001;21/03/2021 14:04;RUA NETURNO, Nº S/N - JARDIM SATELITE - PASSOS;-20.709.998;-466.220.852;P02003 - VISTORIA EM LOTE VAGO (C) (Prioridade: 2 - Média);1CIA IND/2CIA/1PEL(PASSOS);ABTS0495;Não;Não;Não;BOLETIM DE OCORRENCIA;Classificada;22/03/2021 06:43;Não
2021-15515764-5;(BM) 2021-014047813-001;21/03/2021 14:23;RUA NETURNO, Nº S/N - JARDIM SATELITE - PASSOS;-20.709.998;-466.220.852;P02003 - VISTORIA EM LOTE VAGO (C) (Prioridade: 2 - Média);1CIA IND/2CIA/1PEL(PASSOS);ABTS0495;Não;Não;Não;BOLETIM DE OCORRENCIA;Classificada;22/03/2021 06:43;Não
2021-15516259-8;(BM) 2021-014053078-001;21/03/2021 14:53;RUA NETURNO, Nº S/N - JARDIM SATELITE - PASSOS;-20.709.998;-466.220.852;P02003 - VISTORIA EM LOTE VAGO (C) (Prioridade: 2 - Média);1CIA IND/2CIA/1PEL(PASSOS);ABTS0495;Não;Não;Não;BOLETIM DE OCORRENCIA;Classificada;22/03/2021 06:44;Não
2021-15529607-5;(BM) 2021-014167654-001;22/03/2021 09:22;RUA GERALDO S. ALMEIDA, Nº 201 - COHAB 2 - PASSOS;-20.712.936;-466.320.383;V01999 - OUTROS TIPOS DE APH CLINICO (C) (Prioridade: 1 - Alta);1CIA IND/2CIA/1PEL(PASSOS);BM1274612;Não;Não;Não;BOLETIM DE OCORRENCIA;Classificada;25/03/2021 10:57;Não
2021-15530699-0;(BM) 2021-014298470-001;22/03/2021 10:36;RUA DOUTOR CARVALHO, Nº 1455 - NOSSA SENHORA DAS GRAÇAS - PASSOS;-207.352.269;-466.037.303;Q03004 - TREINAMENTO DE SALVAMENTO EM ALTURA (C) (Prioridade: 2 - Média);1CIA IND/2CIA/1PEL(PASSOS);BM1274612;Não;Não;Não;BOLETIM DE OCORRENCIA;Classificada;22/03/2021 21:00;Não
2021-15531454-9;(BM) 2021-014191456-001;22/03/2021 11:27;RUA CURIO, Nº 310 - NOSSA SENHORA DAS GRAÇAS - PASSOS;-207.381.908;-466.064.476;V02408 - VITIMA DE COLISAO ENTRE AUTOMOVEL X MOTOCICLETA (C) (Prioridade: 1 - Alta);1CIA IND/2CIA/1PEL(PASSOS);BM1274612;Não;Não;Não;BOLETIM DE OCORRENCIA;Classificada;25/03/2021 10:57;Não
2021-15532646-5;(BM) 2021-014201494-001;22/03/2021 13:04;RUA TRES DE MAIO, Nº 282 - BELO HORIZONTE - PASSOS;-207.238.091;-466.047.169;V02408 - VITIMA DE COLISAO ENTRE AUTOMOVEL X MOTOCICLETA (C) (Prioridade: 1 - Alta);1CIA IND/2CIA/1PEL(PASSOS);BM1274612;Não;Não;Não;BOLETIM DE OCORRENCIA;Classificada;25/03/2021 07:19;Não
2021-15534022-0;(BM) 2021-014222628-001;22/03/2021 14:33;RUA DOUTOR CARVALHO, Nº 1455 - NOSSA SENHORA DAS GRAÇAS - PASSOS;-207.352.269;-466.037.303;X03000 - EMPENHO ADMINISTRATIVO (C) (Prioridade: 2 - Média);1CIA IND/2CIA/1PEL(PASSOS);BM1725787;Não;Não;Não;BOLETIM DE OCORRENCIA;Classificada;22/03/2021 21:00;Não
2021-15534751-0;(BM) 2021-014226024-001;22/03/2021 15:06;AVENIDA JUCA STOCKLER, Nº 2402 - SAO JOAQUIM - PASSOS;-207.453.443;-465.996.183;O04012 - INCENDIO EM LOTE VAGO (AREA URBANA) (C) (Prioridade: 2 - Média);1CIA IND/2CIA/1PEL(PASSOS);ABTS0495;Não;Não;Não;BOLETIM DE OCORRENCIA;Classificada;26/03/2021 11:42;Não
2021-15535793-6;(BM) 2021-014239469-001;22/03/2021 15:57;RUA EGITO, Nº 114 - PASSOS;-20.728.532;-465.877.127;P02003 - VISTORIA EM LOTE VAGO (C) (Prioridade: 2 - Média);1CIA IND/2CIA/1PEL(PASSOS);ABTS0495;Não;Não;Não;BOLETIM DE OCORRENCIA;Classificada;25/03/2021 10:24;Não
2021-15535868-3;(BM) 2021-014240188-001;22/03/2021 16:01;RUA EGITO, Nº 124 - PASSOS;-207.281.012;-465.876.278;P02003 - VISTORIA EM LOTE VAGO (C) (Prioridade: 2 - Média);1CIA IND/2CIA/1PEL(PASSOS);ABTS0495;Não;Não;Não;BOLETIM DE OCORRENCIA;Classificada;25/03/2021 10:24;Não
2021-15535946-5;(BM) 2021-014241299-001;22/03/2021 16:05;RUA EGITO, Nº 164 - NOVO MUNDO 4 - PASSOS;-207.277.848;-465.875.654;P02003 - VISTORIA EM LOTE VAGO (C) (Prioridade: 2 - Média);1CIA IND/2CIA/1PEL(PASSOS);ABTS0495;Não;Não;Não;BOLETIM DE OCORRENCIA;Classificada;25/03/2021 10:24;Não
2021-15536398-7;(BM) 2021-014263349-001;22/03/2021 16:27;RUA EGITO, Nº 305 - NOVO MUNDO 4 - PASSOS;-207.270.195;-465.874.205;P02003 - VISTORIA EM LOTE VAGO (C) (Prioridade: 2 - Média);1CIA IND/2CIA/1PEL(PASSOS);ASL00064;Não;Não;Não;BOLETIM DE OCORRENCIA;Classificada;25/03/2021 10:58;Não
2021-15537219-1;(BM) 2021-014263310-001;22/03/2021 17:08;RUA EGITO, Nº 295 - PASSOS;-207.270.195;-465.874.205;P02003 - VISTORIA EM LOTE VAGO (C) (Prioridade: 2 - Média);1CIA IND/2CIA/1PEL(PASSOS);ASL00064;Não;Não;Não;BOLETIM DE OCORRENCIA;Classificada;26/03/2021 11:43;Não
2021-15537830-1;(BM) 2021-014263141-001;22/03/2021 17:39;RUA EGITO, Nº 155 - PASSOS;-20.728.197;-465.874.867;P02003 - VISTORIA EM LOTE VAGO (C) (Prioridade: 2 - Média);1CIA IND/2CIA/1PEL(PASSOS);ASL00064;Não;Não;Não;BOLETIM DE OCORRENCIA;Classificada;26/03/2021 11:42;Não
2021-15538560-4;(BM) 2021-014270849-001;22/03/2021 18:17;RUA EGITO, Nº 295 - PASSOS;-207.270.195;-465.874.205;P02003 - VISTORIA EM LOTE VAGO (C) (Prioridade: 2 - Média);1CIA IND/2CIA/1PEL(PASSOS);ASL00064;Não;Não;Não;BOLETIM DE OCORRENCIA;Classificada;26/03/2021 11:42;Não
2021-15541026-1;(BM) 2021-014295567-001;22/03/2021 20:40;RUA DOUTOR CARVALHO, Nº 1455 - NOSSA SENHORA DAS GRAÇAS - PASSOS;-207.352.269;-466.037.303;V03012 - VITIMA COM OBJETO PRESO AO CORPO (C) (Prioridade: 1 - Alta);1CIA IND/2CIA/1PEL(PASSOS);ASL00064;Não;Não;Não;BOLETIM DE OCORRENCIA;Classificada;22/03/2021 21:26;Não
2021-15541286-2;(BM) 2021-014298599-001;22/03/2021 20:56;LUGAREJO CORREGO DO FEIJAO, Nº S/N - BRUMADINHO;-201.361.111;-441.136.111;X03000 - EMPENHO ADMINISTRATIVO (C) (Prioridade: 2 - Média);1CIA IND/2CIA/1PEL(PASSOS);BM1725787;Não;Não;Não;BOLETIM DE OCORRENCIA;Classificada;26/03/2021 11:42;Não
2021-15542421-1;(BM) 2021-014310357-001;22/03/2021 22:08;RUA MATOZINHOS, Nº 61 - COHAB 2 - PASSOS;-207.106.405;-466.297.071;O02001 - INCENDIO EM RESIDENCIA/HABITACAO UNIFAMILIAR (CASA) (C) (Prioridade: 1 - Alta);1CIA IND/2CIA/1PEL(PASSOS);ABTS0495;Não;Não;Não;BOLETIM DE OCORRENCIA;Classificada;25/03/2021 10:57;Não
2021-15548322-2;(BM) 2021-014386995-001;23/03/2021 10:57;CHACARA ESTRADA GLORIA CANTEIROS, Nº S/N - SAO JOAO BATISTA GLORIA;-205.756.409;-464.101.662;S06002 - CAPTURA DE ANIMAL SILVESTRE PERIGOSO / AGRESSIVO (C) (Prioridade: 2 - Média);1CIA IND/2CIA/1PEL(PASSOS);ASL00064;Não;Não;Não;BOLETIM DE OCORRENCIA;Classificada;24/03/2021 06:16;Não
2021-15548757-5;(BM) 2021-014381362-001;23/03/2021 11:27;RUA SARGENTO JOSE EMIDIO DE OLIVEIRA, Nº 62 - JARDIM SATELITE - PASSOS;-207.131.368;-466.203.676;O04012 - INCENDIO EM LOTE VAGO (AREA URBANA) (C) (Prioridade: 2 - Média);1CIA IND/2CIA/1PEL(PASSOS);ABTS0495;Não;Não;Não;BOLETIM DE OCORRENCIA;Classificada;24/03/2021 06:16;Não
2021-15550208-0;(BM) 2021-014399050-001;23/03/2021 13:41;RUA ELOI PEREIRA LEMOS, Nº S/N - NOVA PASSOS - PASSOS;-207.044.478;-466.338.809;P02003 - VISTORIA EM LOTE VAGO (C) (Prioridade: 2 - Média);1CIA IND/2CIA/1PEL(PASSOS);ASL00064;Não;Não;Não;BOLETIM DE OCORRENCIA;Classificada;24/03/2021 06:16;Não
2021-15550397-4;(BM) 2021-014400239-001;23/03/2021 13:55;RUA ELOI PEREIRA LEMOS, Nº S/N - NOVA PASSOS - PASSOS;-207.044.478;-466.338.809;P02003 - VISTORIA EM LOTE VAGO (C) (Prioridade: 2 - Média);1CIA IND/2CIA/1PEL(PASSOS);ASL00064;Não;Não;Não;BOLETIM DE OCORRENCIA;Classificada;24/03/2021 06:16;Não
2021-15550595-8;(BM) 2021-014402084-001;23/03/2021 14:07;RUA ELOI PEREIRA LEMOS, Nº S/N - NOVA PASSOS - PASSOS;-207.044.478;-466.338.809;P02003 - VISTORIA EM LOTE VAGO (C) (Prioridade: 2 - Média);1CIA IND/2CIA/1PEL(PASSOS);ASL00064;Não;Não;Não;BOLETIM DE OCORRENCIA;Classificada;24/03/2021 06:16;Não
2021-15550735-5;(BM) 2021-014404014-001;23/03/2021 14:17;RUA ELOI PEREIRA LEMOS, Nº S/N - NOVA PASSOS - PASSOS;-207.044.478;-466.338.809;P02003 - VISTORIA EM LOTE VAGO (C) (Prioridade: 2 - Média);1CIA IND/2CIA/1PEL(PASSOS);ASL00064;Não;Não;Não;BOLETIM DE OCORRENCIA;Classificada;24/03/2021 06:17;Não
2021-15550866-3;(BM) 2021-014405911-001;23/03/2021 14:26;RUA ELOI PEREIRA LEMOS, Nº S/N - NOVA PASSOS - PASSOS;-207.044.478;-466.338.809;P02003 - VISTORIA EM LOTE VAGO (C) (Prioridade: 2 - Média);1CIA IND/2CIA/1PEL(PASSOS);ASL00064;Não;Não;Não;BOLETIM DE OCORRENCIA;Classificada;24/03/2021 06:17;Não
2021-15551078-1;(BM) 2021-014408928-001;23/03/2021 14:38;RUA ELOI PEREIRA LEMOS, Nº S/N - NOVA PASSOS - PASSOS;-207.044.478;-466.338.809;P02003 - VISTORIA EM LOTE VAGO (C) (Prioridade: 2 - Média);1CIA IND/2CIA/1PEL(PASSOS);ASL00064;Não;Não;Não;BOLETIM DE OCORRENCIA;Classificada;24/03/2021 06:17;Não
2021-15551275-2;(BM) 2021-014416924-001;23/03/2021 14:46;RUA ELOI PEREIRA LEMOS, Nº S/N - NOVA PASSOS - PASSOS;-207.044.478;-466.338.809;P02003 - VISTORIA EM LOTE VAGO (C) (Prioridade: 2 - Média);1CIA IND/2CIA/1PEL(PASSOS);ASL00064;Não;Não;Não;BOLETIM DE OCORRENCIA;Classificada;24/03/2021 06:17;Não
2021-15562421-4;(BM) 2021-014530391-001;24/03/2021 05:15;RUA DOUTOR CARVALHO, Nº 1455 - NOSSA SENHORA DAS GRAÇAS - PASSOS;-207.352.269;-466.037.303;X01000 - SUPERVISAO (C) (Prioridade: 3 - Baixa);1CIA IND/2CIA/PEL PREV E VIST(PASSOS);APF01362;Não;Não;Não;BOLETIM DE OCORRENCIA;Classificada;30/03/2021 05:54;Não
2021-15562805-6;(BM) 2021-014534740-001;24/03/2021 07:19;RUA DOUTOR CARVALHO, Nº 1455 - NOSSA SENHORA DAS GRAÇAS - PASSOS;-207.352.269;-466.037.303;Q03001 - TREINAMENTO DE COMBATE A INCENDIO (C) (Prioridade: 2 - Média);1CIA IND/2CIA/1PEL(PASSOS);ABTS0495;Não;Não;Não;BOLETIM DE OCORRENCIA;Classificada;24/03/2021 07:43;Não
2021-15563499-7;(BM) 2021-014541285-001;24/03/2021 08:29;AVENIDA SABIA, Nº S/N - MUARAMA 2 - PASSOS;-20.733.048;-466.159.257;X03000 - EMPENHO ADMINISTRATIVO (C) (Prioridade: 2 - Média);1CIA IND/2CIA/1PEL(PASSOS);ABTS0495;Não;Não;Não;BOLETIM DE OCORRENCIA;Classificada;28/03/2021 17:28;Não
2021-15564468-9;(BM) 2021-014574348-001;24/03/2021 09:41;RODOVIA MG 050, Km 392 - PRATAPOLIS;-208.550.839;-468.919.852;S05304 - COLISAO ENTRE CAMINHOES / CARRETAS (C) (Prioridade: 1 - Alta);1CIA IND/2CIA/1PEL(PASSOS);ASL00064;Não;Não;Não;BOLETIM DE OCORRENCIA;Classificada;25/03/2021 10:56;Não
2021-15567411-8;(BM) 2021-014585805-001;24/03/2021 13:39;RUA DOUTOR CARVALHO, Nº 1455 - NOSSA SENHORA DAS GRAÇAS - PASSOS;-207.352.269;-466.037.303;Q03001 - TREINAMENTO DE COMBATE A INCENDIO (C) (Prioridade: 2 - Média);1CIA IND/2CIA/1PEL(PASSOS);BM1317692;Não;Não;Não;BOLETIM DE OCORRENCIA;Classificada;28/03/2021 17:28;Não
2021-15568227-4;(BM) 2021-014643553-001;24/03/2021 14:32;RUA VITORIA, Nº 2 - CENTRO - SAO JOAO BATISTA GLORIA;-2.063.863;-465.037.719;S06002 - CAPTURA DE ANIMAL SILVESTRE PERIGOSO / AGRESSIVO (C) (Prioridade: 2 - Média);1CIA IND/2CIA/1PEL(PASSOS);ASL00064;Não;Não;Não;BOLETIM DE OCORRENCIA;Classificada;28/03/2021 17:29;Não
2021-15570771-1;(BM) 2021-014626123-001;24/03/2021 16:48;RUA GAIVOTA, Nº 291 - NOSSA SENHORA DAS GRAÇAS - PASSOS;-207.389.484;-466.063.047;S06001 - SALVAMENTO DE ANIMAL EM RISCO / PERIGO (C) (Prioridade: 2 - Média);1CIA IND/2CIA/1PEL(PASSOS);ASL00064;Não;Não;Não;BOLETIM DE OCORRENCIA;Classificada;28/03/2021 17:29;Não
2021-15572245-0;(BM) 2021-014643105-001;24/03/2021 18:07;RUA ANA CANDIDA DE JESUS, Nº 491 - PASSOS;-20.751.367;-466.047.157;P02003 - VISTORIA EM LOTE VAGO (C) (Prioridade: 2 - Média);1CIA IND/2CIA/1PEL(PASSOS);ASL00064;Não;Não;Não;BOLETIM DE OCORRENCIA;Classificada;28/03/2021 17:29;Não
2021-15572709-9;(BM) 2021-014647614-001;24/03/2021 18:31;RUA ANA CANDIDA DE JESUS, Nº 487 - PASSOS;-20.751.367;-466.047.157;P02003 - VISTORIA EM LOTE VAGO (C) (Prioridade: 2 - Média);1CIA IND/2CIA/1PEL(PASSOS);ASL00064;Não;Não;Não;BOLETIM DE OCORRENCIA;Classificada;28/03/2021 17:29;Não
2021-15572828-8;(BM) 2021-014649065-001;24/03/2021 18:39;RUA ANA CANDIDA DE JESUS, Nº 505 - PASSOS;-207.510.207;-466.042.686;P02003 - VISTORIA EM LOTE VAGO (C) (Prioridade: 2 - Média);1CIA IND/2CIA/1PEL(PASSOS);ASL00064;Não;Não;Não;BOLETIM DE OCORRENCIA;Classificada;28/03/2021 17:29;Não
2021-15572973-7;(BM) 2021-014650148-001;24/03/2021 18:46;RUA ANA CANDIDA DE JESUS, Nº 509 - PASSOS;-207.510.207;-466.042.686;P02003 - VISTORIA EM LOTE VAGO (C) (Prioridade: 2 - Média);1CIA IND/2CIA/1PEL(PASSOS);ASL00064;Não;Não;Não;BOLETIM DE OCORRENCIA;Classificada;28/03/2021 17:29;Não
2021-15573091-3;(BM) 2021-014651246-001;24/03/2021 18:52;RUA ANA CANDIDA DE JESUS, Nº 521 - PASSOS;-207.510.207;-466.042.686;P02003 - VISTORIA EM LOTE VAGO (C) (Prioridade: 2 - Média);1CIA IND/2CIA/1PEL(PASSOS);ASL00064;Não;Não;Não;BOLETIM DE OCORRENCIA;Classificada;28/03/2021 17:29;Não
2021-15573224-5;(BM) 2021-014652617-001;24/03/2021 18:59;RUA ANA CANDIDA DE JESUS, Nº 531 - JARDIM ITALIA - PASSOS;-207.510.207;-466.042.686;P02003 - VISTORIA EM LOTE VAGO (C) (Prioridade: 2 - Média);1CIA IND/2CIA/1PEL(PASSOS);ASL00064;Não;Não;Não;BOLETIM DE OCORRENCIA;Classificada;28/03/2021 17:29;Não
2021-15573372-2;(BM) 2021-014653756-001;24/03/2021 19:05;RUA ANA CANDIDA DE JESUS, Nº 535 - PASSOS;-207.510.207;-466.042.686;P02003 - VISTORIA EM LOTE VAGO (C) (Prioridade: 2 - Média);1CIA IND/2CIA/1PEL(PASSOS);ASL00064;Não;Não;Não;BOLETIM DE OCORRENCIA;Classificada;28/03/2021 17:29;Não
2021-15573502-6;(BM) 2021-014655021-001;24/03/2021 19:11;RUA ANA CANDIDA DE JESUS, Nº 537 - PASSOS;-207.510.207;-466.042.686;P02003 - VISTORIA EM LOTE VAGO (C) (Prioridade: 2 - Média);1CIA IND/2CIA/1PEL(PASSOS);ASL00064;Não;Não;Não;BOLETIM DE OCORRENCIA;Classificada;28/03/2021 17:29;Não
2021-15573779-0;(BM) 2021-014657481-001;24/03/2021 19:28;RUA ANA CANDIDA DE JESUS, Nº 543 - PASSOS;-20.750.938;-466.041.813;P02003 - VISTORIA EM LOTE VAGO (C) (Prioridade: 2 - Média);1CIA IND/2CIA/1PEL(PASSOS);ASL00064;Não;Não;Não;BOLETIM DE OCORRENCIA;Classificada;28/03/2021 17:29;Não
2021-15574141-5;(BM) 2021-014661060-001;24/03/2021 19:48;RUA ANA CANDIDA DE JESUS, Nº 549 - JARDIM ITALIA - PASSOS;-20.750.938;-466.041.813;P02003 - VISTORIA EM LOTE VAGO (C) (Prioridade: 2 - Média);1CIA IND/2CIA/1PEL(PASSOS);ASL00064;Não;Não;Não;BOLETIM DE OCORRENCIA;Classificada;25/03/2021 10:57;Não
2021-15580817-7;(BM) 2021-014740766-001;25/03/2021 09:05;RUA SAO MIGUEL, Nº S/N - JARDIM PLANALTO - PASSOS;-20.722.654;-466.243.921;S06002 - CAPTURA DE ANIMAL SILVESTRE PERIGOSO / AGRESSIVO (C) (Prioridade: 2 - Média);1CIA IND/2CIA/1PEL(PASSOS);ASL00064;Não;Não;Não;BOLETIM DE OCORRENCIA;Classificada;26/03/2021 06:36;Não
2021-15581899-7;(BM) 2021-014746932-001;25/03/2021 10:23;RUA MARTE, Nº S/N - JARDIM SATELITE - PASSOS;-207.094.049;-466.214.412;P02003 - VISTORIA EM LOTE VAGO (C) (Prioridade: 2 - Média);1CIA IND/2CIA/1PEL(PASSOS);ASL00064;Não;Não;Não;BOLETIM DE OCORRENCIA;Classificada;26/03/2021 06:38;Não
2021-15582415-4;(BM) 2021-014750079-001;25/03/2021 10:55;RUA MARTE, Nº S/N - JARDIM SATELITE - PASSOS;-207.094.049;-466.214.412;P02003 - VISTORIA EM LOTE VAGO (C) (Prioridade: 2 - Média);1CIA IND/2CIA/1PEL(PASSOS);ASL00064;Não;Não;Não;BOLETIM DE OCORRENCIA;Classificada;26/03/2021 06:40;Não
2021-15582695-2;(BM) 2021-014758229-001;25/03/2021 11:15;RUA MARTE, Nº S/N - JARDIM SATELITE - PASSOS;-207.094.049;-466.214.412;P02003 - VISTORIA EM LOTE VAGO (C) (Prioridade: 2 - Média);1CIA IND/2CIA/1PEL(PASSOS);ASL00064;Não;Não;Não;BOLETIM DE OCORRENCIA;Classificada;26/03/2021 06:40;Não
2021-15583241-0;(BM) 2021-014757190-001;25/03/2021 12:01;RUA JURANDIR LEANDRO VIEIRA, Nº 170 - RESIDENCIAL VILLAGIO DI ITALIA - PASSOS;-207.338.232;-465.897.149;S06002 - CAPTURA DE ANIMAL SILVESTRE PERIGOSO / AGRESSIVO (C) (Prioridade: 2 - Média);1CIA IND/2CIA/1PEL(PASSOS);ASL00064 / ABTS0495;Não;Não;Não;BOLETIM DE OCORRENCIA;Classificada;26/03/2021 06:42;Não
2021-15584307-2;(BM) 2021-014772370-001;25/03/2021 13:40;RUA MARTE, Nº S/N - JARDIM SATELITE - PASSOS;-207.094.049;-466.214.412;P02003 - VISTORIA EM LOTE VAGO (C) (Prioridade: 2 - Média);1CIA IND/2CIA/1PEL(PASSOS);ASL00064;Não;Não;Não;BOLETIM DE OCORRENCIA;Classificada;26/03/2021 06:42;Não
2021-15584373-7;(BM) 2021-014769504-001;25/03/2021 13:43;RODOVIA BR 459, Nº S/N - POCOS DE CALDAS;;;P03009 - PREVENCAO EM PONTO-BASE / FERIADOS PROLONGADOS (C) (Prioridade: 2 - Média);1CIA IND (POCOS DE CALDAS);TPO01026;Não;Não;Não;BOLETIM DE OCORRENCIA;Classificada;26/03/2021 07:04;Não
2021-15584625-8;(BM) 2021-014772263-001;25/03/2021 14:01;RUA MARTE, Nº S/N - JARDIM SATELITE - PASSOS;-207.094.049;-466.214.412;P02003 - VISTORIA EM LOTE VAGO (C) (Prioridade: 2 - Média);1CIA IND/2CIA/1PEL(PASSOS);ASL00064;Não;Não;Não;BOLETIM DE OCORRENCIA;Classificada;26/03/2021 06:42;Não
2021-15585012-4;(BM) 2021-014776575-001;25/03/2021 14:23;RUA MARTE, Nº S/N - JARDIM SATELITE - PASSOS;-207.094.049;-466.214.412;P02003 - VISTORIA EM LOTE VAGO (C) (Prioridade: 2 - Média);1CIA IND/2CIA/1PEL(PASSOS);ASL00064;Não;Não;Não;BOLETIM DE OCORRENCIA;Classificada;26/03/2021 06:43;Não
2021-15585329-0;(BM) 2021-014780755-001;25/03/2021 14:40;RUA MARTE, Nº S/N - JARDIM SATELITE - PASSOS;-207.094.049;-466.214.412;P02003 - VISTORIA EM LOTE VAGO (C) (Prioridade: 2 - Média);1CIA IND/2CIA/1PEL(PASSOS);ASL00064;Não;Não;Não;BOLETIM DE OCORRENCIA;Classificada;26/03/2021 06:44;Não
2021-15585792-5;(BM) 2021-014786029-001;25/03/2021 15:02;RUA MARTE, Nº S/N - JARDIM SATELITE - PASSOS;-207.094.049;-466.214.412;P02003 - VISTORIA EM LOTE VAGO (C) (Prioridade: 2 - Média);1CIA IND/2CIA/1PEL(PASSOS);ASL00064;Não;Não;Não;BOLETIM DE OCORRENCIA;Classificada;26/03/2021 06:45;Não
2021-15586265-5;(BM) 2021-014791874-001;25/03/2021 15:25;RUA MARTE, Nº S/N - JARDIM SATELITE - PASSOS;-207.094.049;-466.214.412;P02003 - VISTORIA EM LOTE VAGO (C) (Prioridade: 2 - Média);1CIA IND/2CIA/1PEL(PASSOS);ASL00064;Não;Não;Não;BOLETIM DE OCORRENCIA;Classificada;26/03/2021 06:45;Não
2021-15586539-9;(BM) 2021-014794790-001;25/03/2021 15:40;RUA MARTE, Nº S/N - JARDIM SATELITE - PASSOS;-207.094.049;-466.214.412;P02003 - VISTORIA EM LOTE VAGO (C) (Prioridade: 2 - Média);1CIA IND/2CIA/1PEL(PASSOS);ASL00064;Não;Não;Não;BOLETIM DE OCORRENCIA;Classificada;26/03/2021 06:45;Não
2021-15587319-8;(BM) 2021-014804533-001;25/03/2021 16:21;AVENIDA CHICO XAVIER, Nº S/N - JARDIM PLANALTO - PASSOS;-207.197.803;-466.285.997;O04012 - INCENDIO EM LOTE VAGO (AREA URBANA) (C) (Prioridade: 2 - Média);1CIA IND/2CIA/1PEL(PASSOS);ABTS0495;Não;Não;Não;BOLETIM DE OCORRENCIA;Classificada;26/03/2021 06:34;Não
2021-15589752-2;(BM) 2021-014831878-001;25/03/2021 18:29;AVENIDA CHICO XAVIER, Nº S/N - JARDIM PLANALTO - PASSOS;-207.197.803;-466.285.997;O04012 - INCENDIO EM LOTE VAGO (AREA URBANA) (C) (Prioridade: 2 - Média);1CIA IND/2CIA/1PEL(PASSOS);ABTS0495;Não;Não;Não;BOLETIM DE OCORRENCIA;Classificada;26/03/2021 06:34;Não
2021-15590164-1;(BM) 2021-014836162-001;25/03/2021 18:51;PRACA SANTA RITA, Nº S/N - SANTA RITA - PASSOS;-207.323.534;-466.101.503;O02033 - INCENDIO EM AMONTOADO DE LIXO (C) (Prioridade: 2 - Média);1CIA IND/2CIA/1PEL(PASSOS);ABTS0495;Não;Não;Não;BOLETIM DE OCORRENCIA;Classificada;26/03/2021 06:34;Não
2021-15591376-5;(BM) 2021-014847933-001;25/03/2021 19:57;RUA DOUTOR CARVALHO, Nº 1455 - NOSSA SENHORA DAS GRAÇAS - PASSOS;-207.352.269;-466.037.303;Q03017 - TREINAMENTO DE PRIMEIROS SOCORROS (C) (Prioridade: 2 - Média);1CIA IND/2CIA/1PEL(PASSOS);ASL00064;Não;Não;Não;BOLETIM DE OCORRENCIA;Classificada;26/03/2021 06:45;Não
2021-15594304-0;(BM) 2021-014876794-001;25/03/2021 22:58;AVENIDA BRASILIA, Nº 549 - JARDIM PLANALTO - PASSOS;-207.194.211;-466.228.406;W08000 - CANCELADA POR INDISPONIBILIDADE DE VIATURA (C) (Prioridade: 3 - Baixa);1CIA IND/2CIA/1PEL(PASSOS);BM1206671;Não;Não;Não;BOLETIM DE OCORRENCIA;Classificada;26/03/2021 06:34;Não
2021-15599632-7;(BM) 2021-014933635-001;26/03/2021 10:56;AVENIDA NACOES, Nº 1139 - PASSOS;-207.110.426;-465.885.565;P02003 - VISTORIA EM LOTE VAGO (C) (Prioridade: 2 - Média);1CIA IND/2CIA/1PEL(PASSOS);ABTS0495;Não;Não;Não;BOLETIM DE OCORRENCIA;Classificada;28/03/2021 17:29;Não
2021-15599742-5;(BM) 2021-014933886-001;26/03/2021 11:04;RUA IRLANDA, Nº 20 - PASSOS;-207.299.258;-465.886.007;P02003 - VISTORIA EM LOTE VAGO (C) (Prioridade: 2 - Média);1CIA IND/2CIA/1PEL(PASSOS);ABTS0495;Não;Não;Não;BOLETIM DE OCORRENCIA;Classificada;28/03/2021 17:29;Não
2021-15599778-2;(BM) 2021-014934508-001;26/03/2021 11:08;RUA IRLANDA, Nº 70 - NOVO MUNDO 4 - PASSOS;-207.295.162;-465.885.191;P02003 - VISTORIA EM LOTE VAGO (C) (Prioridade: 2 - Média);1CIA IND/2CIA/1PEL(PASSOS);ABTS0495;Não;Não;Não;BOLETIM DE OCORRENCIA;Classificada;28/03/2021 17:29;Não
2021-15599796-4;(BM) 2021-014934969-001;26/03/2021 11:11;RUA IRLANDA, Nº 141 - PASSOS;-207.285.629;-465.881.586;P02003 - VISTORIA EM LOTE VAGO (C) (Prioridade: 2 - Média);1CIA IND/2CIA/1PEL(PASSOS);ABTS0495;Não;Não;Não;BOLETIM DE OCORRENCIA;Classificada;28/03/2021 17:29;Não
2021-15599838-2;(BM) 2021-014935662-001;26/03/2021 11:15;RUA IRLANDA, Nº 267 - NOVO MUNDO 4 - PASSOS;-207.274.917;-465.879.443;P02003 - VISTORIA EM LOTE VAGO (C) (Prioridade: 2 - Média);1CIA IND/2CIA/1PEL(PASSOS);ABTS0495;Não;Não;Não;BOLETIM DE OCORRENCIA;Classificada;30/03/2021 19:37;Não
2021-15599898-4;(BM) 2021-014936219-001;26/03/2021 11:17;RUA IRLANDA, Nº 377 - PASSOS;-207.266.575;-46.587.791;P02003 - VISTORIA EM LOTE VAGO (C) (Prioridade: 2 - Média);1CIA IND/2CIA/1PEL(PASSOS);ABTS0495;Não;Não;Não;BOLETIM DE OCORRENCIA;Classificada;30/03/2021 19:37;Não
2021-15599938-7;(BM) 2021-014936836-001;26/03/2021 11:21;RUA IRLANDA, Nº 497 - PASSOS;-207.258.842;-465.876.195;P02003 - VISTORIA EM LOTE VAGO (C) (Prioridade: 2 - Média);1CIA IND/2CIA/1PEL(PASSOS);ABTS0495;Não;Não;Não;BOLETIM DE OCORRENCIA;Classificada;30/03/2021 19:37;Não
2021-15604653-0;(BM) 2021-014995693-001;26/03/2021 16:21;RUA CANJERANUS, Nº S/N - CANJERANUS - PASSOS;-207.089.894;-466.069.659;S06001 - SALVAMENTO DE ANIMAL EM RISCO / PERIGO (C) (Prioridade: 2 - Média);1CIA IND/2CIA/1PEL(PASSOS);ASL00064;Não;Não;Não;BOLETIM DE OCORRENCIA;Classificada;30/03/2021 19:37;Não
2021-15605279-0;(BM) 2021-015088481-001;26/03/2021 16:57;RUA DOUTOR CARVALHO, Nº 1455 - NOSSA SENHORA DAS GRAÇAS - PASSOS;-207.352.269;-466.037.303;Q03005 - TREINAMENTO DE SALVAMENTO TERRESTRE (C) (Prioridade: 2 - Média);1CIA IND/2CIA/1PEL(PASSOS);BM1274612;Não;Não;Não;BOLETIM DE OCORRENCIA;Classificada;30/03/2021 19:38;Não
2021-15607499-8;(BM) 2021-015039450-001;26/03/2021 18:54;AVENIDA PERIMETRAL, Nº S/N - PARQUE DA ESTACAO - PASSOS;-207.057.771;-466.097.547;O04012 - INCENDIO EM LOTE VAGO (AREA URBANA) (C) (Prioridade: 2 - Média);1CIA IND/2CIA/1PEL(PASSOS);ABTS0495;Não;Não;Não;BOLETIM DE OCORRENCIA;Classificada;28/03/2021 07:34;Não
2021-15613255-8;(BM) 2021-015067577-001;27/03/2021 00:00;RUA COELHO NETO, Nº S/N - CANDEIAS - PASSOS;-207.251.986;-466.165.624;O02033 - INCENDIO EM AMONTOADO DE LIXO (C) (Prioridade: 2 - Média);1CIA IND/2CIA/1PEL(PASSOS);ABTS0495;Não;Não;Não;BOLETIM DE OCORRENCIA;Classificada;30/03/2021 19:38;Não
2021-15614754-3;(BM) 2021-015082352-002;27/03/2021 01:55;ESTRADA ESTRADA GLORIA/DELFINOPOLIS, Nº S/N - SAO JOAO BATISTA GLORIA;-20.581.111;-46.539.167;S05201 - CAPOTAMENTO DE AUTOMOVEL (CARRO, CAMIONETA, CAMINHONETE) (C) (Prioridade: 1 - Alta);1CIA IND/2CIA/1PEL(PASSOS);ABTS0495 / ASL00064;Não;Não;Não;BOLETIM DE OCORRENCIA;Classificada;04/04/2021 07:22;Não
2021-15617548-8;(BM) 2021-015102775-001;27/03/2021 09:47;RUA ANDRE DA SILVA LEMOS - PASSOS;;;P02003 - VISTORIA EM LOTE VAGO (C) (Prioridade: 2 - Média);1CIA IND/2CIA/1PEL(PASSOS);ASL00064;Não;Não;Não;BOLETIM DE OCORRENCIA;Classificada;28/03/2021 07:35;Não
2021-15617709-5;(BM) 2021-015102684-001;27/03/2021 10:00;RUA ANDRE DA SILVA LEMOS - PASSOS;;;P02003 - VISTORIA EM LOTE VAGO (C) (Prioridade: 2 - Média);1CIA IND/2CIA/1PEL(PASSOS);ASL00064;Não;Não;Não;BOLETIM DE OCORRENCIA;Classificada;28/03/2021 07:35;Não
2021-15617902-5;(BM) 2021-015104289-001;27/03/2021 10:12;RUA ANDRE DA SILVA LEMOS - PASSOS;;;P02003 - VISTORIA EM LOTE VAGO (C) (Prioridade: 2 - Média);1CIA IND/2CIA/1PEL(PASSOS);ASL00064;Não;Não;Não;BOLETIM DE OCORRENCIA;Classificada;28/03/2021 07:35;Não
2021-15618267-4;(BM) 2021-015107282-001;27/03/2021 10:48;RUA ANDRE DA SILVA LEMOS, Nº 119 - NOVA PASSOS II - PASSOS;-206.974.422;-46.631.669;P02003 - VISTORIA EM LOTE VAGO (C) (Prioridade: 2 - Média);1CIA IND/2CIA/1PEL(PASSOS);ASL00064;Não;Não;Não;BOLETIM DE OCORRENCIA;Classificada;28/03/2021 07:35;Não
2021-15618500-7;(BM) 2021-015109435-001;27/03/2021 11:08;RUA ANDRE DA SILVA LEMOS - PASSOS;;;P02003 - VISTORIA EM LOTE VAGO (C) (Prioridade: 2 - Média);1CIA IND/2CIA/1PEL(PASSOS);ASL00064;Não;Não;Não;BOLETIM DE OCORRENCIA;Classificada;28/03/2021 07:37;Não
2021-15618506-3;;27/03/2021 11:10;PRACA CORONEL FRANCISCO GOMES, Nº 46 - CENTRO - PASSOS;-207.164.972;-466.070.682;W08000 - CANCELADA POR INDISPONIBILIDADE DE VIATURA (C) (Prioridade: 3 - Baixa);1CIA IND/2CIA/1PEL(PASSOS);;Não;Não;Não;W08000-CANCELADA POR INDISPONIBILIDADE DE MEIOS;Classificada;27/03/2021 11:19;Não
2021-15618624-0;(BM) 2021-015110377-001;27/03/2021 11:20;RUA ANDRE DA SILVA LEMOS - PASSOS;;;P02003 - VISTORIA EM LOTE VAGO (C) (Prioridade: 2 - Média);1CIA IND/2CIA/1PEL(PASSOS);ASL00064;Não;Não;Não;BOLETIM DE OCORRENCIA;Classificada;28/03/2021 07:37;Não
2021-15618716-6;(BM) 2021-015111265-001;27/03/2021 11:30;RUA ANDRE DA SILVA LEMOS, Nº 42 - NOVA PASSOS II - PASSOS;-206.967.243;-466.323.234;P02003 - VISTORIA EM LOTE VAGO (C) (Prioridade: 2 - Média);1CIA IND/2CIA/1PEL(PASSOS);ASL00064;Não;Não;Não;BOLETIM DE OCORRENCIA;Classificada;28/03/2021 07:36;Não
2021-15618913-7;(BM) 2021-015366242-001;27/03/2021 11:47;RUA ANTONIO PADUA AMANCIO, Nº 145 - INDUSTRIAL JK - VARGINHA;-215.783.205;-454.432.126;X03000 - EMPENHO ADMINISTRATIVO (C) (Prioridade: 2 - Média);1CIA IND (POCOS DE CALDAS);BM1363811 / UR10332;Não;Não;Não;BOLETIM DE OCORRENCIA;Classificada;29/03/2021 06:55;Não
2021-15620563-0;(BM) 2021-015126915-001;27/03/2021 14:26;RUA DOUTOR CARVALHO, Nº 1455 - NOSSA SENHORA DAS GRAÇAS - PASSOS;-207.352.269;-466.037.303;Q03017 - TREINAMENTO DE PRIMEIROS SOCORROS (C) (Prioridade: 2 - Média);1CIA IND/2CIA/1PEL(PASSOS);1193;Não;Não;Não;BOLETIM DE OCORRENCIA;Classificada;28/03/2021 07:34;Não
2021-15624111-0;(BM) 2021-015166904-001;27/03/2021 17:43;RUA PARANA, Nº 80 - JARDIM PINHEIROS - ITAU DE MINAS;-207.469.321;-467.598.339;S06002 - CAPTURA DE ANIMAL SILVESTRE PERIGOSO / AGRESSIVO (C) (Prioridade: 2 - Média);1CIA IND/2CIA/1PEL(PASSOS);ASL00064;Não;Não;Não;BOLETIM DE OCORRENCIA;Classificada;28/03/2021 07:37;Não
2021-15625091-0;(BM) 2021-015166854-001;27/03/2021 18:34;AVENIDA EXPEDICIONARIOS, Nº S/N - SAO BENEDITO - PASSOS;-207.222.222;-466.030.839;O04012 - INCENDIO EM LOTE VAGO (AREA URBANA) (C) (Prioridade: 2 - Média);1CIA IND/2CIA/1PEL(PASSOS);ABTS0495;Não;Não;Não;BOLETIM DE OCORRENCIA;Classificada;28/03/2021 07:36;Não
2021-15631628-5;;27/03/2021 23:54;RUA SALVADOR, Nº S/N - JARDIM COLEGIO DE PASSOS - PASSOS;-207.223.369;-465.923.282;V01003 - VITIMA COM CRISE CONVULSIVA (C) (Prioridade: 1 - Alta);1CIA IND/2CIA/1PEL(PASSOS);;Não;Não;Não;FALTAV-NÃO ATENDIDA FALTA VIATURA;Classificada;27/03/2021 23:56;Não
2021-15631814-0;(BM) 2021-015213470-001;28/03/2021 00:03;AVENIDA EXPEDICIONARIOS, Nº S/N - SAO BENEDITO - PASSOS;-207.222.222;-466.030.839;O04012 - INCENDIO EM LOTE VAGO (AREA URBANA) (C) (Prioridade: 2 - Média);1CIA IND/2CIA/1PEL(PASSOS);ABTS0495;Não;Não;Não;BOLETIM DE OCORRENCIA;Classificada;28/03/2021 07:36;Não
2021-15635808-9;(BM) 2021-015240971-001;28/03/2021 08:03;RUA MARIA DA FE, Nº S/N - COHAB 1 - PASSOS;-207.121.198;-466.253.314;P03002 - PERIGO DE ELETROCUSSAO (C) (Prioridade: 2 - Média);1CIA IND/2CIA/1PEL(PASSOS);ABTS0495;Não;Não;Não;BOLETIM DE OCORRENCIA;Classificada;28/03/2021 17:28;Não
2021-15635898-1;(BM) 2021-015241440-001;28/03/2021 08:12;AVENIDA JUCA STOCKLER, Nº 2606 - NOVO HORIZONTE - PASSOS;-207.279.388;-465.892.625;P02003 - VISTORIA EM LOTE VAGO (C) (Prioridade: 2 - Média);1CIA IND/2CIA/1PEL(PASSOS);ASL00064;Não;Não;Não;BOLETIM DE OCORRENCIA;Classificada;28/03/2021 17:28;Não
2021-15636013-8;(BM) 2021-015242169-001;28/03/2021 08:23;AVENIDA JUCA STOCKLER, Nº 2642 - SAO JOAQUIM - PASSOS;-207.479.147;-465.988.105;P02003 - VISTORIA EM LOTE VAGO (C) (Prioridade: 2 - Média);1CIA IND/2CIA/1PEL(PASSOS);ASL00064;Não;Não;Não;BOLETIM DE OCORRENCIA;Classificada;28/03/2021 17:28;Não
2021-15636035-0;(BM) 2021-015242444-001;28/03/2021 08:28;AVENIDA JUCA STOCKLER, Nº 2726 - SAO JOAQUIM - PASSOS;-207.481.951;-46.598.738;P02003 - VISTORIA EM LOTE VAGO (C) (Prioridade: 2 - Média);1CIA IND/2CIA/1PEL(PASSOS);ASL00064;Não;Não;Não;BOLETIM DE OCORRENCIA;Classificada;28/03/2021 17:28;Não
2021-15636111-7;(BM) 2021-015242892-001;28/03/2021 08:35;AVENIDA JUCA STOCKLER, Nº S/N - NOVO HORIZONTE - PASSOS;-207.366.397;-466.024.583;P02003 - VISTORIA EM LOTE VAGO (C) (Prioridade: 2 - Média);1CIA IND/2CIA/1PEL(PASSOS);ASL00064;Não;Não;Não;BOLETIM DE OCORRENCIA;Classificada;28/03/2021 17:28;Não
2021-15636143-3;(BM) 2021-015243239-001;28/03/2021 08:39;RUA JOAO TEIXEIRA MENDES, Nº 870 - JARDIM CANADA - PASSOS;-207.498.034;-466.066.047;P02003 - VISTORIA EM LOTE VAGO (C) (Prioridade: 2 - Média);1CIA IND/2CIA/1PEL(PASSOS);ASL00064;Não;Não;Não;BOLETIM DE OCORRENCIA;Classificada;28/03/2021 17:28;Não
2021-15636198-5;(BM) 2021-015243596-001;28/03/2021 08:47;RUA JOAO TEIXEIRA MENDES, Nº 940 - JARDIM CANADA - PASSOS;-207.502.323;-466.065.633;P02003 - VISTORIA EM LOTE VAGO (C) (Prioridade: 2 - Média);1CIA IND/2CIA/1PEL(PASSOS);ASL00064;Não;Não;Não;BOLETIM DE OCORRENCIA;Classificada;28/03/2021 17:28;Não
2021-15636244-0;(BM) 2021-015247161-001;28/03/2021 08:51;RUA PERNAMBUCO, Nº 76 - SAO BENEDITO - PASSOS;-207.182.438;-466.002.091;O02013 - INCENDIO EM EDIFICACAO INDUSTRIAL (C) (Prioridade: 1 - Alta);1CIA IND/2CIA/1PEL(PASSOS);ABTS0495;Não;Não;Não;BOLETIM DE OCORRENCIA;Classificada;28/03/2021 17:27;Não
2021-15636245-3;(BM) 2021-015247826-001;28/03/2021 08:53;RUA JOAO TEIXEIRA MENDES, Nº 1080 - JARDIM CANADA - PASSOS;-207.513.968;-466.064.141;P02003 - VISTORIA EM LOTE VAGO (C) (Prioridade: 2 - Média);1CIA IND/2CIA/1PEL(PASSOS);ASL00064;Não;Não;Não;BOLETIM DE OCORRENCIA;Classificada;28/03/2021 17:28;Não
2021-15636674-0;(BM) 2021-015247789-001;28/03/2021 09:43;RUA DOUTOR CARVALHO, Nº 1455 - NOSSA SENHORA DAS GRAÇAS - PASSOS;-207.352.269;-466.037.303;Q03005 - TREINAMENTO DE SALVAMENTO TERRESTRE (C) (Prioridade: 2 - Média);1CIA IND/2CIA/PEL PREV E VIST(PASSOS);APF01362;Não;Não;Não;BOLETIM DE OCORRENCIA;Classificada;28/03/2021 17:27;Não
2021-15642665-3;(BM) 2021-015302843-001;28/03/2021 17:26;RUA GOIAS, Nº 1858 - BELA VISTA - PASSOS;-207.161.377;-465.954.231;S06002 - CAPTURA DE ANIMAL SILVESTRE PERIGOSO / AGRESSIVO (C) (Prioridade: 2 - Média);1CIA IND/2CIA/1PEL(PASSOS);ASL00064;Não;Não;Não;BOLETIM DE OCORRENCIA;Classificada;28/03/2021 18:13;Não
2021-15644570-0;(BM) 2021-015320992-001;28/03/2021 19:09;RODOVIA MGC 146, Km 351 - PASSOS;-206.607.622;-465.393.082;O02027 - INCENDIO VEIC. AUTOMOTOR (EXCETO TANQUE/ONIBUS/MICRO-ONIBUS) (C) (Prioridade: 1 - Alta);1CIA IND/2CIA/1PEL(PASSOS);ABTS0495;Não;Não;Não;BOLETIM DE OCORRENCIA;Classificada;29/03/2021 06:08;Não
2021-15650277-0;(BM) 2021-015367431-001;29/03/2021 06:07;RUA SAO LUIZ, Nº 325 - CARMELO - PASSOS;-207.165.411;-466.055.011;R01999 - OUTROS TIPOS DE ACOES DE APOIO A COMUNIDADE   (C) (Prioridade: 2 - Média);1CIA IND/2CIA/1PEL(PASSOS);ASL00064;Não;Sim;Não;BOLETIM DE OCORRENCIA;Classificada;29/03/2021 07:10;Não
2021-15651269-7;(BM) 2021-015379016-001;29/03/2021 08:29;RUA DOUTOR CARVALHO, Nº S/N - BELO HORIZONTE - PASSOS;-207.302.189;-466.057.238;Q03001 - TREINAMENTO DE COMBATE A INCENDIO (C) (Prioridade: 2 - Média);1CIA IND/2CIA/1PEL(PASSOS);ABTS0495;Não;Não;Não;BOLETIM DE OCORRENCIA;Classificada;30/03/2021 05:22;Não
2021-15651864-0;(BM) 2021-015397400-001;29/03/2021 09:12;RODOVIA MG 050, Nº S/N - MONSENHOR MESSIAS - PASSOS;-207.387.609;-46.597.429;P03001 - PERIGO DE DERRAPAGEM (C) (Prioridade: 2 - Média);1CIA IND/2CIA/1PEL(PASSOS);ASL00064;Não;Não;Não;BOLETIM DE OCORRENCIA;Classificada;30/03/2021 05:51;Não
2021-15655998-9;(BM) 2021-015513940-001;29/03/2021 14:29;RUA DUQUE CAXIAS, Nº 46 - CANDEIAS - PASSOS;-207.242.474;-466.147.628;W08000 - CANCELADA POR INDISPONIBILIDADE DE VIATURA (C) (Prioridade: 3 - Baixa);1CIA IND/2CIA/1PEL(PASSOS);BM1206671;Não;Não;Não;BOLETIM DE OCORRENCIA;Classificada;30/03/2021 05:21;Não
2021-15656719-9;(BM) 2021-015439064-001;29/03/2021 15:04;ESTRADA JULIEIRA, Nº S/N - NOVA CALIFORNIA - PASSOS;-207.018.793;-466.242.379;O04011 - INCENDIO EM AREA URBANA NAO PROTEGIDA (C) (Prioridade: 2 - Média);1CIA IND/2CIA/1PEL(PASSOS);ABTS0495;Não;Não;Não;BOLETIM DE OCORRENCIA;Classificada;30/03/2021 05:35;Não
2021-15659383-6;(BM) 2021-015469619-001;29/03/2021 17:32;AVENIDA COMENDADOR FRANCISCO A MAIA, Nº 2705 - CENTRO - PASSOS;-207.230.068;-466.124.295;O03999 - OUTROS TIPOS DE PERIGO DE EXPLOSAO / INCENDIO   (C) (Prioridade: 2 - Média);1CIA IND/2CIA/1PEL(PASSOS);ABTS0495;Não;Não;Não;BOLETIM DE OCORRENCIA;Classificada;30/03/2021 05:36;Não
2021-15659717-0;(BM) 2021-015475133-001;29/03/2021 17:52;RODOVIA MG 050, Nº S/N - MONSENHOR MESSIAS - PASSOS;-207.387.609;-46.597.429;S06002 - CAPTURA DE ANIMAL SILVESTRE PERIGOSO / AGRESSIVO (C) (Prioridade: 2 - Média);1CIA IND/2CIA/1PEL(PASSOS);ASL00064;Não;Não;Não;BOLETIM DE OCORRENCIA;Classificada;30/03/2021 05:51;Não
2021-15660145-5;(BM) 2021-015480020-001;29/03/2021 18:16;RUA ALEXANDRE L BORSARI, Nº 335 - NOVA PASSOS - PASSOS;-207.051.722;-466.364.323;O02033 - INCENDIO EM AMONTOADO DE LIXO (C) (Prioridade: 2 - Média);1CIA IND/2CIA/1PEL(PASSOS);ABTS0495;Não;Não;Não;BOLETIM DE OCORRENCIA;Classificada;30/03/2021 05:40;Não
2021-15661428-5;(BM) 2021-015494534-001;29/03/2021 19:34;RUA VENUS, Nº S/N - PANORAMA - PASSOS;-20.708.282;-466.188.921;P02003 - VISTORIA EM LOTE VAGO (C) (Prioridade: 2 - Média);1CIA IND/2CIA/1PEL(PASSOS);ASL00064;Não;Não;Não;BOLETIM DE OCORRENCIA;Classificada;30/03/2021 05:52;Não
2021-15661663-5;(BM) 2021-015495708-001;29/03/2021 19:51;RUA VENUS, Nº S/N - PANORAMA - PASSOS;-20.708.282;-466.188.921;P02003 - VISTORIA EM LOTE VAGO (C) (Prioridade: 2 - Média);1CIA IND/2CIA/1PEL(PASSOS);ASL00064;Não;Não;Não;BOLETIM DE OCORRENCIA;Classificada;30/03/2021 05:52;Não
2021-15662030-4;(BM) 2021-015499095-001;29/03/2021 20:15;RUA VENUS, Nº S/N - PANORAMA - PASSOS;-20.708.282;-466.188.921;P02003 - VISTORIA EM LOTE VAGO (C) (Prioridade: 2 - Média);1CIA IND/2CIA/1PEL(PASSOS);ASL00064;Não;Não;Não;BOLETIM DE OCORRENCIA;Classificada;30/03/2021 05:53;Não
2021-15662373-0;(BM) 2021-015505144-001;29/03/2021 20:42;RUA VENUS, Nº S/N - PANORAMA - PASSOS;-20.708.282;-466.188.921;P02003 - VISTORIA EM LOTE VAGO (C) (Prioridade: 2 - Média);1CIA IND/2CIA/1PEL(PASSOS);ASL00064;Não;Não;Não;BOLETIM DE OCORRENCIA;Classificada;30/03/2021 05:53;Não
2021-15662654-0;(BM) 2021-015505382-001;29/03/2021 21:03;RUA VENUS, Nº S/N - PANORAMA - PASSOS;-20.708.282;-466.188.921;P02003 - VISTORIA EM LOTE VAGO (C) (Prioridade: 2 - Média);1CIA IND/2CIA/1PEL(PASSOS);ASL00064;Não;Não;Não;BOLETIM DE OCORRENCIA;Classificada;30/03/2021 05:53;Não
2021-15662676-2;(BM) 2021-015505837-001;29/03/2021 21:06;RUA DA PRAIA, Nº 144 - SANTA CASA - PASSOS;-207.158.994;-466.137.734;O02033 - INCENDIO EM AMONTOADO DE LIXO (C) (Prioridade: 2 - Média);1CIA IND/2CIA/1PEL(PASSOS);ABTS0495;Não;Não;Não;BOLETIM DE OCORRENCIA;Classificada;30/03/2021 05:41;Não
2021-15666075-4;(BM) 2021-015545672-001;30/03/2021 06:57;AVENIDA JOSE CAETANO DE ANDRADE, Nº S/N - MUARAMA - PASSOS;-207.301.976;-466.154.665;S06011 - CORTE DE ARVORE CAIDA SOBRE VEICULO (C) (Prioridade: 2 - Média);1CIA IND/2CIA/1PEL(PASSOS);ASL00064;Não;Não;Não;BOLETIM DE OCORRENCIA;Classificada;30/03/2021 08:11;Não
2021-15666558-8;(BM) 2021-015548622-001;30/03/2021 07:57;RUA TOLEDOS, Nº 211 - SAO BENEDITO - PASSOS;-207.219.813;-465.997.165;V01007 - VITIMA COM DISPNEIA (FALTA DE AR) (C) (Prioridade: 1 - Alta);1CIA IND/2CIA/1PEL(PASSOS);BM1274612;Não;Não;Não;BOLETIM DE OCORRENCIA;Classificada;04/04/2021 07:22;Não
2021-15666843-4;(BM) 2021-015551080-001;30/03/2021 08:21;RODOVIA RODOVIA MANDEMBO, Nº S/N - CARMO DO RIO CLARO;-209.683.007;-461.317.029;V01009 - VITIMA COM DOR NA COLUNA VERTEBRAL (COSTAS) (C) (Prioridade: 1 - Alta);1CIA IND/2CIA/1PEL(PASSOS);BM1274612;Não;Não;Não;BOLETIM DE OCORRENCIA;Classificada;04/04/2021 07:22;Não
2021-15667299-7;(BM) 2021-015556462-001;30/03/2021 09:03;RUA MACAPA, Nº 325 - JARDIM COLEGIO DE PASSOS - PASSOS;-207.221.378;-46.596.455;V01999 - OUTROS TIPOS DE APH CLINICO (C) (Prioridade: 1 - Alta);1CIA IND/2CIA/1PEL(PASSOS);BM1274612;Não;Não;Não;BOLETIM DE OCORRENCIA;Classificada;04/04/2021 07:22;Não
2021-15667460-0;(BM) 2021-015557545-001;30/03/2021 09:12;TRAVESSA DIAMANTINA, Nº 64 - CANDEIAS - PASSOS;-207.239.521;-466.180.196;V01004 - VITIMA COM CRISE DIABETICA / HIPOGLICEMIA (C) (Prioridade: 1 - Alta);1CIA IND/2CIA/1PEL(PASSOS);BM1274612;Não;Não;Não;BOLETIM DE OCORRENCIA;Classificada;03/04/2021 17:54;Não
2021-15667751-3;(BM) 2021-015560627-001;30/03/2021 09:37;AVENIDA EXPEDICIONARIOS, Nº 231 - CENTRO - PASSOS;-207.216.133;-466.058.293;S06001 - SALVAMENTO DE ANIMAL EM RISCO / PERIGO (C) (Prioridade: 2 - Média);1CIA IND/2CIA/1PEL(PASSOS);ASL00064;Não;Não;Não;BOLETIM DE OCORRENCIA;Classificada;04/04/2021 07:17;Não
2021-15668852-6;(BM) 2021-015574016-001;30/03/2021 10:58;RUA SANTA CASA, Nº 164 - SANTA CASA - PASSOS;-207.129.746;-466.123.199;S06001 - SALVAMENTO DE ANIMAL EM RISCO / PERIGO (C) (Prioridade: 2 - Média);1CIA IND/2CIA/1PEL(PASSOS);ASL00064;Não;Não;Não;BOLETIM DE OCORRENCIA;Classificada;04/04/2021 07:17;Não
2021-15669074-8;(BM) 2021-015576162-001;30/03/2021 11:19;RUA DEPUTADO LOURENCO DE ANDRADE / AVENIDA COMENDADOR FRANCISCO A MAIA - PASSOS;-207.135.131;-46.610.565;V02408 - VITIMA DE COLISAO ENTRE AUTOMOVEL X MOTOCICLETA (C) (Prioridade: 1 - Alta);1CIA IND/2CIA/1PEL(PASSOS);BM1274612;Não;Não;Não;BOLETIM DE OCORRENCIA;Classificada;04/04/2021 07:22;Não
2021-15669870-3;(BM) 2021-015592886-001;30/03/2021 12:37;ESTRADA JULIEIRA, Nº S/N - NOVA CALIFORNIA - PASSOS;-207.018.793;-466.242.379;O04013 - INCENDIO EM PASTO (C) (Prioridade: 2 - Média);1CIA IND/2CIA/1PEL(PASSOS);ABTS0495;Não;Não;Não;BOLETIM DE OCORRENCIA;Classificada;04/04/2021 07:17;Não
2021-15670502-7;(BM) 2021-015591158-001;30/03/2021 13:35;RUA PECUARIA, Nº 111 - SAO FRANCISCO - PASSOS;-207.254.795;-466.182.624;V01999 - OUTROS TIPOS DE APH CLINICO (C) (Prioridade: 1 - Alta);1CIA IND/2CIA/1PEL(PASSOS);BM1274612;Não;Não;Não;BOLETIM DE OCORRENCIA;Classificada;03/04/2021 17:53;Não
2021-15673408-5;(BM) 2021-015626999-001;30/03/2021 16:20;RUA ARIZONA, Nº 100 - RESIDENCIAL ELDORADO - PASSOS;-207.325.473;-466.192.873;P02003 - VISTORIA EM LOTE VAGO (C) (Prioridade: 2 - Média);1CIA IND/2CIA/1PEL(PASSOS);ASL00064;Não;Não;Não;BOLETIM DE OCORRENCIA;Classificada;04/04/2021 07:18;Não
2021-15673756-1;(BM) 2021-015628615-001;30/03/2021 16:39;RUA ARIZONA, Nº 148 - RESIDENCIAL ELDORADO - PASSOS;-207.323.103;-466.196.813;P02003 - VISTORIA EM LOTE VAGO (C) (Prioridade: 2 - Média);1CIA IND/2CIA/1PEL(PASSOS);ASL00064;Não;Não;Não;BOLETIM DE OCORRENCIA;Classificada;04/04/2021 07:18;Não
2021-15673896-0;(BM) 2021-015630395-001;30/03/2021 16:47;RUA NEBRASKA, Nº 82 - PASSOS;-207.354.568;-466.061.872;P02003 - VISTORIA EM LOTE VAGO (C) (Prioridade: 2 - Média);1CIA IND/2CIA/1PEL(PASSOS);ASL00064;Não;Não;Não;BOLETIM DE OCORRENCIA;Classificada;04/04/2021 07:18;Não
2021-15674041-8;(BM) 2021-015632366-001;30/03/2021 16:54;RUA COLORADO, Nº 521 - RESIDENCIAL ELDORADO - PASSOS;-207.321.077;-466.233.606;P02003 - VISTORIA EM LOTE VAGO (C) (Prioridade: 2 - Média);1CIA IND/2CIA/1PEL(PASSOS);ASL00064;Não;Não;Não;BOLETIM DE OCORRENCIA;Classificada;04/04/2021 07:18;Não
2021-15674137-5;(BM) 2021-015633085-001;30/03/2021 17:01;RUA MISSISSIPI, Nº S/N - RESIDENCIAL ELDORADO - PASSOS;-207.318.351;-466.241.112;P02003 - VISTORIA EM LOTE VAGO (C) (Prioridade: 2 - Média);1CIA IND/2CIA/1PEL(PASSOS);ASL00064;Não;Não;Não;BOLETIM DE OCORRENCIA;Classificada;04/04/2021 07:19;Não
2021-15674317-7;(BM) 2021-015635225-001;30/03/2021 17:10;RUA SAO FRANCISCO DE ASSIS, Nº S/N - JARDIM CIDADE - PASSOS;-20.733.813;-466.274.302;P02003 - VISTORIA EM LOTE VAGO (C) (Prioridade: 2 - Média);1CIA IND/2CIA/1PEL(PASSOS);ASL00064;Não;Não;Não;BOLETIM DE OCORRENCIA;Classificada;04/04/2021 07:19;Não
2021-15674455-0;(BM) 2021-015636310-001;30/03/2021 17:16;RUA JOAO MELO FREIRE, Nº S/N - JARDIM CIDADE - PASSOS;-207.319.376;-466.283.876;P02003 - VISTORIA EM LOTE VAGO (C) (Prioridade: 2 - Média);1CIA IND/2CIA/1PEL(PASSOS);ASL00064;Não;Não;Não;BOLETIM DE OCORRENCIA;Classificada;04/04/2021 07:19;Não
2021-15676822-0;(BM) 2021-015663630-001;30/03/2021 19:38;RUA BUENOS AIRES, Nº S/N - COHAB 3 - PASSOS;-207.024.574;-466.241.103;S06002 - CAPTURA DE ANIMAL SILVESTRE PERIGOSO / AGRESSIVO (C) (Prioridade: 2 - Média);1CIA IND/2CIA/1PEL(PASSOS);ASL00064;Não;Não;Não;BOLETIM DE OCORRENCIA;Classificada;04/04/2021 07:19;Não
2021-15678214-6;(BM) 2021-015691245-001;30/03/2021 21:24;RUA MANOEL PIMENTA DA SILVEIRA, Nº 51 - COHAB 3 - PASSOS;-207.056.217;-466.250.818;O02001 - INCENDIO EM RESIDENCIA/HABITACAO UNIFAMILIAR (CASA) (C) (Prioridade: 1 - Alta);1CIA IND/2CIA/1PEL(PASSOS);ABTS0495;Não;Não;Não;BOLETIM DE OCORRENCIA;Classificada;03/04/2021 17:53;Não
2021-15681872-8;(BM) 2021-015717574-001;31/03/2021 07:41;RUA DOUTOR CARVALHO, Nº 1455 - NOSSA SENHORA DAS GRAÇAS - PASSOS;-207.352.269;-466.037.303;Q03005 - TREINAMENTO DE SALVAMENTO TERRESTRE (C) (Prioridade: 2 - Média);1CIA IND/2CIA/1PEL(PASSOS);BM1726520;Não;Não;Não;BOLETIM DE OCORRENCIA;Classificada;04/04/2021 07:20;Não
2021-15682760-0;(BM) 2021-015725843-001;31/03/2021 08:58;RODOVIA MG 050, Km 332 - PASSOS;-207.224.754;-463.952.797;P03999 - OUTROS TIPOS DE PCI / PCA   (C) (Prioridade: 2 - Média);1CIA IND/2CIA/1PEL(PASSOS);ABTS0495;Não;Não;Não;BOLETIM DE OCORRENCIA;Classificada;01/04/2021 05:20;Não
2021-15685536-2;(BM) 2021-015894962-001;31/03/2021 12:38;RUA PONTALINA, Nº 468 - JARDIM PLANALTO - PASSOS;-207.209.757;-466.243.473;S06001 - SALVAMENTO DE ANIMAL EM RISCO / PERIGO (C) (Prioridade: 2 - Média);1CIA IND/2CIA/1PEL(PASSOS);ASL00064;Não;Não;Não;BOLETIM DE OCORRENCIA;Classificada;01/04/2021 07:32;Não
2021-15690698-3;(BM) 2021-015821475-001;31/03/2021 18:01;AVENIDA CHAFARIZ, Nº 792 - CASARAO - PASSOS;-207.201.162;-465.883.854;S06008 - CORTE DE ARVORE CAIDA EM VIA PUBLICA (C) (Prioridade: 2 - Média);1CIA IND/2CIA/1PEL(PASSOS);ABTS0495;Não;Não;Não;BOLETIM DE OCORRENCIA;Classificada;01/04/2021 05:27;Não
2021-15691880-2;;31/03/2021 19:09;AVENIDA BRASIL, Nº S/N - JARDIM SATELITE - PASSOS;-207.157.766;-46.617.966;V02502 - VITIMA DE QUEDA (MOTOCICLISTA) (C) (Prioridade: 1 - Alta);1CIA IND/2CIA/1PEL(PASSOS);;Não;Não;Não;ATENPO-ATENDIDA POR OUTROS ÓRGÃOS;Classificada;31/03/2021 19:14;Não
2021-15692571-3;(BM) 2021-015839934-001;31/03/2021 19:49;AVENIDA PROFESSORA MARIA VALERIA LEMOS BORSARI, Nº 1274 - NOVA PASSOS - PASSOS;-207.058.231;-466.338.017;P02003 - VISTORIA EM LOTE VAGO (C) (Prioridade: 2 - Média);1CIA IND/2CIA/1PEL(PASSOS);ABTS0495;Não;Não;Não;BOLETIM DE OCORRENCIA;Classificada;01/04/2021 05:23;Não
2021-15692741-1;(BM) 2021-015841617-001;31/03/2021 20:00;RUA ITAMOGI, Nº 426 - NOSSA SENHORA DE FATIMA - PASSOS;-206.970.801;-466.124.934;O02038 - INCENDIO EM REDE ELETRICA / POSTE / CURTO-CIRCUITO (C) (Prioridade: 2 - Média);1CIA IND/2CIA/1PEL(PASSOS);ABTS0495;Não;Não;Não;BOLETIM DE OCORRENCIA;Classificada;01/04/2021 05:23;Não
2021-15692771-2;(BM) 2021-015841554-001;31/03/2021 20:01;AVENIDA PROFESSORA MARIA VALERIA LEMOS BORSARI, Nº 1295 - NOVA PASSOS - PASSOS;-207.061.468;-466.338.849;P02003 - VISTORIA EM LOTE VAGO (C) (Prioridade: 2 - Média);1CIA IND/2CIA/1PEL(PASSOS);ASL00064;Não;Não;Não;BOLETIM DE OCORRENCIA;Classificada;01/04/2021 05:22;Não
2021-15693234-9;(BM) 2021-015846269-001;31/03/2021 20:29;AVENIDA PROFESSORA MARIA VALERIA LEMOS BORSARI, Nº S/N - NOVA PASSOS II - PASSOS;-206.991.285;-466.304.102;P02003 - VISTORIA EM LOTE VAGO (C) (Prioridade: 2 - Média);1CIA IND/2CIA/1PEL(PASSOS);ABTS0495;Não;Não;Não;BOLETIM DE OCORRENCIA;Classificada;01/04/2021 05:22;Não
2021-15693355-3;(BM) 2021-015847787-001;31/03/2021 20:40;AVENIDA PROFESSORA MARIA VALERIA LEMOS BORSARI, Nº S/N - NOVA PASSOS II - PASSOS;-206.991.285;-466.304.102;P02003 - VISTORIA EM LOTE VAGO (C) (Prioridade: 2 - Média);1CIA IND/2CIA/1PEL(PASSOS);ABTS0495;Não;Não;Não;BOLETIM DE OCORRENCIA;Classificada;01/04/2021 05:22;Não
2021-15693492-4;(BM) 2021-015848543-001;31/03/2021 20:46;AVENIDA PROFESSORA MARIA VALERIA LEMOS BORSARI, Nº S/N - NOVA PASSOS II - PASSOS;-206.991.285;-466.304.102;P02003 - VISTORIA EM LOTE VAGO (C) (Prioridade: 2 - Média);1CIA IND/2CIA/1PEL(PASSOS);ABTS0495;Não;Não;Não;BOLETIM DE OCORRENCIA;Classificada;01/04/2021 05:22;Não
2021-15693561-5;(BM) 2021-015849300-001;31/03/2021 20:51;AVENIDA PROFESSORA MARIA VALERIA LEMOS BORSARI, Nº S/N - NOVA PASSOS II - PASSOS;-206.991.285;-466.304.102;P02003 - VISTORIA EM LOTE VAGO (C) (Prioridade: 2 - Média);1CIA IND/2CIA/1PEL(PASSOS);ABTS0495;Não;Não;Não;BOLETIM DE OCORRENCIA;Classificada;01/04/2021 05:22;Não
2021-15693636-2;(BM) 2021-015849914-001;31/03/2021 20:56;AVENIDA PROFESSORA MARIA VALERIA LEMOS BORSARI, Nº S/N - NOVA PASSOS II - PASSOS;-206.991.285;-466.304.102;P02003 - VISTORIA EM LOTE VAGO (C) (Prioridade: 2 - Média);1CIA IND/2CIA/1PEL(PASSOS);ABTS0495;Não;Não;Não;BOLETIM DE OCORRENCIA;Classificada;01/04/2021 05:22;Não
