Nº chamada;Nº REDS;Data/hora de criação;Local do fato;Latitude  do local;Longitude do local;Natureza;Unidade Responsável;Recursos empenhados;Alerta;Destaque;Envolve autoridade;Tipo de classificação;Situação;Data/hora da situação atual;Evento associado
2021-18203513-0;;01/09/2021 06:55;RUA VEREADOR DOMINGOS ANTONIO RIBEIRO, Nº 207 - COHAB 4 - PASSOS;-207.200.493;-46.633.979;S06001 - SALVAMENTO DE ANIMAL EM RISCO / PERIGO (C) (Prioridade: 2 - Média);1CIA IND/2CIA/1PEL(PASSOS);ASL00064;Não;Não;Não;ATENPO-ATENDIDA POR OUTROS ÓRGÃOS;Classificada;02/09/2021 05:27;Não
2021-18204055-3;(BM) 2021-044233923-001;01/09/2021 08:01;LUGAREJO CORREGO DO FEIJAO, Nº S/N - BRUMADINHO;-201.361.111;-441.136.111;X03000 - EMPENHO ADMINISTRATIVO (C) (Prioridade: 2 - Média);1CIA IND (POCOS DE CALDAS);BM1271675;Não;Não;Não;ATENPO-ATENDIDA POR OUTROS ÓRGÃOS;Classificada;03/09/2021 00:39;Não
2021-18204538-7;(BM) 2021-042176131-001;01/09/2021 08:41;AVENIDA DONA LIQUINHA SILVEIRA, Nº 909 - COHAB 3 - PASSOS;-207.079.502;-466.232.898;V03019 - VITIMA DE QUEDA DE ALTURA (C) (Prioridade: 1 - Alta);1CIA IND/2CIA/1PEL(PASSOS);UR0565;Não;Não;Não;BOLETIM DE OCORRENCIA;Classificada;02/09/2021 05:28;Não
2021-18205212-5;(BM) 2021-042182771-001;01/09/2021 09:30;AVENIDA AMAZONAS, Nº 364 - BELA VISTA - PASSOS;-207.155.444;-465.991.013;P01001 - VISTORIA DE FISCALIZACAO (C) (Prioridade: 2 - Média);1CIA IND/2CIA/PEL PREV E VIST(PASSOS);TPO01115;Não;Não;Não;BOLETIM DE OCORRENCIA;Classificada;02/09/2021 05:25;Não
2021-18205414-0;(BM) 2021-042185342-001;01/09/2021 09:46;RUA MARANHAO, Nº 172 - BELA VISTA - PASSOS;-207.156.868;-466.017.659;P01001 - VISTORIA DE FISCALIZACAO (C) (Prioridade: 2 - Média);1CIA IND/2CIA/PEL PREV E VIST(PASSOS);TPO01115;Não;Não;Não;BOLETIM DE OCORRENCIA;Classificada;02/09/2021 05:25;Não
2021-18205627-0;(BM) 2021-042188060-001;01/09/2021 10:02;RUA PECUARIA, Nº 577 - SAO FRANCISCO - PASSOS;-207.302.189;-466.183.444;P01001 - VISTORIA DE FISCALIZACAO (C) (Prioridade: 2 - Média);1CIA IND/2CIA/PEL PREV E VIST(PASSOS);TPO01115;Não;Não;Não;BOLETIM DE OCORRENCIA;Classificada;02/09/2021 05:25;Não
2021-18205884-3;(BM) 2021-042190947-001;01/09/2021 10:18;RUA DA GRACA, Nº 804 - SAO FRANCISCO - PASSOS;-207.277.316;-466.195.441;P01001 - VISTORIA DE FISCALIZACAO (C) (Prioridade: 2 - Média);1CIA IND/2CIA/PEL PREV E VIST(PASSOS);TPO01115;Não;Não;Não;BOLETIM DE OCORRENCIA;Classificada;02/09/2021 05:25;Não
2021-18206275-0;(BM) 2021-042206309-001;01/09/2021 10:45;RUA DOUTOR CARVALHO, Nº 1455 - NOSSA SENHORA DAS GRAÇAS - PASSOS;-207.352.269;-466.037.303;Q03017 - TREINAMENTO DE PRIMEIROS SOCORROS (C) (Prioridade: 2 - Média);1CIA IND/2CIA/1PEL(PASSOS);BM1206671;Não;Não;Não;BOLETIM DE OCORRENCIA;Classificada;02/09/2021 05:27;Não
2021-18207370-7;(BM) 2021-042221125-001;01/09/2021 12:04;RUA MANAUS, Nº 32 - JOAO LIMIRIO - SAO JOAO BATISTA GLORIA;-206.325.645;-465.120.426;P02011 - VISTORIA EM ENXAME DE INSETOS (C) (Prioridade: 2 - Média);1CIA IND/2CIA/1PEL(PASSOS);ASL00064;Não;Não;Não;BOLETIM DE OCORRENCIA;Classificada;02/09/2021 05:27;Não
2021-18207546-1;(BM) 2021-042222903-001;01/09/2021 12:25;RUA JOAO XXIII, Nº 563 - EXPOSICAO - PASSOS;-207.327.714;-466.097.742;V01018 - VITIMA DE MAL NAO DEFINIDO (DISTURBIO) (C) (Prioridade: 1 - Alta);1CIA IND/2CIA/1PEL(PASSOS);UR0565;Não;Não;Não;BOLETIM DE OCORRENCIA;Classificada;02/09/2021 05:28;Não
2021-18207852-8;(BM) 2021-042222985-001;01/09/2021 12:52;AVENIDA ARLINDO FIGUEIREDO, Nº 931 - JARDIM PINHEIROS - PASSOS;-207.258.079;-466.221.191;V01018 - VITIMA DE MAL NAO DEFINIDO (DISTURBIO) (C) (Prioridade: 1 - Alta);1CIA IND/2CIA/1PEL(PASSOS);UR0565;Não;Não;Não;BOLETIM DE OCORRENCIA;Classificada;02/09/2021 05:28;Não
2021-18208761-0;(BM) 2021-042225387-001;01/09/2021 13:57;RUA DRACENAS, Nº S/N - MIRANTEDO VALE - PASSOS;;;V02502 - VITIMA DE QUEDA (MOTOCICLISTA) (C) (Prioridade: 1 - Alta);1CIA IND/2CIA/1PEL(PASSOS);UR0565;Não;Não;Não;BOLETIM DE OCORRENCIA;Classificada;02/09/2021 05:28;Não
2021-18209039-4;(BM) 2021-042230743-001;01/09/2021 14:16;RUA DOUTOR CARVALHO, Nº 1455 - NOSSA SENHORA DAS GRAÇAS - PASSOS;-207.352.269;-466.037.303;X03000 - EMPENHO ADMINISTRATIVO (C) (Prioridade: 2 - Média);1CIA IND/2CIA/1PEL(PASSOS);BM1206671;Não;Não;Não;BOLETIM DE OCORRENCIA;Classificada;02/09/2021 05:27;Não
2021-18210293-6;(BM) 2021-042254257-001;01/09/2021 15:12;RUA AIMORES, Nº 1759 - VILA ROMANA - PASSOS;-207.421.526;-466.096.378;O02001 - INCENDIO EM RESIDENCIA/HABITACAO UNIFAMILIAR (CASA) (C) (Prioridade: 1 - Alta);1CIA IND/2CIA/1PEL(PASSOS);ABTS0495 / ASL00064;Não;Não;Não;BOLETIM DE OCORRENCIA;Classificada;02/09/2021 05:28;Não
2021-18211151-7;(BM) 2021-042302680-001;01/09/2021 15:56;RODOVIA MG 050, Km 343 - PASSOS;-207.242.262;-46.493.604;O04008 - INCENDIO EM AREA RURAL NAO PROTEGIDA (C) (Prioridade: 2 - Média);1CIA IND/2CIA/1PEL(PASSOS);ASL00064;Não;Não;Não;BOLETIM DE OCORRENCIA;Classificada;02/09/2021 05:27;Não
2021-18212729-0;(BM) 2021-042275240-001;01/09/2021 17:25;RUA FLORIANOPOLIS, Nº 288 - JARDIM COLEGIO DE PASSOS - PASSOS;-207.198.847;-465.943.927;V01023 - VITIMA DE SINCOPE (DESMAIO)/VERTIGEM (C) (Prioridade: 1 - Alta);1CIA IND/2CIA/1PEL(PASSOS);UR0565;Não;Não;Não;BOLETIM DE OCORRENCIA;Classificada;02/09/2021 05:28;Não
2021-18213807-8;(BM) 2021-042286854-001;01/09/2021 18:21;RUA RIO GRANDE, Nº 193 - VILA RICA - PASSOS;-20.725.397;-465.976.174;V01018 - VITIMA DE MAL NAO DEFINIDO (DISTURBIO) (C) (Prioridade: 1 - Alta);1CIA IND/2CIA/1PEL(PASSOS);UR0565;Não;Não;Não;BOLETIM DE OCORRENCIA;Classificada;02/09/2021 05:28;Não
2021-18215421-1;(BM) 2021-042306571-001;01/09/2021 19:58;RUA BARAO DE PASSOS, Nº S/N - CENTRO - PASSOS;-207.194.995;-466.074.223;V01003 - VITIMA COM CRISE CONVULSIVA (C) (Prioridade: 1 - Alta);1CIA IND/2CIA/1PEL(PASSOS);UR0565;Não;Não;Não;BOLETIM DE OCORRENCIA;Classificada;02/09/2021 05:29;Não
2021-18216187-1;(BM) 2021-042311743-001;01/09/2021 20:48;RODOVIA MG 050, Nº S/N - MONSENHOR MESSIAS - PASSOS;-207.391.965;-465.994.767;O04014 - INCENDIO AS MARGENS DE RODOVIA (C) (Prioridade: 2 - Média);1CIA IND/2CIA/1PEL(PASSOS);ABTS0495;Não;Não;Não;BOLETIM DE OCORRENCIA;Classificada;02/09/2021 05:28;Não
2021-18219725-8;(BM) 2021-042461615-001;02/09/2021 04:12;AVENIDA QUEROBINO MOURAO FILHO, Nº 889 - BELA VISTA - PIUMHI;-204.622.914;-459.456.346;X03000 - EMPENHO ADMINISTRATIVO (C) (Prioridade: 3 - Baixa);1CIA IND (POCOS DE CALDAS);BM1219252;Não;Não;Não;BOLETIM DE OCORRENCIA;Classificada;03/09/2021 06:46;Não
2021-18220969-0;(BM) 2021-042362717-001;02/09/2021 08:28;RUA BAHIA, Nº 164 - NOSSA SENHORA DAS DORES - GUAXUPE;-213.130.228;-466.941.351;X03000 - EMPENHO ADMINISTRATIVO (C) (Prioridade: 2 - Média);1CIA IND/2CIA/PEL PREV E VIST(PASSOS);APF01362;Não;Não;Não;BOLETIM DE OCORRENCIA;Classificada;03/09/2021 06:46;Não
2021-18221187-0;(BM) 2021-042365028-001;02/09/2021 08:47;RUA RIO NEGRO, Nº 434 - SANTA LUZIA - PASSOS;-207.089.325;-466.001.024;P01001 - VISTORIA DE FISCALIZACAO (C) (Prioridade: 2 - Média);1CIA IND/2CIA/PEL PREV E VIST(PASSOS);TPO01115;Não;Não;Não;BOLETIM DE OCORRENCIA;Classificada;03/09/2021 06:46;Não
2021-18221563-0;(BM) 2021-042368978-001;02/09/2021 09:14;AVENIDA COMENDADOR FRANCISCO A MAIA, Nº 3666 - MARIO MAGALHAES - PASSOS;-207.298.577;-466.091.395;S06001 - SALVAMENTO DE ANIMAL EM RISCO / PERIGO (C) (Prioridade: 2 - Média);1CIA IND/2CIA/1PEL(PASSOS);ASL00064;Não;Não;Não;BOLETIM DE OCORRENCIA;Classificada;03/09/2021 06:46;Não
2021-18221566-9;(BM) 2021-042369370-001;02/09/2021 09:16;RUA GOIAS, Nº 308 - POLIVALENTE - PASSOS;-207.060.524;-466.064.107;P01001 - VISTORIA DE FISCALIZACAO (C) (Prioridade: 2 - Média);1CIA IND/2CIA/PEL PREV E VIST(PASSOS);TPO01115;Não;Não;Não;BOLETIM DE OCORRENCIA;Classificada;03/09/2021 06:46;Não
2021-18221805-8;(BM) 2021-042372255-001;02/09/2021 09:34;RUA CHILE, Nº 368 - POLIVALENTE - PASSOS;-207.041.113;-466.054.345;P01001 - VISTORIA DE FISCALIZACAO (C) (Prioridade: 2 - Média);1CIA IND/2CIA/PEL PREV E VIST(PASSOS);TPO01115;Não;Não;Não;BOLETIM DE OCORRENCIA;Classificada;03/09/2021 06:46;Não
2021-18222068-7;(BM) 2021-042376686-001;02/09/2021 09:59;RUA BOLIVIA, Nº 374 - POLIVALENTE - PASSOS;-207.051.927;-4.660.402;P01001 - VISTORIA DE FISCALIZACAO (C) (Prioridade: 2 - Média);1CIA IND/2CIA/PEL PREV E VIST(PASSOS);TPO01115;Não;Não;Não;BOLETIM DE OCORRENCIA;Classificada;03/09/2021 06:46;Não
2021-18223283-5;(BM) 2021-042515337-001;02/09/2021 11:37;RUA FORTALEZA, Nº 26 - CENTRO - SAO JOAO BATISTA GLORIA;-206.342.698;-465.052.424;W09000 - CANCELADA POR ORDEM DO ORGAO DE COORDENACAO E CONTROLE (C) (Prioridade: 3 - Baixa);1CIA IND/2CIA/1PEL(PASSOS);ABTS0495;Não;Não;Não;BOLETIM DE OCORRENCIA;Classificada;03/09/2021 06:46;Não
2021-18226160-1;(BM) 2021-042425336-001;02/09/2021 15:05;RUA PITANGUI, Nº 61 - COHAB 2 - PASSOS;-207.117.824;-466.266.954;P01001 - VISTORIA DE FISCALIZACAO (C) (Prioridade: 2 - Média);1CIA IND/2CIA/PEL PREV E VIST(PASSOS);TPO01115;Não;Não;Não;BOLETIM DE OCORRENCIA;Classificada;03/09/2021 06:46;Não
2021-18227109-0;(BM) 2021-042437027-001;02/09/2021 15:55;RUA MANOEL CARDOSO LEMOS, Nº 41 - COHAB 3 - PASSOS;-207.047.776;-466.239.578;P01001 - VISTORIA DE FISCALIZACAO (C) (Prioridade: 2 - Média);1CIA IND/2CIA/PEL PREV E VIST(PASSOS);TPO01115;Não;Não;Não;BOLETIM DE OCORRENCIA;Classificada;03/09/2021 06:46;Não
2021-18227215-7;(BM) 2021-042439173-001;02/09/2021 16:00;AVENIDA DONA LIQUINHA SILVEIRA, Nº 1889 - NOSSA SENHORA DE LOURDES - PASSOS;-207.008.256;-466.181.323;P01001 - VISTORIA DE FISCALIZACAO (C) (Prioridade: 2 - Média);1CIA IND/2CIA/PEL PREV E VIST(PASSOS);TPO01115;Não;Não;Não;BOLETIM DE OCORRENCIA;Classificada;03/09/2021 06:46;Não
2021-18227381-6;(BM) 2021-042439580-001;02/09/2021 16:08;AVENIDA DONA LIQUINHA SILVEIRA, Nº 312 - PASSOS;-207.260.908;-466.258.174;P01001 - VISTORIA DE FISCALIZACAO (C) (Prioridade: 2 - Média);1CIA IND/2CIA/PEL PREV E VIST(PASSOS);TPO01115;Não;Não;Não;BOLETIM DE OCORRENCIA;Classificada;03/09/2021 06:47;Não
2021-18228124-9;(BM) 2021-042448397-001;02/09/2021 16:46;RUA IMPRENSA, Nº S/N - NOVO HORIZONTE - PASSOS;-207.291.357;-466.020.228;S06001 - SALVAMENTO DE ANIMAL EM RISCO / PERIGO (C) (Prioridade: 2 - Média);1CIA IND/2CIA/1PEL(PASSOS);ASL00064;Não;Não;Não;BOLETIM DE OCORRENCIA;Classificada;03/09/2021 06:47;Não
2021-18228153-7;(BM) 2021-042451033-001;02/09/2021 16:48;RUA CAMPOS GERAIS, Nº 955 - NOSSA SENHORA DE FATIMA - PASSOS;-206.980.921;-466.146.682;V01013 - VITIMA DE EMERGENCIAS PSIQUIATRICAS (C) (Prioridade: 1 - Alta);1CIA IND/2CIA/1PEL(PASSOS);UR0565;Não;Não;Não;BOLETIM DE OCORRENCIA;Classificada;03/09/2021 06:47;Não
2021-18228995-3;(BM) 2021-042459356-001;02/09/2021 17:37;RUA IMPRENSA, Nº S/N - NOVO HORIZONTE - PASSOS;-207.291.357;-466.020.228;V03010 - VITIMA DE ATAQUE DE INSETOS (C) (Prioridade: 1 - Alta);1CIA IND/2CIA/1PEL(PASSOS);UR0565;Não;Não;Não;BOLETIM DE OCORRENCIA;Classificada;03/09/2021 06:47;Não
2021-18229032-8;;02/09/2021 17:39;AVENIDA ALCOA, Nº S/N - CONJUNTO HABITACIONAL PEDRO AFONSO JUNQUEIRA - POCOS DE CALDAS;-218.483.592;-465.694.395;O04008 - INCENDIO EM AREA RURAL NAO PROTEGIDA (C) (Prioridade: 2 - Média);1CIA IND (POCOS DE CALDAS);;Não;Não;Não;ATENPO-ATENDIDA POR OUTROS ÓRGÃOS;Classificada;03/09/2021 00:36;Não
2021-18229436-7;(BM) 2021-042464440-001;02/09/2021 18:04;RUA IMPRENSA, Nº S/N - NOVO HORIZONTE - PASSOS;-207.291.357;-466.020.228;X03000 - EMPENHO ADMINISTRATIVO (C) (Prioridade: 2 - Média);1CIA IND/2CIA/PEL PREV E VIST(PASSOS);TPO01115;Não;Não;Não;BOLETIM DE OCORRENCIA;Classificada;03/09/2021 06:47;Não
2021-18230787-9;(BM) 2021-042478114-001;02/09/2021 19:22;RUA UBERLANDIA, Nº 1077 - CENTENARIO - PASSOS;-207.319.138;-466.134.435;S04009 - SALVAMENTO DE PESSOA PRESA EM IMOVEL (C) (Prioridade: 2 - Média);1CIA IND/2CIA/1PEL(PASSOS);UR0565;Não;Não;Não;BOLETIM DE OCORRENCIA;Classificada;03/09/2021 06:47;Não
2021-18230847-9;(BM) 2021-042482993-001;02/09/2021 19:26;RUA JOEL DA SILVA MENDES, Nº 84 - JARDIM CIDADE - PASSOS;-207.285.671;-466.237.837;S06002 - CAPTURA DE ANIMAL SILVESTRE PERIGOSO / AGRESSIVO (C) (Prioridade: 2 - Média);1CIA IND/2CIA/1PEL(PASSOS);ASL00064;Não;Não;Não;BOLETIM DE OCORRENCIA;Classificada;03/09/2021 06:47;Não
2021-18231694-5;(BM) 2021-042541391-001;02/09/2021 20:22;RUA SEXTA CHAPADA, Nº 328 - BELO HORIZONTE - PASSOS;-207.271.769;-466.018.924;V03018 - VITIMA DE QUEDA DA PROPRIA ALTURA (C) (Prioridade: 1 - Alta);1CIA IND/2CIA/1PEL(PASSOS);UR0565;Não;Não;Não;ATENPO-ATENDIDA POR OUTROS ÓRGÃOS;Classificada;03/09/2021 06:47;Não
2021-18232970-6;(BM) 2021-042501922-001;02/09/2021 21:54;RUA OLINDA, Nº 253 - COHAB 2 - PASSOS;-207.093.788;-466.303.223;W04000 - NADA CONSTATADO (C) (Prioridade: 3 - Baixa);1CIA IND/2CIA/1PEL(PASSOS);UR0565;Não;Não;Não;BOLETIM DE OCORRENCIA;Classificada;03/09/2021 06:46;Não
2021-18237096-6;(BM) 2021-042542370-001;03/09/2021 07:54;RUA TUPINIQUINS, Nº 257 - NOSSA SENHORA APARECIDA - PASSOS;-20.743.035;-466.074.873;V01018 - VITIMA DE MAL NAO DEFINIDO (DISTURBIO) (C) (Prioridade: 1 - Alta);1CIA IND/2CIA/1PEL(PASSOS);UR0565;Não;Não;Não;BOLETIM DE OCORRENCIA;Classificada;04/09/2021 07:31;Não
2021-18237271-4;(BM) 2021-042544040-001;03/09/2021 08:09;RUA DOUTOR CARVALHO, Nº 1455 - NOSSA SENHORA DAS GRAÇAS - PASSOS;-207.352.269;-466.037.303;Q03017 - TREINAMENTO DE PRIMEIROS SOCORROS (C) (Prioridade: 2 - Média);1CIA IND/2CIA/1PEL(PASSOS);1193;Não;Não;Não;BOLETIM DE OCORRENCIA;Classificada;04/09/2021 07:29;Não
2021-18237860-5;(BM) 2021-042550245-001;03/09/2021 08:57;RUA RIO PIRACICABA, Nº 125 - SANTA LUZIA - PASSOS;-207.105.673;-466.030.875;S06002 - CAPTURA DE ANIMAL SILVESTRE PERIGOSO / AGRESSIVO (C) (Prioridade: 2 - Média);1CIA IND/2CIA/1PEL(PASSOS);ASL00064;Não;Não;Não;BOLETIM DE OCORRENCIA;Classificada;04/09/2021 07:29;Não
2021-18238365-1;(BM) 2021-042559716-001;03/09/2021 09:38;RUA JOAO PIMENTA, Nº 90 - BELA VISTA - PASSOS;-207.218.746;-46.600.888;V02102 - VITIMA DE ATROPELAMENTO POR MOTOCICLETA (C) (Prioridade: 1 - Alta);1CIA IND/2CIA/1PEL(PASSOS);UR0565;Não;Não;Não;BOLETIM DE OCORRENCIA;Classificada;04/09/2021 07:31;Não
2021-18238526-9;(BM) 2021-042559666-001;03/09/2021 09:53;RUA IRENE HORVAT PORTO, Nº 112 - CONDOMÍNIO VALE VERDE - PASSOS;-207.240.179;-465.879.173;P01001 - VISTORIA DE FISCALIZACAO (C) (Prioridade: 2 - Média);1CIA IND/2CIA/PEL PREV E VIST(PASSOS);APF01362;Não;Não;Não;BOLETIM DE OCORRENCIA;Classificada;04/09/2021 07:29;Não
2021-18238835-3;(BM) 2021-042562419-001;03/09/2021 10:15;RUA BOLIVIA, Nº 121 - POLIVALENTE - PASSOS;-207.068.251;-466.059.593;P01001 - VISTORIA DE FISCALIZACAO (C) (Prioridade: 2 - Média);1CIA IND/2CIA/PEL PREV E VIST(PASSOS);APF01362;Não;Não;Não;BOLETIM DE OCORRENCIA;Classificada;04/09/2021 07:29;Não
2021-18239081-0;(BM) 2021-042566103-001;03/09/2021 10:35;RUA GUAPORE, Nº 685 - SANTA LUZIA - PASSOS;-207.083.598;-465.970.709;P01001 - VISTORIA DE FISCALIZACAO (C) (Prioridade: 2 - Média);1CIA IND/2CIA/PEL PREV E VIST(PASSOS);APF01362;Não;Não;Não;BOLETIM DE OCORRENCIA;Classificada;04/09/2021 07:29;Não
2021-18239383-9;(BM) 2021-042569360-001;03/09/2021 10:57;RUA NEBRASKA, Nº 336 - RESIDENCIAL ELDORADO - PASSOS;-20.731.262;-466.224.845;P01001 - VISTORIA DE FISCALIZACAO (C) (Prioridade: 2 - Média);1CIA IND/2CIA/PEL PREV E VIST(PASSOS);APF01362;Não;Não;Não;BOLETIM DE OCORRENCIA;Classificada;04/09/2021 07:29;Não
2021-18240049-4;(BM) 2021-042579184-001;03/09/2021 11:56;RUA GOIANIA, Nº 394 - JARDIM COLEGIO DE PASSOS - PASSOS;-207.199.009;-465.924.025;V01018 - VITIMA DE MAL NAO DEFINIDO (DISTURBIO) (C) (Prioridade: 1 - Alta);1CIA IND/2CIA/1PEL(PASSOS);UR0565;Não;Não;Não;BOLETIM DE OCORRENCIA;Classificada;04/09/2021 07:31;Não
2021-18241929-3;(BM) 2021-042625630-001;03/09/2021 14:25;AVENIDA ANTONIO TOGNI, Nº 2953 - POCOS DE CALDAS;;;P01002 - VISTORIA DE LIBERACAO / EMISSAO DE AVCB (C) (Prioridade: 2 - Média);1CIA IND (POCOS DE CALDAS);TPO01399;Não;Não;Não;BOLETIM DE OCORRENCIA;Classificada;03/09/2021 20:37;Não
2021-18242546-0;(BM) 2021-042607731-001;03/09/2021 14:57;AVENIDA COMENDADOR FRANCISCO A MAIA, Nº 4050 - EXPOSICAO - PASSOS;-207.333.293;-466.060.067;P01003 - VISTORIA EM EVENTOS TEMPORARIOS (C) (Prioridade: 1 - Alta);1CIA IND/2CIA/PEL PREV E VIST(PASSOS);APF01362;Não;Não;Não;BOLETIM DE OCORRENCIA;Classificada;04/09/2021 07:32;Não
2021-18243883-5;(BM) 2021-042639596-001;03/09/2021 16:06;AVENIDA NACOES, Nº S/N - VILA RICA - PASSOS;-207.276.808;-46.600.861;O04012 - INCENDIO EM LOTE VAGO (AREA URBANA) (C) (Prioridade: 2 - Média);1CIA IND/2CIA/1PEL(PASSOS);ABTS0495;Não;Não;Não;BOLETIM DE OCORRENCIA;Classificada;04/09/2021 07:30;Não
2021-18244003-5;(BM) 2021-042629380-001;03/09/2021 16:14;RUA DOUTOR CARVALHO, Nº 1455 - NOSSA SENHORA DAS GRAÇAS - PASSOS;-207.352.269;-466.037.303;Q03001 - TREINAMENTO DE COMBATE A INCENDIO (C) (Prioridade: 2 - Média);1CIA IND/2CIA/1PEL(PASSOS);ASL00064;Não;Não;Não;BOLETIM DE OCORRENCIA;Classificada;04/09/2021 07:30;Não
2021-18244032-3;(BM) 2021-042625880-001;03/09/2021 16:14;AVENIDA PRESIDENTE WENCESLAU BRAZ, Nº 2001 - VILA WENCESLAU BRAZ - POCOS DE CALDAS;-217.974.126;-465.160.538;P01001 - VISTORIA DE FISCALIZACAO (C) (Prioridade: 2 - Média);1CIA IND (POCOS DE CALDAS);TPO01399;Não;Não;Não;BOLETIM DE OCORRENCIA;Classificada;03/09/2021 20:38;Não
2021-18244229-8;(BM) 2021-042629534-001;03/09/2021 16:25;RUA CEARA, Nº 704 - BELA VISTA - PASSOS;-207.165.076;-465.997.159;V01023 - VITIMA DE SINCOPE (DESMAIO)/VERTIGEM (C) (Prioridade: 1 - Alta);1CIA IND/2CIA/1PEL(PASSOS);UR0565;Não;Não;Não;BOLETIM DE OCORRENCIA;Classificada;04/09/2021 07:32;Não
2021-18244480-4;(BM) 2021-042632096-001;03/09/2021 16:37;AVENIDA PAINEIRA, Nº S/N - SERRA DAS BRISAS - PASSOS;-207.338.439;-46.595.301;O04012 - INCENDIO EM LOTE VAGO (AREA URBANA) (C) (Prioridade: 2 - Média);1CIA IND/2CIA/1PEL(PASSOS);ASL00064;Não;Não;Não;BOLETIM DE OCORRENCIA;Classificada;04/09/2021 07:30;Não
2021-18245136-4;(BM) 2021-042644937-001;03/09/2021 17:10;AVENIDA ANTONIO ADAO DA SILVA, Nº 111 - PENHA 2 - PASSOS;-207.189.598;-466.322.189;W03000 - SOLICITANTE ENCONTRADO - PROVIDENCIA DISPENSADA (C) (Prioridade: 3 - Baixa);1CIA IND/2CIA/1PEL(PASSOS);UR0565;Não;Não;Não;BOLETIM DE OCORRENCIA;Classificada;04/09/2021 07:29;Não
2021-18245207-0;(BM) 2021-042647289-001;03/09/2021 17:15;RUA CANADA, Nº S/N - NOVO MUNDO - PASSOS;-207.279.532;-465.907.111;O04012 - INCENDIO EM LOTE VAGO (AREA URBANA) (C) (Prioridade: 2 - Média);1CIA IND/2CIA/1PEL(PASSOS);ABTS0495;Não;Não;Não;BOLETIM DE OCORRENCIA;Classificada;04/09/2021 07:30;Não
2021-18246387-0;(BM) 2021-042652961-001;03/09/2021 18:20;RUA ALPINOPOLIS, Nº 275 - CANJERANUS - PASSOS;-207.107.528;-466.047.079;V03999 - OUTROS TIPOS DE APH DE TRAUMAS DIVERSOS   (C) (Prioridade: 1 - Alta);1CIA IND/2CIA/1PEL(PASSOS);UR0565;Não;Não;Não;BOLETIM DE OCORRENCIA;Classificada;04/09/2021 07:32;Não
2021-18246768-3;(BM) 2021-042678960-001;03/09/2021 18:42;AVENIDA NACOES, Nº S/N - VILA RICA - PASSOS;-207.276.808;-46.600.861;O04012 - INCENDIO EM LOTE VAGO (AREA URBANA) (C) (Prioridade: 2 - Média);1CIA IND/2CIA/1PEL(PASSOS);ABTS0495;Não;Não;Não;BOLETIM DE OCORRENCIA;Classificada;04/09/2021 07:30;Não
2021-18248606-2;(BM) 2021-042675260-001;03/09/2021 20:36;AVENIDA NACOES, Nº S/N - VILA RICA - PASSOS;-207.276.808;-46.600.861;O04009 - INCENDIO EM AREA URBANA PERTENCENTE A ORGAO PUBLICO (C) (Prioridade: 2 - Média);1CIA IND/2CIA/1PEL(PASSOS);ABTS0495;Não;Não;Não;BOLETIM DE OCORRENCIA;Classificada;04/09/2021 07:30;Não
2021-18251152-5;(BM) 2021-042698904-001;03/09/2021 23:02;RODOVIA MG 050, Nº S/N - MONSENHOR MESSIAS - PASSOS;-207.391.965;-465.994.767;V01007 - VITIMA COM DISPNEIA (FALTA DE AR) (C) (Prioridade: 1 - Alta);1CIA IND/2CIA/1PEL(PASSOS);UR0565;Não;Não;Não;BOLETIM DE OCORRENCIA;Classificada;04/09/2021 07:32;Não
2021-18251924-6;(BM) 2021-042705059-001;03/09/2021 23:48;RUA IRLANDA, Nº S/N - NOVO MUNDO 4 - PASSOS;-207.292.941;-465.884.752;O04009 - INCENDIO EM AREA URBANA PERTENCENTE A ORGAO PUBLICO (C) (Prioridade: 2 - Média);1CIA IND/2CIA/1PEL(PASSOS);ABTS0495;Não;Não;Não;BOLETIM DE OCORRENCIA;Classificada;04/09/2021 07:31;Não
2021-18254746-6;(BM) 2021-042726223-001;04/09/2021 04:32;AVENIDA ANTONIO ADAO DA SILVA, Nº 719 - COHAB 4 - PASSOS;-207.176.859;-466.358.957;V03999 - OUTROS TIPOS DE APH DE TRAUMAS DIVERSOS   (C) (Prioridade: 1 - Alta);1CIA IND/2CIA/1PEL(PASSOS);UR0565;Não;Não;Não;BOLETIM DE OCORRENCIA;Classificada;04/09/2021 07:32;Não
2021-18256176-0;(BM) 2021-042742765-001;04/09/2021 08:51;TRAVESSA JERONIMO NETO, Nº 24 - BELO HORIZONTE - PASSOS;-207.256.087;-466.046.843;V01009 - VITIMA COM DOR NA COLUNA VERTEBRAL (COSTAS) (C) (Prioridade: 1 - Alta);1CIA IND/2CIA/1PEL(PASSOS);UR0565;Não;Não;Não;BOLETIM DE OCORRENCIA;Classificada;04/09/2021 10:33;Não
2021-18258342-9;;04/09/2021 12:37;ACESSO RURAL FAZENDA NOVA FLORESTA DA ONÇA - GUAXUPE;;;O04013 - INCENDIO EM PASTO (C) (Prioridade: 2 - Média);1CIA IND (POCOS DE CALDAS);;Não;Não;Não;FALTEF-NÃO ATENDIDA FALTA DE EFETIVO;Classificada;04/09/2021 12:38;Não
2021-18259830-8;(BM) 2021-042780181-001;04/09/2021 14:41;AVENIDA COMENDADOR FRANCISCO A MAIA, Nº S/N - SANTA CASA - PASSOS;-207.146.788;-466.127.072;W03000 - SOLICITANTE ENCONTRADO - PROVIDENCIA DISPENSADA (C) (Prioridade: 3 - Baixa);1CIA IND/2CIA/1PEL(PASSOS);UR0565;Não;Não;Não;BOLETIM DE OCORRENCIA;Classificada;06/09/2021 00:26;Não
2021-18260901-1;(BM) 2021-042784058-001;04/09/2021 15:42;RUA DOUTOR CARVALHO, Nº 1455 - NOSSA SENHORA DAS GRAÇAS - PASSOS;-207.352.269;-466.037.303;Q03001 - TREINAMENTO DE COMBATE A INCENDIO (C) (Prioridade: 2 - Média);1CIA IND/2CIA/1PEL(PASSOS);ASL00064;Não;Não;Não;BOLETIM DE OCORRENCIA;Classificada;06/09/2021 00:26;Não
2021-18263559-0;(BM) 2021-042809915-001;04/09/2021 18:19;RUA PORTUGAL, Nº S/N - NOVO MUNDO - PASSOS;-207.262.103;-465.921.568;O04011 - INCENDIO EM AREA URBANA NAO PROTEGIDA (C) (Prioridade: 2 - Média);1CIA IND/2CIA/1PEL(PASSOS);ABTS0495;Não;Não;Não;BOLETIM DE OCORRENCIA;Classificada;06/09/2021 00:26;Não
2021-18264247-2;(BM) 2021-042820382-001;04/09/2021 18:53;RUA PONTA PORA, Nº 418 - BELA VISTA - PASSOS;-207.119.215;-465.987.462;V01003 - VITIMA COM CRISE CONVULSIVA (C) (Prioridade: 1 - Alta);1CIA IND/2CIA/1PEL(PASSOS);UR0565;Não;Não;Não;BOLETIM DE OCORRENCIA;Classificada;06/09/2021 00:27;Não
2021-18264889-0;(BM) 2021-042822550-001;04/09/2021 19:27;RUA CRISTAL, Nº S/N - ACLIMACAO - PASSOS;-207.555.449;-465.970.733;O04008 - INCENDIO EM AREA RURAL NAO PROTEGIDA (C) (Prioridade: 2 - Média);1CIA IND/2CIA/1PEL(PASSOS);ABTS0495;Não;Não;Não;BOLETIM DE OCORRENCIA;Classificada;06/09/2021 00:26;Não
2021-18271156-9;(BM) 2021-042868913-001;05/09/2021 00:57;RUA DALIAS, Nº 1001 - COHAB 3 - PASSOS;-207.062.008;-466.215.962;V03018 - VITIMA DE QUEDA DA PROPRIA ALTURA (C) (Prioridade: 1 - Alta);1CIA IND/2CIA/1PEL(PASSOS);UR0565;Não;Não;Não;BOLETIM DE OCORRENCIA;Classificada;06/09/2021 00:27;Não
2021-18273663-8;;05/09/2021 05:09;RUA MARGARIDA ELIAS, Nº 10 - GUAXUPE;;;P02002 - VISTORIA EM RISCO DE QUEDA DE ARVORE (C) (Prioridade: 2 - Média);1CIA IND (POCOS DE CALDAS);;Não;Não;Não;FALTEF-NÃO ATENDIDA FALTA DE EFETIVO;Classificada;05/09/2021 05:10;Não
2021-18273668-1;;05/09/2021 05:12;RUA SOLDADO JOSE PAULINO ALBERTO, Nº 37 - SANTA CRUZ - GUAXUPE;;;P02011 - VISTORIA EM ENXAME DE INSETOS (C) (Prioridade: 2 - Média);1CIA IND (POCOS DE CALDAS);;Não;Não;Não;FALTEF-NÃO ATENDIDA FALTA DE EFETIVO;Classificada;05/09/2021 05:14;Não
2021-18273826-0;(BM) 2021-042891069-001;05/09/2021 06:03;RUA DOUTOR SATURNINO, Nº 300 - CENTRO - PASSOS;-207.223.944;-466.123.876;P03004 - PREVENCAO EM EVENTO ESPORTIVO (C) (Prioridade: 2 - Média);1CIA IND/2CIA/1PEL(PASSOS);UR0565;Não;Não;Não;BOLETIM DE OCORRENCIA;Classificada;06/09/2021 05:05;Não
2021-18276069-3;(BM) 2021-042906990-001;05/09/2021 11:13;RUA DOUTOR CARVALHO, Nº 1455 - NOSSA SENHORA DAS GRAÇAS - PASSOS;-207.352.269;-466.037.303;Q03001 - TREINAMENTO DE COMBATE A INCENDIO (C) (Prioridade: 2 - Média);1CIA IND/2CIA/1PEL(PASSOS);BM1206671;Não;Não;Não;BOLETIM DE OCORRENCIA;Classificada;06/09/2021 05:05;Não
2021-18276410-9;(BM) 2021-042909909-001;05/09/2021 11:48;AVENIDA NACOES, Nº S/N - VILA RICA - PASSOS;-207.276.808;-46.600.861;O04011 - INCENDIO EM AREA URBANA NAO PROTEGIDA (C) (Prioridade: 2 - Média);1CIA IND/2CIA/1PEL(PASSOS);ABTS0495;Não;Não;Não;BOLETIM DE OCORRENCIA;Classificada;06/09/2021 05:05;Não
2021-18277208-3;(BM) 2021-042917407-001;05/09/2021 13:31;RUA CARATINGA, Nº 80 - NOSSA SENHORA DE FATIMA - PASSOS;-207.021.193;-466.143.426;O04012 - INCENDIO EM LOTE VAGO (AREA URBANA) (C) (Prioridade: 2 - Média);1CIA IND/2CIA/1PEL(PASSOS);ABTS0495;Não;Não;Não;BOLETIM DE OCORRENCIA;Classificada;06/09/2021 05:05;Não
2021-18278699-2;(BM) 2021-042978668-001;05/09/2021 15:12;RUA ATENAS, Nº 317 - PANORAMA - PASSOS;-20.707.365;-466.153.486;V03018 - VITIMA DE QUEDA DA PROPRIA ALTURA (C) (Prioridade: 1 - Alta);1CIA IND/2CIA/1PEL(PASSOS);UR0565;Não;Não;Não;BOLETIM DE OCORRENCIA;Classificada;06/09/2021 05:06;Não
2021-18278895-0;(BM) 2021-042933767-001;05/09/2021 15:23;RUA MOGIANA, Nº 194 - PARQUE DA ESTACAO - PASSOS;-207.079.896;-466.103.359;O02036 - INCENDIO EM AMONTOADO DE MADEIRA (C) (Prioridade: 2 - Média);1CIA IND/2CIA/1PEL(PASSOS);ABTS0495 / UR0565;Não;Não;Não;BOLETIM DE OCORRENCIA;Classificada;06/09/2021 05:05;Não
2021-18280131-9;;05/09/2021 16:45;ACESSO RURAL RODOVIA JUSCELINO KUBITSCHEK, Km 459, Nº S/N - CALDAS;;;O04008 - INCENDIO EM AREA RURAL NAO PROTEGIDA (C) (Prioridade: 2 - Média);1CIA IND (POCOS DE CALDAS);;Não;Não;Não;ORIEN-ORIENTAÇÃO;Classificada;05/09/2021 21:36;Não
2021-18281907-6;(BM) 2021-043013976-001;05/09/2021 18:30;RUA DOUTOR CARVALHO, Nº 1455 - NOSSA SENHORA DAS GRAÇAS - PASSOS;-207.352.269;-466.037.303;W08000 - CANCELADA POR INDISPONIBILIDADE DE VIATURA (C) (Prioridade: 3 - Baixa);1CIA IND/2CIA/1PEL(PASSOS);BM1787076;Não;Não;Não;BOLETIM DE OCORRENCIA;Classificada;06/09/2021 05:02;Não
2021-18283878-0;(BM) 2021-042978040-001;05/09/2021 20:19;RUA FRANCISCO BARBOSA NASCIMENTO, Nº S/N - RESIDENCIAL VILLAGIO DI ITALIA - PASSOS;-207.304.765;-465.859.341;O04011 - INCENDIO EM AREA URBANA NAO PROTEGIDA (C) (Prioridade: 2 - Média);1CIA IND/2CIA/1PEL(PASSOS);ABTS0495;Não;Não;Não;BOLETIM DE OCORRENCIA;Classificada;06/09/2021 05:05;Não
2021-18287464-0;(BM) 2021-043008629-001;05/09/2021 23:44;AVENIDA JUCA STOCKLER, Nº S/N - NOVO HORIZONTE - PASSOS;-207.366.397;-466.024.583;V02102 - VITIMA DE ATROPELAMENTO POR MOTOCICLETA (C) (Prioridade: 1 - Alta);1CIA IND/2CIA/1PEL(PASSOS);UR0565;Não;Não;Não;BOLETIM DE OCORRENCIA;Classificada;06/09/2021 05:04;Não
2021-18288424-0;(BM) 2021-043016760-001;06/09/2021 00:57;RUA ANTONIO SATIRO, Nº S/N - RESIDENCIAL MARIA E VADICO - SAO JOAO BATISTA GLORIA;-206.343.613;-465.120.835;V03019 - VITIMA DE QUEDA DE ALTURA (C) (Prioridade: 1 - Alta);1CIA IND/2CIA/1PEL(PASSOS);ABTS0495 / UR0565;Não;Não;Não;BOLETIM DE OCORRENCIA;Classificada;06/09/2021 05:06;Não
2021-18289918-6;(BM) 2021-043033741-001;06/09/2021 07:11;RUA ALPINOPOLIS, Nº S/N - CANJERANUS - PASSOS;-207.100.978;-46.606.117;V01020 - VITIMA COM PARADA CARDIORRESPIRATORIA (C) (Prioridade: 1 - Alta);1CIA IND/2CIA/1PEL(PASSOS);UR0565;Não;Não;Não;BOLETIM DE OCORRENCIA;Classificada;06/09/2021 09:42;Não
2021-18290988-9;(BM) 2021-043171872-001;06/09/2021 09:08;RUA DOUTOR CARVALHO, Nº 1455 - NOSSA SENHORA DAS GRAÇAS - PASSOS;-207.352.269;-466.037.303;V03012 - VITIMA COM OBJETO PRESO AO CORPO (C) (Prioridade: 1 - Alta);1CIA IND/2CIA/1PEL(PASSOS);BM1274612;Não;Não;Não;BOLETIM DE OCORRENCIA;Classificada;07/09/2021 08:08;Não
2021-18291083-0;(BM) 2021-043045367-001;06/09/2021 09:14;RUA PRESIDENTE ANTONIO CARLOS, Nº S/N - CENTRO - PASSOS;-207.194.154;-466.092.794;V02108 - VITIMA DE ATROPELAMENTO DE MOTOCICLETA X ANIMAL (C) (Prioridade: 1 - Alta);1CIA IND/2CIA/1PEL(PASSOS);UR0565;Não;Não;Não;BOLETIM DE OCORRENCIA;Classificada;07/09/2021 08:08;Não
2021-18291394-0;(BM) 2021-043045683-001;06/09/2021 09:41;TRAVESSA SANCHEZ, Nº 5 - PASSOS;-207.171.473;-466.085.637;O04012 - INCENDIO EM LOTE VAGO (AREA URBANA) (C) (Prioridade: 2 - Média);1CIA IND/2CIA/1PEL(PASSOS);ABTS0495;Não;Não;Não;BOLETIM DE OCORRENCIA;Classificada;07/09/2021 08:07;Não
2021-18291789-8;(BM) 2021-043172808-001;06/09/2021 10:12;RUA JOSE BELMIRO LIMA, Nº S/N - RESIDENCIAL MONTE BELO - PASSOS;-207.286.712;-46.584.646;O04011 - INCENDIO EM AREA URBANA NAO PROTEGIDA (C) (Prioridade: 2 - Média);1CIA IND/2CIA/1PEL(PASSOS);ABTS0495;Não;Não;Não;BOLETIM DE OCORRENCIA;Classificada;07/09/2021 08:07;Não
2021-18291825-0;(BM) 2021-043050294-001;06/09/2021 10:14;RUA VEREADOR JOSE JULIO DE ANDRADE, Nº 66 - COHAB 4 - PASSOS;-207.205.232;-466.357.978;V01999 - OUTROS TIPOS DE APH CLINICO (C) (Prioridade: 1 - Alta);1CIA IND/2CIA/1PEL(PASSOS);UR0565;Não;Não;Não;BOLETIM DE OCORRENCIA;Classificada;07/09/2021 08:08;Não
2021-18293073-7;;06/09/2021 11:56;RUA GUERINO ZAPAROLLI, Nº S/N - DISTRITO INDUSTRIAL 1 - PASSOS;-207.068.594;-465.916.139;W08000 - CANCELADA POR INDISPONIBILIDADE DE VIATURA (C) (Prioridade: 3 - Baixa);1CIA IND/2CIA/1PEL(PASSOS);;Não;Não;Não;W08000-CANCELADA POR INDISPONIBILIDADE DE MEIOS;Classificada;06/09/2021 12:02;Não
2021-18295756-0;(BM) 2021-043137289-001;06/09/2021 15:16;RUA TORONTO, Nº 785 - PASSOS;-207.545.019;-466.073.441;S06001 - SALVAMENTO DE ANIMAL EM RISCO / PERIGO (C) (Prioridade: 2 - Média);1CIA IND/2CIA/1PEL(PASSOS);ASL00064;Não;Não;Não;BOLETIM DE OCORRENCIA;Classificada;07/09/2021 08:08;Não
2021-18296277-3;(BM) 2021-043136741-001;06/09/2021 15:45;ESTRADA PEDREIRA LAGOA AZUL / MG 050, Nº S/N - SAO JOAO BATISTA GLORIA;-206.051.354;-463.103.012;V03019 - VITIMA DE QUEDA DE ALTURA (C) (Prioridade: 1 - Alta);1CIA IND/2CIA/1PEL(PASSOS);UR0565;Não;Não;Não;BOLETIM DE OCORRENCIA;Classificada;07/09/2021 08:08;Não
2021-18297740-1;(BM) 2021-043136845-001;06/09/2021 17:13;RUA DOUTOR CARVALHO, Nº 1455 - NOSSA SENHORA DAS GRAÇAS - PASSOS;-207.352.269;-466.037.303;S06001 - SALVAMENTO DE ANIMAL EM RISCO / PERIGO (C) (Prioridade: 2 - Média);1CIA IND/2CIA/1PEL(PASSOS);BM1224443;Não;Não;Não;BOLETIM DE OCORRENCIA;Classificada;07/09/2021 08:08;Não
2021-18297929-8;(BM) 2021-043137066-001;06/09/2021 17:24;RUA HELICONIAS, Nº S/N - MIRANTE DO VALE - PASSOS;-207.176.983;-465.813.688;O04012 - INCENDIO EM LOTE VAGO (AREA URBANA) (C) (Prioridade: 2 - Média);1CIA IND/2CIA/1PEL(PASSOS);ABTS0495 / ASL00064;Não;Não;Não;BOLETIM DE OCORRENCIA;Classificada;07/09/2021 08:08;Não
2021-18301634-1;(BM) 2021-043155986-001;06/09/2021 21:14;RODOVIA MG 050, Nº S/N - MONSENHOR MESSIAS - PASSOS;-207.391.965;-465.994.767;V02502 - VITIMA DE QUEDA (MOTOCICLISTA) (C) (Prioridade: 1 - Alta);1CIA IND/2CIA/1PEL(PASSOS);UR0565;Não;Não;Não;BOLETIM DE OCORRENCIA;Classificada;07/09/2021 08:08;Não
2021-18302440-0;(BM) 2021-043177789-001;06/09/2021 22:07;CONDOMINIO ITAMBE - BAIRRO RURAL ITAMBE, Nº S/N - CASSIA;-203.943.279;-469.702.109;O04007 - INCENDIO EM PROPRIEDADE RURAL PARTICULAR (C) (Prioridade: 2 - Média);1CIA IND/2CIA/1PEL(PASSOS);ABTS0495;Não;Não;Não;BOLETIM DE OCORRENCIA;Classificada;07/09/2021 08:08;Não
2021-18304124-1;;06/09/2021 23:49;ESTRADA PRINCIPAL GOIANAZES, Nº S/N - CAPETINGA;-206.324.723;-47.063.284;O04007 - INCENDIO EM PROPRIEDADE RURAL PARTICULAR (C) (Prioridade: 2 - Média);1CIA IND/2CIA/1PEL(PASSOS);;Não;Não;Não;W08000-CANCELADA POR INDISPONIBILIDADE DE MEIOS;Classificada;06/09/2021 23:53;Não
2021-18309590-1;(BM) 2021-043223827-001;07/09/2021 10:31;RUA JOAO TEIXEIRA MENDES, Nº S/N - FLAMBOYANT - PASSOS;-207.548.252;-466.033.392;O04012 - INCENDIO EM LOTE VAGO (AREA URBANA) (C) (Prioridade: 2 - Média);1CIA IND/2CIA/1PEL(PASSOS);ABTS0495;Não;Não;Não;BOLETIM DE OCORRENCIA;Classificada;08/09/2021 07:44;Não
2021-18310134-0;(BM) 2021-043234266-001;07/09/2021 11:17;RUA MISSOES, Nº 680 - PENHA - PASSOS;-207.171.872;-466.246.986;V01019 - VITIMA COM OBSTRUCAO DE VIAS AEREAS POR CORPOS ESTRANHOS (C) (Prioridade: 1 - Alta);1CIA IND/2CIA/1PEL(PASSOS);UR0565;Não;Não;Não;BOLETIM DE OCORRENCIA;Classificada;08/09/2021 07:45;Não
2021-18312166-7;(BM) 2021-043249405-001;07/09/2021 14:13;PRACA TROVADOR, Nº S/N - NOVO HORIZONTE - PASSOS;-207.337.023;-46.600.252;V01011 - VITIMA COM DOR RENAL (COLICA) (C) (Prioridade: 1 - Alta);1CIA IND/2CIA/1PEL(PASSOS);UR0565;Não;Não;Não;BOLETIM DE OCORRENCIA;Classificada;08/09/2021 07:45;Não
2021-18312565-2;(BM) 2021-043252831-001;07/09/2021 14:33;AVENIDA POCOS DE CALDAS, Nº 604 - COHAB 1 - PASSOS;-207.093.999;-466.257.513;V01018 - VITIMA DE MAL NAO DEFINIDO (DISTURBIO) (C) (Prioridade: 1 - Alta);1CIA IND/2CIA/1PEL(PASSOS);UR0565;Não;Não;Não;BOLETIM DE OCORRENCIA;Classificada;08/09/2021 07:45;Não
2021-18314175-9;(BM) 2021-043275968-001;07/09/2021 16:00;RUA DOUTOR CARVALHO, Nº 1455 - NOSSA SENHORA DAS GRAÇAS - PASSOS;-207.352.269;-466.037.303;V01017 - VITIMA DE INTOXICACAO / ENVENENAMENTO (C) (Prioridade: 1 - Alta);1CIA IND/2CIA/1PEL(PASSOS);UR0565;Não;Não;Não;BOLETIM DE OCORRENCIA;Classificada;08/09/2021 07:45;Não
2021-18314816-1;(BM) 2021-043276016-001;07/09/2021 16:35;AVENIDA PERIMETRAL, Nº S/N - PARQUE DA ESTACAO - PASSOS;-207.057.771;-466.097.547;O04012 - INCENDIO EM LOTE VAGO (AREA URBANA) (C) (Prioridade: 2 - Média);1CIA IND/2CIA/1PEL(PASSOS);ABTS0495;Não;Não;Não;BOLETIM DE OCORRENCIA;Classificada;08/09/2021 07:44;Não
2021-18315372-5;(BM) 2021-044036680-001;07/09/2021 17:04;RUA antiogo poddis, Nº 169 - VILA PODDIS - ITAJUBA;;;X03000 - EMPENHO ADMINISTRATIVO (C) (Prioridade: 2 - Média);1CIA IND (POCOS DE CALDAS);TPO00155 / TPO01026;Não;Não;Não;BOLETIM DE OCORRENCIA;Classificada;10/09/2021 11:36;Não
2021-18315752-6;(BM) 2021-043283726-001;07/09/2021 17:26;RUA MISSOES, Nº S/N - JARDIM PLANALTO - PASSOS;-207.204.039;-466.256.726;O04012 - INCENDIO EM LOTE VAGO (AREA URBANA) (C) (Prioridade: 2 - Média);1CIA IND/2CIA/1PEL(PASSOS);ABTS0495;Não;Não;Não;BOLETIM DE OCORRENCIA;Classificada;08/09/2021 07:44;Não
2021-18317656-3;(BM) 2021-043344214-001;07/09/2021 19:07;FAZENDA SANTO ANTONIO - BAIRRO RURAL - PROXIMO A MG 344 A 3 KM DE IBIRACI, Nº S/N - IBIRACI;-204.654.099;-470.912.715;O04008 - INCENDIO EM AREA RURAL NAO PROTEGIDA (C) (Prioridade: 2 - Média);1CIA IND/2CIA/1PEL(PASSOS);ASL00064;Não;Não;Não;BOLETIM DE OCORRENCIA;Classificada;08/09/2021 07:45;Não
2021-18317996-1;(BM) 2021-043309622-001;07/09/2021 19:23;RUA ACRE, Nº 517 - SANTA LUZIA - PASSOS;-207.115.673;-466.020.952;W03000 - SOLICITANTE ENCONTRADO - PROVIDENCIA DISPENSADA (C) (Prioridade: 3 - Baixa);1CIA IND/2CIA/1PEL(PASSOS);ABTS0495;Não;Não;Não;BOLETIM DE OCORRENCIA;Classificada;08/09/2021 07:44;Não
2021-18323989-0;(BM) 2021-043356927-001;08/09/2021 03:48;RUA CANJERANUS, Nº 988 - CANJERANUS - PASSOS;-207.108.603;-466.072.509;V03021 - VITIMA DE SUICIDIO (TENTATIVA) - APH TRAUMA (C) (Prioridade: 1 - Alta);1CIA IND/2CIA/1PEL(PASSOS);UR0565;Não;Não;Não;BOLETIM DE OCORRENCIA;Classificada;08/09/2021 07:40;Não
2021-18324506-0;(BM) 2021-043420839-001;08/09/2021 06:58;RUA PARAIBA, Nº 320 - CENTRO - POCOS DE CALDAS;-217.826.384;-46.569.124;X03000 - EMPENHO ADMINISTRATIVO (C) (Prioridade: 2 - Média);1CIA IND/2CIA/PEL PREV E VIST(PASSOS);APF01362;Não;Não;Não;BOLETIM DE OCORRENCIA;Classificada;10/09/2021 05:15;Não
2021-18325419-3;(BM) 2021-043419702-001;08/09/2021 08:42;FAZENDA 30012 - FAZENDA IPE, Nº S/N - IBIRACI;-203.849.441;-470.068.105;O04008 - INCENDIO EM AREA RURAL NAO PROTEGIDA (C) (Prioridade: 2 - Média);1CIA IND/2CIA/1PEL(PASSOS);ASL00064;Não;Não;Não;BOLETIM DE OCORRENCIA;Classificada;09/09/2021 08:36;Não
2021-18326103-5;(BM) 2021-043379408-001;08/09/2021 09:29;AVENIDA JK, Nº S/N - MONSENHOR MESSIAS - PASSOS;-207.342.178;-465.979.772;V01018 - VITIMA DE MAL NAO DEFINIDO (DISTURBIO) (C) (Prioridade: 1 - Alta);1CIA IND/2CIA/1PEL(PASSOS);UR0565;Não;Não;Não;BOLETIM DE OCORRENCIA;Classificada;08/09/2021 15:47;Não
2021-18326142-7;(BM) 2021-043379148-001;08/09/2021 09:32;RUA DOUTOR CARVALHO, Nº 74 - CENTRO - PASSOS;-207.224.159;-466.083.507;P01002 - VISTORIA DE LIBERACAO / EMISSAO DE AVCB (C) (Prioridade: 2 - Média);1CIA IND/2CIA/PEL PREV E VIST(PASSOS);TPO01115;Não;Não;Não;BOLETIM DE OCORRENCIA;Classificada;08/09/2021 15:46;Não
2021-18326796-3;(BM) 2021-043387417-001;08/09/2021 10:22;RUA COMERCIANTES, Nº 1010 - NOSSA SENHORA DAS GRAÇAS - PASSOS;-207.388.868;-466.021.271;P01002 - VISTORIA DE LIBERACAO / EMISSAO DE AVCB (C) (Prioridade: 2 - Média);1CIA IND/2CIA/PEL PREV E VIST(PASSOS);TPO01115;Não;Não;Não;BOLETIM DE OCORRENCIA;Classificada;08/09/2021 15:46;Não
2021-18327064-0;(BM) 2021-043390358-001;08/09/2021 10:41;RUA SAO PAULO, Nº 606 - SAO BENEDITO - PASSOS;-207.200.749;-465.982.471;P01001 - VISTORIA DE FISCALIZACAO (C) (Prioridade: 2 - Média);1CIA IND/2CIA/PEL PREV E VIST(PASSOS);TPO01115;Não;Não;Não;BOLETIM DE OCORRENCIA;Classificada;08/09/2021 15:46;Não
2021-18327122-5;(BM) 2021-043391913-001;08/09/2021 10:47;RUA JOSE DELFRARO, Nº 121 - FLAMBOYANT - PASSOS;-207.543.463;-466.057.463;P01001 - VISTORIA DE FISCALIZACAO (C) (Prioridade: 2 - Média);1CIA IND/2CIA/PEL PREV E VIST(PASSOS);TPO01115;Não;Não;Não;BOLETIM DE OCORRENCIA;Classificada;08/09/2021 15:46;Não
2021-18327178-0;(BM) 2021-043392990-001;08/09/2021 10:55;RUA RIO GRANDE DO SUL, Nº 1118 - BELA VISTA 2 - PASSOS;-207.110.548;-465.936.685;P01001 - VISTORIA DE FISCALIZACAO (C) (Prioridade: 2 - Média);1CIA IND/2CIA/PEL PREV E VIST(PASSOS);TPO01115;Não;Não;Não;BOLETIM DE OCORRENCIA;Classificada;08/09/2021 15:46;Não
2021-18327693-6;(BM) 2021-043421714-001;08/09/2021 11:32;RUA TIRADENTES, Nº 308 - CANJERANUS - PASSOS;-207.119.798;-466.036.307;O02034 - INCENDIO EM CACAMBA DE LIXO / ENTULHO (C) (Prioridade: 2 - Média);1CIA IND/2CIA/1PEL(PASSOS);ABTS0495;Não;Não;Não;BOLETIM DE OCORRENCIA;Classificada;08/09/2021 15:46;Não
2021-18327791-5;(PM) 2021-043405226-001;08/09/2021 11:42;RUA CAMBUQUIRA / AVENIDA JOSE CAETANO DE ANDRADE - SAO FRANCISCO - PASSOS;-207.297.832;-466.157.193;W98011 - SOLICITACAO DE APOIO (C) (Prioridade: 1 - Alta);1CIA IND/2CIA/1PEL(PASSOS);;Não;Não;Não;DUPLICADA;Classificada;08/09/2021 15:54;Não
2021-18328003-1;(BM) 2021-043418541-001;08/09/2021 12:00;AVENIDA JOSE CAETANO DE ANDRADE, Nº 835 - MUARAMA - PASSOS;-207.296.493;-466.154.942;V02408 - VITIMA DE COLISAO ENTRE AUTOMOVEL X MOTOCICLETA (C) (Prioridade: 1 - Alta);1CIA IND/2CIA/1PEL(PASSOS);UR0565;Não;Não;Não;BOLETIM DE OCORRENCIA;Classificada;08/09/2021 15:54;Não
2021-18329546-2;(BM) 2021-043444747-001;08/09/2021 14:15;RUA LIMAO, Nº 435 - SANTA RITA - PASSOS;-207.327.405;-466.118.713;S06002 - CAPTURA DE ANIMAL SILVESTRE PERIGOSO / AGRESSIVO (C) (Prioridade: 2 - Média);1CIA IND/2CIA/1PEL(PASSOS);ABTS0495;Não;Não;Não;BOLETIM DE OCORRENCIA;Classificada;08/09/2021 15:46;Não
2021-18331438-2;;08/09/2021 15:49;FAZENDA santa cecilia - GUAXUPE;;;O04008 - INCENDIO EM AREA RURAL NAO PROTEGIDA (C) (Prioridade: 2 - Média);1CIA IND (POCOS DE CALDAS);;Não;Não;Não;W08000-CANCELADA POR INDISPONIBILIDADE DE MEIOS;Classificada;08/09/2021 15:51;Não
2021-18332237-6;(BM) 2021-043456269-001;08/09/2021 16:30;LUGAREJO CORREGO DO FEIJAO, Nº S/N - BRUMADINHO;-201.361.111;-441.136.111;X03000 - EMPENHO ADMINISTRATIVO (C) (Prioridade: 3 - Baixa);1CIA IND (POCOS DE CALDAS);BM1271675;Não;Não;Não;BOLETIM DE OCORRENCIA;Classificada;10/09/2021 11:36;Não
2021-18332846-4;(BM) 2021-043483547-001;08/09/2021 17:04;RUA POUSADA DO SOL, Nº 471 - CONDOMÍNIO LUCIANA - PASSOS;-20.687.959;-466.462.495;V01008 - VITIMA COM DOR ABDOMINAL (ABDOME AGUDO) (C) (Prioridade: 1 - Alta);1CIA IND/2CIA/1PEL(PASSOS);UR0565;Não;Não;Não;BOLETIM DE OCORRENCIA;Classificada;09/09/2021 01:10;Não
2021-18334781-1;;08/09/2021 18:49;RUA DOS MEDICOS, Nº S/N - BELO HORIZONTE - PASSOS;-207.303.439;-466.071.946;S05101 - CHOQUE DE BICICLETA (C) (Prioridade: 1 - Alta);1CIA IND/2CIA/1PEL(PASSOS);UR0565;Não;Não;Não;BOLETIM DE OCORRENCIA;Classificada;09/09/2021 01:11;Não
2021-18334844-0;(BM) 2021-043486579-001;08/09/2021 18:53;AVENIDA FLORIANOPOLIS, Nº 176 - JARDIM PLANALTO - SAO JOAO BATISTA GLORIA;-206.287.302;-465.124.087;S06005 - CAPTURA DE INSETOS (C) (Prioridade: 2 - Média);1CIA IND/2CIA/1PEL(PASSOS);ABTS0495;Não;Não;Não;BOLETIM DE OCORRENCIA;Classificada;09/09/2021 01:10;Não
2021-18335820-7;(BM) 2021-043497750-001;08/09/2021 19:54;RUA VEREADOR MARCOS JOELI, Nº 35 - COHAB 5 - PASSOS;-207.212.572;-466.393.952;V01018 - VITIMA DE MAL NAO DEFINIDO (DISTURBIO) (C) (Prioridade: 1 - Alta);1CIA IND/2CIA/1PEL(PASSOS);UR0565;Não;Não;Não;BOLETIM DE OCORRENCIA;Classificada;09/09/2021 01:11;Não
2021-18340488-1;(BM) 2021-043547628-001;09/09/2021 03:50;AVENIDA SABIA, Nº S/N - MUARAMA 2 - PASSOS;-207.330.855;-466.157.928;V01013 - VITIMA DE EMERGENCIAS PSIQUIATRICAS (C) (Prioridade: 1 - Alta);1CIA IND/2CIA/1PEL(PASSOS);UR0565;Não;Não;Não;BOLETIM DE OCORRENCIA;Classificada;10/09/2021 05:18;Não
2021-18342212-1;(BM) 2021-043702429-001;09/09/2021 09:02;AVENIDA FLORIANOPOLIS, Nº 176 - JARDIM PLANALTO - SAO JOAO BATISTA GLORIA;-206.287.302;-465.124.087;S06005 - CAPTURA DE INSETOS (C) (Prioridade: 2 - Média);1CIA IND/2CIA/1PEL(PASSOS);ASL00064;Não;Não;Não;BOLETIM DE OCORRENCIA;Classificada;09/09/2021 11:14;Não
2021-18342869-6;(BM) 2021-043574620-001;09/09/2021 09:53;RUA RIO NEGRO, Nº 422 - SANTA LUZIA - PASSOS;-207.090.203;-466.001.977;V01004 - VITIMA COM CRISE DIABETICA / HIPOGLICEMIA (C) (Prioridade: 1 - Alta);1CIA IND/2CIA/1PEL(PASSOS);UR0565;Não;Não;Não;BOLETIM DE OCORRENCIA;Classificada;10/09/2021 05:18;Não
2021-18342987-2;(BM) 2021-043574423-001;09/09/2021 10:00;RUA AMAPA, Nº 802 - CANJERANUS - PASSOS;-207.137.115;-466.032.602;P01001 - VISTORIA DE FISCALIZACAO (C) (Prioridade: 2 - Média);1CIA IND/2CIA/PEL PREV E VIST(PASSOS);APF01362;Não;Não;Não;BOLETIM DE OCORRENCIA;Classificada;10/09/2021 05:16;Não
2021-18343297-0;(BM) 2021-043578748-001;09/09/2021 10:23;RUA RIO BRANCO, Nº 855 - POLIVALENTE - PASSOS;-207.040.582;-46.603.615;P01001 - VISTORIA DE FISCALIZACAO (C) (Prioridade: 2 - Média);1CIA IND/2CIA/PEL PREV E VIST(PASSOS);APF01362;Não;Não;Não;BOLETIM DE OCORRENCIA;Classificada;10/09/2021 05:16;Não
2021-18343555-3;(BM) 2021-043581936-001;09/09/2021 10:40;RUA BOLIVIA, Nº 191 - POLIVALENTE - PASSOS;-207.063.643;-466.054.727;P01001 - VISTORIA DE FISCALIZACAO (C) (Prioridade: 2 - Média);1CIA IND/2CIA/PEL PREV E VIST(PASSOS);APF01362;Não;Não;Não;BOLETIM DE OCORRENCIA;Classificada;10/09/2021 05:16;Não
2021-18343807-4;(BM) 2021-043585555-001;09/09/2021 11:00;RUA VENEZUELA, Nº 326 - POLIVALENTE - PASSOS;-207.055.166;-466.060.721;P01001 - VISTORIA DE FISCALIZACAO (C) (Prioridade: 2 - Média);1CIA IND/2CIA/PEL PREV E VIST(PASSOS);APF01362;Não;Não;Não;BOLETIM DE OCORRENCIA;Classificada;10/09/2021 05:16;Não
2021-18344013-6;(BM) 2021-043600317-001;09/09/2021 11:16;ESTRADA ESTRADA GLORIA/DELFINOPOLIS, Nº S/N - SAO JOAO BATISTA GLORIA;-20.581.111;-46.539.167;O02007 - INCENDIO EM EDIFICACAO COLETIVA/HOSPEDAGEM (C) (Prioridade: 1 - Alta);1CIA IND/2CIA/1PEL(PASSOS);ASL00064;Não;Não;Não;BOLETIM DE OCORRENCIA;Classificada;10/09/2021 05:18;Não
2021-18344124-7;(BM) 2021-043598708-001;09/09/2021 11:25;RUA POUSO ALEGRE, Nº 898 - COHAB 3 - PASSOS;-207.053.732;-466.294.031;S06001 - SALVAMENTO DE ANIMAL EM RISCO / PERIGO (C) (Prioridade: 2 - Média);1CIA IND/2CIA/1PEL(PASSOS);ABTS0495;Não;Não;Não;BOLETIM DE OCORRENCIA;Classificada;10/09/2021 05:16;Não
2021-18344493-3;(BM) 2021-043601196-001;09/09/2021 11:53;ESTRADA ESTRADA DELFINOPOLIS/ SACRAMENTO, Nº S/N - DELFINOPOLIS;-202.822.874;-469.012.302;W08000 - CANCELADA POR INDISPONIBILIDADE DE VIATURA (C) (Prioridade: 3 - Baixa);1CIA IND/2CIA/PEL PREV E VIST(PASSOS);BM1362847;Não;Não;Não;BOLETIM DE OCORRENCIA;Classificada;10/09/2021 05:15;Não
2021-18344664-4;(BM) 2021-043601142-001;09/09/2021 12:08;ESTRADA ESTRADA DA FORTALEZA DE MINAS, Nº S/N - PASSOS;-207.380.751;-466.520.002;W08000 - CANCELADA POR INDISPONIBILIDADE DE VIATURA (C) (Prioridade: 3 - Baixa);1CIA IND/2CIA/PEL PREV E VIST(PASSOS);BM1362847;Não;Não;Não;BOLETIM DE OCORRENCIA;Classificada;10/09/2021 05:15;Não
2021-18345225-0;(BM) 2021-043602084-001;09/09/2021 13:03;RODOVIA MG 050, Nº S/N - MONSENHOR MESSIAS - PASSOS;-207.391.965;-465.994.767;O04014 - INCENDIO AS MARGENS DE RODOVIA (C) (Prioridade: 2 - Média);1CIA IND/2CIA/1PEL(PASSOS);ABTS0495;Não;Não;Não;BOLETIM DE OCORRENCIA;Classificada;10/09/2021 05:16;Não
2021-18345392-1;(BM) 2021-043611449-001;09/09/2021 13:15;RUA CORONEL JOAO DE BARROS, Nº S/N - CENTRO - PASSOS;-207.225.258;-466.102.743;X03000 - EMPENHO ADMINISTRATIVO (C) (Prioridade: 2 - Média);1CIA IND/2CIA/PEL PREV E VIST(PASSOS);APF01362;Não;Não;Não;BOLETIM DE OCORRENCIA;Classificada;10/09/2021 05:16;Não
2021-18347593-4;(BM) 2021-043631597-001;09/09/2021 15:25;ESTRADA ESTRADA DELFINOPOLIS/ SACRAMENTO, Nº S/N - DELFINOPOLIS;-202.822.874;-469.012.302;O04007 - INCENDIO EM PROPRIEDADE RURAL PARTICULAR (C) (Prioridade: 2 - Média);1CIA IND/2CIA/1PEL(PASSOS);ABTS0495 / ASL00064;Não;Não;Não;BOLETIM DE OCORRENCIA;Classificada;10/09/2021 05:16;Não
2021-18347675-7;(BM) 2021-043637240-001;09/09/2021 15:29;AVENIDA ANTONIO ADAO DA SILVA, Nº 628 - VILA BETINHO - PASSOS;-207.174.416;-466.356.575;P01001 - VISTORIA DE FISCALIZACAO (C) (Prioridade: 2 - Média);1CIA IND/2CIA/PEL PREV E VIST(PASSOS);TPO01115;Não;Não;Não;BOLETIM DE OCORRENCIA;Classificada;10/09/2021 05:17;Não
2021-18348064-9;(BM) 2021-043660727-001;09/09/2021 15:48;RUA AURORA, Nº S/N - BELO HORIZONTE - PASSOS;-20.724.585;-46.603.316;V02202 - VITIMA DE CHOQUE DE MOTOCICLETA (C) (Prioridade: 1 - Alta);1CIA IND/2CIA/1PEL(PASSOS);UR0565;Não;Não;Não;BOLETIM DE OCORRENCIA;Classificada;10/09/2021 05:18;Não
2021-18348114-5;(BM) 2021-043637685-001;09/09/2021 15:50;RUA JOSE DELFRARO, Nº 121 - FLAMBOYANT - PASSOS;-207.543.463;-466.057.463;P01001 - VISTORIA DE FISCALIZACAO (C) (Prioridade: 2 - Média);1CIA IND/2CIA/PEL PREV E VIST(PASSOS);TPO01115;Não;Não;Não;BOLETIM DE OCORRENCIA;Classificada;10/09/2021 05:17;Não
2021-18348468-8;(BM) 2021-043649677-001;09/09/2021 16:12;AVENIDA ESTACAO, Nº 332 - PARQUE DA ESTACAO - PASSOS;-207.080.759;-466.112.171;P02009 - VISTORIA POS-SINISTRO (C) (Prioridade: 2 - Média);1CIA IND/2CIA/PEL PREV E VIST(PASSOS);APF01362;Não;Não;Não;BOLETIM DE OCORRENCIA;Classificada;10/09/2021 05:17;Não
2021-18349227-7;(BM) 2021-043704205-001;09/09/2021 16:51;ESTRADA LIGACAO FORTALEZA DE MINAS X JACUI, KM 15, Nº S/N - FORTALEZA DE MINAS;-20.951.832;-467.543.796;W08000 - CANCELADA POR INDISPONIBILIDADE DE VIATURA (C) (Prioridade: 3 - Baixa);1CIA IND/2CIA/1PEL(PASSOS);BM1787076;Não;Não;Não;BOLETIM DE OCORRENCIA;Classificada;10/09/2021 05:15;Não
2021-18351905-9;(BM) 2021-043703674-001;09/09/2021 19:35;RODOVIA MG 344, Km 23 - IBIRACI;-20.415.066;-471.541.685;O04014 - INCENDIO AS MARGENS DE RODOVIA (C) (Prioridade: 2 - Média);1CIA IND/2CIA/1PEL(PASSOS);ABTS0495;Não;Não;Não;BOLETIM DE OCORRENCIA;Classificada;10/09/2021 05:17;Não
2021-18353014-0;(BM) 2021-043706220-001;09/09/2021 20:40;BASE PONTO DE APOIO AO PESP [ACESSO AO PARQUE ESTADUAL SERRA DO PAPAGAIO], Nº S/N - AIURUOCA;-220.057.098;-4.464.146;X03000 - EMPENHO ADMINISTRATIVO (C) (Prioridade: 2 - Média);1CIA IND (POCOS DE CALDAS);SIB0892;Não;Não;Não;BOLETIM DE OCORRENCIA;Classificada;10/09/2021 11:36;Não
2021-18358423-6;(BM) 2021-043747856-001;10/09/2021 08:01;RUA MINAS GERAIS, Nº 66 - CENTRO - IBIRACI;-204.642.316;-47.125.739;P01002 - VISTORIA DE LIBERACAO / EMISSAO DE AVCB (C) (Prioridade: 2 - Média);1CIA IND/2CIA/PEL PREV E VIST(PASSOS);APF01362;Não;Não;Não;BOLETIM DE OCORRENCIA;Classificada;10/09/2021 11:36;Não
2021-18359226-0;(BM) 2021-043756502-001;10/09/2021 09:07;RUA PARAISO, Nº S/N - PENHA - PASSOS;-207.172.676;-466.139.107;S06001 - SALVAMENTO DE ANIMAL EM RISCO / PERIGO (C) (Prioridade: 2 - Média);1CIA IND/2CIA/1PEL(PASSOS);ABTS0495;Não;Não;Não;BOLETIM DE OCORRENCIA;Classificada;11/09/2021 08:21;Não
2021-18360000-5;(BM) 2021-043781064-001;10/09/2021 10:05;RUA DOUTOR CARVALHO, Nº 1455 - NOSSA SENHORA DAS GRAÇAS - PASSOS;-207.352.269;-466.037.303;Q03017 - TREINAMENTO DE PRIMEIROS SOCORROS (C) (Prioridade: 2 - Média);1CIA IND/2CIA/1PEL(PASSOS);BM1123223;Não;Não;Não;BOLETIM DE OCORRENCIA;Classificada;11/09/2021 08:21;Não
2021-18361404-0;(BM) 2021-043782974-001;10/09/2021 11:50;RUA ALABAMA, Nº 140 - RESIDENCIAL ELDORADO - PASSOS;-207.302.493;-46.619.491;S06004 - CAPTURA DE OUTROS ANIMAIS DOMESTICOS PERIGOSOS / AGRESSIVOS (C) (Prioridade: 2 - Média);1CIA IND/2CIA/1PEL(PASSOS);ASL00064;Não;Não;Não;BOLETIM DE OCORRENCIA;Classificada;11/09/2021 08:20;Não
2021-18361408-0;(BM) 2021-043842286-001;10/09/2021 11:52;RUA DIVINOPOLIS, Nº 102 - COHAB 3 - PASSOS;-207.085.729;-466.250.547;V01013 - VITIMA DE EMERGENCIAS PSIQUIATRICAS (C) (Prioridade: 1 - Alta);1CIA IND/2CIA/1PEL(PASSOS);UR0565;Não;Não;Não;BOLETIM DE OCORRENCIA;Classificada;11/09/2021 08:19;Não
2021-18362301-2;(BM) 2021-043798557-001;10/09/2021 13:17;RODOVIA PASSOS / GLORIA, Nº S/N - PASSOS;-20.700.737;-46.586.887;W09000 - CANCELADA POR ORDEM DO ORGAO DE COORDENACAO E CONTROLE (C) (Prioridade: 3 - Baixa);1CIA IND/2CIA/1PEL(PASSOS);ASL00064 / UR0565;Não;Não;Não;BOLETIM DE OCORRENCIA;Classificada;11/09/2021 08:21;Não
2021-18362654-2;(BM) 2021-043796482-001;10/09/2021 13:45;PRACA DELFIM MOREIRA, Nº 80 - CENTRO - CAMPESTRE;-21.710.753;-462.461.835;P01001 - VISTORIA DE FISCALIZACAO (C) (Prioridade: 2 - Média);1CIA IND (POCOS DE CALDAS);TPO01399;Não;Não;Não;BOLETIM DE OCORRENCIA;Classificada;11/09/2021 06:16;Não
2021-18362835-7;(BM) 2021-043798804-001;10/09/2021 13:58;RUA VITORIA, Nº 481 - JARDIM COLEGIO DE PASSOS - PASSOS;-207.192.592;-465.929.167;P01001 - VISTORIA DE FISCALIZACAO (C) (Prioridade: 2 - Média);1CIA IND/2CIA/PEL PREV E VIST(PASSOS);APF01362;Não;Não;Não;BOLETIM DE OCORRENCIA;Classificada;11/09/2021 08:20;Não
2021-18362839-8;(BM) 2021-043798691-001;10/09/2021 13:59;RUA GARCA, Nº 364 - NOSSA SENHORA DAS GRAÇAS - PASSOS;-20.739.535;-466.066.772;V01999 - OUTROS TIPOS DE APH CLINICO (C) (Prioridade: 1 - Alta);1CIA IND/2CIA/1PEL(PASSOS);UR0565;Não;Não;Não;BOLETIM DE OCORRENCIA;Classificada;11/09/2021 08:05;Não
2021-18363098-6;(BM) 2021-043804108-001;10/09/2021 14:14;AVENIDA AMAZONAS, Nº 209 - BELA VISTA - PASSOS;-207.165.247;-466.003.647;P01001 - VISTORIA DE FISCALIZACAO (C) (Prioridade: 2 - Média);1CIA IND/2CIA/PEL PREV E VIST(PASSOS);APF01362;Não;Não;Não;BOLETIM DE OCORRENCIA;Classificada;11/09/2021 08:20;Não
2021-18363368-9;(BM) 2021-043805431-001;10/09/2021 14:30;RUA PORTO ALEGRE, Nº 354 - JARDIM COLEGIO DE PASSOS - PASSOS;-207.173.423;-465.934.015;P01001 - VISTORIA DE FISCALIZACAO (C) (Prioridade: 2 - Média);1CIA IND/2CIA/PEL PREV E VIST(PASSOS);APF01362;Não;Não;Não;BOLETIM DE OCORRENCIA;Classificada;11/09/2021 08:20;Não
2021-18363723-9;(BM) 2021-043809693-001;10/09/2021 14:46;AVENIDA ARLINDO FIGUEIREDO, Nº 1567 - JARDIM CIDADE - PASSOS;-207.286.406;-466.249.132;S06002 - CAPTURA DE ANIMAL SILVESTRE PERIGOSO / AGRESSIVO (C) (Prioridade: 2 - Média);1CIA IND/2CIA/1PEL(PASSOS);ASL00064;Não;Não;Não;BOLETIM DE OCORRENCIA;Classificada;11/09/2021 08:19;Não
2021-18363820-5;(BM) 2021-043811125-001;10/09/2021 14:50;RUA CANAPE, Nº 483 - CASARAO - PASSOS;-207.239.864;-465.900.186;P01001 - VISTORIA DE FISCALIZACAO (C) (Prioridade: 2 - Média);1CIA IND/2CIA/PEL PREV E VIST(PASSOS);APF01362;Não;Não;Não;BOLETIM DE OCORRENCIA;Classificada;11/09/2021 08:19;Não
2021-18364354-0;(BM) 2021-043827745-001;10/09/2021 15:15;AVENIDA ESTACAO, Nº S/N - PARQUE DA ESTACAO - PASSOS;-207.073.243;-466.109.132;O02036 - INCENDIO EM AMONTOADO DE MADEIRA (C) (Prioridade: 2 - Média);1CIA IND/2CIA/1PEL(PASSOS);ABTS0495;Não;Não;Não;BOLETIM DE OCORRENCIA;Classificada;11/09/2021 08:19;Não
2021-18366079-8;(BM) 2021-043841933-001;10/09/2021 16:48;AVENIDA MONTESE, Nº S/N - VILA RICA - PASSOS;-207.270.984;-465.958.404;O04012 - INCENDIO EM LOTE VAGO (AREA URBANA) (C) (Prioridade: 2 - Média);1CIA IND/2CIA/1PEL(PASSOS);ABTS0495;Não;Não;Não;BOLETIM DE OCORRENCIA;Classificada;11/09/2021 08:19;Não
2021-18368009-3;(BM) 2021-043861514-001;10/09/2021 18:37;RUA TAPAJOS, Nº 1971 - NOSSA SENHORA APARECIDA - PASSOS;-207.433.749;-466.067.707;V02102 - VITIMA DE ATROPELAMENTO POR MOTOCICLETA (C) (Prioridade: 1 - Alta);1CIA IND/2CIA/1PEL(PASSOS);UR0565;Não;Não;Não;BOLETIM DE OCORRENCIA;Classificada;11/09/2021 08:04;Não
2021-18369996-4;(BM) 2021-043880276-001;10/09/2021 20:37;RUA REMO, Nº 29 - PASSOS;-207.346.482;-46.602.086;S06005 - CAPTURA DE INSETOS (C) (Prioridade: 2 - Média);1CIA IND/2CIA/1PEL(PASSOS);ASL00064;Não;Não;Não;BOLETIM DE OCORRENCIA;Classificada;11/09/2021 08:19;Não
2021-18378024-3;(BM) 2021-043947796-001;11/09/2021 09:22;AVENIDA PALMARES, Nº 547 - CASARAO - PASSOS;-207.176.872;-465.905.961;S06002 - CAPTURA DE ANIMAL SILVESTRE PERIGOSO / AGRESSIVO (C) (Prioridade: 2 - Média);1CIA IND/2CIA/1PEL(PASSOS);ASL00064;Não;Não;Não;BOLETIM DE OCORRENCIA;Classificada;12/09/2021 07:53;Não
2021-18382088-0;(BM) 2021-043990999-001;11/09/2021 15:28;ESTRADA MUMBUCA, Nº S/N - PASSOS;-20.890.833;-46.593.611;O04007 - INCENDIO EM PROPRIEDADE RURAL PARTICULAR (C) (Prioridade: 2 - Média);1CIA IND/2CIA/1PEL(PASSOS);ASL00064;Não;Não;Não;BOLETIM DE OCORRENCIA;Classificada;12/09/2021 07:53;Não
2021-18384325-4;(BM) 2021-044015537-001;11/09/2021 18:01;RUA CATAGUASES, Nº 51 - PENHA - PASSOS;-207.180.651;-466.193.004;O04012 - INCENDIO EM LOTE VAGO (AREA URBANA) (C) (Prioridade: 2 - Média);1CIA IND/2CIA/1PEL(PASSOS);ABTS0495;Não;Não;Não;BOLETIM DE OCORRENCIA;Classificada;12/09/2021 07:53;Não
2021-18385833-0;(BM) 2021-044038269-001;11/09/2021 19:32;RODOVIA MG 344, Nº S/N - CASSIA;-206.059.151;-468.965.632;O04008 - INCENDIO EM AREA RURAL NAO PROTEGIDA (C) (Prioridade: 2 - Média);1CIA IND/2CIA/1PEL(PASSOS);ASL00064;Não;Não;Não;BOLETIM DE OCORRENCIA;Classificada;12/09/2021 07:53;Não
2021-18387637-3;(BM) 2021-044038215-001;11/09/2021 21:17;RUA LARGO SAO JOSE, Nº 102 - CALIFORNIA - PASSOS;-207.057.329;-466.138.171;V03018 - VITIMA DE QUEDA DA PROPRIA ALTURA (C) (Prioridade: 1 - Alta);1CIA IND/2CIA/1PEL(PASSOS);UR0565;Não;Não;Não;BOLETIM DE OCORRENCIA;Classificada;12/09/2021 07:53;Não
2021-18391164-7;(BM) 2021-044529586-001;12/09/2021 00:16;RANCHO DOS IPES - ADRIANO REIS DORNELES, Nº S/N - PASSOS;-206.686.129;-464.563.601;V03018 - VITIMA DE QUEDA DA PROPRIA ALTURA (C) (Prioridade: 1 - Alta);1CIA IND/2CIA/1PEL(PASSOS);UR0565;Não;Não;Não;ATENPO-ATENDIDA POR OUTROS ÓRGÃOS;Classificada;12/09/2021 07:53;Não
2021-18394926-0;(BM) 2021-044090490-001;12/09/2021 07:13;AVENIDA PAULO ESPER PIMENTA, Nº 151 - PANORAMA - PASSOS;-207.092.421;-466.125.297;O02001 - INCENDIO EM RESIDENCIA/HABITACAO UNIFAMILIAR (CASA) (C) (Prioridade: 1 - Alta);1CIA IND/2CIA/1PEL(PASSOS);ABTS0495;Não;Não;Não;BOLETIM DE OCORRENCIA;Classificada;12/09/2021 07:53;Não
2021-18395314-0;(BM) 2021-044097843-001;12/09/2021 08:15;AVENIDA JK, Nº S/N - MONSENHOR MESSIAS - PASSOS;-207.342.178;-465.979.772;V02502 - VITIMA DE QUEDA (MOTOCICLISTA) (C) (Prioridade: 1 - Alta);1CIA IND/2CIA/1PEL(PASSOS);UR0565;Não;Não;Não;BOLETIM DE OCORRENCIA;Classificada;14/09/2021 07:35;Não
2021-18395618-4;(BM) 2021-044097213-001;12/09/2021 08:54;AVENIDA AROUCA, Nº 122 - CENTRO - PASSOS;-207.150.673;-466.095.371;Y40009 - APOIO AEREO A ORGAOS ESTADUAIS (C) (Prioridade: 2 - Média);1CIA IND/2CIA/1PEL(PASSOS);ASL00064;Não;Sim;Não;BOLETIM DE OCORRENCIA;Classificada;12/09/2021 09:27;Não
2021-18395784-3;(BM) 2021-044114279-001;12/09/2021 09:09;RUA ANTONIO PADUA AMANCIO, Nº 145 - INDUSTRIAL JK - VARGINHA;-215.783.205;-454.432.126;X03000 - EMPENHO ADMINISTRATIVO (C) (Prioridade: 2 - Média);1CIA IND (POCOS DE CALDAS);TPO01026;Não;Não;Não;BOLETIM DE OCORRENCIA;Classificada;12/09/2021 17:43;Não
2021-18397478-8;(BM) 2021-044113757-001;12/09/2021 12:33;RUA RIO NEGRO / RUA RIO BRANCO - SANTA LUZIA - PASSOS;-207.081.333;-46.599.358;V03018 - VITIMA DE QUEDA DA PROPRIA ALTURA (C) (Prioridade: 1 - Alta);1CIA IND/2CIA/1PEL(PASSOS);UR0565;Não;Não;Não;BOLETIM DE OCORRENCIA;Classificada;12/09/2021 13:09;Não
2021-18397551-6;(BM) 2021-044113588-001;12/09/2021 12:43;RUA DOUTOR CARVALHO, Nº 1455 - NOSSA SENHORA DAS GRAÇAS - PASSOS;-207.352.269;-466.037.303;Q03001 - TREINAMENTO DE COMBATE A INCENDIO (C) (Prioridade: 2 - Média);1CIA IND/2CIA/1PEL(PASSOS);BM1636356;Não;Não;Não;BOLETIM DE OCORRENCIA;Classificada;12/09/2021 13:05;Não
2021-18398572-1;(BM) 2021-044121935-001;12/09/2021 14:25;ACESSO RURAL ESTRADA VICINAL ALPINOPOLIS A BOM JESUS DA PENHA, Nº S/N - ALPINOPOLIS;-20.874.237;-463.982.016;W04000 - NADA CONSTATADO (C) (Prioridade: 3 - Baixa);1CIA IND/2CIA/1PEL(PASSOS);ASL00064;Não;Não;Não;BOLETIM DE OCORRENCIA;Classificada;12/09/2021 15:32;Não
2021-18399036-0;(BM) 2021-044126940-001;12/09/2021 14:53;RODOVIA MG 050, Nº S/N - MONSENHOR MESSIAS - PASSOS;-207.391.965;-465.994.767;O04007 - INCENDIO EM PROPRIEDADE RURAL PARTICULAR (C) (Prioridade: 2 - Média);1CIA IND/2CIA/1PEL(PASSOS);ABTS0495;Não;Não;Não;BOLETIM DE OCORRENCIA;Classificada;14/09/2021 06:51;Não
2021-18400455-4;(BM) 2021-044155626-001;12/09/2021 16:28;AVENIDA EXPEDICIONARIOS, Nº S/N - MIRANTE DO VALE - PASSOS;-207.256.744;-465.818.365;O04011 - INCENDIO EM AREA URBANA NAO PROTEGIDA (C) (Prioridade: 2 - Média);1CIA IND/2CIA/1PEL(PASSOS);ASL00064;Não;Não;Não;BOLETIM DE OCORRENCIA;Classificada;14/09/2021 06:51;Não
2021-18400655-3;(BM) 2021-044146575-001;12/09/2021 16:42;RUA JOAO BATISTA PEREIRA, Nº S/N - JARDIM CANADA II - PASSOS;-20.755.809;-466.082.442;W08000 - CANCELADA POR INDISPONIBILIDADE DE VIATURA (C) (Prioridade: 3 - Baixa);1CIA IND/2CIA/PEL PREV E VIST(PASSOS);BM1362847;Não;Não;Não;BOLETIM DE OCORRENCIA;Classificada;12/09/2021 16:45;Não
2021-18402109-4;(BM) 2021-044190170-001;12/09/2021 18:09;RODOVIA MG 444, Km 44 - JOAQUIM JULIO - CAPETINGA;-206.238.142;-470.590.157;S04013 - BUSCA E RECUPERACAO DE CADAVER EM TERRA/EDIFICACOES (C) (Prioridade: 2 - Média);1CIA IND/2CIA/1PEL(PASSOS);ASL00064;Não;Não;Não;BOLETIM DE OCORRENCIA;Classificada;13/09/2021 05:21;Não
2021-18402878-9;(BM) 2021-044161818-001;12/09/2021 18:52;RUA ALAOR PRATA DE CASTRO, Nº 461 - JARDIM ITALIA - PASSOS;-207.496.252;-466.048.655;V01003 - VITIMA COM CRISE CONVULSIVA (C) (Prioridade: 1 - Alta);1CIA IND/2CIA/1PEL(PASSOS);UR0565;Não;Não;Não;BOLETIM DE OCORRENCIA;Classificada;13/09/2021 05:21;Não
2021-18409094-7;(BM) 2021-044216913-001;13/09/2021 02:28;RUA TRES DE MAIO, Nº 517 - SAO BENEDITO - PASSOS;-207.242.091;-466.024.738;V01010 - VITIMA COM DOR TORACICA/SUSPEITA DE INFARTO (IAM) (C) (Prioridade: 1 - Alta);1CIA IND/2CIA/1PEL(PASSOS);UR0565;Não;Não;Não;BOLETIM DE OCORRENCIA;Classificada;13/09/2021 05:21;Não
2021-18410904-2;(BM) 2021-044234824-001;13/09/2021 08:36;RUA DOUTOR CARVALHO, Nº 1455 - NOSSA SENHORA DAS GRAÇAS - PASSOS;-207.352.269;-466.037.303;Q03005 - TREINAMENTO DE SALVAMENTO TERRESTRE (C) (Prioridade: 2 - Média);1CIA IND/2CIA/1PEL(PASSOS);BM1206671;Não;Não;Não;BOLETIM DE OCORRENCIA;Classificada;14/09/2021 07:36;Não
2021-18411487-2;(BM) 2021-044241813-001;13/09/2021 09:27;AVENIDA DONA LIQUINHA SILVEIRA, Nº 1560 - CALIFORNIA - PASSOS;-207.029.818;-466.194.851;P01002 - VISTORIA DE LIBERACAO / EMISSAO DE AVCB (C) (Prioridade: 2 - Média);1CIA IND/2CIA/PEL PREV E VIST(PASSOS);TPO01115;Não;Não;Não;BOLETIM DE OCORRENCIA;Classificada;14/09/2021 07:36;Não
2021-18411923-2;(BM) 2021-044247300-001;13/09/2021 10:01;PRACA CRUZEIRO, Nº 84 - JARDIM SATELITE - PASSOS;-207.160.718;-466.200.257;P01001 - VISTORIA DE FISCALIZACAO (C) (Prioridade: 2 - Média);1CIA IND/2CIA/PEL PREV E VIST(PASSOS);TPO01115;Não;Não;Não;BOLETIM DE OCORRENCIA;Classificada;14/09/2021 07:36;Não
2021-18412093-2;(BM) 2021-044249772-001;13/09/2021 10:12;AVENIDA JUCA STOCKLER, Nº 840 - BELO HORIZONTE - PASSOS;-20.731.089;-466.045.713;P01002 - VISTORIA DE LIBERACAO / EMISSAO DE AVCB (C) (Prioridade: 2 - Média);1CIA IND/2CIA/PEL PREV E VIST(PASSOS);TPO01115;Não;Não;Não;BOLETIM DE OCORRENCIA;Classificada;14/09/2021 07:36;Não
2021-18412400-0;(BM) 2021-044253742-001;13/09/2021 10:34;AVENIDA JUPITER, Nº 945 - COHAB 3 - PASSOS;-207.068.416;-466.225.766;P01001 - VISTORIA DE FISCALIZACAO (C) (Prioridade: 2 - Média);1CIA IND/2CIA/PEL PREV E VIST(PASSOS);TPO01115;Não;Não;Não;BOLETIM DE OCORRENCIA;Classificada;14/09/2021 07:35;Não
2021-18412802-3;(BM) 2021-044272225-001;13/09/2021 11:00;RUA COIMBRAS, Nº 542 - NOSSA SENHORA DE FATIMA - PASSOS;-207.038.554;-466.143.081;V01010 - VITIMA COM DOR TORACICA/SUSPEITA DE INFARTO (IAM) (C) (Prioridade: 1 - Alta);1CIA IND/2CIA/1PEL(PASSOS);UR0565;Não;Não;Não;BOLETIM DE OCORRENCIA;Classificada;14/09/2021 07:35;Não
2021-18413198-6;(BM) 2021-044266964-001;13/09/2021 11:33;RUA ITAJAI, Nº 920 - SERRA DAS BRISAS - PASSOS;-207.316.239;-465.965.211;V02409 - VITIMA DE COLISAO ENTRE AUTOMOVEL X CAMINHAO / CARRETA (C) (Prioridade: 1 - Alta);1CIA IND/2CIA/1PEL(PASSOS);UR0565;Não;Não;Não;BOLETIM DE OCORRENCIA;Classificada;14/09/2021 07:35;Não
2021-18413401-8;(BM) 2021-044270596-001;13/09/2021 11:50;RUA GARCA, Nº 304 - NOSSA SENHORA DAS GRAÇAS - PASSOS;-207.393.237;-466.061.202;V03019 - VITIMA DE QUEDA DE ALTURA (C) (Prioridade: 1 - Alta);1CIA IND/2CIA/1PEL(PASSOS);1193;Não;Não;Não;BOLETIM DE OCORRENCIA;Classificada;14/09/2021 07:34;Não
2021-18413553-6;(BM) 2021-044271970-001;13/09/2021 12:05;RUA JOSE MARIANO NEGRINHO, Nº 424 - COHAB 5 - PASSOS;-207.181.969;-466.373.767;V01024 - VITIMA DE SUICIDIO (TENTATIVA) - APH CLINICO (C) (Prioridade: 1 - Alta);1CIA IND/2CIA/1PEL(PASSOS);UR0565;Não;Não;Não;BOLETIM DE OCORRENCIA;Classificada;14/09/2021 07:34;Não
2021-18414348-2;(BM) 2021-044280080-001;13/09/2021 13:23;AVENIDA QUEROBINO MOURAO FILHO, Nº S/N - BELA VISTA - PIUMHI;-204.644.981;-459.515.721;X03000 - EMPENHO ADMINISTRATIVO (C) (Prioridade: 2 - Média);1CIA IND/2CIA/PEL PREV E VIST(PASSOS);APF01362;Não;Não;Não;BOLETIM DE OCORRENCIA;Classificada;14/09/2021 07:35;Não
2021-18414391-1;;13/09/2021 13:24;AVENIDA QUEROBINO MOURAO FILHO, Nº S/N - BELA VISTA - PIUMHI;-204.644.981;-459.515.721;X03000 - EMPENHO ADMINISTRATIVO (C) (Prioridade: 2 - Média);1CIA IND/2CIA/1PEL(PASSOS);;Não;Não;Não;DUPLICADA;Classificada;13/09/2021 13:32;Não
2021-18414768-8;(BM) 2021-044283617-001;13/09/2021 13:52;RODOVIA MG 050, Nº S/N - MONSENHOR MESSIAS - PASSOS;-207.391.965;-465.994.767;O04008 - INCENDIO EM AREA RURAL NAO PROTEGIDA (C) (Prioridade: 2 - Média);1CIA IND/2CIA/1PEL(PASSOS);ASL00064;Não;Não;Não;BOLETIM DE OCORRENCIA;Classificada;14/09/2021 07:35;Não
2021-18415493-7;(BM) 2021-044307830-001;13/09/2021 14:31;RUA JOSE MARIANO NEGRINHO, Nº 424 - COHAB 5 - PASSOS;-207.181.969;-466.373.767;V01023 - VITIMA DE SINCOPE (DESMAIO)/VERTIGEM (C) (Prioridade: 1 - Alta);1CIA IND/2CIA/1PEL(PASSOS);UR0565;Não;Não;Não;BOLETIM DE OCORRENCIA;Classificada;14/09/2021 07:34;Não
2021-18417001-1;(BM) 2021-044325319-001;13/09/2021 15:46;ILHA TRES ILHAS, Nº S/N - PASSOS;-206.441.688;-465.831.371;V01003 - VITIMA COM CRISE CONVULSIVA (C) (Prioridade: 1 - Alta);1CIA IND/2CIA/1PEL(PASSOS);UR0565;Não;Não;Não;BOLETIM DE OCORRENCIA;Classificada;14/09/2021 07:34;Não
2021-18420570-5;(BM) 2021-044358124-001;13/09/2021 19:11;RUA MANTIQUEIRA, Nº 169 - VILA RICA - PASSOS;-207.255.909;-465.948.375;V01005 - VITIMA COM CRISE HIPERTENSIVA/HIPOTENSAO (C) (Prioridade: 1 - Alta);1CIA IND/2CIA/1PEL(PASSOS);UR0565;Não;Não;Não;BOLETIM DE OCORRENCIA;Classificada;14/09/2021 07:34;Não
2021-18420631-8;(BM) 2021-044394011-001;13/09/2021 19:15;RUA SANTA CRUZ, Nº 103 - CANDEIAS - PASSOS;-20.721.721;-466.161.533;P02011 - VISTORIA EM ENXAME DE INSETOS (C) (Prioridade: 2 - Média);1CIA IND/2CIA/1PEL(PASSOS);ASL00064;Não;Não;Não;BOLETIM DE OCORRENCIA;Classificada;14/09/2021 07:35;Não
2021-18424394-6;(BM) 2021-044399841-001;13/09/2021 23:45;RUA RODRIGUES DE AMORIM, Nº S/N - JARDIM DAS PAINEIRAS - ITAU DE MINAS;-207.485.554;-467.548.816;O04008 - INCENDIO EM AREA RURAL NAO PROTEGIDA (C) (Prioridade: 2 - Média);1CIA IND/2CIA/1PEL(PASSOS);ABTS0495;Não;Não;Não;BOLETIM DE OCORRENCIA;Classificada;14/09/2021 07:35;Não
2021-18427500-8;(BM) 2021-044428622-001;14/09/2021 09:14;RUA HONORIO DA SILVA LEMOS, Nº S/N - VILA ROMANA - PASSOS;-207.412.616;-46.610.549;V01018 - VITIMA DE MAL NAO DEFINIDO (DISTURBIO) (C) (Prioridade: 1 - Alta);1CIA IND/2CIA/1PEL(PASSOS);UR0565;Não;Não;Não;BOLETIM DE OCORRENCIA;Classificada;15/09/2021 07:14;Não
2021-18428513-5;(BM) 2021-044461782-001;14/09/2021 10:36;PRACA MONSENHOR MESSIAS BRAGANCA, Nº S/N - CENTRO - PASSOS;-207.184.137;-46.610.858;O02038 - INCENDIO EM REDE ELETRICA / POSTE / CURTO-CIRCUITO (C) (Prioridade: 2 - Média);1CIA IND/2CIA/1PEL(PASSOS);ASL00064 / ABTS0495;Não;Não;Não;BOLETIM DE OCORRENCIA;Classificada;15/09/2021 07:15;Não
2021-18428909-6;(BM) 2021-044446351-001;14/09/2021 11:04;RUA MATO GROSSO, Nº S/N - SANTA LUZIA - PASSOS;-207.079.603;-466.019.731;V01018 - VITIMA DE MAL NAO DEFINIDO (DISTURBIO) (C) (Prioridade: 1 - Alta);1CIA IND/2CIA/1PEL(PASSOS);UR0565;Não;Não;Não;BOLETIM DE OCORRENCIA;Classificada;15/09/2021 07:14;Não
2021-18430136-5;(BM) 2021-044461610-001;14/09/2021 12:56;RUA CORONEL JOAO LOURENCO, Nº 122 - PARQUE DA ESTACAO - PASSOS;-207.078.162;-46.613.048;V01010 - VITIMA COM DOR TORACICA/SUSPEITA DE INFARTO (IAM) (C) (Prioridade: 1 - Alta);1CIA IND/2CIA/1PEL(PASSOS);UR0565;Não;Não;Não;BOLETIM DE OCORRENCIA;Classificada;15/09/2021 07:12;Não
2021-18434442-3;(BM) 2021-044515500-001;14/09/2021 17:06;AVENIDA UNIMED, Nº S/N - MIRANTE DO VALE - PASSOS;-207.234.112;-465.770.051;P02001 - VISTORIA EM HIDRANTE (C) (Prioridade: 2 - Média);1CIA IND/2CIA/1PEL(PASSOS);ABTS0495;Não;Não;Não;BOLETIM DE OCORRENCIA;Classificada;15/09/2021 07:15;Não
2021-18434472-4;(BM) 2021-044515673-001;14/09/2021 17:07;RUA DOUTOR CARVALHO, Nº 1455 - NOSSA SENHORA DAS GRAÇAS - PASSOS;-207.352.269;-466.037.303;Q03999 - OUTROS TIPOS DE TREINAMENTO (C) (Prioridade: 2 - Média);1CIA IND/2CIA/1PEL(PASSOS);BM1274612;Não;Não;Não;BOLETIM DE OCORRENCIA;Classificada;15/09/2021 07:15;Não
2021-18435938-4;(BM) 2021-044536077-001;14/09/2021 18:31;ESTRADA MUMBUCA, Nº S/N - PASSOS;-20.890.833;-46.593.611;O04007 - INCENDIO EM PROPRIEDADE RURAL PARTICULAR (C) (Prioridade: 2 - Média);1CIA IND/2CIA/1PEL(PASSOS);ASL00064;Não;Não;Não;BOLETIM DE OCORRENCIA;Classificada;15/09/2021 07:15;Não
2021-18436931-0;(BM) 2021-044546148-001;14/09/2021 19:32;RUA JOSE VALADAO, Nº 77 - COHAB 3 - PASSOS;-207.044.014;-466.259.655;V01004 - VITIMA COM CRISE DIABETICA / HIPOGLICEMIA (C) (Prioridade: 1 - Alta);1CIA IND/2CIA/1PEL(PASSOS);UR0565;Não;Não;Não;BOLETIM DE OCORRENCIA;Classificada;15/09/2021 07:12;Não
2021-18437360-7;(BM) 2021-044545498-001;14/09/2021 20:00;RUA POR DO SOL, Nº S/N - CONDOMÍNIO LUCIANA - PASSOS;-206.857.466;-466.522.557;O04013 - INCENDIO EM PASTO (C) (Prioridade: 2 - Média);1CIA IND/2CIA/1PEL(PASSOS);ABTS0495;Não;Não;Não;BOLETIM DE OCORRENCIA;Classificada;15/09/2021 07:15;Não
2021-18437400-0;;14/09/2021 20:02;RUA DOUTOR CARVALHO, Nº 1455 - NOSSA SENHORA DAS GRAÇAS - PASSOS;-207.352.269;-466.037.303;W08000 - CANCELADA POR INDISPONIBILIDADE DE VIATURA (C) (Prioridade: 3 - Baixa);1CIA IND/2CIA/1PEL(PASSOS);;Não;Não;Não;W08000-CANCELADA POR INDISPONIBILIDADE DE MEIOS;Classificada;14/09/2021 20:07;Não
2021-18440093-0;(BM) 2021-044574552-001;14/09/2021 23:06;RUA GOIAS, Nº 1105 - SANTA LUZIA - PASSOS;-207.109;-466.008.457;V02103 - VITIMA DE ATROPELAMENTO POR AUTOMOVEL (CARRO / CAMINHONETE) (C) (Prioridade: 1 - Alta);1CIA IND/2CIA/1PEL(PASSOS);UR0565;Não;Não;Não;BOLETIM DE OCORRENCIA;Classificada;15/09/2021 07:12;Não
2021-18441399-6;(BM) 2021-044592946-001;15/09/2021 01:27;RUA POR DO SOL, Nº S/N - CONDOMÍNIO LUCIANA - PASSOS;-206.857.466;-466.522.557;O04007 - INCENDIO EM PROPRIEDADE RURAL PARTICULAR (C) (Prioridade: 2 - Média);1CIA IND/2CIA/1PEL(PASSOS);ABTS0495;Não;Não;Não;BOLETIM DE OCORRENCIA;Classificada;15/09/2021 07:15;Não
2021-18443060-8;(BM) 2021-044605200-001;15/09/2021 08:07;AVENIDA POCOS DE CALDAS, Nº 545 - COHAB 2 - PASSOS;-207.098.318;-466.259.729;V01001 - VITIMA DE ACIDENTE VASCULAR CEREBRAL (AVC) (C) (Prioridade: 1 - Alta);1CIA IND/2CIA/1PEL(PASSOS);UR0565;Não;Não;Não;BOLETIM DE OCORRENCIA;Classificada;15/09/2021 17:43;Não
2021-18443524-7;(BM) 2021-044610846-001;15/09/2021 08:45;RUA ESPERANCA, Nº S/N - MUARAMA 2 - PASSOS;-207.348.179;-466.135.751;P01002 - VISTORIA DE LIBERACAO / EMISSAO DE AVCB (C) (Prioridade: 2 - Média);1CIA IND/2CIA/PEL PREV E VIST(PASSOS);APF01362;Não;Não;Não;BOLETIM DE OCORRENCIA;Classificada;15/09/2021 17:44;Não
2021-18443753-4;(BM) 2021-044612635-001;15/09/2021 09:08;RUA BARAO DO RIO BRANCO, Nº 1198 - CENTRO - PASSOS;-207.248.087;-466.059.648;P01002 - VISTORIA DE LIBERACAO / EMISSAO DE AVCB (C) (Prioridade: 2 - Média);1CIA IND/2CIA/PEL PREV E VIST(PASSOS);APF01362;Não;Não;Não;BOLETIM DE OCORRENCIA;Classificada;15/09/2021 17:44;Não
2021-18444170-1;(BM) 2021-044617679-001;15/09/2021 09:42;RUA GONCALVES DIAS, Nº 397 - SAO BENEDITO - PASSOS;-207.183.183;-466.056.162;P01002 - VISTORIA DE LIBERACAO / EMISSAO DE AVCB (C) (Prioridade: 2 - Média);1CIA IND/2CIA/PEL PREV E VIST(PASSOS);APF01362;Não;Não;Não;BOLETIM DE OCORRENCIA;Classificada;15/09/2021 17:44;Não
2021-18444990-5;(BM) 2021-044632861-001;15/09/2021 10:46;AVENIDA COMENDADOR FRANCISCO A MAIA, Nº 1870 - SANTA CASA - PASSOS;-207.150.494;-466.128.561;S06001 - SALVAMENTO DE ANIMAL EM RISCO / PERIGO (C) (Prioridade: 2 - Média);1CIA IND/2CIA/1PEL(PASSOS);ABTS0495;Não;Não;Não;BOLETIM DE OCORRENCIA;Classificada;15/09/2021 17:44;Não
2021-18445472-6;(BM) 2021-044633418-001;15/09/2021 11:22;AVENIDA LIBERDADE, Nº S/N - UNIVERSITARIO - ITAU DE MINAS;-207.435.483;-467.562.108;S06001 - SALVAMENTO DE ANIMAL EM RISCO / PERIGO (C) (Prioridade: 2 - Média);1CIA IND/2CIA/1PEL(PASSOS);ASL00064;Não;Não;Não;BOLETIM DE OCORRENCIA;Classificada;15/09/2021 17:44;Não
2021-18445716-9;(BM) 2021-044637037-001;15/09/2021 11:46;AVENIDA ARLINDO FIGUEIREDO, Nº S/N - JARDIM PINHEIROS 2 - PASSOS;-207.262.479;-466.225.308;O04013 - INCENDIO EM PASTO (C) (Prioridade: 2 - Média);1CIA IND/2CIA/1PEL(PASSOS);ABTS0495;Não;Não;Não;BOLETIM DE OCORRENCIA;Classificada;15/09/2021 17:44;Não
2021-18446276-3;(BM) 2021-044646185-001;15/09/2021 12:38;PRACA MONSENHOR MESSIAS BRAGANCA, Nº 80 - CENTRO - PASSOS;-207.175.775;-466.099.009;V01999 - OUTROS TIPOS DE APH CLINICO (C) (Prioridade: 1 - Alta);1CIA IND/2CIA/1PEL(PASSOS);UR0565;Não;Não;Não;BOLETIM DE OCORRENCIA;Classificada;15/09/2021 17:43;Não
2021-18446630-0;(BM) 2021-044651617-001;15/09/2021 13:11;RUA MONTES CLAROS, Nº 641 - COHAB 3 - PASSOS;-20.706.008;-466.288.678;V01999 - OUTROS TIPOS DE APH CLINICO (C) (Prioridade: 1 - Alta);1CIA IND/2CIA/1PEL(PASSOS);UR0565;Não;Não;Não;BOLETIM DE OCORRENCIA;Classificada;15/09/2021 17:43;Não
2021-18447825-5;(BM) 2021-044661703-001;15/09/2021 14:35;RUA CORONEL JOAO DE BARROS, Nº S/N - CENTRO - PASSOS;-207.225.258;-466.102.743;O02036 - INCENDIO EM AMONTOADO DE MADEIRA (C) (Prioridade: 2 - Média);1CIA IND/2CIA/1PEL(PASSOS);ABTS0495;Não;Não;Não;BOLETIM DE OCORRENCIA;Classificada;15/09/2021 17:44;Não
2021-18448027-0;(BM) 2021-044676006-001;15/09/2021 14:45;RUA ROSAS, Nº 677 - PANORAMA - PASSOS;-207.062.185;-466.195.069;P01001 - VISTORIA DE FISCALIZACAO (C) (Prioridade: 2 - Média);1CIA IND/2CIA/PEL PREV E VIST(PASSOS);APF01362;Não;Não;Não;BOLETIM DE OCORRENCIA;Classificada;15/09/2021 17:44;Não
2021-18448199-5;(BM) 2021-044675917-001;15/09/2021 14:55;RUA AMBROSIA DAS GRACAS CUNHA, Nº S/N - PENHA 2 - PASSOS;-207.189.852;-466.317.664;P01001 - VISTORIA DE FISCALIZACAO (C) (Prioridade: 2 - Média);1CIA IND/2CIA/PEL PREV E VIST(PASSOS);APF01362;Não;Não;Não;BOLETIM DE OCORRENCIA;Classificada;15/09/2021 17:44;Não
2021-18449240-2;(BM) 2021-044678754-001;15/09/2021 15:43;RUA LIBRA, Nº S/N - SERRA VERDE - PASSOS;-207.393.103;-465.944.975;O02036 - INCENDIO EM AMONTOADO DE MADEIRA (C) (Prioridade: 2 - Média);1CIA IND/2CIA/1PEL(PASSOS);ABTS0495;Não;Não;Não;BOLETIM DE OCORRENCIA;Classificada;15/09/2021 17:43;Não
2021-18450072-7;(BM) 2021-044704899-001;15/09/2021 16:27;RUA RIACHO, Nº 78 - NOVO HORIZONTE - PASSOS;-207.312.326;-466.009.785;V01999 - OUTROS TIPOS DE APH CLINICO (C) (Prioridade: 1 - Alta);1CIA IND/2CIA/1PEL(PASSOS);UR0565;Não;Não;Não;BOLETIM DE OCORRENCIA;Classificada;15/09/2021 17:42;Não
2021-18451745-1;(BM) 2021-044751535-001;15/09/2021 18:00;RUA JOAQUIM LOPES, Nº 561 - PENHA - PASSOS;-207.166.936;-466.260.959;V03018 - VITIMA DE QUEDA DA PROPRIA ALTURA (C) (Prioridade: 1 - Alta);1CIA IND/2CIA/1PEL(PASSOS);UR0565;Não;Não;Não;BOLETIM DE OCORRENCIA;Classificada;16/09/2021 06:05;Não
2021-18460406-7;(BM) 2021-044797233-001;16/09/2021 09:08;RUA DOUTOR CARVALHO, Nº 1455 - NOSSA SENHORA DAS GRAÇAS - PASSOS;-207.352.269;-466.037.303;Q03004 - TREINAMENTO DE SALVAMENTO EM ALTURA (C) (Prioridade: 2 - Média);1CIA IND/2CIA/1PEL(PASSOS);BM1317692;Não;Não;Não;BOLETIM DE OCORRENCIA;Classificada;17/09/2021 06:33;Não
2021-18462132-4;(BM) 2021-044818726-001;16/09/2021 11:14;AVENIDA COMENDADOR FRANCISCO A MAIA, Nº 44 - SANTA CASA - PASSOS;-207.154.969;-466.128.465;V02408 - VITIMA DE COLISAO ENTRE AUTOMOVEL X MOTOCICLETA (C) (Prioridade: 1 - Alta);1CIA IND/2CIA/1PEL(PASSOS);UR0565;Não;Não;Não;BOLETIM DE OCORRENCIA;Classificada;16/09/2021 12:06;Não
2021-18463721-0;(BM) 2021-044843219-001;16/09/2021 13:34;RUA ADOLFO COELHO LEMOS, Nº S/N - JARDIM PINHEIROS - PASSOS;-207.232.123;-466.219.862;X03000 - EMPENHO ADMINISTRATIVO (C) (Prioridade: 2 - Média);1CIA IND/2CIA/PEL PREV E VIST(PASSOS);TPO01115;Não;Não;Não;BOLETIM DE OCORRENCIA;Classificada;16/09/2021 15:01;Não
2021-18464109-3;(BM) 2021-044843823-001;16/09/2021 14:04;RUA NEBRASKA, Nº 92 - RESIDENCIAL ELDORADO - PASSOS;-207.323.831;-466.206.592;P01002 - VISTORIA DE LIBERACAO / EMISSAO DE AVCB (C) (Prioridade: 2 - Média);1CIA IND/2CIA/PEL PREV E VIST(PASSOS);APF01362;Não;Não;Não;BOLETIM DE OCORRENCIA;Classificada;16/09/2021 15:02;Não
2021-18464273-7;(BM) 2021-044866737-002;16/09/2021 14:13;RODOVIA MG 050, Km 327 - ALPINOPOLIS;-206.948.665;-463.623.889;V02409 - VITIMA DE COLISAO ENTRE AUTOMOVEL X CAMINHAO / CARRETA (C) (Prioridade: 1 - Alta);1CIA IND/2CIA/1PEL(PASSOS);UR0565 / ASL00064;Não;Não;Não;BOLETIM DE OCORRENCIA;Classificada;17/09/2021 06:33;Não
2021-18464495-9;(BM) 2021-044846896-001;16/09/2021 14:26;AVENIDA EXPEDICIONARIOS, Nº 1296 - JARDIM COLEGIO DE PASSOS - PASSOS;-207.239.524;-46.595.366;P01002 - VISTORIA DE LIBERACAO / EMISSAO DE AVCB (C) (Prioridade: 2 - Média);1CIA IND/2CIA/PEL PREV E VIST(PASSOS);APF01362;Não;Não;Não;BOLETIM DE OCORRENCIA;Classificada;16/09/2021 15:02;Não
2021-18465023-5;(BM) 2021-044855869-001;16/09/2021 14:49;RUA TRES CORACOES, Nº 532 - CENTENARIO - PASSOS;-207.292.267;-466.119.972;P01001 - VISTORIA DE FISCALIZACAO (C) (Prioridade: 2 - Média);1CIA IND/2CIA/PEL PREV E VIST(PASSOS);APF01362;Não;Não;Não;BOLETIM DE OCORRENCIA;Classificada;16/09/2021 15:22;Não
2021-18465362-0;(BM) 2021-044859841-001;16/09/2021 15:04;RUA CAXAMBU, Nº 947 - CENTENARIO - PASSOS;-207.286.067;-466.134.897;P01001 - VISTORIA DE FISCALIZACAO (C) (Prioridade: 2 - Média);1CIA IND/2CIA/PEL PREV E VIST(PASSOS);APF01362;Não;Não;Não;BOLETIM DE OCORRENCIA;Classificada;16/09/2021 15:22;Não
2021-18471746-7;(BM) 2021-044928888-001;16/09/2021 21:12;RUA ONIX, Nº S/N - ACLIMACAO - PASSOS;-207.500.911;-465.975.266;O04011 - INCENDIO EM AREA URBANA NAO PROTEGIDA (C) (Prioridade: 2 - Média);1CIA IND/2CIA/1PEL(PASSOS);ABTS0495;Não;Não;Não;BOLETIM DE OCORRENCIA;Classificada;16/09/2021 21:51;Não
2021-18473367-0;(BM) 2021-044957171-001;16/09/2021 23:07;RUA MIGUEL FERREIRA NEVES, Nº S/N - RECANTO DA TEKA - PASSOS;-207.471.368;-465.963.149;O04011 - INCENDIO EM AREA URBANA NAO PROTEGIDA (C) (Prioridade: 2 - Média);1CIA IND/2CIA/1PEL(PASSOS);ABTS0495;Não;Não;Não;BOLETIM DE OCORRENCIA;Classificada;17/09/2021 06:33;Não
2021-18475291-0;(BM) 2021-044963520-001;17/09/2021 02:35;AVENIDA PAULO ESPER PIMENTA, Nº 151 - PANORAMA - PASSOS;-207.092.421;-466.125.297;O04011 - INCENDIO EM AREA URBANA NAO PROTEGIDA (C) (Prioridade: 2 - Média);1CIA IND/2CIA/1PEL(PASSOS);ABTS0495;Não;Não;Não;BOLETIM DE OCORRENCIA;Classificada;17/09/2021 06:33;Não
2021-18475301-2;(BM) 2021-044963441-001;17/09/2021 02:37;RUA MIGUEL FERREIRA NEVES, Nº S/N - RECANTO DA TEKA - PASSOS;-207.471.368;-465.963.149;O04011 - INCENDIO EM AREA URBANA NAO PROTEGIDA (C) (Prioridade: 2 - Média);1CIA IND/2CIA/1PEL(PASSOS);ASL00064;Não;Não;Não;BOLETIM DE OCORRENCIA;Classificada;17/09/2021 06:33;Não
2021-18477338-3;(BM) 2021-044996532-001;17/09/2021 09:04;RUA DOUTOR CARVALHO, Nº 1455 - NOSSA SENHORA DAS GRAÇAS - PASSOS;-207.352.269;-466.037.303;Q03004 - TREINAMENTO DE SALVAMENTO EM ALTURA (C) (Prioridade: 2 - Média);1CIA IND/2CIA/1PEL(PASSOS);BM1206671;Não;Não;Não;BOLETIM DE OCORRENCIA;Classificada;18/09/2021 08:04;Não
2021-18477714-3;(BM) 2021-044989440-001;17/09/2021 09:33;AVENIDA CHICO XAVIER, Nº S/N - JARDIM PLANALTO - PASSOS;-207.197.803;-466.285.997;S06002 - CAPTURA DE ANIMAL SILVESTRE PERIGOSO / AGRESSIVO (C) (Prioridade: 2 - Média);1CIA IND/2CIA/1PEL(PASSOS);ASL00064;Não;Não;Não;BOLETIM DE OCORRENCIA;Classificada;18/09/2021 08:04;Não
2021-18478718-0;(BM) 2021-045005015-001;17/09/2021 10:46;RODOVIA MG 050, Nº S/N - SANTA TEREZINHA - ITAU DE MINAS;-207.498.551;-467.534.723;V02403 - VITIMA DE COLISAO ENTRE AUTOMOVEIS (CARRO / CAMINHONETE) (C) (Prioridade: 1 - Alta);1CIA IND/2CIA/1PEL(PASSOS);ABTS0495 / UR0565;Não;Não;Não;BOLETIM DE OCORRENCIA;Classificada;18/09/2021 08:04;Não
2021-18480767-8;(BM) 2021-045027407-001;17/09/2021 13:45;RUA DOUTOR SATURNINO, Nº 300 - CENTRO - PASSOS;-207.223.944;-466.123.876;S06001 - SALVAMENTO DE ANIMAL EM RISCO / PERIGO (C) (Prioridade: 2 - Média);1CIA IND/2CIA/1PEL(PASSOS);ASL00064;Não;Não;Não;BOLETIM DE OCORRENCIA;Classificada;18/09/2021 08:04;Não
2021-18481431-2;(BM) 2021-045031998-001;17/09/2021 14:23;RUA CORONEL VIRGILIO SILVA, Nº 4490 - POCOS DE CALDAS;-217.966.492;-465.205.734;P01002 - VISTORIA DE LIBERACAO / EMISSAO DE AVCB (C) (Prioridade: 2 - Média);1CIA IND (POCOS DE CALDAS);TPO01026;Não;Não;Não;BOLETIM DE OCORRENCIA;Classificada;17/09/2021 16:56;Não
2021-18481846-8;(BM) 2021-045038385-001;17/09/2021 14:47;RODOVIA MG 050, Km 307, Nº S/N - PASSOS;;;X03000 - EMPENHO ADMINISTRATIVO (C) (Prioridade: 2 - Média);1CIA IND/2CIA/1PEL(PASSOS);ASL00064;Não;Não;Não;BOLETIM DE OCORRENCIA;Classificada;18/09/2021 08:04;Não
2021-18482223-0;(BM) 2021-045059393-001;17/09/2021 15:05;RUA PERU, Nº 160 - JARDIM QUISISANA - POCOS DE CALDAS;-217.968.962;-465.665.343;P01001 - VISTORIA DE FISCALIZACAO (C) (Prioridade: 2 - Média);1CIA IND (POCOS DE CALDAS);TPO01026;Não;Não;Não;BOLETIM DE OCORRENCIA;Classificada;17/09/2021 16:56;Não
2021-18482487-2;(BM) 2021-045045073-001;17/09/2021 15:17;RUA ESTADOS UNIDOS, Nº 181 - JARDIM QUISISANA - POCOS DE CALDAS;-217.982.679;-46.563.965;P01001 - VISTORIA DE FISCALIZACAO (C) (Prioridade: 2 - Média);1CIA IND (POCOS DE CALDAS);TPO01026;Não;Não;Não;BOLETIM DE OCORRENCIA;Classificada;17/09/2021 16:56;Não
2021-18482623-9;(BM) 2021-045046695-001;17/09/2021 15:23;RUA ESTADOS UNIDOS, Nº 111 - JARDIM BELA VISTA - POCOS DE CALDAS;-217.980.774;-465.643.338;P01001 - VISTORIA DE FISCALIZACAO (C) (Prioridade: 2 - Média);1CIA IND (POCOS DE CALDAS);TPO01026;Não;Não;Não;BOLETIM DE OCORRENCIA;Classificada;17/09/2021 16:56;Não
2021-18483436-7;(BM) 2021-045056963-001;17/09/2021 16:08;RUA ASSIS FIGUEIREDO, Nº 1422 - CENTRO - POCOS DE CALDAS;-217.906.026;-465.664.136;P01001 - VISTORIA DE FISCALIZACAO (C) (Prioridade: 2 - Média);1CIA IND (POCOS DE CALDAS);TPO01026;Não;Não;Não;BOLETIM DE OCORRENCIA;Classificada;17/09/2021 16:56;Não
2021-18484497-7;(BM) 2021-045075931-001;17/09/2021 17:09;RUA GUAPE, Nº S/N - JARDIM ELAINE - PASSOS;-20.696.374;-466.110.661;V01018 - VITIMA DE MAL NAO DEFINIDO (DISTURBIO) (C) (Prioridade: 1 - Alta);1CIA IND/2CIA/1PEL(PASSOS);UR0565;Não;Não;Não;BOLETIM DE OCORRENCIA;Classificada;18/09/2021 08:04;Não
2021-18486794-3;(BM) 2021-045100376-001;17/09/2021 19:15;AVENIDA ANTONIO ADAO DA SILVA, Nº S/N - PENHA 2 - PASSOS;-207.191.081;-466.319.509;V01018 - VITIMA DE MAL NAO DEFINIDO (DISTURBIO) (C) (Prioridade: 1 - Alta);1CIA IND/2CIA/1PEL(PASSOS);UR0565;Não;Não;Não;BOLETIM DE OCORRENCIA;Classificada;18/09/2021 08:03;Não
2021-18487050-1;(BM) 2021-045100272-001;17/09/2021 19:29;RUA SANTA CRUZ, Nº 103 - CANDEIAS - PASSOS;-20.721.721;-466.161.533;S06005 - CAPTURA DE INSETOS (C) (Prioridade: 2 - Média);1CIA IND/2CIA/1PEL(PASSOS);ASL00064;Não;Não;Não;BOLETIM DE OCORRENCIA;Classificada;18/09/2021 08:04;Não
2021-18487056-8;(BM) 2021-045100179-001;17/09/2021 19:30;RUA PORTUGAL, Nº 281 - NOVO MUNDO - PASSOS;-207.262.915;-465.921.794;V01013 - VITIMA DE EMERGENCIAS PSIQUIATRICAS (C) (Prioridade: 1 - Alta);1CIA IND/2CIA/1PEL(PASSOS);UR0565;Não;Não;Não;BOLETIM DE OCORRENCIA;Classificada;18/09/2021 07:56;Não
2021-18488268-1;(BM) 2021-045108147-001;17/09/2021 20:40;RUA SANTA LUZIA, Nº 310 - CANDEIAS - PASSOS;-207.235.432;-466.171.027;V01017 - VITIMA DE INTOXICACAO / ENVENENAMENTO (C) (Prioridade: 1 - Alta);1CIA IND/2CIA/1PEL(PASSOS);UR0565;Não;Não;Não;BOLETIM DE OCORRENCIA;Classificada;18/09/2021 07:56;Não
2021-18489801-3;(BM) 2021-045134280-001;17/09/2021 22:16;RUA COIMBRAS, Nº 580 - NOSSA SENHORA DE FATIMA - PASSOS;-207.035.638;-466.145.004;V01018 - VITIMA DE MAL NAO DEFINIDO (DISTURBIO) (C) (Prioridade: 1 - Alta);1CIA IND/2CIA/1PEL(PASSOS);UR0565;Não;Não;Não;BOLETIM DE OCORRENCIA;Classificada;18/09/2021 07:56;Não
2021-18490364-8;;17/09/2021 22:52;RODOVIA CONTORNO, Nº 515 - POCOS DE CALDAS;;;S06001 - SALVAMENTO DE ANIMAL EM RISCO / PERIGO (C) (Prioridade: 2 - Média);1CIA IND (POCOS DE CALDAS);;Não;Não;Não;ATENPO-ATENDIDA POR OUTROS ÓRGÃOS;Classificada;17/09/2021 23:57;Não
2021-18492166-5;(BM) 2021-045142637-001;18/09/2021 00:36;RUA VARGINHA, Nº 575 - COHAB 2 - PASSOS;-207.073.147;-466.301.352;V01024 - VITIMA DE SUICIDIO (TENTATIVA) - APH CLINICO (C) (Prioridade: 1 - Alta);1CIA IND/2CIA/1PEL(PASSOS);UR0565;Não;Não;Não;BOLETIM DE OCORRENCIA;Classificada;18/09/2021 07:56;Não
2021-18497195-0;;18/09/2021 11:02;RUA DOUTOR CARVALHO, Nº 1455 - NOSSA SENHORA DAS GRAÇAS - PASSOS;-207.352.269;-466.037.303;Q03017 - TREINAMENTO DE PRIMEIROS SOCORROS (C) (Prioridade: 2 - Média);1CIA IND/2CIA/1PEL(PASSOS);BM1274612;Não;Não;Não;ATENPO-ATENDIDA POR OUTROS ÓRGÃOS;Classificada;19/09/2021 07:26;Não
2021-18497781-3;(BM) 2021-045195183-001;18/09/2021 12:03;PRACA GERALDO DA SILVA MAIA, Nº S/N - CENTRO - PASSOS;-207.208.941;-46.609.005;V02408 - VITIMA DE COLISAO ENTRE AUTOMOVEL X MOTOCICLETA (C) (Prioridade: 1 - Alta);1CIA IND/2CIA/1PEL(PASSOS);UR0565;Não;Não;Não;BOLETIM DE OCORRENCIA;Classificada;19/09/2021 07:26;Não
2021-18508410-7;(BM) 2021-045244398-001;18/09/2021 19:12;AVENIDA COMENDADOR FRANCISCO A MAIA, Nº S/N - SANTA CASA - PASSOS;-207.146.788;-466.127.072;O02033 - INCENDIO EM AMONTOADO DE LIXO (C) (Prioridade: 2 - Média);1CIA IND/2CIA/1PEL(PASSOS);ABTS0495;Não;Não;Não;BOLETIM DE OCORRENCIA;Classificada;19/09/2021 07:26;Não
2021-18508442-3;(BM) 2021-045276456-001;18/09/2021 19:14;AVENIDA ARLINDO FIGUEIREDO, Nº S/N - JARDIM PINHEIROS 2 - PASSOS;-207.262.479;-466.225.308;W03000 - SOLICITANTE ENCONTRADO - PROVIDENCIA DISPENSADA (C) (Prioridade: 3 - Baixa);1CIA IND/2CIA/1PEL(PASSOS);UR0565;Não;Não;Não;BOLETIM DE OCORRENCIA;Classificada;19/09/2021 07:26;Não
2021-18509143-8;(BM) 2021-045250733-001;18/09/2021 19:48;RODOVIA MG 050, Nº S/N - SANTA TEREZINHA - ITAU DE MINAS;-207.498.551;-467.534.723;O04014 - INCENDIO AS MARGENS DE RODOVIA (C) (Prioridade: 2 - Média);1CIA IND/2CIA/1PEL(PASSOS);ABTS0495;Não;Não;Não;BOLETIM DE OCORRENCIA;Classificada;19/09/2021 07:26;Não
2021-18510410-0;(BM) 2021-045265534-001;18/09/2021 20:55;RUA JAIME GOMES, Nº 112 - CENTRO - PASSOS;-207.190.048;-466.117.397;V01019 - VITIMA COM OBSTRUCAO DE VIAS AEREAS POR CORPOS ESTRANHOS (C) (Prioridade: 1 - Alta);1CIA IND/2CIA/1PEL(PASSOS);UR0565;Não;Não;Não;BOLETIM DE OCORRENCIA;Classificada;19/09/2021 07:26;Não
2021-18511106-4;(BM) 2021-045268960-001;18/09/2021 21:34;RODOVIA MG 050, Nº 290 - RECANTO DA TEKA - PASSOS;-207.397.962;-465.997.944;W10000 - DISPENSADA POR DUPLICIDADE DE EMPENHO COM OUTROS ORGAOS (C) (Prioridade: 1 - Alta);1CIA IND/2CIA/1PEL(PASSOS);UR0565;Não;Não;Não;BOLETIM DE OCORRENCIA;Classificada;19/09/2021 07:26;Não
2021-18518571-2;(BM) 2021-045319607-001;19/09/2021 07:15;RUA DOUTOR CARVALHO, Nº 1455 - NOSSA SENHORA DAS GRAÇAS - PASSOS;-207.352.269;-466.037.303;Q03017 - TREINAMENTO DE PRIMEIROS SOCORROS (C) (Prioridade: 2 - Média);1CIA IND/2CIA/1PEL(PASSOS);BM1123223;Não;Não;Não;BOLETIM DE OCORRENCIA;Classificada;19/09/2021 07:53;Não
2021-18519340-5;(BM) 2021-045330215-001;19/09/2021 08:59;RUA DOUTOR SEPULVEDA, Nº S/N - SANTA CASA - PASSOS;-207.105.701;-466.129.292;V02999 - OUTROS TIPOS DE APH DE TRAUMAS EM ACIDENTES DE TRANSITO   (C) (Prioridade: 1 - Alta);1CIA IND/2CIA/1PEL(PASSOS);UR0565;Não;Não;Não;BOLETIM DE OCORRENCIA;Classificada;20/09/2021 06:25;Não
2021-18520252-7;(BM) 2021-045337769-001;19/09/2021 10:39;RODOVIA MG 050, Nº S/N - MONSENHOR MESSIAS - PASSOS;-207.391.965;-465.994.767;V02412 - VITIMA DE COLISAO ENTRE CAMINHAO / CARRETA X MOTOCICLETA (C) (Prioridade: 1 - Alta);1CIA IND/2CIA/1PEL(PASSOS);UR0565 / ABTS0495;Não;Não;Não;BOLETIM DE OCORRENCIA;Classificada;20/09/2021 06:25;Não
2021-18522152-3;(BM) 2021-045351420-001;19/09/2021 14:09;RUA LAJINHA, Nº S/N - COHAB 2 - PASSOS;-20.709.546;-466.306.837;O04012 - INCENDIO EM LOTE VAGO (AREA URBANA) (C) (Prioridade: 2 - Média);1CIA IND/2CIA/1PEL(PASSOS);ABTS0495;Não;Não;Não;BOLETIM DE OCORRENCIA;Classificada;20/09/2021 06:24;Não
2021-18522193-0;(BM) 2021-045351370-001;19/09/2021 14:14;RUA DOUTOR CARVALHO, Nº 1455 - NOSSA SENHORA DAS GRAÇAS - PASSOS;-207.352.269;-466.037.303;S02003 - AFOGAMENTO EM LAGO / LAGOA / REPRESA (C) (Prioridade: 1 - Alta);1CIA IND/2CIA/1PEL(PASSOS);ASL00064;Não;Não;Não;BOLETIM DE OCORRENCIA;Classificada;20/09/2021 07:59;Não
2021-18523347-8;(BM) 2021-045440940-001;19/09/2021 15:25;RUA FARMACEUTICOS, Nº 435 - NOVO HORIZONTE - PASSOS;-207.324.442;-466.021.377;V03999 - OUTROS TIPOS DE APH DE TRAUMAS DIVERSOS   (C) (Prioridade: 1 - Alta);1CIA IND/2CIA/1PEL(PASSOS);UR0565;Não;Não;Não;BOLETIM DE OCORRENCIA;Classificada;20/09/2021 06:25;Não
2021-18523835-1;;19/09/2021 15:56;ACESSO RURAL fazenda oscar - zona rural guaranesia - GUARANESIA;;;W08000 - CANCELADA POR INDISPONIBILIDADE DE VIATURA (C) (Prioridade: 3 - Baixa);1CIA IND (POCOS DE CALDAS);;Não;Não;Não;FALTEF-NÃO ATENDIDA FALTA DE EFETIVO;Classificada;19/09/2021 16:04;Não
2021-18524661-8;(BM) 2021-045377312-001;19/09/2021 16:45;RUA BARBACENA, Nº 626 - PASSOS;-2.073.177;-466.249.983;W03000 - SOLICITANTE ENCONTRADO - PROVIDENCIA DISPENSADA (C) (Prioridade: 3 - Baixa);1CIA IND/2CIA/1PEL(PASSOS);UR0565;Não;Não;Não;BOLETIM DE OCORRENCIA;Classificada;20/09/2021 06:22;Não
2021-18526051-8;(BM) 2021-045443762-001;19/09/2021 18:06;RUA ESTRADA DO SOL, Nº S/N - CONDOMÍNIO LUCIANA - PASSOS;-206.871.979;-466.491.246;O04008 - INCENDIO EM AREA RURAL NAO PROTEGIDA (C) (Prioridade: 2 - Média);1CIA IND/2CIA/1PEL(PASSOS);ASL00064;Não;Não;Não;BOLETIM DE OCORRENCIA;Classificada;20/09/2021 06:25;Não
2021-18526476-7;(BM) 2021-045429979-001;19/09/2021 18:28;RODOVIARIA MG 184, Nº S/N - CARMO DO RIO CLARO;-209.719.639;-461.391.345;V02403 - VITIMA DE COLISAO ENTRE AUTOMOVEIS (CARRO / CAMINHONETE) (C) (Prioridade: 1 - Alta);1CIA IND/2CIA/1PEL(PASSOS);ABTS0495 / UR0565;Não;Não;Não;BOLETIM DE OCORRENCIA;Classificada;20/09/2021 06:26;Não
2021-18536506-2;(BM) 2021-045489852-001;20/09/2021 10:22;RUA MARIA GRAZIA ERRICO, Nº 100 - JARDIM ELVIRA DIAS - POCOS DE CALDAS;-21.784.913;-465.976.996;Y30999 - OUTROS TIPOS DE OPERACOES DO CORPO DE BOMBEIROS MILITAR (C) (Prioridade: 3 - Baixa);1CIA IND (POCOS DE CALDAS);TPO01026;Não;Não;Não;BOLETIM DE OCORRENCIA;Classificada;20/09/2021 20:19;Não
2021-18537589-5;(BM) 2021-045500070-001;20/09/2021 11:33;POVOADO BARRA DOS MARINS, Nº S/N - MARMELOPOLIS;-224.452.778;-451.377.778;X03000 - EMPENHO ADMINISTRATIVO (C) (Prioridade: 2 - Média);1CIA IND (POCOS DE CALDAS);TPO01026;Não;Não;Não;BOLETIM DE OCORRENCIA;Classificada;20/09/2021 20:57;Não
2021-18538465-8;(BM) 2021-045516151-001;20/09/2021 12:58;RUA CARLOS SUHADOLNIK, Nº 225 - DISTRITO INDUSTRIAL 1 - PASSOS;-207.084.972;-465.951.209;O04011 - INCENDIO EM AREA URBANA NAO PROTEGIDA (C) (Prioridade: 2 - Média);1CIA IND/2CIA/1PEL(PASSOS);ABTS0495;Não;Não;Não;BOLETIM DE OCORRENCIA;Classificada;20/09/2021 18:14;Não
2021-18543301-0;(BM) 2021-045570263-001;20/09/2021 17:11;RUA BOROROS, Nº 1814 - VILA ROMANA - PASSOS;-207.424.076;-466.085.018;P02011 - VISTORIA EM ENXAME DE INSETOS (C) (Prioridade: 2 - Média);1CIA IND/2CIA/1PEL(PASSOS);ASL00064;Não;Não;Não;BOLETIM DE OCORRENCIA;Classificada;20/09/2021 18:14;Não
2021-18544427-3;(BM) 2021-045583810-001;20/09/2021 18:13;RUA DOUTOR CARVALHO, Nº 1455 - NOSSA SENHORA DAS GRAÇAS - PASSOS;-207.352.269;-466.037.303;Q03001 - TREINAMENTO DE COMBATE A INCENDIO (C) (Prioridade: 2 - Média);1CIA IND/2CIA/1PEL(PASSOS);BM1317692;Não;Não;Não;BOLETIM DE OCORRENCIA;Classificada;20/09/2021 19:02;Não
2021-18545275-2;(BM) 2021-045592746-001;20/09/2021 19:01;RUA VENUS, Nº 81 - PASSOS;-207.318.802;-465.878.373;O04011 - INCENDIO EM AREA URBANA NAO PROTEGIDA (C) (Prioridade: 2 - Média);1CIA IND/2CIA/1PEL(PASSOS);ABTS0495;Não;Não;Não;BOLETIM DE OCORRENCIA;Classificada;21/09/2021 00:00;Não
2021-18547293-5;(BM) 2021-045625434-001;20/09/2021 21:10;AVENIDA FLORIANOPOLIS, Nº S/N - JARDIM PLANALTO - SAO JOAO BATISTA GLORIA;-206.285.069;-465.129.388;O04008 - INCENDIO EM AREA RURAL NAO PROTEGIDA (C) (Prioridade: 2 - Média);1CIA IND/2CIA/1PEL(PASSOS);ASL00064;Não;Não;Não;BOLETIM DE OCORRENCIA;Classificada;21/09/2021 00:00;Não
2021-18548269-6;(BM) 2021-045630060-001;20/09/2021 22:29;RUA DOUTOR CARVALHO, Nº 1455 - NOSSA SENHORA DAS GRAÇAS - PASSOS;-207.352.269;-466.037.303;V03012 - VITIMA COM OBJETO PRESO AO CORPO (C) (Prioridade: 1 - Alta);1CIA IND/2CIA/1PEL(PASSOS);UR0565;Não;Não;Não;BOLETIM DE OCORRENCIA;Classificada;21/09/2021 00:01;Não
2021-18551774-7;(BM) 2021-045681770-001;21/09/2021 08:20;RUA DOUTOR CARVALHO, Nº 1455 - NOSSA SENHORA DAS GRAÇAS - PASSOS;-207.352.269;-466.037.303;Q03005 - TREINAMENTO DE SALVAMENTO TERRESTRE (C) (Prioridade: 2 - Média);1CIA IND/2CIA/1PEL(PASSOS);BM1206671;Não;Não;Não;BOLETIM DE OCORRENCIA;Classificada;22/09/2021 06:56;Não
2021-18552871-9;(BM) 2021-045682173-001;21/09/2021 09:51;RUA SAO SEBASTIAO, Nº 168 - CARMELO - PASSOS;-207.150.335;-466.039.171;O02039 - INCENDIO EM TRONCO DE ARVORE (C) (Prioridade: 2 - Média);1CIA IND/2CIA/1PEL(PASSOS);ABTS0495;Não;Não;Não;BOLETIM DE OCORRENCIA;Classificada;22/09/2021 06:57;Não
2021-18552950-3;(BM) 2021-045677744-001;21/09/2021 09:59;RUA DIVINOPOLIS, Nº 55 - COHAB 3 - PASSOS;-207.089.369;-466.246.573;V01018 - VITIMA DE MAL NAO DEFINIDO (DISTURBIO) (C) (Prioridade: 1 - Alta);1CIA IND/2CIA/1PEL(PASSOS);UR0565;Não;Não;Não;BOLETIM DE OCORRENCIA;Classificada;22/09/2021 06:58;Não
2021-18554234-6;(BM) 2021-045694886-001;21/09/2021 11:32;AVENIDA JUCA STOCKLER, Nº S/N - SAO JOAQUIM - PASSOS;-207.420.993;-46.600.964;O04011 - INCENDIO EM AREA URBANA NAO PROTEGIDA (C) (Prioridade: 2 - Média);1CIA IND/2CIA/1PEL(PASSOS);ABTS0495;Não;Não;Não;BOLETIM DE OCORRENCIA;Classificada;22/09/2021 06:57;Não
2021-18555515-0;(BM) 2021-045710079-001;21/09/2021 13:32;RUA AGUAS, Nº S/N - SERRA VERDE - PASSOS;-207.431.921;-465.944.904;V03019 - VITIMA DE QUEDA DE ALTURA (C) (Prioridade: 1 - Alta);1CIA IND/2CIA/1PEL(PASSOS);UR0565;Não;Não;Não;BOLETIM DE OCORRENCIA;Classificada;18/10/2021 07:14;Não
2021-18556063-6;(BM) 2021-045716994-001;21/09/2021 14:09;AVENIDA PENHA, Nº 498 - PENHA - PASSOS;-207.152.231;-466.253.664;V01018 - VITIMA DE MAL NAO DEFINIDO (DISTURBIO) (C) (Prioridade: 1 - Alta);1CIA IND/2CIA/1PEL(PASSOS);UR0565;Não;Não;Não;BOLETIM DE OCORRENCIA;Classificada;22/09/2021 06:58;Não
2021-18559086-8;(BM) 2021-045753977-002;21/09/2021 16:41;ESTRADA PRINCIPAL USINA RIO GRANDE KM 20 - REGIAO DA USINA, Nº S/N - PASSOS;-2.055.711;-466.430.633;O04008 - INCENDIO EM AREA RURAL NAO PROTEGIDA (C) (Prioridade: 2 - Média);1CIA IND/2CIA/1PEL(PASSOS);ABTS0495 / ASL00064;Não;Não;Não;BOLETIM DE OCORRENCIA;Classificada;22/09/2021 06:57;Não
2021-18559607-9;(BM) 2021-045847268-001;21/09/2021 17:09;RUA MOINHO, Nº S/N - CASARAO - PASSOS;-20.721.632;-465.903.058;O04011 - INCENDIO EM AREA URBANA NAO PROTEGIDA (C) (Prioridade: 2 - Média);1CIA IND/2CIA/1PEL(PASSOS);ABTS0495;Não;Não;Não;BOLETIM DE OCORRENCIA;Classificada;22/09/2021 06:57;Não
2021-18560911-7;(BM) 2021-045774812-001;21/09/2021 18:13;RUA PARDAL, Nº S/N - PARQUE DA FAZENDA - PASSOS;-207.383.312;-466.113.382;V02402 - VITIMA DE COLISAO ENTRE MOTOCICLETAS (C) (Prioridade: 1 - Alta);1CIA IND/2CIA/1PEL(PASSOS);UR0565;Não;Não;Não;BOLETIM DE OCORRENCIA;Classificada;22/09/2021 06:58;Não
2021-18562554-2;(BM) 2021-045791233-001;21/09/2021 19:37;RODOVIA MG 050, Nº S/N - MONSENHOR MESSIAS - PASSOS;-207.391.965;-465.994.767;O02042 - INCENDIO EM ONIBUS/MICRO-ONIBUS (C) (Prioridade: 2 - Média);1CIA IND/2CIA/1PEL(PASSOS);ABTS0495;Não;Não;Não;BOLETIM DE OCORRENCIA;Classificada;22/09/2021 06:57;Não
2021-18564254-0;(BM) 2021-045822800-001;21/09/2021 21:29;RODOVIA MG 344, Km 86 - ITAU DE MINAS;-207.421.789;-468.018.379;S06011 - CORTE DE ARVORE CAIDA SOBRE VEICULO (C) (Prioridade: 2 - Média);1CIA IND/2CIA/1PEL(PASSOS);ASL00064;Não;Não;Não;BOLETIM DE OCORRENCIA;Classificada;22/09/2021 06:57;Não
2021-18564749-2;(BM) 2021-045853293-001;21/09/2021 22:06;RUA CARLOS SUHADOLNIK, Nº S/N - DISTRITO INDUSTRIAL 1 - PASSOS;-20.708.576;-465.933.708;O02013 - INCENDIO EM EDIFICACAO INDUSTRIAL (C) (Prioridade: 1 - Alta);1CIA IND/2CIA/1PEL(PASSOS);ABTS0495 / UR0565;Não;Não;Não;BOLETIM DE OCORRENCIA;Classificada;22/09/2021 08:02;Não
2021-18564885-0;(BM) 2021-045824523-001;21/09/2021 22:15;RUA JULIA RODRIGUES PINTO, Nº S/N - SANTA MARIA - CASSIA;-205.919.274;-469.208.326;W08000 - CANCELADA POR INDISPONIBILIDADE DE VIATURA (C) (Prioridade: 3 - Baixa);1CIA IND/2CIA/1PEL(PASSOS);BM1797430;Não;Não;Não;BOLETIM DE OCORRENCIA;Classificada;22/09/2021 06:56;Não
2021-18567906-5;(BM) 2021-045846837-001;22/09/2021 06:37;AVENIDA JK, Nº S/N - MONSENHOR MESSIAS - PASSOS;-207.342.178;-465.979.772;V03018 - VITIMA DE QUEDA DA PROPRIA ALTURA (C) (Prioridade: 1 - Alta);1CIA IND/2CIA/1PEL(PASSOS);UR0565;Não;Não;Não;BOLETIM DE OCORRENCIA;Classificada;22/09/2021 06:58;Não
2021-18568429-3;(BM) 2021-045852258-001;22/09/2021 07:49;RUA DOUTOR CARVALHO, Nº 1455 - NOSSA SENHORA DAS GRAÇAS - PASSOS;-207.352.269;-466.037.303;V03012 - VITIMA COM OBJETO PRESO AO CORPO (C) (Prioridade: 1 - Alta);1CIA IND/2CIA/1PEL(PASSOS);BM1640390;Não;Não;Não;BOLETIM DE OCORRENCIA;Classificada;23/09/2021 07:26;Não
2021-18569001-1;(BM) 2021-045858164-001;22/09/2021 08:36;PRACA JOAO BARBOSA SOBRINHO, Nº S/N - CENTRO - CONCEICAO DA APARECIDA;-210.936.447;-462.045.168;P01002 - VISTORIA DE LIBERACAO / EMISSAO DE AVCB (C) (Prioridade: 2 - Média);1CIA IND/2CIA/PEL PREV E VIST(PASSOS);APF01362;Não;Não;Não;BOLETIM DE OCORRENCIA;Classificada;23/09/2021 07:27;Não
2021-18569738-3;;22/09/2021 09:39;RUA DOUTOR CARVALHO, Nº 1455 - NOSSA SENHORA DAS GRAÇAS - PASSOS;-207.352.269;-466.037.303;Q03999 - OUTROS TIPOS DE TREINAMENTO (C) (Prioridade: 2 - Média);1CIA IND/2CIA/1PEL(PASSOS);BM1644855;Não;Não;Não;ATENPO-ATENDIDA POR OUTROS ÓRGÃOS;Classificada;23/09/2021 07:27;Não
2021-18571732-0;(BM) 2021-045891650-001;22/09/2021 12:09;AVENIDA COMENDADOR FRANCISCO A MAIA, Nº 3020 - CENTRO - PASSOS;-207.246.673;-466.117.191;S06002 - CAPTURA DE ANIMAL SILVESTRE PERIGOSO / AGRESSIVO (C) (Prioridade: 2 - Média);1CIA IND/2CIA/1PEL(PASSOS);ASL00064;Não;Não;Não;BOLETIM DE OCORRENCIA;Classificada;23/09/2021 07:27;Não
2021-18572151-2;(BM) 2021-045896310-001;22/09/2021 12:52;RUA JOAO PIMENTA / RUA PARA - BELA VISTA - PASSOS;-207.182.824;-465.953.419;V02408 - VITIMA DE COLISAO ENTRE AUTOMOVEL X MOTOCICLETA (C) (Prioridade: 1 - Alta);1CIA IND/2CIA/1PEL(PASSOS);UR0565;Não;Não;Não;BOLETIM DE OCORRENCIA;Classificada;23/09/2021 07:26;Não
2021-18573977-8;(BM) 2021-045919897-001;22/09/2021 14:58;RUA GARCA, Nº 170 - NOSSA SENHORA DAS GRAÇAS - PASSOS;-207.389.014;-466.049.761;P01001 - VISTORIA DE FISCALIZACAO (C) (Prioridade: 2 - Média);1CIA IND/2CIA/PEL PREV E VIST(PASSOS);APF01362;Não;Não;Não;BOLETIM DE OCORRENCIA;Classificada;23/09/2021 07:27;Não
2021-18574124-0;(BM) 2021-045922204-001;22/09/2021 15:04;RUA EQUADOR, Nº 396 - POLIVALENTE - PASSOS;-207.054.111;-466.050.963;P01001 - VISTORIA DE FISCALIZACAO (C) (Prioridade: 2 - Média);1CIA IND/2CIA/PEL PREV E VIST(PASSOS);APF01362;Não;Não;Não;BOLETIM DE OCORRENCIA;Classificada;23/09/2021 07:27;Não
2021-18574277-1;(BM) 2021-045923594-001;22/09/2021 15:11;RUA RIO PARDO, Nº 1170 - RECANTO DA HARMONIA - PASSOS;-207.037.858;-465.995.818;P01001 - VISTORIA DE FISCALIZACAO (C) (Prioridade: 2 - Média);1CIA IND/2CIA/PEL PREV E VIST(PASSOS);APF01362;Não;Não;Não;BOLETIM DE OCORRENCIA;Classificada;23/09/2021 07:27;Não
2021-18574409-0;(BM) 2021-045926193-001;22/09/2021 15:16;AVENIDA JOSE CAETANO DE ANDRADE, Nº 467 - PASSOS;-207.277.503;-466.089.369;S06001 - SALVAMENTO DE ANIMAL EM RISCO / PERIGO (C) (Prioridade: 2 - Média);1CIA IND/2CIA/1PEL(PASSOS);ABTS0495;Não;Não;Não;BOLETIM DE OCORRENCIA;Classificada;23/09/2021 07:27;Não
2021-18574464-9;(BM) 2021-045926400-001;22/09/2021 15:20;RUA ESPIRITO SANTO, Nº 160 - BELA VISTA - PASSOS;-207.180.769;-465.991.904;P01001 - VISTORIA DE FISCALIZACAO (C) (Prioridade: 2 - Média);1CIA IND/2CIA/PEL PREV E VIST(PASSOS);APF01362;Não;Não;Não;BOLETIM DE OCORRENCIA;Classificada;23/09/2021 07:27;Não
2021-18575065-9;(BM) 2021-045933680-001;22/09/2021 15:47;RUA PERNAMBUCO, Nº 707 - CENTRO - POCOS DE CALDAS;-21.783.942;-465.661.437;X03000 - EMPENHO ADMINISTRATIVO (C) (Prioridade: 2 - Média);1CIA IND (POCOS DE CALDAS);TPO01026;Não;Não;Não;BOLETIM DE OCORRENCIA;Classificada;23/09/2021 07:17;Não
2021-18578534-4;(BM) 2021-045973600-001;22/09/2021 19:02;RUA ARAPONGA, Nº 270 - SAO JOAO - PASSOS;-20.736.643;-46.609.402;S06005 - CAPTURA DE INSETOS (C) (Prioridade: 2 - Média);1CIA IND/2CIA/1PEL(PASSOS);ASL00064;Não;Não;Não;BOLETIM DE OCORRENCIA;Classificada;23/09/2021 07:27;Não
2021-18579229-6;(BM) 2021-045981375-001;22/09/2021 19:42;AVENIDA NACOES, Nº S/N - VILA RICA - PASSOS;-207.276.808;-46.600.861;V01003 - VITIMA COM CRISE CONVULSIVA (C) (Prioridade: 1 - Alta);1CIA IND/2CIA/1PEL(PASSOS);UR0565;Não;Não;Não;BOLETIM DE OCORRENCIA;Classificada;23/09/2021 07:26;Não
2021-18580193-8;(BM) 2021-045991132-001;22/09/2021 20:41;RUA TRES DE MAIO, Nº 312 - BELO HORIZONTE - PASSOS;-207.238.471;-466.044.694;S06006 - EXTERMINIO DE INSETOS (C) (Prioridade: 2 - Média);1CIA IND/2CIA/1PEL(PASSOS);ASL00064;Não;Não;Não;BOLETIM DE OCORRENCIA;Classificada;23/09/2021 07:27;Não
2021-18581113-4;(BM) 2021-046000888-001;22/09/2021 21:52;RUA ARAPONGA, Nº 270 - SAO JOAO - PASSOS;-20.736.643;-46.609.402;P02011 - VISTORIA EM ENXAME DE INSETOS (C) (Prioridade: 2 - Média);1CIA IND/2CIA/1PEL(PASSOS);ASL00064;Não;Não;Não;BOLETIM DE OCORRENCIA;Classificada;23/09/2021 07:26;Não
2021-18582103-6;(BM) 2021-046012280-001;22/09/2021 23:04;RUA PECUARIA, Nº S/N - RESIDENCIAL ELDORADO - PASSOS;-20.729.962;-466.185.253;S06001 - SALVAMENTO DE ANIMAL EM RISCO / PERIGO (C) (Prioridade: 2 - Média);1CIA IND/2CIA/1PEL(PASSOS);ASL00064;Não;Não;Não;BOLETIM DE OCORRENCIA;Classificada;23/09/2021 07:26;Não
2021-18584525-8;(BM) 2021-046039123-001;23/09/2021 07:06;AVENIDA JOSE CAETANO DE ANDRADE, Nº 595 - MARIO MAGALHAES - PASSOS;-207.260.877;-466.151.359;V02502 - VITIMA DE QUEDA (MOTOCICLISTA) (C) (Prioridade: 1 - Alta);1CIA IND/2CIA/1PEL(PASSOS);UR0565;Não;Não;Não;BOLETIM DE OCORRENCIA;Classificada;24/09/2021 08:12;Não
2021-18585603-5;(BM) 2021-046050296-001;23/09/2021 08:50;RUA GUERINO ZAPAROLLI, Nº S/N - DISTRITO INDUSTRIAL 1 - PASSOS;-207.068.594;-465.916.139;S06002 - CAPTURA DE ANIMAL SILVESTRE PERIGOSO / AGRESSIVO (C) (Prioridade: 2 - Média);1CIA IND/2CIA/1PEL(PASSOS);ASL00064;Não;Não;Não;BOLETIM DE OCORRENCIA;Classificada;24/09/2021 08:09;Não
2021-18585650-5;(BM) 2021-046050779-001;23/09/2021 08:54;RUA BARAO DE PASSOS, Nº 1015 - CARMELO - PASSOS;-207.150.292;-466.030.899;P01001 - VISTORIA DE FISCALIZACAO (C) (Prioridade: 2 - Média);1CIA IND/2CIA/PEL PREV E VIST(PASSOS);APF01362;Não;Não;Não;BOLETIM DE OCORRENCIA;Classificada;24/09/2021 08:09;Não
2021-18585799-9;(BM) 2021-046053080-001;23/09/2021 09:09;RUA BARBACENA, Nº 673 - PENHA - PASSOS;-207.181.316;-466.281.937;P01001 - VISTORIA DE FISCALIZACAO (C) (Prioridade: 2 - Média);1CIA IND/2CIA/PEL PREV E VIST(PASSOS);APF01362;Não;Não;Não;BOLETIM DE OCORRENCIA;Classificada;24/09/2021 08:09;Não
2021-18585885-9;(BM) 2021-046060129-001;23/09/2021 09:15;RUA SAO PAULO, Nº 325 - BELA VISTA - PASSOS;-207.181.945;-465.999.255;P01001 - VISTORIA DE FISCALIZACAO (C) (Prioridade: 2 - Média);1CIA IND/2CIA/PEL PREV E VIST(PASSOS);APF01362;Não;Não;Não;BOLETIM DE OCORRENCIA;Classificada;24/09/2021 08:10;Não
2021-18585961-5;(BM) 2021-046059964-001;23/09/2021 09:20;RUA PADRE AURELIANO INACIO DE ANDRADE, Nº S/N - PENHA 2 - PASSOS;-207.171.053;-466.332.053;P01001 - VISTORIA DE FISCALIZACAO (C) (Prioridade: 2 - Média);1CIA IND/2CIA/PEL PREV E VIST(PASSOS);APF01362;Não;Não;Não;BOLETIM DE OCORRENCIA;Classificada;24/09/2021 08:10;Não
2021-18586183-7;(BM) 2021-046059598-001;23/09/2021 09:41;AVENIDA JUPITER, Nº 613 - JARDIM SATELITE - PASSOS;-207.107.083;-46.618.489;P01001 - VISTORIA DE FISCALIZACAO (C) (Prioridade: 2 - Média);1CIA IND/2CIA/PEL PREV E VIST(PASSOS);APF01362;Não;Não;Não;BOLETIM DE OCORRENCIA;Classificada;24/09/2021 08:10;Não
2021-18586754-6;(BM) 2021-046065595-001;23/09/2021 10:28;RUA DOUTOR CARVALHO, Nº 1455 - NOSSA SENHORA DAS GRAÇAS - PASSOS;-207.352.269;-466.037.303;O04008 - INCENDIO EM AREA RURAL NAO PROTEGIDA (C) (Prioridade: 2 - Média);1CIA IND/2CIA/1PEL(PASSOS);ASL00064 / TPO01115;Não;Não;Não;BOLETIM DE OCORRENCIA;Classificada;24/09/2021 08:11;Não
2021-18586806-8;(BM) 2021-046086913-001;23/09/2021 10:30;RUA DOUTOR CARVALHO, Nº 1455 - NOSSA SENHORA DAS GRAÇAS - PASSOS;-207.352.269;-466.037.303;S06002 - CAPTURA DE ANIMAL SILVESTRE PERIGOSO / AGRESSIVO (C) (Prioridade: 2 - Média);1CIA IND/2CIA/1PEL(PASSOS);ASL00064;Não;Não;Não;BOLETIM DE OCORRENCIA;Classificada;24/09/2021 08:11;Não
2021-18587919-0;(BM) 2021-046080881-001;23/09/2021 12:02;RUA ANAPOLIS, Nº S/N - JARDIM PLANALTO - PASSOS;-207.193.931;-466.254.705;P01002 - VISTORIA DE LIBERACAO / EMISSAO DE AVCB (C) (Prioridade: 2 - Média);1CIA IND/2CIA/PEL PREV E VIST(PASSOS);APF01362;Não;Não;Não;BOLETIM DE OCORRENCIA;Classificada;24/09/2021 08:11;Não
2021-18589313-7;(BM) 2021-046095849-001;23/09/2021 14:01;RUA ANTONIO LUIZ DE FARIA, Nº 257 - JARDIM CANADA - PASSOS;-2.074.713;-46.606.224;O02027 - INCENDIO VEIC. AUTOMOTOR (EXCETO TANQUE/ONIBUS/MICRO-ONIBUS) (C) (Prioridade: 1 - Alta);1CIA IND/2CIA/1PEL(PASSOS);ABTS0495;Não;Não;Não;BOLETIM DE OCORRENCIA;Classificada;24/09/2021 08:12;Não
2021-18589732-0;(BM) 2021-046100620-001;23/09/2021 14:23;RUA PECUARIA, Nº 470 - RESIDENCIAL ELDORADO - PASSOS;-207.290.697;-466.185.357;S06005 - CAPTURA DE INSETOS (C) (Prioridade: 2 - Média);1CIA IND/2CIA/1PEL(PASSOS);ASL00064;Não;Não;Não;BOLETIM DE OCORRENCIA;Classificada;24/09/2021 08:11;Não
2021-18590174-0;(BM) 2021-046106866-001;23/09/2021 14:45;RUA MONTE SANTO, Nº 636 - COHAB 3 - PASSOS;-207.053.354;-466.285.923;V03025 - VITIMA COM FERIMENTO DE CORTE/CONTUSAO (C) (Prioridade: 1 - Alta);1CIA IND/2CIA/1PEL(PASSOS);UR0565;Não;Não;Não;BOLETIM DE OCORRENCIA;Classificada;24/09/2021 08:13;Não
2021-18591021-4;(BM) 2021-046116768-001;23/09/2021 15:23;RUA WALDOMIRO CAETANO MACHADO, Nº 481 - NOVA CALIFORNIA - PASSOS;-206.994.483;-466.230.135;V01023 - VITIMA DE SINCOPE (DESMAIO)/VERTIGEM (C) (Prioridade: 1 - Alta);1CIA IND/2CIA/1PEL(PASSOS);UR0565;Não;Não;Não;BOLETIM DE OCORRENCIA;Classificada;24/09/2021 08:13;Não
2021-18591078-1;(BM) 2021-046124015-001;23/09/2021 15:26;RUA RIO DOCE, Nº S/N - CANJERANUS - PASSOS;-207.105.024;-466.048.634;O04008 - INCENDIO EM AREA RURAL NAO PROTEGIDA (C) (Prioridade: 2 - Média);1CIA IND/2CIA/1PEL(PASSOS);ASL00064;Não;Não;Não;BOLETIM DE OCORRENCIA;Classificada;24/09/2021 08:12;Não
2021-18592922-3;(BM) 2021-046159224-001;23/09/2021 17:05;RUA SEBASTIAO TEOFILO, Nº 171 - NOVA CALIFORNIA - PASSOS;-207.017.161;-466.211.223;V01999 - OUTROS TIPOS DE APH CLINICO (C) (Prioridade: 1 - Alta);1CIA IND/2CIA/1PEL(PASSOS);UR0565;Não;Não;Não;BOLETIM DE OCORRENCIA;Classificada;24/09/2021 08:13;Não
2021-18594697-0;(BM) 2021-046167590-001;23/09/2021 18:46;RUA PECUARIA, Nº 470 - RESIDENCIAL ELDORADO - PASSOS;-207.290.697;-466.185.357;S06005 - CAPTURA DE INSETOS (C) (Prioridade: 2 - Média);1CIA IND/2CIA/1PEL(PASSOS);ASL00064;Não;Não;Não;BOLETIM DE OCORRENCIA;Classificada;24/09/2021 08:12;Não
2021-18597915-5;(BM) 2021-046193887-001;23/09/2021 22:25;RUA ANTONIO ALVES DO NASCIMENTO, Nº 184 - NOVA CALIFORNIA - PASSOS;-206.999.591;-466.209.059;S05201 - CAPOTAMENTO DE AUTOMOVEL (CARRO, CAMIONETA, CAMINHONETE) (C) (Prioridade: 1 - Alta);1CIA IND/2CIA/1PEL(PASSOS);UR0565;Não;Não;Não;BOLETIM DE OCORRENCIA;Classificada;24/09/2021 08:13;Não
2021-18598248-8;(BM) 2021-046198901-001;23/09/2021 22:49;RUA MONFORT, Nº 10 - RECANTO DEL REI - PASSOS;-20.730.188;-465.999.856;O04012 - INCENDIO EM LOTE VAGO (AREA URBANA) (C) (Prioridade: 2 - Média);1CIA IND/2CIA/1PEL(PASSOS);ABTS0495;Não;Não;Não;BOLETIM DE OCORRENCIA;Classificada;24/09/2021 08:12;Não
2021-18601884-0;(BM) 2021-046233129-001;24/09/2021 08:39;RUA DOUTOR CARVALHO, Nº 1455 - NOSSA SENHORA DAS GRAÇAS - PASSOS;-207.352.269;-466.037.303;Q03004 - TREINAMENTO DE SALVAMENTO EM ALTURA (C) (Prioridade: 2 - Média);1CIA IND/2CIA/1PEL(PASSOS);BM1315175;Não;Não;Não;BOLETIM DE OCORRENCIA;Classificada;24/09/2021 13:10;Não
2021-18602118-0;(BM) 2021-046269527-001;24/09/2021 09:00;RUA ANTONIO OVIDIO DE CARVALHO, Nº 75 - FLAMBOYANT - PASSOS;-20.756.151;-466.028.868;S06001 - SALVAMENTO DE ANIMAL EM RISCO / PERIGO (C) (Prioridade: 2 - Média);1CIA IND/2CIA/1PEL(PASSOS);ASL00064;Não;Não;Não;BOLETIM DE OCORRENCIA;Classificada;24/09/2021 13:11;Não
2021-18603064-8;(BM) 2021-046246732-001;24/09/2021 10:10;RUA BOCAINA, Nº 96 - VILA RICA - PASSOS;-207.271.017;-465.964.455;V03018 - VITIMA DE QUEDA DA PROPRIA ALTURA (C) (Prioridade: 1 - Alta);1CIA IND/2CIA/1PEL(PASSOS);BM1315175 / UR0565;Não;Não;Não;BOLETIM DE OCORRENCIA;Classificada;24/09/2021 13:11;Não
2021-18604702-8;;24/09/2021 12:24;RUA CELIO ANDRADE, Nº 101 - VILA BETINHO - PASSOS;-207.160.072;-466.387.241;S03003 - SALVAMENTO EM CASA (C) (Prioridade: 1 - Alta);1CIA IND/2CIA/1PEL(PASSOS);ASL00064 / UR0565;Não;Não;Não;ATENPO-ATENDIDA POR OUTROS ÓRGÃOS;Classificada;26/09/2021 08:46;Não
2021-18604900-1;;24/09/2021 12:44;RUA DOUTOR CARVALHO, Nº S/N - CENTRO - PASSOS;-207.218.279;-466.083.676;R01999 - OUTROS TIPOS DE ACOES DE APOIO A COMUNIDADE   (C) (Prioridade: 2 - Média);1CIA IND/2CIA/1PEL(PASSOS);;Não;Não;Não;ATENPO-ATENDIDA POR OUTROS ÓRGÃOS;Classificada;26/09/2021 08:46;Não
2021-18605824-0;(BM) 2021-046279864-001;24/09/2021 13:55;RUA JOSE MERCHIORATO, Nº 289 - SANTA CASA - PASSOS;-207.121.923;-466.128.968;P02011 - VISTORIA EM ENXAME DE INSETOS (C) (Prioridade: 2 - Média);1CIA IND/2CIA/1PEL(PASSOS);ASL00064 / UR0565;Não;Não;Não;BOLETIM DE OCORRENCIA;Classificada;24/09/2021 14:40;Não
2021-18606432-6;(BM) 2021-046297368-003;24/09/2021 14:28;RODOVIA MG 050 KM 15 - PROXIMO TERRA ROXA, Nº S/N - PASSOS;-207.248.073;-465.329.428;S05303 - COLISAO ENTRE AUTOMOVEIS (CARRO, CAMIONETA, CAMINHONETE) (C) (Prioridade: 1 - Alta);1CIA IND/2CIA/1PEL(PASSOS);ASL00064 / UR0565;Não;Não;Não;BOLETIM DE OCORRENCIA;Classificada;25/09/2021 21:52;Não
2021-18611628-7;(BM) 2021-046414257-001;24/09/2021 19:02;RUA PATATIVA, Nº 271 - SAO JOAO - PASSOS;-207.364.006;-466.096.769;S06005 - CAPTURA DE INSETOS (C) (Prioridade: 2 - Média);1CIA IND/2CIA/1PEL(PASSOS);ASL00064;Não;Não;Não;BOLETIM DE OCORRENCIA;Classificada;25/09/2021 04:44;Não
2021-18619399-5;;25/09/2021 05:27;RODOVIA AMG 2420, Km 1 - SANTA BARBARA - PRATAPOLIS;-207.410.704;-46.847.765;V02403 - VITIMA DE COLISAO ENTRE AUTOMOVEIS (CARRO / CAMINHONETE) (C) (Prioridade: 1 - Alta);1CIA IND/2CIA/1PEL(PASSOS);;Não;Não;Não;ATENPO-ATENDIDA POR OUTROS ÓRGÃOS;Classificada;26/09/2021 08:46;Não
2021-18619430-3;(BM) 2021-046422686-001;25/09/2021 05:28;RODOVIA AMG 2420, Km 1 - SANTA BARBARA - PRATAPOLIS;-207.410.704;-46.847.765;V02403 - VITIMA DE COLISAO ENTRE AUTOMOVEIS (CARRO / CAMINHONETE) (C) (Prioridade: 1 - Alta);1CIA IND/2CIA/1PEL(PASSOS);ASL00064 / UR0565;Não;Não;Não;BOLETIM DE OCORRENCIA;Classificada;26/09/2021 08:46;Não
2021-18620619-7;(BM) 2021-046429192-001;25/09/2021 08:43;RUA DOUTOR CARVALHO, Nº 1455 - NOSSA SENHORA DAS GRAÇAS - PASSOS;-207.352.269;-466.037.303;Q03001 - TREINAMENTO DE COMBATE A INCENDIO (C) (Prioridade: 2 - Média);1CIA IND/2CIA/1PEL(PASSOS);BM1206671;Não;Não;Não;BOLETIM DE OCORRENCIA;Classificada;26/09/2021 06:53;Não
2021-18622251-2;(BM) 2021-046444868-001;25/09/2021 11:24;RUA ANA SILVEIRA BORGES, Nº 123 - RECANTO DA TEKA - PASSOS;-207.436.941;-465.972.029;V01009 - VITIMA COM DOR NA COLUNA VERTEBRAL (COSTAS) (C) (Prioridade: 1 - Alta);1CIA IND/2CIA/1PEL(PASSOS);UR0565;Não;Não;Não;BOLETIM DE OCORRENCIA;Classificada;26/09/2021 06:50;Não
2021-18623060-0;(BM) 2021-046457406-001;25/09/2021 13:06;RUA CANJERANUS, Nº S/N - CANJERANUS - PASSOS;-207.089.894;-466.069.659;S05302 - COLISAO ENTRE MOTOCICLETAS (C) (Prioridade: 1 - Alta);1CIA IND/2CIA/1PEL(PASSOS);UR0565;Não;Não;Não;BOLETIM DE OCORRENCIA;Classificada;26/09/2021 06:50;Não
2021-18624174-4;(BM) 2021-046493033-001;25/09/2021 14:38;RUA JOSE MERCHIORATO, Nº 372 - SANTA CASA - PASSOS;-207.119.137;-466.118.701;S06001 - SALVAMENTO DE ANIMAL EM RISCO / PERIGO (C) (Prioridade: 2 - Média);1CIA IND/2CIA/1PEL(PASSOS);ASL00064;Não;Não;Não;BOLETIM DE OCORRENCIA;Classificada;26/09/2021 06:53;Não
2021-18628040-0;(BM) 2021-046501320-001;25/09/2021 18:26;RUA MUZAMBINHO, Nº 1209 - JARDIM ELAINE - PASSOS;-206.960.525;-466.141.269;V01003 - VITIMA COM CRISE CONVULSIVA (C) (Prioridade: 1 - Alta);1CIA IND/2CIA/1PEL(PASSOS);UR0565;Não;Não;Não;BOLETIM DE OCORRENCIA;Classificada;26/09/2021 06:50;Não
2021-18629035-5;(BM) 2021-046510333-001;25/09/2021 19:23;RODOVIA MG 050, Nº S/N - MONSENHOR MESSIAS - PASSOS;-207.391.965;-465.994.767;O04008 - INCENDIO EM AREA RURAL NAO PROTEGIDA (C) (Prioridade: 2 - Média);1CIA IND/2CIA/1PEL(PASSOS);ABTS0495;Não;Não;Não;BOLETIM DE OCORRENCIA;Classificada;26/09/2021 06:53;Não
2021-18629942-1;(BM) 2021-046576935-001;25/09/2021 20:13;RUA OLAVO BILAC, Nº 109 - PENHA - PASSOS;-207.155.284;-466.224.384;W04000 - NADA CONSTATADO (C) (Prioridade: 3 - Baixa);1CIA IND/2CIA/1PEL(PASSOS);UR0565;Não;Não;Não;BOLETIM DE OCORRENCIA;Classificada;26/09/2021 06:55;Não
2021-18630640-0;(BM) 2021-046529762-001;25/09/2021 20:54;RUA VITORIA, Nº 469 - JARDIM COLEGIO DE PASSOS - PASSOS;-207.193.307;-465.929.961;S06005 - CAPTURA DE INSETOS (C) (Prioridade: 2 - Média);1CIA IND/2CIA/1PEL(PASSOS);ASL00064;Não;Não;Não;BOLETIM DE OCORRENCIA;Classificada;26/09/2021 06:50;Não
2021-18633830-1;(BM) 2021-046549579-001;25/09/2021 23:45;RUA BAHIA, Nº 537 - BELA VISTA - PASSOS;-207.142.986;-465.989.334;V03018 - VITIMA DE QUEDA DA PROPRIA ALTURA (C) (Prioridade: 1 - Alta);1CIA IND/2CIA/1PEL(PASSOS);UR0565;Não;Não;Não;BOLETIM DE OCORRENCIA;Classificada;26/09/2021 06:49;Não
2021-18636972-2;(BM) 2021-046571672-001;26/09/2021 04:07;AVENIDA COMENDADOR FRANCISCO A MAIA, Nº 2542 - CANDEIAS - PASSOS;-207.212.654;-466.130.171;V03005 - VITIMA DE AGRESSAO FISICA SEM USO DE ARMA (C) (Prioridade: 1 - Alta);1CIA IND/2CIA/1PEL(PASSOS);UR0565;Não;Não;Não;BOLETIM DE OCORRENCIA;Classificada;26/09/2021 06:49;Não
2021-18637564-1;(BM) 2021-046576898-001;26/09/2021 06:43;RUA DOUTOR CARVALHO, Nº 1455 - NOSSA SENHORA DAS GRAÇAS - PASSOS;-207.352.269;-466.037.303;W99000 - OUTROS PROCEDIMENTOS ADMINISTRATIVOS (C) (Prioridade: 3 - Baixa);1CIA IND/2CIA/1PEL(PASSOS);BM1206671;Não;Não;Não;BOLETIM DE OCORRENCIA;Classificada;26/09/2021 06:55;Não
2021-18638549-3;(BM) 2021-046710819-001;26/09/2021 09:10;RUA UNAI, Nº 379 - CALIFORNIA - PASSOS;-20.702.806;-466.187.248;V01023 - VITIMA DE SINCOPE (DESMAIO)/VERTIGEM (C) (Prioridade: 1 - Alta);1CIA IND/2CIA/1PEL(PASSOS);UR0565;Não;Não;Não;BOLETIM DE OCORRENCIA;Classificada;27/09/2021 06:59;Não
2021-18644206-1;(BM) 2021-046639463-001;26/09/2021 17:27;RUA JERONIMO NETO, Nº 225 - BELO HORIZONTE - PASSOS;-207.250.475;-466.051.788;S04009 - SALVAMENTO DE PESSOA PRESA EM IMOVEL (C) (Prioridade: 2 - Média);1CIA IND/2CIA/1PEL(PASSOS);UR0565;Não;Não;Não;BOLETIM DE OCORRENCIA;Classificada;27/09/2021 06:59;Não
2021-18646085-0;(BM) 2021-046655650-001;26/09/2021 19:13;RUA ESPIRITO SANTO, Nº 26 - SAO BENEDITO - PASSOS;-207.191.083;-466.002.681;S06006 - EXTERMINIO DE INSETOS (C) (Prioridade: 2 - Média);1CIA IND/2CIA/1PEL(PASSOS);ASL00064;Não;Não;Não;BOLETIM DE OCORRENCIA;Classificada;27/09/2021 06:59;Não
2021-18647617-2;(BM) 2021-046670423-001;26/09/2021 20:46;RUA NORIVAL SEVERIANO DA SILVA, Nº 110 - NOVA CALIFORNIA - PASSOS;-20.700.691;-466.198.625;V03025 - VITIMA COM FERIMENTO DE CORTE/CONTUSAO (C) (Prioridade: 1 - Alta);1CIA IND/2CIA/1PEL(PASSOS);UR0565;Não;Não;Não;BOLETIM DE OCORRENCIA;Classificada;27/09/2021 06:59;Não
2021-18652455-1;(BM) 2021-046714635-001;27/09/2021 06:56;RUA DOUTOR CARVALHO, Nº 1455 - NOSSA SENHORA DAS GRAÇAS - PASSOS;-207.352.269;-466.037.303;Q03018 - TREINAMENTO DE CONDUCAO E OPERACAO DE VIATURAS (C) (Prioridade: 3 - Baixa);1CIA IND/2CIA/1PEL(PASSOS);BM1274612;Não;Não;Não;BOLETIM DE OCORRENCIA;Classificada;27/09/2021 07:27;Não
2021-18653405-9;(BM) 2021-046723980-001;27/09/2021 08:38;RUA UIRAPURU, Nº 408 - PARQUE DA FAZENDA - PASSOS;-207.382.293;-466.081.296;P01001 - VISTORIA DE FISCALIZACAO (C) (Prioridade: 2 - Média);1CIA IND/2CIA/PEL PREV E VIST(PASSOS);APF01362;Não;Não;Não;BOLETIM DE OCORRENCIA;Classificada;28/09/2021 05:59;Não
2021-18653624-2;(BM) 2021-046726300-001;27/09/2021 08:57;RUA CAETES, Nº 268 - JARDIM EMBRATEL - PASSOS;-207.424.862;-466.032.574;P01001 - VISTORIA DE FISCALIZACAO (C) (Prioridade: 2 - Média);1CIA IND/2CIA/PEL PREV E VIST(PASSOS);APF01362;Não;Não;Não;BOLETIM DE OCORRENCIA;Classificada;28/09/2021 05:59;Não
2021-18653720-6;(BM) 2021-046727192-001;27/09/2021 09:02;PRACA DOUTOR PEDRO SANCHES, Nº 179 - CENTRO - POCOS DE CALDAS;-217.869.909;-465.673.209;P01002 - VISTORIA DE LIBERACAO / EMISSAO DE AVCB (C) (Prioridade: 2 - Média);1CIA IND (POCOS DE CALDAS);TPO01026;Não;Não;Não;BOLETIM DE OCORRENCIA;Classificada;28/09/2021 06:07;Não
2021-18653922-0;(BM) 2021-046732076-001;27/09/2021 09:15;RUA ALBERTINO FERREIRA ROSA, Nº 371 - JARDIM ITALIA - PASSOS;-207.468.662;-466.042.056;P01001 - VISTORIA DE FISCALIZACAO (C) (Prioridade: 2 - Média);1CIA IND/2CIA/PEL PREV E VIST(PASSOS);APF01362;Não;Não;Não;BOLETIM DE OCORRENCIA;Classificada;28/09/2021 05:59;Não
2021-18654122-0;(BM) 2021-046732351-001;27/09/2021 09:31;RUA SAO FRANCISCO DE ASSIS, Nº 251 - SAO FRANCISCO - PASSOS;-207.259.398;-466.195.534;P01001 - VISTORIA DE FISCALIZACAO (C) (Prioridade: 2 - Média);1CIA IND/2CIA/PEL PREV E VIST(PASSOS);APF01362;Não;Não;Não;BOLETIM DE OCORRENCIA;Classificada;28/09/2021 05:59;Não
2021-18654525-6;(BM) 2021-046737642-001;27/09/2021 10:02;RUA TENENTE VASCONCELOS, Nº 187 - CENTRO - PASSOS;-207.147.005;-466.109.195;X03000 - EMPENHO ADMINISTRATIVO (C) (Prioridade: 2 - Média);1CIA IND/2CIA/PEL PREV E VIST(PASSOS);TPO01115;Não;Não;Não;BOLETIM DE OCORRENCIA;Classificada;28/09/2021 06:00;Não
2021-18655620-2;(BM) 2021-046753147-001;27/09/2021 11:19;RUA ENGENHEIROS, Nº 530 - NOVO HORIZONTE - PASSOS;-207.285.061;-466.033.145;S06008 - CORTE DE ARVORE CAIDA EM VIA PUBLICA (C) (Prioridade: 2 - Média);1CIA IND/2CIA/1PEL(PASSOS);ASL00064;Não;Não;Não;BOLETIM DE OCORRENCIA;Classificada;28/09/2021 06:00;Não
2021-18656924-2;(BM) 2021-046791691-001;27/09/2021 13:24;AVENIDA DOS INDUSTRIAIS, Nº S/N - MONSENHOR MESSIAS - PASSOS;-207.385.027;-466.008.926;S05308 - COLISAO ENTRE AUTOMOVEL X MOTOCICLETA (C) (Prioridade: 1 - Alta);1CIA IND/2CIA/1PEL(PASSOS);UR0565;Não;Não;Não;BOLETIM DE OCORRENCIA;Classificada;28/09/2021 06:01;Não
2021-18657072-0;(BM) 2021-046905427-001;27/09/2021 13:36;RUA NORIVAL SEVERIANO DA SILVA, Nº 215 - NOVA CALIFORNIA - PASSOS;-20.700.038;-466.206.415;S03003 - SALVAMENTO EM CASA (C) (Prioridade: 1 - Alta);1CIA IND/2CIA/1PEL(PASSOS);ASL00064;Não;Não;Não;BOLETIM DE OCORRENCIA;Classificada;28/09/2021 07:15;Não
2021-18657215-5;(BM) 2021-046772799-001;27/09/2021 13:49;RUA FLORIPES NOGUEIRA MENDES, Nº 100 - JARDIM ITALIA - PASSOS;-207.440.634;-466.033.772;P01002 - VISTORIA DE LIBERACAO / EMISSAO DE AVCB (C) (Prioridade: 2 - Média);1CIA IND/2CIA/PEL PREV E VIST(PASSOS);APF01362;Não;Não;Não;BOLETIM DE OCORRENCIA;Classificada;28/09/2021 05:59;Não
2021-18657483-4;(BM) 2021-046816249-001;27/09/2021 14:03;RUA ITAJAI, Nº 555 - PASSOS;-20.716.294;-465.931.378;P01002 - VISTORIA DE LIBERACAO / EMISSAO DE AVCB (C) (Prioridade: 2 - Média);1CIA IND/2CIA/PEL PREV E VIST(PASSOS);APF01362;Não;Não;Não;BOLETIM DE OCORRENCIA;Classificada;28/09/2021 05:59;Não
2021-18658286-9;(BM) 2021-046786658-001;27/09/2021 14:44;RUA MUCOVITA, Nº 800 - JARDIM KENNEDY 2 - POCOS DE CALDAS;-218.430.182;-465.829.097;P01002 - VISTORIA DE LIBERACAO / EMISSAO DE AVCB (C) (Prioridade: 2 - Média);1CIA IND (POCOS DE CALDAS);TPO00155;Não;Não;Não;BOLETIM DE OCORRENCIA;Classificada;27/09/2021 19:02;Não
2021-18658344-3;(BM) 2021-046791795-001;27/09/2021 14:47;AVENIDA HERCULES FRISON, Nº 1305 - JARDIM ESPERANCA - POCOS DE CALDAS;-218.295.104;-465.604.256;P01001 - VISTORIA DE FISCALIZACAO (C) (Prioridade: 2 - Média);1CIA IND (POCOS DE CALDAS);TPO00155;Não;Não;Não;BOLETIM DE OCORRENCIA;Classificada;27/09/2021 19:02;Não
2021-18658543-0;(BM) 2021-046836083-001;27/09/2021 14:55;RODOVIA MG 050, Km 332 - PASSOS;-207.224.754;-463.952.797;O04014 - INCENDIO AS MARGENS DE RODOVIA (C) (Prioridade: 2 - Média);1CIA IND/2CIA/1PEL(PASSOS);ABTS0495;Não;Não;Não;BOLETIM DE OCORRENCIA;Classificada;28/09/2021 06:00;Não
2021-18658688-2;(BM) 2021-046792222-001;27/09/2021 15:02;AVENIDA JACANA MUSA DOS SANTOS, Nº 475 - CONJUNTO HABITACIONAL PEDRO AFONSO JUNQUEIRA - POCOS DE CALDAS;-218.518.282;-465.642.867;P01001 - VISTORIA DE FISCALIZACAO (C) (Prioridade: 2 - Média);1CIA IND (POCOS DE CALDAS);TPO00155;Não;Não;Não;BOLETIM DE OCORRENCIA;Classificada;27/09/2021 19:02;Não
2021-18659135-9;(BM) 2021-046798139-001;27/09/2021 15:22;RUA ALPINOPOLIS, Nº 340 - CANJERANUS - PASSOS;-207.111.846;-466.041.927;V01006 - VITIMA COM DIFICULDADE DE LOCOMOCAO (C) (Prioridade: 1 - Alta);1CIA IND/2CIA/1PEL(PASSOS);UR0565;Não;Não;Não;BOLETIM DE OCORRENCIA;Classificada;28/09/2021 06:01;Não
2021-18659600-7;(BM) 2021-046803945-001;27/09/2021 15:45;RUA MAGNESITA, Nº 366 - JARDIM KENNEDY 1 - POCOS DE CALDAS;-218.481.291;-465.747.141;P01001 - VISTORIA DE FISCALIZACAO (C) (Prioridade: 2 - Média);1CIA IND (POCOS DE CALDAS);TPO00155;Não;Não;Não;BOLETIM DE OCORRENCIA;Classificada;28/09/2021 07:13;Não
2021-18661016-2;(BM) 2021-046822274-001;27/09/2021 17:02;PRACA MONSENHOR MESSIAS BRAGANCA, Nº S/N - CENTRO - PASSOS;-207.184.137;-46.610.858;X03000 - EMPENHO ADMINISTRATIVO (C) (Prioridade: 2 - Média);1CIA IND/2CIA/1PEL(PASSOS);ASL00064;Não;Não;Não;BOLETIM DE OCORRENCIA;Classificada;28/09/2021 06:00;Não
2021-18661912-2;(BM) 2021-046859692-001;27/09/2021 17:47;RODOVIA MG 050, Nº 319 - MONSENHOR MESSIAS - PASSOS;-207.389.072;-465.983.249;S05299 - OUTROS TIPOS DE CAPOTAMENTO / TOMBAMENTO NO TRANSITO   (C) (Prioridade: 1 - Alta);1CIA IND/2CIA/1PEL(PASSOS);UR0565 / ASL00064;Não;Não;Não;BOLETIM DE OCORRENCIA;Classificada;28/09/2021 06:02;Não
2021-18670322-0;(BM) 2021-046924596-001;28/09/2021 09:43;RUA SAFIRA, Nº 56 - ACLIMACAO - PASSOS;-207.512.209;-465.999.792;V01006 - VITIMA COM DIFICULDADE DE LOCOMOCAO (C) (Prioridade: 1 - Alta);1CIA IND/2CIA/1PEL(PASSOS);UR0565;Não;Não;Não;BOLETIM DE OCORRENCIA;Classificada;30/09/2021 22:29;Não
2021-18671659-9;(BM) 2021-046941750-001;28/09/2021 11:29;AVENIDA JUCA STOCKLER, Nº S/N - SAO JOAQUIM - PASSOS;-207.420.993;-46.600.964;V03018 - VITIMA DE QUEDA DA PROPRIA ALTURA (C) (Prioridade: 1 - Alta);1CIA IND/2CIA/1PEL(PASSOS);UR0565;Não;Não;Não;BOLETIM DE OCORRENCIA;Classificada;30/09/2021 22:30;Não
2021-18672387-6;(BM) 2021-046949427-001;28/09/2021 12:44;RUA CRISTIANO STOCKLER, Nº 111 - CENTRO - PASSOS;-207.195.132;-466.076.879;V03004 - VITIMA DE AGRESSAO FISICA COM ARMA DE FOGO (C) (Prioridade: 1 - Alta);1CIA IND/2CIA/1PEL(PASSOS);UR0565;Não;Não;Não;BOLETIM DE OCORRENCIA;Classificada;30/09/2021 22:29;Não
2021-18672958-5;(BM) 2021-046956340-001;28/09/2021 13:37;RUA VITORIA REGIA, Nº S/N - PANORAMA - PASSOS;-207.102.061;-466.139.971;V03019 - VITIMA DE QUEDA DE ALTURA (C) (Prioridade: 1 - Alta);1CIA IND/2CIA/1PEL(PASSOS);UR0565;Não;Não;Não;BOLETIM DE OCORRENCIA;Classificada;30/09/2021 22:30;Não
2021-18675527-0;(BM) 2021-047088452-001;28/09/2021 15:55;RUA PAZINI PIASSI, Nº 272 - JARDIM CANADA II - PASSOS;-207.493.736;-466.092.118;S06001 - SALVAMENTO DE ANIMAL EM RISCO / PERIGO (C) (Prioridade: 2 - Média);1CIA IND/2CIA/1PEL(PASSOS);ASL00064;Não;Não;Não;BOLETIM DE OCORRENCIA;Classificada;30/09/2021 22:29;Não
2021-18676621-3;(BM) 2021-047002843-001;28/09/2021 16:54;RUA COIMBRAS, Nº 456 - NOSSA SENHORA DE FATIMA - PASSOS;-207.045.609;-466.138.829;V01003 - VITIMA COM CRISE CONVULSIVA (C) (Prioridade: 1 - Alta);1CIA IND/2CIA/1PEL(PASSOS);UR0565;Não;Não;Não;BOLETIM DE OCORRENCIA;Classificada;30/09/2021 22:30;Não
2021-18678865-9;(BM) 2021-047035527-001;28/09/2021 19:04;AVENIDA SABIA, Nº S/N - MUARAMA 2 - PASSOS;-207.330.855;-466.157.928;O04011 - INCENDIO EM AREA URBANA NAO PROTEGIDA (C) (Prioridade: 2 - Média);1CIA IND/2CIA/1PEL(PASSOS);ABTS0495;Não;Não;Não;BOLETIM DE OCORRENCIA;Classificada;01/10/2021 08:13;Não
2021-18679652-3;(BM) 2021-047041370-001;28/09/2021 19:55;AVENIDA JOSE CAETANO DE ANDRADE, Nº 281 - MARIO MAGALHAES - PASSOS;-207.241.241;-466.137.708;W04000 - NADA CONSTATADO (C) (Prioridade: 3 - Baixa);1CIA IND/2CIA/1PEL(PASSOS);ABTS0495;Não;Não;Não;BOLETIM DE OCORRENCIA;Classificada;01/10/2021 08:13;Não
2021-18681595-4;(BM) 2021-047056849-001;28/09/2021 22:15;RUA GUAPORE, Nº 3037 - PASSOS;-20.702.806;-465.913.376;V01007 - VITIMA COM DISPNEIA (FALTA DE AR) (C) (Prioridade: 1 - Alta);1CIA IND/2CIA/1PEL(PASSOS);UR0565;Não;Não;Não;BOLETIM DE OCORRENCIA;Classificada;01/10/2021 08:13;Não
2021-18682720-0;(BM) 2021-047068709-001;28/09/2021 23:42;RUA DOUTOR CARVALHO, Nº 1455 - NOSSA SENHORA DAS GRAÇAS - PASSOS;-207.352.269;-466.037.303;V01018 - VITIMA DE MAL NAO DEFINIDO (DISTURBIO) (C) (Prioridade: 1 - Alta);1CIA IND/2CIA/1PEL(PASSOS);UR0565;Não;Não;Não;BOLETIM DE OCORRENCIA;Classificada;01/10/2021 08:13;Não
2021-18686426-4;(BM) 2021-047106456-001;29/09/2021 09:39;AVENIDA JOSE TEIXEIRA DE MAGALHAES, Nº S/N - VILA GRAZIANE - ANDRADAS;-220.626.739;-465.718.144;P01002 - VISTORIA DE LIBERACAO / EMISSAO DE AVCB (C) (Prioridade: 2 - Média);1CIA IND (POCOS DE CALDAS);TPO00155;Não;Não;Não;BOLETIM DE OCORRENCIA;Classificada;29/09/2021 17:13;Não
2021-18686621-0;(BM) 2021-047108442-001;29/09/2021 09:53;RUA BIOTITA, Nº 1095 - JARDIM KENNEDY 2 - POCOS DE CALDAS;-218.407.402;-465.726.523;P01001 - VISTORIA DE FISCALIZACAO (C) (Prioridade: 2 - Média);1CIA IND (POCOS DE CALDAS);TPO00155;Não;Não;Não;BOLETIM DE OCORRENCIA;Classificada;29/09/2021 17:13;Não
2021-18687104-3;(BM) 2021-047114621-001;29/09/2021 10:30;AVENIDA ANTONIO EMIDIO DE RESENDE, Nº 350 - JARDIM COUNTRY CLUB 1 - POCOS DE CALDAS;-217.892.304;-465.951.898;P01001 - VISTORIA DE FISCALIZACAO (C) (Prioridade: 2 - Média);1CIA IND (POCOS DE CALDAS);TPO00155;Não;Não;Não;BOLETIM DE OCORRENCIA;Classificada;29/09/2021 17:13;Não
2021-18687201-0;(BM) 2021-047118303-001;29/09/2021 10:36;LUGAREJO CORREGO DO FEIJAO, Nº S/N - BRUMADINHO;-201.361.111;-441.136.111;S02006 - BUSCA E RECUPERACAO DE CADAVER SUBMERSO (EXCETO AFOGAMENTO) (C) (Prioridade: 2 - Média);1CIA IND/2CIA/1PEL(PASSOS);BM1235779;Não;Não;Não;BOLETIM DE OCORRENCIA;Classificada;30/09/2021 07:02;Não
2021-18687328-0;(BM) 2021-047118119-001;29/09/2021 10:48;RUA ITAJAI, Nº 83 - VILA RICA - PASSOS;-207.248.923;-465.940.578;P01001 - VISTORIA DE FISCALIZACAO (C) (Prioridade: 2 - Média);1CIA IND/2CIA/PEL PREV E VIST(PASSOS);APF01362;Não;Não;Não;BOLETIM DE OCORRENCIA;Classificada;30/09/2021 07:01;Não
2021-18687436-3;(BM) 2021-047119232-001;29/09/2021 10:54;RUA LIBANO, Nº 84 - NOVO MUNDO 4 - PASSOS;-207.281.506;-46.588.719;P01001 - VISTORIA DE FISCALIZACAO (C) (Prioridade: 2 - Média);1CIA IND/2CIA/PEL PREV E VIST(PASSOS);APF01362;Não;Não;Não;BOLETIM DE OCORRENCIA;Classificada;30/09/2021 07:01;Não
2021-18687541-8;(BM) 2021-047120406-001;29/09/2021 11:01;RUA LAVRAS, Nº 85 - MARIO MAGALHAES - PASSOS;-207.234.457;-466.131.565;P01001 - VISTORIA DE FISCALIZACAO (C) (Prioridade: 2 - Média);1CIA IND/2CIA/PEL PREV E VIST(PASSOS);APF01362;Não;Não;Não;BOLETIM DE OCORRENCIA;Classificada;30/09/2021 07:01;Não
2021-18687620-2;(BM) 2021-047121755-001;29/09/2021 11:08;RUA LAVRAS, Nº 307 - MARIO MAGALHAES - PASSOS;-207.253.034;-46.612.287;P01001 - VISTORIA DE FISCALIZACAO (C) (Prioridade: 2 - Média);1CIA IND/2CIA/PEL PREV E VIST(PASSOS);APF01362;Não;Não;Não;BOLETIM DE OCORRENCIA;Classificada;30/09/2021 07:00;Não
2021-18688131-1;;29/09/2021 11:55;RUA DOUTOR WILSON RAFAEL DANZA, Nº 237 - SAO GERALDO - POCOS DE CALDAS;;;P02011 - VISTORIA EM ENXAME DE INSETOS (C) (Prioridade: 2 - Média);1CIA IND (POCOS DE CALDAS);;Não;Não;Não;DISPEN-DISPENSADO PELO SOLICITANTE;Classificada;29/09/2021 12:09;Não
2021-18688574-2;(BM) 2021-047133750-001;29/09/2021 12:42;AVENIDA JUCA STOCKLER, Nº S/N - NOVO HORIZONTE - PASSOS;-207.366.397;-466.024.583;S05302 - COLISAO ENTRE MOTOCICLETAS (C) (Prioridade: 1 - Alta);1CIA IND/2CIA/1PEL(PASSOS);UR0565;Não;Não;Não;BOLETIM DE OCORRENCIA;Classificada;30/09/2021 06:59;Não
2021-18688873-3;(BM) 2021-047137340-001;29/09/2021 13:11;RUA ADENOR PEREIRA DE MORAIS, Nº S/N - DELFINOPOLIS;;;P01002 - VISTORIA DE LIBERACAO / EMISSAO DE AVCB (C) (Prioridade: 2 - Média);1CIA IND/2CIA/PEL PREV E VIST(PASSOS);APF01362;Não;Não;Não;BOLETIM DE OCORRENCIA;Classificada;30/09/2021 07:00;Não
2021-18689776-2;(BM) 2021-047148250-001;29/09/2021 14:21;AVENIDA ANTONIO TOGNI, Nº 2953 - GAMA CRUZ - POCOS DE CALDAS;-21.778.936;-466.011.902;P01002 - VISTORIA DE LIBERACAO / EMISSAO DE AVCB (C) (Prioridade: 2 - Média);1CIA IND (POCOS DE CALDAS);TPO00155;Não;Não;Não;BOLETIM DE OCORRENCIA;Classificada;29/09/2021 22:05;Não
2021-18689782-5;(BM) 2021-047176166-001;29/09/2021 14:22;RODOVIA MG 344, Km 79 - PRATAPOLIS;-206.911.216;-468.431.546;S05303 - COLISAO ENTRE AUTOMOVEIS (CARRO, CAMIONETA, CAMINHONETE) (C) (Prioridade: 1 - Alta);1CIA IND/2CIA/1PEL(PASSOS);UR0565 / ASL00064;Não;Não;Não;BOLETIM DE OCORRENCIA;Classificada;30/09/2021 06:58;Não
2021-18690954-6;(BM) 2021-047164328-001;29/09/2021 15:25;AVENIDA JOAO PINHEIRO, Nº 2190 - VILA CRUZ - POCOS DE CALDAS;-217.840.378;-465.933.869;P01002 - VISTORIA DE LIBERACAO / EMISSAO DE AVCB (C) (Prioridade: 2 - Média);1CIA IND (POCOS DE CALDAS);TPO00155;Não;Não;Não;BOLETIM DE OCORRENCIA;Classificada;29/09/2021 22:04;Não
2021-18692144-7;(BM) 2021-047179291-001;29/09/2021 16:30;AVENIDA ELDORADO, Nº S/N - JARDIM CIDADE - PASSOS;-207.288.849;-466.238.387;S06002 - CAPTURA DE ANIMAL SILVESTRE PERIGOSO / AGRESSIVO (C) (Prioridade: 2 - Média);1CIA IND/2CIA/1PEL(PASSOS);ASL00064;Não;Não;Não;BOLETIM DE OCORRENCIA;Classificada;30/09/2021 07:00;Não
2021-18693342-6;(BM) 2021-047193659-001;29/09/2021 17:41;AVENIDA SABIA, Nº S/N - MUARAMA 2 - PASSOS;-207.330.855;-466.157.928;S06004 - CAPTURA DE OUTROS ANIMAIS DOMESTICOS PERIGOSOS / AGRESSIVOS (C) (Prioridade: 2 - Média);1CIA IND/2CIA/1PEL(PASSOS);ASL00064;Não;Não;Não;BOLETIM DE OCORRENCIA;Classificada;30/09/2021 06:59;Não
2021-18694537-0;(BM) 2021-047264666-001;29/09/2021 18:59;RUA GUERINO ZAPAROLLI, Nº 100 - DISTRITO INDUSTRIAL 1 - PASSOS;-2.070.688;-465.925.254;O02033 - INCENDIO EM AMONTOADO DE LIXO (C) (Prioridade: 2 - Média);1CIA IND/2CIA/1PEL(PASSOS);ABTS0495;Não;Não;Não;BOLETIM DE OCORRENCIA;Classificada;30/09/2021 06:59;Não
2021-18700738-0;(BM) 2021-047398968-001;30/09/2021 08:15;AVENIDA PAULO ESPER PIMENTA, Nº 151 - PANORAMA - PASSOS;-207.092.421;-466.125.297;Q02009 - PALESTRA DE PRIMEIROS SOCORROS (C) (Prioridade: 2 - Média);1CIA IND/2CIA/1PEL(PASSOS);ASL00064;Não;Não;Não;BOLETIM DE OCORRENCIA;Classificada;01/10/2021 08:08;Não
2021-18700892-0;(BM) 2021-047273927-001;30/09/2021 08:26;RUA PECUARIA, Nº 301 - SAO FRANCISCO - PASSOS;-207.272.888;-466.182.523;S06001 - SALVAMENTO DE ANIMAL EM RISCO / PERIGO (C) (Prioridade: 2 - Média);1CIA IND/2CIA/1PEL(PASSOS);ABTS0495;Não;Não;Não;BOLETIM DE OCORRENCIA;Classificada;01/10/2021 08:09;Não
2021-18701349-4;(BM) 2021-047278841-001;30/09/2021 09:09;RUA ALBERTINO FERREIRA ROSA, Nº 481 - PASSOS;-207.351.262;-465.859.819;P01001 - VISTORIA DE FISCALIZACAO (C) (Prioridade: 2 - Média);1CIA IND/2CIA/PEL PREV E VIST(PASSOS);APF01362;Não;Não;Não;BOLETIM DE OCORRENCIA;Classificada;01/10/2021 08:09;Não
2021-18701439-5;(BM) 2021-047280158-001;30/09/2021 09:19;RUA PAULO BRUNO DA SILVEIRA SOBRINHO, Nº 159 - FLAMBOYANT - PASSOS;-207.555.234;-466.047.885;P01001 - VISTORIA DE FISCALIZACAO (C) (Prioridade: 2 - Média);1CIA IND/2CIA/PEL PREV E VIST(PASSOS);APF01362;Não;Não;Não;BOLETIM DE OCORRENCIA;Classificada;01/10/2021 08:09;Não
2021-18701561-9;(BM) 2021-047281388-001;30/09/2021 09:26;RUA JASPE, Nº 548 - ACLIMACAO - PASSOS;-207.523.172;-465.967.222;P01001 - VISTORIA DE FISCALIZACAO (C) (Prioridade: 2 - Média);1CIA IND/2CIA/PEL PREV E VIST(PASSOS);APF01362;Não;Não;Não;BOLETIM DE OCORRENCIA;Classificada;01/10/2021 08:09;Não
2021-18701646-0;(BM) 2021-047282404-001;30/09/2021 09:34;AVENIDA EXPEDICIONARIOS, Nº 1977 - CASARAO - PASSOS;-207.251.036;-465.888.552;P01001 - VISTORIA DE FISCALIZACAO (C) (Prioridade: 2 - Média);1CIA IND/2CIA/PEL PREV E VIST(PASSOS);APF01362;Não;Não;Não;BOLETIM DE OCORRENCIA;Classificada;01/10/2021 08:09;Não
2021-18701916-2;(BM) 2021-047285802-001;30/09/2021 09:56;RUA CAETES, Nº 153 - RECANTO DA TEKA - PASSOS;-207.417.863;-465.964.137;S06001 - SALVAMENTO DE ANIMAL EM RISCO / PERIGO (C) (Prioridade: 2 - Média);1CIA IND/2CIA/PEL PREV E VIST(PASSOS);APF01362 / ABTS0495;Não;Não;Não;BOLETIM DE OCORRENCIA;Classificada;01/10/2021 08:09;Não
2021-18702721-9;(BM) 2021-047296176-001;30/09/2021 10:55;AVENIDA ANTONIO ADAO DA SILVA, Nº 200 - PENHA 2 - PASSOS;-207.188.563;-466.324.042;V03019 - VITIMA DE QUEDA DE ALTURA (C) (Prioridade: 1 - Alta);1CIA IND/2CIA/1PEL(PASSOS);UR0565;Não;Não;Não;BOLETIM DE OCORRENCIA;Classificada;01/10/2021 08:10;Não
2021-18705514-0;(BM) 2021-047398550-001;30/09/2021 14:42;AVENIDA JUCA STOCKLER, Nº S/N - NOVO HORIZONTE - PASSOS;-207.366.397;-466.024.583;V02408 - VITIMA DE COLISAO ENTRE AUTOMOVEL X MOTOCICLETA (C) (Prioridade: 1 - Alta);1CIA IND/2CIA/1PEL(PASSOS);UR0565 / APF01362;Não;Não;Não;BOLETIM DE OCORRENCIA;Classificada;01/10/2021 08:10;Não
2021-18706097-0;(BM) 2021-047340256-001;30/09/2021 15:13;AVENIDA ARLINDO FIGUEIREDO, Nº 610 - JARDIM PINHEIROS - PASSOS;-207.235.488;-466.191.201;X03000 - EMPENHO ADMINISTRATIVO (C) (Prioridade: 2 - Média);1CIA IND/2CIA/PEL PREV E VIST(PASSOS);APF01362;Não;Não;Não;BOLETIM DE OCORRENCIA;Classificada;01/10/2021 08:09;Não
2021-18709938-9;(BM) 2021-047384321-001;30/09/2021 18:52;RUA ELZO CALIXTO MATTAR, Nº 763 - MUARAMA 2 - PASSOS;-207.332.789;-466.105.307;V01010 - VITIMA COM DOR TORACICA/SUSPEITA DE INFARTO (IAM) (C) (Prioridade: 1 - Alta);1CIA IND/2CIA/1PEL(PASSOS);UR0565;Não;Não;Não;BOLETIM DE OCORRENCIA;Classificada;01/10/2021 08:10;Não
2021-18711184-2;(BM) 2021-047396733-001;30/09/2021 20:11;RUA SEBASTIAO ALVES DE SOUZA, Nº 126 - NOVO HORIZONTE - ITAU DE MINAS;-207.486.249;-467.452.121;S06005 - CAPTURA DE INSETOS (C) (Prioridade: 2 - Média);1CIA IND/2CIA/1PEL(PASSOS);ASL00064;Não;Não;Não;BOLETIM DE OCORRENCIA;Classificada;01/10/2021 08:09;Não
2021-18711601-8;(BM) 2021-047401099-001;30/09/2021 20:39;RUA SAO PEDRO, Nº 98 - CANDEIAS - PASSOS;-207.200.028;-466.155.158;O03003 - VAZAMENTO DE GLP / GAS NATURAL (COZINHA) (C) (Prioridade: 1 - Alta);1CIA IND/2CIA/1PEL(PASSOS);ABTS0495;Não;Não;Não;BOLETIM DE OCORRENCIA;Classificada;01/10/2021 08:10;Não
2021-18712298-7;(BM) 2021-047408391-001;30/09/2021 21:31;AVENIDA NACOES, Nº S/N - VILA RICA - PASSOS;-207.276.808;-46.600.861;S06005 - CAPTURA DE INSETOS (C) (Prioridade: 2 - Média);1CIA IND/2CIA/1PEL(PASSOS);ASL00064;Não;Não;Não;BOLETIM DE OCORRENCIA;Classificada;01/10/2021 08:09;Não
2021-18712522-9;(BM) 2021-047410269-001;30/09/2021 21:46;RUA ARISTEU INACIO ANDRADE ROSA, Nº S/N - JARDIM CANADA - PASSOS;-207.480.124;-466.077.959;S06005 - CAPTURA DE INSETOS (C) (Prioridade: 2 - Média);1CIA IND/2CIA/1PEL(PASSOS);ASL00064;Não;Não;Não;BOLETIM DE OCORRENCIA;Classificada;01/10/2021 08:10;Não
