Nº chamada;Nº REDS;Data/hora de criação;Local do fato;Latitude  do local;Longitude do local;Natureza;Unidade Responsável;Recursos empenhados;Alerta;Destaque;Envolve autoridade;Tipo de classificação;Situação;Data/hora da situação atual;Evento associado
2021-17691279-2;(BM) 2021-036765808-001;01/08/2021 00:28;AVENIDA JUCA STOCKLER, Nº S/N - NOVO HORIZONTE - PASSOS;-207.366.397;-466.024.583;V02502 - VITIMA DE QUEDA (MOTOCICLISTA) (C) (Prioridade: 1 - Alta);1CIA IND/2CIA/1PEL(PASSOS);UR0565;Não;Não;Não;BOLETIM DE OCORRENCIA;Classificada;01/08/2021 06:20;Não
2021-17695346-0;(BM) 2021-036797164-001;01/08/2021 10:26;FAZENDA BOM SUCESSO - BAIRRO JULEIRA - DIRCEU MOREIRA BRANDAO FILHO, Nº S/N - PASSOS;-206.824.081;-466.554.207;V01010 - VITIMA COM DOR TORACICA/SUSPEITA DE INFARTO (IAM) (C) (Prioridade: 1 - Alta);1CIA IND/2CIA/1PEL(PASSOS);UR0565;Não;Não;Não;BOLETIM DE OCORRENCIA;Classificada;02/08/2021 08:08;Não
2021-17695927-2;(BM) 2021-036803596-001;01/08/2021 11:48;RUA VESPASIANO, Nº S/N - PENHA 2 - PASSOS;-207.166.658;-466.300.497;O02001 - INCENDIO EM RESIDENCIA/HABITACAO UNIFAMILIAR (CASA) (C) (Prioridade: 1 - Alta);1CIA IND/2CIA/1PEL(PASSOS);ABTS0495;Não;Não;Não;BOLETIM DE OCORRENCIA;Classificada;02/08/2021 08:08;Não
2021-17696060-2;(BM) 2021-036804600-001;01/08/2021 12:07;AVENIDA NACOES, Nº S/N - VILA RICA - PASSOS;-207.276.808;-46.600.861;P02001 - VISTORIA EM HIDRANTE (C) (Prioridade: 2 - Média);1CIA IND/2CIA/1PEL(PASSOS);ASL00064;Não;Não;Não;BOLETIM DE OCORRENCIA;Classificada;02/08/2021 08:08;Não
2021-17698009-6;(BM) 2021-036825570-001;01/08/2021 15:26;RUA BRIGADEIRO WILSON ABREU NOGUEIRA, Nº S/N - JARDIM PINHEIROS - PASSOS;-207.239.769;-466.237.221;O04012 - INCENDIO EM LOTE VAGO (AREA URBANA) (C) (Prioridade: 2 - Média);1CIA IND/2CIA/1PEL(PASSOS);ABTS0495;Não;Não;Não;BOLETIM DE OCORRENCIA;Classificada;02/08/2021 08:08;Não
2021-17700263-7;(BM) 2021-036847122-001;01/08/2021 18:01;RUA PARDAL, Nº S/N - PARQUE DA FAZENDA - PASSOS;-207.383.312;-466.113.382;V02202 - VITIMA DE CHOQUE DE MOTOCICLETA (C) (Prioridade: 1 - Alta);1CIA IND/2CIA/1PEL(PASSOS);UR0565;Não;Não;Não;BOLETIM DE OCORRENCIA;Classificada;02/08/2021 08:08;Não
2021-17700966-7;(BM) 2021-036853095-001;01/08/2021 18:41;RUA CANJERANUS, Nº S/N - CANJERANUS - PASSOS;-207.089.894;-466.069.659;O02027 - INCENDIO VEIC. AUTOMOTOR (EXCETO TANQUE/ONIBUS/MICRO-ONIBUS) (C) (Prioridade: 1 - Alta);1CIA IND/2CIA/1PEL(PASSOS);ABTS0495;Não;Não;Não;BOLETIM DE OCORRENCIA;Classificada;02/08/2021 08:08;Não
2021-17702073-2;(BM) 2021-036865899-001;01/08/2021 19:51;RODOVIA MGC 146 - S  - N, Nº S/N - PASSOS;-207.005.628;-465.873.428;O04012 - INCENDIO EM LOTE VAGO (AREA URBANA) (C) (Prioridade: 2 - Média);1CIA IND/2CIA/1PEL(PASSOS);ABTS0495;Não;Não;Não;BOLETIM DE OCORRENCIA;Classificada;02/08/2021 08:08;Não
2021-17702095-5;(BM) 2021-036865598-001;01/08/2021 19:52;RODOVIA MG 050, Km 378 - ITAU DE MINAS;-207.943.999;-467.847.897;O04008 - INCENDIO EM AREA RURAL NAO PROTEGIDA (C) (Prioridade: 2 - Média);1CIA IND/2CIA/PEL PREV E VIST(PASSOS);BM1637099;Não;Não;Não;BOLETIM DE OCORRENCIA;Classificada;01/08/2021 22:33;Não
2021-17702443-0;;01/08/2021 20:15;ESTANCIA PE DA SERRA, Nº S/N - CAPETINGA;-20.658.439;-470.664.741;O04008 - INCENDIO EM AREA RURAL NAO PROTEGIDA (C) (Prioridade: 2 - Média);1CIA IND/2CIA/1PEL(PASSOS);;Não;Não;Não;W08000-CANCELADA POR INDISPONIBILIDADE DE MEIOS;Classificada;01/08/2021 22:33;Não
2021-17705332-5;(BM) 2021-036898782-001;01/08/2021 23:53;RUA ALCIDES RODRIGUES DE SOUZA, Nº S/N - MARIA PARREIRA - ITAU DE MINAS;-207.478.306;-467.509.288;O04013 - INCENDIO EM PASTO (C) (Prioridade: 2 - Média);1CIA IND/2CIA/1PEL(PASSOS);ABTS0495;Não;Não;Não;BOLETIM DE OCORRENCIA;Classificada;02/08/2021 08:08;Não
2021-17706157-2;(BM) 2021-036901615-001;02/08/2021 01:38;RUA VEREADOR JOAQUIM DE PADUA LEMOS, Nº 229 - COHAB 5 - PASSOS;-207.197.585;-466.375.467;V03018 - VITIMA DE QUEDA DA PROPRIA ALTURA (C) (Prioridade: 1 - Alta);1CIA IND/2CIA/1PEL(PASSOS);UR0565;Não;Não;Não;BOLETIM DE OCORRENCIA;Classificada;02/08/2021 08:08;Não
2021-17706980-0;(BM) 2021-036933100-001;02/08/2021 06:30;RUA SAO JOSE, Nº 383 - COUNTRY CLUB - POCOS DE CALDAS;-217.879.543;-465.915.699;X03000 - EMPENHO ADMINISTRATIVO (C) (Prioridade: 2 - Média);1CIA IND/2CIA/PEL PREV E VIST(PASSOS);APF01362;Não;Não;Não;BOLETIM DE OCORRENCIA;Classificada;02/08/2021 23:21;Não
2021-17708120-3;(BM) 2021-036921356-001;02/08/2021 08:52;AVENIDA ANTONIO ADAO DA SILVA, Nº 719 - COHAB 4 - PASSOS;-207.176.859;-466.358.957;V01008 - VITIMA COM DOR ABDOMINAL (ABDOME AGUDO) (C) (Prioridade: 1 - Alta);1CIA IND/2CIA/1PEL(PASSOS);UR0565;Não;Não;Não;BOLETIM DE OCORRENCIA;Classificada;02/08/2021 23:34;Não
2021-17708239-6;(BM) 2021-036922909-001;02/08/2021 09:03;RUA CORONEL JOSE CUSTODIO, Nº S/N - CENTRO - CAMPESTRE;-217.119.513;-462.420.387;P01002 - VISTORIA DE LIBERACAO / EMISSAO DE AVCB (C) (Prioridade: 2 - Média);1CIA IND (POCOS DE CALDAS);APF01375;Não;Não;Não;BOLETIM DE OCORRENCIA;Classificada;02/08/2021 19:58;Não
2021-17708603-7;(BM) 2021-036927262-001;02/08/2021 09:30;RUA OCTAVIANO CAETANO CINTRA, Nº 323 - PASSOS;-207.321.361;-466.159.185;P01001 - VISTORIA DE FISCALIZACAO (C) (Prioridade: 2 - Média);1CIA IND/2CIA/1PEL(PASSOS);ASL00064;Não;Não;Não;BOLETIM DE OCORRENCIA;Classificada;02/08/2021 23:21;Não
2021-17708606-5;(BM) 2021-036928320-001;02/08/2021 09:34;RUA ARIZONA, Nº 151 - RESIDENCIAL ELDORADO - PASSOS;-207.324.346;-466.197.685;P01001 - VISTORIA DE FISCALIZACAO (C) (Prioridade: 2 - Média);1CIA IND/2CIA/1PEL(PASSOS);ASL00064;Não;Não;Não;BOLETIM DE OCORRENCIA;Classificada;02/08/2021 23:21;Não
2021-17708741-0;(BM) 2021-036929640-001;02/08/2021 09:42;PRACA GERALDO DA SILVA MAIA, Nº 213 - CENTRO - PASSOS;-20.721.877;-466.088.457;P02001 - VISTORIA EM HIDRANTE (C) (Prioridade: 2 - Média);1CIA IND/2CIA/1PEL(PASSOS);ABTS0495;Não;Não;Não;BOLETIM DE OCORRENCIA;Classificada;02/08/2021 23:33;Não
2021-17708847-1;(BM) 2021-036930071-001;02/08/2021 09:50;RUA FUNCIONARIOS, Nº 260 - BELO HORIZONTE - PASSOS;-207.316.006;-466.046.403;P01002 - VISTORIA DE LIBERACAO / EMISSAO DE AVCB (C) (Prioridade: 2 - Média);1CIA IND/2CIA/1PEL(PASSOS);ASL00064;Não;Não;Não;BOLETIM DE OCORRENCIA;Classificada;02/08/2021 23:20;Não
2021-17709037-7;(BM) 2021-036932895-001;02/08/2021 10:04;RUA TOCANTINS, Nº S/N - VILA ROMANA - PASSOS;-207.415.321;-466.092.167;P01002 - VISTORIA DE LIBERACAO / EMISSAO DE AVCB (C) (Prioridade: 2 - Média);1CIA IND/2CIA/1PEL(PASSOS);ASL00064;Não;Não;Não;BOLETIM DE OCORRENCIA;Classificada;02/08/2021 23:20;Não
2021-17709084-7;(BM) 2021-036933482-001;02/08/2021 10:08;RUA DOUTOR AFONSO DIAS ARAUJO, Nº 22 - CENTRO - CAMPESTRE;-217.080.713;-462.505.028;P01001 - VISTORIA DE FISCALIZACAO (C) (Prioridade: 2 - Média);1CIA IND (POCOS DE CALDAS);APF01375;Não;Não;Não;BOLETIM DE OCORRENCIA;Classificada;02/08/2021 19:58;Não
2021-17709156-6;(BM) 2021-036934145-001;02/08/2021 10:13;RUA JOAQUIM ALVES, Nº S/N - CENTRO - CAMPESTRE;-21.707.787;-462.508.077;P01001 - VISTORIA DE FISCALIZACAO (C) (Prioridade: 2 - Média);1CIA IND (POCOS DE CALDAS);APF01375;Não;Não;Não;BOLETIM DE OCORRENCIA;Classificada;02/08/2021 19:58;Não
2021-17709167-2;(BM) 2021-036934420-001;02/08/2021 10:15;RUA RIO BRANCO, Nº 1002 - SANTA LUZIA - PASSOS;-207.050.918;-466.027.992;P01001 - VISTORIA DE FISCALIZACAO (C) (Prioridade: 2 - Média);1CIA IND/2CIA/1PEL(PASSOS);ASL00064;Não;Não;Não;BOLETIM DE OCORRENCIA;Classificada;02/08/2021 23:20;Não
2021-17709342-0;(BM) 2021-036936210-001;02/08/2021 10:26;RUA ALABAMA, Nº 90 - RESIDENCIAL ELDORADO - PASSOS;-207.304.547;-466.191.556;P01001 - VISTORIA DE FISCALIZACAO (C) (Prioridade: 2 - Média);1CIA IND/2CIA/1PEL(PASSOS);ASL00064;Não;Não;Não;BOLETIM DE OCORRENCIA;Classificada;02/08/2021 23:21;Não
2021-17709442-5;(BM) 2021-036937690-001;02/08/2021 10:34;RUA PARA, Nº S/N - POLIVALENTE - PASSOS;-207.065.593;-466.081.424;P02001 - VISTORIA EM HIDRANTE (C) (Prioridade: 2 - Média);1CIA IND/2CIA/1PEL(PASSOS);ABTS0495;Não;Não;Não;BOLETIM DE OCORRENCIA;Classificada;02/08/2021 23:34;Não
2021-17709638-7;(BM) 2021-036940324-001;02/08/2021 10:52;RUA AMERICA CENTRAL, Nº 36 - CANDEIAS - PASSOS;-207.226.037;-466.156.033;P01001 - VISTORIA DE FISCALIZACAO (C) (Prioridade: 2 - Média);1CIA IND/2CIA/1PEL(PASSOS);ASL00064;Não;Não;Não;BOLETIM DE OCORRENCIA;Classificada;02/08/2021 23:20;Não
2021-17709706-5;(BM) 2021-036941121-001;02/08/2021 10:57;AVENIDA ESTACAO, Nº S/N - PARQUE DA ESTACAO - PASSOS;-207.073.243;-466.109.132;O04011 - INCENDIO EM AREA URBANA NAO PROTEGIDA (C) (Prioridade: 2 - Média);1CIA IND/2CIA/1PEL(PASSOS);ABTS0495;Não;Não;Não;BOLETIM DE OCORRENCIA;Classificada;02/08/2021 23:34;Não
2021-17710305-1;(BM) 2021-036948898-001;02/08/2021 11:41;AVENIDA PREFEITO DUVIVIER DA SILVA PASSOS, Nº 285 - JARDIM PRIMAVERA - CABO VERDE;-214.745.239;-463.977.453;P01001 - VISTORIA DE FISCALIZACAO (C) (Prioridade: 2 - Média);1CIA IND (POCOS DE CALDAS);APF01375;Não;Não;Não;BOLETIM DE OCORRENCIA;Classificada;02/08/2021 19:58;Não
2021-17710406-9;(BM) 2021-036950189-001;02/08/2021 11:50;RUA VENANCIO FERREIRA DE CARVALHO, Nº 76 - SAO JUDAS TADEU - CABO VERDE;;;P01001 - VISTORIA DE FISCALIZACAO (C) (Prioridade: 2 - Média);1CIA IND (POCOS DE CALDAS);APF01375;Não;Não;Não;BOLETIM DE OCORRENCIA;Classificada;02/08/2021 19:58;Não
2021-17710408-4;(BM) 2021-036954105-001;02/08/2021 11:51;RUA DOUTOR CARVALHO, Nº 1455 - NOSSA SENHORA DAS GRAÇAS - PASSOS;-207.352.269;-466.037.303;Q03999 - OUTROS TIPOS DE TREINAMENTO (C) (Prioridade: 2 - Média);1CIA IND/2CIA/1PEL(PASSOS);ASL00064;Não;Não;Não;BOLETIM DE OCORRENCIA;Classificada;02/08/2021 23:34;Não
2021-17710784-6;(BM) 2021-036954685-001;02/08/2021 12:24;FAZENDA BOM SUCESSO - BAIRRO JULEIRA - DIRCEU MOREIRA BRANDAO FILHO, Nº S/N - PASSOS;-206.824.081;-466.554.207;O04007 - INCENDIO EM PROPRIEDADE RURAL PARTICULAR (C) (Prioridade: 2 - Média);1CIA IND/2CIA/1PEL(PASSOS);ABTS0495;Não;Não;Não;BOLETIM DE OCORRENCIA;Classificada;02/08/2021 23:34;Não
2021-17711265-4;(BM) 2021-036960654-001;02/08/2021 13:10;ESTRADA JULIEIRA, Nº S/N - NOVA CALIFORNIA - PASSOS;-207.018.793;-466.242.379;O04007 - INCENDIO EM PROPRIEDADE RURAL PARTICULAR (C) (Prioridade: 2 - Média);1CIA IND/2CIA/1PEL(PASSOS);ABTS0495 / ASL00064;Não;Não;Não;BOLETIM DE OCORRENCIA;Classificada;02/08/2021 23:34;Não
2021-17711700-1;(BM) 2021-036965159-001;02/08/2021 13:45;AVENIDA OSCAR ORNELAS, Nº 143 - CENTRO - CABO VERDE;-214.738.742;-463.949.395;P01002 - VISTORIA DE LIBERACAO / EMISSAO DE AVCB (C) (Prioridade: 2 - Média);1CIA IND (POCOS DE CALDAS);APF01375;Não;Não;Não;BOLETIM DE OCORRENCIA;Classificada;02/08/2021 19:57;Não
2021-17712373-2;(BM) 2021-036973638-001;02/08/2021 14:25;AVENIDA AROUCA, Nº 600 - CENTRO - PASSOS;-207.181.694;-466.077.523;V01018 - VITIMA DE MAL NAO DEFINIDO (DISTURBIO) (C) (Prioridade: 1 - Alta);1CIA IND/2CIA/1PEL(PASSOS);UR0565;Não;Não;Não;BOLETIM DE OCORRENCIA;Classificada;02/08/2021 23:34;Não
2021-17713781-4;(BM) 2021-036991746-001;02/08/2021 15:34;RUA COIMBRAS, Nº S/N - NOSSA SENHORA DE LOURDES - PASSOS;-206.987.548;-466.163.657;O04007 - INCENDIO EM PROPRIEDADE RURAL PARTICULAR (C) (Prioridade: 2 - Média);1CIA IND/2CIA/1PEL(PASSOS);ASL00064;Não;Não;Não;BOLETIM DE OCORRENCIA;Classificada;02/08/2021 23:34;Não
2021-17716265-1;(BM) 2021-037025915-001;02/08/2021 17:48;RUA CAETES, Nº S/N - NOSSA SENHORA APARECIDA - PASSOS;-20.743.907;-466.081.916;O04012 - INCENDIO EM LOTE VAGO (AREA URBANA) (C) (Prioridade: 2 - Média);1CIA IND/2CIA/1PEL(PASSOS);ABTS0495;Não;Não;Não;BOLETIM DE OCORRENCIA;Classificada;02/08/2021 23:34;Não
2021-17717437-0;(BM) 2021-037034615-001;02/08/2021 18:57;ESTRADA MORRO DO CAFE, Nº S/N - JARDIM FLORENCA - PASSOS;-206.882.184;-466.199.302;O04007 - INCENDIO EM PROPRIEDADE RURAL PARTICULAR (C) (Prioridade: 2 - Média);1CIA IND/2CIA/1PEL(PASSOS);ASL00064;Não;Não;Não;BOLETIM DE OCORRENCIA;Classificada;02/08/2021 23:34;Não
2021-17718845-2;(BM) 2021-037052801-001;02/08/2021 20:28;RUA IRLANDA, Nº S/N - NOVO MUNDO 4 - PASSOS;-207.292.941;-465.884.752;O04012 - INCENDIO EM LOTE VAGO (AREA URBANA) (C) (Prioridade: 2 - Média);1CIA IND/2CIA/1PEL(PASSOS);ABTS0495;Não;Não;Não;BOLETIM DE OCORRENCIA;Classificada;02/08/2021 23:34;Não
2021-17722707-2;(BM) 2021-037093808-001;03/08/2021 06:40;RUA BAHIA, Nº 164 - NOSSA SENHORA DAS DORES - GUAXUPE;-213.130.228;-466.941.351;X01000 - SUPERVISAO (C) (Prioridade: 3 - Baixa);1CIA IND/2CIA/PEL PREV E VIST(PASSOS);APF01362;Não;Não;Não;BOLETIM DE OCORRENCIA;Classificada;07/08/2021 13:08;Não
2021-17723467-6;(BM) 2021-037102748-001;03/08/2021 08:15;RUA DOUTOR CARVALHO, Nº 1455 - NOSSA SENHORA DAS GRAÇAS - PASSOS;-207.352.269;-466.037.303;Q03999 - OUTROS TIPOS DE TREINAMENTO (C) (Prioridade: 2 - Média);1CIA IND/2CIA/1PEL(PASSOS);BM1315175;Não;Não;Não;BOLETIM DE OCORRENCIA;Classificada;03/08/2021 12:26;Não
2021-17723584-0;(BM) 2021-037102791-001;03/08/2021 08:25;RUA OTAVIO RODRIGUES VASCONCELOS, Nº S/N - MUARAMA 2 - PASSOS;-207.352.854;-466.098.694;S06001 - SALVAMENTO DE ANIMAL EM RISCO / PERIGO (C) (Prioridade: 2 - Média);1CIA IND/2CIA/1PEL(PASSOS);ASL00064;Não;Não;Não;BOLETIM DE OCORRENCIA;Classificada;03/08/2021 12:26;Não
2021-17723759-1;(BM) 2021-037112546-001;03/08/2021 08:40;RUA DOUTOR CARVALHO, Nº 1455 - NOSSA SENHORA DAS GRAÇAS - PASSOS;-207.352.269;-466.037.303;Q03004 - TREINAMENTO DE SALVAMENTO EM ALTURA (C) (Prioridade: 2 - Média);1CIA IND/2CIA/1PEL(PASSOS);BM1728914;Não;Não;Não;BOLETIM DE OCORRENCIA;Classificada;03/08/2021 12:26;Não
2021-17724109-1;(BM) 2021-037108460-001;03/08/2021 09:11;AVENIDA FRANCISCO SALLES, Nº 587 - CENTRO - POCOS DE CALDAS;-217.850.789;-465.645.447;P01002 - VISTORIA DE LIBERACAO / EMISSAO DE AVCB (C) (Prioridade: 2 - Média);1CIA IND (POCOS DE CALDAS);APF01375;Não;Não;Não;BOLETIM DE OCORRENCIA;Classificada;03/08/2021 16:45;Não
2021-17725007-7;(BM) 2021-037119535-001;03/08/2021 10:24;RUA ARAGUAIA, Nº 338 - JARDIM DOS ESTADOS - POCOS DE CALDAS;-217.831.833;-465.589.281;P01002 - VISTORIA DE LIBERACAO / EMISSAO DE AVCB (C) (Prioridade: 2 - Média);1CIA IND (POCOS DE CALDAS);APF01375;Não;Não;Não;BOLETIM DE OCORRENCIA;Classificada;03/08/2021 16:44;Não
2021-17725262-4;(BM) 2021-037122708-001;03/08/2021 10:42;RUA DOUTOR NELSON DE PAIVA, Nº 216 - JARDIM NOVA APARECIDA - POCOS DE CALDAS;-217.902.751;-465.472.002;X03000 - EMPENHO ADMINISTRATIVO (C) (Prioridade: 2 - Média);1CIA IND (POCOS DE CALDAS);TPO01399;Não;Não;Não;BOLETIM DE OCORRENCIA;Classificada;03/08/2021 17:30;Não
2021-17725613-7;(BM) 2021-037126721-001;03/08/2021 11:06;RUA MARECHAL DEODORO, Nº 419 - CENTRO - POCOS DE CALDAS;-217.861.201;-465.601.046;P01002 - VISTORIA DE LIBERACAO / EMISSAO DE AVCB (C) (Prioridade: 2 - Média);1CIA IND (POCOS DE CALDAS);APF01375;Não;Não;Não;BOLETIM DE OCORRENCIA;Classificada;03/08/2021 16:44;Não
2021-17726181-0;(BM) 2021-037134100-001;03/08/2021 11:56;RUA EXPEDITO LEMOS MAIA, Nº 58 - JARDIM ITALIA - PASSOS;-207.471.772;-466.021.738;O04012 - INCENDIO EM LOTE VAGO (AREA URBANA) (C) (Prioridade: 2 - Média);1CIA IND/2CIA/1PEL(PASSOS);ASL00064;Não;Não;Não;BOLETIM DE OCORRENCIA;Classificada;06/08/2021 05:36;Não
2021-17727001-1;(BM) 2021-037143694-001;03/08/2021 13:21;AVENIDA EXPEDICIONARIOS, Nº 1374 - PASSOS;-207.132.225;-465.977.954;P01001 - VISTORIA DE FISCALIZACAO (C) (Prioridade: 2 - Média);1CIA IND/2CIA/PEL PREV E VIST(PASSOS);TPO01115;Não;Não;Não;BOLETIM DE OCORRENCIA;Classificada;03/08/2021 15:35;Não
2021-17727803-3;(BM) 2021-037157581-001;03/08/2021 14:14;RUA CEARA, Nº 333 - PASSOS;-207.139.554;-466.021.373;P01001 - VISTORIA DE FISCALIZACAO (C) (Prioridade: 2 - Média);1CIA IND/2CIA/PEL PREV E VIST(PASSOS);TPO01115;Não;Não;Não;BOLETIM DE OCORRENCIA;Classificada;03/08/2021 15:35;Não
2021-17728178-6;(BM) 2021-037158034-001;03/08/2021 14:33;RUA JOAO PIMENTA, Nº 826 - BELA VISTA - PASSOS;-207.179.474;-465.948.703;P01001 - VISTORIA DE FISCALIZACAO (C) (Prioridade: 2 - Média);1CIA IND/2CIA/PEL PREV E VIST(PASSOS);TPO01115;Não;Não;Não;BOLETIM DE OCORRENCIA;Classificada;03/08/2021 15:35;Não
2021-17728265-9;(BM) 2021-037158796-001;03/08/2021 14:37;RUA CAPITAO CIRILO, Nº 673 - ANDRADAS;-220.642.281;-465.634.161;P01002 - VISTORIA DE LIBERACAO / EMISSAO DE AVCB (C) (Prioridade: 2 - Média);1CIA IND (POCOS DE CALDAS);APF01375;Não;Não;Não;BOLETIM DE OCORRENCIA;Classificada;03/08/2021 16:44;Não
2021-17728562-4;(BM) 2021-037162515-001;03/08/2021 14:51;RUA FUNCIONARIOS, Nº 260 - BELO HORIZONTE - PASSOS;-207.316.006;-466.046.403;P01001 - VISTORIA DE FISCALIZACAO (C) (Prioridade: 2 - Média);1CIA IND/2CIA/PEL PREV E VIST(PASSOS);TPO01115;Não;Não;Não;BOLETIM DE OCORRENCIA;Classificada;03/08/2021 15:35;Não
2021-17728831-4;(BM) 2021-037168371-001;03/08/2021 15:02;RUA FARMACEUTICOS, Nº 864 - MONSENHOR MESSIAS - PASSOS;-207.388.076;-466.002.272;P01001 - VISTORIA DE FISCALIZACAO (C) (Prioridade: 2 - Média);1CIA IND/2CIA/PEL PREV E VIST(PASSOS);TPO01115;Não;Não;Não;BOLETIM DE OCORRENCIA;Classificada;03/08/2021 15:35;Não
2021-17728950-3;;03/08/2021 15:09;AVENIDA QUEROBINO MOURAO FILHO, Nº 889 - BELA VISTA - PIUMHI;-204.622.914;-459.456.346;X03000 - EMPENHO ADMINISTRATIVO (C) (Prioridade: 2 - Média);1CIA IND/2CIA/1PEL(PASSOS);1193;Não;Não;Não;DUPLICADA;Classificada;03/08/2021 15:56;Não
2021-17729830-7;(BM) 2021-037180520-001;03/08/2021 15:52;AVENIDA QUEROBINO MOURAO FILHO, Nº 889 - BELA VISTA - PIUMHI;-204.622.914;-459.456.346;A18001 - EMPENHO DE AMBULANCIA DO IPSM (C) (Prioridade: 2 - Média);1CIA IND/2CIA/1PEL(PASSOS);1193;Não;Não;Não;BOLETIM DE OCORRENCIA;Classificada;05/08/2021 06:22;Não
2021-17730263-6;(BM) 2021-037183564-001;03/08/2021 16:14;RUA BABILONIA, Nº 186 - VILA RICA - PASSOS;-207.252.305;-465.963.357;P02002 - VISTORIA EM RISCO DE QUEDA DE ARVORE (C) (Prioridade: 2 - Média);1CIA IND/2CIA/1PEL(PASSOS);ASL00064;Não;Não;Não;BOLETIM DE OCORRENCIA;Classificada;06/08/2021 05:36;Não
2021-17730579-0;(BM) 2021-037187469-001;03/08/2021 16:31;RUA JOAO BATISTA SALLES, Nº 91 - JARDIM NOVA ANDRADAS - ANDRADAS;-220.761.656;-465.786.475;P01002 - VISTORIA DE LIBERACAO / EMISSAO DE AVCB (C) (Prioridade: 2 - Média);1CIA IND (POCOS DE CALDAS);APF01375;Não;Não;Não;BOLETIM DE OCORRENCIA;Classificada;03/08/2021 16:44;Não
2021-17730989-1;(BM) 2021-037192041-001;03/08/2021 16:51;RUA CORONEL OLIVEIRA, Nº 573 - CENTRO - ANDRADAS;-220.728.117;-465.753.639;P01001 - VISTORIA DE FISCALIZACAO (C) (Prioridade: 2 - Média);1CIA IND (POCOS DE CALDAS);APF01375;Não;Não;Não;BOLETIM DE OCORRENCIA;Classificada;03/08/2021 17:28;Não
2021-17732155-4;(BM) 2021-037205538-001;03/08/2021 17:51;RUA MONTREAL, Nº S/N - JARDIM CANADA II - PASSOS;-207.537.252;-466.098.218;O04011 - INCENDIO EM AREA URBANA NAO PROTEGIDA (C) (Prioridade: 2 - Média);1CIA IND/2CIA/1PEL(PASSOS);ABTS0495;Não;Não;Não;BOLETIM DE OCORRENCIA;Classificada;06/08/2021 05:36;Não
2021-17733335-1;;03/08/2021 19:01;RODOVIA MGC 267, Nº S/N - BANDEIRA DO SUL;-217.366.843;-463.834.704;O04013 - INCENDIO EM PASTO (C) (Prioridade: 2 - Média);1CIA IND (POCOS DE CALDAS);;Não;Não;Não;DISPEN-DISPENSADO PELO SOLICITANTE;Classificada;03/08/2021 19:32;Não
2021-17739292-3;;04/08/2021 07:52;RUA D0VINO JOMORAS, Nº 185 - ITAMARATY ll - POCOS DE CALDAS;;;R01999 - OUTROS TIPOS DE ACOES DE APOIO A COMUNIDADE   (C) (Prioridade: 2 - Média);1CIA IND (POCOS DE CALDAS);;Não;Não;Não;W05000-DUPLICATA DE SOLICITACOES;Classificada;04/08/2021 08:27;Não
2021-17739526-2;;04/08/2021 08:17;RUA DOUTOR CARVALHO, Nº 1455 - NOSSA SENHORA DAS GRAÇAS - PASSOS;-207.352.269;-466.037.303;Q03017 - TREINAMENTO DE PRIMEIROS SOCORROS (C) (Prioridade: 2 - Média);1CIA IND/2CIA/1PEL(PASSOS);;Não;Não;Não;W06000-TESTE;Classificada;04/08/2021 08:30;Não
2021-17739668-7;(BM) 2021-037294482-001;04/08/2021 08:27;RUA DOUTOR CARVALHO, Nº 1455 - NOSSA SENHORA DAS GRAÇAS - PASSOS;-207.352.269;-466.037.303;Q03999 - OUTROS TIPOS DE TREINAMENTO (C) (Prioridade: 2 - Média);1CIA IND/2CIA/1PEL(PASSOS);BM1206671;Não;Não;Não;BOLETIM DE OCORRENCIA;Classificada;05/08/2021 06:20;Não
2021-17739862-0;(BM) 2021-037289990-001;04/08/2021 08:44;PRACA DOUTOR ANTONIO CARLOS, Nº S/N - CENTRO - CALDAS;-219.227.827;-463.906.074;P01002 - VISTORIA DE LIBERACAO / EMISSAO DE AVCB (C) (Prioridade: 2 - Média);1CIA IND (POCOS DE CALDAS);APF01375;Não;Não;Não;BOLETIM DE OCORRENCIA;Classificada;04/08/2021 11:24;Não
2021-17740411-8;(BM) 2021-037298149-001;04/08/2021 09:34;RUA CAMBUQUIRA, Nº 294 - MUARAMA - PASSOS;-207.295.896;-466.153.203;P01001 - VISTORIA DE FISCALIZACAO (C) (Prioridade: 2 - Média);1CIA IND/2CIA/PEL PREV E VIST(PASSOS);TPO01115;Não;Não;Não;BOLETIM DE OCORRENCIA;Classificada;05/08/2021 06:21;Não
2021-17740641-8;(BM) 2021-037299522-001;04/08/2021 09:54;RUA CEARA, Nº 1078 - BELA VISTA - PASSOS;-207.191.095;-465.968.736;P01001 - VISTORIA DE FISCALIZACAO (C) (Prioridade: 2 - Média);1CIA IND/2CIA/PEL PREV E VIST(PASSOS);TPO01115;Não;Não;Não;BOLETIM DE OCORRENCIA;Classificada;05/08/2021 06:21;Não
2021-17740808-1;(BM) 2021-037302333-001;04/08/2021 10:07;RUA ETIOPIA, Nº 444 - SAO BENEDITO - PASSOS;-207.218.618;-466.015.766;P01001 - VISTORIA DE FISCALIZACAO (C) (Prioridade: 2 - Média);1CIA IND/2CIA/PEL PREV E VIST(PASSOS);TPO01115;Não;Não;Não;BOLETIM DE OCORRENCIA;Classificada;05/08/2021 06:21;Não
2021-17740843-2;(BM) 2021-037302528-001;04/08/2021 10:10;RUA SARDINHA, Nº 96 - RECANTO DEL REI - PASSOS;-207.290.985;-46.598.353;V01004 - VITIMA COM CRISE DIABETICA / HIPOGLICEMIA (C) (Prioridade: 1 - Alta);1CIA IND/2CIA/1PEL(PASSOS);UR0565;Não;Não;Não;BOLETIM DE OCORRENCIA;Classificada;05/08/2021 07:01;Não
2021-17740847-3;(BM) 2021-037302621-001;04/08/2021 10:11;AVENIDA CHICO XAVIER, Nº S/N - JARDIM PLANALTO - PASSOS;-207.197.803;-466.285.997;S06002 - CAPTURA DE ANIMAL SILVESTRE PERIGOSO / AGRESSIVO (C) (Prioridade: 2 - Média);1CIA IND/2CIA/1PEL(PASSOS);ABTS0495;Não;Não;Não;BOLETIM DE OCORRENCIA;Classificada;05/08/2021 06:25;Não
2021-17741077-3;(BM) 2021-037305428-001;04/08/2021 10:29;RUA GLORIA, Nº 118 - SAO BENEDITO - PASSOS;-20.720.302;-466.009.316;P01001 - VISTORIA DE FISCALIZACAO (C) (Prioridade: 2 - Média);1CIA IND/2CIA/PEL PREV E VIST(PASSOS);TPO01115;Não;Não;Não;BOLETIM DE OCORRENCIA;Classificada;05/08/2021 06:21;Não
2021-17741229-0;(BM) 2021-037307797-001;04/08/2021 10:44;RUA SETE DE SETEMBRO, Nº 1091 - BELO HORIZONTE - PASSOS;-207.332.682;-466.051.394;P01001 - VISTORIA DE FISCALIZACAO (C) (Prioridade: 2 - Média);1CIA IND/2CIA/PEL PREV E VIST(PASSOS);TPO01115;Não;Não;Não;BOLETIM DE OCORRENCIA;Classificada;05/08/2021 06:22;Não
2021-17741291-3;(BM) 2021-037308146-001;04/08/2021 10:47;RUA SABATO GENEROSO, Nº 1006 - CENTRO - CALDAS;-219.259.543;-463.835.365;P01001 - VISTORIA DE FISCALIZACAO (C) (Prioridade: 2 - Média);1CIA IND (POCOS DE CALDAS);APF01375;Não;Não;Não;BOLETIM DE OCORRENCIA;Classificada;04/08/2021 12:15;Não
2021-17741324-0;(BM) 2021-037308735-001;04/08/2021 10:50;RODOVIA MG 050, Nº S/N - MONSENHOR MESSIAS - PASSOS;-207.391.965;-465.994.767;O04014 - INCENDIO AS MARGENS DE RODOVIA (C) (Prioridade: 2 - Média);1CIA IND/2CIA/1PEL(PASSOS);ABTS0495;Não;Não;Não;BOLETIM DE OCORRENCIA;Classificada;05/08/2021 06:25;Não
2021-17741658-6;(BM) 2021-037404432-001;04/08/2021 11:15;AVENIDA SABIA, Nº S/N - MUARAMA 2 - PASSOS;-20.733.048;-466.159.257;W08000 - CANCELADA POR INDISPONIBILIDADE DE VIATURA (C) (Prioridade: 3 - Baixa);1CIA IND/2CIA/1PEL(PASSOS);BM1206671;Não;Não;Não;BOLETIM DE OCORRENCIA;Classificada;05/08/2021 06:22;Não
2021-17741778-8;(BM) 2021-037314732-001;04/08/2021 11:27;AVENIDA COMENDADOR FRANCISCO A MAIA, Nº 2665 - CENTRO - PASSOS;-207.225.727;-466.125.459;P01002 - VISTORIA DE LIBERACAO / EMISSAO DE AVCB (C) (Prioridade: 2 - Média);1CIA IND/2CIA/PEL PREV E VIST(PASSOS);TPO01115;Não;Não;Não;BOLETIM DE OCORRENCIA;Classificada;05/08/2021 06:26;Não
2021-17742027-0;(BM) 2021-037438320-001;04/08/2021 11:50;RUA PECUARIA, Nº S/N - RESIDENCIAL ELDORADO - PASSOS;-20.729.962;-466.185.253;O04009 - INCENDIO EM AREA URBANA PERTENCENTE A ORGAO PUBLICO (C) (Prioridade: 2 - Média);1CIA IND/2CIA/1PEL(PASSOS);ABTS0495;Não;Não;Não;BOLETIM DE OCORRENCIA;Classificada;05/08/2021 06:27;Não
2021-17742059-7;(BM) 2021-037318637-001;04/08/2021 11:53;RUA DUQUE DE CAXIAS, Nº 1020 - CENTRO - CALDAS;-219.244.927;-463.819.497;P01001 - VISTORIA DE FISCALIZACAO (C) (Prioridade: 2 - Média);1CIA IND (POCOS DE CALDAS);APF01375;Não;Não;Não;BOLETIM DE OCORRENCIA;Classificada;04/08/2021 14:08;Não
2021-17742222-6;(BM) 2021-037320482-001;04/08/2021 12:08;AVENIDA PAULO ESPER PIMENTA, Nº 716 - PANORAMA - PASSOS;-207.095.609;-466.130.682;S06001 - SALVAMENTO DE ANIMAL EM RISCO / PERIGO (C) (Prioridade: 2 - Média);1CIA IND/2CIA/1PEL(PASSOS);ASL00064;Não;Não;Não;BOLETIM DE OCORRENCIA;Classificada;05/08/2021 06:31;Não
2021-17743425-9;(BM) 2021-037333544-001;04/08/2021 13:59;AVENIDA JOAO PINHEIRO, Nº 610 - MARCAL SANTOS - POCOS DE CALDAS;-217.848.917;-465.781.207;P01002 - VISTORIA DE LIBERACAO / EMISSAO DE AVCB (C) (Prioridade: 2 - Média);1CIA IND (POCOS DE CALDAS);APF01375;Não;Não;Não;BOLETIM DE OCORRENCIA;Classificada;04/08/2021 19:34;Não
2021-17744040-0;(BM) 2021-037350002-001;04/08/2021 14:33;AVENIDA JOAO PINHEIRO, Nº 228 - JOAO PINHEIRO - POCOS DE CALDAS;-217.851.562;-465.738.636;P01001 - VISTORIA DE FISCALIZACAO (C) (Prioridade: 2 - Média);1CIA IND (POCOS DE CALDAS);APF01375;Não;Não;Não;BOLETIM DE OCORRENCIA;Classificada;04/08/2021 19:34;Não
2021-17744603-0;(BM) 2021-037347808-001;04/08/2021 14:59;ESTRADA PRINCIPAL LINHA DOS CAMPOS KM 20, Nº S/N - PASSOS;-207.793.437;-465.186.682;W04000 - NADA CONSTATADO (C) (Prioridade: 3 - Baixa);1CIA IND/2CIA/1PEL(PASSOS);ASL00064;Não;Não;Não;BOLETIM DE OCORRENCIA;Classificada;05/08/2021 06:33;Não
2021-17744892-0;(BM) 2021-037351170-001;04/08/2021 15:12;RUA JUNQUEIRAS, Nº 500 - DOS FUNCIONARIOS - POCOS DE CALDAS;-217.885.678;-465.671.519;P01001 - VISTORIA DE FISCALIZACAO (C) (Prioridade: 2 - Média);1CIA IND (POCOS DE CALDAS);APF01375;Não;Não;Não;BOLETIM DE OCORRENCIA;Classificada;04/08/2021 19:34;Não
2021-17747058-1;(BM) 2021-037378683-001;04/08/2021 17:09;RUA SAO FRANCISCO DE ASSIS, Nº S/N - JARDIM CIDADE - PASSOS;-20.733.813;-466.274.302;P02003 - VISTORIA EM LOTE VAGO (C) (Prioridade: 2 - Média);1CIA IND/2CIA/1PEL(PASSOS);ASL00064;Não;Não;Não;BOLETIM DE OCORRENCIA;Classificada;05/08/2021 06:35;Não
2021-17747482-4;(BM) 2021-037383253-001;04/08/2021 17:33;RUA SAO FRANCISCO DE ASSIS, Nº S/N - JARDIM CIDADE - PASSOS;-20.733.813;-466.274.302;P02003 - VISTORIA EM LOTE VAGO (C) (Prioridade: 2 - Média);1CIA IND/2CIA/1PEL(PASSOS);ASL00064;Não;Não;Não;BOLETIM DE OCORRENCIA;Classificada;05/08/2021 06:50;Não
2021-17747786-9;(BM) 2021-037386887-001;04/08/2021 17:50;RUA SAO FRANCISCO DE ASSIS, Nº S/N - JARDIM CIDADE - PASSOS;-20.733.813;-466.274.302;P02003 - VISTORIA EM LOTE VAGO (C) (Prioridade: 2 - Média);1CIA IND/2CIA/1PEL(PASSOS);ASL00064;Não;Não;Não;BOLETIM DE OCORRENCIA;Classificada;05/08/2021 06:51;Não
2021-17748616-4;(BM) 2021-037397181-001;04/08/2021 18:38;RUA JOAQUIM FERNANDES DA SILVA, Nº S/N - RECANTO DA TEKA - PASSOS;-207.455.952;-465.955.779;O04011 - INCENDIO EM AREA URBANA NAO PROTEGIDA (C) (Prioridade: 2 - Média);1CIA IND/2CIA/1PEL(PASSOS);ABTS0495;Não;Não;Não;BOLETIM DE OCORRENCIA;Classificada;05/08/2021 06:30;Não
2021-17751806-8;(BM) 2021-037430666-001;04/08/2021 22:13;RUA ESCORPIAO, Nº 211 - SERRA VERDE - PASSOS;-207.420.469;-465.926.433;V01999 - OUTROS TIPOS DE APH CLINICO (C) (Prioridade: 1 - Alta);1CIA IND/2CIA/1PEL(PASSOS);UR0565;Não;Não;Não;BOLETIM DE OCORRENCIA;Classificada;05/08/2021 07:01;Não
2021-17755798-3;(BM) 2021-037472535-001;05/08/2021 08:42;AVENIDA DOUTOR BIAS FORTES, Nº 174 - CENTRO - ANDRADAS;-220.715.832;-465.725.469;P01001 - VISTORIA DE FISCALIZACAO (C) (Prioridade: 2 - Média);1CIA IND (POCOS DE CALDAS);APF01375;Não;Não;Não;BOLETIM DE OCORRENCIA;Classificada;06/08/2021 07:17;Não
2021-17755832-0;(BM) 2021-037474324-001;05/08/2021 08:44;RUA DOUTOR CARVALHO, Nº 1455 - NOSSA SENHORA DAS GRAÇAS - PASSOS;-207.352.269;-466.037.303;V03012 - VITIMA COM OBJETO PRESO AO CORPO (C) (Prioridade: 1 - Alta);1CIA IND/2CIA/1PEL(PASSOS);BM1644855;Não;Não;Não;BOLETIM DE OCORRENCIA;Classificada;07/08/2021 13:07;Não
2021-17755941-5;(BM) 2021-037474259-001;05/08/2021 08:54;RUA DOUTOR CARVALHO, Nº 2406 - SAO JOAQUIM - PASSOS;-207.426.287;-46.601.501;P01001 - VISTORIA DE FISCALIZACAO (C) (Prioridade: 2 - Média);1CIA IND/2CIA/PEL PREV E VIST(PASSOS);TPO01115;Não;Não;Não;BOLETIM DE OCORRENCIA;Classificada;07/08/2021 13:08;Não
2021-17756178-4;(BM) 2021-037477512-001;05/08/2021 09:15;RUA SELENITA, Nº 459 - ACLIMACAO - PASSOS;-207.516.046;-465.964.986;P01001 - VISTORIA DE FISCALIZACAO (C) (Prioridade: 2 - Média);1CIA IND/2CIA/PEL PREV E VIST(PASSOS);TPO01115;Não;Não;Não;BOLETIM DE OCORRENCIA;Classificada;07/08/2021 13:08;Não
2021-17756402-6;(BM) 2021-037480109-001;05/08/2021 09:33;AVENIDA PRESIDENTE WENCESLAU BRAZ, Nº 1500 - DOM BOSCO - POCOS DE CALDAS;-217.927.428;-4.652.596;P01002 - VISTORIA DE LIBERACAO / EMISSAO DE AVCB (C) (Prioridade: 2 - Média);1CIA IND (POCOS DE CALDAS);APF01375;Não;Não;Não;BOLETIM DE OCORRENCIA;Classificada;06/08/2021 07:17;Não
2021-17756750-2;(BM) 2021-037484661-001;05/08/2021 10:02;RUA CAPRICORNIO, Nº 290 - SERRA VERDE - PASSOS;-20.740.994;-465.945.898;P01001 - VISTORIA DE FISCALIZACAO (C) (Prioridade: 2 - Média);1CIA IND/2CIA/PEL PREV E VIST(PASSOS);TPO01115;Não;Não;Não;BOLETIM DE OCORRENCIA;Classificada;07/08/2021 13:08;Não
2021-17756956-8;(BM) 2021-037487442-001;05/08/2021 10:18;RUA ITAJAI, Nº S/N - SERRA DAS BRISAS - PASSOS;-207.329.965;-465.981.406;P01001 - VISTORIA DE FISCALIZACAO (C) (Prioridade: 2 - Média);1CIA IND/2CIA/PEL PREV E VIST(PASSOS);TPO01115;Não;Não;Não;BOLETIM DE OCORRENCIA;Classificada;07/08/2021 13:08;Não
2021-17757025-9;(BM) 2021-037494641-001;05/08/2021 10:23;RUA JURANDIR LEANDRO VIEIRA, Nº S/N - RESIDENCIAL VILLAGIO DI ITALIA - PASSOS;-207.345.147;-465.913.156;P02001 - VISTORIA EM HIDRANTE (C) (Prioridade: 2 - Média);1CIA IND/2CIA/1PEL(PASSOS);ABTS0495;Não;Não;Não;BOLETIM DE OCORRENCIA;Classificada;07/08/2021 13:08;Não
2021-17757457-3;(BM) 2021-037494613-001;05/08/2021 10:59;AVENIDA PERIMETRAL, Nº S/N - PARQUE DA ESTACAO - PASSOS;-207.057.771;-466.097.547;O04013 - INCENDIO EM PASTO (C) (Prioridade: 2 - Média);1CIA IND/2CIA/1PEL(PASSOS);ABTS0495;Não;Não;Não;BOLETIM DE OCORRENCIA;Classificada;07/08/2021 13:08;Não
2021-17759935-4;(BM) 2021-037522430-001;05/08/2021 14:17;RUA ASSIS FIGUEIREDO, Nº 1103 - CENTRO - POCOS DE CALDAS;-217.877.318;-465.656.805;P01001 - VISTORIA DE FISCALIZACAO (C) (Prioridade: 2 - Média);1CIA IND (POCOS DE CALDAS);APF01375;Não;Não;Não;BOLETIM DE OCORRENCIA;Classificada;06/08/2021 07:18;Não
2021-17760186-6;(BM) 2021-037531234-001;05/08/2021 14:31;RUA CORONEL JOAO PIASSI, Nº S/N - JARDIM CANADA - PASSOS;-207.516.095;-466.067.614;P01001 - VISTORIA DE FISCALIZACAO (C) (Prioridade: 2 - Média);1CIA IND/2CIA/PEL PREV E VIST(PASSOS);TPO01115;Não;Não;Não;BOLETIM DE OCORRENCIA;Classificada;07/08/2021 13:07;Não
2021-17760659-6;(BM) 2021-037531353-001;05/08/2021 14:51;RUA JOAO XXIII, Nº 692 - MUARAMA 2 - PASSOS;-207.336.367;-466.089.933;P01001 - VISTORIA DE FISCALIZACAO (C) (Prioridade: 2 - Média);1CIA IND/2CIA/PEL PREV E VIST(PASSOS);TPO01115;Não;Não;Não;BOLETIM DE OCORRENCIA;Classificada;07/08/2021 13:08;Não
2021-17761092-0;(BM) 2021-037536224-001;05/08/2021 15:10;PRACA GETULIO VARGAS, Nº 5 - POCOS DE CALDAS;;;P01002 - VISTORIA DE LIBERACAO / EMISSAO DE AVCB (C) (Prioridade: 2 - Média);1CIA IND (POCOS DE CALDAS);APF01375;Não;Não;Não;BOLETIM DE OCORRENCIA;Classificada;06/08/2021 07:18;Não
2021-17761099-9;(BM) 2021-037536406-001;05/08/2021 15:11;PRACA GETULIO VARGAS, Nº 4 - POCOS DE CALDAS;-217.851.026;-465.712.951;P01002 - VISTORIA DE LIBERACAO / EMISSAO DE AVCB (C) (Prioridade: 2 - Média);1CIA IND (POCOS DE CALDAS);APF01375;Não;Não;Não;BOLETIM DE OCORRENCIA;Classificada;06/08/2021 07:18;Não
2021-17761146-7;(BM) 2021-037537730-001;05/08/2021 15:15;RUA UBERLANDIA, Nº 931 - CENTENARIO - PASSOS;-20.730.782;-466.127.534;P01001 - VISTORIA DE FISCALIZACAO (C) (Prioridade: 2 - Média);1CIA IND/2CIA/PEL PREV E VIST(PASSOS);TPO01115;Não;Não;Não;BOLETIM DE OCORRENCIA;Classificada;07/08/2021 13:08;Não
2021-17761736-0;(BM) 2021-037545279-001;05/08/2021 15:46;RUA MARECHAL DEODORO, Nº 419 - CENTRO - POCOS DE CALDAS;-217.861.201;-465.601.046;P01001 - VISTORIA DE FISCALIZACAO (C) (Prioridade: 2 - Média);1CIA IND (POCOS DE CALDAS);APF01375;Não;Não;Não;BOLETIM DE OCORRENCIA;Classificada;06/08/2021 07:19;Não
2021-17761830-9;(BM) 2021-037545645-001;05/08/2021 15:50;AVENIDA JOAO PINHEIRO, Nº 7880 - CHACARA SAO FRANCISCO - POCOS DE CALDAS;-217.860.037;-466.398.165;P01001 - VISTORIA DE FISCALIZACAO (C) (Prioridade: 2 - Média);1CIA IND (POCOS DE CALDAS);APF01375;Não;Não;Não;BOLETIM DE OCORRENCIA;Classificada;06/08/2021 07:19;Não
2021-17764091-3;(BM) 2021-037572739-001;05/08/2021 17:46;RUA DOUTOR CARVALHO, Nº 1455 - NOSSA SENHORA DAS GRAÇAS - PASSOS;-207.352.269;-466.037.303;Q03999 - OUTROS TIPOS DE TREINAMENTO (C) (Prioridade: 2 - Média);1CIA IND/2CIA/1PEL(PASSOS);BM1644855;Não;Não;Não;BOLETIM DE OCORRENCIA;Classificada;07/08/2021 13:08;Não
2021-17764656-0;(BM) 2021-037579232-001;05/08/2021 18:19;RUA NITEROI, Nº S/N - RECANTO DA HARMONIA - PASSOS;-207.026.424;-466.000.024;P02004 - VISTORIA EM RISCO DE DESABAMENTO / DESMORONAMENTO (C) (Prioridade: 2 - Média);1CIA IND/2CIA/1PEL(PASSOS);ASL00064;Não;Não;Não;BOLETIM DE OCORRENCIA;Classificada;07/08/2021 13:07;Não
2021-17765484-1;(BM) 2021-037593825-001;05/08/2021 19:08;RUA JOAO TEIXEIRA MENDES, Nº S/N - FLAMBOYANT - PASSOS;-207.548.252;-466.033.392;O04012 - INCENDIO EM LOTE VAGO (AREA URBANA) (C) (Prioridade: 2 - Média);1CIA IND/2CIA/1PEL(PASSOS);ABTS0495;Não;Não;Não;BOLETIM DE OCORRENCIA;Classificada;07/08/2021 13:07;Não
2021-17765812-9;(BM) 2021-037591030-001;05/08/2021 19:26;RODOVIA MG 050, Km 337 - PASSOS;-207.237.778;-464.220.323;O02027 - INCENDIO VEIC. AUTOMOTOR (EXCETO TANQUE/ONIBUS/MICRO-ONIBUS) (C) (Prioridade: 1 - Alta);1CIA IND/2CIA/1PEL(PASSOS);ABTS0495;Não;Não;Não;BOLETIM DE OCORRENCIA;Classificada;07/08/2021 13:06;Não
2021-17766131-7;(BM) 2021-037594531-001;05/08/2021 19:45;RODOVIA MG 050, Km 348 - PASSOS;-207.281.619;-4.654.559;W09000 - CANCELADA POR ORDEM DO ORGAO DE COORDENACAO E CONTROLE (C) (Prioridade: 3 - Baixa);1CIA IND/2CIA/1PEL(PASSOS);UR0565;Não;Não;Não;BOLETIM DE OCORRENCIA;Classificada;07/08/2021 13:09;Não
2021-17771051-9;(BM) 2021-037646661-001;06/08/2021 04:20;RUA SANTA LUZIA, Nº 74 - CANDEIAS - PASSOS;-207.237.147;-466.148.895;V03018 - VITIMA DE QUEDA DA PROPRIA ALTURA (C) (Prioridade: 1 - Alta);1CIA IND/2CIA/1PEL(PASSOS);UR0565;Não;Não;Não;BOLETIM DE OCORRENCIA;Classificada;07/08/2021 13:06;Não
2021-17771855-6;(BM) 2021-037659385-001;06/08/2021 07:51;RUA ETIOPIA / RUA CASSIA - SAO BENEDITO - PASSOS;-207.216.621;-466.018.164;S05102 - CHOQUE DE MOTOCICLETA (C) (Prioridade: 1 - Alta);1CIA IND/2CIA/1PEL(PASSOS);UR0565;Não;Não;Não;BOLETIM DE OCORRENCIA;Classificada;07/08/2021 13:09;Não
2021-17771936-6;(BM) 2021-037655872-001;06/08/2021 07:57;ESTRADA ESTRADA DELFINOPOLIS/ SACRAMENTO, Nº S/N - DELFINOPOLIS;-202.822.874;-469.012.302;P01002 - VISTORIA DE LIBERACAO / EMISSAO DE AVCB (C) (Prioridade: 2 - Média);1CIA IND/2CIA/PEL PREV E VIST(PASSOS);TPO01115;Não;Não;Não;BOLETIM DE OCORRENCIA;Classificada;07/08/2021 13:07;Não
2021-17772882-4;;06/08/2021 09:13;RUA DOUTOR CARVALHO, Nº 1455 - NOSSA SENHORA DAS GRAÇAS - PASSOS;-207.352.269;-466.037.303;Q03017 - TREINAMENTO DE PRIMEIROS SOCORROS (C) (Prioridade: 2 - Média);1CIA IND/2CIA/1PEL(PASSOS);1193;Não;Não;Não;BOLETIM DE OCORRENCIA;Classificada;07/08/2021 13:07;Não
2021-17772912-3;(BM) 2021-037665787-001;06/08/2021 09:19;AVENIDA AROUCA, Nº 140 - CENTRO - PASSOS;-207.152.685;-466.093.884;P02001 - VISTORIA EM HIDRANTE (C) (Prioridade: 2 - Média);1CIA IND/2CIA/1PEL(PASSOS);ABTS0495;Não;Não;Não;BOLETIM DE OCORRENCIA;Classificada;07/08/2021 13:07;Não
2021-17773207-7;(BM) 2021-037669681-001;06/08/2021 09:45;RUA PARA, Nº 1473 - BELA VISTA - PASSOS;-207.159.988;-465.976.621;V01010 - VITIMA COM DOR TORACICA/SUSPEITA DE INFARTO (IAM) (C) (Prioridade: 1 - Alta);1CIA IND/2CIA/1PEL(PASSOS);UR0565;Não;Não;Não;BOLETIM DE OCORRENCIA;Classificada;07/08/2021 13:06;Não
2021-17773579-1;(BM) 2021-037673911-001;06/08/2021 10:10;RUA BONSUCESSO, Nº 888 - PENHA - PASSOS;-20.721.233;-466.188.426;P02001 - VISTORIA EM HIDRANTE (C) (Prioridade: 2 - Média);1CIA IND/2CIA/1PEL(PASSOS);ABTS0495;Não;Não;Não;BOLETIM DE OCORRENCIA;Classificada;07/08/2021 13:07;Não
2021-17773919-8;(BM) 2021-037678234-001;06/08/2021 10:36;RUA SELENITA, Nº 368 - ACLIMACAO - PASSOS;-207.517.521;-465.972.888;V01005 - VITIMA COM CRISE HIPERTENSIVA/HIPOTENSAO (C) (Prioridade: 1 - Alta);1CIA IND/2CIA/1PEL(PASSOS);UR0565;Não;Não;Não;BOLETIM DE OCORRENCIA;Classificada;07/08/2021 13:06;Não
2021-17774179-9;(BM) 2021-037681582-001;06/08/2021 10:59;RUA TREZE DE MAIO, Nº 40 - PENHA - PASSOS;-207.175.766;-466.151.669;P01001 - VISTORIA DE FISCALIZACAO (C) (Prioridade: 2 - Média);1CIA IND/2CIA/PEL PREV E VIST(PASSOS);TPO01115;Não;Não;Não;BOLETIM DE OCORRENCIA;Classificada;07/08/2021 13:07;Não
2021-17774266-1;(BM) 2021-037777879-001;06/08/2021 11:03;AVENIDA OLIVEIRA REZENDE, Nº 1217 - CENTRO - SAO SEBASTIAO PARAISO;-209.098.609;-469.961.759;X03000 - EMPENHO ADMINISTRATIVO (C) (Prioridade: 2 - Média);1CIA IND (POCOS DE CALDAS);TPO01399;Não;Não;Não;BOLETIM DE OCORRENCIA;Classificada;06/08/2021 19:43;Não
2021-17774379-8;(BM) 2021-037684181-001;06/08/2021 11:15;RUA DEZOITO DE SETEMBRO, Nº 169 - PENHA - PASSOS;-207.151.839;-466.226.221;P01001 - VISTORIA DE FISCALIZACAO (C) (Prioridade: 2 - Média);1CIA IND/2CIA/PEL PREV E VIST(PASSOS);TPO01115;Não;Não;Não;BOLETIM DE OCORRENCIA;Classificada;07/08/2021 13:07;Não
2021-17775462-5;(BM) 2021-037696433-001;06/08/2021 12:56;RUA JOAO TEIXEIRA MENDES, Nº S/N - FLAMBOYANT - PASSOS;-207.548.252;-466.033.392;V03018 - VITIMA DE QUEDA DA PROPRIA ALTURA (C) (Prioridade: 1 - Alta);1CIA IND/2CIA/1PEL(PASSOS);UR0565;Não;Não;Não;BOLETIM DE OCORRENCIA;Classificada;07/08/2021 13:06;Não
2021-17776041-2;(BM) 2021-037702592-001;06/08/2021 13:43;RUA SANTA LUZIA, Nº S/N - CANDEIAS - PASSOS;-207.236.518;-46.617.546;W04000 - NADA CONSTATADO (C) (Prioridade: 3 - Baixa);1CIA IND/2CIA/1PEL(PASSOS);ASL00064;Não;Não;Não;BOLETIM DE OCORRENCIA;Classificada;07/08/2021 13:09;Não
2021-17776096-4;(BM) 2021-037703387-001;06/08/2021 13:48;RUA PORTO ALEGRE, Nº 91 - BELA VISTA - PASSOS;-207.190.606;-465.954.881;P01001 - VISTORIA DE FISCALIZACAO (C) (Prioridade: 2 - Média);1CIA IND/2CIA/PEL PREV E VIST(PASSOS);TPO01115;Não;Não;Não;BOLETIM DE OCORRENCIA;Classificada;07/08/2021 13:07;Não
2021-17776152-3;(BM) 2021-037703740-001;06/08/2021 13:50;RUA FERNANDO DA CRUZ FILHO, Nº 610 - CHACARA POCOS DE CALDAS - POCOS DE CALDAS;-218.075.628;-464.878.645;X03000 - EMPENHO ADMINISTRATIVO (C) (Prioridade: 2 - Média);1CIA IND (POCOS DE CALDAS);TPO01026;Não;Não;Não;BOLETIM DE OCORRENCIA;Classificada;06/08/2021 19:44;Não
2021-17776285-7;(BM) 2021-037705191-001;06/08/2021 14:00;RUA GERALDO DE OLIVEIRA LIMA, Nº S/N - JARDIM PLANALTO - PASSOS;-207.197.861;-466.265.448;P01001 - VISTORIA DE FISCALIZACAO (C) (Prioridade: 2 - Média);1CIA IND/2CIA/PEL PREV E VIST(PASSOS);TPO01115;Não;Não;Não;BOLETIM DE OCORRENCIA;Classificada;07/08/2021 13:07;Não
2021-17777827-3;(BM) 2021-037803671-001;06/08/2021 15:19;RUA DOM INACIO DALMONT, Nº 546 - SAO BENEDITO - PASSOS;-207.175.026;-466.033.694;S06003 - CAPTURA DE CAO PERIGOSO / AGRESSIVO (C) (Prioridade: 2 - Média);1CIA IND/2CIA/1PEL(PASSOS);ASL00064;Não;Não;Não;BOLETIM DE OCORRENCIA;Classificada;07/08/2021 13:08;Não
2021-17778727-4;(BM) 2021-037756977-001;06/08/2021 16:06;ESTRADA PRINCIPAL ESTRADA LINHA DAS AGUAS, Nº S/N - PASSOS;-2.084.525;-46.554.028;O04008 - INCENDIO EM AREA RURAL NAO PROTEGIDA (C) (Prioridade: 2 - Média);1CIA IND/2CIA/1PEL(PASSOS);ASL00064;Não;Não;Não;BOLETIM DE OCORRENCIA;Classificada;07/08/2021 13:07;Não
2021-17781584-7;(BM) 2021-037780060-001;06/08/2021 18:43;RUA AMBROSINA LOPES, Nº S/N - JARDIM FLORENCA - PASSOS;-206.914.463;-466.133.251;O04012 - INCENDIO EM LOTE VAGO (AREA URBANA) (C) (Prioridade: 2 - Média);1CIA IND/2CIA/1PEL(PASSOS);ABTS0495;Não;Não;Não;BOLETIM DE OCORRENCIA;Classificada;07/08/2021 13:07;Não
2021-17783687-0;(BM) 2021-037788800-001;06/08/2021 20:48;RUA JOSE DELFRARO, Nº S/N - FLAMBOYANT - PASSOS;-207.559.393;-466.071.216;V01018 - VITIMA DE MAL NAO DEFINIDO (DISTURBIO) (C) (Prioridade: 1 - Alta);1CIA IND/2CIA/1PEL(PASSOS);UR0565;Não;Não;Não;BOLETIM DE OCORRENCIA;Classificada;07/08/2021 13:06;Não
2021-17790372-0;(BM) 2021-037847405-001;07/08/2021 08:27;RUA DOUTOR CARVALHO, Nº 1455 - NOSSA SENHORA DAS GRAÇAS - PASSOS;-207.352.269;-466.037.303;Q03999 - OUTROS TIPOS DE TREINAMENTO (C) (Prioridade: 2 - Média);1CIA IND/2CIA/1PEL(PASSOS);ASL00064;Não;Não;Não;BOLETIM DE OCORRENCIA;Classificada;07/08/2021 12:34;Não
2021-17792522-1;(BM) 2021-037867581-001;07/08/2021 12:09;AVENIDA JUCA STOCKLER, Nº S/N - SAO JOAQUIM - PASSOS;-207.420.993;-46.600.964;P02011 - VISTORIA EM ENXAME DE INSETOS (C) (Prioridade: 2 - Média);1CIA IND/2CIA/1PEL(PASSOS);ASL00064;Não;Não;Não;BOLETIM DE OCORRENCIA;Classificada;07/08/2021 12:31;Não
2021-17792566-7;(BM) 2021-037868138-001;07/08/2021 12:16;RUA DOUTOR CARVALHO, Nº 1455 - NOSSA SENHORA DAS GRAÇAS - PASSOS;-207.352.269;-466.037.303;Q03005 - TREINAMENTO DE SALVAMENTO TERRESTRE (C) (Prioridade: 2 - Média);1CIA IND/2CIA/1PEL(PASSOS);BM1638089;Não;Não;Não;BOLETIM DE OCORRENCIA;Classificada;07/08/2021 12:57;Não
2021-17792761-2;(BM) 2021-037871460-001;07/08/2021 12:32;RUA DONA ALZIRA DE CARVALHO, Nº S/N - CENTRO - CAPETINGA;-206.227.923;-470.559.343;W03000 - SOLICITANTE ENCONTRADO - PROVIDENCIA DISPENSADA (C) (Prioridade: 3 - Baixa);1CIA IND/2CIA/1PEL(PASSOS);ASL00064;Não;Não;Não;BOLETIM DE OCORRENCIA;Classificada;07/08/2021 12:53;Não
2021-17793234-2;(BM) 2021-037874399-001;07/08/2021 13:21;AVENIDA ARLINDO FIGUEIREDO, Nº 610 - JARDIM PINHEIROS - PASSOS;-207.235.488;-466.191.201;V01003 - VITIMA COM CRISE CONVULSIVA (C) (Prioridade: 1 - Alta);1CIA IND/2CIA/1PEL(PASSOS);UR0565;Não;Não;Não;BOLETIM DE OCORRENCIA;Classificada;07/08/2021 14:56;Não
2021-17794770-4;(BM) 2021-037890350-001;07/08/2021 15:02;RUA NORIVAL SEVERIANO DA SILVA, Nº 670 - NOVA CALIFORNIA - PASSOS;-206.969.875;-466.233.476;V03018 - VITIMA DE QUEDA DA PROPRIA ALTURA (C) (Prioridade: 1 - Alta);1CIA IND/2CIA/1PEL(PASSOS);UR0565;Não;Não;Não;BOLETIM DE OCORRENCIA;Classificada;07/08/2021 21:57;Não
2021-17796200-7;(BM) 2021-037910851-001;07/08/2021 16:19;RUA SANTOS DUMONT / RUA BRANDOES - BELO HORIZONTE - PASSOS;-207.272.543;-466.057.049;W10000 - DISPENSADA POR DUPLICIDADE DE EMPENHO COM OUTROS ORGAOS (C) (Prioridade: 1 - Alta);1CIA IND/2CIA/1PEL(PASSOS);UR0565;Não;Não;Não;BOLETIM DE OCORRENCIA;Classificada;07/08/2021 21:57;Não
2021-17796852-8;(BM) 2021-037910219-001;07/08/2021 16:55;RUA COLORADO, Nº 473 - RESIDENCIAL ELDORADO - PASSOS;-207.317.586;-466.231.234;V03018 - VITIMA DE QUEDA DA PROPRIA ALTURA (C) (Prioridade: 1 - Alta);1CIA IND/2CIA/1PEL(PASSOS);UR0565;Não;Não;Não;BOLETIM DE OCORRENCIA;Classificada;07/08/2021 21:58;Não
2021-17798843-8;(BM) 2021-037932849-001;07/08/2021 18:44;RUA PERNAMBUCO, Nº S/N - BELA VISTA - PASSOS;-207.144.561;-465.965.224;W03000 - SOLICITANTE ENCONTRADO - PROVIDENCIA DISPENSADA (C) (Prioridade: 3 - Baixa);1CIA IND/2CIA/1PEL(PASSOS);UR0565;Não;Não;Não;BOLETIM DE OCORRENCIA;Classificada;07/08/2021 21:57;Não
2021-17799242-3;(BM) 2021-037933098-001;07/08/2021 19:07;RODOVIA MG 050, Nº S/N - MONSENHOR MESSIAS - PASSOS;-207.391.965;-465.994.767;V02502 - VITIMA DE QUEDA (MOTOCICLISTA) (C) (Prioridade: 1 - Alta);1CIA IND/2CIA/1PEL(PASSOS);UR0565;Não;Não;Não;BOLETIM DE OCORRENCIA;Classificada;07/08/2021 21:58;Não
2021-17801549-2;(BM) 2021-037960770-001;07/08/2021 21:23;RUA PITANGUI, Nº 204 - COHAB 2 - PASSOS;-207.114.679;-466.282.633;V03003 - VITIMA DE AGRESSAO FISICA COM ARMA BRANCA (C) (Prioridade: 1 - Alta);1CIA IND/2CIA/1PEL(PASSOS);UR0565;Não;Não;Não;BOLETIM DE OCORRENCIA;Classificada;07/08/2021 22:16;Não
2021-17802366-8;(BM) 2021-037966711-001;07/08/2021 22:08;RUA SETE DE SETEMBRO, Nº 21 - CENTRO - PASSOS;-207.221.408;-466.092.453;V01013 - VITIMA DE EMERGENCIAS PSIQUIATRICAS (C) (Prioridade: 1 - Alta);1CIA IND/2CIA/1PEL(PASSOS);UR0565;Não;Não;Não;BOLETIM DE OCORRENCIA;Classificada;07/08/2021 23:11;Não
2021-17807721-5;(BM) 2021-037997898-001;08/08/2021 05:19;RUA DOUTOR CARVALHO, Nº 1455 - NOSSA SENHORA DAS GRAÇAS - PASSOS;-207.352.269;-466.037.303;Q03004 - TREINAMENTO DE SALVAMENTO EM ALTURA (C) (Prioridade: 2 - Média);1CIA IND/2CIA/1PEL(PASSOS);ASL00064;Não;Não;Não;BOLETIM DE OCORRENCIA;Classificada;09/08/2021 06:14;Não
2021-17808441-4;(BM) 2021-038004579-001;08/08/2021 08:12;RUA DA PRAIA, Nº S/N - PENHA - PASSOS;-207.170.338;-466.195.455;V04007 - PRIMEIRO-ATENDIMENTO DA PATRULHA DE PREVENCAO / VISTORIA (C) (Prioridade: 1 - Alta);1CIA IND/2CIA/1PEL(PASSOS);ASL00064;Não;Não;Não;BOLETIM DE OCORRENCIA;Classificada;09/08/2021 03:34;Não
2021-17810168-0;(BM) 2021-038021745-001;08/08/2021 11:43;RUA JOSE PIMENTA DE MELO, Nº S/N - JARDIM FLORENCA - PASSOS;-206.911.508;-466.168.107;P02003 - VISTORIA EM LOTE VAGO (C) (Prioridade: 2 - Média);1CIA IND/2CIA/1PEL(PASSOS);ABTS0495;Não;Não;Não;BOLETIM DE OCORRENCIA;Classificada;09/08/2021 03:33;Não
2021-17810318-0;(BM) 2021-038021823-001;08/08/2021 12:00;RUA EUFRASIA LOPES DA CUNHA, Nº S/N - JARDIM FLORENCA - PASSOS;-206.911.998;-46.616.345;P02003 - VISTORIA EM LOTE VAGO (C) (Prioridade: 2 - Média);1CIA IND/2CIA/1PEL(PASSOS);ABTS0495;Não;Não;Não;BOLETIM DE OCORRENCIA;Classificada;09/08/2021 03:34;Não
2021-17810562-1;(BM) 2021-038023666-001;08/08/2021 12:33;AVENIDA PROJETADA, Nº 1911 - RESIDENCIAL RECANTO DOS PINHEIROS - PASSOS;-206.932.331;-466.111.091;P02001 - VISTORIA EM HIDRANTE (C) (Prioridade: 2 - Média);1CIA IND/2CIA/1PEL(PASSOS);ABTS0495;Não;Não;Não;BOLETIM DE OCORRENCIA;Classificada;09/08/2021 03:34;Não
2021-17810700-3;(BM) 2021-038024918-001;08/08/2021 12:52;AVENIDA PROJETADA, Nº 1840 - JARDIM FLORENCA - PASSOS;-206.924.763;-466.115.051;P02001 - VISTORIA EM HIDRANTE (C) (Prioridade: 2 - Média);1CIA IND/2CIA/1PEL(PASSOS);ABTS0495;Não;Não;Não;BOLETIM DE OCORRENCIA;Classificada;09/08/2021 03:36;Não
2021-17810846-9;(BM) 2021-038026566-001;08/08/2021 13:16;RUA DOUTOR CARVALHO, Nº 1455 - NOSSA SENHORA DAS GRAÇAS - PASSOS;-207.352.269;-466.037.303;Q03005 - TREINAMENTO DE SALVAMENTO TERRESTRE (C) (Prioridade: 2 - Média);1CIA IND/2CIA/1PEL(PASSOS);BM1256320;Não;Não;Não;BOLETIM DE OCORRENCIA;Classificada;09/08/2021 03:35;Não
2021-17811018-2;(BM) 2021-038050210-001;08/08/2021 13:33;RODOVIA MG 050, Nº S/N - MONSENHOR MESSIAS - PASSOS;-207.391.965;-465.994.767;O04014 - INCENDIO AS MARGENS DE RODOVIA (C) (Prioridade: 2 - Média);1CIA IND/2CIA/1PEL(PASSOS);ABTS0495;Não;Não;Não;BOLETIM DE OCORRENCIA;Classificada;09/08/2021 03:35;Não
2021-17813268-0;(BM) 2021-038051481-001;08/08/2021 16:12;RUA DOM GERARDO REIS, Nº 43 - COHAB 3 - PASSOS;-207.057.552;-466.225.932;V02202 - VITIMA DE CHOQUE DE MOTOCICLETA (C) (Prioridade: 1 - Alta);1CIA IND/2CIA/1PEL(PASSOS);UR0565;Não;Não;Não;BOLETIM DE OCORRENCIA;Classificada;09/08/2021 03:34;Não
2021-17813459-9;(BM) 2021-038051820-001;08/08/2021 16:21;RUA CEARA, Nº 212 - CANJERANUS - PASSOS;-207.136.982;-466.026.572;V01018 - VITIMA DE MAL NAO DEFINIDO (DISTURBIO) (C) (Prioridade: 1 - Alta);1CIA IND/2CIA/1PEL(PASSOS);UR0565;Não;Não;Não;BOLETIM DE OCORRENCIA;Classificada;09/08/2021 03:34;Não
2021-17814471-0;(BM) 2021-038061292-001;08/08/2021 17:22;RUA BARAO DE PASSOS, Nº 1785 - SANTA LUZIA - PASSOS;-207.098.843;-465.978.186;V01026 - TRANSPORTE INTER-HOSPITALAR (C) (Prioridade: 2 - Média);1CIA IND/2CIA/1PEL(PASSOS);UR0565;Não;Não;Não;BOLETIM DE OCORRENCIA;Classificada;09/08/2021 03:35;Não
2021-17815688-7;(BM) 2021-038072825-001;08/08/2021 18:33;RUA OSCAR CANDIDO MONTEIRO, Nº 1000 - MIRANTE DO VALE - PASSOS;-207.200.103;-465.771.441;O04004 - INCENDIO EM AREA DE REFLORESTAMENTO (C) (Prioridade: 2 - Média);1CIA IND/2CIA/1PEL(PASSOS);ABTS0495;Não;Não;Não;BOLETIM DE OCORRENCIA;Classificada;09/08/2021 03:35;Não
2021-17815763-0;(BM) 2021-038073005-001;08/08/2021 18:36;RUA TRES DE MAIO, Nº 565 - SAO BENEDITO - PASSOS;-207.243.198;-466.020.581;V03018 - VITIMA DE QUEDA DA PROPRIA ALTURA (C) (Prioridade: 1 - Alta);1CIA IND/2CIA/1PEL(PASSOS);UR0565;Não;Não;Não;BOLETIM DE OCORRENCIA;Classificada;09/08/2021 03:34;Não
2021-17818706-3;(BM) 2021-038099633-001;08/08/2021 21:30;RUA ITAJAI, Nº 920 - SERRA DAS BRISAS - PASSOS;-207.316.239;-465.965.211;S06001 - SALVAMENTO DE ANIMAL EM RISCO / PERIGO (C) (Prioridade: 2 - Média);1CIA IND/2CIA/1PEL(PASSOS);ASL00064;Não;Não;Não;BOLETIM DE OCORRENCIA;Classificada;09/08/2021 03:35;Não
2021-17822037-9;(BM) 2021-038131158-001;09/08/2021 02:11;RUA TEOFILO OTTONI, Nº S/N - COHAB 3 - PASSOS;-207.068.851;-466.277.673;V01018 - VITIMA DE MAL NAO DEFINIDO (DISTURBIO) (C) (Prioridade: 1 - Alta);1CIA IND/2CIA/1PEL(PASSOS);UR0565;Não;Não;Não;BOLETIM DE OCORRENCIA;Classificada;09/08/2021 03:34;Não
2021-17822193-4;(BM) 2021-038131173-001;09/08/2021 02:48;AVENIDA COMENDADOR FRANCISCO A MAIA, Nº 2400 - PASSOS;-207.231.257;-466.126.425;V02202 - VITIMA DE CHOQUE DE MOTOCICLETA (C) (Prioridade: 1 - Alta);1CIA IND/2CIA/1PEL(PASSOS);UR0565;Não;Não;Não;BOLETIM DE OCORRENCIA;Classificada;09/08/2021 03:34;Não
2021-17822850-3;(BM) 2021-038139680-001;09/08/2021 06:59;RUA CAICARAS, Nº 311 - NOSSA SENHORA APARECIDA - PASSOS;-207.433.823;-466.048.591;V03006 - VITIMA DE ATAQUE DE ANIMAIS PECONHENTOS (C) (Prioridade: 1 - Alta);1CIA IND/2CIA/1PEL(PASSOS);UR0565;Não;Não;Não;BOLETIM DE OCORRENCIA;Classificada;09/08/2021 07:47;Não
2021-17823923-0;(BM) 2021-038149407-001;09/08/2021 08:50;RUA PRESIDENTE ANTONIO CARLOS, Nº S/N - CENTRO - PASSOS;-207.194.154;-466.092.794;V03018 - VITIMA DE QUEDA DA PROPRIA ALTURA (C) (Prioridade: 1 - Alta);1CIA IND/2CIA/1PEL(PASSOS);UR0565;Não;Não;Não;BOLETIM DE OCORRENCIA;Classificada;10/08/2021 07:43;Não
2021-17823999-2;(BM) 2021-038150665-001;09/08/2021 09:01;RUA BARAO DO RIO BRANCO, Nº 1198 - CENTRO - PASSOS;-207.248.087;-466.059.648;P01002 - VISTORIA DE LIBERACAO / EMISSAO DE AVCB (C) (Prioridade: 2 - Média);1CIA IND/2CIA/PEL PREV E VIST(PASSOS);TPO01115;Não;Não;Não;BOLETIM DE OCORRENCIA;Classificada;10/08/2021 07:44;Não
2021-17824210-2;(BM) 2021-038152783-001;09/08/2021 09:14;RUA FRANCISCA CHERCHIGLIA PIASSI, Nº S/N - JARDIM CANADA - PASSOS;-207.525.882;-466.081.509;P01001 - VISTORIA DE FISCALIZACAO (C) (Prioridade: 2 - Média);1CIA IND/2CIA/PEL PREV E VIST(PASSOS);TPO01115;Não;Não;Não;BOLETIM DE OCORRENCIA;Classificada;10/08/2021 07:44;Não
2021-17824478-5;(BM) 2021-038156480-001;09/08/2021 09:39;RUA DOUTOR PAULO JORGE NADER, Nº 326 - POCOS DE CALDAS;;;P01002 - VISTORIA DE LIBERACAO / EMISSAO DE AVCB (C) (Prioridade: 2 - Média);1CIA IND (POCOS DE CALDAS);APF01375;Não;Não;Não;BOLETIM DE OCORRENCIA;Classificada;09/08/2021 12:02;Não
2021-17824669-3;(BM) 2021-038158950-001;09/08/2021 09:54;AVENIDA SABIA, Nº 493 - PARQUE DA FAZENDA - PASSOS;-207.380.476;-466.098.564;P01001 - VISTORIA DE FISCALIZACAO (C) (Prioridade: 2 - Média);1CIA IND/2CIA/PEL PREV E VIST(PASSOS);TPO01115;Não;Não;Não;BOLETIM DE OCORRENCIA;Classificada;10/08/2021 07:44;Não
2021-17824806-2;(BM) 2021-038160620-001;09/08/2021 10:02;RUA SELENITA, Nº 288 - ACLIMACAO - PASSOS;-207.517.487;-465.985.147;P01001 - VISTORIA DE FISCALIZACAO (C) (Prioridade: 2 - Média);1CIA IND/2CIA/PEL PREV E VIST(PASSOS);TPO01115;Não;Não;Não;BOLETIM DE OCORRENCIA;Classificada;10/08/2021 07:43;Não
2021-17824931-4;(BM) 2021-038162293-001;09/08/2021 10:12;RUA VITORIA, Nº S/N - JARDIM COLEGIO DE PASSOS - PASSOS;-207.213.989;-465.945.316;P01001 - VISTORIA DE FISCALIZACAO (C) (Prioridade: 2 - Média);1CIA IND/2CIA/PEL PREV E VIST(PASSOS);TPO01115;Não;Não;Não;BOLETIM DE OCORRENCIA;Classificada;10/08/2021 07:43;Não
2021-17825478-0;(BM) 2021-038169737-001;09/08/2021 10:51;RUA ETIOPIA, Nº S/N - CENTRO - PASSOS;-207.204.143;-466.055.443;P02001 - VISTORIA EM HIDRANTE (C) (Prioridade: 2 - Média);1CIA IND/2CIA/1PEL(PASSOS);ABTS0495;Não;Não;Não;BOLETIM DE OCORRENCIA;Classificada;10/08/2021 07:43;Não
2021-17826017-3;(BM) 2021-038176713-001;09/08/2021 11:32;TRAVESSA DONA MARIQUINHA MODESTI, Nº 59 - VILA CRUZ - POCOS DE CALDAS;-217.839.759;-465.845.043;P01001 - VISTORIA DE FISCALIZACAO (C) (Prioridade: 2 - Média);1CIA IND (POCOS DE CALDAS);APF01375;Não;Não;Não;BOLETIM DE OCORRENCIA;Classificada;09/08/2021 19:58;Não
2021-17826915-9;(BM) 2021-038187284-001;09/08/2021 12:58;AVENIDA AROUCA, Nº S/N - CENTRO - PASSOS;-20.715.228;-466.094.169;V01018 - VITIMA DE MAL NAO DEFINIDO (DISTURBIO) (C) (Prioridade: 1 - Alta);1CIA IND/2CIA/1PEL(PASSOS);UR0565;Não;Não;Não;BOLETIM DE OCORRENCIA;Classificada;10/08/2021 07:43;Não
2021-17828502-0;(BM) 2021-038210001-001;09/08/2021 14:36;AVENIDA COMENDADOR FRANCISCO A MAIA, Nº 3880 - EXPOSICAO - PASSOS;-207.324.413;-466.067.064;X03000 - EMPENHO ADMINISTRATIVO (C) (Prioridade: 2 - Média);1CIA IND/2CIA/1PEL(PASSOS);1193;Não;Não;Não;BOLETIM DE OCORRENCIA;Classificada;10/08/2021 07:43;Não
2021-17828722-6;(BM) 2021-038212405-001;09/08/2021 14:48;AVENIDA MAJOR ANTONIO ALBERTO FERNANDES, Nº 108 - CENTRO - BOTELHOS;-216.476.158;-463.948.803;P01001 - VISTORIA DE FISCALIZACAO (C) (Prioridade: 2 - Média);1CIA IND (POCOS DE CALDAS);APF01375;Não;Não;Não;BOLETIM DE OCORRENCIA;Classificada;10/08/2021 06:51;Não
2021-17828802-3;(BM) 2021-038210384-001;09/08/2021 14:51;AVENIDA JK, Nº S/N - MONSENHOR MESSIAS - PASSOS;-207.342.178;-465.979.772;X03000 - EMPENHO ADMINISTRATIVO (C) (Prioridade: 2 - Média);1CIA IND/2CIA/1PEL(PASSOS);1193;Não;Não;Não;BOLETIM DE OCORRENCIA;Classificada;10/08/2021 07:43;Não
2021-17828996-1;(BM) 2021-038212656-001;09/08/2021 15:02;RUA GUANABARA, Nº 629 - CENTRO - BOTELHOS;-216.407.785;-463.993.395;P01001 - VISTORIA DE FISCALIZACAO (C) (Prioridade: 2 - Média);1CIA IND (POCOS DE CALDAS);APF01375;Não;Não;Não;BOLETIM DE OCORRENCIA;Classificada;10/08/2021 06:51;Não
2021-17830422-5;(BM) 2021-038231154-001;09/08/2021 16:14;RODOVIA MG 050, Km 364 - PASSOS;-207.357.243;-466.916.083;O04013 - INCENDIO EM PASTO (C) (Prioridade: 2 - Média);1CIA IND/2CIA/1PEL(PASSOS);ABTS0495;Não;Não;Não;BOLETIM DE OCORRENCIA;Classificada;10/08/2021 07:43;Não
2021-17830568-0;(BM) 2021-038233166-001;09/08/2021 16:20;RUA MERCURIO, Nº 575 - POCOS DE CALDAS;-218.396.218;-465.748.716;P01001 - VISTORIA DE FISCALIZACAO (C) (Prioridade: 2 - Média);1CIA IND (POCOS DE CALDAS);APF01375;Não;Não;Não;BOLETIM DE OCORRENCIA;Classificada;10/08/2021 06:51;Não
2021-17830894-4;(BM) 2021-038237478-001;09/08/2021 16:37;RUA MERCURIO, Nº 650 - POCOS DE CALDAS;-218.401.923;-465.765.256;P01001 - VISTORIA DE FISCALIZACAO (C) (Prioridade: 2 - Média);1CIA IND (POCOS DE CALDAS);APF01375;Não;Não;Não;BOLETIM DE OCORRENCIA;Classificada;10/08/2021 06:51;Não
2021-17832506-4;(BM) 2021-038260927-001;09/08/2021 18:04;RUA DOUTOR CARVALHO, Nº 1455 - NOSSA SENHORA DAS GRAÇAS - PASSOS;-207.352.269;-466.037.303;Q03999 - OUTROS TIPOS DE TREINAMENTO (C) (Prioridade: 2 - Média);1CIA IND/2CIA/1PEL(PASSOS);BM1274612;Não;Não;Não;BOLETIM DE OCORRENCIA;Classificada;10/08/2021 07:43;Não
2021-17832911-2;(BM) 2021-038284941-001;09/08/2021 18:24;AVENIDA EXPEDICIONARIOS, Nº 1712 - NOVO MUNDO - PASSOS;-207.249.399;-465.909.511;O04001 - INCENDIO EM UNIDADE DE CONSERVACAO (UC) (C) (Prioridade: 2 - Média);1CIA IND/2CIA/1PEL(PASSOS);ABTS0495;Não;Não;Não;BOLETIM DE OCORRENCIA;Classificada;10/08/2021 07:43;Não
2021-17833093-1;(BM) 2021-038267960-001;09/08/2021 18:35;RUA CANOAS, Nº S/N - NOVO HORIZONTE - PASSOS;-207.335.074;-466.020.721;V01025 - VITIMA DE USO / ABUSO / DEPENDENCIA DE DROGAS / ALCOOL (C) (Prioridade: 1 - Alta);1CIA IND/2CIA/1PEL(PASSOS);UR0565;Não;Não;Não;BOLETIM DE OCORRENCIA;Classificada;10/08/2021 07:42;Não
2021-17838587-9;(BM) 2021-038324265-001;10/08/2021 03:52;RUA PARA, Nº 567 - SANTA LUZIA - PASSOS;-207.096.105;-466.045.591;V01011 - VITIMA COM DOR RENAL (COLICA) (C) (Prioridade: 1 - Alta);1CIA IND/2CIA/1PEL(PASSOS);UR0565;Não;Não;Não;BOLETIM DE OCORRENCIA;Classificada;10/08/2021 07:42;Não
2021-17839047-7;(BM) 2021-038329305-001;10/08/2021 07:04;RUA RIO DE JANEIRO, Nº 100 - CENTRO - POCOS DE CALDAS;-217.871.139;-465.663.171;X03000 - EMPENHO ADMINISTRATIVO (C) (Prioridade: 2 - Média);1CIA IND/2CIA/PEL PREV E VIST(PASSOS);APF01362;Não;Não;Não;BOLETIM DE OCORRENCIA;Classificada;11/08/2021 01:36;Não
2021-17839527-2;(BM) 2021-038346083-001;10/08/2021 08:05;RUA JOAO PINHEIRO, Nº 71 - CENTRO - PASSOS;-207.227.729;-466.067.014;S06001 - SALVAMENTO DE ANIMAL EM RISCO / PERIGO (C) (Prioridade: 2 - Média);1CIA IND/2CIA/1PEL(PASSOS);ASL00064;Não;Não;Não;BOLETIM DE OCORRENCIA;Classificada;11/08/2021 01:37;Não
2021-17839764-8;(BM) 2021-038336062-001;10/08/2021 08:24;RUA ELVIRA SILVEIRA COIMBRA, Nº S/N - CENTRO - PASSOS;-20.723.212;-466.120.108;P01002 - VISTORIA DE LIBERACAO / EMISSAO DE AVCB (C) (Prioridade: 2 - Média);1CIA IND/2CIA/PEL PREV E VIST(PASSOS);TPO01115;Não;Não;Não;BOLETIM DE OCORRENCIA;Classificada;11/08/2021 01:37;Não
2021-17840177-0;(BM) 2021-038340816-001;10/08/2021 09:01;RUA CORONEL OLIVEIRA, Nº S/N - CENTRO - ANDRADAS;-220.726.489;-465.751.239;P01002 - VISTORIA DE LIBERACAO / EMISSAO DE AVCB (C) (Prioridade: 2 - Média);1CIA IND (POCOS DE CALDAS);APF01375;Não;Não;Não;BOLETIM DE OCORRENCIA;Classificada;11/08/2021 05:34;Não
2021-17840379-4;(BM) 2021-038343402-001;10/08/2021 09:18;RUA RIO DE JANEIRO, Nº 871 - BELA VISTA - PASSOS;-207.145.735;-465.949.768;P01001 - VISTORIA DE FISCALIZACAO (C) (Prioridade: 2 - Média);1CIA IND/2CIA/PEL PREV E VIST(PASSOS);TPO01115;Não;Não;Não;BOLETIM DE OCORRENCIA;Classificada;11/08/2021 01:37;Não
2021-17840642-8;(BM) 2021-038346133-001;10/08/2021 09:37;RUA MATO GROSSO, Nº 1676 - BELA VISTA - PASSOS;-207.125.965;-465.968.452;P01001 - VISTORIA DE FISCALIZACAO (C) (Prioridade: 2 - Média);1CIA IND/2CIA/PEL PREV E VIST(PASSOS);TPO01115;Não;Não;Não;BOLETIM DE OCORRENCIA;Classificada;11/08/2021 01:37;Não
2021-17840656-2;(BM) 2021-038346748-001;10/08/2021 09:41;RUA ETIOPIA, Nº 233 - CENTRO - PASSOS;-207.207.806;-46.603.572;P02001 - VISTORIA EM HIDRANTE (C) (Prioridade: 2 - Média);1CIA IND/2CIA/1PEL(PASSOS);ABTS0495;Não;Não;Não;BOLETIM DE OCORRENCIA;Classificada;11/08/2021 01:37;Não
2021-17840827-3;(BM) 2021-038348578-001;10/08/2021 09:53;RUA LIRIOS, Nº 208 - PANORAMA - PASSOS;-207.099.856;-466.169.614;P01001 - VISTORIA DE FISCALIZACAO (C) (Prioridade: 2 - Média);1CIA IND/2CIA/PEL PREV E VIST(PASSOS);TPO01115;Não;Não;Não;BOLETIM DE OCORRENCIA;Classificada;11/08/2021 01:37;Não
2021-17841069-2;(BM) 2021-038352011-001;10/08/2021 10:13;RUA AGUAS, Nº S/N - SERRA VERDE - PASSOS;-207.431.921;-465.944.904;P01001 - VISTORIA DE FISCALIZACAO (C) (Prioridade: 2 - Média);1CIA IND/2CIA/PEL PREV E VIST(PASSOS);TPO01115;Não;Não;Não;BOLETIM DE OCORRENCIA;Classificada;11/08/2021 01:37;Não
2021-17841407-3;(BM) 2021-038356007-001;10/08/2021 10:36;AVENIDA PENHA, Nº 96 - JARDIM SATELITE - PASSOS;-207.158.495;-466.213.536;P02001 - VISTORIA EM HIDRANTE (C) (Prioridade: 2 - Média);1CIA IND/2CIA/1PEL(PASSOS);ABTS0495;Não;Não;Não;BOLETIM DE OCORRENCIA;Classificada;11/08/2021 01:37;Não
2021-17841565-4;(BM) 2021-038358231-001;10/08/2021 10:50;RUA FERNANDO AVELINO ANDRADE, Nº 9 - VILA MOSCONI - ANDRADAS;-220.738.508;-465.732.801;P01001 - VISTORIA DE FISCALIZACAO (C) (Prioridade: 2 - Média);1CIA IND (POCOS DE CALDAS);APF01375;Não;Não;Não;BOLETIM DE OCORRENCIA;Classificada;11/08/2021 05:34;Não
2021-17841853-9;(BM) 2021-038361930-001;10/08/2021 11:12;AVENIDA JOAO DOMICIANO DA COSTA, Nº 195 - VILA SANTA RITA - ANDRADAS;-220.772.408;-465.730.307;P01001 - VISTORIA DE FISCALIZACAO (C) (Prioridade: 2 - Média);1CIA IND (POCOS DE CALDAS);APF01375;Não;Não;Não;BOLETIM DE OCORRENCIA;Classificada;11/08/2021 05:34;Não
2021-17842456-4;(BM) 2021-038369391-001;10/08/2021 12:04;AVENIDA JOSE TEIXEIRA DE MAGALHAES, Nº 417 - JARDIM BELA VISTA - ANDRADAS;-220.609.799;-465.709.404;P01001 - VISTORIA DE FISCALIZACAO (C) (Prioridade: 2 - Média);1CIA IND (POCOS DE CALDAS);APF01375;Não;Não;Não;BOLETIM DE OCORRENCIA;Classificada;11/08/2021 05:34;Não
2021-17842530-5;(BM) 2021-038370054-001;10/08/2021 12:09;RUA JOSE DIRCEU GRAZIANI, Nº 130 - VILA GRAZIANE - ANDRADAS;-220.650.903;-465.692.743;P01001 - VISTORIA DE FISCALIZACAO (C) (Prioridade: 2 - Média);1CIA IND (POCOS DE CALDAS);APF01375;Não;Não;Não;BOLETIM DE OCORRENCIA;Classificada;11/08/2021 05:35;Não
2021-17843037-7;(BM) 2021-038375659-001;10/08/2021 13:06;AVENIDA JUCA STOCKLER, Nº 3206 - ACLIMACAO - PASSOS;-207.524.655;-465.982.905;V02408 - VITIMA DE COLISAO ENTRE AUTOMOVEL X MOTOCICLETA (C) (Prioridade: 1 - Alta);1CIA IND/2CIA/1PEL(PASSOS);UR0565;Não;Não;Não;BOLETIM DE OCORRENCIA;Classificada;11/08/2021 01:38;Não
2021-17843597-1;(BM) 2021-038382284-001;10/08/2021 13:52;RODOVIA MG 050, Km 360 - PASSOS;-207.370.641;-46.646.356;Y40035 - APOIO DE SOLO EM OPERACOES AEREAS (C) (Prioridade: 2 - Média);1CIA IND/2CIA/1PEL(PASSOS);UR0565;Não;Não;Não;BOLETIM DE OCORRENCIA;Classificada;11/08/2021 01:38;Não
2021-17843808-5;(BM) 2021-038384740-001;10/08/2021 14:07;RUA SANTA INES, Nº S/N - CENTRO - PASSOS;-207.256.528;-46.608.784;P01001 - VISTORIA DE FISCALIZACAO (C) (Prioridade: 2 - Média);1CIA IND/2CIA/PEL PREV E VIST(PASSOS);TPO01115;Não;Não;Não;BOLETIM DE OCORRENCIA;Classificada;11/08/2021 05:47;Não
2021-17845989-2;(BM) 2021-038412436-001;10/08/2021 15:59;AVENIDA JOSE OLIVEIRA COSTA, Nº S/N - POCOS DE CALDAS;-218.157.628;-465.686.403;P01002 - VISTORIA DE LIBERACAO / EMISSAO DE AVCB (C) (Prioridade: 2 - Média);1CIA IND (POCOS DE CALDAS);APF01375;Não;Não;Não;BOLETIM DE OCORRENCIA;Classificada;11/08/2021 05:37;Não
2021-17846025-4;(BM) 2021-038412501-001;10/08/2021 16:00;RUA RIO DE JANEIRO, Nº 211 - CENTRO - POCOS DE CALDAS;-217.870.467;-465.653.019;P01002 - VISTORIA DE LIBERACAO / EMISSAO DE AVCB (C) (Prioridade: 2 - Média);1CIA IND (POCOS DE CALDAS);APF01375;Não;Não;Não;BOLETIM DE OCORRENCIA;Classificada;11/08/2021 05:37;Não
2021-17846630-1;(BM) 2021-038420000-001;10/08/2021 16:30;RUA MARANHAO, Nº 221 - CENTRO - POCOS DE CALDAS;-217.796.187;-465.656.037;P01001 - VISTORIA DE FISCALIZACAO (C) (Prioridade: 2 - Média);1CIA IND (POCOS DE CALDAS);APF01375;Não;Não;Não;BOLETIM DE OCORRENCIA;Classificada;11/08/2021 05:37;Não
2021-17846631-4;(BM) 2021-038420025-001;10/08/2021 16:30;RUA JUNQUEIRAS, Nº 500 - DOS FUNCIONARIOS - POCOS DE CALDAS;-217.885.678;-465.671.519;P01001 - VISTORIA DE FISCALIZACAO (C) (Prioridade: 2 - Média);1CIA IND (POCOS DE CALDAS);APF01375;Não;Não;Não;BOLETIM DE OCORRENCIA;Classificada;11/08/2021 05:37;Não
2021-17848479-2;(BM) 2021-038442040-001;10/08/2021 18:08;RODOVIA MG 050, Nº S/N - MONSENHOR MESSIAS - PASSOS;-207.391.965;-465.994.767;V02103 - VITIMA DE ATROPELAMENTO POR AUTOMOVEL (CARRO / CAMINHONETE) (C) (Prioridade: 1 - Alta);1CIA IND/2CIA/1PEL(PASSOS);UR0565;Não;Não;Não;BOLETIM DE OCORRENCIA;Classificada;11/08/2021 01:38;Não
2021-17849292-7;(BM) 2021-038450272-001;10/08/2021 18:54;RUA PORTO VELHO, Nº 39 - SAO BENEDITO - PASSOS;-207.208.104;-466.005.155;V01018 - VITIMA DE MAL NAO DEFINIDO (DISTURBIO) (C) (Prioridade: 1 - Alta);1CIA IND/2CIA/1PEL(PASSOS);UR0565;Não;Não;Não;BOLETIM DE OCORRENCIA;Classificada;11/08/2021 01:38;Não
2021-17850357-8;(BM) 2021-038462433-001;10/08/2021 19:59;AVENIDA COMENDADOR FRANCISCO A MAIA, Nº S/N - SANTA CASA - PASSOS;-207.146.788;-466.127.072;V01018 - VITIMA DE MAL NAO DEFINIDO (DISTURBIO) (C) (Prioridade: 1 - Alta);1CIA IND/2CIA/1PEL(PASSOS);UR0565;Não;Não;Não;BOLETIM DE OCORRENCIA;Classificada;11/08/2021 01:39;Não
2021-17855273-7;(BM) 2021-038519867-001;11/08/2021 06:43;RUA MONSENHOR MESSIAS BRAGANCA, Nº S/N - JARDIM PINHEIROS 2 - PASSOS;-207.270.173;-466.242.692;S06001 - SALVAMENTO DE ANIMAL EM RISCO / PERIGO (C) (Prioridade: 2 - Média);1CIA IND/2CIA/1PEL(PASSOS);ASL00064;Não;Não;Não;BOLETIM DE OCORRENCIA;Classificada;11/08/2021 07:47;Não
2021-17855968-9;(BM) 2021-038528570-001;11/08/2021 08:13;RUA DOUTOR CARVALHO, Nº 1455 - NOSSA SENHORA DAS GRAÇAS - PASSOS;-207.352.269;-466.037.303;Q03999 - OUTROS TIPOS DE TREINAMENTO (C) (Prioridade: 2 - Média);1CIA IND/2CIA/1PEL(PASSOS);BM1315175;Não;Não;Não;BOLETIM DE OCORRENCIA;Classificada;11/08/2021 09:44;Não
2021-17856015-7;(BM) 2021-038528792-001;11/08/2021 08:17;RUA GONCALVES DIAS, Nº 818 - CENTRO - PASSOS;-207.212.321;-466.037.409;V03018 - VITIMA DE QUEDA DA PROPRIA ALTURA (C) (Prioridade: 1 - Alta);1CIA IND/2CIA/1PEL(PASSOS);UR0565;Não;Não;Não;BOLETIM DE OCORRENCIA;Classificada;11/08/2021 09:44;Não
2021-17856238-1;(BM) 2021-038528842-001;11/08/2021 08:36;RUA DOUTOR CARVALHO, Nº 1455 - NOSSA SENHORA DAS GRAÇAS - PASSOS;-207.352.269;-466.037.303;Q03005 - TREINAMENTO DE SALVAMENTO TERRESTRE (C) (Prioridade: 2 - Média);1CIA IND/2CIA/1PEL(PASSOS);BM1636356;Não;Não;Não;BOLETIM DE OCORRENCIA;Classificada;11/08/2021 09:45;Não
2021-17856544-8;(BM) 2021-038551559-001;11/08/2021 08:59;RUA ARGENTINA, Nº 150 - XANGRILA - CASSIA;-205.794.959;-469.201.732;X03000 - EMPENHO ADMINISTRATIVO (C) (Prioridade: 2 - Média);1CIA IND/2CIA/PEL PREV E VIST(PASSOS);APF01362;Não;Não;Não;BOLETIM DE OCORRENCIA;Classificada;11/08/2021 11:21;Não
2021-17857074-1;(BM) 2021-038535794-001;11/08/2021 09:42;AVENIDA COMENDADOR FRANCISCO A MAIA, Nº 3360 - PASSOS;-207.264.878;-466.041.184;P01002 - VISTORIA DE LIBERACAO / EMISSAO DE AVCB (C) (Prioridade: 2 - Média);1CIA IND/2CIA/PEL PREV E VIST(PASSOS);TPO01115;Não;Não;Não;BOLETIM DE OCORRENCIA;Classificada;11/08/2021 10:02;Não
2021-17857322-1;(BM) 2021-038537674-001;11/08/2021 10:01;AVENIDA DONA LIQUINHA SILVEIRA, Nº 985 - COHAB 3 - PASSOS;-207.076.537;-466.225.246;P01001 - VISTORIA DE FISCALIZACAO (C) (Prioridade: 2 - Média);1CIA IND/2CIA/PEL PREV E VIST(PASSOS);TPO01115;Não;Não;Não;BOLETIM DE OCORRENCIA;Classificada;11/08/2021 10:37;Não
2021-17857681-4;(BM) 2021-038542229-001;11/08/2021 10:24;AVENIDA POCOS DE CALDAS, Nº 193 - COHAB 2 - PASSOS;-20.713.176;-466.261.145;P01001 - VISTORIA DE FISCALIZACAO (C) (Prioridade: 2 - Média);1CIA IND/2CIA/PEL PREV E VIST(PASSOS);TPO01115;Não;Não;Não;BOLETIM DE OCORRENCIA;Classificada;11/08/2021 10:37;Não
2021-17857814-6;(BM) 2021-038543762-001;11/08/2021 10:33;AVENIDA POCOS DE CALDAS, Nº 195 - COHAB 2 - PASSOS;-207.132.238;-466.261.204;P01001 - VISTORIA DE FISCALIZACAO (C) (Prioridade: 2 - Média);1CIA IND/2CIA/PEL PREV E VIST(PASSOS);TPO01115;Não;Não;Não;BOLETIM DE OCORRENCIA;Classificada;11/08/2021 11:13;Não
2021-17857817-4;(BM) 2021-038548148-001;11/08/2021 10:34;RUA BARIRIS, Nº S/N - SAO JOAQUIM - PASSOS;-207.447.347;-466.021.386;S06002 - CAPTURA DE ANIMAL SILVESTRE PERIGOSO / AGRESSIVO (C) (Prioridade: 2 - Média);1CIA IND/2CIA/1PEL(PASSOS);ASL00064;Não;Não;Não;BOLETIM DE OCORRENCIA;Classificada;11/08/2021 11:43;Não
2021-17858240-4;(BM) 2021-038550147-001;11/08/2021 11:06;RUA CANDEIAS, Nº 750 - PASSOS;-207.198.816;-465.899.446;V01004 - VITIMA COM CRISE DIABETICA / HIPOGLICEMIA (C) (Prioridade: 1 - Alta);1CIA IND/2CIA/1PEL(PASSOS);UR0565;Não;Não;Não;BOLETIM DE OCORRENCIA;Classificada;11/08/2021 12:22;Não
2021-17859080-5;(BM) 2021-038559778-001;11/08/2021 12:21;RODOVIA MG 050, Km 332 - PASSOS;-207.224.754;-463.952.797;W03000 - SOLICITANTE ENCONTRADO - PROVIDENCIA DISPENSADA (C) (Prioridade: 3 - Baixa);1CIA IND/2CIA/1PEL(PASSOS);UR0565;Não;Não;Não;BOLETIM DE OCORRENCIA;Classificada;11/08/2021 12:25;Não
2021-17859251-6;(BM) 2021-038561450-001;11/08/2021 12:42;RUA PINTASSILGO, Nº 167 - NOSSA SENHORA DAS GRAÇAS - PASSOS;-207.370.929;-466.061.963;V01006 - VITIMA COM DIFICULDADE DE LOCOMOCAO (C) (Prioridade: 1 - Alta);1CIA IND/2CIA/1PEL(PASSOS);UR0565;Não;Não;Não;BOLETIM DE OCORRENCIA;Classificada;11/08/2021 15:33;Não
2021-17859866-0;(BM) 2021-038568910-001;11/08/2021 13:38;RUA DOUTOR CARVALHO, Nº 1455 - NOSSA SENHORA DAS GRAÇAS - PASSOS;-207.352.269;-466.037.303;Q03004 - TREINAMENTO DE SALVAMENTO EM ALTURA (C) (Prioridade: 2 - Média);1CIA IND/2CIA/1PEL(PASSOS);BM1317692;Não;Não;Não;BOLETIM DE OCORRENCIA;Classificada;11/08/2021 15:33;Não
2021-17861679-6;(BM) 2021-038590440-001;11/08/2021 15:11;RUA PRESIDENTE ANTONIO CARLOS, Nº 185 - CENTRO - PASSOS;-207.192.767;-466.094.606;V03018 - VITIMA DE QUEDA DA PROPRIA ALTURA (C) (Prioridade: 1 - Alta);1CIA IND/2CIA/1PEL(PASSOS);UR0565;Não;Não;Não;BOLETIM DE OCORRENCIA;Classificada;12/08/2021 00:13;Não
2021-17861974-6;(BM) 2021-038596070-001;11/08/2021 15:24;AVENIDA NACOES, Nº 259 - VILA RICA - PASSOS;-20.727.933;-465.984.176;P02001 - VISTORIA EM HIDRANTE (C) (Prioridade: 2 - Média);1CIA IND/2CIA/1PEL(PASSOS);ASL00064;Não;Não;Não;BOLETIM DE OCORRENCIA;Classificada;12/08/2021 00:13;Não
2021-17865113-7;(BM) 2021-038638829-001;11/08/2021 18:11;AVENIDA EXPEDICIONARIOS, Nº S/N - MIRANTE DO VALE - PASSOS;-207.256.744;-465.818.365;W04000 - NADA CONSTATADO (C) (Prioridade: 3 - Baixa);1CIA IND/2CIA/1PEL(PASSOS);ABTS0495;Não;Não;Não;BOLETIM DE OCORRENCIA;Classificada;12/08/2021 00:13;Não
2021-17868938-0;(BM) 2021-038672892-001;11/08/2021 22:12;RUA NOVA RESENDE, Nº 306 - NOSSA SENHORA DE FATIMA - PASSOS;-206.999.565;-466.127.394;V01003 - VITIMA COM CRISE CONVULSIVA (C) (Prioridade: 1 - Alta);1CIA IND/2CIA/1PEL(PASSOS);UR0565;Não;Não;Não;BOLETIM DE OCORRENCIA;Classificada;12/08/2021 00:13;Não
2021-17870447-1;(BM) 2021-038688224-001;12/08/2021 00:14;RUA LOULOU / RUA JERONIMO NETO - BELO HORIZONTE - PASSOS;-207.258.515;-466.025.677;V02408 - VITIMA DE COLISAO ENTRE AUTOMOVEL X MOTOCICLETA (C) (Prioridade: 1 - Alta);1CIA IND/2CIA/1PEL(PASSOS);UR0565;Não;Não;Não;BOLETIM DE OCORRENCIA;Classificada;14/08/2021 07:51;Não
2021-17871574-4;(BM) 2021-038699330-001;12/08/2021 03:27;RODOVIA MG 050, Km 351, Nº S/N - PASSOS;;;O04014 - INCENDIO AS MARGENS DE RODOVIA (C) (Prioridade: 2 - Média);1CIA IND/2CIA/1PEL(PASSOS);ASL00064;Não;Não;Não;BOLETIM DE OCORRENCIA;Classificada;14/08/2021 07:55;Não
2021-17871817-4;(BM) 2021-038701567-001;12/08/2021 05:11;RUA GOIAS, Nº 188 - POLIVALENTE - PASSOS;-207.051.559;-466.073.799;V01018 - VITIMA DE MAL NAO DEFINIDO (DISTURBIO) (C) (Prioridade: 1 - Alta);1CIA IND/2CIA/1PEL(PASSOS);UR0565;Não;Não;Não;BOLETIM DE OCORRENCIA;Classificada;14/08/2021 07:50;Não
2021-17872054-0;(BM) 2021-038704348-001;12/08/2021 06:37;RUA DOUTOR CARVALHO, Nº 1455 - NOSSA SENHORA DAS GRAÇAS - PASSOS;-207.352.269;-466.037.303;Q03004 - TREINAMENTO DE SALVAMENTO EM ALTURA (C) (Prioridade: 2 - Média);1CIA IND/2CIA/1PEL(PASSOS);BM1317692;Não;Não;Não;BOLETIM DE OCORRENCIA;Classificada;14/08/2021 07:52;Não
2021-17872390-7;(BM) 2021-038707733-001;12/08/2021 07:27;AVENIDA FRANCISCO SALLES, Nº 280 - POCOS DE CALDAS;;;P01002 - VISTORIA DE LIBERACAO / EMISSAO DE AVCB (C) (Prioridade: 2 - Média);1CIA IND (POCOS DE CALDAS);APF01375;Não;Não;Não;BOLETIM DE OCORRENCIA;Classificada;12/08/2021 19:09;Não
2021-17872786-8;(BM) 2021-038711428-001;12/08/2021 08:14;RUA SANTA EDWIRGES, Nº 105 - ALPINOPOLIS;;;P01002 - VISTORIA DE LIBERACAO / EMISSAO DE AVCB (C) (Prioridade: 2 - Média);1CIA IND/2CIA/PEL PREV E VIST(PASSOS);TPO01115;Não;Não;Não;BOLETIM DE OCORRENCIA;Classificada;14/08/2021 07:55;Não
2021-17872809-1;(BM) 2021-038712069-001;12/08/2021 08:17;RUA DOUTOR CARVALHO, Nº 1455 - NOSSA SENHORA DAS GRAÇAS - PASSOS;-207.352.269;-466.037.303;Q03999 - OUTROS TIPOS DE TREINAMENTO (C) (Prioridade: 2 - Média);1CIA IND/2CIA/1PEL(PASSOS);BM1178490;Não;Não;Não;BOLETIM DE OCORRENCIA;Classificada;13/08/2021 07:39;Não
2021-17873747-1;(BM) 2021-038722142-001;12/08/2021 09:38;AVENIDA EXPEDICIONARIOS, Nº S/N - MIRANTE DO VALE - PASSOS;-207.256.744;-465.818.365;S06002 - CAPTURA DE ANIMAL SILVESTRE PERIGOSO / AGRESSIVO (C) (Prioridade: 2 - Média);1CIA IND/2CIA/1PEL(PASSOS);ASL00064;Não;Não;Não;BOLETIM DE OCORRENCIA;Classificada;13/08/2021 07:40;Não
2021-17873909-1;(BM) 2021-038724349-001;12/08/2021 09:54;RUA COELHO NETO, Nº 62 - CANDEIAS - PASSOS;-20.724.435;-466.174.854;P01001 - VISTORIA DE FISCALIZACAO (C) (Prioridade: 2 - Média);1CIA IND/2CIA/PEL PREV E VIST(PASSOS);TPO01115;Não;Não;Não;BOLETIM DE OCORRENCIA;Classificada;14/08/2021 07:55;Não
2021-17874034-3;(BM) 2021-038726047-001;12/08/2021 10:03;RUA LIBERDADE, Nº 616 - SANTA CASA - PASSOS;-20.715.114;-466.140.369;P01001 - VISTORIA DE FISCALIZACAO (C) (Prioridade: 2 - Média);1CIA IND/2CIA/PEL PREV E VIST(PASSOS);TPO01115;Não;Não;Não;BOLETIM DE OCORRENCIA;Classificada;14/08/2021 07:53;Não
2021-17874206-7;(BM) 2021-038727383-001;12/08/2021 10:14;RUA HELIO DANESE PIANTINO, Nº 181 - PASSOS;;;P01001 - VISTORIA DE FISCALIZACAO (C) (Prioridade: 2 - Média);1CIA IND/2CIA/PEL PREV E VIST(PASSOS);TPO01115;Não;Não;Não;BOLETIM DE OCORRENCIA;Classificada;14/08/2021 07:54;Não
2021-17876423-6;(BM) 2021-038754110-001;12/08/2021 13:26;TRAVESSA ESPERANCA, Nº 40 - SANTA MARIA - CASSIA;-205.920.897;-469.194.763;P01002 - VISTORIA DE LIBERACAO / EMISSAO DE AVCB (C) (Prioridade: 2 - Média);1CIA IND/2CIA/1PEL(PASSOS);ASL00064;Não;Não;Não;BOLETIM DE OCORRENCIA;Classificada;13/08/2021 07:40;Não
2021-17877581-2;(BM) 2021-038767632-001;12/08/2021 14:35;RUA CORONEL ANTONIO JOAQUIM, Nº 445 - CENTRO - CAPETINGA;-206.174.372;-470.589.778;P01002 - VISTORIA DE LIBERACAO / EMISSAO DE AVCB (C) (Prioridade: 2 - Média);1CIA IND/2CIA/1PEL(PASSOS);ASL00064;Não;Não;Não;BOLETIM DE OCORRENCIA;Classificada;13/08/2021 07:40;Não
2021-17880405-8;(BM) 2021-038803588-001;12/08/2021 16:59;PRACA GERALDO DA SILVA MAIA, Nº S/N - CENTRO - PASSOS;-207.208.941;-46.609.005;P02001 - VISTORIA EM HIDRANTE (C) (Prioridade: 2 - Média);1CIA IND/2CIA/1PEL(PASSOS);ABTS0495;Não;Não;Não;BOLETIM DE OCORRENCIA;Classificada;13/08/2021 07:40;Não
2021-17880739-3;(BM) 2021-038807203-001;12/08/2021 17:16;RUA ANTONIO BORTOLAN, Nº S/N - POCOS DE CALDAS;-21.780.027;-466.308.801;P01001 - VISTORIA DE FISCALIZACAO (C) (Prioridade: 2 - Média);1CIA IND (POCOS DE CALDAS);APF01375;Não;Não;Não;BOLETIM DE OCORRENCIA;Classificada;12/08/2021 19:10;Não
2021-17880787-6;(BM) 2021-038807742-001;12/08/2021 17:19;RUA AMAPA, Nº 397 - CANJERANUS - PASSOS;-207.139.442;-466.037.313;P02001 - VISTORIA EM HIDRANTE (C) (Prioridade: 2 - Média);1CIA IND/2CIA/1PEL(PASSOS);ABTS0495;Não;Não;Não;BOLETIM DE OCORRENCIA;Classificada;13/08/2021 07:40;Não
2021-17880957-4;(BM) 2021-038822493-001;12/08/2021 17:28;RUA LAVRAS, Nº 340 - MARIO MAGALHAES - PASSOS;-207.257.361;-46.612.306;V01010 - VITIMA COM DOR TORACICA/SUSPEITA DE INFARTO (IAM) (C) (Prioridade: 1 - Alta);1CIA IND/2CIA/1PEL(PASSOS);UR0565;Não;Não;Não;BOLETIM DE OCORRENCIA;Classificada;13/08/2021 07:41;Não
2021-17880976-9;(BM) 2021-038814233-001;12/08/2021 17:30;RUA AMAPA, Nº 2185 - RECANTO DA HARMONIA - PASSOS;-207.048.129;-465.942.317;P02003 - VISTORIA EM LOTE VAGO (C) (Prioridade: 2 - Média);1CIA IND/2CIA/1PEL(PASSOS);ABTS0495;Não;Não;Não;BOLETIM DE OCORRENCIA;Classificada;13/08/2021 07:41;Não
2021-17881012-0;(BM) 2021-038810395-001;12/08/2021 17:30;RUA ANTONIO BORTOLAN, Nº 163 - BORTOLAN - POCOS DE CALDAS;-217.827.021;-466.297.822;P01001 - VISTORIA DE FISCALIZACAO (C) (Prioridade: 2 - Média);1CIA IND (POCOS DE CALDAS);APF01375;Não;Não;Não;BOLETIM DE OCORRENCIA;Classificada;12/08/2021 19:14;Não
2021-17881264-3;(BM) 2021-038813962-001;12/08/2021 17:44;RUA AMAPA, Nº 2335 - PASSOS;-207.036.385;-465.930.457;P02003 - VISTORIA EM LOTE VAGO (C) (Prioridade: 2 - Média);1CIA IND/2CIA/1PEL(PASSOS);ABTS0495;Não;Não;Não;BOLETIM DE OCORRENCIA;Classificada;13/08/2021 07:41;Não
2021-17881491-5;(BM) 2021-038818062-001;12/08/2021 17:59;RUA ACRE, Nº S/N - CANJERANUS - PASSOS;-207.127.097;-466.032.734;P02003 - VISTORIA EM LOTE VAGO (C) (Prioridade: 2 - Média);1CIA IND/2CIA/1PEL(PASSOS);ABTS0495;Não;Não;Não;BOLETIM DE OCORRENCIA;Classificada;13/08/2021 07:41;Não
2021-17881643-1;(BM) 2021-038818335-001;12/08/2021 18:08;RUA ACRE, Nº S/N - CANJERANUS - PASSOS;-207.127.097;-466.032.734;P02003 - VISTORIA EM LOTE VAGO (C) (Prioridade: 2 - Média);1CIA IND/2CIA/1PEL(PASSOS);ABTS0495;Não;Não;Não;BOLETIM DE OCORRENCIA;Classificada;13/08/2021 07:41;Não
2021-17882200-6;(BM) 2021-038824596-001;12/08/2021 18:40;RUA TREZE DE MAIO, Nº 142 - PENHA - PASSOS;-20.716.928;-466.160.913;V02408 - VITIMA DE COLISAO ENTRE AUTOMOVEL X MOTOCICLETA (C) (Prioridade: 1 - Alta);1CIA IND/2CIA/1PEL(PASSOS);UR0565;Não;Não;Não;BOLETIM DE OCORRENCIA;Classificada;13/08/2021 07:42;Não
2021-17882651-5;;12/08/2021 19:05;FAZENDA FAZENDA SANTA IZABEL - ARCEBURGO;;;W08000 - CANCELADA POR INDISPONIBILIDADE DE VIATURA (C) (Prioridade: 3 - Baixa);1CIA IND (POCOS DE CALDAS);;Não;Não;Não;FALTEF-NÃO ATENDIDA FALTA DE EFETIVO;Classificada;12/08/2021 19:09;PERÍODO DE ESTIAGEM
2021-17884777-4;(BM) 2021-038851335-001;12/08/2021 21:21;RUA SALVIO P LIMA, Nº 207 - NOVA PASSOS - PASSOS;-207.019.337;-46.634.312;O04012 - INCENDIO EM LOTE VAGO (AREA URBANA) (C) (Prioridade: 2 - Média);1CIA IND/2CIA/1PEL(PASSOS);ABTS0495;Não;Não;Não;BOLETIM DE OCORRENCIA;Classificada;13/08/2021 07:41;Não
2021-17889393-0;(BM) 2021-038900013-001;13/08/2021 08:12;RUA DOUTOR CARVALHO, Nº 1455 - NOSSA SENHORA DAS GRAÇAS - PASSOS;-207.352.269;-466.037.303;W06000 - TESTE (C) (Prioridade: 3 - Baixa);1CIA IND/2CIA/1PEL(PASSOS);1193;Não;Não;Não;BOLETIM DE OCORRENCIA;Classificada;14/08/2021 07:52;Não
2021-17890108-9;(BM) 2021-038908048-001;13/08/2021 09:14;RUA PRESIDENTE ANTONIO CARLOS, Nº 261 - CENTRO - PASSOS;-207.185.927;-466.096.619;P01002 - VISTORIA DE LIBERACAO / EMISSAO DE AVCB (C) (Prioridade: 2 - Média);1CIA IND/2CIA/PEL PREV E VIST(PASSOS);TPO01115;Não;Não;Não;BOLETIM DE OCORRENCIA;Classificada;14/08/2021 07:54;Não
2021-17890548-1;(BM) 2021-038913956-001;13/08/2021 09:57;RUA ELVIRA SILVEIRA COIMBRA, Nº 75 - CENTRO - PASSOS;-207.223.729;-466.084.235;P01002 - VISTORIA DE LIBERACAO / EMISSAO DE AVCB (C) (Prioridade: 2 - Média);1CIA IND/2CIA/PEL PREV E VIST(PASSOS);TPO01115;Não;Não;Não;BOLETIM DE OCORRENCIA;Classificada;14/08/2021 07:54;Não
2021-17891121-2;(BM) 2021-038920644-001;13/08/2021 10:39;RUA BAHIA, Nº 654 - BELA VISTA - PASSOS;-207.134.575;-465.978.353;P01001 - VISTORIA DE FISCALIZACAO (C) (Prioridade: 2 - Média);1CIA IND/2CIA/PEL PREV E VIST(PASSOS);TPO01115;Não;Não;Não;BOLETIM DE OCORRENCIA;Classificada;14/08/2021 07:55;Não
2021-17891539-6;(BM) 2021-038926563-001;13/08/2021 11:13;RUA RIO DE JANEIRO, Nº 49 - CENTRO - POCOS DE CALDAS;-217.867.831;-465.668.939;P01001 - VISTORIA DE FISCALIZACAO (C) (Prioridade: 2 - Média);1CIA IND (POCOS DE CALDAS);APF01375;Não;Não;Não;BOLETIM DE OCORRENCIA;Classificada;14/08/2021 07:37;Não
2021-17892040-8;(BM) 2021-038932138-001;13/08/2021 11:51;RUA RIO DE JANEIRO, Nº 230 - CENTRO - POCOS DE CALDAS;-217.873.088;-465.650.772;P01001 - VISTORIA DE FISCALIZACAO (C) (Prioridade: 2 - Média);1CIA IND (POCOS DE CALDAS);APF01375;Não;Não;Não;BOLETIM DE OCORRENCIA;Classificada;14/08/2021 07:38;Não
2021-17892630-1;(BM) 2021-039083772-001;13/08/2021 12:54;RUA MONTES CLAROS, Nº 512 - COHAB 3 - PASSOS;-207.062.696;-466.277.462;S06001 - SALVAMENTO DE ANIMAL EM RISCO / PERIGO (C) (Prioridade: 2 - Média);1CIA IND/2CIA/1PEL(PASSOS);ASL00064;Não;Não;Não;BOLETIM DE OCORRENCIA;Classificada;14/08/2021 07:54;Não
2021-17892732-1;(BM) 2021-038940541-001;13/08/2021 13:05;PRACA MELO VIANA, Nº S/N - CENTRO - CALDAS;-219.233.702;-463.866.235;P01002 - VISTORIA DE LIBERACAO / EMISSAO DE AVCB (C) (Prioridade: 2 - Média);1CIA IND (POCOS DE CALDAS);APF01375;Não;Não;Não;BOLETIM DE OCORRENCIA;Classificada;14/08/2021 07:30;Não
2021-17893633-5;(BM) 2021-038967886-001;13/08/2021 14:11;RUA CANDELARIA, Nº S/N - JARDIM SATELITE - PASSOS;-207.147.284;-46.618.104;S06001 - SALVAMENTO DE ANIMAL EM RISCO / PERIGO (C) (Prioridade: 2 - Média);1CIA IND/2CIA/1PEL(PASSOS);ASL00064;Não;Não;Não;BOLETIM DE OCORRENCIA;Classificada;14/08/2021 07:54;Não
2021-17893835-0;(BM) 2021-038953450-001;13/08/2021 14:23;RUA GARCA, Nº 324 - NOSSA SENHORA DAS GRAÇAS - PASSOS;-207.393.924;-466.063.138;P01001 - VISTORIA DE FISCALIZACAO (C) (Prioridade: 2 - Média);1CIA IND/2CIA/PEL PREV E VIST(PASSOS);TPO01115;Não;Não;Não;BOLETIM DE OCORRENCIA;Classificada;14/08/2021 07:52;Não
2021-17894418-8;(BM) 2021-038960765-001;13/08/2021 14:52;RUA TRES DE MAIO, Nº S/N - BELO HORIZONTE - PASSOS;-2.072.412;-466.034.476;V01021 - VITIMA COM PARADA RESPIRATORIA (C) (Prioridade: 1 - Alta);1CIA IND/2CIA/1PEL(PASSOS);UR0565 / ASL00064;Não;Não;Não;BOLETIM DE OCORRENCIA;Classificada;14/08/2021 22:56;Não
2021-17894884-0;(BM) 2021-038975133-001;13/08/2021 15:16;RUA DOUTOR CARVALHO, Nº 1455 - NOSSA SENHORA DAS GRAÇAS - PASSOS;-207.352.269;-466.037.303;Q03004 - TREINAMENTO DE SALVAMENTO EM ALTURA (C) (Prioridade: 2 - Média);1CIA IND/2CIA/1PEL(PASSOS);ABTS0495;Não;Não;Não;BOLETIM DE OCORRENCIA;Classificada;14/08/2021 07:54;Não
2021-17895141-1;;13/08/2021 15:30;RODOVIA LMG 877, Km 459 - DISTRITO INDUSTRIAL - POCOS DE CALDAS;;;O04008 - INCENDIO EM AREA RURAL NAO PROTEGIDA (C) (Prioridade: 2 - Média);1CIA IND (POCOS DE CALDAS);;Não;Não;Não;W08000-CANCELADA POR INDISPONIBILIDADE DE MEIOS;Classificada;14/08/2021 07:36;Não
2021-17895262-6;(BM) 2021-038976846-001;13/08/2021 15:38;AVENIDA MONTESE, Nº S/N - VILA RICA - PASSOS;-207.270.984;-465.958.404;P02003 - VISTORIA EM LOTE VAGO (C) (Prioridade: 2 - Média);1CIA IND/2CIA/1PEL(PASSOS);ASL00064;Não;Não;Não;BOLETIM DE OCORRENCIA;Classificada;14/08/2021 07:51;Não
2021-17895672-8;(BM) 2021-038976179-001;13/08/2021 16:00;AVENIDA SANTA CRUZ, Nº 311 - JARDIM SANTA CRUZ - CALDAS;-219.184.571;-463.866.448;P01001 - VISTORIA DE FISCALIZACAO (C) (Prioridade: 2 - Média);1CIA IND (POCOS DE CALDAS);APF01375;Não;Não;Não;BOLETIM DE OCORRENCIA;Classificada;14/08/2021 07:30;Não
2021-17895781-3;(BM) 2021-038977104-001;13/08/2021 16:05;RODOVIA BR 459, Km 11, Nº S/N - CALDAS;;;P01001 - VISTORIA DE FISCALIZACAO (C) (Prioridade: 2 - Média);1CIA IND (POCOS DE CALDAS);APF01375;Não;Não;Não;BOLETIM DE OCORRENCIA;Classificada;14/08/2021 07:30;Não
2021-17895769-8;(BM) 2021-038977301-001;13/08/2021 16:06;AVENIDA MONTESE, Nº S/N - VILA RICA - PASSOS;-207.270.984;-465.958.404;P02003 - VISTORIA EM LOTE VAGO (C) (Prioridade: 2 - Média);1CIA IND/2CIA/1PEL(PASSOS);ASL00064;Não;Não;Não;BOLETIM DE OCORRENCIA;Classificada;14/08/2021 07:51;Não
2021-17898271-3;(BM) 2021-039010019-001;13/08/2021 18:27;AVENIDA EXPEDICIONARIOS, Nº S/N - MIRANTE DO VALE - PASSOS;-207.256.744;-465.818.365;O04012 - INCENDIO EM LOTE VAGO (AREA URBANA) (C) (Prioridade: 2 - Média);1CIA IND/2CIA/1PEL(PASSOS);ABTS0495;Não;Não;Não;BOLETIM DE OCORRENCIA;Classificada;14/08/2021 07:51;Não
2021-17898606-0;(BM) 2021-039018990-001;13/08/2021 18:47;RUA OSCAR CANDIDO MONTEIRO, Nº 1000 - MIRANTE DO VALE - PASSOS;-207.200.103;-465.771.441;P02001 - VISTORIA EM HIDRANTE (C) (Prioridade: 2 - Média);1CIA IND/2CIA/1PEL(PASSOS);ABTS0495;Não;Não;Não;BOLETIM DE OCORRENCIA;Classificada;14/08/2021 07:51;Não
2021-17900644-5;(BM) 2021-039029814-001;13/08/2021 20:53;AVENIDA PERIMETRAL, Nº S/N - PARQUE DA ESTACAO - PASSOS;-207.057.771;-466.097.547;O04013 - INCENDIO EM PASTO (C) (Prioridade: 2 - Média);1CIA IND/2CIA/1PEL(PASSOS);ABTS0495;Não;Não;Não;BOLETIM DE OCORRENCIA;Classificada;14/08/2021 07:51;Não
2021-17901422-9;(BM) 2021-039037485-001;13/08/2021 21:38;RUA GOVERNADOR VALADARES, Nº 29 - CENTENARIO - PASSOS;-20.729.195;-466.124.005;V01007 - VITIMA COM DISPNEIA (FALTA DE AR) (C) (Prioridade: 1 - Alta);1CIA IND/2CIA/1PEL(PASSOS);UR0565;Não;Não;Não;BOLETIM DE OCORRENCIA;Classificada;14/08/2021 07:50;Não
2021-17902634-2;(BM) 2021-039049480-001;13/08/2021 22:49;RODOVIA MG 050, Nº S/N - MONSENHOR MESSIAS - PASSOS;-207.391.965;-465.994.767;O04013 - INCENDIO EM PASTO (C) (Prioridade: 2 - Média);1CIA IND/2CIA/1PEL(PASSOS);ABTS0495;Não;Não;Não;BOLETIM DE OCORRENCIA;Classificada;14/08/2021 07:51;Não
2021-17905006-6;;14/08/2021 01:17;RUA GENTIL CASSARO, Nº S/N - JARDIM PARAISO - POCOS DE CALDAS;-218.237.525;-465.553.586;O04012 - INCENDIO EM LOTE VAGO (AREA URBANA) (C) (Prioridade: 2 - Média);1CIA IND (POCOS DE CALDAS);;Não;Não;Não;DISPEN-DISPENSADO PELO SOLICITANTE;Classificada;14/08/2021 08:00;Não
2021-17908521-9;(BM) 2021-039098112-001;14/08/2021 10:09;RUA PIVERLI PIASSI PIMENTA, Nº S/N - JARDIM CANADA - PASSOS;-207.533.577;-466.078.419;V01003 - VITIMA COM CRISE CONVULSIVA (C) (Prioridade: 1 - Alta);1CIA IND/2CIA/1PEL(PASSOS);UR0565;Não;Não;Não;BOLETIM DE OCORRENCIA;Classificada;14/08/2021 22:56;Não
2021-17909019-0;(BM) 2021-039108605-001;14/08/2021 10:57;ESTRADA PRINCIPAL PORTO VELHO, Nº S/N - PASSOS;-20.662.778;-46.513.056;V01003 - VITIMA COM CRISE CONVULSIVA (C) (Prioridade: 1 - Alta);1CIA IND/2CIA/1PEL(PASSOS);UR0565;Não;Não;Não;BOLETIM DE OCORRENCIA;Classificada;14/08/2021 22:57;Não
2021-17909600-9;(BM) 2021-039108765-001;14/08/2021 11:55;RUA BOIADEIROS, Nº S/N - PENHA - PASSOS;-207.173.182;-466.206.084;S06002 - CAPTURA DE ANIMAL SILVESTRE PERIGOSO / AGRESSIVO (C) (Prioridade: 2 - Média);1CIA IND/2CIA/1PEL(PASSOS);ASL00064;Não;Não;Não;BOLETIM DE OCORRENCIA;Classificada;14/08/2021 22:56;Não
2021-17912687-5;(BM) 2021-039158643-001;14/08/2021 16:03;RODOVIA MGC 146 - S  - N, Nº S/N - PASSOS;-207.005.628;-465.873.428;O04014 - INCENDIO AS MARGENS DE RODOVIA (C) (Prioridade: 2 - Média);1CIA IND/2CIA/1PEL(PASSOS);ABTS0495;Não;Não;Não;BOLETIM DE OCORRENCIA;Classificada;14/08/2021 22:56;Não
2021-17914995-8;(BM) 2021-039159622-001;14/08/2021 18:16;ESTRADA PRINCIPAL ESTRADA LINHA DAS AGUAS, Nº S/N - PASSOS;-2.084.525;-46.554.028;W04000 - NADA CONSTATADO (C) (Prioridade: 3 - Baixa);1CIA IND/2CIA/1PEL(PASSOS);ASL00064;Não;Não;Não;BOLETIM DE OCORRENCIA;Classificada;14/08/2021 22:56;Não
2021-17915023-1;(BM) 2021-039160564-001;14/08/2021 18:18;RUA ALFERES JOAO PIMENTA DE ABREU, Nº 40 - EXPOSICAO - PASSOS;-207.316.391;-466.084;O04012 - INCENDIO EM LOTE VAGO (AREA URBANA) (C) (Prioridade: 2 - Média);1CIA IND/2CIA/1PEL(PASSOS);ABTS0495;Não;Não;Não;BOLETIM DE OCORRENCIA;Classificada;14/08/2021 22:56;Não
2021-17916816-8;(BM) 2021-039175926-001;14/08/2021 20:02;ESTRADA MUMBUCA, Nº S/N - PASSOS;-20.890.833;-46.593.611;O04008 - INCENDIO EM AREA RURAL NAO PROTEGIDA (C) (Prioridade: 2 - Média);1CIA IND/2CIA/1PEL(PASSOS);ASL00064;Não;Não;Não;BOLETIM DE OCORRENCIA;Classificada;14/08/2021 22:56;Não
2021-17917306-7;(BM) 2021-039180132-001;14/08/2021 20:30;RUA ISAURA PRADO KALLAS, Nº 20 - PASSOS;-207.341.866;-465.925.463;V01020 - VITIMA COM PARADA CARDIORRESPIRATORIA (C) (Prioridade: 1 - Alta);1CIA IND/2CIA/1PEL(PASSOS);UR0565;Não;Não;Não;BOLETIM DE OCORRENCIA;Classificada;14/08/2021 22:57;Não
2021-17918239-7;(BM) 2021-039188455-001;14/08/2021 21:26;RUA DO MEIO, Nº 229 - NOVO HORIZONTE - PASSOS;-207.341.667;-466.012.316;V03018 - VITIMA DE QUEDA DA PROPRIA ALTURA (C) (Prioridade: 1 - Alta);1CIA IND/2CIA/1PEL(PASSOS);UR0565;Não;Não;Não;BOLETIM DE OCORRENCIA;Classificada;14/08/2021 22:57;Não
2021-17919944-4;(BM) 2021-039207425-001;14/08/2021 22:55;RUA BUENOS AIRES, Nº S/N - COHAB 3 - PASSOS;-207.024.574;-466.241.103;O04012 - INCENDIO EM LOTE VAGO (AREA URBANA) (C) (Prioridade: 2 - Média);1CIA IND/2CIA/1PEL(PASSOS);ABTS0495;Não;Não;Não;BOLETIM DE OCORRENCIA;Classificada;14/08/2021 23:46;Não
2021-17921106-1;(BM) 2021-039209387-001;14/08/2021 23:52;AVENIDA JUCA STOCKLER, Nº S/N - BELO HORIZONTE - PASSOS;-207.245.378;-465.934.794;V03004 - VITIMA DE AGRESSAO FISICA COM ARMA DE FOGO (C) (Prioridade: 1 - Alta);1CIA IND/2CIA/1PEL(PASSOS);UR0565;Não;Não;Não;BOLETIM DE OCORRENCIA;Classificada;15/08/2021 02:50;Não
2021-17922454-3;(BM) 2021-039215867-001;15/08/2021 01:03;RUA IMPRENSA, Nº S/N - NOVO HORIZONTE - PASSOS;-207.291.357;-466.020.228;W04000 - NADA CONSTATADO (C) (Prioridade: 3 - Baixa);1CIA IND/2CIA/1PEL(PASSOS);ABTS0495;Não;Não;Não;BOLETIM DE OCORRENCIA;Classificada;15/08/2021 02:50;Não
2021-17924477-0;(BM) 2021-039227940-001;15/08/2021 04:05;AVENIDA PAULO ESPER PIMENTA, Nº 88 - PANORAMA - PASSOS;-207.092.256;-466.127.675;O04012 - INCENDIO EM LOTE VAGO (AREA URBANA) (C) (Prioridade: 2 - Média);1CIA IND/2CIA/1PEL(PASSOS);ABTS0495;Não;Não;Não;BOLETIM DE OCORRENCIA;Classificada;15/08/2021 04:58;Não
2021-17926176-4;(BM) 2021-039241811-001;15/08/2021 09:16;RUA DOUTOR CARVALHO, Nº 1455 - NOSSA SENHORA DAS GRAÇAS - PASSOS;-207.352.269;-466.037.303;Q03999 - OUTROS TIPOS DE TREINAMENTO (C) (Prioridade: 2 - Média);1CIA IND/2CIA/1PEL(PASSOS);BM1315175;Não;Não;Não;BOLETIM DE OCORRENCIA;Classificada;15/08/2021 17:56;Não
2021-17926365-7;(BM) 2021-039243510-001;15/08/2021 09:38;RUA DOUTOR CARVALHO, Nº 1455 - NOSSA SENHORA DAS GRAÇAS - PASSOS;-207.352.269;-466.037.303;Q03004 - TREINAMENTO DE SALVAMENTO EM ALTURA (C) (Prioridade: 2 - Média);1CIA IND/2CIA/1PEL(PASSOS);BM1551159;Não;Não;Não;BOLETIM DE OCORRENCIA;Classificada;15/08/2021 17:56;Não
2021-17932442-0;(BM) 2021-039298942-001;15/08/2021 17:53;RODOVIA BR 146, Nº S/N - PASSOS;-20.758.941;-466.023.418;O04008 - INCENDIO EM AREA RURAL NAO PROTEGIDA (C) (Prioridade: 2 - Média);1CIA IND/2CIA/1PEL(PASSOS);ASL00064;Não;Não;Não;BOLETIM DE OCORRENCIA;Classificada;15/08/2021 19:48;Não
2021-17932449-0;(BM) 2021-039298914-001;15/08/2021 17:55;AVENIDA JOSE CAETANO DE ANDRADE, Nº S/N - MUARAMA - PASSOS;-207.301.976;-466.154.665;P02001 - VISTORIA EM HIDRANTE (C) (Prioridade: 2 - Média);1CIA IND/2CIA/1PEL(PASSOS);ABTS0495;Não;Não;Não;BOLETIM DE OCORRENCIA;Classificada;15/08/2021 19:48;Não
2021-17933854-3;(BM) 2021-039310178-001;15/08/2021 19:11;RUA PORTUGAL, Nº 75 - NOVO MUNDO - PASSOS;-207.279.152;-465.926.092;S06001 - SALVAMENTO DE ANIMAL EM RISCO / PERIGO (C) (Prioridade: 2 - Média);1CIA IND/2CIA/1PEL(PASSOS);ASL00064;Não;Não;Não;BOLETIM DE OCORRENCIA;Classificada;16/08/2021 06:25;Não
2021-17934025-4;(BM) 2021-039315926-001;15/08/2021 19:19;AVENIDA EXPEDICIONARIOS / AVENIDA JK - SAO BENEDITO - PASSOS;-207.230.209;-46.599.271;W03000 - SOLICITANTE ENCONTRADO - PROVIDENCIA DISPENSADA (C) (Prioridade: 3 - Baixa);1CIA IND/2CIA/1PEL(PASSOS);UR0565;Não;Não;Não;BOLETIM DE OCORRENCIA;Classificada;15/08/2021 19:48;Não
2021-17935113-5;(BM) 2021-039321109-001;15/08/2021 20:20;RUA TEOFILO OTTONI, Nº 53 - COHAB 3 - PASSOS;-207.084.374;-466.243.187;V03021 - VITIMA DE SUICIDIO (TENTATIVA) - APH TRAUMA (C) (Prioridade: 1 - Alta);1CIA IND/2CIA/1PEL(PASSOS);UR0565;Não;Não;Não;BOLETIM DE OCORRENCIA;Classificada;16/08/2021 06:25;Não
2021-17935597-3;(BM) 2021-039327617-001;15/08/2021 20:50;AVENIDA OLIVEIRA REZENDE, Nº 1300 - VILA OPERARIA - SAO SEBASTIAO PARAISO;-209.096.216;-469.957.754;A18001 - EMPENHO DE AMBULANCIA DO IPSM (C) (Prioridade: 2 - Média);1CIA IND/2CIA/1PEL(PASSOS);1193;Não;Não;Não;BOLETIM DE OCORRENCIA;Classificada;16/08/2021 06:25;Não
2021-17938829-3;(BM) 2021-039353972-001;16/08/2021 00:10;RUA LARGO SAO JOSE, Nº S/N - CALIFORNIA - PASSOS;-207.063.559;-466.141.388;V03005 - VITIMA DE AGRESSAO FISICA SEM USO DE ARMA (C) (Prioridade: 1 - Alta);1CIA IND/2CIA/1PEL(PASSOS);UR0565;Não;Não;Não;BOLETIM DE OCORRENCIA;Classificada;16/08/2021 06:26;Não
2021-17941630-1;(BM) 2021-039380317-001;16/08/2021 08:37;RUA JOAO MARIA CASALINHO, Nº 440 - SANTA ANGELA 4 - POCOS DE CALDAS;-217.990.417;-465.773.072;P01002 - VISTORIA DE LIBERACAO / EMISSAO DE AVCB (C) (Prioridade: 2 - Média);1CIA IND (POCOS DE CALDAS);APF01375;Não;Não;Não;BOLETIM DE OCORRENCIA;Classificada;16/08/2021 11:06;Não
2021-17941885-2;(BM) 2021-039384315-001;16/08/2021 09:03;RUA DOUTOR CARVALHO, Nº 1455 - NOSSA SENHORA DAS GRAÇAS - PASSOS;-207.352.269;-466.037.303;Q03999 - OUTROS TIPOS DE TREINAMENTO (C) (Prioridade: 2 - Média);1CIA IND/2CIA/1PEL(PASSOS);BM1178490;Não;Não;Não;BOLETIM DE OCORRENCIA;Classificada;17/08/2021 05:48;Não
2021-17942433-6;(BM) 2021-039390576-001;16/08/2021 09:43;AVENIDA COMENDADOR FRANCISCO A MAIA, Nº 3340 - MARIO MAGALHAES - PASSOS;-207.279.907;-466.105.368;P01002 - VISTORIA DE LIBERACAO / EMISSAO DE AVCB (C) (Prioridade: 2 - Média);1CIA IND/2CIA/PEL PREV E VIST(PASSOS);TPO01115;Não;Não;Não;BOLETIM DE OCORRENCIA;Classificada;17/08/2021 05:48;Não
2021-17942661-0;(BM) 2021-039393071-001;16/08/2021 10:01;AVENIDA VEREADOR EDMUNDO CARDILLO, Nº 3500 - JARDIM BANDEIRANTES - POCOS DE CALDAS;-21.810.723;-465.556.559;P01001 - VISTORIA DE FISCALIZACAO (C) (Prioridade: 2 - Média);1CIA IND (POCOS DE CALDAS);APF01375;Não;Não;Não;BOLETIM DE OCORRENCIA;Classificada;16/08/2021 21:45;Não
2021-17942717-3;(BM) 2021-039394299-001;16/08/2021 10:07;AVENIDA EXPEDICIONARIOS, Nº S/N - MIRANTE DO VALE - PASSOS;-207.256.744;-465.818.365;S06005 - CAPTURA DE INSETOS (C) (Prioridade: 2 - Média);1CIA IND/2CIA/1PEL(PASSOS);ASL00064;Não;Não;Não;BOLETIM DE OCORRENCIA;Classificada;17/08/2021 05:48;Não
2021-17942776-2;(BM) 2021-039394624-001;16/08/2021 10:08;AVENIDA EXPEDICIONARIOS, Nº 1789 - CASARAO - PASSOS;-207.247.073;-46.590.879;P01001 - VISTORIA DE FISCALIZACAO (C) (Prioridade: 2 - Média);1CIA IND/2CIA/PEL PREV E VIST(PASSOS);TPO01115;Não;Não;Não;BOLETIM DE OCORRENCIA;Classificada;17/08/2021 05:48;Não
2021-17943055-6;(BM) 2021-039398992-001;16/08/2021 10:31;AVENIDA MONTESE, Nº 417 - VILA RICA - PASSOS;-207.276.415;-465.959.704;P01001 - VISTORIA DE FISCALIZACAO (C) (Prioridade: 2 - Média);1CIA IND/2CIA/PEL PREV E VIST(PASSOS);TPO01115;Não;Não;Não;BOLETIM DE OCORRENCIA;Classificada;17/08/2021 05:49;Não
2021-17943257-0;(BM) 2021-039401524-001;16/08/2021 10:45;AVENIDA COMENDADOR FRANCISCO A MAIA, Nº 1677 - CENTRO - PASSOS;-207.140.377;-466.116.585;P01002 - VISTORIA DE LIBERACAO / EMISSAO DE AVCB (C) (Prioridade: 2 - Média);1CIA IND/2CIA/PEL PREV E VIST(PASSOS);TPO01115;Não;Não;Não;BOLETIM DE OCORRENCIA;Classificada;17/08/2021 05:49;Não
2021-17943285-6;(BM) 2021-039401879-001;16/08/2021 10:47;RUA PANORAMA, Nº 383 - PANORAMA - PASSOS;-207.062.137;-466.166.571;V03018 - VITIMA DE QUEDA DA PROPRIA ALTURA (C) (Prioridade: 1 - Alta);1CIA IND/2CIA/1PEL(PASSOS);UR0565;Não;Não;Não;BOLETIM DE OCORRENCIA;Classificada;17/08/2021 05:50;Não
2021-17943519-5;(BM) 2021-039405682-001;16/08/2021 11:07;RUA SANTA CASA, Nº 215 - PASSOS;-207.184.427;-466.174.997;P01002 - VISTORIA DE LIBERACAO / EMISSAO DE AVCB (C) (Prioridade: 2 - Média);1CIA IND/2CIA/PEL PREV E VIST(PASSOS);TPO01115;Não;Não;Não;BOLETIM DE OCORRENCIA;Classificada;17/08/2021 05:49;Não
2021-17943684-1;(BM) 2021-039406605-001;16/08/2021 11:17;RUA DA GRACA, Nº 804 - SAO FRANCISCO - PASSOS;-207.277.316;-466.195.441;P01001 - VISTORIA DE FISCALIZACAO (C) (Prioridade: 2 - Média);1CIA IND/2CIA/PEL PREV E VIST(PASSOS);TPO01115;Não;Não;Não;BOLETIM DE OCORRENCIA;Classificada;17/08/2021 05:49;Não
2021-17943808-2;(BM) 2021-039408357-001;16/08/2021 11:29;RUA RIO GRANDE DO SUL, Nº 634 - CENTRO - POCOS DE CALDAS;-217.836.777;-465.639.735;P01001 - VISTORIA DE FISCALIZACAO (C) (Prioridade: 2 - Média);1CIA IND (POCOS DE CALDAS);APF01375;Não;Não;Não;BOLETIM DE OCORRENCIA;Classificada;16/08/2021 21:45;Não
2021-17943824-9;(BM) 2021-039408570-001;16/08/2021 11:30;RUA IPIRANGA, Nº 127 - VILA RICA - PASSOS;-207.250.177;-465.968.221;P01001 - VISTORIA DE FISCALIZACAO (C) (Prioridade: 2 - Média);1CIA IND/2CIA/PEL PREV E VIST(PASSOS);TPO01115;Não;Não;Não;BOLETIM DE OCORRENCIA;Classificada;17/08/2021 05:49;Não
2021-17944027-6;(BM) 2021-039411350-001;16/08/2021 11:47;AVENIDA JUPITER, Nº 253 - PASSOS;;;P02003 - VISTORIA EM LOTE VAGO (C) (Prioridade: 2 - Média);1CIA IND/2CIA/1PEL(PASSOS);ASL00064;Não;Não;Não;BOLETIM DE OCORRENCIA;Classificada;17/08/2021 05:49;Não
2021-17944143-7;(BM) 2021-039412838-001;16/08/2021 11:56;AVENIDA JUPITER, Nº 94 - PASSOS;;;P02003 - VISTORIA EM LOTE VAGO (C) (Prioridade: 2 - Média);1CIA IND/2CIA/1PEL(PASSOS);ASL00064;Não;Não;Não;BOLETIM DE OCORRENCIA;Classificada;17/08/2021 05:49;Não
2021-17944343-6;(BM) 2021-039415424-001;16/08/2021 12:14;AVENIDA JUPITER, Nº 46 - PASSOS;;;P02003 - VISTORIA EM LOTE VAGO (C) (Prioridade: 2 - Média);1CIA IND/2CIA/1PEL(PASSOS);ASL00064;Não;Não;Não;BOLETIM DE OCORRENCIA;Classificada;17/08/2021 05:49;Não
2021-17944547-6;(BM) 2021-039419281-001;16/08/2021 12:39;AVENIDA PERIMETRAL, Nº S/N - PARQUE DA ESTACAO - PASSOS;-207.057.771;-466.097.547;P02003 - VISTORIA EM LOTE VAGO (C) (Prioridade: 2 - Média);1CIA IND/2CIA/1PEL(PASSOS);ASL00064;Não;Não;Não;BOLETIM DE OCORRENCIA;Classificada;17/08/2021 05:49;Não
2021-17945299-1;(BM) 2021-039429679-001;16/08/2021 13:41;ESTRADA PRINCIPAL USINA RIO GRANDE KM 02 - MATADOURO / FRIGON, Nº S/N - PASSOS;-206.839.409;-465.997.707;O04008 - INCENDIO EM AREA RURAL NAO PROTEGIDA (C) (Prioridade: 2 - Média);1CIA IND/2CIA/1PEL(PASSOS);ABTS0495 / ASL00064;Não;Não;Não;BOLETIM DE OCORRENCIA;Classificada;17/08/2021 05:50;Não
2021-17948927-9;(BM) 2021-039473051-001;16/08/2021 16:48;AVENIDA SILVIO MONTEIRO SANTOS, Nº 180 - VILA OLIMPICA - POCOS DE CALDAS;-217.759.702;-466.013.332;P01001 - VISTORIA DE FISCALIZACAO (C) (Prioridade: 2 - Média);1CIA IND (POCOS DE CALDAS);APF01375;Não;Não;Não;BOLETIM DE OCORRENCIA;Classificada;16/08/2021 21:46;Não
2021-17948929-4;(BM) 2021-039473205-001;16/08/2021 16:48;AVENIDA SILVIO MONTEIRO SANTOS, Nº 180 - VILA OLIMPICA - POCOS DE CALDAS;-217.759.702;-466.013.332;P01001 - VISTORIA DE FISCALIZACAO (C) (Prioridade: 2 - Média);1CIA IND (POCOS DE CALDAS);APF01375;Não;Não;Não;BOLETIM DE OCORRENCIA;Classificada;16/08/2021 21:46;Não
2021-17949522-2;(BM) 2021-039479832-001;16/08/2021 17:16;ESTRADA ESTRADA VICINAL FAZENDA BELA VISTA, Nº S/N - ITAU DE MINAS;-20.737.984;-46.743.012;O04013 - INCENDIO EM PASTO (C) (Prioridade: 2 - Média);1CIA IND/2CIA/1PEL(PASSOS);ABTS0495;Não;Não;Não;BOLETIM DE OCORRENCIA;Classificada;17/08/2021 05:50;Não
2021-17949897-5;(BM) 2021-039484588-001;16/08/2021 17:37;ESTRADA JULIEIRA, Nº S/N - NOVA CALIFORNIA - PASSOS;-207.018.793;-466.242.379;O04013 - INCENDIO EM PASTO (C) (Prioridade: 2 - Média);1CIA IND/2CIA/1PEL(PASSOS);BM1206671;Não;Não;Não;BOLETIM DE OCORRENCIA;Classificada;17/08/2021 05:50;Não
2021-17950111-5;(BM) 2021-039488153-001;16/08/2021 17:49;RUA DOUTOR JOAO BRAULIO, Nº 54 - CENTRO - PASSOS;-207.220.473;-466.078.474;O02027 - INCENDIO VEIC. AUTOMOTOR (EXCETO TANQUE/ONIBUS/MICRO-ONIBUS) (C) (Prioridade: 1 - Alta);1CIA IND/2CIA/1PEL(PASSOS);ASL00064;Não;Não;Não;BOLETIM DE OCORRENCIA;Classificada;17/08/2021 05:51;Não
2021-17951121-4;(BM) 2021-039497875-001;16/08/2021 18:45;RODOVIA MG 050, Km 341 - PASSOS;-207.185.689;-464.769.187;O04013 - INCENDIO EM PASTO (C) (Prioridade: 2 - Média);1CIA IND/2CIA/1PEL(PASSOS);ABTS0495 / ASL00064;Não;Não;Não;BOLETIM DE OCORRENCIA;Classificada;17/08/2021 05:50;Não
2021-17951277-3;(BM) 2021-039499727-001;16/08/2021 18:57;RUA OLAVO BILAC, Nº 269 - JARDIM SATELITE - PASSOS;-207.135.602;-466.223.259;O04012 - INCENDIO EM LOTE VAGO (AREA URBANA) (C) (Prioridade: 2 - Média);1CIA IND/2CIA/1PEL(PASSOS);BM1206671;Não;Não;Não;BOLETIM DE OCORRENCIA;Classificada;17/08/2021 05:50;Não
2021-17952456-8;(BM) 2021-039512912-001;16/08/2021 20:12;RUA OLAVO BILAC, Nº 269 - JARDIM SATELITE - PASSOS;-207.135.602;-466.223.259;O04012 - INCENDIO EM LOTE VAGO (AREA URBANA) (C) (Prioridade: 2 - Média);1CIA IND/2CIA/1PEL(PASSOS);ABTS0495;Não;Não;Não;BOLETIM DE OCORRENCIA;Classificada;17/08/2021 05:50;Não
2021-17954193-1;(BM) 2021-039537490-001;16/08/2021 22:22;AVENIDA AMAZONAS, Nº 723 - BELA VISTA - PASSOS;-207.129.448;-465.966.923;V01006 - VITIMA COM DIFICULDADE DE LOCOMOCAO (C) (Prioridade: 1 - Alta);1CIA IND/2CIA/1PEL(PASSOS);UR0565;Não;Não;Não;BOLETIM DE OCORRENCIA;Classificada;17/08/2021 05:51;Não
2021-17958636-2;(BM) 2021-039583131-001;17/08/2021 09:40;RUA DOUTOR CARVALHO, Nº 1455 - NOSSA SENHORA DAS GRAÇAS - PASSOS;-207.352.269;-466.037.303;Q03999 - OUTROS TIPOS DE TREINAMENTO (C) (Prioridade: 2 - Média);1CIA IND/2CIA/1PEL(PASSOS);BM1274612;Não;Não;Não;BOLETIM DE OCORRENCIA;Classificada;18/08/2021 08:02;Não
2021-17958882-9;(BM) 2021-039582572-001;17/08/2021 09:59;RUA LAJINHA, Nº 122 - COHAB 2 - PASSOS;-207.097.514;-466.301.182;P01001 - VISTORIA DE FISCALIZACAO (C) (Prioridade: 2 - Média);1CIA IND/2CIA/PEL PREV E VIST(PASSOS);TPO01115;Não;Não;Não;BOLETIM DE OCORRENCIA;Classificada;18/08/2021 08:02;Não
2021-17959003-1;(BM) 2021-039583705-001;17/08/2021 10:07;PRACA MELO VIANA, Nº 190 - CENTRO - CALDAS;-219.234.888;-463.863.362;P01002 - VISTORIA DE LIBERACAO / EMISSAO DE AVCB (C) (Prioridade: 2 - Média);1CIA IND (POCOS DE CALDAS);APF01375;Não;Não;Não;BOLETIM DE OCORRENCIA;Classificada;18/08/2021 05:09;Não
2021-17959288-3;(BM) 2021-039587640-001;17/08/2021 10:29;RUA COIMBRAS, Nº 495 - CALIFORNIA - PASSOS;-207.042.931;-466.142.422;P01001 - VISTORIA DE FISCALIZACAO (C) (Prioridade: 2 - Média);1CIA IND/2CIA/PEL PREV E VIST(PASSOS);TPO01115;Não;Não;Não;BOLETIM DE OCORRENCIA;Classificada;18/08/2021 08:02;Não
2021-17959335-1;(BM) 2021-039588357-001;17/08/2021 10:34;RUA MOGIANA, Nº 401 - POLIVALENTE - PASSOS;-207.090.308;-466.081.006;V03018 - VITIMA DE QUEDA DA PROPRIA ALTURA (C) (Prioridade: 1 - Alta);1CIA IND/2CIA/1PEL(PASSOS);UR0565;Não;Não;Não;BOLETIM DE OCORRENCIA;Classificada;18/08/2021 08:01;Não
2021-17959385-0;(BM) 2021-039589126-001;17/08/2021 10:39;AVENIDA ESTACAO, Nº 332 - PARQUE DA ESTACAO - PASSOS;-207.080.759;-466.112.171;O04013 - INCENDIO EM PASTO (C) (Prioridade: 2 - Média);1CIA IND/2CIA/1PEL(PASSOS);ABTS0495;Não;Não;Não;BOLETIM DE OCORRENCIA;Classificada;18/08/2021 08:01;Não
2021-17959454-0;(BM) 2021-039589981-001;17/08/2021 10:45;RUA BUENOS AIRES, Nº 870 - CALIFORNIA - PASSOS;-207.047.339;-466.199.805;P01001 - VISTORIA DE FISCALIZACAO (C) (Prioridade: 2 - Média);1CIA IND/2CIA/PEL PREV E VIST(PASSOS);TPO01115;Não;Não;Não;BOLETIM DE OCORRENCIA;Classificada;18/08/2021 08:01;Não
2021-17959603-9;(BM) 2021-039591980-001;17/08/2021 10:57;RUA JUAREZ MELO LEMOS, Nº 268 - JARDIM SATELITE - PASSOS;-207.126.288;-466.234.805;P01001 - VISTORIA DE FISCALIZACAO (C) (Prioridade: 2 - Média);1CIA IND/2CIA/PEL PREV E VIST(PASSOS);TPO01115;Não;Não;Não;BOLETIM DE OCORRENCIA;Classificada;18/08/2021 08:01;Não
2021-17960086-6;(BM) 2021-039606138-001;17/08/2021 11:35;PRACA MELO VIANA, Nº 221 - CENTRO - CALDAS;-219.239.598;-463.866.559;P01001 - VISTORIA DE FISCALIZACAO (C) (Prioridade: 2 - Média);1CIA IND (POCOS DE CALDAS);APF01375;Não;Não;Não;BOLETIM DE OCORRENCIA;Classificada;18/08/2021 05:08;Não
2021-17960186-0;(BM) 2021-039600247-001;17/08/2021 11:44;RUA ARIZONA, Nº S/N - RESIDENCIAL ELDORADO - PASSOS;-207.299.151;-466.235.746;V01017 - VITIMA DE INTOXICACAO / ENVENENAMENTO (C) (Prioridade: 1 - Alta);1CIA IND/2CIA/1PEL(PASSOS);UR0565;Não;Não;Não;BOLETIM DE OCORRENCIA;Classificada;18/08/2021 08:01;Não
2021-17962117-9;(BM) 2021-039623085-001;17/08/2021 14:23;PRACA GETULIO VARGAS, Nº 5 - POCOS DE CALDAS;;;P01002 - VISTORIA DE LIBERACAO / EMISSAO DE AVCB (C) (Prioridade: 2 - Média);1CIA IND (POCOS DE CALDAS);APF01375;Não;Não;Não;BOLETIM DE OCORRENCIA;Classificada;18/08/2021 05:08;Não
2021-17962265-6;(BM) 2021-039625582-001;17/08/2021 14:31;RUA DOUTOR CARVALHO, Nº 1455 - NOSSA SENHORA DAS GRAÇAS - PASSOS;-207.352.269;-466.037.303;Q03019 - TREINAMENTO DE MERGULHO AUTONOMO (C) (Prioridade: 2 - Média);1CIA IND/2CIA/1PEL(PASSOS);BM1644855;Não;Não;Não;BOLETIM DE OCORRENCIA;Classificada;18/08/2021 00:30;Não
2021-17963074-3;(BM) 2021-039645150-001;17/08/2021 15:12;RUA AMBROSIA DAS GRACAS CUNHA, Nº 60 - PENHA 2 - PASSOS;-207.192.255;-466.310.041;V01022 - VITIMA PARTURIENTE / EMERGENCIAS OBSTETRICAS (C) (Prioridade: 1 - Alta);1CIA IND/2CIA/1PEL(PASSOS);UR0565;Não;Não;Não;BOLETIM DE OCORRENCIA;Classificada;18/08/2021 08:01;Não
2021-17963957-5;(BM) 2021-039647028-001;17/08/2021 15:57;RUA PERU, Nº 160 - JARDIM QUISISANA - POCOS DE CALDAS;-217.968.962;-465.665.343;P01002 - VISTORIA DE LIBERACAO / EMISSAO DE AVCB (C) (Prioridade: 2 - Média);1CIA IND (POCOS DE CALDAS);APF01375;Não;Não;Não;BOLETIM DE OCORRENCIA;Classificada;18/08/2021 05:08;Não
2021-17964103-5;(BM) 2021-039648286-001;17/08/2021 16:03;RUA BIOTITA, Nº 192 - JARDIM KENNEDY 2 - POCOS DE CALDAS;-218.434.705;-465.800.415;P01001 - VISTORIA DE FISCALIZACAO (C) (Prioridade: 2 - Média);1CIA IND (POCOS DE CALDAS);APF01375;Não;Não;Não;BOLETIM DE OCORRENCIA;Classificada;18/08/2021 05:08;Não
2021-17964734-6;(BM) 2021-039657205-001;17/08/2021 16:37;AVENIDA UNIMED, Nº S/N - MIRANTE DO VALE - PASSOS;-207.234.112;-465.770.051;P02001 - VISTORIA EM HIDRANTE (C) (Prioridade: 2 - Média);1CIA IND/2CIA/1PEL(PASSOS);ABTS0495;Não;Não;Não;BOLETIM DE OCORRENCIA;Classificada;18/08/2021 08:01;Não
2021-17964836-6;(BM) 2021-039657863-001;17/08/2021 16:42;RUA CORONEL VIRGILIO SILVA, Nº 3834 - CHACARA ALVORADA - POCOS DE CALDAS;-217.949.479;-465.259.125;P01001 - VISTORIA DE FISCALIZACAO (C) (Prioridade: 2 - Média);1CIA IND (POCOS DE CALDAS);APF01375;Não;Não;Não;BOLETIM DE OCORRENCIA;Classificada;18/08/2021 05:08;Não
2021-17966193-9;(BM) 2021-039694034-001;17/08/2021 17:58;RUA DOUTOR CARVALHO, Nº 1455 - NOSSA SENHORA DAS GRAÇAS - PASSOS;-207.352.269;-466.037.303;V03012 - VITIMA COM OBJETO PRESO AO CORPO (C) (Prioridade: 1 - Alta);1CIA IND/2CIA/1PEL(PASSOS);BM1274612;Não;Não;Não;BOLETIM DE OCORRENCIA;Classificada;18/08/2021 08:01;Não
2021-17966208-4;(BM) 2021-039674230-001;17/08/2021 17:59;PRACA GETULIO VARGAS, Nº 6 - CENTRO - POCOS DE CALDAS;;;P01001 - VISTORIA DE FISCALIZACAO (C) (Prioridade: 2 - Média);1CIA IND (POCOS DE CALDAS);APF01375;Não;Não;Não;BOLETIM DE OCORRENCIA;Classificada;18/08/2021 05:08;Não
2021-17966246-3;(BM) 2021-039674481-001;17/08/2021 18:00;RUA CEARA, Nº 19 - CENTRO - POCOS DE CALDAS;-217.813.369;-465.688.927;P01001 - VISTORIA DE FISCALIZACAO (C) (Prioridade: 2 - Média);1CIA IND (POCOS DE CALDAS);APF01375;Não;Não;Não;BOLETIM DE OCORRENCIA;Classificada;18/08/2021 05:08;Não
2021-17966397-9;(BM) 2021-039679666-001;17/08/2021 18:09;RUA AMBAR, Nº S/N - ACLIMACAO - PASSOS;-207.554.708;-466.019.892;O04013 - INCENDIO EM PASTO (C) (Prioridade: 2 - Média);1CIA IND/2CIA/1PEL(PASSOS);ABTS0495;Não;Não;Não;BOLETIM DE OCORRENCIA;Classificada;18/08/2021 08:01;Não
2021-17966454-0;(BM) 2021-039679456-001;17/08/2021 18:11;TRAVESSA INCONFIDENTES, Nº 46 - CENTRO - PASSOS;-207.168.981;-466.119.278;P02011 - VISTORIA EM ENXAME DE INSETOS (C) (Prioridade: 2 - Média);1CIA IND/2CIA/1PEL(PASSOS);ASL00064;Não;Não;Não;BOLETIM DE OCORRENCIA;Classificada;18/08/2021 08:01;Não
2021-17966771-3;(BM) 2021-039685557-001;17/08/2021 18:30;RUA ZE MACHADO, Nº 96 - FLAMBOYANT - PASSOS;-20.755.618;-466.032.685;V01007 - VITIMA COM DISPNEIA (FALTA DE AR) (C) (Prioridade: 1 - Alta);1CIA IND/2CIA/1PEL(PASSOS);UR0565;Não;Não;Não;BOLETIM DE OCORRENCIA;Classificada;18/08/2021 08:01;Não
2021-17968624-0;(BM) 2021-039705744-001;17/08/2021 20:34;RUA JAIME GOMES, Nº 125 - CANDEIAS - PASSOS;-207.211.888;-466.166.483;V03019 - VITIMA DE QUEDA DE ALTURA (C) (Prioridade: 1 - Alta);1CIA IND/2CIA/1PEL(PASSOS);UR0565;Não;Não;Não;BOLETIM DE OCORRENCIA;Classificada;18/08/2021 08:01;Não
2021-17968710-0;(BM) 2021-039709310-001;17/08/2021 20:38;RUA OURO PRETO, Nº S/N - CENTRO - PASSOS;-207.228.962;-466.111.858;S07004 - VAZAMENTO DE PRODUTO QBRN (C) (Prioridade: 1 - Alta);1CIA IND/2CIA/1PEL(PASSOS);ASL00064;Não;Não;Não;BOLETIM DE OCORRENCIA;Classificada;18/08/2021 08:00;Não
2021-17969383-0;(BM) 2021-039721916-001;17/08/2021 21:27;RUA CEARA, Nº 361 - BELA VISTA - PASSOS;-207.143.857;-466.016.604;A03000 - AUTO EXTERMINIO (SUICIDIO) (C) (Prioridade: 1 - Alta);1CIA IND/2CIA/1PEL(PASSOS);UR0565;Não;Não;Não;BOLETIM DE OCORRENCIA;Classificada;18/08/2021 08:00;Não
2021-17972702-5;(BM) 2021-039746647-001;18/08/2021 06:18;RUA GUAPORE, Nº 794 - RECANTO DA HARMONIA - PASSOS;-207.076.315;-465.961.013;V01018 - VITIMA DE MAL NAO DEFINIDO (DISTURBIO) (C) (Prioridade: 1 - Alta);1CIA IND/2CIA/1PEL(PASSOS);UR0565;Não;Não;Não;BOLETIM DE OCORRENCIA;Classificada;18/08/2021 08:00;Não
2021-17973751-6;(BM) 2021-039755074-001;18/08/2021 08:29;RUA DOUTOR MARTINIANO BRANDAO, Nº 44 - APARECIDA - POCOS DE CALDAS;-217.883.621;-465.535.738;P01001 - VISTORIA DE FISCALIZACAO (C) (Prioridade: 2 - Média);1CIA IND (POCOS DE CALDAS);APF01375;Não;Não;Não;BOLETIM DE OCORRENCIA;Classificada;18/08/2021 10:13;Não
2021-17973839-5;(BM) 2021-039756523-001;18/08/2021 08:41;RUA SAO JOSE, Nº 383 - COUNTRY CLUB - POCOS DE CALDAS;-217.879.543;-465.915.699;Q02999 - OUTROS TIPOS DE PALESTRAS (C) (Prioridade: 2 - Média);1CIA IND (POCOS DE CALDAS);TPO01026;Não;Não;Não;BOLETIM DE OCORRENCIA;Classificada;18/08/2021 11:41;Não
2021-17973979-4;(BM) 2021-039763371-001;18/08/2021 08:54;RUA DELFIM MOREIRA, Nº 62 - CENTRO - CARMO DO RIO CLARO;-20.970.165;-461.214.645;P01001 - VISTORIA DE FISCALIZACAO (C) (Prioridade: 2 - Média);1CIA IND/2CIA/PEL PREV E VIST(PASSOS);APF01362;Não;Não;Não;BOLETIM DE OCORRENCIA;Classificada;18/08/2021 13:02;Não
2021-17974315-0;(BM) 2021-039765420-001;18/08/2021 09:22;RUA LEOPOLDINA, Nº S/N - CALIFORNIA - PASSOS;-207.023.442;-466.170.464;V01999 - OUTROS TIPOS DE APH CLINICO (C) (Prioridade: 1 - Alta);1CIA IND/2CIA/1PEL(PASSOS);UR0565;Não;Não;Não;BOLETIM DE OCORRENCIA;Classificada;18/08/2021 10:38;Não
2021-17974412-6;(BM) 2021-039762925-001;18/08/2021 09:29;RUA SENADOR SALGADO FILHO, Nº 125 - JARDIM NOVO MUNDO 1 - POCOS DE CALDAS;-217.868.098;-465.870.293;P01001 - VISTORIA DE FISCALIZACAO (C) (Prioridade: 2 - Média);1CIA IND (POCOS DE CALDAS);APF01375;Não;Não;Não;BOLETIM DE OCORRENCIA;Classificada;18/08/2021 11:41;Não
2021-17975302-3;(BM) 2021-039773505-001;18/08/2021 10:33;RUA GIRASSOL, Nº S/N - PASSOS;;;P02001 - VISTORIA EM HIDRANTE (C) (Prioridade: 2 - Média);1CIA IND/2CIA/1PEL(PASSOS);ABTS0495;Não;Não;Não;BOLETIM DE OCORRENCIA;Classificada;19/08/2021 07:38;Não
2021-17975788-7;(BM) 2021-039780250-001;18/08/2021 11:13;AVENIDA UNIMED, Nº S/N - MIRANTE DO VALE - PASSOS;-207.234.112;-465.770.051;P02001 - VISTORIA EM HIDRANTE (C) (Prioridade: 2 - Média);1CIA IND/2CIA/1PEL(PASSOS);ABTS0495;Não;Não;Não;BOLETIM DE OCORRENCIA;Classificada;19/08/2021 07:38;Não
2021-17976044-5;(BM) 2021-039783708-001;18/08/2021 11:32;RUA DENIS PROVENZANI DE ALMEIDA, Nº S/N - RESIDENCIAL VILLAGIO DI ITALIA - PASSOS;-207.324.276;-4.659.219;O04012 - INCENDIO EM LOTE VAGO (AREA URBANA) (C) (Prioridade: 2 - Média);1CIA IND/2CIA/1PEL(PASSOS);ABTS0495;Não;Não;Não;BOLETIM DE OCORRENCIA;Classificada;19/08/2021 07:38;Não
2021-17976144-0;(BM) 2021-039784940-001;18/08/2021 11:43;RUA NORIVAL SEVERIANO DA SILVA, Nº 670 - NOVA CALIFORNIA - PASSOS;-206.969.875;-466.233.476;V01010 - VITIMA COM DOR TORACICA/SUSPEITA DE INFARTO (IAM) (C) (Prioridade: 1 - Alta);1CIA IND/2CIA/1PEL(PASSOS);UR0565;Não;Não;Não;BOLETIM DE OCORRENCIA;Classificada;19/08/2021 07:39;Não
2021-17977126-3;(BM) 2021-039795611-001;18/08/2021 13:13;RUA MOGIANA, Nº S/N - PARQUE DA ESTACAO - PASSOS;-207.075.521;-466.105.246;O04012 - INCENDIO EM LOTE VAGO (AREA URBANA) (C) (Prioridade: 2 - Média);1CIA IND/2CIA/1PEL(PASSOS);ABTS0495;Não;Não;Não;BOLETIM DE OCORRENCIA;Classificada;19/08/2021 07:39;Não
2021-17978013-2;(BM) 2021-039807477-001;18/08/2021 14:19;RUA LARGO SAO JOSE, Nº 7 - CALIFORNIA - PASSOS;-207.065.725;-466.137.756;P01002 - VISTORIA DE LIBERACAO / EMISSAO DE AVCB (C) (Prioridade: 2 - Média);1CIA IND/2CIA/PEL PREV E VIST(PASSOS);TPO01115;Não;Não;Não;BOLETIM DE OCORRENCIA;Classificada;19/08/2021 07:39;Não
2021-17978669-4;(BM) 2021-039829270-001;18/08/2021 14:53;AVENIDA JUCA STOCKLER, Nº 3170 - ACLIMACAO - PASSOS;-207.524.304;-465.982.917;P01001 - VISTORIA DE FISCALIZACAO (C) (Prioridade: 2 - Média);1CIA IND/2CIA/PEL PREV E VIST(PASSOS);TPO01115;Não;Não;Não;BOLETIM DE OCORRENCIA;Classificada;19/08/2021 07:39;Não
2021-17979360-1;(BM) 2021-039829752-001;18/08/2021 15:29;AVENIDA JUCA STOCKLER, Nº 3367 - ACLIMACAO - PASSOS;-207.543.481;-465.980.801;P01001 - VISTORIA DE FISCALIZACAO (C) (Prioridade: 2 - Média);1CIA IND/2CIA/PEL PREV E VIST(PASSOS);TPO01115;Não;Não;Não;BOLETIM DE OCORRENCIA;Classificada;19/08/2021 07:39;Não
2021-17979734-0;(BM) 2021-039829815-001;18/08/2021 15:51;RUA SANTOS DUMONT, Nº 285 - BELO HORIZONTE - PASSOS;-207.279.512;-466.077.574;P01001 - VISTORIA DE FISCALIZACAO (C) (Prioridade: 2 - Média);1CIA IND/2CIA/PEL PREV E VIST(PASSOS);TPO01115;Não;Não;Não;BOLETIM DE OCORRENCIA;Classificada;19/08/2021 07:39;Não
2021-17979880-1;(BM) 2021-039830941-001;18/08/2021 15:58;RUA ELZO CALIXTO MATTAR, Nº 736 - MUARAMA 2 - PASSOS;-207.332.205;-466.108.588;P01001 - VISTORIA DE FISCALIZACAO (C) (Prioridade: 2 - Média);1CIA IND/2CIA/PEL PREV E VIST(PASSOS);TPO01115;Não;Não;Não;BOLETIM DE OCORRENCIA;Classificada;19/08/2021 07:39;Não
2021-17980132-4;(BM) 2021-039833434-001;18/08/2021 16:12;RUA LIMONITA, Nº 395 - JARDIM KENNEDY 1 - POCOS DE CALDAS;-218.494.865;-465.755.957;P01001 - VISTORIA DE FISCALIZACAO (C) (Prioridade: 2 - Média);1CIA IND (POCOS DE CALDAS);APF01375;Não;Não;Não;BOLETIM DE OCORRENCIA;Classificada;18/08/2021 20:55;Não
2021-17980139-3;(BM) 2021-039833748-001;18/08/2021 16:13;RUA CALDASITA, Nº 444 - JARDIM KENNEDY 1 - POCOS DE CALDAS;;;P01001 - VISTORIA DE FISCALIZACAO (C) (Prioridade: 2 - Média);1CIA IND (POCOS DE CALDAS);APF01375;Não;Não;Não;BOLETIM DE OCORRENCIA;Classificada;18/08/2021 20:55;Não
2021-17980178-5;(BM) 2021-039834050-001;18/08/2021 16:15;AVENIDA AEROPORTO, Nº 497 - JARDIM KENNEDY 1 - POCOS DE CALDAS;;;P01001 - VISTORIA DE FISCALIZACAO (C) (Prioridade: 2 - Média);1CIA IND (POCOS DE CALDAS);APF01375;Não;Não;Não;BOLETIM DE OCORRENCIA;Classificada;18/08/2021 20:55;Não
2021-17981563-1;(BM) 2021-039859956-001;18/08/2021 17:33;RUA DOUTOR CARVALHO, Nº 1455 - NOSSA SENHORA DAS GRAÇAS - PASSOS;-207.352.269;-466.037.303;Q03999 - OUTROS TIPOS DE TREINAMENTO (C) (Prioridade: 2 - Média);1CIA IND/2CIA/1PEL(PASSOS);ASL00064;Não;Não;Não;BOLETIM DE OCORRENCIA;Classificada;19/08/2021 07:39;Não
2021-17981632-2;(BM) 2021-039852259-001;18/08/2021 17:36;RUA JOAO FELICIANO DA SILVEIRA, Nº 279 - PENHA 2 - PASSOS;-207.155.144;-466.307.082;V01011 - VITIMA COM DOR RENAL (COLICA) (C) (Prioridade: 1 - Alta);1CIA IND/2CIA/1PEL(PASSOS);UR0565;Não;Não;Não;BOLETIM DE OCORRENCIA;Classificada;19/08/2021 07:39;Não
2021-17984660-4;(BM) 2021-039884332-001;18/08/2021 20:39;PONTE PONTE, Nº S/N - CENTRO - SAO JOAO BATISTA GLORIA;-206.409.991;-465.031.234;S03015 - SALVAMENTO DE SUICIDA (C) (Prioridade: 1 - Alta);1CIA IND/2CIA/1PEL(PASSOS);UR0565 / ASL00064;Não;Não;Não;BOLETIM DE OCORRENCIA;Classificada;19/08/2021 07:39;Não
2021-17984885-4;(BM) 2021-039891635-001;18/08/2021 20:58;RODOVIA MG 050, Km 356 - PASSOS;-207.375.695;-466.226.396;O04008 - INCENDIO EM AREA RURAL NAO PROTEGIDA (C) (Prioridade: 2 - Média);1CIA IND/2CIA/1PEL(PASSOS);ABTS0495 / ASL00064;Não;Não;Não;BOLETIM DE OCORRENCIA;Classificada;19/08/2021 07:39;Não
2021-17989368-0;(BM) 2021-040059001-001;19/08/2021 07:31;AVENIDA QUEROBINO MOURAO FILHO, Nº 889 - BELA VISTA - PIUMHI;-204.622.914;-459.456.346;X03000 - EMPENHO ADMINISTRATIVO (C) (Prioridade: 2 - Média);1CIA IND (POCOS DE CALDAS);TPO01026;Não;Não;Não;BOLETIM DE OCORRENCIA;Classificada;20/08/2021 06:46;Não
2021-17989505-9;(BM) 2021-039941201-001;19/08/2021 07:46;RODOVIA 267 KM 532, Nº S/N - POCOS DE CALDAS;-21.843.185;-46.678.447;X03000 - EMPENHO ADMINISTRATIVO (C) (Prioridade: 2 - Média);1CIA IND (POCOS DE CALDAS);TPO01399;Não;Não;Não;BOLETIM DE OCORRENCIA;Classificada;20/08/2021 06:23;Não
2021-17989788-5;(BM) 2021-039941948-001;19/08/2021 08:15;RUA DOUTOR CARVALHO, Nº 1455 - NOSSA SENHORA DAS GRAÇAS - PASSOS;-207.352.269;-466.037.303;Q03999 - OUTROS TIPOS DE TREINAMENTO (C) (Prioridade: 2 - Média);1CIA IND/2CIA/1PEL(PASSOS);ASL00064;Não;Não;Não;BOLETIM DE OCORRENCIA;Classificada;19/08/2021 09:59;Não
2021-17989883-6;(BM) 2021-039937664-001;19/08/2021 08:22;RUA BONSUCESSO, Nº 192 - PENHA - PASSOS;-20.718.263;-466.127.791;P01001 - VISTORIA DE FISCALIZACAO (C) (Prioridade: 2 - Média);1CIA IND/2CIA/PEL PREV E VIST(PASSOS);APF01362;Não;Não;Não;BOLETIM DE OCORRENCIA;Classificada;19/08/2021 10:04;Não
2021-17990077-4;(BM) 2021-039939607-001;19/08/2021 08:39;RUA DIVA STOCKLER PORTUGUAL, Nº 185 - PASSOS;-207.270.673;-465.844.788;P01001 - VISTORIA DE FISCALIZACAO (C) (Prioridade: 2 - Média);1CIA IND/2CIA/PEL PREV E VIST(PASSOS);APF01362;Não;Não;Não;BOLETIM DE OCORRENCIA;Classificada;19/08/2021 10:04;Não
2021-17990299-6;(BM) 2021-039942338-001;19/08/2021 08:58;AVENIDA OLIVEIRA REZENDE, Nº 1300 - VILA OPERARIA - SAO SEBASTIAO PARAISO;-209.096.216;-469.957.754;X03000 - EMPENHO ADMINISTRATIVO (C) (Prioridade: 2 - Média);1CIA IND/2CIA/1PEL(PASSOS);ASL00064;Não;Não;Não;BOLETIM DE OCORRENCIA;Classificada;19/08/2021 11:05;Não
2021-17990565-8;(BM) 2021-039953773-001;19/08/2021 09:17;TRAVESSA ETIOPIA, Nº 29 - CENTRO - PASSOS;-207.208.656;-466.047.032;V01018 - VITIMA DE MAL NAO DEFINIDO (DISTURBIO) (C) (Prioridade: 1 - Alta);1CIA IND/2CIA/1PEL(PASSOS);UR0565;Não;Não;Não;BOLETIM DE OCORRENCIA;Classificada;19/08/2021 10:14;Não
2021-17990984-0;(BM) 2021-039950033-001;19/08/2021 09:48;RUA OTAVIO RODRIGUES VASCONCELOS, Nº 559 - SAO JOAO - PASSOS;-207.361.517;-466.105.858;P01002 - VISTORIA DE LIBERACAO / EMISSAO DE AVCB (C) (Prioridade: 2 - Média);1CIA IND/2CIA/PEL PREV E VIST(PASSOS);APF01362;Não;Não;Não;BOLETIM DE OCORRENCIA;Classificada;19/08/2021 10:13;Não
2021-17990978-8;(BM) 2021-039949630-001;19/08/2021 09:48;RUA PERNAMBUCO, Nº 859 - CENTRO - POCOS DE CALDAS;-21.784.151;-465.646.408;P01001 - VISTORIA DE FISCALIZACAO (C) (Prioridade: 2 - Média);1CIA IND (POCOS DE CALDAS);APF01375;Não;Não;Não;BOLETIM DE OCORRENCIA;Classificada;20/08/2021 06:27;Não
2021-17991273-8;(BM) 2021-039955080-001;19/08/2021 10:11;RUA SANTA CASA, Nº 215 - PASSOS;-207.184.427;-466.174.997;P01002 - VISTORIA DE LIBERACAO / EMISSAO DE AVCB (C) (Prioridade: 2 - Média);1CIA IND/2CIA/PEL PREV E VIST(PASSOS);APF01362;Não;Não;Não;BOLETIM DE OCORRENCIA;Classificada;19/08/2021 10:36;Não
2021-17991473-7;(BM) 2021-039955785-001;19/08/2021 10:24;RUA DOUTOR FRANCISCO FARIA LOBATO, Nº 29 - NOSSA SENHORA DA SAUDE - POCOS DE CALDAS;-217.869.867;-465.703.106;P01001 - VISTORIA DE FISCALIZACAO (C) (Prioridade: 2 - Média);1CIA IND (POCOS DE CALDAS);APF01375;Não;Não;Não;BOLETIM DE OCORRENCIA;Classificada;20/08/2021 06:27;Não
2021-17991571-6;(BM) 2021-039956933-001;19/08/2021 10:31;AVENIDA JOSE REMIGIO PREZIA, Nº 683 - SANTANA - POCOS DE CALDAS;-21.784.786;-46.549.001;P01001 - VISTORIA DE FISCALIZACAO (C) (Prioridade: 2 - Média);1CIA IND (POCOS DE CALDAS);APF01375;Não;Não;Não;BOLETIM DE OCORRENCIA;Classificada;20/08/2021 06:28;Não
2021-17992844-2;(BM) 2021-039973160-001;19/08/2021 12:19;RUA DOUTOR CARVALHO, Nº 1455 - NOSSA SENHORA DAS GRAÇAS - PASSOS;-207.352.269;-466.037.303;Q03999 - OUTROS TIPOS DE TREINAMENTO (C) (Prioridade: 2 - Média);1CIA IND/2CIA/1PEL(PASSOS);BM1317692;Não;Não;Não;BOLETIM DE OCORRENCIA;Classificada;19/08/2021 13:22;Não
2021-17993674-0;(BM) 2021-039982750-001;19/08/2021 13:40;AVENIDA ARLINDO FIGUEIREDO, Nº S/N - JARDIM PINHEIROS 2 - PASSOS;-207.262.479;-466.225.308;X03000 - EMPENHO ADMINISTRATIVO (C) (Prioridade: 2 - Média);1CIA IND/2CIA/PEL PREV E VIST(PASSOS);TPO01115;Não;Não;Não;BOLETIM DE OCORRENCIA;Classificada;21/08/2021 09:46;Não
2021-17993686-9;(BM) 2021-039982264-001;19/08/2021 13:43;RUA CAROLINA BERNARDO FLORA, Nº 11 - POCOS DE CALDAS;;;P01002 - VISTORIA DE LIBERACAO / EMISSAO DE AVCB (C) (Prioridade: 2 - Média);1CIA IND (POCOS DE CALDAS);APF01375;Não;Não;Não;BOLETIM DE OCORRENCIA;Classificada;20/08/2021 06:27;Não
2021-17994831-1;(BM) 2021-040031361-001;19/08/2021 14:44;RODOVIA MG 050, Nº S/N - MONSENHOR MESSIAS - PASSOS;-207.391.965;-465.994.767;O04014 - INCENDIO AS MARGENS DE RODOVIA (C) (Prioridade: 2 - Média);1CIA IND/2CIA/1PEL(PASSOS);ASL00064;Não;Não;Não;BOLETIM DE OCORRENCIA;Classificada;21/08/2021 09:46;Não
2021-17995094-0;(BM) 2021-039998856-001;19/08/2021 14:59;AVENIDA MONSENHOR ALDERIGE, Nº 53 - JARDIM COUNTRY CLUB 1 - POCOS DE CALDAS;;;P01001 - VISTORIA DE FISCALIZACAO (C) (Prioridade: 2 - Média);1CIA IND (POCOS DE CALDAS);APF01375;Não;Não;Não;BOLETIM DE OCORRENCIA;Classificada;20/08/2021 06:28;Não
2021-17995125-2;(BM) 2021-039999101-001;19/08/2021 15:00;AVENIDA MONSENHOR ALDERIGE, Nº 462 - JARDIM COUNTRY CLUB 2 - POCOS DE CALDAS;-217.906.682;-466.008.339;P01001 - VISTORIA DE FISCALIZACAO (C) (Prioridade: 2 - Média);1CIA IND (POCOS DE CALDAS);APF01375;Não;Não;Não;BOLETIM DE OCORRENCIA;Classificada;20/08/2021 06:28;Não
2021-17995140-6;(BM) 2021-039999497-001;19/08/2021 15:01;RUA RIO GRANDE DO NORTE, Nº 418 - CENTRO - POCOS DE CALDAS;-217.924.023;-465.650.921;P01001 - VISTORIA DE FISCALIZACAO (C) (Prioridade: 2 - Média);1CIA IND (POCOS DE CALDAS);APF01375;Não;Não;Não;BOLETIM DE OCORRENCIA;Classificada;20/08/2021 06:28;Não
2021-17995208-8;(BM) 2021-040000709-001;19/08/2021 15:06;RUA JURANDIR LEANDRO VIEIRA, Nº 730 - RESIDENCIAL VILLAGIO DI ITALIA - PASSOS;-207.307.252;-465.850.801;P01001 - VISTORIA DE FISCALIZACAO (C) (Prioridade: 2 - Média);1CIA IND/2CIA/PEL PREV E VIST(PASSOS);TPO01115;Não;Não;Não;BOLETIM DE OCORRENCIA;Classificada;19/08/2021 15:24;Não
2021-17995575-9;(BM) 2021-040004293-001;19/08/2021 15:24;RUA MARECHAL DEODORO, Nº 55 - CENTRO - POCOS DE CALDAS;-217.856.243;-465.635.554;P01001 - VISTORIA DE FISCALIZACAO (C) (Prioridade: 2 - Média);1CIA IND (POCOS DE CALDAS);APF01375;Não;Não;Não;BOLETIM DE OCORRENCIA;Classificada;20/08/2021 03:55;Não
2021-17995585-2;(BM) 2021-040004882-001;19/08/2021 15:25;RUA SENZALA, Nº 483 - CASARAO - PASSOS;-207.194.668;-465.868.223;P01001 - VISTORIA DE FISCALIZACAO (C) (Prioridade: 2 - Média);1CIA IND/2CIA/PEL PREV E VIST(PASSOS);TPO01115;Não;Não;Não;BOLETIM DE OCORRENCIA;Classificada;19/08/2021 15:38;Não
2021-17995874-0;(BM) 2021-040008339-001;19/08/2021 15:40;RUA DOS MEDICOS, Nº 135 - BELO HORIZONTE - PASSOS;-207.302.356;-466.067.997;P01001 - VISTORIA DE FISCALIZACAO (C) (Prioridade: 2 - Média);1CIA IND/2CIA/PEL PREV E VIST(PASSOS);TPO01115;Não;Não;Não;BOLETIM DE OCORRENCIA;Classificada;19/08/2021 15:48;Não
2021-17996092-0;(BM) 2021-040011057-001;19/08/2021 15:52;RUA CANOAS, Nº 329 - NOVO HORIZONTE - PASSOS;-207.333.868;-46.601.889;P01001 - VISTORIA DE FISCALIZACAO (C) (Prioridade: 2 - Média);1CIA IND/2CIA/PEL PREV E VIST(PASSOS);TPO01115;Não;Não;Não;BOLETIM DE OCORRENCIA;Classificada;19/08/2021 16:02;Não
2021-17997562-8;(BM) 2021-040029319-001;19/08/2021 17:11;RUA PEDRO VICENTE LUCIO, Nº 145 - JARDIM AMARYLLIS - POCOS DE CALDAS;-218.030.751;-465.411.008;P01001 - VISTORIA DE FISCALIZACAO (C) (Prioridade: 2 - Média);1CIA IND (POCOS DE CALDAS);APF01375;Não;Não;Não;BOLETIM DE OCORRENCIA;Classificada;20/08/2021 06:29;Não
2021-17997738-2;(BM) 2021-040035686-001;19/08/2021 17:23;RODOVIA PASSOS / GLORIA, Nº S/N - PASSOS;-20.700.737;-46.586.887;O04008 - INCENDIO EM AREA RURAL NAO PROTEGIDA (C) (Prioridade: 2 - Média);1CIA IND/2CIA/1PEL(PASSOS);ASL00064;Não;Não;Não;BOLETIM DE OCORRENCIA;Classificada;21/08/2021 09:45;Não
2021-17998012-2;(BM) 2021-040035723-001;19/08/2021 17:35;AVENIDA SAUDADE, Nº S/N - SAO BENEDITO - PASSOS;-207.235.064;-466.024.728;V02408 - VITIMA DE COLISAO ENTRE AUTOMOVEL X MOTOCICLETA (C) (Prioridade: 1 - Alta);1CIA IND/2CIA/1PEL(PASSOS);UR0565;Não;Não;Não;BOLETIM DE OCORRENCIA;Classificada;21/08/2021 09:43;Não
2021-18002274-1;(BM) 2021-040080797-001;19/08/2021 22:06;RUA CONTORNO, Nº 416 - SAO BENEDITO - PASSOS;-20.718.281;-466.023.391;V03018 - VITIMA DE QUEDA DA PROPRIA ALTURA (C) (Prioridade: 1 - Alta);1CIA IND/2CIA/1PEL(PASSOS);UR0565;Não;Não;Não;BOLETIM DE OCORRENCIA;Classificada;21/08/2021 09:43;Não
2021-18006174-9;;20/08/2021 08:08;RUA DOUTOR CARVALHO, Nº 1455 - NOSSA SENHORA DAS GRAÇAS - PASSOS;-207.352.269;-466.037.303;Q03001 - TREINAMENTO DE COMBATE A INCENDIO (C) (Prioridade: 2 - Média);1CIA IND/2CIA/1PEL(PASSOS);BM1178490;Não;Não;Não;ATENPO-ATENDIDA POR OUTROS ÓRGÃOS;Classificada;21/08/2021 09:45;Não
2021-18006472-7;(BM) 2021-040123424-001;20/08/2021 08:32;RUA NEBRASKA, Nº 271 - RESIDENCIAL ELDORADO - PASSOS;-207.314.487;-466.224.863;P01001 - VISTORIA DE FISCALIZACAO (C) (Prioridade: 2 - Média);1CIA IND/2CIA/PEL PREV E VIST(PASSOS);APF01362;Não;Não;Não;BOLETIM DE OCORRENCIA;Classificada;21/08/2021 09:45;Não
2021-18006556-5;;20/08/2021 08:40;RUA OURO PRETO, Nº 727 - BELO HORIZONTE - PASSOS;-207.285.724;-466.090.645;W08000 - CANCELADA POR INDISPONIBILIDADE DE VIATURA (C) (Prioridade: 3 - Baixa);1CIA IND/2CIA/1PEL(PASSOS);BM1256320;Não;Não;Não;ATENPO-ATENDIDA POR OUTROS ÓRGÃOS;Classificada;21/08/2021 09:47;Não
2021-18006764-2;(BM) 2021-040127660-001;20/08/2021 09:01;RODOVIA PASSOS / GLORIA, Nº S/N - PASSOS;-20.700.737;-46.586.887;S05202 - CAPOTAMENTO DE CAMINHAO / CARRETA (C) (Prioridade: 1 - Alta);1CIA IND/2CIA/1PEL(PASSOS);ABTS0495;Não;Não;Não;BOLETIM DE OCORRENCIA;Classificada;21/08/2021 09:43;Não
2021-18006914-3;(BM) 2021-040128784-001;20/08/2021 09:12;RUA ACEROLAS, Nº 62 - NOSSA SENHORA DE LOURDES - PASSOS;-206.992.807;-4.661.839;P01001 - VISTORIA DE FISCALIZACAO (C) (Prioridade: 2 - Média);1CIA IND/2CIA/PEL PREV E VIST(PASSOS);TPO01115;Não;Não;Não;BOLETIM DE OCORRENCIA;Classificada;21/08/2021 09:45;Não
2021-18007100-8;(BM) 2021-040130599-001;20/08/2021 09:25;RUA WANDEIR R REZENDE, Nº 256 - PARQUE DAS AROEIRAS - PASSOS;-207.211.117;-466.291.322;P01001 - VISTORIA DE FISCALIZACAO (C) (Prioridade: 2 - Média);1CIA IND/2CIA/PEL PREV E VIST(PASSOS);TPO01115;Não;Não;Não;BOLETIM DE OCORRENCIA;Classificada;21/08/2021 09:45;Não
2021-18007392-5;(BM) 2021-040134411-001;20/08/2021 09:49;RUA ESTRELA DALVA, Nº 258 - JARDIM SATELITE - PASSOS;-207.136.268;-466.200.339;P01001 - VISTORIA DE FISCALIZACAO (C) (Prioridade: 2 - Média);1CIA IND/2CIA/PEL PREV E VIST(PASSOS);TPO01115;Não;Não;Não;BOLETIM DE OCORRENCIA;Classificada;21/08/2021 09:45;Não
2021-18007950-2;(BM) 2021-040141495-001;20/08/2021 10:31;RUA GUAPE, Nº 1020 - RESIDENCIAL PORTAL DAS PALMEIRAS - PASSOS;-20.697.664;-466.105.953;S06001 - SALVAMENTO DE ANIMAL EM RISCO / PERIGO (C) (Prioridade: 2 - Média);1CIA IND/2CIA/1PEL(PASSOS);ASL00064;Não;Não;Não;BOLETIM DE OCORRENCIA;Classificada;21/08/2021 09:44;Não
2021-18009602-7;(BM) 2021-040160896-001;20/08/2021 13:06;RUA PROJETADA, Nº S/N - CAMPO DAS ANTAS - POCOS DE CALDAS;;;X03000 - EMPENHO ADMINISTRATIVO (C) (Prioridade: 2 - Média);1CIA IND (POCOS DE CALDAS);TPO01026;Não;Não;Não;BOLETIM DE OCORRENCIA;Classificada;20/08/2021 18:44;Não
2021-18010833-7;(BM) 2021-040174138-001;20/08/2021 14:31;RODOVIA MG 455, Km 4, Nº S/N - CONTENDAS - ANDRADAS;;;P01002 - VISTORIA DE LIBERACAO / EMISSAO DE AVCB (C) (Prioridade: 2 - Média);1CIA IND (POCOS DE CALDAS);APF01375;Não;Não;Não;BOLETIM DE OCORRENCIA;Classificada;20/08/2021 18:56;Não
2021-18011299-3;(BM) 2021-040179732-001;20/08/2021 14:54;AVENIDA ANTONIO DIAS MACHADO, Nº S/N - DISTRITO INDUSTRIAL 2 - PASSOS;-207.355.142;-466.491.653;P02001 - VISTORIA EM HIDRANTE (C) (Prioridade: 2 - Média);1CIA IND/2CIA/1PEL(PASSOS);ABTS0495;Não;Não;Não;BOLETIM DE OCORRENCIA;Classificada;21/08/2021 09:44;Não
2021-18011394-4;(BM) 2021-040180780-001;20/08/2021 14:58;AVENIDA ARLINDO FIGUEIREDO, Nº S/N - JARDIM PINHEIROS 2 - PASSOS;-207.262.479;-466.225.308;S06002 - CAPTURA DE ANIMAL SILVESTRE PERIGOSO / AGRESSIVO (C) (Prioridade: 2 - Média);1CIA IND/2CIA/1PEL(PASSOS);ASL00064;Não;Não;Não;BOLETIM DE OCORRENCIA;Classificada;21/08/2021 09:44;Não
2021-18011639-0;(BM) 2021-040183637-001;20/08/2021 15:09;RUA CENTAUREAS, Nº S/N - MIRANTE DO VALE - PASSOS;-207.215.211;-465.754.861;S03015 - SALVAMENTO DE SUICIDA (C) (Prioridade: 1 - Alta);1CIA IND/2CIA/1PEL(PASSOS);ASL00064;Não;Não;Não;BOLETIM DE OCORRENCIA;Classificada;21/08/2021 09:43;Não
2021-18012295-8;(BM) 2021-040191148-001;20/08/2021 15:48;AVENIDA JOSE CAETANO DE ANDRADE, Nº S/N - MUARAMA - PASSOS;-207.301.976;-466.154.665;P02001 - VISTORIA EM HIDRANTE (C) (Prioridade: 2 - Média);1CIA IND/2CIA/1PEL(PASSOS);ABTS0495;Não;Não;Não;BOLETIM DE OCORRENCIA;Classificada;21/08/2021 09:44;Não
2021-18012374-2;(BM) 2021-040191869-001;20/08/2021 15:51;AVENIDA PROFESSORA MARIA VALERIA LEMOS BORSARI, Nº S/N - NOVA PASSOS II - PASSOS;-206.991.285;-466.304.102;P02001 - VISTORIA EM HIDRANTE (C) (Prioridade: 2 - Média);1CIA IND/2CIA/1PEL(PASSOS);ABTS0495;Não;Não;Não;BOLETIM DE OCORRENCIA;Classificada;21/08/2021 09:43;Não
2021-18013533-0;(BM) 2021-040213319-001;20/08/2021 16:57;RUA CENTAUREAS, Nº S/N - MIRANTE DO VALE - PASSOS;-207.215.211;-465.754.861;P02003 - VISTORIA EM LOTE VAGO (C) (Prioridade: 2 - Média);1CIA IND/2CIA/1PEL(PASSOS);ASL00064;Não;Não;Não;BOLETIM DE OCORRENCIA;Classificada;21/08/2021 09:43;Não
2021-18013818-0;(BM) 2021-040213256-001;20/08/2021 17:15;RUA CENTAUREAS, Nº S/N - MIRANTE DO VALE - PASSOS;-207.215.211;-465.754.861;P02003 - VISTORIA EM LOTE VAGO (C) (Prioridade: 2 - Média);1CIA IND/2CIA/1PEL(PASSOS);ASL00064;Não;Não;Não;BOLETIM DE OCORRENCIA;Classificada;21/08/2021 09:43;Não
2021-18014213-4;(BM) 2021-040212944-001;20/08/2021 17:35;RUA CAMPANULAS, Nº 150 - PASSOS;;;P02003 - VISTORIA EM LOTE VAGO (C) (Prioridade: 2 - Média);1CIA IND/2CIA/1PEL(PASSOS);ASL00064;Não;Não;Não;BOLETIM DE OCORRENCIA;Classificada;21/08/2021 09:43;Não
2021-18015912-9;(BM) 2021-040230526-001;20/08/2021 19:16;RUA JAPAO, Nº 180 - NOVO MUNDO 2 - PASSOS;-207.271.898;-465.897.837;S03015 - SALVAMENTO DE SUICIDA (C) (Prioridade: 1 - Alta);1CIA IND/2CIA/1PEL(PASSOS);ASL00064;Não;Não;Não;BOLETIM DE OCORRENCIA;Classificada;21/08/2021 09:42;Não
2021-18021388-8;(BM) 2021-040279676-001;21/08/2021 01:09;RUA PARA, Nº 1360 - BELA VISTA - PASSOS;-207.152.947;-465.986.622;V02502 - VITIMA DE QUEDA (MOTOCICLISTA) (C) (Prioridade: 1 - Alta);1CIA IND/2CIA/1PEL(PASSOS);UR0565;Não;Não;Não;BOLETIM DE OCORRENCIA;Classificada;21/08/2021 09:42;Não
2021-18024778-9;(BM) 2021-040453000-001;21/08/2021 09:47;AVENIDA MONTESE, Nº S/N - VILA RICA - PASSOS;-207.270.984;-465.958.404;P02003 - VISTORIA EM LOTE VAGO (C) (Prioridade: 2 - Média);1CIA IND/2CIA/1PEL(PASSOS);ASL00064;Não;Não;Não;BOLETIM DE OCORRENCIA;Classificada;23/08/2021 00:06;Não
2021-18025933-5;(BM) 2021-040320884-001;21/08/2021 11:42;RUA TAPAJOS, Nº S/N - NOSSA SENHORA APARECIDA - PASSOS;-207.421.262;-466.071.444;V01003 - VITIMA COM CRISE CONVULSIVA (C) (Prioridade: 1 - Alta);1CIA IND/2CIA/1PEL(PASSOS);UR0565;Não;Não;Não;BOLETIM DE OCORRENCIA;Classificada;23/08/2021 00:07;Não
2021-18027517-1;(BM) 2021-040337342-001;21/08/2021 14:22;RUA RIO DOCE, Nº 467 - SANTA LUZIA - PASSOS;-207.075.863;-466.018.277;V01010 - VITIMA COM DOR TORACICA/SUSPEITA DE INFARTO (IAM) (C) (Prioridade: 1 - Alta);1CIA IND/2CIA/1PEL(PASSOS);UR0565;Não;Não;Não;BOLETIM DE OCORRENCIA;Classificada;23/08/2021 00:07;Não
2021-18029392-9;(BM) 2021-040452453-001;21/08/2021 16:13;RUA DOUTOR CARVALHO, Nº 1455 - NOSSA SENHORA DAS GRAÇAS - PASSOS;-207.352.269;-466.037.303;Q03999 - OUTROS TIPOS DE TREINAMENTO (C) (Prioridade: 2 - Média);1CIA IND/2CIA/1PEL(PASSOS);ASL00064;Não;Não;Não;BOLETIM DE OCORRENCIA;Classificada;23/08/2021 00:06;Não
2021-18030988-6;(BM) 2021-040370132-001;21/08/2021 17:50;RUA DOUTOR CARVALHO, Nº 1455 - NOSSA SENHORA DAS GRAÇAS - PASSOS;-207.352.269;-466.037.303;Q03005 - TREINAMENTO DE SALVAMENTO TERRESTRE (C) (Prioridade: 2 - Média);1CIA IND/2CIA/1PEL(PASSOS);BM1644855;Não;Não;Não;BOLETIM DE OCORRENCIA;Classificada;23/08/2021 00:06;Não
2021-18031082-4;(BM) 2021-040453705-001;21/08/2021 17:54;ESTRADA PECUARIA X MG 050, Nº S/N - PASSOS;-207.361.683;-466.190.611;O04007 - INCENDIO EM PROPRIEDADE RURAL PARTICULAR (C) (Prioridade: 2 - Média);1CIA IND/2CIA/1PEL(PASSOS);ABTS0495;Não;Não;Não;BOLETIM DE OCORRENCIA;Classificada;23/08/2021 00:06;Não
2021-18033009-5;(BM) 2021-040453066-001;21/08/2021 19:42;RUA CORONEL JOAO DE BARROS, Nº 525 - CENTRO - PASSOS;-207.217.136;-466.105.313;V01007 - VITIMA COM DISPNEIA (FALTA DE AR) (C) (Prioridade: 1 - Alta);1CIA IND/2CIA/1PEL(PASSOS);UR0565;Não;Não;Não;BOLETIM DE OCORRENCIA;Classificada;23/08/2021 00:07;Não
2021-18033652-1;(BM) 2021-040452560-001;21/08/2021 20:17;AVENIDA CANADA, Nº S/N - JARDIM CANADA II - PASSOS;-207.533.453;-466.124.556;V02501 - VITIMA DE QUEDA (CICLISTA) (C) (Prioridade: 1 - Alta);1CIA IND/2CIA/1PEL(PASSOS);UR0565;Não;Não;Não;BOLETIM DE OCORRENCIA;Classificada;23/08/2021 00:07;Não
2021-18034516-9;(BM) 2021-040411996-001;21/08/2021 21:05;RUA TROVADOR, Nº 470 - NOVO HORIZONTE - PASSOS;-207.345.507;-46.599.076;O04012 - INCENDIO EM LOTE VAGO (AREA URBANA) (C) (Prioridade: 2 - Média);1CIA IND/2CIA/1PEL(PASSOS);ABTS0495;Não;Não;Não;BOLETIM DE OCORRENCIA;Classificada;23/08/2021 00:06;Não
2021-18035308-7;(BM) 2021-040409458-001;21/08/2021 21:49;RUA RIO GRANDE DO NORTE, Nº 662 - BELA VISTA - PASSOS;-207.166.878;-46.595.236;V01023 - VITIMA DE SINCOPE (DESMAIO)/VERTIGEM (C) (Prioridade: 1 - Alta);1CIA IND/2CIA/1PEL(PASSOS);UR0565;Não;Não;Não;BOLETIM DE OCORRENCIA;Classificada;23/08/2021 00:07;Não
2021-18038080-7;(BM) 2021-040428426-001;22/08/2021 00:12;RODOVIA MG 050, Nº S/N - MONSENHOR MESSIAS - PASSOS;-207.391.965;-465.994.767;O04013 - INCENDIO EM PASTO (C) (Prioridade: 2 - Média);1CIA IND/2CIA/1PEL(PASSOS);ABTS0495;Não;Não;Não;BOLETIM DE OCORRENCIA;Classificada;23/08/2021 00:06;Não
2021-18040368-8;(BM) 2021-040443597-001;22/08/2021 02:41;RUA BUENOS AIRES, Nº S/N - COHAB 3 - PASSOS;-207.024.574;-466.241.103;W10000 - DISPENSADA POR DUPLICIDADE DE EMPENHO COM OUTROS ORGAOS (C) (Prioridade: 1 - Alta);1CIA IND/2CIA/1PEL(PASSOS);UR0565;Não;Não;Não;BOLETIM DE OCORRENCIA;Classificada;23/08/2021 06:53;Não
2021-18042830-9;(BM) 2021-040461727-001;22/08/2021 09:41;RUA GENARO JOELE, Nº S/N - DISTRITO INDUSTRIAL 1 - PASSOS;-207.077.909;-465.937.146;P02001 - VISTORIA EM HIDRANTE (C) (Prioridade: 2 - Média);1CIA IND/2CIA/1PEL(PASSOS);ABTS0495;Não;Não;Não;BOLETIM DE OCORRENCIA;Classificada;23/08/2021 00:06;Não
2021-18043270-1;(BM) 2021-040466128-001;22/08/2021 10:26;RUA SENIO BERALDO LEMOS, Nº 32 - JARDIM CANADA - PASSOS;-207.532.892;-466.057.305;S06002 - CAPTURA DE ANIMAL SILVESTRE PERIGOSO / AGRESSIVO (C) (Prioridade: 2 - Média);1CIA IND/2CIA/1PEL(PASSOS);ASL00064;Não;Não;Não;BOLETIM DE OCORRENCIA;Classificada;23/08/2021 06:51;Não
2021-18043278-3;(BM) 2021-040469595-001;22/08/2021 10:31;RUA BENEDITO APOLINARIO, Nº 83 - COHAB 3 - PASSOS;-207.029.653;-466.275.977;V01999 - OUTROS TIPOS DE APH CLINICO (C) (Prioridade: 1 - Alta);1CIA IND/2CIA/1PEL(PASSOS);UR0565;Não;Não;Não;BOLETIM DE OCORRENCIA;Classificada;23/08/2021 06:53;Não
2021-18043485-8;(BM) 2021-040467661-001;22/08/2021 10:54;RUA DOUTOR CARVALHO, Nº 1455 - NOSSA SENHORA DAS GRAÇAS - PASSOS;-207.352.269;-466.037.303;P02001 - VISTORIA EM HIDRANTE (C) (Prioridade: 2 - Média);1CIA IND/2CIA/1PEL(PASSOS);ABTS0495;Não;Não;Não;BOLETIM DE OCORRENCIA;Classificada;23/08/2021 06:51;Não
2021-18043772-0;(BM) 2021-040480830-001;22/08/2021 11:24;RUA PICA PAU, Nº 190 - PARQUE DA FAZENDA - PASSOS;-207.378.743;-466.076.074;V01999 - OUTROS TIPOS DE APH CLINICO (C) (Prioridade: 1 - Alta);1CIA IND/2CIA/1PEL(PASSOS);UR0565;Não;Não;Não;BOLETIM DE OCORRENCIA;Classificada;23/08/2021 06:54;Não
2021-18044691-5;(BM) 2021-040480617-001;22/08/2021 13:17;RUA FARMACEUTICOS, Nº 303 - NOVO HORIZONTE - PASSOS;-2.073.129;-466.025.316;O04012 - INCENDIO EM LOTE VAGO (AREA URBANA) (C) (Prioridade: 2 - Média);1CIA IND/2CIA/1PEL(PASSOS);ABTS0495;Não;Não;Não;BOLETIM DE OCORRENCIA;Classificada;23/08/2021 06:53;Não
2021-18044991-9;(BM) 2021-040493986-001;22/08/2021 13:45;RUA BARAO DE PASSOS, Nº S/N - CENTRO - PASSOS;-207.194.995;-466.074.223;V01026 - TRANSPORTE INTER-HOSPITALAR (C) (Prioridade: 2 - Média);1CIA IND/2CIA/1PEL(PASSOS);UR0565;Não;Não;Não;BOLETIM DE OCORRENCIA;Classificada;23/08/2021 06:53;Não
2021-18045668-9;(BM) 2021-040494047-001;22/08/2021 14:37;AVENIDA PERIMETRAL, Nº S/N - PARQUE DA ESTACAO - PASSOS;-207.057.771;-466.097.547;O04012 - INCENDIO EM LOTE VAGO (AREA URBANA) (C) (Prioridade: 2 - Média);1CIA IND/2CIA/1PEL(PASSOS);ABTS0495;Não;Não;Não;BOLETIM DE OCORRENCIA;Classificada;23/08/2021 06:53;Não
2021-18046944-0;(BM) 2021-040543104-001;22/08/2021 15:58;RODOVIA LMG 837, Nº S/N - CENTRO - FORTALEZA DE MINAS;-208.464.688;-467.083.786;O04008 - INCENDIO EM AREA RURAL NAO PROTEGIDA (C) (Prioridade: 2 - Média);1CIA IND/2CIA/1PEL(PASSOS);ASL00064;Não;Não;Não;BOLETIM DE OCORRENCIA;Classificada;23/08/2021 06:53;Não
2021-18047747-4;(BM) 2021-040513556-001;22/08/2021 16:50;RUA ETIOPIA, Nº 505 - SAO BENEDITO - PASSOS;-2.072.174;-466.014.619;V02408 - VITIMA DE COLISAO ENTRE AUTOMOVEL X MOTOCICLETA (C) (Prioridade: 1 - Alta);1CIA IND/2CIA/1PEL(PASSOS);UR0565;Não;Não;Não;BOLETIM DE OCORRENCIA;Classificada;23/08/2021 06:54;Não
2021-18048794-0;(BM) 2021-040519854-001;22/08/2021 17:51;RUA FLORIPES NOGUEIRA MENDES, Nº 475 - JARDIM ITALIA - PASSOS;-20.747.152;-466.037.271;V01999 - OUTROS TIPOS DE APH CLINICO (C) (Prioridade: 1 - Alta);1CIA IND/2CIA/1PEL(PASSOS);UR0565;Não;Não;Não;BOLETIM DE OCORRENCIA;Classificada;23/08/2021 06:54;Não
2021-18050074-3;(BM) 2021-040529850-001;22/08/2021 19:04;RODOVIA BR 146, Nº S/N - PASSOS;-20.758.941;-466.023.418;O04014 - INCENDIO AS MARGENS DE RODOVIA (C) (Prioridade: 2 - Média);1CIA IND/2CIA/1PEL(PASSOS);ABTS0495;Não;Não;Não;BOLETIM DE OCORRENCIA;Classificada;23/08/2021 06:53;Não
2021-18056880-5;(BM) 2021-040592176-001;23/08/2021 07:37;RUA CANOAS, Nº 303 - NOVO HORIZONTE - PASSOS;-20.733.157;-466.018.235;V01018 - VITIMA DE MAL NAO DEFINIDO (DISTURBIO) (C) (Prioridade: 1 - Alta);1CIA IND/2CIA/1PEL(PASSOS);UR0565;Não;Não;Não;BOLETIM DE OCORRENCIA;Classificada;23/08/2021 08:13;Não
2021-18057223-0;(BM) 2021-040612194-001;23/08/2021 08:13;RUA JOAQUIM VITOR SANTANA, Nº 13 - SAGRADA FAMILIA - ITAU DE MINAS;-207.430.169;-467.429.163;P01002 - VISTORIA DE LIBERACAO / EMISSAO DE AVCB (C) (Prioridade: 2 - Média);1CIA IND/2CIA/PEL PREV E VIST(PASSOS);TPO01115;Não;Não;Não;BOLETIM DE OCORRENCIA;Classificada;23/08/2021 10:45;Não
2021-18057378-6;(BM) 2021-040779273-001;23/08/2021 08:25;RUA DOUTOR CARVALHO, Nº 1455 - NOSSA SENHORA DAS GRAÇAS - PASSOS;-207.352.269;-466.037.303;Q03999 - OUTROS TIPOS DE TREINAMENTO (C) (Prioridade: 2 - Média);1CIA IND/2CIA/1PEL(PASSOS);BM1315175;Não;Não;Não;ATENPO-ATENDIDA POR OUTROS ÓRGÃOS;Classificada;23/08/2021 09:01;Não
2021-18057784-7;(BM) 2021-040612495-001;23/08/2021 09:00;RUA DOUTOR CARVALHO, Nº 1455 - NOSSA SENHORA DAS GRAÇAS - PASSOS;-207.352.269;-466.037.303;Q03005 - TREINAMENTO DE SALVAMENTO TERRESTRE (C) (Prioridade: 2 - Média);1CIA IND/2CIA/1PEL(PASSOS);BM1315175;Não;Não;Não;BOLETIM DE OCORRENCIA;Classificada;23/08/2021 11:17;Não
2021-18057821-1;(BM) 2021-040612307-001;23/08/2021 09:01;AVENIDA GOIANIA, Nº 47 - CENTRO - BOM JESUS DA PENHA;-210.174.992;-465.205.024;P01002 - VISTORIA DE LIBERACAO / EMISSAO DE AVCB (C) (Prioridade: 2 - Média);1CIA IND/2CIA/PEL PREV E VIST(PASSOS);TPO01115;Não;Não;Não;BOLETIM DE OCORRENCIA;Classificada;23/08/2021 10:45;Não
2021-18058433-8;(BM) 2021-040609645-001;23/08/2021 09:47;AVENIDA JOSE TEIXEIRA DE MAGALHAES, Nº S/N - VILA GRAZIANE - ANDRADAS;-220.626.739;-465.718.144;P01002 - VISTORIA DE LIBERACAO / EMISSAO DE AVCB (C) (Prioridade: 2 - Média);1CIA IND (POCOS DE CALDAS);APF01375;Não;Não;Não;BOLETIM DE OCORRENCIA;Classificada;24/08/2021 07:46;Não
2021-18058615-5;(BM) 2021-040613013-001;23/08/2021 10:01;RUA CORONEL ANTONIO DOMINGOS RIBEIRO, Nº 71 - CENTRO - BOM JESUS DA PENHA;-210.154.588;-465.234.841;P01002 - VISTORIA DE LIBERACAO / EMISSAO DE AVCB (C) (Prioridade: 2 - Média);1CIA IND/2CIA/PEL PREV E VIST(PASSOS);TPO01115;Não;Não;Não;BOLETIM DE OCORRENCIA;Classificada;23/08/2021 10:45;Não
2021-18059352-3;(BM) 2021-040621652-001;23/08/2021 10:55;AVENIDA JUPITER, Nº 584 - PASSOS;-207.202.026;-46.621.894;O04009 - INCENDIO EM AREA URBANA PERTENCENTE A ORGAO PUBLICO (C) (Prioridade: 2 - Média);1CIA IND/2CIA/1PEL(PASSOS);ABTS0495;Não;Não;Não;BOLETIM DE OCORRENCIA;Classificada;23/08/2021 23:04;Não
2021-18061549-0;(BM) 2021-040648326-001;23/08/2021 14:06;AVENIDA EXPEDICIONARIOS, Nº 1952 - PASSOS;-207.252.188;-465.895.683;P01001 - VISTORIA DE FISCALIZACAO (C) (Prioridade: 2 - Média);1CIA IND/2CIA/PEL PREV E VIST(PASSOS);TPO01115;Não;Não;Não;BOLETIM DE OCORRENCIA;Classificada;23/08/2021 23:04;Não
2021-18061949-9;(BM) 2021-040653699-001;23/08/2021 14:25;RUA ESTUDANTES, Nº 45 - PENHA - PASSOS;-207.174.706;-466.188.204;V01018 - VITIMA DE MAL NAO DEFINIDO (DISTURBIO) (C) (Prioridade: 1 - Alta);1CIA IND/2CIA/1PEL(PASSOS);UR0565;Não;Não;Não;BOLETIM DE OCORRENCIA;Classificada;23/08/2021 23:05;Não
2021-18062494-6;(BM) 2021-040659824-001;23/08/2021 14:50;AVENIDA EXPEDICIONARIOS, Nº 2136 - PASSOS;-207.254.742;-465.884.344;P01001 - VISTORIA DE FISCALIZACAO (C) (Prioridade: 2 - Média);1CIA IND/2CIA/PEL PREV E VIST(PASSOS);TPO01115;Não;Não;Não;BOLETIM DE OCORRENCIA;Classificada;23/08/2021 23:05;Não
2021-18062567-8;(BM) 2021-040661184-001;23/08/2021 14:55;AVENIDA MANSUR FRAYHA, Nº 4500 - VALE DAS ANTAS - POCOS DE CALDAS;-217.741.471;-466.115.067;P01001 - VISTORIA DE FISCALIZACAO (C) (Prioridade: 2 - Média);1CIA IND (POCOS DE CALDAS);APF01375;Não;Não;Não;BOLETIM DE OCORRENCIA;Classificada;24/08/2021 07:47;Não
2021-18062618-7;(BM) 2021-040661429-001;23/08/2021 14:57;AVENIDA MANSUR FRAYHA, Nº 4700 - VALE DAS ANTAS - POCOS DE CALDAS;-217.739.537;-466.136.803;P01001 - VISTORIA DE FISCALIZACAO (C) (Prioridade: 2 - Média);1CIA IND (POCOS DE CALDAS);APF01375;Não;Não;Não;BOLETIM DE OCORRENCIA;Classificada;24/08/2021 07:47;Não
2021-18062842-0;(BM) 2021-040664567-001;23/08/2021 15:06;RUA TOCANTINS, Nº 314 - NOSSA SENHORA APARECIDA - PASSOS;-207.432.634;-466.088.488;P01001 - VISTORIA DE FISCALIZACAO (C) (Prioridade: 2 - Média);1CIA IND/2CIA/PEL PREV E VIST(PASSOS);TPO01115;Não;Não;Não;BOLETIM DE OCORRENCIA;Classificada;23/08/2021 23:05;Não
2021-18062875-0;(BM) 2021-040665286-001;23/08/2021 15:08;RUA ORLANDO ADAO CARNEIRO, Nº 10 - RECANTO DA TEKA - PASSOS;-207.416.384;-465.994.264;P01001 - VISTORIA DE FISCALIZACAO (C) (Prioridade: 2 - Média);1CIA IND/2CIA/PEL PREV E VIST(PASSOS);TPO01115;Não;Não;Não;BOLETIM DE OCORRENCIA;Classificada;23/08/2021 23:04;Não
2021-18063166-2;(BM) 2021-040669046-001;23/08/2021 15:24;AVENIDA MANSUR FRAYHA, Nº 875 - JARDIM ELIZABETE - POCOS DE CALDAS;-217.804.481;-465.996.369;P01001 - VISTORIA DE FISCALIZACAO (C) (Prioridade: 2 - Média);1CIA IND (POCOS DE CALDAS);APF01375;Não;Não;Não;BOLETIM DE OCORRENCIA;Classificada;24/08/2021 07:47;Não
2021-18063201-1;(BM) 2021-040669297-001;23/08/2021 15:25;AVENIDA MANSUR FRAYHA, Nº 647 - JARDIM SANTA MARGARIDA - POCOS DE CALDAS;-217.817.752;-465.983.335;P01001 - VISTORIA DE FISCALIZACAO (C) (Prioridade: 2 - Média);1CIA IND (POCOS DE CALDAS);APF01375;Não;Não;Não;BOLETIM DE OCORRENCIA;Classificada;24/08/2021 07:47;Não
2021-18063307-2;;23/08/2021 15:31;DISTRITO Elvira Chagas, Nº S/N - Laranjeira de Caldas - CALDAS;;;P02002 - VISTORIA EM RISCO DE QUEDA DE ARVORE (C) (Prioridade: 2 - Média);1CIA IND (POCOS DE CALDAS);;Não;Não;Não;ATENPO-ATENDIDA POR OUTROS ÓRGÃOS;Classificada;23/08/2021 16:02;Não
2021-18063629-9;(BM) 2021-040675119-001;23/08/2021 15:49;AVENIDA JOAO PINHEIRO, Nº 1780 - VILA CRUZ - POCOS DE CALDAS;-217.841.589;-465.890.951;P01001 - VISTORIA DE FISCALIZACAO (C) (Prioridade: 2 - Média);1CIA IND (POCOS DE CALDAS);APF01375;Não;Não;Não;BOLETIM DE OCORRENCIA;Classificada;24/08/2021 07:47;Não
2021-18064138-2;(BM) 2021-040682478-001;23/08/2021 16:15;RUA NOSSA SENHORA DE FATIMA, Nº 1028 - JARDIM ELAINE - PASSOS;-206.955.981;-466.159.603;V01018 - VITIMA DE MAL NAO DEFINIDO (DISTURBIO) (C) (Prioridade: 1 - Alta);1CIA IND/2CIA/1PEL(PASSOS);UR0565;Não;Não;Não;BOLETIM DE OCORRENCIA;Classificada;23/08/2021 23:05;Não
2021-18064203-2;(BM) 2021-040682361-001;23/08/2021 16:17;RUA RODRIGUES DE AMORIM, Nº 469 - ITAU DE MINAS;-207.409.291;-46.753.608;P02011 - VISTORIA EM ENXAME DE INSETOS (C) (Prioridade: 2 - Média);1CIA IND/2CIA/PEL PREV E VIST(PASSOS);TPO01115;Não;Não;Não;BOLETIM DE OCORRENCIA;Classificada;23/08/2021 23:05;Não
2021-18064243-7;(BM) 2021-040682493-001;23/08/2021 16:19;RUA SEBASTIAO DO PRADO LUZ, Nº 320 - ESTANCIA POCOS DE CALDAS - POCOS DE CALDAS;-217.994.855;-465.025.622;P01001 - VISTORIA DE FISCALIZACAO (C) (Prioridade: 2 - Média);1CIA IND (POCOS DE CALDAS);APF01375;Não;Não;Não;BOLETIM DE OCORRENCIA;Classificada;24/08/2021 07:47;Não
2021-18065145-3;(BM) 2021-040693571-001;23/08/2021 17:09;RUA RIO GRANDE DO NORTE, Nº 381 - CENTRO - POCOS DE CALDAS;-217.920.438;-465.655.532;P01001 - VISTORIA DE FISCALIZACAO (C) (Prioridade: 2 - Média);1CIA IND (POCOS DE CALDAS);APF01375;Não;Não;Não;BOLETIM DE OCORRENCIA;Classificada;24/08/2021 07:47;Não
2021-18065760-4;(BM) 2021-040728215-001;23/08/2021 17:42;RODOVIA MG 050, Nº S/N - MONSENHOR MESSIAS - PASSOS;-207.391.965;-465.994.767;V02202 - VITIMA DE CHOQUE DE MOTOCICLETA (C) (Prioridade: 1 - Alta);1CIA IND/2CIA/1PEL(PASSOS);UR0565;Não;Não;Não;BOLETIM DE OCORRENCIA;Classificada;23/08/2021 23:05;Não
2021-18067660-0;(BM) 2021-040721057-001;23/08/2021 19:24;RODOVIA MG 050, Km 353 - MONSENHOR MESSIAS - PASSOS;-207.396.349;-466.015.583;V02301 - VITIMA DE CAPOTAMENTO DE AUTOMOVEL (CARRO / CAMINHONETE) (C) (Prioridade: 1 - Alta);1CIA IND/2CIA/1PEL(PASSOS);UR0565;Não;Não;Não;BOLETIM DE OCORRENCIA;Classificada;23/08/2021 23:05;Não
2021-18068483-2;(BM) 2021-040741647-001;23/08/2021 20:19;RUA PAZINI PIASSI, Nº 102 - JARDIM CANADA II - PASSOS;-207.502.479;-466.088.834;O04012 - INCENDIO EM LOTE VAGO (AREA URBANA) (C) (Prioridade: 2 - Média);1CIA IND/2CIA/1PEL(PASSOS);ABTS0495;Não;Não;Não;BOLETIM DE OCORRENCIA;Classificada;23/08/2021 23:05;Não
2021-18072054-0;(BM) 2021-040771762-001;24/08/2021 01:45;RUA UNAI, Nº 51 - CALIFORNIA - PASSOS;-207.036.914;-466.155.449;V03999 - OUTROS TIPOS DE APH DE TRAUMAS DIVERSOS   (C) (Prioridade: 1 - Alta);1CIA IND/2CIA/1PEL(PASSOS);UR0565;Não;Não;Não;BOLETIM DE OCORRENCIA;Classificada;26/08/2021 06:58;Não
2021-18072989-5;(BM) 2021-040936227-001;24/08/2021 07:16;AVENIDA QUEROBINO MOURAO FILHO, Nº 889 - BELA VISTA - PIUMHI;-204.622.914;-459.456.346;X03000 - EMPENHO ADMINISTRATIVO (C) (Prioridade: 2 - Média);1CIA IND (POCOS DE CALDAS);TPO01026;Não;Não;Não;BOLETIM DE OCORRENCIA;Classificada;25/08/2021 04:58;Não
2021-18073462-1;(BM) 2021-040922280-001;24/08/2021 08:09;RUA DOUTOR CARVALHO, Nº 1455 - NOSSA SENHORA DAS GRAÇAS - PASSOS;-207.352.269;-466.037.303;Q03017 - TREINAMENTO DE PRIMEIROS SOCORROS (C) (Prioridade: 2 - Média);1CIA IND/2CIA/1PEL(PASSOS);BM1256320;Não;Não;Não;BOLETIM DE OCORRENCIA;Classificada;25/08/2021 06:55;Não
2021-18073611-0;(BM) 2021-040786366-001;24/08/2021 08:23;AVENIDA PENHA, Nº 302 - PENHA - PASSOS;-207.155.552;-466.232.537;P01001 - VISTORIA DE FISCALIZACAO (C) (Prioridade: 2 - Média);1CIA IND/2CIA/PEL PREV E VIST(PASSOS);APF01362;Não;Não;Não;BOLETIM DE OCORRENCIA;Classificada;25/08/2021 06:55;Não
2021-18073877-7;(BM) 2021-040789212-001;24/08/2021 08:46;RUA ESTEVAM PARENTI, Nº 135 - PENHA 2 - PASSOS;-207.125.747;-466.277.865;P01001 - VISTORIA DE FISCALIZACAO (C) (Prioridade: 2 - Média);1CIA IND/2CIA/PEL PREV E VIST(PASSOS);APF01362;Não;Não;Não;BOLETIM DE OCORRENCIA;Classificada;25/08/2021 06:56;Não
2021-18074067-2;(BM) 2021-040796099-001;24/08/2021 09:03;RUA SACRAMENTO, Nº 187 - COHAB 2 - PASSOS;-207.089.191;-466.276.058;P01001 - VISTORIA DE FISCALIZACAO (C) (Prioridade: 2 - Média);1CIA IND/2CIA/PEL PREV E VIST(PASSOS);APF01362;Não;Não;Não;BOLETIM DE OCORRENCIA;Classificada;25/08/2021 06:56;Não
2021-18074368-9;(BM) 2021-040797808-001;24/08/2021 09:30;RUA MARTE, Nº 40 - JARDIM SATELITE - PASSOS;-207.090.388;-466.211.542;P01001 - VISTORIA DE FISCALIZACAO (C) (Prioridade: 2 - Média);1CIA IND/2CIA/PEL PREV E VIST(PASSOS);APF01362;Não;Não;Não;BOLETIM DE OCORRENCIA;Classificada;25/08/2021 06:56;Não
2021-18074947-6;(BM) 2021-040817581-001;24/08/2021 10:14;RUA RIO GRANDE DO SUL, Nº 1771 - JARDIM BELA VISTA - POCOS DE CALDAS;-217.939.093;-465.655.553;P01001 - VISTORIA DE FISCALIZACAO (C) (Prioridade: 2 - Média);1CIA IND (POCOS DE CALDAS);APF01375;Não;Não;Não;BOLETIM DE OCORRENCIA;Classificada;24/08/2021 13:04;Não
2021-18075406-1;(BM) 2021-040817490-001;24/08/2021 10:50;RUA RIO GRANDE DO SUL, Nº 917 - CENTRO - POCOS DE CALDAS;-217.861.615;-46.564.178;P01001 - VISTORIA DE FISCALIZACAO (C) (Prioridade: 2 - Média);1CIA IND (POCOS DE CALDAS);APF01375;Não;Não;Não;BOLETIM DE OCORRENCIA;Classificada;24/08/2021 13:04;Não
2021-18076173-0;(BM) 2021-040817356-001;24/08/2021 11:49;RUA RIO GRANDE DO SUL, Nº 665 - CRISTIANO OSORIO - POCOS DE CALDAS;-217.839.772;-465.637.722;P01001 - VISTORIA DE FISCALIZACAO (C) (Prioridade: 2 - Média);1CIA IND (POCOS DE CALDAS);APF01375;Não;Não;Não;BOLETIM DE OCORRENCIA;Classificada;24/08/2021 18:13;Não
2021-18077352-5;(BM) 2021-040831319-001;24/08/2021 13:39;REPRESA FURNAS - REGIAO DA PONTE TORTA, Nº S/N - CARMO DO RIO CLARO;-20.912.065;-460.764.907;S05299 - OUTROS TIPOS DE CAPOTAMENTO / TOMBAMENTO NO TRANSITO   (C) (Prioridade: 1 - Alta);1CIA IND/2CIA/1PEL(PASSOS);ASL00064 / UR0565;Não;Não;Não;BOLETIM DE OCORRENCIA;Classificada;25/08/2021 06:57;Não
2021-18077776-1;(BM) 2021-040836337-001;24/08/2021 14:09;RUA DOUTOR AFONSO DIAS ARAUJO, Nº 125 - CAMPESTRE;-21.708.577;-462.496.486;P01001 - VISTORIA DE FISCALIZACAO (C) (Prioridade: 2 - Média);1CIA IND (POCOS DE CALDAS);APF01375;Não;Não;Não;BOLETIM DE OCORRENCIA;Classificada;24/08/2021 18:13;Não
2021-18079902-5;(BM) 2021-040866766-001;24/08/2021 15:57;RUA DOUTOR CARVALHO, Nº 1455 - NOSSA SENHORA DAS GRAÇAS - PASSOS;-207.352.269;-466.037.303;Q03003 - TREINAMENTO DE SALVAMENTO AQUATICO (C) (Prioridade: 2 - Média);1CIA IND/2CIA/PEL PREV E VIST(PASSOS);APF01362;Não;Não;Não;BOLETIM DE OCORRENCIA;Classificada;25/08/2021 06:56;Não
2021-18081443-2;(BM) 2021-040882728-001;24/08/2021 17:21;RUA CORONEL JOSE GUILHERME, Nº 123 - CENTRO - CAMPESTRE;-217.124.561;-462.408.565;P01001 - VISTORIA DE FISCALIZACAO (C) (Prioridade: 2 - Média);1CIA IND (POCOS DE CALDAS);APF01375;Não;Não;Não;BOLETIM DE OCORRENCIA;Classificada;24/08/2021 18:13;Não
2021-18082230-7;(BM) 2021-040912607-001;24/08/2021 18:05;RUA RIO PIRACICABA, Nº S/N - RECANTO DA HARMONIA - PASSOS;-207.053.449;-465.973.068;V01999 - OUTROS TIPOS DE APH CLINICO (C) (Prioridade: 1 - Alta);1CIA IND/2CIA/1PEL(PASSOS);UR0565;Não;Não;Não;BOLETIM DE OCORRENCIA;Classificada;25/08/2021 06:57;Não
2021-18083654-9;(BM) 2021-040912560-001;24/08/2021 19:37;RUA JOSE BELMIRO LIMA, Nº S/N - RESIDENCIAL MONTE BELO - PASSOS;-207.286.712;-46.584.646;V02501 - VITIMA DE QUEDA (CICLISTA) (C) (Prioridade: 1 - Alta);1CIA IND/2CIA/1PEL(PASSOS);UR0565;Não;Não;Não;BOLETIM DE OCORRENCIA;Classificada;25/08/2021 06:57;Não
2021-18083830-0;(BM) 2021-040912481-001;24/08/2021 19:45;ESTRADA PRINCIPAL ESTRADA LINHA DAS AGUAS, Nº S/N - PASSOS;-2.084.525;-46.554.028;S03015 - SALVAMENTO DE SUICIDA (C) (Prioridade: 1 - Alta);1CIA IND/2CIA/1PEL(PASSOS);ASL00064;Não;Não;Não;BOLETIM DE OCORRENCIA;Classificada;25/08/2021 06:57;Não
2021-18084963-9;(BM) 2021-040920579-001;24/08/2021 21:12;ESTRADA PRINCIPAL ESTRADA CAMPOS , KM 08, Nº S/N - PASSOS;-20.805.278;-46.495.278;V01018 - VITIMA DE MAL NAO DEFINIDO (DISTURBIO) (C) (Prioridade: 1 - Alta);1CIA IND/2CIA/1PEL(PASSOS);UR0565;Não;Não;Não;BOLETIM DE OCORRENCIA;Classificada;25/08/2021 06:57;Não
2021-18086613-8;;24/08/2021 23:17;AVENIDA ALCOA, Nº S/N - CONJUNTO HABITACIONAL PEDRO AFONSO JUNQUEIRA - POCOS DE CALDAS;-218.483.592;-465.694.395;O04008 - INCENDIO EM AREA RURAL NAO PROTEGIDA (C) (Prioridade: 2 - Média);1CIA IND (POCOS DE CALDAS);;Não;Não;Não;ATENPO-ATENDIDA POR OUTROS ÓRGÃOS;Classificada;25/08/2021 02:18;Não
2021-18087982-0;(BM) 2021-040955054-001;25/08/2021 02:18;RUA JUAREZ FRANCISCO DUARTE, Nº S/N - JARDIM SATELITE - PASSOS;-20.708.902;-466.227.585;O04012 - INCENDIO EM LOTE VAGO (AREA URBANA) (C) (Prioridade: 2 - Média);1CIA IND/2CIA/1PEL(PASSOS);ABTS0495;Não;Não;Não;BOLETIM DE OCORRENCIA;Classificada;25/08/2021 06:56;Não
2021-18089918-1;(BM) 2021-041121030-001;25/08/2021 09:02;RUA CANJERANUS, Nº S/N - CANJERANUS - PASSOS;-207.089.894;-466.069.659;P02003 - VISTORIA EM LOTE VAGO (C) (Prioridade: 2 - Média);1CIA IND/2CIA/1PEL(PASSOS);UR0565;Não;Não;Não;BOLETIM DE OCORRENCIA;Classificada;26/08/2021 07:02;Não
2021-18090029-4;(BM) 2021-040972506-001;25/08/2021 09:11;RUA RIO VERDE, Nº 745 - SANTA LUZIA - PASSOS;-20.705.015;-466.020.337;P01002 - VISTORIA DE LIBERACAO / EMISSAO DE AVCB (C) (Prioridade: 2 - Média);1CIA IND/2CIA/PEL PREV E VIST(PASSOS);APF01362;Não;Não;Não;BOLETIM DE OCORRENCIA;Classificada;26/08/2021 07:01;Não
2021-18090277-6;(BM) 2021-040976376-001;25/08/2021 09:31;AVENIDA AMAZONAS, Nº 364 - BELA VISTA - PASSOS;-207.155.444;-465.991.013;P01001 - VISTORIA DE FISCALIZACAO (C) (Prioridade: 2 - Média);1CIA IND/2CIA/PEL PREV E VIST(PASSOS);APF01362;Não;Não;Não;BOLETIM DE OCORRENCIA;Classificada;26/08/2021 07:01;Não
2021-18090712-3;(BM) 2021-041097278-001;25/08/2021 10:01;RUA PADRE AURELIANO INACIO DE ANDRADE, Nº 141 - PENHA 2 - PASSOS;-207.176.718;-466.321.783;V01018 - VITIMA DE MAL NAO DEFINIDO (DISTURBIO) (C) (Prioridade: 1 - Alta);1CIA IND/2CIA/1PEL(PASSOS);UR0565;Não;Não;Não;BOLETIM DE OCORRENCIA;Classificada;26/08/2021 07:00;Não
2021-18090866-7;(BM) 2021-040983772-001;25/08/2021 10:12;RUA RIO DE JANEIRO, Nº 177 - BELA VISTA - PASSOS;-207.185.179;-465.990.453;P01001 - VISTORIA DE FISCALIZACAO (C) (Prioridade: 2 - Média);1CIA IND/2CIA/PEL PREV E VIST(PASSOS);APF01362;Não;Não;Não;BOLETIM DE OCORRENCIA;Classificada;26/08/2021 07:01;Não
2021-18091409-0;(BM) 2021-040991359-001;25/08/2021 10:54;RUA MONSENHOR MESSIAS BRAGANCA, Nº 38 - JARDIM CIDADE - PASSOS;-207.282.057;-466.228.954;P01001 - VISTORIA DE FISCALIZACAO (C) (Prioridade: 2 - Média);1CIA IND/2CIA/PEL PREV E VIST(PASSOS);APF01362;Não;Não;Não;BOLETIM DE OCORRENCIA;Classificada;25/08/2021 14:24;Não
2021-18091548-7;(BM) 2021-040992810-001;25/08/2021 11:03;FAZENDA CATA, Nº S/N - CABO VERDE;-214.613.889;-463.544.439;P01001 - VISTORIA DE FISCALIZACAO (C) (Prioridade: 2 - Média);1CIA IND (POCOS DE CALDAS);APF01375;Não;Não;Não;BOLETIM DE OCORRENCIA;Classificada;25/08/2021 17:44;Não
2021-18095802-1;(BM) 2021-041044578-001;25/08/2021 15:54;RUA CORONEL VIRGILIO SILVA, Nº 2646 - DOM BOSCO - POCOS DE CALDAS;-217.920.251;-465.359.443;P01001 - VISTORIA DE FISCALIZACAO (C) (Prioridade: 2 - Média);1CIA IND (POCOS DE CALDAS);APF01375;Não;Não;Não;BOLETIM DE OCORRENCIA;Classificada;25/08/2021 17:44;Não
2021-18095840-0;(BM) 2021-041045215-001;25/08/2021 15:56;RUA DOUTOR CARVALHO, Nº 1455 - NOSSA SENHORA DAS GRAÇAS - PASSOS;-207.352.269;-466.037.303;Q03019 - TREINAMENTO DE MERGULHO AUTONOMO (C) (Prioridade: 2 - Média);1CIA IND/2CIA/1PEL(PASSOS);BM1644855;Não;Não;Não;BOLETIM DE OCORRENCIA;Classificada;26/08/2021 07:01;Não
2021-18096034-7;(BM) 2021-041053105-001;25/08/2021 16:09;RUA EDVALDO APARECIDO TEIXEIRA, Nº 42 - JARDIM PHILADELPHIA - POCOS DE CALDAS;-218.012.573;-465.147.692;P01001 - VISTORIA DE FISCALIZACAO (C) (Prioridade: 2 - Média);1CIA IND (POCOS DE CALDAS);APF01375;Não;Não;Não;BOLETIM DE OCORRENCIA;Classificada;25/08/2021 17:43;Não
2021-18096462-0;(BM) 2021-041053371-001;25/08/2021 16:31;AVENIDA PROFESSORA MAGDA PINTO AMARANTE, Nº 100 - POCOS DE CALDAS;;;P01001 - VISTORIA DE FISCALIZACAO (C) (Prioridade: 2 - Média);1CIA IND (POCOS DE CALDAS);APF01375;Não;Não;Não;BOLETIM DE OCORRENCIA;Classificada;25/08/2021 17:44;Não
2021-18096908-8;;25/08/2021 16:58;RODOVIA MG 184, Km 17 - CARMO DO RIO CLARO;-210.468.578;-461.439.317;O04014 - INCENDIO AS MARGENS DE RODOVIA (C) (Prioridade: 2 - Média);1CIA IND/2CIA/1PEL(PASSOS);BM1274612;Não;Não;Não;W08000-CANCELADA POR INDISPONIBILIDADE DE MEIOS;Classificada;25/08/2021 17:04;Não
2021-18097325-5;(BM) 2021-041063728-001;25/08/2021 17:22;RUA CANADA, Nº 429 - JARDIM QUISISANA - POCOS DE CALDAS;-217.997.072;-46.569.508;P01001 - VISTORIA DE FISCALIZACAO (C) (Prioridade: 2 - Média);1CIA IND (POCOS DE CALDAS);APF01375;Não;Não;Não;BOLETIM DE OCORRENCIA;Classificada;25/08/2021 17:43;Não
2021-18097983-9;(BM) 2021-041093530-001;25/08/2021 18:04;RUA GOIAS, Nº 1068 - SANTA LUZIA - PASSOS;-20.710.726;-466.012.966;S06004 - CAPTURA DE OUTROS ANIMAIS DOMESTICOS PERIGOSOS / AGRESSIVOS (C) (Prioridade: 2 - Média);1CIA IND/2CIA/1PEL(PASSOS);ASL00064;Não;Não;Não;BOLETIM DE OCORRENCIA;Classificada;26/08/2021 07:01;Não
2021-18098217-8;(BM) 2021-041097419-001;25/08/2021 18:20;RUA PADRE PIRES, Nº 89 - SAO FRANCISCO - PASSOS;-207.267.844;-466.174.062;V01007 - VITIMA COM DISPNEIA (FALTA DE AR) (C) (Prioridade: 1 - Alta);1CIA IND/2CIA/1PEL(PASSOS);UR0565;Não;Não;Não;BOLETIM DE OCORRENCIA;Classificada;26/08/2021 07:00;Não
2021-18098718-3;(BM) 2021-041084513-001;25/08/2021 18:51;RUA VEREADOR PROF OSVALDO L NEGRAO, Nº 237 - COHAB 5 - PASSOS;-207.217.989;-466.374.426;P02011 - VISTORIA EM ENXAME DE INSETOS (C) (Prioridade: 2 - Média);1CIA IND/2CIA/1PEL(PASSOS);UR0565;Não;Não;Não;BOLETIM DE OCORRENCIA;Classificada;26/08/2021 07:00;Não
2021-18099852-1;(BM) 2021-041093360-001;25/08/2021 20:05;AVENIDA PERIMETRAL, Nº S/N - PARQUE DA ESTACAO - PASSOS;-207.057.771;-466.097.547;O04012 - INCENDIO EM LOTE VAGO (AREA URBANA) (C) (Prioridade: 2 - Média);1CIA IND/2CIA/1PEL(PASSOS);ABTS0495;Não;Não;Não;BOLETIM DE OCORRENCIA;Classificada;26/08/2021 07:00;Não
2021-18099889-1;(BM) 2021-041093176-001;25/08/2021 20:07;RUA FRANCISCO VENANCIO, Nº S/N - COHAB 3 - PASSOS;-20.700.832;-466.268.656;V03003 - VITIMA DE AGRESSAO FISICA COM ARMA BRANCA (C) (Prioridade: 1 - Alta);1CIA IND/2CIA/1PEL(PASSOS);UR0565;Não;Não;Não;BOLETIM DE OCORRENCIA;Classificada;26/08/2021 07:00;Não
2021-18101114-7;(BM) 2021-041120850-001;25/08/2021 21:37;RUA MARGARIDA DE OLIVEIRA, Nº 429 - MORADA DO SOL - ITAU DE MINAS;-207.465.432;-46.742.131;O04012 - INCENDIO EM LOTE VAGO (AREA URBANA) (C) (Prioridade: 2 - Média);1CIA IND/2CIA/1PEL(PASSOS);ABTS0495;Não;Não;Não;BOLETIM DE OCORRENCIA;Classificada;26/08/2021 07:00;Não
2021-18101174-9;(BM) 2021-041120729-001;25/08/2021 21:44;RUA DOUTOR CARVALHO, Nº 1455 - NOSSA SENHORA DAS GRAÇAS - PASSOS;-207.352.269;-466.037.303;Q03006 - TREINAMENTO DE FORMACAO DE BRIGADAS (C) (Prioridade: 2 - Média);1CIA IND/2CIA/1PEL(PASSOS);BM1123223;Não;Não;Não;BOLETIM DE OCORRENCIA;Classificada;26/08/2021 07:00;Não
2021-18101778-7;(BM) 2021-041112406-001;25/08/2021 22:30;RUA ELVIRA MATTARELO TOSCANO, Nº 250 - RESIDENCIAL RECANTO DOS PINHEIROS - PASSOS;-206.944.935;-466.096.078;V01003 - VITIMA COM CRISE CONVULSIVA (C) (Prioridade: 1 - Alta);1CIA IND/2CIA/1PEL(PASSOS);UR0565;Não;Não;Não;BOLETIM DE OCORRENCIA;Classificada;26/08/2021 07:00;Não
2021-18104784-6;(BM) 2021-041142822-001;26/08/2021 07:25;RUA JUIZ DE FORA, Nº 888 - PASSOS;-207.064.772;-466.265.099;P01001 - VISTORIA DE FISCALIZACAO (C) (Prioridade: 2 - Média);1CIA IND/2CIA/PEL PREV E VIST(PASSOS);APF01362;Não;Não;Não;BOLETIM DE OCORRENCIA;Classificada;27/08/2021 01:30;Não
2021-18105230-0;(BM) 2021-041147292-001;26/08/2021 08:17;RUA ARARAS, Nº 7 - VILA ROMANA - PASSOS;-207.428.519;-466.108.634;P01001 - VISTORIA DE FISCALIZACAO (C) (Prioridade: 2 - Média);1CIA IND/2CIA/PEL PREV E VIST(PASSOS);APF01362;Não;Não;Não;BOLETIM DE OCORRENCIA;Classificada;27/08/2021 01:31;Não
2021-18105248-5;(BM) 2021-041147490-001;26/08/2021 08:22;AVENIDA JOAO PINHEIRO, Nº 1046 - VILA CRUZ - POCOS DE CALDAS;-217.846.553;-465.825.015;P01002 - VISTORIA DE LIBERACAO / EMISSAO DE AVCB (C) (Prioridade: 2 - Média);1CIA IND (POCOS DE CALDAS);APF01375;Não;Não;Não;BOLETIM DE OCORRENCIA;Classificada;27/08/2021 06:33;Não
2021-18105637-7;(BM) 2021-041151732-001;26/08/2021 08:57;RUA ESPIRITO SANTO, Nº 160 - BELA VISTA - PASSOS;-207.180.769;-465.991.904;P01001 - VISTORIA DE FISCALIZACAO (C) (Prioridade: 2 - Média);1CIA IND/2CIA/PEL PREV E VIST(PASSOS);APF01362;Não;Não;Não;BOLETIM DE OCORRENCIA;Classificada;27/08/2021 01:31;Não
2021-18106026-9;(BM) 2021-041163399-001;26/08/2021 09:29;AVENIDA ANTONIO ADAO DA SILVA, Nº 111 - PENHA 2 - PASSOS;-207.189.598;-466.322.189;V01999 - OUTROS TIPOS DE APH CLINICO (C) (Prioridade: 1 - Alta);1CIA IND/2CIA/1PEL(PASSOS);UR0565;Não;Não;Não;BOLETIM DE OCORRENCIA;Classificada;27/08/2021 01:36;Não
2021-18106129-1;(BM) 2021-041157768-001;26/08/2021 09:38;RUA DOUTOR CARVALHO, Nº 1455 - NOSSA SENHORA DAS GRAÇAS - PASSOS;-207.352.269;-466.037.303;Q03017 - TREINAMENTO DE PRIMEIROS SOCORROS (C) (Prioridade: 2 - Média);1CIA IND/2CIA/1PEL(PASSOS);ASL00064;Não;Não;Não;BOLETIM DE OCORRENCIA;Classificada;27/08/2021 01:33;Não
2021-18106326-2;(BM) 2021-041159635-001;26/08/2021 09:54;RUA VIOLETAS, Nº S/N - PANORAMA - PASSOS;-207.112.313;-466.159.781;O04012 - INCENDIO EM LOTE VAGO (AREA URBANA) (C) (Prioridade: 2 - Média);1CIA IND/2CIA/1PEL(PASSOS);ABTS0495;Não;Não;Não;BOLETIM DE OCORRENCIA;Classificada;27/08/2021 01:35;Não
2021-18106764-0;(BM) 2021-041165435-001;26/08/2021 10:21;RUA BENEDITO C FREITAS, Nº S/N - PARQUE DAS AROEIRAS - PASSOS;-207.242.791;-466.297.075;O04012 - INCENDIO EM LOTE VAGO (AREA URBANA) (C) (Prioridade: 2 - Média);1CIA IND/2CIA/1PEL(PASSOS);ABTS0495;Não;Não;Não;BOLETIM DE OCORRENCIA;Classificada;27/08/2021 01:34;Não
2021-18106820-9;(BM) 2021-041259462-001;26/08/2021 10:25;RUA CAETES, Nº S/N - NOSSA SENHORA APARECIDA - PASSOS;-20.743.907;-466.081.916;S05201 - CAPOTAMENTO DE AUTOMOVEL (CARRO, CAMIONETA, CAMINHONETE) (C) (Prioridade: 1 - Alta);1CIA IND/2CIA/1PEL(PASSOS);ASL00064;Não;Não;Não;BOLETIM DE OCORRENCIA;Classificada;27/08/2021 01:38;Não
2021-18106919-4;(BM) 2021-041166890-001;26/08/2021 10:32;RUA PARANA, Nº 922 - BELA VISTA - PASSOS;-207.126.638;-465.978.492;P01001 - VISTORIA DE FISCALIZACAO (C) (Prioridade: 2 - Média);1CIA IND/2CIA/PEL PREV E VIST(PASSOS);APF01362;Não;Não;Não;BOLETIM DE OCORRENCIA;Classificada;27/08/2021 01:31;Não
2021-18107962-9;(BM) 2021-041181977-001;26/08/2021 11:58;RUA VITORIA, Nº 323 - JARDIM COLEGIO DE PASSOS - PASSOS;-2.072.024;-465.939.955;V01018 - VITIMA DE MAL NAO DEFINIDO (DISTURBIO) (C) (Prioridade: 1 - Alta);1CIA IND/2CIA/1PEL(PASSOS);UR0565;Não;Não;Não;BOLETIM DE OCORRENCIA;Classificada;27/08/2021 01:36;Não
2021-18108747-1;(BM) 2021-041189450-001;26/08/2021 13:19;RODOVIA MG 050, Nº S/N - MONSENHOR MESSIAS - PASSOS;-207.391.965;-465.994.767;P03014 - PREVENCAO EM POUSO E DECOLAGEM DE AERONAVE (C) (Prioridade: 2 - Média);1CIA IND/2CIA/1PEL(PASSOS);ABTS0495 / UR0565;Não;Não;Não;BOLETIM DE OCORRENCIA;Classificada;27/08/2021 01:35;Não
2021-18108976-9;(BM) 2021-041191368-001;26/08/2021 13:34;AVENIDA PROJETADA, Nº S/N - RESIDENCIAL PORTAL DAS PALMEIRAS - PASSOS;-206.979.348;-466.101.586;S06002 - CAPTURA DE ANIMAL SILVESTRE PERIGOSO / AGRESSIVO (C) (Prioridade: 2 - Média);1CIA IND/2CIA/1PEL(PASSOS);ASL00064;Não;Não;Não;BOLETIM DE OCORRENCIA;Classificada;27/08/2021 01:34;Não
2021-18109705-7;(BM) 2021-041199587-001;26/08/2021 14:20;AVENIDA POCOS DE CALDAS, Nº 68 - PENHA - PASSOS;-20.714.469;-466.260.801;P01001 - VISTORIA DE FISCALIZACAO (C) (Prioridade: 2 - Média);1CIA IND/2CIA/PEL PREV E VIST(PASSOS);APF01362;Não;Não;Não;BOLETIM DE OCORRENCIA;Classificada;27/08/2021 01:31;Não
2021-18109989-6;(BM) 2021-041203258-001;26/08/2021 14:37;RUA PARDAL, Nº S/N - PARQUE DA FAZENDA - PASSOS;-207.383.312;-466.113.382;V02412 - VITIMA DE COLISAO ENTRE CAMINHAO / CARRETA X MOTOCICLETA (C) (Prioridade: 1 - Alta);1CIA IND/2CIA/1PEL(PASSOS);UR0565;Não;Não;Não;BOLETIM DE OCORRENCIA;Classificada;27/08/2021 01:36;Não
2021-18110028-8;(BM) 2021-041203640-001;26/08/2021 14:39;RUA FRANCISCO VENANCIO, Nº 259 - PASSOS;-207.201.527;-466.359.242;P01001 - VISTORIA DE FISCALIZACAO (C) (Prioridade: 2 - Média);1CIA IND/2CIA/PEL PREV E VIST(PASSOS);APF01362;Não;Não;Não;BOLETIM DE OCORRENCIA;Classificada;27/08/2021 01:31;Não
2021-18110461-1;(BM) 2021-041208837-001;26/08/2021 14:59;RUA SAO MIGUEL, Nº 425 - JARDIM PLANALTO - PASSOS;-207.220.075;-466.233.978;P01001 - VISTORIA DE FISCALIZACAO (C) (Prioridade: 2 - Média);1CIA IND/2CIA/PEL PREV E VIST(PASSOS);APF01362;Não;Não;Não;BOLETIM DE OCORRENCIA;Classificada;27/08/2021 01:31;Não
2021-18110660-8;(BM) 2021-041211031-001;26/08/2021 15:07;RUA MONSENHOR MESSIAS BRAGANCA, Nº 38 - JARDIM CIDADE - PASSOS;-207.282.057;-466.228.954;P01001 - VISTORIA DE FISCALIZACAO (C) (Prioridade: 2 - Média);1CIA IND/2CIA/PEL PREV E VIST(PASSOS);APF01362;Não;Não;Não;BOLETIM DE OCORRENCIA;Classificada;27/08/2021 01:31;Não
2021-18111312-7;(BM) 2021-041232849-001;26/08/2021 15:40;RUA ROBERVAL FERREIRA DE ALMEIDA, Nº S/N - SANTA CASA - PASSOS;-207.102.741;-466.097.624;O04012 - INCENDIO EM LOTE VAGO (AREA URBANA) (C) (Prioridade: 2 - Média);1CIA IND/2CIA/1PEL(PASSOS);ABTS0495;Não;Não;Não;BOLETIM DE OCORRENCIA;Classificada;27/08/2021 01:39;Não
2021-18111500-7;(BM) 2021-041221892-001;26/08/2021 15:50;AVENIDA PORTUGAL, Nº 847 - PARQUE DAS NACOES - POCOS DE CALDAS;-218.483.195;-465.659.259;P01001 - VISTORIA DE FISCALIZACAO (C) (Prioridade: 2 - Média);1CIA IND (POCOS DE CALDAS);APF01375;Não;Não;Não;BOLETIM DE OCORRENCIA;Classificada;27/08/2021 06:32;Não
2021-18112006-6;(BM) 2021-041228132-001;26/08/2021 16:17;RUA EGITO, Nº 535 - PARQUE DAS NACOES - POCOS DE CALDAS;-218.493.517;-465.634.482;P01001 - VISTORIA DE FISCALIZACAO (C) (Prioridade: 2 - Média);1CIA IND (POCOS DE CALDAS);APF01375;Não;Não;Não;BOLETIM DE OCORRENCIA;Classificada;27/08/2021 06:32;Não
2021-18112465-3;(BM) 2021-041236797-001;26/08/2021 16:43;RODOVIA MG 050, Nº S/N - MONSENHOR MESSIAS - PASSOS;-207.391.965;-465.994.767;O04008 - INCENDIO EM AREA RURAL NAO PROTEGIDA (C) (Prioridade: 2 - Média);1CIA IND/2CIA/1PEL(PASSOS);ABTS0495;Não;Não;Não;BOLETIM DE OCORRENCIA;Classificada;27/08/2021 01:39;Não
2021-18112571-0;(BM) 2021-041235240-001;26/08/2021 16:49;RUA JOAO FELICIANO ALVES, Nº 5 - CONJUNTO HABITACIONAL PEDRO AFONSO JUNQUEIRA - POCOS DE CALDAS;-218.493.768;-465.700.085;P01001 - VISTORIA DE FISCALIZACAO (C) (Prioridade: 2 - Média);1CIA IND (POCOS DE CALDAS);APF01375;Não;Não;Não;BOLETIM DE OCORRENCIA;Classificada;27/08/2021 06:32;Não
2021-18112721-1;(BM) 2021-041237328-001;26/08/2021 16:58;RUA RIO GRANDE, Nº 193 - VILA RICA - PASSOS;-20.725.397;-465.976.174;V03018 - VITIMA DE QUEDA DA PROPRIA ALTURA (C) (Prioridade: 1 - Alta);1CIA IND/2CIA/1PEL(PASSOS);UR0565;Não;Não;Não;BOLETIM DE OCORRENCIA;Classificada;27/08/2021 01:36;Não
2021-18113620-0;(BM) 2021-041247680-001;26/08/2021 17:50;RUA CARLOS OLIVEIRA APOLINARIO, Nº 290 - CONJUNTO HABITACIONAL PEDRO AFONSO JUNQUEIRA - POCOS DE CALDAS;-218.534.822;-465.636.099;P01001 - VISTORIA DE FISCALIZACAO (C) (Prioridade: 2 - Média);1CIA IND (POCOS DE CALDAS);APF01375;Não;Não;Não;BOLETIM DE OCORRENCIA;Classificada;27/08/2021 06:31;Não
2021-18118078-0;(BM) 2021-041302078-001;26/08/2021 22:36;RUA CONCEICAO VIEIRA DE CARVALHO, Nº 81 - RESIDENCIAL RECANTO DOS PINHEIROS - PASSOS;-206.918.805;-466.104.758;O04008 - INCENDIO EM AREA RURAL NAO PROTEGIDA (C) (Prioridade: 2 - Média);1CIA IND/2CIA/1PEL(PASSOS);ASL00064;Não;Não;Não;BOLETIM DE OCORRENCIA;Classificada;27/08/2021 01:39;Não
2021-18120618-8;(BM) 2021-041320013-001;27/08/2021 04:58;RUA SOCRATES ALVIM, Nº 10 - CAMARGOS - BELO HORIZONTE;-199.423.744;-440.123.111;X03000 - EMPENHO ADMINISTRATIVO (C) (Prioridade: 2 - Média);1CIA IND/2CIA/1PEL(PASSOS);ASL00064;Não;Não;Não;BOLETIM DE OCORRENCIA;Classificada;28/08/2021 06:11;Não
2021-18121710-6;(BM) 2021-041330389-001;27/08/2021 08:18;RUA DOUTOR CARVALHO, Nº 1455 - NOSSA SENHORA DAS GRAÇAS - PASSOS;-207.352.269;-466.037.303;Q03999 - OUTROS TIPOS DE TREINAMENTO (C) (Prioridade: 2 - Média);1CIA IND/2CIA/1PEL(PASSOS);UR0565;Não;Não;Não;BOLETIM DE OCORRENCIA;Classificada;27/08/2021 19:04;Não
2021-18122124-9;(BM) 2021-041335171-001;27/08/2021 09:01;RUA CEARA, Nº 333 - PASSOS;-207.139.554;-466.021.373;P01001 - VISTORIA DE FISCALIZACAO (C) (Prioridade: 2 - Média);1CIA IND/2CIA/PEL PREV E VIST(PASSOS);TPO01115;Não;Não;Não;BOLETIM DE OCORRENCIA;Classificada;27/08/2021 19:04;Não
2021-18122279-5;(BM) 2021-041337008-001;27/08/2021 09:14;RUA BARAO DE PASSOS, Nº 1418 - BELA VISTA - PASSOS;-207.125.858;-466.002.823;P01001 - VISTORIA DE FISCALIZACAO (C) (Prioridade: 2 - Média);1CIA IND/2CIA/PEL PREV E VIST(PASSOS);TPO01115;Não;Não;Não;BOLETIM DE OCORRENCIA;Classificada;27/08/2021 19:04;Não
2021-18122507-8;(BM) 2021-041339953-001;27/08/2021 09:32;RUA IBIRACI, Nº 225 - PENHA - PASSOS;-207.140.317;-46.625.591;P01001 - VISTORIA DE FISCALIZACAO (C) (Prioridade: 2 - Média);1CIA IND/2CIA/PEL PREV E VIST(PASSOS);TPO01115;Não;Não;Não;BOLETIM DE OCORRENCIA;Classificada;27/08/2021 19:05;Não
2021-18122560-0;(BM) 2021-041345164-001;27/08/2021 09:34;RUA COIMBRAS, Nº 1170 - NOSSA SENHORA DE FATIMA - PASSOS;-206.978.507;-466.162.877;V01004 - VITIMA COM CRISE DIABETICA / HIPOGLICEMIA (C) (Prioridade: 1 - Alta);1CIA IND/2CIA/1PEL(PASSOS);UR0565;Não;Não;Não;BOLETIM DE OCORRENCIA;Classificada;27/08/2021 19:06;Não
2021-18122923-2;(BM) 2021-041345227-001;27/08/2021 10:05;RUA CONGONHAS, Nº 187 - PENHA - PASSOS;-207.171.885;-466.282.041;P01001 - VISTORIA DE FISCALIZACAO (C) (Prioridade: 2 - Média);1CIA IND/2CIA/PEL PREV E VIST(PASSOS);APF01362;Não;Não;Não;BOLETIM DE OCORRENCIA;Classificada;27/08/2021 19:05;Não
2021-18123216-0;(BM) 2021-041442953-001;27/08/2021 10:29;AVENIDA AROUCA, Nº 504 - CENTRO - PASSOS;-207.175.814;-466.082.738;V01018 - VITIMA DE MAL NAO DEFINIDO (DISTURBIO) (C) (Prioridade: 1 - Alta);1CIA IND/2CIA/1PEL(PASSOS);UR0565;Não;Não;Não;BOLETIM DE OCORRENCIA;Classificada;27/08/2021 19:07;Não
2021-18123717-6;(BM) 2021-041381415-001;27/08/2021 11:07;AVENIDA AMAZONAS, Nº 1067 - BELA VISTA 2 - PASSOS;-207.104.562;-465.941.063;V01022 - VITIMA PARTURIENTE / EMERGENCIAS OBSTETRICAS (C) (Prioridade: 1 - Alta);1CIA IND/2CIA/1PEL(PASSOS);UR0565;Não;Não;Não;BOLETIM DE OCORRENCIA;Classificada;27/08/2021 19:08;Não
2021-18124680-3;(BM) 2021-041366705-001;27/08/2021 12:42;AVENIDA ALCOA, Nº 8740 - JARDIM KENNEDY 1 - POCOS DE CALDAS;;;P01001 - VISTORIA DE FISCALIZACAO (C) (Prioridade: 2 - Média);1CIA IND (POCOS DE CALDAS);APF01375;Não;Não;Não;BOLETIM DE OCORRENCIA;Classificada;28/08/2021 06:11;Não
2021-18125680-9;(BM) 2021-041377811-001;27/08/2021 14:03;AVENIDA PROFESSORA MAGDA PINTO AMARANTE, Nº 296 - POCOS DE CALDAS;-218.075.996;-465.446.809;P01001 - VISTORIA DE FISCALIZACAO (C) (Prioridade: 2 - Média);1CIA IND (POCOS DE CALDAS);APF01375;Não;Não;Não;BOLETIM DE OCORRENCIA;Classificada;28/08/2021 06:12;Não
2021-18126085-0;;27/08/2021 14:25;ACESSO RURAL ZONA RURAL - ZONA RURAL, SENTIDO MATA DO SINO - NOVA RESENDE;;;O04004 - INCENDIO EM AREA DE REFLORESTAMENTO (C) (Prioridade: 2 - Média);1CIA IND (POCOS DE CALDAS);;Não;Não;Não;FALTEF-NÃO ATENDIDA FALTA DE EFETIVO;Classificada;27/08/2021 14:28;Não
2021-18127283-0;(BM) 2021-041397916-001;27/08/2021 15:23;RUA DOUTOR CARVALHO, Nº 1455 - NOSSA SENHORA DAS GRAÇAS - PASSOS;-207.352.269;-466.037.303;Q03005 - TREINAMENTO DE SALVAMENTO TERRESTRE (C) (Prioridade: 2 - Média);1CIA IND/2CIA/1PEL(PASSOS);BM1178508;Não;Não;Não;BOLETIM DE OCORRENCIA;Classificada;27/08/2021 19:05;Não
2021-18127652-4;(BM) 2021-041401669-001;27/08/2021 15:45;AVENIDA IRRADIACAO, Nº 455 - JARDIM QUISISANA - POCOS DE CALDAS;-218.001.096;-465.697.191;P01001 - VISTORIA DE FISCALIZACAO (C) (Prioridade: 2 - Média);1CIA IND (POCOS DE CALDAS);APF01375;Não;Não;Não;BOLETIM DE OCORRENCIA;Classificada;28/08/2021 06:12;Não
2021-18127657-8;(BM) 2021-041401840-001;27/08/2021 15:45;RUA SENADOR GODOY, Nº 482 - SANTA RITA - POCOS DE CALDAS;-217.896.025;-465.544.778;P01001 - VISTORIA DE FISCALIZACAO (C) (Prioridade: 2 - Média);1CIA IND (POCOS DE CALDAS);APF01375;Não;Não;Não;BOLETIM DE OCORRENCIA;Classificada;28/08/2021 07:23;Não
2021-18128097-0;(BM) 2021-041407290-001;27/08/2021 16:07;RUA VEREADOR PROF OSVALDO L NEGRAO, Nº 83 - COHAB 4 - PASSOS;-207.216.975;-466.359.064;V01018 - VITIMA DE MAL NAO DEFINIDO (DISTURBIO) (C) (Prioridade: 1 - Alta);1CIA IND/2CIA/1PEL(PASSOS);UR0565;Não;Não;Não;BOLETIM DE OCORRENCIA;Classificada;27/08/2021 19:08;Não
2021-18128943-2;(BM) 2021-041416914-001;27/08/2021 16:51;RUA CORREA NETO, Nº 401 - SAO BENEDITO - POCOS DE CALDAS;-217.896.872;-465.624.396;P01002 - VISTORIA DE LIBERACAO / EMISSAO DE AVCB (C) (Prioridade: 2 - Média);1CIA IND (POCOS DE CALDAS);APF01375;Não;Não;Não;BOLETIM DE OCORRENCIA;Classificada;28/08/2021 07:25;Não
2021-18131154-0;(BM) 2021-041443224-001;27/08/2021 18:52;RUA ANTONIO JOSE DOS SANTOS, Nº 111 - JARDIM PINHEIROS - PASSOS;-207.250.402;-466.220.665;X03000 - EMPENHO ADMINISTRATIVO (C) (Prioridade: 2 - Média);1CIA IND/2CIA/1PEL(PASSOS);UR0565;Não;Não;Não;BOLETIM DE OCORRENCIA;Classificada;27/08/2021 20:13;Não
2021-18132264-4;;27/08/2021 19:58;RODOVIA BR 459 - POCOS DE CALDAS;;;O04014 - INCENDIO AS MARGENS DE RODOVIA (C) (Prioridade: 2 - Média);1CIA IND (POCOS DE CALDAS);;Não;Não;Não;ATENPO-ATENDIDA POR OUTROS ÓRGÃOS;Classificada;28/08/2021 08:28;Não
2021-18133896-3;(BM) 2021-041470390-001;27/08/2021 21:47;ESTRADA PRINCIPAL ESTRADA LINHA DAS AGUAS, Nº S/N - PASSOS;-2.084.525;-46.554.028;O04008 - INCENDIO EM AREA RURAL NAO PROTEGIDA (C) (Prioridade: 2 - Média);1CIA IND/2CIA/1PEL(PASSOS);ABTS0495;Não;Não;Não;BOLETIM DE OCORRENCIA;Classificada;28/08/2021 06:26;Não
2021-18138757-4;(BM) 2021-041507803-001;28/08/2021 04:11;AVENIDA CHAFARIZ, Nº 2869 - SERRA DAS BRISAS - PASSOS;-207.363.857;-465.911.925;W03000 - SOLICITANTE ENCONTRADO - PROVIDENCIA DISPENSADA (C) (Prioridade: 3 - Baixa);1CIA IND/2CIA/1PEL(PASSOS);UR0565;Não;Não;Não;BOLETIM DE OCORRENCIA;Classificada;28/08/2021 06:26;Não
2021-18139983-9;(BM) 2021-041528131-001;28/08/2021 08:27;RUA DOUTOR CARVALHO, Nº 1455 - NOSSA SENHORA DAS GRAÇAS - PASSOS;-207.352.269;-466.037.303;Q03001 - TREINAMENTO DE COMBATE A INCENDIO (C) (Prioridade: 2 - Média);1CIA IND/2CIA/1PEL(PASSOS);BM1206671;Não;Não;Não;BOLETIM DE OCORRENCIA;Classificada;29/08/2021 06:57;Não
2021-18140672-6;(BM) 2021-041524581-001;28/08/2021 09:41;RODOVIA MG 050, Km 344 - PASSOS;-207.262.559;-4.650.278;S05303 - COLISAO ENTRE AUTOMOVEIS (CARRO, CAMIONETA, CAMINHONETE) (C) (Prioridade: 1 - Alta);1CIA IND/2CIA/1PEL(PASSOS);ABTS0495 / UR0565;Não;Não;Não;BOLETIM DE OCORRENCIA;Classificada;29/08/2021 06:53;Não
2021-18142879-5;(BM) 2021-041561235-001;28/08/2021 13:41;RUA FARMACEUTICOS, Nº 150 - NOVO HORIZONTE - PASSOS;-207.293.932;-466.033.935;V01003 - VITIMA COM CRISE CONVULSIVA (C) (Prioridade: 1 - Alta);1CIA IND/2CIA/1PEL(PASSOS);UR0565;Não;Não;Não;BOLETIM DE OCORRENCIA;Classificada;29/08/2021 06:52;Não
2021-18143361-2;(BM) 2021-041558298-001;28/08/2021 14:18;RUA BRANDOES, Nº 450 - BELO HORIZONTE - PASSOS;-207.275.534;-466.057.033;S06005 - CAPTURA DE INSETOS (C) (Prioridade: 2 - Média);1CIA IND/2CIA/1PEL(PASSOS);ASL00064;Não;Não;Não;BOLETIM DE OCORRENCIA;Classificada;29/08/2021 06:57;Não
2021-18146423-4;(BM) 2021-041583787-001;28/08/2021 17:23;RUA PINTASSILGO, Nº S/N - PARQUE DA FAZENDA - PASSOS;-207.385.607;-46.610.172;V01018 - VITIMA DE MAL NAO DEFINIDO (DISTURBIO) (C) (Prioridade: 1 - Alta);1CIA IND/2CIA/1PEL(PASSOS);UR0565;Não;Não;Não;BOLETIM DE OCORRENCIA;Classificada;29/08/2021 06:52;Não
2021-18146865-2;(BM) 2021-041584242-001;28/08/2021 17:52;FAZENDA ESMERIL, Nº S/N - SAO JOAO BATISTA GLORIA;-205.830.018;-464.334.995;S06005 - CAPTURA DE INSETOS (C) (Prioridade: 2 - Média);1CIA IND/2CIA/1PEL(PASSOS);ASL00064;Não;Não;Não;BOLETIM DE OCORRENCIA;Classificada;29/08/2021 06:57;Não
2021-18147452-8;(BM) 2021-041640697-002;28/08/2021 18:20;AVENIDA JK, Nº S/N - MONSENHOR MESSIAS - PASSOS;-207.342.178;-465.979.772;V02408 - VITIMA DE COLISAO ENTRE AUTOMOVEL X MOTOCICLETA (C) (Prioridade: 1 - Alta);1CIA IND/2CIA/1PEL(PASSOS);UR0565;Não;Não;Não;BOLETIM DE OCORRENCIA;Classificada;29/08/2021 06:52;Não
2021-18149022-0;(BM) 2021-041609670-001;28/08/2021 19:47;RUA BONSUCESSO, Nº 267 - CANDEIAS - PASSOS;-207.187.304;-466.134.056;S06005 - CAPTURA DE INSETOS (C) (Prioridade: 2 - Média);1CIA IND/2CIA/1PEL(PASSOS);ABTS0495;Não;Não;Não;BOLETIM DE OCORRENCIA;Classificada;29/08/2021 06:57;Não
2021-18151025-0;(BM) 2021-041621976-001;28/08/2021 21:40;RUA IATE, Nº 219 - MONSENHOR MESSIAS - PASSOS;-207.378.594;-466.018.303;V01010 - VITIMA COM DOR TORACICA/SUSPEITA DE INFARTO (IAM) (C) (Prioridade: 1 - Alta);1CIA IND/2CIA/1PEL(PASSOS);UR0565;Não;Não;Não;BOLETIM DE OCORRENCIA;Classificada;29/08/2021 06:52;Não
2021-18151099-7;(BM) 2021-041622156-001;28/08/2021 21:46;AVENIDA JUCA STOCKLER, Nº S/N - ACLIMACAO - PASSOS;;;O04012 - INCENDIO EM LOTE VAGO (AREA URBANA) (C) (Prioridade: 2 - Média);1CIA IND/2CIA/1PEL(PASSOS);ABTS0495;Não;Não;Não;BOLETIM DE OCORRENCIA;Classificada;29/08/2021 06:56;Não
2021-18154226-9;(BM) 2021-041643948-001;29/08/2021 00:24;AVENIDA PERIMETRAL, Nº S/N - PARQUE DA ESTACAO - PASSOS;-207.057.771;-466.097.547;O04012 - INCENDIO EM LOTE VAGO (AREA URBANA) (C) (Prioridade: 2 - Média);1CIA IND/2CIA/1PEL(PASSOS);ABTS0495;Não;Não;Não;BOLETIM DE OCORRENCIA;Classificada;29/08/2021 06:56;Não
2021-18156760-0;(BM) 2021-041660986-001;29/08/2021 03:24;RUA CEARA, Nº 987 - BELA VISTA - PASSOS;-207.182.885;-46.597.531;V01018 - VITIMA DE MAL NAO DEFINIDO (DISTURBIO) (C) (Prioridade: 1 - Alta);1CIA IND/2CIA/1PEL(PASSOS);UR0565;Não;Não;Não;BOLETIM DE OCORRENCIA;Classificada;29/08/2021 06:51;Não
2021-18157605-3;(BM) 2021-041801861-001;29/08/2021 06:35;RUA PADRE AUGUSTO, Nº 551 - CENTRO - MONTES CLAROS;-167.240.279;-438.623.642;X03000 - EMPENHO ADMINISTRATIVO (C) (Prioridade: 2 - Média);1CIA IND (POCOS DE CALDAS);TPO01026;Não;Não;Não;BOLETIM DE OCORRENCIA;Classificada;03/09/2021 00:40;Não
2021-18158888-5;(BM) 2021-041683090-001;29/08/2021 09:46;RUA DOUTOR CARVALHO, Nº 1455 - NOSSA SENHORA DAS GRAÇAS - PASSOS;-207.352.269;-466.037.303;Q03999 - OUTROS TIPOS DE TREINAMENTO (C) (Prioridade: 2 - Média);1CIA IND/2CIA/1PEL(PASSOS);BM1274612;Não;Não;Não;BOLETIM DE OCORRENCIA;Classificada;31/08/2021 21:38;Não
2021-18159078-0;(BM) 2021-041680253-001;29/08/2021 10:07;RUA GOIANIA, Nº 269 - JARDIM COLEGIO DE PASSOS - PASSOS;-207.206.936;-465.935.311;S06001 - SALVAMENTO DE ANIMAL EM RISCO / PERIGO (C) (Prioridade: 2 - Média);1CIA IND/2CIA/1PEL(PASSOS);ABTS0495;Não;Não;Não;BOLETIM DE OCORRENCIA;Classificada;31/08/2021 21:38;Não
2021-18159567-7;(BM) 2021-041684825-001;29/08/2021 11:04;AVENIDA COMENDADOR FRANCISCO A MAIA, Nº 1720 - SANTA CASA - PASSOS;-207.141.667;-466.122.802;O04012 - INCENDIO EM LOTE VAGO (AREA URBANA) (C) (Prioridade: 2 - Média);1CIA IND/2CIA/1PEL(PASSOS);ABTS0495;Não;Não;Não;BOLETIM DE OCORRENCIA;Classificada;31/08/2021 21:38;Não
2021-18159731-9;;29/08/2021 11:20;AVENIDA COMENDADOR FRANCISCO A MAIA, Nº 1720 - SANTA CASA - PASSOS;-207.141.667;-466.122.802;W98011 - SOLICITACAO DE APOIO (C) (Prioridade: 1 - Alta);1CIA IND/2CIA/1PEL(PASSOS);ASL00064;Não;Não;Não;ATENPO-ATENDIDA POR OUTROS ÓRGÃOS;Classificada;30/08/2021 17:23;Não
2021-18160152-9;(BM) 2021-041690127-001;29/08/2021 12:17;AVENIDA PERIMETRAL, Nº 538 - PARQUE DA ESTACAO - PASSOS;-207.063.425;-466.101.825;V01007 - VITIMA COM DISPNEIA (FALTA DE AR) (C) (Prioridade: 1 - Alta);1CIA IND/2CIA/1PEL(PASSOS);UR0565;Não;Não;Não;BOLETIM DE OCORRENCIA;Classificada;31/08/2021 21:39;Não
2021-18163466-3;(BM) 2021-041720890-001;29/08/2021 16:28;RUA TENENTE VASCONCELOS, Nº 424 - CENTRO - PASSOS;-20.714.474;-466.086.061;P02011 - VISTORIA EM ENXAME DE INSETOS (C) (Prioridade: 2 - Média);1CIA IND/2CIA/1PEL(PASSOS);ASL00064;Não;Não;Não;BOLETIM DE OCORRENCIA;Classificada;31/08/2021 21:38;Não
2021-18165679-5;(BM) 2021-041743931-001;29/08/2021 18:40;RUA TENENTE VASCONCELOS, Nº 424 - CENTRO - PASSOS;-20.714.474;-466.086.061;S06005 - CAPTURA DE INSETOS (C) (Prioridade: 2 - Média);1CIA IND/2CIA/1PEL(PASSOS);ASL00064;Não;Não;Não;BOLETIM DE OCORRENCIA;Classificada;31/08/2021 21:38;Não
2021-18166149-7;(BM) 2021-041750645-001;29/08/2021 19:06;RUA AMAPA, Nº S/N - SANTA LUZIA - PASSOS;-207.079.877;-465.972.919;O04012 - INCENDIO EM LOTE VAGO (AREA URBANA) (C) (Prioridade: 2 - Média);1CIA IND/2CIA/1PEL(PASSOS);ABTS0495;Não;Não;Não;BOLETIM DE OCORRENCIA;Classificada;31/08/2021 21:39;Não
2021-18167566-0;(BM) 2021-041760101-001;29/08/2021 20:29;RUA CARAJAS, Nº 764 - VILA ROMANA - PASSOS;-207.427.959;-466.085.858;V01003 - VITIMA COM CRISE CONVULSIVA (C) (Prioridade: 1 - Alta);1CIA IND/2CIA/1PEL(PASSOS);UR0565;Não;Não;Não;BOLETIM DE OCORRENCIA;Classificada;31/08/2021 21:41;Não
2021-18168109-3;(BM) 2021-041764890-001;29/08/2021 21:07;RUA GERALDO S. ALMEIDA, Nº 70 - COHAB 2 - PASSOS;-20.712.861;-466.303.768;S06005 - CAPTURA DE INSETOS (C) (Prioridade: 2 - Média);1CIA IND/2CIA/1PEL(PASSOS);ASL00064;Não;Não;Não;BOLETIM DE OCORRENCIA;Classificada;31/08/2021 21:39;Não
2021-18170918-3;(BM) 2021-041793638-002;30/08/2021 00:24;RUA COIMBRAS, Nº S/N - NOSSA SENHORA DE LOURDES - PASSOS;-206.987.548;-466.163.657;V02301 - VITIMA DE CAPOTAMENTO DE AUTOMOVEL (CARRO / CAMINHONETE) (C) (Prioridade: 1 - Alta);1CIA IND/2CIA/1PEL(PASSOS);ABTS0495 / UR0565;Não;Não;Não;BOLETIM DE OCORRENCIA;Classificada;31/08/2021 21:44;Não
2021-18171675-9;(BM) 2021-041798277-001;30/08/2021 02:16;RUA CAETES, Nº 235 - SAO JOAQUIM - PASSOS;-20.742.611;-466.031.054;V01018 - VITIMA DE MAL NAO DEFINIDO (DISTURBIO) (C) (Prioridade: 1 - Alta);1CIA IND/2CIA/1PEL(PASSOS);UR0565;Não;Não;Não;BOLETIM DE OCORRENCIA;Classificada;31/08/2021 07:21;Não
2021-18173191-3;(BM) 2021-041810875-001;30/08/2021 08:20;RUA JOAO MARIA CASALINHO, Nº 440 - SANTA ANGELA 4 - POCOS DE CALDAS;-217.990.417;-465.773.072;P01002 - VISTORIA DE LIBERACAO / EMISSAO DE AVCB (C) (Prioridade: 2 - Média);1CIA IND (POCOS DE CALDAS);APF01375;Não;Não;Não;BOLETIM DE OCORRENCIA;Classificada;30/08/2021 15:40;Não
2021-18173870-5;(BM) 2021-041922863-001;30/08/2021 09:14;AVENIDA EXPEDICIONARIOS, Nº 1118 - JARDIM COLEGIO DE PASSOS - PASSOS;-207.235.177;-465.973.568;V01018 - VITIMA DE MAL NAO DEFINIDO (DISTURBIO) (C) (Prioridade: 1 - Alta);1CIA IND/2CIA/1PEL(PASSOS);UR0565;Não;Não;Não;BOLETIM DE OCORRENCIA;Classificada;31/08/2021 07:21;Não
2021-18174265-3;(BM) 2021-041824825-001;30/08/2021 09:49;AVENIDA JUCA STOCKLER, Nº 2582 - SAO JOAQUIM - PASSOS;-2.074.788;-465.988.936;P01002 - VISTORIA DE LIBERACAO / EMISSAO DE AVCB (C) (Prioridade: 2 - Média);1CIA IND/2CIA/PEL PREV E VIST(PASSOS);TPO01115;Não;Não;Não;BOLETIM DE OCORRENCIA;Classificada;31/08/2021 07:15;Não
2021-18174452-0;(BM) 2021-041827151-001;30/08/2021 10:02;RODOVIA MG 050, Nº S/N - MONSENHOR MESSIAS - PASSOS;-207.391.965;-465.994.767;P01001 - VISTORIA DE FISCALIZACAO (C) (Prioridade: 2 - Média);1CIA IND/2CIA/PEL PREV E VIST(PASSOS);TPO01115;Não;Não;Não;BOLETIM DE OCORRENCIA;Classificada;31/08/2021 07:15;Não
2021-18174715-8;(BM) 2021-041831266-001;30/08/2021 10:22;RUA SEBASTIAO BENEDITO DE ANDRADE, Nº S/N - JARDIM CANADA - PASSOS;-20.748.478;-466.084.621;P01001 - VISTORIA DE FISCALIZACAO (C) (Prioridade: 2 - Média);1CIA IND/2CIA/PEL PREV E VIST(PASSOS);TPO01115;Não;Não;Não;BOLETIM DE OCORRENCIA;Classificada;31/08/2021 07:15;Não
2021-18174973-3;(BM) 2021-041840492-001;30/08/2021 10:43;RUA CARAMANCHAO, Nº S/N - CASARAO - PASSOS;-207.217.553;-465.907.741;V01019 - VITIMA COM OBSTRUCAO DE VIAS AEREAS POR CORPOS ESTRANHOS (C) (Prioridade: 1 - Alta);1CIA IND/2CIA/1PEL(PASSOS);UR0565;Não;Não;Não;BOLETIM DE OCORRENCIA;Classificada;31/08/2021 07:21;Não
2021-18175007-3;(BM) 2021-041834260-001;30/08/2021 10:47;RODOVIA MG 050, Nº 355 - JARDIM EMBRATEL - PASSOS;-207.407.705;-466.047.202;P01001 - VISTORIA DE FISCALIZACAO (C) (Prioridade: 2 - Média);1CIA IND/2CIA/PEL PREV E VIST(PASSOS);TPO01115;Não;Não;Não;BOLETIM DE OCORRENCIA;Classificada;31/08/2021 07:16;Não
2021-18175082-9;(BM) 2021-041834796-001;30/08/2021 10:50;RUA GOIAS, Nº 383 - CENTRO - POCOS DE CALDAS;-217.830.429;-465.678.353;P01001 - VISTORIA DE FISCALIZACAO (C) (Prioridade: 2 - Média);1CIA IND (POCOS DE CALDAS);APF01375;Não;Não;Não;BOLETIM DE OCORRENCIA;Classificada;30/08/2021 15:40;Não
2021-18175211-0;(BM) 2021-041839275-001;30/08/2021 11:00;RUA DOUTOR CARVALHO, Nº 1455 - NOSSA SENHORA DAS GRAÇAS - PASSOS;-207.352.269;-466.037.303;P01001 - VISTORIA DE FISCALIZACAO (C) (Prioridade: 2 - Média);1CIA IND/2CIA/PEL PREV E VIST(PASSOS);TPO01115;Não;Não;Não;BOLETIM DE OCORRENCIA;Classificada;31/08/2021 07:16;Não
2021-18175362-5;(BM) 2021-041838318-001;30/08/2021 11:10;RUA PREFEITO CHAGAS, Nº 81 - CENTRO - POCOS DE CALDAS;-217.876.398;-465.666.534;P01001 - VISTORIA DE FISCALIZACAO (C) (Prioridade: 2 - Média);1CIA IND (POCOS DE CALDAS);APF01375;Não;Não;Não;BOLETIM DE OCORRENCIA;Classificada;30/08/2021 15:40;Não
2021-18175770-1;(BM) 2021-041851085-001;30/08/2021 11:43;RUA JOAQUIM LOPES, Nº S/N - PENHA - PASSOS;-207.164.698;-466.285.663;S06003 - CAPTURA DE CAO PERIGOSO / AGRESSIVO (C) (Prioridade: 2 - Média);1CIA IND/2CIA/1PEL(PASSOS);ASL00064;Não;Não;Não;BOLETIM DE OCORRENCIA;Classificada;31/08/2021 07:16;Não
2021-18175873-4;(BM) 2021-041845348-001;30/08/2021 11:53;RUA ABILIO NARCIZO PEREIRA, Nº 514 - POCOS DE CALDAS;;;P01001 - VISTORIA DE FISCALIZACAO (C) (Prioridade: 2 - Média);1CIA IND (POCOS DE CALDAS);APF01375;Não;Não;Não;BOLETIM DE OCORRENCIA;Classificada;30/08/2021 15:40;Não
2021-18177195-6;(BM) 2021-041920037-001;30/08/2021 13:50;RUA ELZO CALIXTO MATTAR, Nº 1459 - NOSSA SENHORA DAS GRAÇAS - PASSOS;-207.383.664;-466.060.787;V01999 - OUTROS TIPOS DE APH CLINICO (C) (Prioridade: 1 - Alta);1CIA IND/2CIA/1PEL(PASSOS);UR0565;Não;Não;Não;BOLETIM DE OCORRENCIA;Classificada;31/08/2021 07:21;Não
2021-18177502-3;(BM) 2021-041864385-001;30/08/2021 14:08;AVENIDA JULIA HUSSEIN RAYDAY, Nº 156 - CENTREVILLE - POCOS DE CALDAS;;;P01002 - VISTORIA DE LIBERACAO / EMISSAO DE AVCB (C) (Prioridade: 2 - Média);1CIA IND (POCOS DE CALDAS);APF01375;Não;Não;Não;BOLETIM DE OCORRENCIA;Classificada;31/08/2021 06:42;Não
2021-18179590-1;(BM) 2021-041890747-001;30/08/2021 15:59;RUA PERNAMBUCO, Nº 761 - CENTRO - POCOS DE CALDAS;-217.840.208;-465.656.153;P01001 - VISTORIA DE FISCALIZACAO (C) (Prioridade: 2 - Média);1CIA IND (POCOS DE CALDAS);APF01375;Não;Não;Não;BOLETIM DE OCORRENCIA;Classificada;31/08/2021 06:42;Não
2021-18180376-9;(BM) 2021-041920381-001;30/08/2021 16:41;AVENIDA COMENDADOR FRANCISCO A MAIA, Nº S/N - SANTA CASA - PASSOS;-207.146.788;-466.127.072;V01999 - OUTROS TIPOS DE APH CLINICO (C) (Prioridade: 1 - Alta);1CIA IND/2CIA/1PEL(PASSOS);UR0565;Não;Não;Não;BOLETIM DE OCORRENCIA;Classificada;31/08/2021 07:21;Não
2021-18181373-6;(BM) 2021-041915021-001;30/08/2021 17:35;RUA DOUTOR CARVALHO, Nº 1455 - NOSSA SENHORA DAS GRAÇAS - PASSOS;-207.352.269;-466.037.303;Q03999 - OUTROS TIPOS DE TREINAMENTO (C) (Prioridade: 2 - Média);1CIA IND/2CIA/1PEL(PASSOS);BM1235779;Não;Não;Não;BOLETIM DE OCORRENCIA;Classificada;31/08/2021 07:16;Não
2021-18182397-0;(BM) 2021-041924680-001;30/08/2021 18:36;RUA DOUTOR CARVALHO, Nº 1455 - NOSSA SENHORA DAS GRAÇAS - PASSOS;-207.352.269;-466.037.303;V03999 - OUTROS TIPOS DE APH DE TRAUMAS DIVERSOS   (C) (Prioridade: 1 - Alta);1CIA IND/2CIA/1PEL(PASSOS);ASL00064;Não;Não;Não;BOLETIM DE OCORRENCIA;Classificada;31/08/2021 07:22;Não
2021-18183353-0;(BM) 2021-041934134-001;30/08/2021 19:38;AVENIDA JK, Nº S/N - MONSENHOR MESSIAS - PASSOS;-207.342.178;-465.979.772;V01025 - VITIMA DE USO / ABUSO / DEPENDENCIA DE DROGAS / ALCOOL (C) (Prioridade: 1 - Alta);1CIA IND/2CIA/1PEL(PASSOS);UR0565;Não;Não;Não;BOLETIM DE OCORRENCIA;Classificada;30/08/2021 20:00;Não
2021-18184612-1;(BM) 2021-041950481-001;30/08/2021 21:07;RUA RIO DOCE, Nº 950 - RECANTO DA HARMONIA - PASSOS;-207.037.476;-465.975.443;S06005 - CAPTURA DE INSETOS (C) (Prioridade: 2 - Média);1CIA IND/2CIA/1PEL(PASSOS);ASL00064;Não;Não;Não;BOLETIM DE OCORRENCIA;Classificada;31/08/2021 07:16;Não
2021-18184615-0;(BM) 2021-041957769-001;30/08/2021 21:08;RODOVIA MG 050, Nº S/N - SANTA TEREZINHA - ITAU DE MINAS;-207.498.551;-467.534.723;O04008 - INCENDIO EM AREA RURAL NAO PROTEGIDA (C) (Prioridade: 2 - Média);1CIA IND/2CIA/1PEL(PASSOS);ABTS0495;Não;Não;Não;BOLETIM DE OCORRENCIA;Classificada;31/08/2021 07:16;Não
2021-18187699-6;(BM) 2021-041982418-001;31/08/2021 04:03;AVENIDA ARLINDO FIGUEIREDO, Nº S/N - JARDIM PINHEIROS 2 - PASSOS;-207.262.479;-466.225.308;V01999 - OUTROS TIPOS DE APH CLINICO (C) (Prioridade: 1 - Alta);1CIA IND/2CIA/1PEL(PASSOS);UR0565;Não;Não;Não;BOLETIM DE OCORRENCIA;Classificada;31/08/2021 07:22;Não
2021-18187812-7;(BM) 2021-041983202-001;31/08/2021 04:48;RUA AMEIXAS, Nº 42 - NOSSA SENHORA DE LOURDES - PASSOS;-206.987.112;-466.184.107;O04012 - INCENDIO EM LOTE VAGO (AREA URBANA) (C) (Prioridade: 2 - Média);1CIA IND/2CIA/1PEL(PASSOS);ABTS0495;Não;Não;Não;BOLETIM DE OCORRENCIA;Classificada;31/08/2021 07:16;Não
2021-18188160-3;(BM) 2021-041987320-001;31/08/2021 07:06;RUA MACAPA, Nº 240 - JARDIM COLEGIO DE PASSOS - PASSOS;-207.221.516;-465.974.208;V01009 - VITIMA COM DOR NA COLUNA VERTEBRAL (COSTAS) (C) (Prioridade: 1 - Alta);1CIA IND/2CIA/1PEL(PASSOS);UR0565;Não;Não;Não;BOLETIM DE OCORRENCIA;Classificada;31/08/2021 21:44;Não
2021-18188545-8;(BM) 2021-042002743-001;31/08/2021 07:59;RODOVIA MG 446, Km 16 - ALPINOPOLIS;-208.388.731;-463.654.106;S05202 - CAPOTAMENTO DE CAMINHAO / CARRETA (C) (Prioridade: 1 - Alta);1CIA IND/2CIA/1PEL(PASSOS);ASL00064;Não;Não;Não;BOLETIM DE OCORRENCIA;Classificada;31/08/2021 09:33;Não
2021-18189587-3;(BM) 2021-042011807-001;31/08/2021 09:32;RUA UBERABA, Nº 583 - COHAB 3 - PASSOS;-207.051.245;-466.278.608;V01004 - VITIMA COM CRISE DIABETICA / HIPOGLICEMIA (C) (Prioridade: 1 - Alta);1CIA IND/2CIA/1PEL(PASSOS);UR0565;Não;Não;Não;BOLETIM DE OCORRENCIA;Classificada;31/08/2021 10:23;Não
2021-18190496-7;(BM) 2021-042014791-001;31/08/2021 10:42;RUA DOUTOR CARVALHO, Nº 1455 - NOSSA SENHORA DAS GRAÇAS - PASSOS;-207.352.269;-466.037.303;Q03017 - TREINAMENTO DE PRIMEIROS SOCORROS (C) (Prioridade: 2 - Média);1CIA IND/2CIA/1PEL(PASSOS);BM1315175;Não;Não;Não;BOLETIM DE OCORRENCIA;Classificada;31/08/2021 12:14;Não
2021-18191710-0;(BM) 2021-042029930-001;31/08/2021 12:24;RODOVIA MG 050 KM 15 - PROXIMO TERRA ROXA, Nº S/N - PASSOS;-207.248.073;-465.329.428;O04008 - INCENDIO EM AREA RURAL NAO PROTEGIDA (C) (Prioridade: 2 - Média);1CIA IND/2CIA/1PEL(PASSOS);ASL00064;Não;Não;Não;BOLETIM DE OCORRENCIA;Classificada;31/08/2021 21:43;Não
2021-18191796-6;(BM) 2021-042040971-001;31/08/2021 12:34;ESTRADA BR 146 [FAZENDA MUMBUCA 35 KM PASSOS], Nº S/N - PASSOS;-209.620.287;-465.412.754;V01003 - VITIMA COM CRISE CONVULSIVA (C) (Prioridade: 1 - Alta);1CIA IND/2CIA/1PEL(PASSOS);UR0565;Não;Não;Não;BOLETIM DE OCORRENCIA;Classificada;31/08/2021 21:44;Não
2021-18192403-7;(BM) 2021-042039585-001;31/08/2021 13:28;RUA LAMPADOSA, Nº 60 - VILA RICA - PASSOS;-207.271.392;-465.999.168;P01001 - VISTORIA DE FISCALIZACAO (C) (Prioridade: 2 - Média);1CIA IND/2CIA/PEL PREV E VIST(PASSOS);TPO01115;Não;Não;Não;BOLETIM DE OCORRENCIA;Classificada;31/08/2021 21:43;Não
2021-18192620-5;(BM) 2021-042062053-001;31/08/2021 13:45;RUA IRLANDA, Nº 446 - PASSOS;-207.263.163;-465.878.993;P01001 - VISTORIA DE FISCALIZACAO (C) (Prioridade: 2 - Média);1CIA IND/2CIA/PEL PREV E VIST(PASSOS);TPO01115;Não;Não;Não;BOLETIM DE OCORRENCIA;Classificada;31/08/2021 21:43;Não
2021-18192903-0;(BM) 2021-042062198-001;31/08/2021 14:02;RUA MANGAS, Nº 132 - NOSSA SENHORA DE LOURDES - PASSOS;-206.980.694;-466.171.036;P01001 - VISTORIA DE FISCALIZACAO (C) (Prioridade: 2 - Média);1CIA IND/2CIA/PEL PREV E VIST(PASSOS);TPO01115;Não;Não;Não;BOLETIM DE OCORRENCIA;Classificada;31/08/2021 21:44;Não
2021-18193112-0;(BM) 2021-042046010-001;31/08/2021 14:15;RUA GABIROBA, Nº 25 - NOSSA SENHORA DE LOURDES - PASSOS;-207.001.133;-466.184.959;P01001 - VISTORIA DE FISCALIZACAO (C) (Prioridade: 2 - Média);1CIA IND/2CIA/PEL PREV E VIST(PASSOS);TPO01115;Não;Não;Não;BOLETIM DE OCORRENCIA;Classificada;31/08/2021 21:44;Não
2021-18194322-8;(BM) 2021-042071487-001;31/08/2021 15:16;RUA SANTA LUZIA, Nº 124 - CANDEIAS - PASSOS;-207.236.708;-466.153.861;V03019 - VITIMA DE QUEDA DE ALTURA (C) (Prioridade: 1 - Alta);1CIA IND/2CIA/1PEL(PASSOS);UR0565;Não;Não;Não;BOLETIM DE OCORRENCIA;Classificada;31/08/2021 21:44;Não
2021-18198038-6;(BM) 2021-042111177-001;31/08/2021 18:50;RUA CARAMBOLA, Nº S/N - NOSSA SENHORA DE LOURDES - PASSOS;-206.991.696;-466.200.341;V01019 - VITIMA COM OBSTRUCAO DE VIAS AEREAS POR CORPOS ESTRANHOS (C) (Prioridade: 1 - Alta);1CIA IND/2CIA/1PEL(PASSOS);UR0565;Não;Não;Não;BOLETIM DE OCORRENCIA;Classificada;31/08/2021 21:44;Não
2021-18198639-6;(BM) 2021-042114970-001;31/08/2021 19:29;RUA AURORA, Nº S/N - BELO HORIZONTE - PASSOS;-20.724.585;-46.603.316;V01018 - VITIMA DE MAL NAO DEFINIDO (DISTURBIO) (C) (Prioridade: 1 - Alta);1CIA IND/2CIA/1PEL(PASSOS);UR0565;Não;Não;Não;BOLETIM DE OCORRENCIA;Classificada;31/08/2021 21:44;Não
2021-18199188-4;(BM) 2021-042117211-001;31/08/2021 20:04;RUA MANTIQUEIRA, Nº 83 - VILA RICA - PASSOS;-207.247.938;-4.659.465;V03018 - VITIMA DE QUEDA DA PROPRIA ALTURA (C) (Prioridade: 1 - Alta);1CIA IND/2CIA/1PEL(PASSOS);UR0565;Não;Não;Não;BOLETIM DE OCORRENCIA;Classificada;31/08/2021 21:44;Não
2021-18199376-4;(BM) 2021-042130684-001;31/08/2021 20:15;RUA IMACULADA CONCEICAO, Nº 1050 - COHAB 4 - PASSOS;-207.219.451;-466.346.794;O02034 - INCENDIO EM CACAMBA DE LIXO / ENTULHO (C) (Prioridade: 2 - Média);1CIA IND/2CIA/1PEL(PASSOS);ABTS0495;Não;Não;Não;BOLETIM DE OCORRENCIA;Classificada;31/08/2021 22:31;Não
