Nº chamada;Nº REDS;Data/hora de criação;Local do fato;Latitude  do local;Longitude do local;Natureza;Unidade Responsável;Recursos empenhados;Alerta;Destaque;Envolve autoridade;Tipo de classificação;Situação;Data/hora da situação atual;Evento associado
2025-41254479-1;(BM) 2025-040513556-001;01/09/2025 06:56;RODOVIA PSS0237 - PASSOS / GLORIA, Nº S/N - PASSOS;-20.700.737;-46.586.887;S02002 - AFOGAMENTO EM RIO / RIACHO / CORREGO (C) (Prioridade: 1 - Alta);1CIA IND/2CIA/1PEL(PASSOS);ASL06087;Não;Não;Não;BOLETIM DE OCORRENCIA;Classificada;01/09/2025 07:37;Não
2025-41255672-7;(BM) 2025-040524437-001;01/09/2025 09:01;RUA DOUTOR JOAO BRAULIO, Nº 68 - PASSOS;-207.223.663;-466.077.205;P01002 - VISTORIA DE LIBERACAO / EMISSAO DE AVCB (C) (Prioridade: 2 - Média);1CIA IND/2CIA/PEL PREV E VIST(PASSOS);ASL00063;Não;Não;Não;BOLETIM DE OCORRENCIA;Classificada;02/09/2025 07:46;Não
2025-41257589-6;(BM) 2025-040549443-001;01/09/2025 11:34;RUA BARAO DE PASSOS, Nº S/N - CENTRO - PASSOS;-207.194.995;-466.074.223;S06002 - CAPTURA DE ANIMAL SILVESTRE PERIGOSO / AGRESSIVO (C) (Prioridade: 2 - Média);1CIA IND/2CIA/1PEL(PASSOS);ASL06087;Não;Não;Não;BOLETIM DE OCORRENCIA;Classificada;02/09/2025 07:47;Não
2025-41261115-5;(BM) 2025-040592241-002;01/09/2025 15:31;RUA DOUTOR CARVALHO, Nº 1455 - NOSSA SENHORA DAS GRAÇAS - PASSOS;-207.352.269;-466.037.303;Q03006 - TREINAMENTO DE FORMACAO DE BRIGADAS (C) (Prioridade: 2 - Média);1CIA IND/2CIA/1PEL(PASSOS);BM1787365;Não;Não;Não;BOLETIM DE OCORRENCIA;Classificada;05/09/2025 11:55;Não
2025-41261934-6;;01/09/2025 16:16;RUA SEBASTIAO TEOFILO, Nº 660 - NOVA CALIFORNIA - PASSOS;-206.984.765;-466.243.142;V01022 - VITIMA PARTURIENTE / EMERGENCIAS OBSTETRICAS (C) (Prioridade: 1 - Alta);1CIA IND/2CIA/1PEL(PASSOS);;Não;Não;Não;NÃO ATENDIDA: FALTA DE VIATURA;Classificada;01/09/2025 16:17;Não
2025-41262637-6;(BM) 2025-040620357-001;01/09/2025 16:56;RUA JORGE BACIL, Nº S/N - NOVA CALIFORNIA - PASSOS;-206.990.805;-466.245.403;O04013 - INCENDIO EM PASTO (C) (Prioridade: 2 - Média);1CIA IND/2CIA/1PEL(PASSOS);VOB00480;Não;Não;Não;BOLETIM DE OCORRENCIA;Classificada;02/09/2025 07:47;PERÍODO DE ESTIAGEM
2025-41262685-9;;01/09/2025 16:58;AVENIDA JK, Nº 1490 - NOVO HORIZONTE - PASSOS;-207.309.342;-466.002.769;S06001 - SALVAMENTO DE ANIMAL EM RISCO / PERIGO (C) (Prioridade: 2 - Média);1CIA IND/2CIA/1PEL(PASSOS);ASL06087;Não;Não;Não;DISPENSADA PELO SOLICITANTE;Classificada;01/09/2025 17:56;Não
2025-41263558-7;;01/09/2025 17:53;RUA JESO RIBEIRO DE ABREU, Nº 450 - NOVA CALIFORNIA - PASSOS;-20.700.119;-466.215.676;V03999 - OUTROS TIPOS DE APH DE TRAUMAS DIVERSOS   (C) (Prioridade: 1 - Alta);1CIA IND/2CIA/1PEL(PASSOS);;Não;Não;Não;NÃO ATENDIDA: FALTA DE VIATURA;Classificada;01/09/2025 17:59;Não
2025-41264401-0;(BM) 2025-040634610-001;01/09/2025 18:37;RUA FARID ESPER KALLAS, Nº 125 - VILA ROMANA - PASSOS;-2.074.074;-466.095.142;O04014 - INCENDIO AS MARGENS DE RODOVIA (C) (Prioridade: 2 - Média);1CIA IND/2CIA/1PEL(PASSOS);VOB00480;Não;Não;Não;BOLETIM DE OCORRENCIA;Classificada;02/09/2025 07:47;PERÍODO DE ESTIAGEM
2025-41264488-9;;01/09/2025 18:44;AVENIDA PADRE SALIM, Nº S/N - CENTRO - SAO JOSE DA BARRA;-207.184.716;-46.321.126;O04008 - INCENDIO EM AREA RURAL NAO PROTEGIDA (C) (Prioridade: 2 - Média);1CIA IND/2CIA/1PEL(PASSOS);;Não;Não;Não;DISPENSADA PELO SOLICITANTE;Classificada;01/09/2025 20:26;PERÍODO DE ESTIAGEM
2025-41267463-4;(BM) 2025-040660283-001;01/09/2025 21:49;AVENIDA PADRE SALIM, Nº S/N - CENTRO - SAO JOSE DA BARRA;-207.184.716;-46.321.126;O04008 - INCENDIO EM AREA RURAL NAO PROTEGIDA (C) (Prioridade: 2 - Média);1CIA IND/2CIA/1PEL(PASSOS);ASL07161;Não;Não;Não;BOLETIM DE OCORRENCIA;Classificada;02/09/2025 07:47;Não
2025-41268972-3;(BM) 2025-040676299-001;01/09/2025 23:36;TRAVESSA BELO HORIZONTE, Nº S/N - BELO HORIZONTE - PASSOS;-207.289.051;-466.084.094;O04012 - INCENDIO EM LOTE VAGO (AREA URBANA) (C) (Prioridade: 2 - Média);1CIA IND/2CIA/1PEL(PASSOS);VOB00480;Não;Não;Não;BOLETIM DE OCORRENCIA;Classificada;02/09/2025 07:47;Não
2025-41270945-3;(BM) 2025-040714356-001;02/09/2025 07:20;RUA TURQUESA, Nº 1874 - ACLIMACAO - PASSOS;-207.551.443;-465.970.846;P02011 - VISTORIA EM ENXAME DE INSETOS (C) (Prioridade: 2 - Média);1CIA IND/2CIA/1PEL(PASSOS);ASL06087;Não;Não;Não;BOLETIM DE OCORRENCIA;Classificada;03/09/2025 07:55;Não
2025-41271172-5;(BM) 2025-040749330-001;02/09/2025 07:49;RUA DOUTOR CARVALHO, Nº 1455 - NOSSA SENHORA DAS GRAÇAS - PASSOS;-207.352.269;-466.037.303;Q03006 - TREINAMENTO DE FORMACAO DE BRIGADAS (C) (Prioridade: 2 - Média);1CIA IND/2CIA/1PEL(PASSOS);BM1728633;Não;Não;Não;BOLETIM DE OCORRENCIA;Classificada;03/09/2025 07:55;Não
2025-41271362-0;;02/09/2025 08:07;RUA DOUTOR CARVALHO, Nº 1455 - NOSSA SENHORA DAS GRAÇAS - PASSOS;-207.352.269;-466.037.303;W06000 - TESTE (C) (Prioridade: 3 - Baixa);1CIA IND/2CIA/1PEL(PASSOS);;Não;Não;Não;TESTE;Classificada;02/09/2025 08:09;Não
2025-41271471-6;(BM) 2025-040698063-001;02/09/2025 08:15;RUA SAO JOSE, Nº 383 - COUNTRY CLUB - POCOS DE CALDAS;-217.879.388;-465.912.394;X03000 - EMPENHO ADMINISTRATIVO (C) (Prioridade: 2 - Média);1CIA IND/2CIA/PEL PREV E VIST(PASSOS);APV06243;Não;Não;Não;BOLETIM DE OCORRENCIA;Classificada;03/09/2025 07:55;Não
2025-41272504-9;(PM) 2025-040716104-001;02/09/2025 09:41;RUA DAS CANELAS, Nº 110 - PARQUE TROPICAL - PASSOS;-207.195.051;-466.425.686;W98011 - SOLICITACAO DE APOIO (C) (Prioridade: 1 - Alta);1CIA IND/2CIA/1PEL(PASSOS);;Não;Não;Não;ATENDIDA PELO SAMU;Classificada;02/09/2025 13:10;Não
2025-41272658-2;(BM) 2025-040747685-001;02/09/2025 09:56;RUA OSVALDO BATISTA BONFIM, Nº 691 - JOAO PAULO II - PASSOS;;;P02011 - VISTORIA EM ENXAME DE INSETOS (C) (Prioridade: 2 - Média);1CIA IND/2CIA/1PEL(PASSOS);ASL06087;Não;Não;Não;BOLETIM DE OCORRENCIA;Classificada;03/09/2025 07:55;Não
2025-41272989-0;;02/09/2025 10:23;RUA ARCA, Nº 38 - CASARAO - PASSOS;-207.215.627;-465.877.064;W98011 - SOLICITACAO DE APOIO (C) (Prioridade: 1 - Alta);1CIA IND/2CIA/1PEL(PASSOS);;Não;Não;Não;DUPLICADA;Classificada;02/09/2025 13:00;Não
2025-41273081-2;(BM) 2025-040735994-001;02/09/2025 10:26;RUA ARCA, Nº S/N - CASARAO - PASSOS;-207.227.209;-465.879.792;O02001 - INCENDIO EM RESIDENCIA/HABITACAO UNIFAMILIAR (CASA) (C) (Prioridade: 1 - Alta);1CIA IND/2CIA/1PEL(PASSOS);VOB00480;Não;Não;Não;BOLETIM DE OCORRENCIA;Classificada;03/09/2025 07:56;Não
2025-41275791-9;(BM) 2025-040749249-001;02/09/2025 14:14;RUA DOUTOR CARVALHO, Nº 1455 - NOSSA SENHORA DAS GRAÇAS - PASSOS;-207.352.269;-466.037.303;Q03006 - TREINAMENTO DE FORMACAO DE BRIGADAS (C) (Prioridade: 2 - Média);1CIA IND/2CIA/PEL PREV E VIST(PASSOS);BM1636356;Não;Não;Não;BOLETIM DE OCORRENCIA;Classificada;03/09/2025 07:56;Não
2025-41276930-9;(BM) 2025-040764024-001;02/09/2025 15:06;PRACA GERALDO DA SILVA MAIA, Nº 175 - CENTRO - PASSOS;-207.217.853;-466.085.971;X03000 - EMPENHO ADMINISTRATIVO (C) (Prioridade: 2 - Média);1CIA IND/2CIA/1PEL(PASSOS);ASL07161;Não;Não;Não;BOLETIM DE OCORRENCIA;Classificada;03/09/2025 07:56;Não
2025-41278401-9;(BM) 2025-040788274-001;02/09/2025 16:17;RUA OURO PRETO, Nº 373 - CENTRO - PASSOS;-207.259.066;-466.100.104;P02011 - VISTORIA EM ENXAME DE INSETOS (C) (Prioridade: 2 - Média);1CIA IND/2CIA/1PEL(PASSOS);ASL06087;Não;Não;Não;BOLETIM DE OCORRENCIA;Classificada;03/09/2025 07:56;Não
2025-41280702-8;(BM) 2025-040827888-001;02/09/2025 18:30;RUA VARGINHA, Nº 770 - FURNAS - SAO JOSE DA BARRA;-206.844.145;-463.335.744;O04011 - INCENDIO EM AREA URBANA NAO PROTEGIDA (C) (Prioridade: 2 - Média);1CIA IND/2CIA/1PEL(PASSOS);ASL07161;Não;Não;Não;BOLETIM DE OCORRENCIA;Classificada;03/09/2025 07:56;Não
2025-41280805-0;;02/09/2025 18:35;RUA FURNAS, Nº 18 - CENTRO - SAO JOSE DA BARRA;-207.157.754;-463.150.341;W98011 - SOLICITACAO DE APOIO (C) (Prioridade: 1 - Alta);1CIA IND/2CIA/1PEL(PASSOS);;Não;Não;Não;DUPLICADA;Classificada;03/09/2025 07:58;Não
2025-41282601-1;(BM) 2025-040828042-001;02/09/2025 20:23;SITIO ALS1387 - JACUBA - JOSE CARLOS PEDROSA, Nº S/N - ALPINOPOLIS;-208.930.009;-464.091.376;O04008 - INCENDIO EM AREA RURAL NAO PROTEGIDA (C) (Prioridade: 2 - Média);1CIA IND/2CIA/1PEL(PASSOS);ASL06087;Não;Não;Não;BOLETIM DE OCORRENCIA;Classificada;03/09/2025 07:56;PERÍODO DE ESTIAGEM
2025-41288135-3;(BM) 2025-040895805-001;03/09/2025 08:06;RUA DOUTOR CARVALHO, Nº 1455 - NOSSA SENHORA DAS GRAÇAS - PASSOS;-207.352.269;-466.037.303;Q03006 - TREINAMENTO DE FORMACAO DE BRIGADAS (C) (Prioridade: 2 - Média);1CIA IND/2CIA/PEL PREV E VIST(PASSOS);BM1636356;Não;Não;Não;BOLETIM DE OCORRENCIA;Classificada;04/09/2025 06:56;Não
2025-41288675-0;(BM) 2025-040895846-001;03/09/2025 08:49;RUA DAVID ANDRADE, Nº 649 - BOM JESUS DA PENHA;-210.148.063;-46.524.581;P01003 - VISTORIA EM EVENTOS TEMPORARIOS (C) (Prioridade: 1 - Alta);1CIA IND/2CIA/PEL PREV E VIST(PASSOS);APV06243;Não;Não;Não;BOLETIM DE OCORRENCIA;Classificada;04/09/2025 06:57;Não
2025-41289610-0;(BM) 2025-040899440-001;03/09/2025 10:07;RUA JOSE MARIANO NEGRINHO, Nº 282 - COHAB 4 - PASSOS;-207.184.739;-466.358.913;O02003 - INCENDIO EM EDIFICACAO COMERCIAL (C) (Prioridade: 1 - Alta);1CIA IND/2CIA/1PEL(PASSOS);VOB00480;Não;Não;Não;BOLETIM DE OCORRENCIA;Classificada;04/09/2025 06:57;Não
2025-41290031-0;(BM) 2025-040899424-001;03/09/2025 10:39;AVENIDA CHICO XAVIER / RUA IMACULADA CONCEICAO - COHAB 4 - PASSOS;-207.194.743;-466.288.756;O04012 - INCENDIO EM LOTE VAGO (AREA URBANA) (C) (Prioridade: 2 - Média);1CIA IND/2CIA/1PEL(PASSOS);VOB00480;Não;Não;Não;BOLETIM DE OCORRENCIA;Classificada;04/09/2025 06:58;Não
2025-41290527-6;(BM) 2025-041007570-001;03/09/2025 11:16;RUA ARCA, Nº S/N - CASARAO - PASSOS;-207.227.209;-465.879.792;X03000 - EMPENHO ADMINISTRATIVO (C) (Prioridade: 2 - Média);1CIA IND/2CIA/1PEL(PASSOS);ASL06087;Não;Não;Não;BOLETIM DE OCORRENCIA;Classificada;04/09/2025 06:58;Não
2025-41292176-4;(BM) 2025-040923400-001;03/09/2025 13:31;RUA JOAO PESSOA, Nº S/N - CENTRO - SAO JOAO BATISTA GLORIA;-206.405.797;-465.065.334;Q02009 - PALESTRA DE PRIMEIROS SOCORROS (C) (Prioridade: 2 - Média);1CIA IND/2CIA/1PEL(PASSOS);ASL06087;Não;Não;Não;BOLETIM DE OCORRENCIA;Classificada;04/09/2025 06:57;Não
2025-41292255-9;(BM) 2025-040924824-001;03/09/2025 13:41;RUA ROBERVAL FERREIRA DE ALMEIDA, Nº 55 - SANTA CASA - PASSOS;-207.102.604;-466.100.982;O04011 - INCENDIO EM AREA URBANA NAO PROTEGIDA (C) (Prioridade: 2 - Média);1CIA IND/2CIA/1PEL(PASSOS);VOB00480;Não;Não;Não;BOLETIM DE OCORRENCIA;Classificada;04/09/2025 06:57;PERÍODO DE ESTIAGEM
2025-41303771-3;(BM) 2025-041048695-001;04/09/2025 02:18;RUA CARIJOS, Nº 575 - JARDIM EMBRATEL - PASSOS;-207.418.282;-466.023.274;S04009 - SALVAMENTO DE PESSOA PRESA EM IMOVEL (C) (Prioridade: 2 - Média);1CIA IND/2CIA/1PEL(PASSOS);ASL06087;Não;Não;Não;BOLETIM DE OCORRENCIA;Classificada;04/09/2025 06:57;Não
2025-41305522-0;(BM) 2025-041064999-001;04/09/2025 08:39;AVENIDA PERIMETRAL, Nº 3709 - PENHA - PASSOS;-207.208.857;-466.197.563;V02102 - VITIMA DE ATROPELAMENTO POR MOTOCICLETA (C) (Prioridade: 1 - Alta);1CIA IND/2CIA/1PEL(PASSOS);UR05480;Não;Não;Não;BOLETIM DE OCORRENCIA;Classificada;05/09/2025 06:31;Não
2025-41305572-8;(BM) 2025-041065335-001;04/09/2025 08:43;RUA EQUADOR, Nº 800 - PASSOS;-207.026.369;-466.021.502;P01002 - VISTORIA DE LIBERACAO / EMISSAO DE AVCB (C) (Prioridade: 2 - Média);1CIA IND/2CIA/PEL PREV E VIST(PASSOS);ASL00063;Não;Não;Não;BOLETIM DE OCORRENCIA;Classificada;05/09/2025 06:30;Não
2025-41307482-8;(BM) 2025-041092024-001;04/09/2025 11:08;RUA EVARISTO BATISTA DOS SANTOS, Nº 418 - JARDIM PLANALTO - SAO JOAO BATISTA GLORIA;-20.630.304;-465.134.539;P02011 - VISTORIA EM ENXAME DE INSETOS (C) (Prioridade: 2 - Média);1CIA IND/2CIA/1PEL(PASSOS);ASL06087;Não;Não;Não;BOLETIM DE OCORRENCIA;Classificada;05/09/2025 06:30;Não
2025-41308631-1;(BM) 2025-041107704-001;04/09/2025 12:45;ESTRADA DOMIRO NOGUEIRA, Nº S/N - CONDOMÍNIO DOS IPÊS - PASSOS;-207.583.249;-466.201.662;P02002 - VISTORIA EM RISCO DE QUEDA DE ARVORE (C) (Prioridade: 2 - Média);1CIA IND/2CIA/1PEL(PASSOS);ASL06087;Não;Não;Não;BOLETIM DE OCORRENCIA;Classificada;05/09/2025 06:30;Não
2025-41309373-3;(BM) 2025-041108596-001;04/09/2025 13:44;RUA DOUTOR CARVALHO, Nº 1455 - NOSSA SENHORA DAS GRAÇAS - PASSOS;-207.352.269;-466.037.303;Q02009 - PALESTRA DE PRIMEIROS SOCORROS (C) (Prioridade: 2 - Média);1CIA IND/2CIA/PEL PREV E VIST(PASSOS);BM1636356;Não;Não;Não;BOLETIM DE OCORRENCIA;Classificada;05/09/2025 06:30;Não
2025-41310996-3;(BM) 2025-041137256-001;04/09/2025 15:11;RUA RIO DE JANEIRO, Nº 619 - BELA VISTA - PASSOS;-207.156.071;-465.960.477;V01013 - VITIMA DE EMERGENCIAS PSIQUIATRICAS (C) (Prioridade: 1 - Alta);1CIA IND/2CIA/1PEL(PASSOS);UR05480;Não;Não;Não;BOLETIM DE OCORRENCIA;Classificada;05/09/2025 06:31;Não
2025-41311399-0;(BM) 2025-041137228-001;04/09/2025 15:28;RUA PENHA, Nº 325 - PENHA - PASSOS;-207.147.892;-466.274.034;P02011 - VISTORIA EM ENXAME DE INSETOS (C) (Prioridade: 2 - Média);1CIA IND/2CIA/1PEL(PASSOS);ASL06087;Não;Não;Não;BOLETIM DE OCORRENCIA;Classificada;05/09/2025 06:30;Não
2025-41312062-1;(BM) 2025-041143253-001;04/09/2025 16:00;RUA SAFIRA, Nº 135 - ACLIMACAO - PASSOS;-207.510.235;-465.991.092;V01006 - VITIMA COM DIFICULDADE DE LOCOMOCAO (C) (Prioridade: 1 - Alta);1CIA IND/2CIA/1PEL(PASSOS);UR05480;Não;Não;Não;BOLETIM DE OCORRENCIA;Classificada;05/09/2025 06:31;Não
2025-41312938-8;(BM) 2025-041151416-001;04/09/2025 16:43;TRAVESSA DELFINOPOLIS, Nº 51 - PENHA - PASSOS;-207.158.783;-466.247.427;V01006 - VITIMA COM DIFICULDADE DE LOCOMOCAO (C) (Prioridade: 1 - Alta);1CIA IND/2CIA/1PEL(PASSOS);UR05480;Não;Não;Não;BOLETIM DE OCORRENCIA;Classificada;05/09/2025 06:31;Não
2025-41314198-4;;04/09/2025 17:51;RUA OSVALDO BATISTA BONFIM, Nº 430 - SERRA VERDE - PASSOS;-207.419.281;-46.594.443;V02408 - VITIMA DE COLISAO ENTRE AUTOMOVEL X MOTOCICLETA (C) (Prioridade: 1 - Alta);1CIA IND/2CIA/1PEL(PASSOS);UR05480;Não;Não;Não;ATENDIDA PELO SAMU;Classificada;04/09/2025 18:25;Não
2025-41314251-5;;04/09/2025 17:53;RUA CAETES, Nº 1181 - PASSOS;-207.415.831;-465.948.049;S05102 - CHOQUE DE MOTOCICLETA (C) (Prioridade: 1 - Alta);1CIA IND/2CIA/1PEL(PASSOS);;Não;Não;Não;DUPLICADA;Classificada;04/09/2025 17:56;Não
2025-41315048-7;(BM) 2025-041183108-001;04/09/2025 18:37;RUA BOCAIUVA, Nº 178 - COHAB 2 - PASSOS;-207.130.988;-466.265.251;V02406 - VITIMA DE COLISAO ENTRE MOTOCICLETA X BICICLETA (C) (Prioridade: 1 - Alta);1CIA IND/2CIA/1PEL(PASSOS);UR05480;Não;Não;Não;BOLETIM DE OCORRENCIA;Classificada;05/09/2025 06:31;Não
2025-41316862-0;(BM) 2025-041192425-001;04/09/2025 20:22;AVENIDA ARLINDO FIGUEIREDO, Nº S/N - JARDIM PINHEIROS 2 - PASSOS;-207.262.479;-466.225.308;O04013 - INCENDIO EM PASTO (C) (Prioridade: 2 - Média);1CIA IND/2CIA/1PEL(PASSOS);VOB00480;Não;Não;Não;BOLETIM DE OCORRENCIA;Classificada;05/09/2025 06:31;PERÍODO DE ESTIAGEM
2025-41317280-0;(BM) 2025-041204315-001;04/09/2025 20:50;RUA DOIS DE NOVEMBRO, Nº 367 - SAO BENEDITO - PASSOS;-207.226.695;-46.604.135;S03003 - SALVAMENTO EM CASA (C) (Prioridade: 1 - Alta);1CIA IND/2CIA/1PEL(PASSOS);ASL06087;Não;Não;Não;BOLETIM DE OCORRENCIA;Classificada;05/09/2025 06:31;Não
2025-41323099-3;(BM) 2025-041250998-001;05/09/2025 08:45;RUA MANTIQUEIRA, Nº 544 - RECANTO DEL REI - PASSOS;-207.289.728;-465.958.115;V01018 - VITIMA DE MAL NAO DEFINIDO (DISTURBIO) (C) (Prioridade: 1 - Alta);1CIA IND/2CIA/1PEL(PASSOS);UR05480;Não;Não;Não;BOLETIM DE OCORRENCIA;Classificada;06/09/2025 07:30;Não
2025-41323582-3;;05/09/2025 09:20;RUA desconhecido - PASSOS;;;V01009 - VITIMA COM DOR NA COLUNA VERTEBRAL (COSTAS) (C) (Prioridade: 1 - Alta);1CIA IND/2CIA/1PEL(PASSOS);;Não;Não;Não;NÃO ATENDIDA: FALTA DE EFETIVO;Classificada;05/09/2025 09:20;Não
2025-41324140-0;(BM) 2025-041263840-001;05/09/2025 10:06;RUA SAFIRA, Nº S/N - ACLIMACAO - PASSOS;-207.511.902;-465.983.784;V01001 - VITIMA DE ACIDENTE VASCULAR CEREBRAL (AVC) (C) (Prioridade: 1 - Alta);1CIA IND/2CIA/1PEL(PASSOS);UR05480;Não;Não;Não;BOLETIM DE OCORRENCIA;Classificada;06/09/2025 07:30;Não
2025-41324215-8;;05/09/2025 10:11;RUA desconhecida - PASSOS;;;V01018 - VITIMA DE MAL NAO DEFINIDO (DISTURBIO) (C) (Prioridade: 1 - Alta);1CIA IND/2CIA/1PEL(PASSOS);;Não;Não;Não;NÃO ATENDIDA: FALTA DE EFETIVO;Classificada;05/09/2025 10:12;Não
2025-41324879-8;(BM) 2025-041272104-001;05/09/2025 11:00;RUA CONTORNO, Nº S/N - SAO BENEDITO - PASSOS;-207.174.339;-466.048.696;V03018 - VITIMA DE QUEDA DA PROPRIA ALTURA (C) (Prioridade: 1 - Alta);1CIA IND/2CIA/PEL PREV E VIST(PASSOS);APV06243;Não;Não;Não;BOLETIM DE OCORRENCIA;Classificada;11/09/2025 07:21;Não
2025-41325349-0;;05/09/2025 11:41;RUA LUIS ZANGIACONI, Nº 48 - JARDIM CENTENARIO - POCOS DE CALDAS;;;V03026 - VITIMA COM ENTORSE/ESTIRAMENTO/LUXACAO (C) (Prioridade: 1 - Alta);1CIA IND (POCOS DE CALDAS);;Não;Não;Não;DISPENSADA PELO SOLICITANTE;Classificada;05/09/2025 12:12;Não
2025-41325847-7;;05/09/2025 12:37;RUA desconhecido - POCOS DE CALDAS;;;P02011 - VISTORIA EM ENXAME DE INSETOS (C) (Prioridade: 2 - Média);1CIA IND (POCOS DE CALDAS);;Não;Não;Não;ORIENTAÇÃO;Classificada;05/09/2025 12:41;Não
2025-41326011-9;(BM) 2025-041287472-001;05/09/2025 12:48;RUA MARIA DA FE, Nº 148 - COHAB 1 - PASSOS;-207.129.887;-46.624.819;P02011 - VISTORIA EM ENXAME DE INSETOS (C) (Prioridade: 2 - Média);1CIA IND/2CIA/1PEL(PASSOS);ASL06087;Não;Não;Não;BOLETIM DE OCORRENCIA;Classificada;06/09/2025 07:30;Não
2025-41326166-5;(BM) 2025-041287444-001;05/09/2025 13:06;AVENIDA POCOS DE CALDAS, Nº 215 - PASSOS;-207.275.604;-466.265.205;S05302 - COLISAO ENTRE MOTOCICLETAS (C) (Prioridade: 1 - Alta);1CIA IND/2CIA/1PEL(PASSOS);UR05480;Não;Não;Não;BOLETIM DE OCORRENCIA;Classificada;06/09/2025 07:30;Não
2025-41326267-2;;05/09/2025 13:14;RUA AMERICO PRADO, Nº 585 - CENTRO - JACUTINGA;-222.871.251;-466.121.749;P01001 - VISTORIA DE FISCALIZACAO (C) (Prioridade: 2 - Média);1CIA IND (POCOS DE CALDAS);;Não;Não;Não;DUPLICADA;Classificada;08/09/2025 11:17;Não
2025-41326498-5;;05/09/2025 13:31;RUA IMACULADA CONCEICAO, Nº 85 - JARDIM PLANALTO - PASSOS;-207.171.203;-466.263.275;P02011 - VISTORIA EM ENXAME DE INSETOS (C) (Prioridade: 2 - Média);1CIA IND/2CIA/1PEL(PASSOS);ASL06087;Não;Não;Não;DISPENSADA PELO SOLICITANTE;Classificada;05/09/2025 14:54;Não
2025-41326685-2;;05/09/2025 13:43;RUA DESCONHECIDO - PASSOS;;;V02502 - VITIMA DE QUEDA (MOTOCICLISTA) (C) (Prioridade: 1 - Alta);1CIA IND/2CIA/1PEL(PASSOS);;Não;Não;Não;NÃO ATENDIDA: FALTA DE EFETIVO;Classificada;05/09/2025 13:45;Não
2025-41326813-0;(BM) 2025-041297060-002;05/09/2025 13:52;RUA CONTAGEM, Nº 84 - PENHA - PASSOS;-207.150.781;-466.273.965;S06005 - CAPTURA DE INSETOS (C) (Prioridade: 2 - Média);1CIA IND/2CIA/1PEL(PASSOS);ASL06087;Não;Não;Não;BOLETIM DE OCORRENCIA;Classificada;06/09/2025 07:30;Não
2025-41327507-0;(BM) 2025-041338150-001;05/09/2025 14:32;RODOVIA MG 050, Nº S/N - PASSOS;-207.372.242;-466.331.087;Y40035 - APOIO DE SOLO EM OPERACOES AEREAS (C) (Prioridade: 2 - Média);1CIA IND/2CIA/1PEL(PASSOS);UR05480;Não;Não;Não;BOLETIM DE OCORRENCIA;Classificada;06/09/2025 07:30;Não
2025-41330451-5;;05/09/2025 17:09;RUA HONDURAS, Nº 40 - POLIVALENTE - PASSOS;-207.004.311;-466.034.177;S06001 - SALVAMENTO DE ANIMAL EM RISCO / PERIGO (C) (Prioridade: 2 - Média);1CIA IND/2CIA/1PEL(PASSOS);ASL06087;Não;Não;Não;DISPENSADA PELO SOLICITANTE;Classificada;05/09/2025 17:54;Não
2025-41333564-8;;05/09/2025 20:08;RUA GOIAS, Nº 1271 - BELA VISTA - PASSOS;-20.712.106;-465.995.148;V03018 - VITIMA DE QUEDA DA PROPRIA ALTURA (C) (Prioridade: 1 - Alta);1CIA IND/2CIA/1PEL(PASSOS);UR05480;Não;Não;Não;NADA CONSTATADO;Classificada;05/09/2025 20:50;Não
2025-41335495-8;(BM) 2025-041393279-001;05/09/2025 22:02;RODOVIA BR 265, Km 500 - CARMO DO RIO CLARO;-209.128.372;-460.498.226;S05202 - CAPOTAMENTO DE CAMINHAO / CARRETA (C) (Prioridade: 1 - Alta);1CIA IND/2CIA/1PEL(PASSOS);ASL06087;Não;Não;Não;BOLETIM DE OCORRENCIA;Classificada;06/09/2025 07:30;Não
2025-41339919-4;;06/09/2025 03:19;AVENIDA COMENDADOR FRANCISCO A MAIA, Nº 2480 - CANDEIAS - PASSOS;-20.720.625;-466.131.152;V02202 - VITIMA DE CHOQUE DE MOTOCICLETA (C) (Prioridade: 1 - Alta);1CIA IND/2CIA/1PEL(PASSOS);UR05480;Não;Não;Não;ATENDIDA PELO SAMU;Classificada;06/09/2025 03:43;Não
2025-41342010-7;;06/09/2025 09:25;RUA ORQUIDEAS, Nº 130 - CONJUNTO HABITACIONAL BELA VISTA - ITAU DE MINAS;-207.466.284;-467.633.461;O02038 - INCENDIO EM REDE ELETRICA / POSTE / CURTO-CIRCUITO (C) (Prioridade: 2 - Média);1CIA IND/2CIA/1PEL(PASSOS);ASL07161;Não;Não;Não;DISPENSADA PELO SOLICITANTE;Classificada;06/09/2025 09:45;Não
2025-41342953-0;(BM) 2025-041444075-001;06/09/2025 10:51;ESTRADA SBG0082 - DE ACESSO A POUSADA QUEBRA ANZOL - PROXIMO AO MIRANTE DE FURNAS, Nº S/N - SAO JOAO BATISTA GLORIA;-206.554.961;-463.231.551;O02027 - INCENDIO VEIC. AUTOMOTOR (EXCETO TANQUE/ONIBUS/MICRO-ONIBUS) (C) (Prioridade: 1 - Alta);1CIA IND/2CIA/1PEL(PASSOS);VOB00480;Não;Não;Não;BOLETIM DE OCORRENCIA;Classificada;07/09/2025 07:31;PERÍODO DE ESTIAGEM
2025-41343038-1;(BM) 2025-041444100-001;06/09/2025 10:57;RUA JERONIMO NETO, Nº 261 - CENTRO - PASSOS;;;O04012 - INCENDIO EM LOTE VAGO (AREA URBANA) (C) (Prioridade: 2 - Média);1CIA IND/2CIA/1PEL(PASSOS);ASL07161;Não;Não;Não;BOLETIM DE OCORRENCIA;Classificada;07/09/2025 07:32;PERÍODO DE ESTIAGEM
2025-41343280-7;(BM) 2025-041502986-001;06/09/2025 11:16;ESTRADA PRINCIPAL GLORIA / ESMERIL, Nº S/N - SAO JOAO BATISTA GLORIA;-206.295.444;-465.006.854;O04008 - INCENDIO EM AREA RURAL NAO PROTEGIDA (C) (Prioridade: 2 - Média);1CIA IND/2CIA/1PEL(PASSOS);ASL07161;Não;Não;Não;BOLETIM DE OCORRENCIA;Classificada;07/09/2025 07:32;Não
2025-41343811-1;(BM) 2025-041456509-001;06/09/2025 12:07;SITIO CPT0074 - TRES BARRAS - CAPETINGA;;;O04008 - INCENDIO EM AREA RURAL NAO PROTEGIDA (C) (Prioridade: 2 - Média);1CIA IND/2CIA/1PEL(PASSOS);ASL06087;Não;Não;Não;BOLETIM DE OCORRENCIA;Classificada;07/09/2025 07:32;PERÍODO DE ESTIAGEM
2025-41344576-9;(BM) 2025-041459530-001;06/09/2025 13:31;RODOVIA MG 050, Nº S/N - PASSOS;-207.372.242;-466.331.087;Y40035 - APOIO DE SOLO EM OPERACOES AEREAS (C) (Prioridade: 2 - Média);1CIA IND/2CIA/1PEL(PASSOS);UR05480;Não;Não;Não;BOLETIM DE OCORRENCIA;Classificada;07/09/2025 07:32;Não
2025-41344919-3;;06/09/2025 14:01;AVENIDA EXPEDICIONARIOS, Nº 268 - CENTRO - PASSOS;-207.218.739;-46.605.423;V01010 - VITIMA COM DOR TORACICA/SUSPEITA DE INFARTO (IAM) (C) (Prioridade: 1 - Alta);1CIA IND/2CIA/1PEL(PASSOS);UR05480;Não;Não;Não;SOLICITANTE ENCONTRADO - PROVIDÊNCIA DISPENSADA;Classificada;06/09/2025 16:14;Não
2025-41345043-2;(BM) 2025-041500200-001;06/09/2025 14:08;RUA TEOFILO OTTONI, Nº 235 - COHAB 3 - PASSOS;;;P02011 - VISTORIA EM ENXAME DE INSETOS (C) (Prioridade: 2 - Média);1CIA IND/2CIA/1PEL(PASSOS);ASL06087;Não;Não;Não;BOLETIM DE OCORRENCIA;Classificada;07/09/2025 07:32;Não
2025-41346181-1;;06/09/2025 15:13;RUA SALINAS, Nº 409 - COHAB 2 - PASSOS;-207.119.386;-466.311.651;V01009 - VITIMA COM DOR NA COLUNA VERTEBRAL (COSTAS) (C) (Prioridade: 1 - Alta);1CIA IND/2CIA/1PEL(PASSOS);;Não;Não;Não;DISPENSADA PELO SOLICITANTE;Classificada;06/09/2025 15:41;Não
2025-41347964-4;;06/09/2025 17:01;RODOVIA PSS0237 - PASSOS / GLORIA, Km 3 - PASSOS;;;P02011 - VISTORIA EM ENXAME DE INSETOS (C) (Prioridade: 2 - Média);1CIA IND/2CIA/1PEL(PASSOS);;Não;Não;Não;DUPLICADA;Classificada;06/09/2025 17:41;Não
2025-41347979-1;(BM) 2025-041503021-001;06/09/2025 17:02;RODOVIA RODOVIA PASSOS A GLORIA KM 3 - PASSOS;;;P02011 - VISTORIA EM ENXAME DE INSETOS (C) (Prioridade: 2 - Média);1CIA IND/2CIA/1PEL(PASSOS);ASL06087;Não;Não;Não;BOLETIM DE OCORRENCIA;Classificada;07/09/2025 07:32;Não
2025-41348515-6;(BM) 2025-041491131-001;06/09/2025 17:32;RUA POUSO ALEGRE, Nº 890 - COHAB 3 - PASSOS;-207.054.552;-46.629.446;O04013 - INCENDIO EM PASTO (C) (Prioridade: 2 - Média);1CIA IND/2CIA/1PEL(PASSOS);VOB00480;Não;Não;Não;BOLETIM DE OCORRENCIA;Classificada;07/09/2025 07:31;Não
2025-41350949-9;(BM) 2025-041540872-001;06/09/2025 19:55;SITIO PSS0899 - PRIMAVERA, Nº S/N - PASSOS;-206.561.098;-466.033.895;O04013 - INCENDIO EM PASTO (C) (Prioridade: 2 - Média);1CIA IND/2CIA/1PEL(PASSOS);ASL07161;Não;Não;Não;BOLETIM DE OCORRENCIA;Classificada;07/09/2025 07:31;PERÍODO DE ESTIAGEM
2025-41353610-6;;06/09/2025 22:23;RUA SAFIRA, Nº 116 - ACLIMACAO - PASSOS;-207.511.754;-465.994.862;W98011 - SOLICITACAO DE APOIO (C) (Prioridade: 1 - Alta);1CIA IND/2CIA/1PEL(PASSOS);UR05480;Não;Não;Não;ATENDIDA PELO SAMU;Classificada;07/09/2025 07:40;Não
2025-41353890-4;(BM) 2025-041540857-001;06/09/2025 22:36;FAZENDA rochinha - DELFINOPOLIS;;;O04008 - INCENDIO EM AREA RURAL NAO PROTEGIDA (C) (Prioridade: 2 - Média);1CIA IND/2CIA/1PEL(PASSOS);ASL06087;Não;Não;Não;BOLETIM DE OCORRENCIA;Classificada;07/09/2025 07:31;PERÍODO DE ESTIAGEM
2025-41359158-2;(BM) 2025-041568672-001;07/09/2025 06:43;RUA PARANA, Nº 819 - BELA VISTA - PASSOS;-207.133.677;-465.988.102;V01013 - VITIMA DE EMERGENCIAS PSIQUIATRICAS (C) (Prioridade: 1 - Alta);1CIA IND/2CIA/1PEL(PASSOS);UR05480;Não;Não;Não;BOLETIM DE OCORRENCIA;Classificada;07/09/2025 07:40;Não
2025-41359603-3;(BM) 2025-041571795-001;07/09/2025 07:48;PRACA GERALDO DA SILVA MAIA, Nº S/N - CENTRO - PASSOS;-207.208.941;-46.609.005;X03000 - EMPENHO ADMINISTRATIVO (C) (Prioridade: 2 - Média);1CIA IND/2CIA/1PEL(PASSOS);ASL07161 / UR05480 / VOB00480 / APV06243;Não;Não;Não;BOLETIM DE OCORRENCIA;Classificada;08/09/2025 06:17;Não
2025-41359605-9;(BM) 2025-041573831-001;07/09/2025 07:50;PRACA GERALDO DA SILVA MAIA, Nº S/N - CENTRO - PASSOS;-207.208.941;-46.609.005;X03000 - EMPENHO ADMINISTRATIVO (C) (Prioridade: 2 - Média);1CIA IND/2CIA/1PEL(PASSOS);ASL06087;Não;Não;Não;BOLETIM DE OCORRENCIA;Classificada;08/09/2025 06:17;Não
2025-41360322-1;(BM) 2025-041575122-001;07/09/2025 09:23;ESTRADA PRINCIPAL GLORIA / ESMERIL, Nº S/N - SAO JOAO BATISTA GLORIA;-206.295.444;-465.006.854;O04008 - INCENDIO EM AREA RURAL NAO PROTEGIDA (C) (Prioridade: 2 - Média);1CIA IND/2CIA/1PEL(PASSOS);ASL07161;Não;Não;Não;BOLETIM DE OCORRENCIA;Classificada;08/09/2025 06:17;PERÍODO DE ESTIAGEM
2025-41361665-3;(BM) 2025-041586527-001;07/09/2025 11:59;RODOVIA MG 050, Nº S/N - PASSOS;-207.372.242;-466.331.087;X03000 - EMPENHO ADMINISTRATIVO (C) (Prioridade: 2 - Média);1CIA IND/2CIA/PEL PREV E VIST(PASSOS);APV06243;Não;Não;Não;BOLETIM DE OCORRENCIA;Classificada;08/09/2025 06:17;Não
2025-41365617-2;(PM) 2025-041626533-001;07/09/2025 17:02;ESTRADA PRINCIPAL PSS0222 - BANANAL, Nº S/N - PASSOS;-20.650.833;-46.740.833;W98011 - SOLICITACAO DE APOIO (C) (Prioridade: 1 - Alta);1CIA IND/2CIA/1PEL(PASSOS);;Não;Não;Não;DUPLICADA;Classificada;07/09/2025 17:09;Não
2025-41365666-8;(BM) 2025-041622130-001;07/09/2025 17:05;ESTRADA PRINCIPAL PSS0242 - LINHA BANANAL KM15, Nº S/N - PASSOS;-20.679.444;-46.694.167;S05303 - COLISAO ENTRE AUTOMOVEIS (CARRO, CAMIONETA, CAMINHONETE) (C) (Prioridade: 1 - Alta);1CIA IND/2CIA/1PEL(PASSOS);UR05480;Sim;Não;Não;BOLETIM DE OCORRENCIA;Classificada;08/09/2025 06:18;Não
2025-41365816-9;(BM) 2025-041674074-001;07/09/2025 17:15;AVENIDA PROJETADA, Nº S/N - JARDIM FLORENCA - PASSOS;-206.924.763;-466.115.051;O04011 - INCENDIO EM AREA URBANA NAO PROTEGIDA (C) (Prioridade: 2 - Média);1CIA IND/2CIA/1PEL(PASSOS);VOB00480;Não;Não;Não;BOLETIM DE OCORRENCIA;Classificada;08/09/2025 06:17;PERÍODO DE ESTIAGEM
2025-41365914-8;;07/09/2025 17:21;RUA SALINAS, Nº 409 - COHAB 2 - PASSOS;-207.119.386;-466.311.651;V03018 - VITIMA DE QUEDA DA PROPRIA ALTURA (C) (Prioridade: 1 - Alta);1CIA IND/2CIA/1PEL(PASSOS);;Não;Não;Não;NÃO ATENDIDA: FALTA DE EFETIVO;Classificada;07/09/2025 17:22;Não
2025-41367266-0;(BM) 2025-041654619-001;07/09/2025 18:39;FAZENDA DEO0193 - BELA VISTA, Nº S/N - DELFINOPOLIS;-204.055.818;-467.830.279;O04008 - INCENDIO EM AREA RURAL NAO PROTEGIDA (C) (Prioridade: 2 - Média);1CIA IND/2CIA/1PEL(PASSOS);ASL07161;Não;Não;Não;BOLETIM DE OCORRENCIA;Classificada;08/09/2025 06:17;PERÍODO DE ESTIAGEM
2025-41369073-8;(BM) 2025-041654690-001;07/09/2025 20:21;RUA GUANABARA, Nº 1374 - SANTA LUZIA - PASSOS;-207.062.975;-465.991.501;V01025 - VITIMA DE USO / ABUSO / DEPENDENCIA DE DROGAS / ALCOOL (C) (Prioridade: 1 - Alta);1CIA IND/2CIA/1PEL(PASSOS);UR05480;Não;Não;Não;BOLETIM DE OCORRENCIA;Classificada;08/09/2025 06:18;Não
2025-41369887-9;(BM) 2025-041655773-001;07/09/2025 21:10;RUA ESCORPIAO, Nº 11 - SERRA VERDE - PASSOS;-207.400.951;-465.926.455;O04011 - INCENDIO EM AREA URBANA NAO PROTEGIDA (C) (Prioridade: 2 - Média);1CIA IND/2CIA/1PEL(PASSOS);VOB00480;Não;Não;Não;BOLETIM DE OCORRENCIA;Classificada;08/09/2025 06:17;Não
2025-41373833-3;(BM) 2025-041688290-001;08/09/2025 02:25;RUA BOIADEIROS, Nº 462 - SAO FRANCISCO - PASSOS;-207.266.613;-466.164.893;O04012 - INCENDIO EM LOTE VAGO (AREA URBANA) (C) (Prioridade: 2 - Média);1CIA IND/2CIA/1PEL(PASSOS);VOB00480;Não;Não;Não;BOLETIM DE OCORRENCIA;Classificada;08/09/2025 06:18;Não
2025-41375302-8;(BM) 2025-041699745-002;08/09/2025 08:07;RUA DOUTOR CARVALHO, Nº 1455 - NOSSA SENHORA DAS GRAÇAS - PASSOS;-207.352.269;-466.037.303;Q03006 - TREINAMENTO DE FORMACAO DE BRIGADAS (C) (Prioridade: 2 - Média);1CIA IND/2CIA/1PEL(PASSOS);BM1637750 / BM1636356;Não;Não;Não;BOLETIM DE OCORRENCIA;Classificada;09/09/2025 07:35;Não
2025-41375769-7;(BM) 2025-041705729-001;08/09/2025 08:52;RUA BONSUCESSO, Nº 880 - PENHA - PASSOS;-207.210.277;-466.186.143;V01018 - VITIMA DE MAL NAO DEFINIDO (DISTURBIO) (C) (Prioridade: 1 - Alta);1CIA IND/2CIA/1PEL(PASSOS);UR05480;Não;Não;Não;BOLETIM DE OCORRENCIA;Classificada;09/09/2025 07:35;Não
2025-41376368-1;(BM) 2025-041718609-001;08/09/2025 09:39;RUA MOGIANA, Nº S/N - PARQUE DA ESTACAO - PASSOS;-207.075.521;-466.105.246;P02011 - VISTORIA EM ENXAME DE INSETOS (C) (Prioridade: 2 - Média);1CIA IND/2CIA/1PEL(PASSOS);ASL06087;Não;Não;Não;BOLETIM DE OCORRENCIA;Classificada;09/09/2025 07:35;Não
2025-41376574-3;(BM) 2025-041720166-002;08/09/2025 09:55;RUA URUGUAI, Nº 54 - CANJERANUS - PASSOS;-207.115.753;-466.054.092;S06003 - CAPTURA DE CAO PERIGOSO / AGRESSIVO (C) (Prioridade: 2 - Média);1CIA IND/2CIA/1PEL(PASSOS);ASL06087;Não;Não;Não;BOLETIM DE OCORRENCIA;Classificada;09/09/2025 07:35;Não
2025-41377622-0;(BM) 2025-041752237-001;08/09/2025 11:08;AVENIDA COMENDADOR FRANCISCO A MAIA, Nº 2860 - MARIO MAGALHAES - PASSOS;-207.244.555;-466.121.074;V01007 - VITIMA COM DISPNEIA (FALTA DE AR) (C) (Prioridade: 1 - Alta);1CIA IND/2CIA/1PEL(PASSOS);UR05480;Não;Não;Não;BOLETIM DE OCORRENCIA;Classificada;09/09/2025 07:35;Não
2025-41378264-7;;08/09/2025 11:58;RUA JAGUARI, Nº 7 - JARDIM SAO PAULO - POCOS DE CALDAS;;;S06001 - SALVAMENTO DE ANIMAL EM RISCO / PERIGO (C) (Prioridade: 2 - Média);1CIA IND (POCOS DE CALDAS);;Não;Não;Não;DISPENSADA PELO SOLICITANTE;Classificada;08/09/2025 12:13;Não
2025-41379507-2;(BM) 2025-041750147-001;08/09/2025 13:46;RUA ONOFRE R TEIXEIRA, Nº 437 - PASSOS;-207.170.823;-466.295.934;P01002 - VISTORIA DE LIBERACAO / EMISSAO DE AVCB (C) (Prioridade: 2 - Média);1CIA IND/2CIA/PEL PREV E VIST(PASSOS);APV06243;Não;Não;Não;BOLETIM DE OCORRENCIA;Classificada;09/09/2025 07:35;Não
2025-41382003-7;(BM) 2025-041783830-001;08/09/2025 15:49;RUA BAHIA, Nº 318 - PASSOS;-207.110.078;-466.072.197;V01018 - VITIMA DE MAL NAO DEFINIDO (DISTURBIO) (C) (Prioridade: 1 - Alta);1CIA IND/2CIA/1PEL(PASSOS);UR05480;Não;Não;Não;BOLETIM DE OCORRENCIA;Classificada;09/09/2025 07:35;Não
2025-41386089-4;(BM) 2025-041860621-001;08/09/2025 19:17;RUA GUARANIS, Nº 436 - NOSSA SENHORA APARECIDA - PASSOS;-207.449.792;-466.058.052;V01003 - VITIMA COM CRISE CONVULSIVA (C) (Prioridade: 1 - Alta);1CIA IND/2CIA/1PEL(PASSOS);UR05480;Não;Não;Não;BOLETIM DE OCORRENCIA;Classificada;09/09/2025 07:35;Não
2025-41388241-8;(BM) 2025-041846944-001;08/09/2025 21:22;RUA DOUTOR CARVALHO, Nº 1455 - NOSSA SENHORA DAS GRAÇAS - PASSOS;-207.352.269;-466.037.303;V03999 - OUTROS TIPOS DE APH DE TRAUMAS DIVERSOS   (C) (Prioridade: 1 - Alta);1CIA IND/2CIA/1PEL(PASSOS);UR05480;Não;Não;Não;BOLETIM DE OCORRENCIA;Classificada;09/09/2025 07:34;Não
2025-41390288-4;;08/09/2025 23:33;RUA MAJOR JOAQUIM BERNARDES, Nº 667 - APARECIDA - POCOS DE CALDAS;;;O04012 - INCENDIO EM LOTE VAGO (AREA URBANA) (C) (Prioridade: 2 - Média);1CIA IND (POCOS DE CALDAS);;Não;Não;Não;DUPLICADA;Classificada;08/09/2025 23:36;Não
2025-41390320-5;;08/09/2025 23:34;RUA MAJOR JOAQUIM BERNARDES, Nº 667 - APARECIDA - POCOS DE CALDAS;;;O04012 - INCENDIO EM LOTE VAGO (AREA URBANA) (C) (Prioridade: 2 - Média);1CIA IND (POCOS DE CALDAS);;Não;Não;Não;NÃO ATENDIDA: FALTA DE EFETIVO;Classificada;09/09/2025 01:13;PERÍODO DE ESTIAGEM
2025-41390917-8;(BM) 2025-041883325-001;09/09/2025 00:31;FAZENDA SBG0180 - LUANDA, Nº S/N - SAO JOAO BATISTA GLORIA;-206.198.329;-465.487.566;O04008 - INCENDIO EM AREA RURAL NAO PROTEGIDA (C) (Prioridade: 2 - Média);1CIA IND/2CIA/1PEL(PASSOS);ASL07161;Não;Não;Não;BOLETIM DE OCORRENCIA;Classificada;09/09/2025 07:35;PERÍODO DE ESTIAGEM
2025-41392274-0;;09/09/2025 06:41;RUA A, Nº S/N - CENTRO - PASSOS;;;V03026 - VITIMA COM ENTORSE/ESTIRAMENTO/LUXACAO (C) (Prioridade: 1 - Alta);1CIA IND/2CIA/1PEL(PASSOS);;Não;Não;Não;ORIENTAÇÃO;Classificada;09/09/2025 06:43;Não
2025-41392790-0;(BM) 2025-041902590-001;09/09/2025 07:56;RUA CAPITAO LIMIRIO, Nº 383 - MUARAMA - PASSOS;;;V01006 - VITIMA COM DIFICULDADE DE LOCOMOCAO (C) (Prioridade: 1 - Alta);1CIA IND/2CIA/1PEL(PASSOS);UR05480;Não;Não;Não;BOLETIM DE OCORRENCIA;Classificada;10/09/2025 06:22;Não
2025-41393771-0;(BM) 2025-041905249-001;09/09/2025 09:19;RUA TEOFILO OTTONI, Nº 42 - COHAB 3 - PASSOS;-207.083.328;-466.241.468;V01024 - VITIMA DE SUICIDIO (TENTATIVA) - APH CLINICO (C) (Prioridade: 1 - Alta);1CIA IND/2CIA/1PEL(PASSOS);UR05480;Não;Não;Não;BOLETIM DE OCORRENCIA;Classificada;10/09/2025 06:23;Não
2025-41395510-8;(BM) 2025-041928018-001;09/09/2025 11:35;RUA DOUTOR CARVALHO, Nº 1455 - NOSSA SENHORA DAS GRAÇAS - PASSOS;-207.352.269;-466.037.303;S06002 - CAPTURA DE ANIMAL SILVESTRE PERIGOSO / AGRESSIVO (C) (Prioridade: 2 - Média);1CIA IND/2CIA/1PEL(PASSOS);ASL06087;Não;Não;Não;BOLETIM DE OCORRENCIA;Classificada;10/09/2025 06:22;Não
2025-41396275-5;(BM) 2025-041934896-001;09/09/2025 12:47;RUA PARA, Nº 1230 - BELA VISTA - PASSOS;-207.142.863;-465.997.438;S06002 - CAPTURA DE ANIMAL SILVESTRE PERIGOSO / AGRESSIVO (C) (Prioridade: 2 - Média);1CIA IND/2CIA/1PEL(PASSOS);ASL06087;Não;Não;Não;BOLETIM DE OCORRENCIA;Classificada;10/09/2025 06:22;Não
2025-41396365-6;(BM) 2025-041938602-001;09/09/2025 12:54;RUA URUGUAI, Nº 54 - CANJERANUS - PASSOS;-207.115.753;-466.054.092;S06003 - CAPTURA DE CAO PERIGOSO / AGRESSIVO (C) (Prioridade: 2 - Média);1CIA IND/2CIA/1PEL(PASSOS);ASL06087;Não;Não;Não;BOLETIM DE OCORRENCIA;Classificada;10/09/2025 06:22;Não
2025-41396941-5;(BM) 2025-041950820-001;09/09/2025 13:34;RUA PADRE PIRES, Nº 21 - SAO FRANCISCO - PASSOS;-207.266.135;-466.167.869;V01006 - VITIMA COM DIFICULDADE DE LOCOMOCAO (C) (Prioridade: 1 - Alta);1CIA IND/2CIA/1PEL(PASSOS);UR05480;Não;Não;Não;BOLETIM DE OCORRENCIA;Classificada;10/09/2025 06:23;Não
2025-41400186-4;;09/09/2025 16:17;RODOVIA BR 459, Nº S/N - CALDAS;-219.313.307;-463.579.685;O04013 - INCENDIO EM PASTO (C) (Prioridade: 2 - Média);1CIA IND (POCOS DE CALDAS);;Não;Não;Não;REPASSADA A OUTROS ÓRGAOS;Classificada;09/09/2025 16:25;Não
2025-41402550-6;(BM) 2025-042007103-001;09/09/2025 18:17;RUA MONFORT, Nº 35 - RECANTO DEL REI - PASSOS;-207.300.745;-466.001.732;V03018 - VITIMA DE QUEDA DA PROPRIA ALTURA (C) (Prioridade: 1 - Alta);1CIA IND/2CIA/1PEL(PASSOS);UR05480;Não;Não;Não;BOLETIM DE OCORRENCIA;Classificada;10/09/2025 06:23;Não
2025-41402924-4;(BM) 2025-042019177-001;09/09/2025 18:39;RUA CESARINO ANACLETO MAIA, Nº 137 - JARDIM PLANALTO - PASSOS;-207.320.053;-466.186.417;P02011 - VISTORIA EM ENXAME DE INSETOS (C) (Prioridade: 2 - Média);1CIA IND/2CIA/1PEL(PASSOS);ASL06087;Não;Não;Não;BOLETIM DE OCORRENCIA;Classificada;10/09/2025 06:22;Não
2025-41404483-1;(BM) 2025-042024624-001;09/09/2025 20:06;RUA ITAJAI, Nº 878 - VILA RICA - PASSOS;-207.189.186;-465.921.571;O04009 - INCENDIO EM AREA URBANA PERTENCENTE A ORGAO PUBLICO (C) (Prioridade: 2 - Média);1CIA IND/2CIA/1PEL(PASSOS);VOB00480;Não;Não;Não;BOLETIM DE OCORRENCIA;Classificada;10/09/2025 06:22;PERÍODO DE ESTIAGEM
2025-41405843-0;(BM) 2025-042060879-001;09/09/2025 21:30;AVENIDA CANADA, Nº S/N - JARDIM CANADA II - PASSOS;-207.533.453;-466.124.556;O04013 - INCENDIO EM PASTO (C) (Prioridade: 2 - Média);1CIA IND/2CIA/1PEL(PASSOS);VOB00480;Não;Não;Não;BOLETIM DE OCORRENCIA;Classificada;10/09/2025 06:22;PERÍODO DE ESTIAGEM
2025-41407099-0;;09/09/2025 22:44;FAZENDA ITAJAÓ, Nº S/N - CARMO DO RIO CLARO;;;O04007 - INCENDIO EM PROPRIEDADE RURAL PARTICULAR (C) (Prioridade: 2 - Média);1CIA IND/2CIA/1PEL(PASSOS);;Não;Não;Não;DISPENSADA PELO SOLICITANTE;Classificada;09/09/2025 23:17;Não
2025-41407569-1;(BM) 2025-042055183-001;09/09/2025 23:12;RUA GOIAS, Nº 760 - SANTA LUZIA - PASSOS;-207.088.957;-466.032.937;V03003 - VITIMA DE AGRESSAO FISICA COM ARMA BRANCA (C) (Prioridade: 1 - Alta);1CIA IND/2CIA/1PEL(PASSOS);UR05480;Não;Não;Não;BOLETIM DE OCORRENCIA;Classificada;10/09/2025 06:23;Não
2025-41411132-7;(BM) 2025-042089570-001;10/09/2025 08:40;RUA GURUPI, Nº 59 - VILA RICA - PASSOS;-207.249.611;-465.928.228;S06001 - SALVAMENTO DE ANIMAL EM RISCO / PERIGO (C) (Prioridade: 2 - Média);1CIA IND/2CIA/1PEL(PASSOS);ASL06087;Não;Não;Não;BOLETIM DE OCORRENCIA;Classificada;11/09/2025 07:20;Não
2025-41411216-5;(BM) 2025-042089526-001;10/09/2025 08:48;RUA DOUTOR CARVALHO, Nº 1455 - NOSSA SENHORA DAS GRAÇAS - PASSOS;-207.352.269;-466.037.303;V03012 - VITIMA COM OBJETO PRESO AO CORPO (C) (Prioridade: 1 - Alta);1CIA IND/2CIA/1PEL(PASSOS);UR05480;Não;Não;Não;BOLETIM DE OCORRENCIA;Classificada;11/09/2025 07:20;Não
2025-41411306-6;(BM) 2025-042089491-001;10/09/2025 08:55;AVENIDA ENGENHEIRO MANOEL BATISTA, Nº 600 - ALVORADA - ITAU DE MINAS;-207.413.911;-467.421.913;P01003 - VISTORIA EM EVENTOS TEMPORARIOS (C) (Prioridade: 1 - Alta);1CIA IND/2CIA/PEL PREV E VIST(PASSOS);APV06243;Não;Não;Não;BOLETIM DE OCORRENCIA;Classificada;11/09/2025 07:20;Não
2025-41412325-6;(BM) 2025-042119671-001;10/09/2025 10:13;RUA DOUTOR SATURNINO, Nº 63 - PASSOS;-207.275.207;-465.991.865;X03000 - EMPENHO ADMINISTRATIVO (C) (Prioridade: 2 - Média);1CIA IND/2CIA/1PEL(PASSOS);ASL06087;Não;Não;Não;BOLETIM DE OCORRENCIA;Classificada;11/09/2025 07:20;Não
2025-41413543-2;(BM) 2025-042117224-001;10/09/2025 11:42;RUA DONA CANDIDA DONABELLA BORSARI, Nº 670 - COHAB 3 - PASSOS;-207.028.601;-466.268;V01008 - VITIMA COM DOR ABDOMINAL (ABDOME AGUDO) (C) (Prioridade: 1 - Alta);1CIA IND/2CIA/1PEL(PASSOS);UR05480;Não;Não;Não;BOLETIM DE OCORRENCIA;Classificada;11/09/2025 07:20;Não
2025-41414493-1;(BM) 2025-042179358-001;10/09/2025 13:08;RUA VARGINHA, Nº 344 - COHAB 3 - PASSOS;-207.081.928;-466.275.692;V01024 - VITIMA DE SUICIDIO (TENTATIVA) - APH CLINICO (C) (Prioridade: 1 - Alta);1CIA IND/2CIA/1PEL(PASSOS);UR05480;Não;Não;Não;BOLETIM DE OCORRENCIA;Classificada;11/09/2025 07:21;Não
2025-41415321-1;(BM) 2025-042168618-001;10/09/2025 14:06;RUA PADRE LICINIO, Nº 122 - CENTRO - FORTALEZA DE MINAS;-20.849.444;-46.713.696;O04011 - INCENDIO EM AREA URBANA NAO PROTEGIDA (C) (Prioridade: 2 - Média);1CIA IND/2CIA/1PEL(PASSOS);ASL07161;Não;Não;Não;BOLETIM DE OCORRENCIA;Classificada;11/09/2025 07:20;Não
2025-41415467-7;(BM) 2025-042168661-001;10/09/2025 14:15;FAZENDA PSS0638 - FAZENDA BARRO PRETO, Nº S/N - PASSOS;-206.905.142;-466.858.108;O04013 - INCENDIO EM PASTO (C) (Prioridade: 2 - Média);1CIA IND/2CIA/1PEL(PASSOS);ASL06087;Não;Não;Não;BOLETIM DE OCORRENCIA;Classificada;11/09/2025 07:20;Não
2025-41421689-3;(BM) 2025-042207134-001;10/09/2025 19:42;RUA JOSE CAMILO DOS SANTOS, Nº 387 - SAGRADA FAMILIA - ITAU DE MINAS;-207.459.507;-46.742.619;V01013 - VITIMA DE EMERGENCIAS PSIQUIATRICAS (C) (Prioridade: 1 - Alta);1CIA IND/2CIA/1PEL(PASSOS);UR05480;Não;Não;Não;BOLETIM DE OCORRENCIA;Classificada;11/09/2025 07:21;Não
2025-41422953-5;(BM) 2025-042221021-001;10/09/2025 21:03;RUA CORONEL JOAO DE BARROS, Nº 859 - CENTRO - PASSOS;-207.245.755;-466.095.172;V01007 - VITIMA COM DISPNEIA (FALTA DE AR) (C) (Prioridade: 1 - Alta);1CIA IND/2CIA/1PEL(PASSOS);UR05480;Não;Não;Não;BOLETIM DE OCORRENCIA;Classificada;11/09/2025 07:21;Não
2025-41423582-0;(BM) 2025-042224718-001;10/09/2025 21:43;RUA MONFORT, Nº 10 - RECANTO DEL REI - PASSOS;-20.730.188;-465.999.856;O04010 - INCENDIO EM AREA URBANA PERTENCENTE A ORGAO PRIVADO (C) (Prioridade: 2 - Média);1CIA IND/2CIA/1PEL(PASSOS);VOB00480;Não;Não;Não;BOLETIM DE OCORRENCIA;Classificada;11/09/2025 07:20;Não
2025-41427991-1;(BM) 2025-042266734-001;11/09/2025 07:40;AVENIDA PALMARES, Nº 36 - SERRA DAS BRISAS - PASSOS;-207.331.413;-465.974.217;V01007 - VITIMA COM DISPNEIA (FALTA DE AR) (C) (Prioridade: 1 - Alta);1CIA IND/2CIA/1PEL(PASSOS);UR05480;Não;Não;Não;BOLETIM DE OCORRENCIA;Classificada;12/09/2025 07:23;Não
2025-41428190-8;(BM) 2025-042269058-001;11/09/2025 08:02;AVENIDA JUCA STOCKLER, Nº 515 - BELO HORIZONTE - PASSOS;-207.281.995;-466.052.375;S06001 - SALVAMENTO DE ANIMAL EM RISCO / PERIGO (C) (Prioridade: 2 - Média);1CIA IND/2CIA/1PEL(PASSOS);ASL06087;Não;Não;Não;BOLETIM DE OCORRENCIA;Classificada;12/09/2025 07:24;Não
2025-41428337-4;(BM) 2025-042268837-001;11/09/2025 08:16;RUA DOUTOR CARVALHO, Nº 1455 - NOSSA SENHORA DAS GRAÇAS - PASSOS;-207.352.269;-466.037.303;Q02009 - PALESTRA DE PRIMEIROS SOCORROS (C) (Prioridade: 2 - Média);1CIA IND/2CIA/1PEL(PASSOS);BM1551159;Não;Não;Não;BOLETIM DE OCORRENCIA;Classificada;12/09/2025 07:23;Não
2025-41428618-3;(BM) 2025-042285220-001;11/09/2025 08:38;RUA PALMITOS, Nº 31 - ACLIMACAO - PASSOS;-207.579.882;-465.987.291;P02011 - VISTORIA EM ENXAME DE INSETOS (C) (Prioridade: 2 - Média);1CIA IND/2CIA/1PEL(PASSOS);ASL07161;Não;Não;Não;BOLETIM DE OCORRENCIA;Classificada;12/09/2025 07:23;Não
2025-41428923-7;(BM) 2025-042276909-001;11/09/2025 09:04;RUA PRAÇA GERALDO DA SILVA MAIA, Nº 56 - CENTRO - PASSOS;;;P03001 - PERIGO DE DERRAPAGEM (C) (Prioridade: 2 - Média);1CIA IND/2CIA/1PEL(PASSOS);ASL06087;Não;Não;Não;BOLETIM DE OCORRENCIA;Classificada;12/09/2025 07:23;Não
2025-41428978-9;(BM) 2025-042278111-001;11/09/2025 09:08;RUA TURQUESA, Nº 1660 - ACLIMACAO - PASSOS;-207.550.943;-465.996.885;S06005 - CAPTURA DE INSETOS (C) (Prioridade: 2 - Média);1CIA IND/2CIA/1PEL(PASSOS);ASL07161;Não;Não;Não;BOLETIM DE OCORRENCIA;Classificada;12/09/2025 07:23;Não
2025-41432120-6;(BM) 2025-042311336-001;11/09/2025 13:20;PRACA MANOEL LEITE LEMOS [PRAC, Nº S/N - CENTRO - DELFINOPOLIS;-203.438.426;-468.549.688;P01003 - VISTORIA EM EVENTOS TEMPORARIOS (C) (Prioridade: 1 - Alta);1CIA IND/2CIA/PEL PREV E VIST(PASSOS);ASL00063;Não;Não;Não;BOLETIM DE OCORRENCIA;Classificada;12/09/2025 07:23;Não
2025-41432328-7;(BM) 2025-042314459-001;11/09/2025 13:37;TRAVESSA DEZOITO DE SETEMBRO, Nº 155 - JARDIM SATELITE - PASSOS;-207.146.851;-466.209.312;W98011 - SOLICITACAO DE APOIO (C) (Prioridade: 1 - Alta);1CIA IND/2CIA/1PEL(PASSOS);VOB00480;Não;Não;Não;BOLETIM DE OCORRENCIA;Classificada;12/09/2025 07:23;Não
2025-41432559-0;;11/09/2025 13:53;RUA SARGENTO JOSE EMIDIO DE OLIVEIRA, Nº S/N - JARDIM SATELITE - PASSOS;-207.135.963;-466.207.722;O04012 - INCENDIO EM LOTE VAGO (AREA URBANA) (C) (Prioridade: 2 - Média);1CIA IND/2CIA/1PEL(PASSOS);;Não;Não;Não;DUPLICADA;Classificada;11/09/2025 13:55;Não
2025-41433507-1;(BM) 2025-042349969-001;11/09/2025 14:41;FAZENDA PSS0638 - FAZENDA BARRO PRETO, Nº S/N - PASSOS;-206.905.142;-466.858.108;O04013 - INCENDIO EM PASTO (C) (Prioridade: 2 - Média);1CIA IND/2CIA/1PEL(PASSOS);ASL07161;Não;Não;Não;BOLETIM DE OCORRENCIA;Classificada;12/09/2025 07:23;Não
2025-41435412-8;(BM) 2025-042353703-001;11/09/2025 16:11;RUA JAIME GOMES, Nº 650 - CANDEIAS - PASSOS;-207.209.137;-466.163.273;P02011 - VISTORIA EM ENXAME DE INSETOS (C) (Prioridade: 2 - Média);1CIA IND/2CIA/1PEL(PASSOS);ASL06087;Não;Não;Não;BOLETIM DE OCORRENCIA;Classificada;12/09/2025 07:23;Não
2025-41435752-6;(BM) 2025-042358067-001;11/09/2025 16:27;RUA ADVOGADOS, Nº 100 - BELO HORIZONTE - PASSOS;-207.326.488;-466.044.968;V01010 - VITIMA COM DOR TORACICA/SUSPEITA DE INFARTO (IAM) (C) (Prioridade: 1 - Alta);1CIA IND/2CIA/1PEL(PASSOS);UR04360;Não;Não;Não;BOLETIM DE OCORRENCIA;Classificada;12/09/2025 07:23;Não
2025-41436122-3;(BM) 2025-042358721-001;11/09/2025 16:47;RUA SARGENTO JOSE EMIDIO DE OLIVEIRA, Nº 107 - JARDIM SATELITE - PASSOS;-207.136.461;-46.620.605;O04012 - INCENDIO EM LOTE VAGO (AREA URBANA) (C) (Prioridade: 2 - Média);1CIA IND/2CIA/1PEL(PASSOS);ASL06087;Não;Não;Não;BOLETIM DE OCORRENCIA;Classificada;12/09/2025 07:23;Não
2025-41436915-4;(BM) 2025-042368322-001;11/09/2025 17:28;RODOVIA SBG0090 - MGC 146 S/N - HUMBERTO DE ALMEIDA, Nº S/N - SAO JOAO BATISTA GLORIA;-206.537.209;-465.279.598;O04008 - INCENDIO EM AREA RURAL NAO PROTEGIDA (C) (Prioridade: 2 - Média);1CIA IND/2CIA/1PEL(PASSOS);ASL06087;Não;Não;Não;BOLETIM DE OCORRENCIA;Classificada;12/09/2025 07:23;Não
2025-41439575-4;(BM) 2025-042392908-001;11/09/2025 19:57;RODOVIA MG 344, Km 0 - PRIMAVERA - CASSIA;-205.869.198;-469.229.683;O04013 - INCENDIO EM PASTO (C) (Prioridade: 2 - Média);1CIA IND/2CIA/1PEL(PASSOS);VOB00480;Não;Não;Não;BOLETIM DE OCORRENCIA;Classificada;12/09/2025 07:23;Não
2025-41440141-1;(BM) 2025-042402567-001;11/09/2025 20:30;RODOVIA MG 050, Nº S/N - SANTA TEREZINHA - ITAU DE MINAS;-207.498.551;-467.534.723;O04014 - INCENDIO AS MARGENS DE RODOVIA (C) (Prioridade: 2 - Média);1CIA IND/2CIA/1PEL(PASSOS);ASL06087;Não;Não;Não;BOLETIM DE OCORRENCIA;Classificada;12/09/2025 07:23;Não
2025-41441834-3;(BM) 2025-042419746-001;11/09/2025 22:06;RUA CAETES, Nº 945 - NOSSA SENHORA APARECIDA - PASSOS;-207.443.038;-466.089.236;O04011 - INCENDIO EM AREA URBANA NAO PROTEGIDA (C) (Prioridade: 2 - Média);1CIA IND/2CIA/1PEL(PASSOS);VOB00480;Não;Não;Não;BOLETIM DE OCORRENCIA;Classificada;12/09/2025 07:23;PERÍODO DE ESTIAGEM
2025-41443531-2;(BM) 2025-042423926-001;11/09/2025 23:32;RUA RECIFE, Nº S/N - ALTO DO GLORIA - SAO JOAO BATISTA GLORIA;-20.630.242;-465.071.442;O04012 - INCENDIO EM LOTE VAGO (AREA URBANA) (C) (Prioridade: 2 - Média);1CIA IND/2CIA/1PEL(PASSOS);ASL07161;Não;Não;Não;BOLETIM DE OCORRENCIA;Classificada;12/09/2025 07:23;PERÍODO DE ESTIAGEM
2025-41444130-7;(BM) 2025-042427818-001;12/09/2025 00:09;RUA PALMEIRAS, Nº 679 - SERRA DAS BRISAS - PASSOS;-207.357.267;-465.911.572;O02003 - INCENDIO EM EDIFICACAO COMERCIAL (C) (Prioridade: 1 - Alta);1CIA IND/2CIA/1PEL(PASSOS);VOB00480;Não;Não;Não;BOLETIM DE OCORRENCIA;Classificada;12/09/2025 07:23;Não
2025-41447316-1;(BM) 2025-042454250-001;12/09/2025 08:42;RUA NOVA REPUBLICA, Nº 45 - SAO BENEDITO - PASSOS;-207.208.954;-465.981.891;V01008 - VITIMA COM DOR ABDOMINAL (ABDOME AGUDO) (C) (Prioridade: 1 - Alta);1CIA IND/2CIA/1PEL(PASSOS);UR05480;Não;Não;Não;BOLETIM DE OCORRENCIA;Classificada;13/09/2025 07:42;Não
2025-41447317-4;(BM) 2025-042454169-001;12/09/2025 08:42;RUA DOUTOR CARVALHO, Nº 1455 - NOSSA SENHORA DAS GRAÇAS - PASSOS;-207.352.269;-466.037.303;Q03017 - TREINAMENTO DE PRIMEIROS SOCORROS (C) (Prioridade: 2 - Média);1CIA IND/2CIA/1PEL(PASSOS);BM1637750;Não;Não;Não;BOLETIM DE OCORRENCIA;Classificada;13/09/2025 07:46;Não
2025-41449881-7;(BM) 2025-042594743-001;12/09/2025 12:08;RODOVIA MG 344, Km 0 - PRIMAVERA - CASSIA;-205.869.198;-469.229.683;O04014 - INCENDIO AS MARGENS DE RODOVIA (C) (Prioridade: 2 - Média);1CIA IND/2CIA/1PEL(PASSOS);ASL07161;Não;Não;Não;BOLETIM DE OCORRENCIA;Classificada;13/09/2025 07:40;PERÍODO DE ESTIAGEM
2025-41450016-6;(BM) 2025-042598438-001;12/09/2025 12:28;RUA DOUTOR BERNARDINO VIEIRA, Nº 596 - CARMELO - PASSOS;-207.151.623;-466.047.178;S06002 - CAPTURA DE ANIMAL SILVESTRE PERIGOSO / AGRESSIVO (C) (Prioridade: 2 - Média);1CIA IND/2CIA/1PEL(PASSOS);ASL06087;Não;Não;Não;BOLETIM DE OCORRENCIA;Classificada;13/09/2025 07:44;Não
2025-41450113-2;(BM) 2025-042598529-001;12/09/2025 12:38;RUA VENEZUELA, Nº 689 - POLIVALENTE - PASSOS;-207.029.332;-466.035.578;P02011 - VISTORIA EM ENXAME DE INSETOS (C) (Prioridade: 2 - Média);1CIA IND/2CIA/1PEL(PASSOS);ASL06087;Não;Não;Não;BOLETIM DE OCORRENCIA;Classificada;13/09/2025 07:44;Não
2025-41450373-3;;12/09/2025 13:02;RUA ANTONIO ISRAEL PEDROSA, Nº S/N - JARDIM PLANALTO - SAO JOAO BATISTA GLORIA;-206.298.745;-465.141.968;O04013 - INCENDIO EM PASTO (C) (Prioridade: 2 - Média);1CIA IND/2CIA/1PEL(PASSOS);;Não;Não;Não;DISPENSADA PELO SOLICITANTE;Classificada;12/09/2025 13:49;PERÍODO DE ESTIAGEM
2025-41453836-6;(BM) 2025-042594680-001;12/09/2025 16:25;RUA ANTONIO BRASIEL - ITAU DE MINAS;;;O04013 - INCENDIO EM PASTO (C) (Prioridade: 2 - Média);1CIA IND/2CIA/1PEL(PASSOS);VOB00480;Não;Não;Não;BOLETIM DE OCORRENCIA;Classificada;13/09/2025 07:46;PERÍODO DE ESTIAGEM
2025-41455381-9;(BM) 2025-042594652-001;12/09/2025 17:55;RUA ANTONIO ISRAEL PEDROSA, Nº S/N - JARDIM PLANALTO - SAO JOAO BATISTA GLORIA;-206.298.745;-465.141.968;O04013 - INCENDIO EM PASTO (C) (Prioridade: 2 - Média);1CIA IND/2CIA/1PEL(PASSOS);ASL07161;Não;Não;Não;BOLETIM DE OCORRENCIA;Classificada;13/09/2025 07:40;PERÍODO DE ESTIAGEM
2025-41456760-2;(BM) 2025-042594590-001;12/09/2025 19:18;ACESSO RURAL JJ - PALMEIRAS - PASSOS;;;O04008 - INCENDIO EM AREA RURAL NAO PROTEGIDA (C) (Prioridade: 2 - Média);1CIA IND/2CIA/1PEL(PASSOS);ASL06087;Não;Não;Não;BOLETIM DE OCORRENCIA;Classificada;13/09/2025 07:44;Não
2025-41458923-6;(BM) 2025-042594546-002;12/09/2025 21:30;RUA DOUTOR MANOEL PATTI / RUA SETE DE SETEMBRO - CENTRO - PASSOS;-207.233.603;-466.088.926;S06001 - SALVAMENTO DE ANIMAL EM RISCO / PERIGO (C) (Prioridade: 2 - Média);1CIA IND/2CIA/1PEL(PASSOS);ASL07161;Não;Não;Não;BOLETIM DE OCORRENCIA;Classificada;13/09/2025 07:40;Não
2025-41459082-0;;12/09/2025 21:40;RUA ELOI PEREIRA LEMOS, Nº 791 - NOVA PASSOS - PASSOS;-206.987.798;-466.306.644;V02402 - VITIMA DE COLISAO ENTRE MOTOCICLETAS (C) (Prioridade: 1 - Alta);1CIA IND/2CIA/1PEL(PASSOS);;Não;Não;Não;ATENDIDA PELO SAMU;Classificada;12/09/2025 21:48;Não
2025-41460295-8;(BM) 2025-042594496-001;12/09/2025 22:47;SITIO SBG0153 - RECANTO DA VOVO - BAIRRO RURAL ESMERIL - ELEANE FERREIRA SANTOS, Nº S/N - SAO JOAO BATISTA GLORIA;-206.148.741;-465.149.027;O04013 - INCENDIO EM PASTO (C) (Prioridade: 2 - Média);1CIA IND/2CIA/1PEL(PASSOS);ASL07161;Não;Não;Não;BOLETIM DE OCORRENCIA;Classificada;13/09/2025 07:40;PERÍODO DE ESTIAGEM
2025-41460328-5;;12/09/2025 22:50;RUA JUIZ DE FORA, Nº 919 - COHAB 3 - PASSOS;-207.060.509;-466.264.922;V01003 - VITIMA COM CRISE CONVULSIVA (C) (Prioridade: 1 - Alta);1CIA IND/2CIA/1PEL(PASSOS);;Não;Não;Não;NÃO ATENDIDA: FALTA DE EFETIVO;Classificada;12/09/2025 22:50;Não
2025-41465024-8;(BM) 2025-042635215-001;13/09/2025 08:12;RUA RIO TIETE / RUA PARA - CANJERANUS - PASSOS;-207.104.594;-466.037.909;V02408 - VITIMA DE COLISAO ENTRE AUTOMOVEL X MOTOCICLETA (C) (Prioridade: 1 - Alta);1CIA IND/2CIA/1PEL(PASSOS);UR05480;Não;Não;Não;BOLETIM DE OCORRENCIA;Classificada;14/09/2025 06:09;Não
2025-41465324-1;(BM) 2025-042635334-001;13/09/2025 08:41;RUA ADOLFO COELHO LEMOS, Nº 165 - JARDIM PINHEIROS - PASSOS;-207.233.316;-466.216.699;S06002 - CAPTURA DE ANIMAL SILVESTRE PERIGOSO / AGRESSIVO (C) (Prioridade: 2 - Média);1CIA IND/2CIA/1PEL(PASSOS);ASL06087;Não;Não;Não;BOLETIM DE OCORRENCIA;Classificada;14/09/2025 06:09;Não
2025-41466156-4;(BM) 2025-042637829-001;13/09/2025 10:17;RUA CAETES, Nº S/N - NOSSA SENHORA APARECIDA - PASSOS;-20.743.907;-466.081.916;S06003 - CAPTURA DE CAO PERIGOSO / AGRESSIVO (C) (Prioridade: 2 - Média);1CIA IND/2CIA/1PEL(PASSOS);ASL06087;Não;Não;Não;BOLETIM DE OCORRENCIA;Classificada;14/09/2025 06:09;Não
2025-41466510-1;(BM) 2025-042645301-001;13/09/2025 10:45;AVENIDA EXPEDICIONARIOS, Nº 16 - CENTRO - PASSOS;-207.213.808;-466.077.495;V01009 - VITIMA COM DOR NA COLUNA VERTEBRAL (COSTAS) (C) (Prioridade: 1 - Alta);1CIA IND/2CIA/1PEL(PASSOS);UR05480;Não;Não;Não;BOLETIM DE OCORRENCIA;Classificada;14/09/2025 06:10;Não
2025-41467667-9;(BM) 2025-042652749-001;13/09/2025 12:54;RUA GAIVOTA, Nº 355 - NOSSA SENHORA DAS GRAÇAS - PASSOS;-20.738.622;-466.054.469;V01006 - VITIMA COM DIFICULDADE DE LOCOMOCAO (C) (Prioridade: 1 - Alta);1CIA IND/2CIA/1PEL(PASSOS);UR05480;Não;Não;Não;BOLETIM DE OCORRENCIA;Classificada;14/09/2025 06:10;Não
2025-41469228-0;(BM) 2025-042665419-001;13/09/2025 15:02;RUA MUZAMBINHO, Nº 825 - NOSSA SENHORA DE FATIMA - PASSOS;-207.003.287;-466.132.284;O04012 - INCENDIO EM LOTE VAGO (AREA URBANA) (C) (Prioridade: 2 - Média);1CIA IND/2CIA/1PEL(PASSOS);VOB00480;Não;Não;Não;BOLETIM DE OCORRENCIA;Classificada;14/09/2025 06:09;PERÍODO DE ESTIAGEM
2025-41469733-2;(BM) 2025-042669915-001;13/09/2025 15:30;RUA CAMPO FLORIDO, Nº 150 - JARDIM ELAINE - PASSOS;-206.967.278;-466.154.171;V02402 - VITIMA DE COLISAO ENTRE MOTOCICLETAS (C) (Prioridade: 1 - Alta);1CIA IND/2CIA/1PEL(PASSOS);UR05480;Não;Não;Não;BOLETIM DE OCORRENCIA;Classificada;14/09/2025 06:10;Não
2025-41471476-4;(BM) 2025-042684309-001;13/09/2025 17:15;RUA CAMPOS GERAIS, Nº S/N - NOSSA SENHORA DE FATIMA - PASSOS;-207.050.626;-466.129.169;O02034 - INCENDIO EM CACAMBA DE LIXO / ENTULHO (C) (Prioridade: 2 - Média);1CIA IND/2CIA/1PEL(PASSOS);VOB00480;Não;Não;Não;BOLETIM DE OCORRENCIA;Classificada;14/09/2025 06:09;Não
2025-41474824-5;;13/09/2025 20:36;RODOVIA GERALDO MARTINS COSTA, Km 12, Nº S/N - JARDIM DO CONTORNO - POCOS DE CALDAS;;;O04014 - INCENDIO AS MARGENS DE RODOVIA (C) (Prioridade: 2 - Média);1CIA IND (POCOS DE CALDAS);;Não;Não;Não;REPASSADA A OUTROS ÓRGAOS;Classificada;13/09/2025 21:49;PERÍODO DE ESTIAGEM
2025-41475875-1;(BM) 2025-042748706-001;13/09/2025 21:41;ACESSO SITIO COSTA AZUL, Nº S/N - ZONA RURAL - PASSOS;;;O04008 - INCENDIO EM AREA RURAL NAO PROTEGIDA (C) (Prioridade: 2 - Média);1CIA IND/2CIA/1PEL(PASSOS);ASL07161;Não;Não;Não;BOLETIM DE OCORRENCIA;Classificada;14/09/2025 06:09;PERÍODO DE ESTIAGEM
2025-41477629-6;;13/09/2025 23:15;RODOVIA LMG 877, Nº S/N - POCOS DE CALDAS;;;S06008 - CORTE DE ARVORE CAIDA EM VIA PUBLICA (C) (Prioridade: 2 - Média);1CIA IND (POCOS DE CALDAS);;Não;Não;Não;REPASSADA A OUTROS ÓRGAOS;Classificada;13/09/2025 23:17;Não
2025-41484018-2;(BM) 2025-042785591-001;14/09/2025 11:38;RUA ORLANDO ADAO CARNEIRO, Nº 514 - RECANTO DA TEKA - PASSOS;-207.452.066;-465.980.763;V01005 - VITIMA COM CRISE HIPERTENSIVA/HIPOTENSAO (C) (Prioridade: 1 - Alta);1CIA IND/2CIA/1PEL(PASSOS);UR05480;Não;Não;Não;BOLETIM DE OCORRENCIA;Classificada;15/09/2025 08:52;Não
2025-41485148-3;(BM) 2025-042810515-001;14/09/2025 13:52;AVENIDA MONTESE / AVENIDA NACOES - RECANTO DEL REI - PASSOS;-207.282.493;-465.962.175;P02011 - VISTORIA EM ENXAME DE INSETOS (C) (Prioridade: 2 - Média);1CIA IND/2CIA/1PEL(PASSOS);ASL06087;Não;Não;Não;BOLETIM DE OCORRENCIA;Classificada;15/09/2025 08:53;Não
2025-41488026-2;(BM) 2025-042819059-001;14/09/2025 16:55;FAZENDA CRC0010 - PINHEIROS - BAIRRO RURAL VARGEM DOS PINHEIROS - MARIA SALOME DA CRUZ, Nº S/N - CARMO DO RIO CLARO;-20.830.375;-462.310.014;O04013 - INCENDIO EM PASTO (C) (Prioridade: 2 - Média);1CIA IND/2CIA/1PEL(PASSOS);ASL07161;Não;Não;Não;BOLETIM DE OCORRENCIA;Classificada;15/09/2025 08:53;PERÍODO DE ESTIAGEM
2025-41488960-1;(BM) 2025-042825708-001;14/09/2025 17:54;RODOVIA MG 050, Nº S/N - PASSOS;-207.372.242;-466.331.087;Y40035 - APOIO DE SOLO EM OPERACOES AEREAS (C) (Prioridade: 2 - Média);1CIA IND/2CIA/1PEL(PASSOS);UR05480;Não;Não;Não;BOLETIM DE OCORRENCIA;Classificada;15/09/2025 08:53;Não
2025-41490011-8;(BM) 2025-042834724-001;14/09/2025 18:55;RODOVIA MG 050, Nº S/N - PASSOS;-207.372.242;-466.331.087;V02408 - VITIMA DE COLISAO ENTRE AUTOMOVEL X MOTOCICLETA (C) (Prioridade: 1 - Alta);1CIA IND/2CIA/1PEL(PASSOS);UR05480;Não;Não;Não;BOLETIM DE OCORRENCIA;Classificada;15/09/2025 08:52;Não
2025-41491003-5;(BM) 2025-042841949-001;14/09/2025 19:51;RUA GONCALVES DIAS, Nº 513 - CENTRO - PASSOS;;;V01006 - VITIMA COM DIFICULDADE DE LOCOMOCAO (C) (Prioridade: 1 - Alta);1CIA IND/2CIA/1PEL(PASSOS);UR05480;Não;Não;Não;BOLETIM DE OCORRENCIA;Classificada;15/09/2025 08:52;Não
2025-41493731-3;(BM) 2025-042864339-001;14/09/2025 22:38;RUA OTAWA, Nº 341 - JARDIM CANADA II - PASSOS;-207.507.287;-466.090.974;S05102 - CHOQUE DE MOTOCICLETA (C) (Prioridade: 1 - Alta);1CIA IND/2CIA/1PEL(PASSOS);UR05480;Não;Não;Não;BOLETIM DE OCORRENCIA;Classificada;15/09/2025 08:52;Não
2025-41496692-0;(BM) 2025-042892834-001;15/09/2025 06:52;RODOVIA MG 050, Nº S/N - PASSOS;-207.372.242;-466.331.087;Y40035 - APOIO DE SOLO EM OPERACOES AEREAS (C) (Prioridade: 2 - Média);1CIA IND/2CIA/1PEL(PASSOS);UR05480;Não;Não;Não;BOLETIM DE OCORRENCIA;Classificada;15/09/2025 08:53;Não
2025-41498027-1;(BM) 2025-042902922-001;15/09/2025 09:15;RUA DOS MEDICOS, Nº 460 - BELO HORIZONTE - PASSOS;-207.296.801;-466.044.183;X03000 - EMPENHO ADMINISTRATIVO (C) (Prioridade: 2 - Média);1CIA IND/2CIA/1PEL(PASSOS);ASL06087;Não;Não;Não;BOLETIM DE OCORRENCIA;Classificada;16/09/2025 07:41;Não
2025-41498109-4;(BM) 2025-042903996-001;15/09/2025 09:21;AVENIDA ARLINDO FIGUEIREDO, Nº 2151 - PASSOS;-207.320.493;-466.302.434;P01002 - VISTORIA DE LIBERACAO / EMISSAO DE AVCB (C) (Prioridade: 2 - Média);1CIA IND/2CIA/PEL PREV E VIST(PASSOS);APV06243;Não;Não;Não;BOLETIM DE OCORRENCIA;Classificada;16/09/2025 07:41;Não
2025-41498134-1;(BM) 2025-042911899-001;15/09/2025 09:22;RUA PIANTINOS / AVENIDA COMENDADOR FRANCISCO A MAIA - MARIO MAGALHAES - PASSOS;-207.268.095;-466.108.342;S05308 - COLISAO ENTRE AUTOMOVEL X MOTOCICLETA (C) (Prioridade: 1 - Alta);1CIA IND/2CIA/1PEL(PASSOS);UR05480;Não;Não;Não;BOLETIM DE OCORRENCIA;Classificada;16/09/2025 07:39;Não
2025-41498218-0;(BM) 2025-042911977-001;15/09/2025 09:29;RUA PIANTINOS / AVENIDA COMENDADOR FRANCISCO A MAIA - MARIO MAGALHAES - PASSOS;-207.268.345;-466.109.595;P03001 - PERIGO DE DERRAPAGEM (C) (Prioridade: 2 - Média);1CIA IND/2CIA/1PEL(PASSOS);ASL07161;Não;Não;Não;BOLETIM DE OCORRENCIA;Classificada;16/09/2025 07:40;Não
2025-41498443-6;;15/09/2025 09:48;RUA FORMIGA, Nº S/N - MARIO MAGALHAES - PASSOS;-207.259.568;-466.127.797;P03001 - PERIGO DE DERRAPAGEM (C) (Prioridade: 2 - Média);1CIA IND/2CIA/1PEL(PASSOS);;Não;Não;Não;DUPLICADA;Classificada;15/09/2025 09:57;Não
2025-41498813-3;(BM) 2025-042925312-001;15/09/2025 10:16;RUA DOUTOR CARVALHO, Nº 1455 - NOSSA SENHORA DAS GRAÇAS - PASSOS;-207.352.269;-466.037.303;Q03017 - TREINAMENTO DE PRIMEIROS SOCORROS (C) (Prioridade: 2 - Média);1CIA IND/2CIA/1PEL(PASSOS);BM1549807;Não;Não;Não;BOLETIM DE OCORRENCIA;Classificada;16/09/2025 07:40;Não
2025-41499072-1;(BM) 2025-042935387-001;15/09/2025 10:38;PRACA CONEGO JOSE TIMOTEO DA SILVA, Nº 261 - PASSOS;-207.187.645;-466.009.744;P02011 - VISTORIA EM ENXAME DE INSETOS (C) (Prioridade: 2 - Média);1CIA IND/2CIA/1PEL(PASSOS);ASL06087;Não;Não;Não;BOLETIM DE OCORRENCIA;Classificada;16/09/2025 07:40;Não
2025-41499305-8;(BM) 2025-042931125-001;15/09/2025 10:54;TRAVESSA JOAQUIM LOPES, Nº S/N - JARDIM PLANALTO - PASSOS;-207.185.766;-466.260.971;P02011 - VISTORIA EM ENXAME DE INSETOS (C) (Prioridade: 2 - Média);1CIA IND/2CIA/1PEL(PASSOS);ASL06087;Não;Não;Não;BOLETIM DE OCORRENCIA;Classificada;16/09/2025 07:40;Não
2025-41501676-6;(BM) 2025-042957020-001;15/09/2025 14:04;RODOVIA PSS0140 - MG 050, Nº S/N - PASSOS;-207.351.074;-465.719.703;O04013 - INCENDIO EM PASTO (C) (Prioridade: 2 - Média);1CIA IND/2CIA/1PEL(PASSOS);VOB00480;Não;Não;Não;BOLETIM DE OCORRENCIA;Classificada;16/09/2025 07:40;PERÍODO DE ESTIAGEM
2025-41501718-4;(BM) 2025-042946374-001;15/09/2025 14:08;RUA GONCALVES DIAS, Nº 451 - SAO BENEDITO - PASSOS;-207.185.504;-466.049.892;P01002 - VISTORIA DE LIBERACAO / EMISSAO DE AVCB (C) (Prioridade: 2 - Média);1CIA IND/2CIA/PEL PREV E VIST(PASSOS);APV06243;Não;Não;Não;BOLETIM DE OCORRENCIA;Classificada;16/09/2025 07:40;Não
2025-41502014-7;(BM) 2025-042957149-001;15/09/2025 14:23;AVENIDA SABIA, Nº 311 - PARQUE DA FAZENDA - PASSOS;-207.383.237;-466.094.132;V02406 - VITIMA DE COLISAO ENTRE MOTOCICLETA X BICICLETA (C) (Prioridade: 1 - Alta);1CIA IND/2CIA/1PEL(PASSOS);UR05480;Não;Não;Não;BOLETIM DE OCORRENCIA;Classificada;16/09/2025 07:39;Não
2025-41502742-4;(BM) 2025-042959189-001;15/09/2025 14:58;AVENIDA JUCA STOCKLER, Nº 3149 - ACLIMACAO - PASSOS;-207.524.517;-465.980.535;P01001 - VISTORIA DE FISCALIZACAO (C) (Prioridade: 2 - Média);1CIA IND/2CIA/PEL PREV E VIST(PASSOS);APV06243;Não;Não;Não;BOLETIM DE OCORRENCIA;Classificada;16/09/2025 07:40;Não
2025-41503251-8;(BM) 2025-042977256-001;15/09/2025 15:22;AVENIDA JUCA STOCKLER, Nº 2430 - PASSOS;-207.304.001;-465.834.499;O04011 - INCENDIO EM AREA URBANA NAO PROTEGIDA (C) (Prioridade: 2 - Média);1CIA IND/2CIA/1PEL(PASSOS);ASL07161;Não;Não;Não;BOLETIM DE OCORRENCIA;Classificada;16/09/2025 07:40;PERÍODO DE ESTIAGEM
2025-41503372-2;(BM) 2025-042967928-001;15/09/2025 15:27;TRAVESSA JOAQUIM LOPES, Nº S/N - JARDIM PLANALTO - PASSOS;-207.185.766;-466.260.971;S06006 - EXTERMINIO DE INSETOS (C) (Prioridade: 2 - Média);1CIA IND/2CIA/1PEL(PASSOS);UR05480;Não;Não;Não;BOLETIM DE OCORRENCIA;Classificada;16/09/2025 07:40;Não
2025-41505273-1;(BM) 2025-043030986-001;15/09/2025 17:04;RUA GOIAS / RUA GUATEMALA - POLIVALENTE - PASSOS;-207.049.687;-466.074.438;S06001 - SALVAMENTO DE ANIMAL EM RISCO / PERIGO (C) (Prioridade: 2 - Média);1CIA IND/2CIA/1PEL(PASSOS);ASL06087;Não;Não;Não;BOLETIM DE OCORRENCIA;Classificada;16/09/2025 07:40;Não
2025-41510492-4;(BM) 2025-043044425-001;15/09/2025 22:28;RUA DOUTOR CARVALHO, Nº 1455 - NOSSA SENHORA DAS GRAÇAS - PASSOS;-207.352.269;-466.037.303;S06001 - SALVAMENTO DE ANIMAL EM RISCO / PERIGO (C) (Prioridade: 2 - Média);1CIA IND/2CIA/1PEL(PASSOS);ASL06087;Não;Não;Não;BOLETIM DE OCORRENCIA;Classificada;16/09/2025 07:39;Não
2025-41512606-2;(PM) 2025-043067670-001;16/09/2025 01:49;RUA JOSE MARIANO NEGRINHO, Nº 424 - COHAB 5 - PASSOS;-207.181.969;-466.373.767;W98011 - SOLICITACAO DE APOIO (C) (Prioridade: 1 - Alta);1CIA IND/2CIA/1PEL(PASSOS);;Não;Não;Não;DISPENSADA PELO SOLICITANTE;Classificada;16/09/2025 03:19;Não
2025-41512757-8;;16/09/2025 02:27;RUA JOSE MARIANO NEGRINHO, Nº 424 - COHAB 5 - PASSOS;-207.181.969;-466.373.767;V01013 - VITIMA DE EMERGENCIAS PSIQUIATRICAS (C) (Prioridade: 1 - Alta);1CIA IND/2CIA/1PEL(PASSOS);;Não;Não;Não;DUPLICADA;Classificada;16/09/2025 03:19;Não
2025-41514084-0;(BM) 2025-043078103-001;16/09/2025 08:11;RUA DOUTOR CARVALHO, Nº 1455 - NOSSA SENHORA DAS GRAÇAS - PASSOS;-207.352.269;-466.037.303;Q03040 - FORMA/TREINA/RECICLA BRIGADAS FLORESTAIS PARA ORGAO PUBLICO (C) (Prioridade: 3 - Baixa);1CIA IND/2CIA/PEL PREV E VIST(PASSOS);BM1636356 / BM1364223;Não;Não;Não;BOLETIM DE OCORRENCIA;Classificada;17/09/2025 07:01;Não
2025-41514483-5;(BM) 2025-043089486-001;16/09/2025 08:45;RUA LUIZ MOURA DA SILVA, Nº 40 - COHAB 3 - PASSOS;-207.032.924;-466.256.734;P02011 - VISTORIA EM ENXAME DE INSETOS (C) (Prioridade: 2 - Média);1CIA IND/2CIA/1PEL(PASSOS);VOB00480;Não;Não;Não;BOLETIM DE OCORRENCIA;Classificada;17/09/2025 07:01;Não
2025-41515089-9;(BM) 2025-043100616-001;16/09/2025 09:39;ACESSO RURAL rural - PASSOS;;;S02002 - AFOGAMENTO EM RIO / RIACHO / CORREGO (C) (Prioridade: 1 - Alta);1CIA IND/2CIA/1PEL(PASSOS);ASL06087;Não;Não;Não;BOLETIM DE OCORRENCIA;Classificada;17/09/2025 07:01;Não
2025-41515940-0;(BM) 2025-043191059-001;16/09/2025 10:44;ESTRADA PSS0220 - MUMBUCA, Nº S/N - PASSOS;-20.890.833;-46.593.611;O04013 - INCENDIO EM PASTO (C) (Prioridade: 2 - Média);1CIA IND/2CIA/1PEL(PASSOS);ASL07161;Não;Não;Não;BOLETIM DE OCORRENCIA;Classificada;17/09/2025 07:01;PERÍODO DE ESTIAGEM
2025-41517585-1;(BM) 2025-043175780-001;16/09/2025 13:16;RUA TRES CORACOES, Nº 1074 - EXPOSICAO - PASSOS;-2.073.203;-466.076.335;S06004 - CAPTURA DE OUTROS ANIMAIS DOMESTICOS PERIGOSOS / AGRESSIVOS (C) (Prioridade: 2 - Média);1CIA IND/2CIA/1PEL(PASSOS);ASL06087;Não;Não;Não;BOLETIM DE OCORRENCIA;Classificada;17/09/2025 07:01;Não
2025-41518119-4;(BM) 2025-043127885-001;16/09/2025 13:56;RODOVIA CSS0183 - MG 344, Nº S/N - CASSIA;-206.059.151;-468.965.632;O04014 - INCENDIO AS MARGENS DE RODOVIA (C) (Prioridade: 2 - Média);1CIA IND/2CIA/1PEL(PASSOS);ABT00816;Não;Não;Não;BOLETIM DE OCORRENCIA;Classificada;17/09/2025 07:01;PERÍODO DE ESTIAGEM
2025-41518182-0;(BM) 2025-043175660-001;16/09/2025 13:57;RODOVIA SBG0083 - BR 464 SAO JOAO BATISTA DO GLORIA / DELFINOPOLIS, Nº S/N - SAO JOAO BATISTA GLORIA;-206.197.406;-465.240.295;O04014 - INCENDIO AS MARGENS DE RODOVIA (C) (Prioridade: 2 - Média);1CIA IND/2CIA/1PEL(PASSOS);ASL07161;Não;Não;Não;BOLETIM DE OCORRENCIA;Classificada;17/09/2025 07:01;PERÍODO DE ESTIAGEM
2025-41518252-4;(BM) 2025-043125481-001;16/09/2025 14:00;RUA ONOFRE R TEIXEIRA, Nº 437 - PASSOS;-207.170.823;-466.295.934;P01002 - VISTORIA DE LIBERACAO / EMISSAO DE AVCB (C) (Prioridade: 2 - Média);1CIA IND/2CIA/PEL PREV E VIST(PASSOS);APV06243;Não;Não;Não;BOLETIM DE OCORRENCIA;Classificada;17/09/2025 07:01;Não
2025-41519239-1;(BM) 2025-043137592-001;16/09/2025 14:52;AVENIDA ARLINDO FIGUEIREDO, Nº 850 - JARDIM PINHEIROS - PASSOS;-207.248.365;-466.210.844;X03000 - EMPENHO ADMINISTRATIVO (C) (Prioridade: 2 - Média);1CIA IND/2CIA/1PEL(PASSOS);ASL06087;Não;Não;Não;BOLETIM DE OCORRENCIA;Classificada;17/09/2025 07:01;Não
2025-41522220-1;(PM) 2025-043175069-001;16/09/2025 17:21;AVENIDA DOUTOR BRENO SOARES MAIA, Nº 681 - NOVO HORIZONTE - PASSOS;-207.325.673;-466.028.408;W98011 - SOLICITACAO DE APOIO (C) (Prioridade: 1 - Alta);1CIA IND/2CIA/1PEL(PASSOS);;Não;Não;Não;NÃO ATENDIDA: FALTA DE VIATURA;Classificada;16/09/2025 17:39;Não
2025-41522393-0;;16/09/2025 17:31;RUA SANTA CASA, Nº 164 - SANTA CASA - PASSOS;-207.129.746;-466.123.199;V02502 - VITIMA DE QUEDA (MOTOCICLISTA) (C) (Prioridade: 1 - Alta);1CIA IND/2CIA/1PEL(PASSOS);;Não;Não;Não;NÃO ATENDIDA: FALTA DE EFETIVO;Classificada;16/09/2025 17:35;Não
2025-41522826-5;(BM) 2025-043180440-001;16/09/2025 17:56;AVENIDA DOUTOR BRENO SOARES MAIA, Nº 796 - PASSOS;-207.248.214;-465.943.024;V04004 - PRIMEIRO-ATENDIMENTO DO SALVAMENTO (C) (Prioridade: 1 - Alta);1CIA IND/2CIA/1PEL(PASSOS);ASL06087;Não;Não;Não;BOLETIM DE OCORRENCIA;Classificada;17/09/2025 07:01;Não
2025-41524350-8;(BM) 2025-043193781-001;16/09/2025 19:24;RUA LUIZ MOURA DA SILVA, Nº 40 - COHAB 3 - PASSOS;-207.032.924;-466.256.734;S06005 - CAPTURA DE INSETOS (C) (Prioridade: 2 - Média);1CIA IND/2CIA/1PEL(PASSOS);VOB00480;Não;Não;Não;BOLETIM DE OCORRENCIA;Classificada;17/09/2025 07:01;Não
2025-41525082-6;(PM) 2025-043219831-001;16/09/2025 20:11;PORTO CSS0174 - DE CASSIA - DELFINOPOLIS, Nº S/N - CASSIA;-204.231.741;-468.595.809;W98011 - SOLICITACAO DE APOIO (C) (Prioridade: 1 - Alta);1CIA IND/2CIA/1PEL(PASSOS);;Não;Não;Não;DUPLICADA;Classificada;16/09/2025 21:06;Não
2025-41525473-3;(BM) 2025-043218300-001;16/09/2025 20:35;RODOVIA LMG 856, Km 0 - CASSIA;-205.575.946;-469.328.267;S05103 - CHOQUE DE AUTOMOVEL (CARRO, CAMIONETA, CAMINHONETE) (C) (Prioridade: 1 - Alta);1CIA IND/2CIA/1PEL(PASSOS);ASL06087;Não;Não;Não;BOLETIM DE OCORRENCIA;Classificada;17/09/2025 07:01;Não
2025-41526240-0;;16/09/2025 21:25;FAZENDA IBR0389 - FURNAS DOS TAVEIRAS, Nº S/N - IBIRACI;-204.956.555;-471.905.422;V02301 - VITIMA DE CAPOTAMENTO DE AUTOMOVEL (CARRO / CAMINHONETE) (C) (Prioridade: 1 - Alta);1CIA IND/2CIA/1PEL(PASSOS);;Não;Não;Não;DISPENSADA PELO SOLICITANTE;Classificada;16/09/2025 22:05;Não
2025-41527221-1;(BM) 2025-043227788-001;16/09/2025 22:27;RUA DOUTOR CARVALHO, Nº 1455 - NOSSA SENHORA DAS GRAÇAS - PASSOS;-207.352.269;-466.037.303;V03012 - VITIMA COM OBJETO PRESO AO CORPO (C) (Prioridade: 1 - Alta);1CIA IND/2CIA/1PEL(PASSOS);BM1640390;Não;Não;Não;BOLETIM DE OCORRENCIA;Classificada;17/09/2025 07:02;Não
2025-41530873-0;(BM) 2025-043254934-001;17/09/2025 08:09;RUA DOUTOR CARVALHO, Nº 1455 - NOSSA SENHORA DAS GRAÇAS - PASSOS;-207.352.269;-466.037.303;Q02009 - PALESTRA DE PRIMEIROS SOCORROS (C) (Prioridade: 2 - Média);1CIA IND/2CIA/1PEL(PASSOS);BM1637099;Não;Não;Não;BOLETIM DE OCORRENCIA;Classificada;18/09/2025 06:57;Não
2025-41530921-1;(BM) 2025-043255365-002;17/09/2025 08:11;RUA DOUTOR CARVALHO, Nº 1455 - NOSSA SENHORA DAS GRAÇAS - PASSOS;-207.352.269;-466.037.303;Q03040 - FORMA/TREINA/RECICLA BRIGADAS FLORESTAIS PARA ORGAO PUBLICO (C) (Prioridade: 3 - Baixa);1CIA IND/2CIA/PEL PREV E VIST(PASSOS);BM1636356 / BM1364223;Não;Não;Não;BOLETIM DE OCORRENCIA;Classificada;18/09/2025 06:57;Não
2025-41531334-1;;17/09/2025 08:47;A DEFINIR avenida da moda - PASSOS;;;V02402 - VITIMA DE COLISAO ENTRE MOTOCICLETAS (C) (Prioridade: 1 - Alta);1CIA IND/2CIA/1PEL(PASSOS);;Não;Não;Não;NÃO ATENDIDA: FALTA DE VIATURA;Classificada;17/09/2025 08:47;Não
2025-41531633-2;;17/09/2025 09:13;RUA desconhecido - PASSOS;;;V01018 - VITIMA DE MAL NAO DEFINIDO (DISTURBIO) (C) (Prioridade: 1 - Alta);1CIA IND/2CIA/1PEL(PASSOS);;Não;Não;Não;NÃO ATENDIDA: FALTA DE VIATURA;Classificada;17/09/2025 09:13;Não
2025-41532733-2;;17/09/2025 10:38;RUA DESCONHECIDO, Nº S/N - PASSOS;;;V03005 - VITIMA DE AGRESSAO FISICA SEM USO DE ARMA (C) (Prioridade: 1 - Alta);1CIA IND/2CIA/1PEL(PASSOS);;Não;Não;Não;NÃO ATENDIDA: FALTA DE VIATURA;Classificada;17/09/2025 10:39;Não
2025-41532781-5;(PM) 2025-043281911-001;17/09/2025 10:42;PRACA FRANCISCO SALLES, Nº 62 - BELO HORIZONTE - PASSOS;-207.265.245;-466.051.029;W98011 - SOLICITACAO DE APOIO (C) (Prioridade: 1 - Alta);1CIA IND/2CIA/1PEL(PASSOS);;Não;Não;Não;NÃO ATENDIDA: FALTA DE VIATURA;Classificada;17/09/2025 10:53;Não
2025-41532914-7;;17/09/2025 10:51;RUA ALEMANHA, Nº 113 - CONDOMÍNIO DAS NAÇÕES. - PASSOS;-2.072.938;-46.591.109;P02011 - VISTORIA EM ENXAME DE INSETOS (C) (Prioridade: 2 - Média);1CIA IND/2CIA/1PEL(PASSOS);ASL06087;Não;Não;Não;ATENDIDA PELO SAMU;Classificada;18/09/2025 06:57;Não
2025-41533243-9;;17/09/2025 11:16;RUA desconhecido - PASSOS;;;V03018 - VITIMA DE QUEDA DA PROPRIA ALTURA (C) (Prioridade: 1 - Alta);1CIA IND/2CIA/1PEL(PASSOS);;Não;Não;Não;NÃO ATENDIDA: FALTA DE VIATURA;Classificada;17/09/2025 11:17;Não
2025-41533359-3;;17/09/2025 11:23;RUA PIANTINOS / RUA CORONEL JOAO DE BARROS - MARIO MAGALHAES - PASSOS;-207.263.345;-466.090.039;W98011 - SOLICITACAO DE APOIO (C) (Prioridade: 1 - Alta);1CIA IND/2CIA/1PEL(PASSOS);;Não;Não;Não;NÃO ATENDIDA: FALTA DE VIATURA;Classificada;17/09/2025 12:20;Não
2025-41534537-5;(BM) 2025-043296032-001;17/09/2025 13:02;RUA DOUTOR CARVALHO, Nº 1455 - NOSSA SENHORA DAS GRAÇAS - PASSOS;-207.352.269;-466.037.303;Q03999 - OUTROS TIPOS DE TREINAMENTO (C) (Prioridade: 2 - Média);1CIA IND/2CIA/1PEL(PASSOS);BM1363837;Não;Não;Não;BOLETIM DE OCORRENCIA;Classificada;18/09/2025 06:58;Não
2025-41535153-9;(BM) 2025-043302110-001;17/09/2025 13:49;RUA DOUTOR CARVALHO, Nº 1455 - NOSSA SENHORA DAS GRAÇAS - PASSOS;-207.352.269;-466.037.303;Q03017 - TREINAMENTO DE PRIMEIROS SOCORROS (C) (Prioridade: 2 - Média);1CIA IND/2CIA/1PEL(PASSOS);BM1430719;Não;Não;Não;BOLETIM DE OCORRENCIA;Classificada;18/09/2025 06:58;Não
2025-41535503-9;(BM) 2025-043306525-001;17/09/2025 14:11;RUA PECUARIA, Nº S/N - RESIDENCIAL ELDORADO - PASSOS;-20.729.962;-466.185.253;O04012 - INCENDIO EM LOTE VAGO (AREA URBANA) (C) (Prioridade: 2 - Média);1CIA IND/2CIA/1PEL(PASSOS);VOB00480;Não;Não;Não;BOLETIM DE OCORRENCIA;Classificada;18/09/2025 06:58;Não
2025-41540073-0;(BM) 2025-043360652-001;17/09/2025 18:19;RUA ALEMANHA, Nº 113 - CONDOMÍNIO DAS NAÇÕES. - PASSOS;-2.072.938;-46.591.109;S06006 - EXTERMINIO DE INSETOS (C) (Prioridade: 2 - Média);1CIA IND/2CIA/1PEL(PASSOS);ASL06087;Não;Não;Não;BOLETIM DE OCORRENCIA;Classificada;18/09/2025 06:58;Não
2025-41540814-8;(BM) 2025-043366296-001;17/09/2025 19:02;RUA DOS MEDICOS, Nº 606 - NOVO HORIZONTE - PASSOS;-207.289.827;-466.021.735;S06001 - SALVAMENTO DE ANIMAL EM RISCO / PERIGO (C) (Prioridade: 2 - Média);1CIA IND/2CIA/1PEL(PASSOS);ASL06087;Não;Não;Não;BOLETIM DE OCORRENCIA;Classificada;18/09/2025 06:58;Não
2025-41547204-5;(BM) 2025-043428274-001;18/09/2025 06:56;RODOVIA MG 050, Nº S/N - PASSOS;-207.372.242;-466.331.087;X03000 - EMPENHO ADMINISTRATIVO (C) (Prioridade: 2 - Média);1CIA IND/2CIA/1PEL(PASSOS);ASL06087;Não;Não;Não;BOLETIM DE OCORRENCIA;Classificada;19/09/2025 06:31;Não
2025-41547901-9;(BM) 2025-043432833-001;18/09/2025 08:12;RUA DOUTOR CARVALHO, Nº 1410 - NOSSA SENHORA DAS GRAÇAS - PASSOS;-207.351.364;-466.042.024;Q02009 - PALESTRA DE PRIMEIROS SOCORROS (C) (Prioridade: 2 - Média);1CIA IND/2CIA/1PEL(PASSOS);BM1787357;Não;Não;Não;BOLETIM DE OCORRENCIA;Classificada;19/09/2025 07:38;Não
2025-41548866-5;(BM) 2025-043468420-001;18/09/2025 09:26;RUA DOUTOR CARVALHO, Nº 1455 - NOSSA SENHORA DAS GRAÇAS - PASSOS;-207.352.269;-466.037.303;Q03040 - FORMA/TREINA/RECICLA BRIGADAS FLORESTAIS PARA ORGAO PUBLICO (C) (Prioridade: 3 - Baixa);1CIA IND/2CIA/PEL PREV E VIST(PASSOS);BM1364223;Não;Não;Não;BOLETIM DE OCORRENCIA;Classificada;19/09/2025 07:38;Não
2025-41550714-0;;18/09/2025 11:40;RUA desconhecido - POCOS DE CALDAS;;;V01018 - VITIMA DE MAL NAO DEFINIDO (DISTURBIO) (C) (Prioridade: 1 - Alta);1CIA IND (POCOS DE CALDAS);;Não;Não;Não;NÃO ATENDIDA: FALTA DE EFETIVO;Classificada;18/09/2025 11:40;Não
2025-41550995-0;;18/09/2025 12:03;RUA desconhecido - POCOS DE CALDAS;;;V01019 - VITIMA COM OBSTRUCAO DE VIAS AEREAS POR CORPOS ESTRANHOS (C) (Prioridade: 1 - Alta);1CIA IND (POCOS DE CALDAS);;Não;Não;Não;NÃO ATENDIDA: FALTA DE EFETIVO;Classificada;18/09/2025 12:04;Não
2025-41551175-2;(BM) 2025-043472324-001;18/09/2025 12:25;RUA ALPINOPOLIS / RUA TIRADENTES - SANTA LUZIA - PASSOS;-207.117.542;-466.025.029;V01003 - VITIMA COM CRISE CONVULSIVA (C) (Prioridade: 1 - Alta);1CIA IND/2CIA/1PEL(PASSOS);UR05480;Não;Não;Não;BOLETIM DE OCORRENCIA;Classificada;19/09/2025 07:39;Não
2025-41551830-6;(BM) 2025-043476426-001;18/09/2025 13:21;RUA CORONEL JUVENTINO DIAS, Nº 714 - CENTRO - ITAU DE MINAS;-207.441.043;-467.527.484;P01002 - VISTORIA DE LIBERACAO / EMISSAO DE AVCB (C) (Prioridade: 2 - Média);1CIA IND/2CIA/PEL PREV E VIST(PASSOS);APV06243;Não;Não;Não;BOLETIM DE OCORRENCIA;Classificada;19/09/2025 07:38;Não
2025-41552146-0;;18/09/2025 13:46;RUA domingos moreira souza, Nº 409 - GUARANESIA;;;O04007 - INCENDIO EM PROPRIEDADE RURAL PARTICULAR (C) (Prioridade: 2 - Média);1CIA IND (POCOS DE CALDAS);;Não;Não;Não;DUPLICADA;Classificada;18/09/2025 13:48;Não
2025-41552814-5;(BM) 2025-043496050-001;18/09/2025 14:26;AVENIDA PROFESSORA MARIA VALERIA LEMOS BORSARI, Nº S/N - NOVA PASSOS II - PASSOS;-206.991.285;-466.304.102;P02001 - VISTORIA EM HIDRANTE (C) (Prioridade: 2 - Média);1CIA IND/2CIA/1PEL(PASSOS);ASL06087;Não;Não;Não;BOLETIM DE OCORRENCIA;Classificada;19/09/2025 07:38;Não
2025-41553407-7;(BM) 2025-043495961-001;18/09/2025 14:55;RUA DOUTOR CARVALHO, Nº 1455 - NOSSA SENHORA DAS GRAÇAS - PASSOS;-207.352.269;-466.037.303;Q03017 - TREINAMENTO DE PRIMEIROS SOCORROS (C) (Prioridade: 2 - Média);1CIA IND/2CIA/1PEL(PASSOS);BM1525005;Não;Não;Não;BOLETIM DE OCORRENCIA;Classificada;19/09/2025 07:39;Não
2025-41553660-9;(BM) 2025-043498701-001;18/09/2025 15:06;RUA GENARO JOELE, Nº S/N - DISTRITO INDUSTRIAL 1 - PASSOS;-207.077.909;-465.937.146;P02001 - VISTORIA EM HIDRANTE (C) (Prioridade: 2 - Média);1CIA IND/2CIA/1PEL(PASSOS);ASL06087;Não;Não;Não;BOLETIM DE OCORRENCIA;Classificada;19/09/2025 07:39;Não
2025-41554602-8;(BM) 2025-043543476-001;18/09/2025 15:47;RUA DOUTOR CARVALHO, Nº 1455 - NOSSA SENHORA DAS GRAÇAS - PASSOS;-207.352.269;-466.037.303;Q03999 - OUTROS TIPOS DE TREINAMENTO (C) (Prioridade: 2 - Média);1CIA IND/2CIA/1PEL(PASSOS);BM1549013;Não;Não;Não;BOLETIM DE OCORRENCIA;Classificada;19/09/2025 07:39;Não
2025-41554854-0;(BM) 2025-043513730-001;18/09/2025 16:00;RUA DOUTOR CARVALHO, Nº 1455 - NOSSA SENHORA DAS GRAÇAS - PASSOS;-207.352.269;-466.037.303;Q03040 - FORMA/TREINA/RECICLA BRIGADAS FLORESTAIS PARA ORGAO PUBLICO (C) (Prioridade: 3 - Baixa);1CIA IND/2CIA/PEL PREV E VIST(PASSOS);BM1364223;Não;Não;Não;BOLETIM DE OCORRENCIA;Classificada;18/09/2025 16:03;Não
2025-41561941-3;(BM) 2025-043589791-001;18/09/2025 22:57;RUA SEBASTIAO TEOFILO, Nº 641 - NOVA CALIFORNIA - PASSOS;-206.987.329;-466.243.137;V01013 - VITIMA DE EMERGENCIAS PSIQUIATRICAS (C) (Prioridade: 1 - Alta);1CIA IND/2CIA/1PEL(PASSOS);UR05480;Não;Não;Não;BOLETIM DE OCORRENCIA;Classificada;19/09/2025 07:39;Não
2025-41565518-5;(BM) 2025-043615419-001;19/09/2025 08:05;AVENIDA SABIA, Nº 1370 - PASSOS;-20.734.292;-46.615.551;Q02009 - PALESTRA DE PRIMEIROS SOCORROS (C) (Prioridade: 2 - Média);1CIA IND/2CIA/1PEL(PASSOS);BM1822634;Não;Não;Não;BOLETIM DE OCORRENCIA;Classificada;20/09/2025 06:20;Não
2025-41566227-8;(BM) 2025-043622687-001;19/09/2025 09:04;RUA DOUTOR SEPULVEDA, Nº S/N - SANTA CASA - PASSOS;-207.105.701;-466.129.292;P01003 - VISTORIA EM EVENTOS TEMPORARIOS (C) (Prioridade: 1 - Alta);1CIA IND/2CIA/PEL PREV E VIST(PASSOS);APV06243;Não;Não;Não;BOLETIM DE OCORRENCIA;Classificada;20/09/2025 06:57;Não
2025-41566306-2;(BM) 2025-043728637-001;19/09/2025 09:11;RUA DOUTOR CARVALHO, Nº 1455 - NOSSA SENHORA DAS GRAÇAS - PASSOS;-207.352.269;-466.037.303;Q03017 - TREINAMENTO DE PRIMEIROS SOCORROS (C) (Prioridade: 2 - Média);1CIA IND/2CIA/1PEL(PASSOS);BM1549807;Não;Não;Não;BOLETIM DE OCORRENCIA;Classificada;20/09/2025 06:20;Não
2025-41567309-6;(BM) 2025-043635870-001;19/09/2025 10:30;AVENIDA FLORIANOPOLIS, Nº S/N - JARDIM PLANALTO - SAO JOAO BATISTA GLORIA;-206.285.069;-465.129.388;P01003 - VISTORIA EM EVENTOS TEMPORARIOS (C) (Prioridade: 1 - Alta);1CIA IND/2CIA/PEL PREV E VIST(PASSOS);APV06243;Não;Não;Não;BOLETIM DE OCORRENCIA;Classificada;20/09/2025 06:57;Não
2025-41568019-1;(BM) 2025-043651466-001;19/09/2025 11:21;RUA DELFINOPOLIS, Nº 232 - PENHA - PASSOS;-207.164.085;-466.247.498;V03018 - VITIMA DE QUEDA DA PROPRIA ALTURA (C) (Prioridade: 1 - Alta);1CIA IND/2CIA/1PEL(PASSOS);UR05480;Não;Não;Não;BOLETIM DE OCORRENCIA;Classificada;20/09/2025 06:22;Não
2025-41568961-9;(BM) 2025-043660050-001;19/09/2025 12:52;RUA VANCOUVER, Nº 979 - JARDIM CANADA II - PASSOS;;;P02011 - VISTORIA EM ENXAME DE INSETOS (C) (Prioridade: 2 - Média);1CIA IND/2CIA/1PEL(PASSOS);ASL07161;Não;Não;Não;BOLETIM DE OCORRENCIA;Classificada;20/09/2025 06:21;Não
2025-41569901-2;(BM) 2025-043665704-001;19/09/2025 14:04;RUA SANTA CASA, Nº 164 - SANTA CASA - PASSOS;-207.129.746;-466.123.199;Q01002 - DEMONSTRACAO MISTA / CONJUNTA (C) (Prioridade: 2 - Média);1CIA IND/2CIA/1PEL(PASSOS);UR05480 / APV06243;Não;Não;Não;BOLETIM DE OCORRENCIA;Classificada;20/09/2025 06:21;Não
2025-41573254-0;(BM) 2025-043704521-001;19/09/2025 17:07;ESTRADA PSS0144 - ESTRADA DA FORTALEZA DE MINAS, Nº S/N - PASSOS;-207.380.751;-466.520.002;P02011 - VISTORIA EM ENXAME DE INSETOS (C) (Prioridade: 2 - Média);1CIA IND/2CIA/1PEL(PASSOS);ASL06087;Não;Não;Não;BOLETIM DE OCORRENCIA;Classificada;20/09/2025 06:21;Não
2025-41574429-8;(BM) 2025-043720117-001;19/09/2025 18:10;PRACA MONSENHOR MESSIAS BRAGANCA, Nº 50 - CENTRO - PASSOS;-207.178.905;-466.097.885;V01001 - VITIMA DE ACIDENTE VASCULAR CEREBRAL (AVC) (C) (Prioridade: 1 - Alta);1CIA IND/2CIA/1PEL(PASSOS);UR05480;Não;Não;Não;BOLETIM DE OCORRENCIA;Classificada;20/09/2025 06:22;Não
2025-41575197-0;(BM) 2025-043728220-001;19/09/2025 18:53;AVENIDA DONA LIQUINHA SILVEIRA, Nº 1525 - NOVA CALIFORNIA - PASSOS;-207.034.814;-46.620.014;P03002 - PERIGO DE ELETROCUSSAO (C) (Prioridade: 2 - Média);1CIA IND/2CIA/1PEL(PASSOS);ASL06087;Não;Não;Não;BOLETIM DE OCORRENCIA;Classificada;20/09/2025 06:22;Não
2025-41575222-5;;19/09/2025 18:54;AVENIDA DONA LIQUINHA SILVEIRA, Nº 1536 - CALIFORNIA - PASSOS;-20.703.484;-466.198.082;O02038 - INCENDIO EM REDE ELETRICA / POSTE / CURTO-CIRCUITO (C) (Prioridade: 2 - Média);1CIA IND/2CIA/1PEL(PASSOS);;Não;Não;Não;DUPLICADA;Classificada;19/09/2025 18:55;Não
2025-41582661-5;(PM) 2025-043783665-001;20/09/2025 03:45;AVENIDA DOUTOR BRENO SOARES MAIA, Nº 680 - PASSOS;-207.319.029;-466.033.344;W98011 - SOLICITACAO DE APOIO (C) (Prioridade: 1 - Alta);1CIA IND/2CIA/1PEL(PASSOS);UR05480;Não;Não;Não;ATENDIDA PELO SAMU;Classificada;20/09/2025 06:58;Não
2025-41583925-0;(BM) 2025-043793294-001;20/09/2025 08:16;PRACA FRANCISCO SALLES, Nº S/N - BELO HORIZONTE - PASSOS;-207.264.675;-466.045.971;P03999 - OUTROS TIPOS DE PCI / PCA   (C) (Prioridade: 2 - Média);1CIA IND/2CIA/1PEL(PASSOS);UR05480;Não;Não;Não;BOLETIM DE OCORRENCIA;Classificada;21/09/2025 08:06;Não
2025-41584886-6;(BM) 2025-043810538-001;20/09/2025 09:57;RUA GOIAS, Nº 1890 - BELA VISTA - PASSOS;-207.162.414;-465.953.142;V01003 - VITIMA COM CRISE CONVULSIVA (C) (Prioridade: 1 - Alta);1CIA IND/2CIA/1PEL(PASSOS);UR05480;Não;Não;Não;BOLETIM DE OCORRENCIA;Classificada;21/09/2025 08:06;Não
2025-41585232-5;(BM) 2025-043810566-001;20/09/2025 10:27;RUA ESPERANCA, Nº 805 - SANTA RITA - PASSOS;-207.304.251;-466.110.957;V01001 - VITIMA DE ACIDENTE VASCULAR CEREBRAL (AVC) (C) (Prioridade: 1 - Alta);1CIA IND/2CIA/1PEL(PASSOS);UR05480;Não;Não;Não;BOLETIM DE OCORRENCIA;Classificada;21/09/2025 08:06;Não
2025-41586871-0;(BM) 2025-043821419-001;20/09/2025 13:20;RUA IPATINGA, Nº 430 - CALIFORNIA - PASSOS;-207.038.776;-466.186.315;V02501 - VITIMA DE QUEDA (CICLISTA) (C) (Prioridade: 1 - Alta);1CIA IND/2CIA/1PEL(PASSOS);UR05480;Não;Não;Não;BOLETIM DE OCORRENCIA;Classificada;21/09/2025 08:05;Não
2025-41587516-3;(BM) 2025-043832813-001;20/09/2025 14:18;RUA DOUTOR CARVALHO, Nº 1455 - NOSSA SENHORA DAS GRAÇAS - PASSOS;-207.352.269;-466.037.303;Q03999 - OUTROS TIPOS DE TREINAMENTO (C) (Prioridade: 2 - Média);1CIA IND/2CIA/1PEL(PASSOS);BM1206671;Não;Não;Não;BOLETIM DE OCORRENCIA;Classificada;21/09/2025 08:06;Não
2025-41587625-9;(BM) 2025-043833730-001;20/09/2025 14:23;RUA PALMEIRAS, Nº 679 - SERRA DAS BRISAS - PASSOS;-207.357.267;-465.911.572;O04013 - INCENDIO EM PASTO (C) (Prioridade: 2 - Média);1CIA IND/2CIA/1PEL(PASSOS);VOB00480;Não;Não;Não;BOLETIM DE OCORRENCIA;Classificada;21/09/2025 08:06;PERÍODO DE ESTIAGEM
2025-41588166-9;(BM) 2025-043833796-001;20/09/2025 14:56;RUA HENRIQUE AMELIO DE OLIVEIRA, Nº 21 - RECANTO DA TEKA - PASSOS;-207.453.353;-465.977.648;P03002 - PERIGO DE ELETROCUSSAO (C) (Prioridade: 2 - Média);1CIA IND/2CIA/1PEL(PASSOS);VOB00480;Não;Não;Não;BOLETIM DE OCORRENCIA;Classificada;21/09/2025 08:06;Não
2025-41588410-8;(BM) 2025-043833874-001;20/09/2025 15:08;AVENIDA DONA LIQUINHA SILVEIRA, Nº 1331 - PASSOS;-207.187.477;-466.293.632;P03002 - PERIGO DE ELETROCUSSAO (C) (Prioridade: 2 - Média);1CIA IND/2CIA/1PEL(PASSOS);VOB00480;Não;Não;Não;BOLETIM DE OCORRENCIA;Classificada;21/09/2025 08:06;Não
2025-41594901-4;(BM) 2025-043885410-001;20/09/2025 21:28;RUA CAETES, Nº S/N - NOSSA SENHORA APARECIDA - PASSOS;-20.743.907;-466.081.916;R01999 - OUTROS TIPOS DE ACOES DE APOIO A COMUNIDADE   (C) (Prioridade: 2 - Média);1CIA IND/2CIA/1PEL(PASSOS);VOB00480;Não;Não;Não;BOLETIM DE OCORRENCIA;Classificada;21/09/2025 08:06;Não
2025-41596255-2;(BM) 2025-043896002-001;20/09/2025 22:40;RUA FLORIANO MENDES DOS SANTOS, Nº S/N - JARDIM FLORENCA - PASSOS;-206.927.481;-466.131.251;S06002 - CAPTURA DE ANIMAL SILVESTRE PERIGOSO / AGRESSIVO (C) (Prioridade: 2 - Média);1CIA IND/2CIA/1PEL(PASSOS);ASL06087;Não;Não;Não;BOLETIM DE OCORRENCIA;Classificada;21/09/2025 08:06;Não
2025-41602076-1;(BM) 2025-043933918-001;21/09/2025 08:33;RUA DOUTOR CARVALHO, Nº 263 - PASSOS;;;Q03017 - TREINAMENTO DE PRIMEIROS SOCORROS (C) (Prioridade: 2 - Média);1CIA IND/2CIA/1PEL(PASSOS);BM1430719;Não;Não;Não;BOLETIM DE OCORRENCIA;Classificada;22/09/2025 07:34;Não
2025-41605868-6;;21/09/2025 14:59;SITIO SITIO BOA VISTA, Nº S/N - POCOS DE CALDAS;;;O04008 - INCENDIO EM AREA RURAL NAO PROTEGIDA (C) (Prioridade: 2 - Média);1CIA IND (POCOS DE CALDAS);;Não;Não;Não;DISPENSADA PELO SOLICITANTE;Classificada;21/09/2025 16:40;Não
2025-41606348-1;(BM) 2025-043969112-001;21/09/2025 15:26;RUA DOUTOR CARVALHO, Nº 1455 - NOSSA SENHORA DAS GRAÇAS - PASSOS;-207.352.269;-466.037.303;Q03999 - OUTROS TIPOS DE TREINAMENTO (C) (Prioridade: 2 - Média);1CIA IND/2CIA/1PEL(PASSOS);BM1274612;Não;Não;Não;BOLETIM DE OCORRENCIA;Classificada;22/09/2025 07:37;Não
2025-41607472-6;;21/09/2025 16:39;RUA DO MEIO, Nº 277 - NOVO HORIZONTE - PASSOS;-207.345.988;-466.014.077;V01025 - VITIMA DE USO / ABUSO / DEPENDENCIA DE DROGAS / ALCOOL (C) (Prioridade: 1 - Alta);1CIA IND/2CIA/1PEL(PASSOS);;Não;Não;Não;DISPENSADA PELO SOLICITANTE;Classificada;21/09/2025 16:53;Não
2025-41609720-7;(BM) 2025-044007910-001;21/09/2025 18:54;RUA DOUTOR SATURNINO, Nº 63 - PASSOS;-207.275.207;-465.991.865;R01001 - ABASTECIMENTO DE AGUA (C) (Prioridade: 2 - Média);1CIA IND/2CIA/1PEL(PASSOS);VOB00480;Não;Não;Não;BOLETIM DE OCORRENCIA;Classificada;22/09/2025 07:37;Não
2025-41609843-7;(BM) 2025-043999450-001;21/09/2025 19:01;ACESSO ESTRADA PASSOS PARA ALPINOPOLIS, Nº S/N - ZONA RURAL - SAO JOSE DA BARRA;;;O04008 - INCENDIO EM AREA RURAL NAO PROTEGIDA (C) (Prioridade: 2 - Média);1CIA IND/2CIA/1PEL(PASSOS);ASL07161;Não;Não;Não;BOLETIM DE OCORRENCIA;Classificada;22/09/2025 07:37;PERÍODO DE ESTIAGEM
2025-41616186-8;(BM) 2025-044050144-001;22/09/2025 03:21;RUA MARIA VALERIA VIEIRA LEMOS, Nº 119 - NOVA PASSOS II - PASSOS;-206.985.628;-46.630.915;V03018 - VITIMA DE QUEDA DA PROPRIA ALTURA (C) (Prioridade: 1 - Alta);1CIA IND/2CIA/1PEL(PASSOS);UR05480;Não;Não;Não;BOLETIM DE OCORRENCIA;Classificada;22/09/2025 07:37;Não
2025-41616396-0;;22/09/2025 04:53;RUA CAMPO FLORIDO, Nº 1181 - JARDIM ELAINE - PASSOS;-206.968.517;-466.160.804;V01024 - VITIMA DE SUICIDIO (TENTATIVA) - APH CLINICO (C) (Prioridade: 1 - Alta);1CIA IND/2CIA/1PEL(PASSOS);UR05480;Não;Não;Não;ATENDIDA PELO SAMU;Classificada;22/09/2025 07:37;Não
2025-41617051-4;(BM) 2025-044150677-001;22/09/2025 07:32;PRACA HONORIO SILVERIO, Nº S/N - GOIANAZES - CAPETINGA;-206.989.617;-470.166.046;P02011 - VISTORIA EM ENXAME DE INSETOS (C) (Prioridade: 2 - Média);1CIA IND/2CIA/1PEL(PASSOS);ASL06087;Não;Não;Não;BOLETIM DE OCORRENCIA;Classificada;23/09/2025 07:31;Não
2025-41617307-6;(BM) 2025-044096786-002;22/09/2025 08:02;RUA DOUTOR CARVALHO, Nº 1455 - NOSSA SENHORA DAS GRAÇAS - PASSOS;-207.352.269;-466.037.303;Q03006 - TREINAMENTO DE FORMACAO DE BRIGADAS (C) (Prioridade: 2 - Média);1CIA IND/2CIA/PEL PREV E VIST(PASSOS);BM1636356 / BM1797554;Não;Não;Não;BOLETIM DE OCORRENCIA;Classificada;23/09/2025 07:31;Não
2025-41617825-0;(BM) 2025-044064990-001;22/09/2025 08:44;RUA JOAQUIM LOPES, Nº 568 - PENHA - PASSOS;-207.166.964;-466.262.274;P01001 - VISTORIA DE FISCALIZACAO (C) (Prioridade: 2 - Média);1CIA IND/2CIA/PEL PREV E VIST(PASSOS);APV06243;Não;Não;Não;BOLETIM DE OCORRENCIA;Classificada;23/09/2025 07:31;Não
2025-41617827-6;(BM) 2025-044065049-001;22/09/2025 08:45;RODOVIA MG 050, Km 1, Nº 396 - NOSSA SENHORA DAS GRAÇAS - PASSOS;-207.399.674;-466.036.239;P01001 - VISTORIA DE FISCALIZACAO (C) (Prioridade: 2 - Média);1CIA IND/2CIA/PEL PREV E VIST(PASSOS);ASL00063;Não;Não;Não;BOLETIM DE OCORRENCIA;Classificada;23/09/2025 07:31;Não
2025-41618115-0;(BM) 2025-044067900-001;22/09/2025 09:05;AVENIDA COMENDADOR FRANCISCO A MAIA, Nº 1701 - CENTRO - PASSOS;-207.145.296;-466.122.266;P01001 - VISTORIA DE FISCALIZACAO (C) (Prioridade: 2 - Média);1CIA IND/2CIA/PEL PREV E VIST(PASSOS);ASL00063;Não;Não;Não;BOLETIM DE OCORRENCIA;Classificada;23/09/2025 07:32;Não
2025-41618165-9;(BM) 2025-044068490-001;22/09/2025 09:10;RUA DOUTOR CARVALHO, Nº 1455 - NOSSA SENHORA DAS GRAÇAS - PASSOS;-207.352.269;-466.037.303;Q03999 - OUTROS TIPOS DE TREINAMENTO (C) (Prioridade: 2 - Média);1CIA IND/2CIA/1PEL(PASSOS);BM1549013;Não;Não;Não;BOLETIM DE OCORRENCIA;Classificada;23/09/2025 07:32;Não
2025-41618259-0;(BM) 2025-044069820-001;22/09/2025 09:18;RUA DOUTOR CARVALHO, Nº 1455 - NOSSA SENHORA DAS GRAÇAS - PASSOS;-207.352.269;-466.037.303;S06001 - SALVAMENTO DE ANIMAL EM RISCO / PERIGO (C) (Prioridade: 2 - Média);1CIA IND/2CIA/1PEL(PASSOS);ASL06087;Não;Não;Não;BOLETIM DE OCORRENCIA;Classificada;23/09/2025 07:32;Não
2025-41618294-1;(BM) 2025-044070054-001;22/09/2025 09:20;RUA VEREADOR MARCOS JOELI, Nº 229 - COHAB 5 - PASSOS;-207.196.095;-466.390.197;P01001 - VISTORIA DE FISCALIZACAO (C) (Prioridade: 2 - Média);1CIA IND/2CIA/PEL PREV E VIST(PASSOS);APV06243;Não;Não;Não;BOLETIM DE OCORRENCIA;Classificada;23/09/2025 07:32;Não
2025-41618793-1;(BM) 2025-044076337-001;22/09/2025 09:55;ESTRADA JULIEIRA, Nº 1302 - COHAB 3 - PASSOS;-207.009.897;-466.254.465;P01001 - VISTORIA DE FISCALIZACAO (C) (Prioridade: 2 - Média);1CIA IND/2CIA/PEL PREV E VIST(PASSOS);APV06243;Não;Não;Não;BOLETIM DE OCORRENCIA;Classificada;23/09/2025 07:33;Não
2025-41619418-8;(BM) 2025-044096773-001;22/09/2025 10:42;RODOVIA HUMBERTO DE ALMEIDA, Nº S/N - SAO JOAO BATISTA GLORIA;-206.403.008;-465.090.384;O04008 - INCENDIO EM AREA RURAL NAO PROTEGIDA (C) (Prioridade: 2 - Média);1CIA IND/2CIA/1PEL(PASSOS);ASL07161;Não;Não;Não;BOLETIM DE OCORRENCIA;Classificada;23/09/2025 07:33;PERÍODO DE ESTIAGEM
2025-41619484-2;(BM) 2025-044089624-001;22/09/2025 10:44;RUA ACRE, Nº 1057 - SANTA LUZIA - PASSOS;-207.079.058;-465.982.814;P01001 - VISTORIA DE FISCALIZACAO (C) (Prioridade: 2 - Média);1CIA IND/2CIA/PEL PREV E VIST(PASSOS);ASL00063;Não;Não;Não;BOLETIM DE OCORRENCIA;Classificada;23/09/2025 07:33;Não
2025-41619552-0;;22/09/2025 10:51;RUA CORONEL VIRGILIO SILVA, Nº 1250 - VILA NOVA - POCOS DE CALDAS;;;O02003 - INCENDIO EM EDIFICACAO COMERCIAL (C) (Prioridade: 1 - Alta);1CIA IND (POCOS DE CALDAS);;Não;Não;Não;DUPLICADA;Classificada;22/09/2025 11:09;PERÍODO DE ESTIAGEM
2025-41619794-0;(BM) 2025-044090328-001;22/09/2025 11:08;RUA MACHADO DE ASSIS, Nº 232 - SAO FRANCISCO - PASSOS;-207.241.304;-466.182.819;P01001 - VISTORIA DE FISCALIZACAO (C) (Prioridade: 2 - Média);1CIA IND/2CIA/PEL PREV E VIST(PASSOS);ASL00063;Não;Não;Não;BOLETIM DE OCORRENCIA;Classificada;23/09/2025 07:33;Não
2025-41619841-8;(BM) 2025-044091861-001;22/09/2025 11:10;TRAVESSA CACHOEIRAS, Nº S/N - NOVO HORIZONTE - PASSOS;-207.324.216;-465.997.376;P01001 - VISTORIA DE FISCALIZACAO (C) (Prioridade: 2 - Média);1CIA IND/2CIA/PEL PREV E VIST(PASSOS);ASL00063;Não;Não;Não;BOLETIM DE OCORRENCIA;Classificada;23/09/2025 07:33;Não
2025-41619941-2;(BM) 2025-044105421-001;22/09/2025 11:15;AVENIDA JUCA STOCKLER, Nº 2726 - SAO JOAQUIM - PASSOS;-207.481.951;-46.598.738;V02502 - VITIMA DE QUEDA (MOTOCICLISTA) (C) (Prioridade: 1 - Alta);1CIA IND/2CIA/1PEL(PASSOS);UR05480;Não;Não;Não;BOLETIM DE OCORRENCIA;Classificada;23/09/2025 07:34;Não
2025-41621162-9;(BM) 2025-044113393-001;22/09/2025 13:03;RUA MORGANITA, Nº 1502 - ACLIMACAO - PASSOS;-207.533.977;-466.007.693;V03018 - VITIMA DE QUEDA DA PROPRIA ALTURA (C) (Prioridade: 1 - Alta);1CIA IND/2CIA/1PEL(PASSOS);UR05480;Não;Não;Não;BOLETIM DE OCORRENCIA;Classificada;23/09/2025 07:34;Não
2025-41627547-6;(BM) 2025-044176437-001;22/09/2025 19:04;RUA DOUTOR CARVALHO, Nº 1455 - NOSSA SENHORA DAS GRAÇAS - PASSOS;-207.352.269;-466.037.303;Q03017 - TREINAMENTO DE PRIMEIROS SOCORROS (C) (Prioridade: 2 - Média);1CIA IND/2CIA/1PEL(PASSOS);BM1525005;Não;Não;Não;BOLETIM DE OCORRENCIA;Classificada;23/09/2025 07:34;Não
2025-41632590-4;(BM) 2025-044226737-002;23/09/2025 02:45;RODOVIA PSS0237 - PASSOS / GLORIA, Nº S/N - PASSOS;-20.700.737;-46.586.887;S04007 - BUSCA E SALVAMENTO DE PESSOA PERDIDA / DESAPARECIDA (C) (Prioridade: 1 - Alta);1CIA IND/2CIA/1PEL(PASSOS);ASL06087;Não;Não;Não;BOLETIM DE OCORRENCIA;Classificada;24/09/2025 08:03;Não
2025-41633753-2;(BM) 2025-044237596-001;23/09/2025 08:01;AVENIDA ARLINDO FIGUEIREDO, Nº 850 - JARDIM PINHEIROS - PASSOS;-207.248.365;-466.210.844;V01018 - VITIMA DE MAL NAO DEFINIDO (DISTURBIO) (C) (Prioridade: 1 - Alta);1CIA IND/2CIA/1PEL(PASSOS);UR05480;Não;Não;Não;BOLETIM DE OCORRENCIA;Classificada;24/09/2025 08:03;Não
2025-41633810-4;(BM) 2025-044245720-001;23/09/2025 08:03;RUA DOUTOR CARVALHO, Nº 1455 - NOSSA SENHORA DAS GRAÇAS - PASSOS;-207.352.269;-466.037.303;Q03006 - TREINAMENTO DE FORMACAO DE BRIGADAS (C) (Prioridade: 2 - Média);1CIA IND/2CIA/PEL PREV E VIST(PASSOS);BM1636356;Não;Não;Não;BOLETIM DE OCORRENCIA;Classificada;24/09/2025 08:03;Não
2025-41633920-2;(BM) 2025-044238850-001;23/09/2025 08:11;RUA JOAQUIM DE GRACIA, Nº 122 - NOSSA SENHORA APARECIDA - CAPETINGA;-206.200.316;-470.645.477;P01001 - VISTORIA DE FISCALIZACAO (C) (Prioridade: 2 - Média);1CIA IND/2CIA/1PEL(PASSOS);ASL07161;Não;Não;Não;BOLETIM DE OCORRENCIA;Classificada;24/09/2025 08:03;Não
2025-41633923-0;(BM) 2025-044239015-001;23/09/2025 08:13;RUA ALFERES JOSE JUSTINIANO REIS, Nº 28 - VILA BETÂNIA - ALPINOPOLIS;-208.613.303;-463.742.097;P01001 - VISTORIA DE FISCALIZACAO (C) (Prioridade: 2 - Média);1CIA IND/2CIA/PEL PREV E VIST(PASSOS);APV06243;Não;Não;Não;BOLETIM DE OCORRENCIA;Classificada;24/09/2025 08:03;Não
2025-41634747-5;(BM) 2025-044248752-001;23/09/2025 09:23;RUA CANJERANUS, Nº 3077 - POLIVALENTE - PASSOS;-207.003.964;-46.598.393;V01003 - VITIMA COM CRISE CONVULSIVA (C) (Prioridade: 1 - Alta);1CIA IND/2CIA/1PEL(PASSOS);UR05480;Não;Não;Não;BOLETIM DE OCORRENCIA;Classificada;24/09/2025 08:03;Não
2025-41635461-8;(BM) 2025-044256718-001;23/09/2025 10:15;RUA DOUTOR CARVALHO, Nº 1455 - NOSSA SENHORA DAS GRAÇAS - PASSOS;-207.352.269;-466.037.303;Q03017 - TREINAMENTO DE PRIMEIROS SOCORROS (C) (Prioridade: 2 - Média);1CIA IND/2CIA/1PEL(PASSOS);BM1272152;Não;Não;Não;BOLETIM DE OCORRENCIA;Classificada;24/09/2025 08:03;Não
2025-41635566-6;(BM) 2025-044258171-001;23/09/2025 10:24;RUA JOAQUIM OZORIO DE SOUZA, Nº 351 - CENTRO - CAPETINGA;-206.219.751;-470.569.609;P01001 - VISTORIA DE FISCALIZACAO (C) (Prioridade: 2 - Média);1CIA IND/2CIA/1PEL(PASSOS);ASL07161;Não;Não;Não;BOLETIM DE OCORRENCIA;Classificada;24/09/2025 08:03;Não
2025-41635895-8;(BM) 2025-044261764-001;23/09/2025 10:48;RUA DONA ALZIRA DE CARVALHO, Nº 87 - DOUTOR JOSE TEODORO DE SOUZA - CAPETINGA;-20.621.041;-470.539.507;P01001 - VISTORIA DE FISCALIZACAO (C) (Prioridade: 2 - Média);1CIA IND/2CIA/1PEL(PASSOS);ASL07161;Não;Não;Não;BOLETIM DE OCORRENCIA;Classificada;24/09/2025 08:03;Não
2025-41635992-4;(BM) 2025-044263945-001;23/09/2025 10:55;RUA JOAO PINHEIRO, Nº 314 - CENTRO - PASSOS;-207.206.753;-466.058.933;S06001 - SALVAMENTO DE ANIMAL EM RISCO / PERIGO (C) (Prioridade: 2 - Média);1CIA IND/2CIA/1PEL(PASSOS);VOB00480;Não;Não;Não;BOLETIM DE OCORRENCIA;Classificada;24/09/2025 08:03;Não
2025-41636872-8;(BM) 2025-044273888-001;23/09/2025 12:00;RUA DOUTOR JOSE LEMOS DE BARROS, Nº 444 - MARIO MAGALHAES - PASSOS;-207.264.972;-466.130.688;V01013 - VITIMA DE EMERGENCIAS PSIQUIATRICAS (C) (Prioridade: 1 - Alta);1CIA IND/2CIA/1PEL(PASSOS);UR05480;Não;Não;Não;BOLETIM DE OCORRENCIA;Classificada;24/09/2025 08:03;Não
2025-41637229-7;(BM) 2025-044277111-001;23/09/2025 12:38;RUA TRES DE MAIO, Nº 393 - SAO BENEDITO - PASSOS;-207.238.974;-466.036.513;V01007 - VITIMA COM DISPNEIA (FALTA DE AR) (C) (Prioridade: 1 - Alta);1CIA IND/2CIA/1PEL(PASSOS);UR05480;Não;Não;Não;BOLETIM DE OCORRENCIA;Classificada;24/09/2025 08:02;Não
2025-41638297-2;(BM) 2025-044289997-001;23/09/2025 13:57;RUA VEREADOR JOSE JULIO DE ANDRADE, Nº 120 - COHAB 5 - PASSOS;-207.212.666;-466.364.388;V01024 - VITIMA DE SUICIDIO (TENTATIVA) - APH CLINICO (C) (Prioridade: 1 - Alta);1CIA IND/2CIA/1PEL(PASSOS);UR05480;Não;Não;Não;BOLETIM DE OCORRENCIA;Classificada;24/09/2025 08:02;Não
2025-41639336-8;(BM) 2025-044323125-001;23/09/2025 14:53;RUA ESTUDANTES, Nº 351 - PENHA - PASSOS;-207.168.876;-466.175.929;R01999 - OUTROS TIPOS DE ACOES DE APOIO A COMUNIDADE   (C) (Prioridade: 2 - Média);1CIA IND/2CIA/1PEL(PASSOS);ASL06087;Não;Não;Não;BOLETIM DE OCORRENCIA;Classificada;24/09/2025 08:03;Não
2025-41641649-6;(BM) 2025-044342855-001;23/09/2025 16:48;RUA JOAQUIM LOPES / RUA DELFINOPOLIS - JARDIM PLANALTO - PASSOS;-207.165.113;-466.246.626;V02108 - VITIMA DE ATROPELAMENTO DE MOTOCICLETA X ANIMAL (C) (Prioridade: 1 - Alta);1CIA IND/2CIA/1PEL(PASSOS);UR05480;Não;Não;Não;BOLETIM DE OCORRENCIA;Classificada;24/09/2025 08:02;Não
2025-41641904-1;;23/09/2025 16:59;AVENIDA CHICO XAVIER, Nº S/N - JARDIM PLANALTO - PASSOS;-207.197.803;-466.285.997;V02501 - VITIMA DE QUEDA (CICLISTA) (C) (Prioridade: 1 - Alta);1CIA IND/2CIA/1PEL(PASSOS);;Não;Não;Não;NÃO ATENDIDA: FALTA DE EFETIVO;Classificada;23/09/2025 17:00;Não
2025-41642030-6;(BM) 2025-044421189-001;23/09/2025 17:06;AVENIDA CHICO XAVIER, Nº 50 - PARQUE DAS AROEIRAS - PASSOS;-207.247.467;-466.269.393;V02501 - VITIMA DE QUEDA (CICLISTA) (C) (Prioridade: 1 - Alta);1CIA IND/2CIA/1PEL(PASSOS);UR05480;Não;Não;Não;BOLETIM DE OCORRENCIA;Classificada;24/09/2025 08:04;Não
2025-41643410-2;(BM) 2025-044349177-001;23/09/2025 18:22;RODOVIA MG 050, Km 346 - PASSOS;-207.294.116;-465.237.398;O02013 - INCENDIO EM EDIFICACAO INDUSTRIAL (C) (Prioridade: 1 - Alta);1CIA IND/2CIA/1PEL(PASSOS);VOB00480;Não;Não;Não;BOLETIM DE OCORRENCIA;Classificada;24/09/2025 08:01;Não
2025-41643387-2;(BM) 2025-044349110-001;23/09/2025 18:22;RUA VEREADOR AMADO EVANGELISTA MACHADO, Nº 85 - CONDOMÍNIO VALE VERDE - PASSOS;;;V01018 - VITIMA DE MAL NAO DEFINIDO (DISTURBIO) (C) (Prioridade: 1 - Alta);1CIA IND/2CIA/1PEL(PASSOS);UR05480;Não;Não;Não;BOLETIM DE OCORRENCIA;Classificada;24/09/2025 08:01;Não
2025-41643467-0;;23/09/2025 18:25;RUA CATAGUASES, Nº 3158 - PENHA - PASSOS;-20.718.682;-466.188.955;V01007 - VITIMA COM DISPNEIA (FALTA DE AR) (C) (Prioridade: 1 - Alta);1CIA IND/2CIA/1PEL(PASSOS);;Não;Não;Não;CANCELADA PELO COORDENADOR DO COBOM;Classificada;23/09/2025 19:22;Não
2025-41645063-1;(BM) 2025-044369598-001;23/09/2025 19:57;RUA UNAI, Nº 305 - CALIFORNIA - PASSOS;-207.030.023;-466.178.851;S06001 - SALVAMENTO DE ANIMAL EM RISCO / PERIGO (C) (Prioridade: 2 - Média);1CIA IND/2CIA/1PEL(PASSOS);ASL06087;Não;Não;Não;BOLETIM DE OCORRENCIA;Classificada;24/09/2025 08:03;Não
2025-41646562-7;(BM) 2025-044405540-001;23/09/2025 21:28;RUA VICENTE GORGA, Nº 200 - SANTA MARIA - CASSIA;-205.916.357;-46.922.417;S06001 - SALVAMENTO DE ANIMAL EM RISCO / PERIGO (C) (Prioridade: 2 - Média);1CIA IND/2CIA/1PEL(PASSOS);ASL06087;Não;Não;Não;BOLETIM DE OCORRENCIA;Classificada;24/09/2025 08:03;Não
2025-41651388-0;(BM) 2025-044425384-001;24/09/2025 08:22;RUA COIMBRAS, Nº 1170 - Coimbra - PASSOS;;;V01003 - VITIMA COM CRISE CONVULSIVA (C) (Prioridade: 1 - Alta);1CIA IND/2CIA/1PEL(PASSOS);UR05480;Não;Não;Não;BOLETIM DE OCORRENCIA;Classificada;25/09/2025 07:53;Não
2025-41651771-6;(BM) 2025-044435574-001;24/09/2025 08:53;RUA VITORIA, Nº 252 - JARDIM COLEGIO DE PASSOS - PASSOS;-207.208.149;-465.943.742;V01018 - VITIMA DE MAL NAO DEFINIDO (DISTURBIO) (C) (Prioridade: 1 - Alta);1CIA IND/2CIA/1PEL(PASSOS);UR05480;Não;Não;Não;BOLETIM DE OCORRENCIA;Classificada;25/09/2025 07:53;Não
2025-41652063-1;(BM) 2025-044430907-001;24/09/2025 09:16;RUA DOUTOR CARVALHO, Nº 1455 - NOSSA SENHORA DAS GRAÇAS - PASSOS;-207.352.269;-466.037.303;Q03006 - TREINAMENTO DE FORMACAO DE BRIGADAS (C) (Prioridade: 2 - Média);1CIA IND/2CIA/PEL PREV E VIST(PASSOS);BM1797554;Não;Não;Não;BOLETIM DE OCORRENCIA;Classificada;24/09/2025 09:17;Não
2025-41652472-0;(BM) 2025-044486143-001;24/09/2025 09:44;RUA DOUTOR CARVALHO, Nº 1455 - NOSSA SENHORA DAS GRAÇAS - PASSOS;-207.352.269;-466.037.303;Q03005 - TREINAMENTO DE SALVAMENTO TERRESTRE (C) (Prioridade: 2 - Média);1CIA IND/2CIA/1PEL(PASSOS);BM1256320;Não;Não;Não;BOLETIM DE OCORRENCIA;Classificada;25/09/2025 07:52;Não
2025-41655836-1;(BM) 2025-044473943-002;24/09/2025 14:12;AVENIDA ARLINDO FIGUEIREDO, Nº S/N - JARDIM PINHEIROS 2 - PASSOS;-207.262.479;-466.225.308;X03000 - EMPENHO ADMINISTRATIVO (C) (Prioridade: 2 - Média);1CIA IND/2CIA/PEL PREV E VIST(PASSOS);APV06243;Não;Não;Não;BOLETIM DE OCORRENCIA;Classificada;25/09/2025 07:52;Não
2025-41656552-0;(BM) 2025-044485991-001;24/09/2025 14:48;RUA DOUTOR SATURNINO, Nº 63 - PASSOS;-207.275.207;-465.991.865;X03000 - EMPENHO ADMINISTRATIVO (C) (Prioridade: 2 - Média);1CIA IND/2CIA/PEL PREV E VIST(PASSOS);ASL00063;Não;Não;Não;BOLETIM DE OCORRENCIA;Classificada;25/09/2025 07:52;Não
2025-41657295-4;(BM) 2025-044495759-001;24/09/2025 15:25;AVENIDA PERIMETRAL, Nº 204 - PENHA - PASSOS;-207.205.358;-466.189.638;V01010 - VITIMA COM DOR TORACICA/SUSPEITA DE INFARTO (IAM) (C) (Prioridade: 1 - Alta);1CIA IND/2CIA/1PEL(PASSOS);UR05480;Não;Não;Não;BOLETIM DE OCORRENCIA;Classificada;25/09/2025 07:53;Não
2025-41657713-2;;24/09/2025 15:45;RUA DESCONHECIDO - PASSOS;;;V01018 - VITIMA DE MAL NAO DEFINIDO (DISTURBIO) (C) (Prioridade: 1 - Alta);1CIA IND/2CIA/1PEL(PASSOS);;Não;Não;Não;NÃO ATENDIDA: FALTA DE EFETIVO;Classificada;24/09/2025 15:46;Não
2025-41659120-1;(BM) 2025-044524690-001;24/09/2025 17:00;RUA MURIAE, Nº 160 - CALIFORNIA - PASSOS;;;V01003 - VITIMA COM CRISE CONVULSIVA (C) (Prioridade: 1 - Alta);1CIA IND/2CIA/1PEL(PASSOS);UR05480;Não;Não;Não;BOLETIM DE OCORRENCIA;Classificada;25/09/2025 07:53;Não
2025-41659348-0;;24/09/2025 17:14;RUA MURIAE, Nº 160 - PASSOS;-207.136.912;-466.293.217;W98011 - SOLICITACAO DE APOIO (C) (Prioridade: 1 - Alta);1CIA IND/2CIA/1PEL(PASSOS);;Não;Não;Não;DUPLICADA;Classificada;24/09/2025 17:18;Não
2025-41661597-7;(BM) 2025-044543580-001;24/09/2025 19:25;GRANJA PSS0770 - ITALIA, Nº S/N - PASSOS;-207.809.093;-465.282.091;O04008 - INCENDIO EM AREA RURAL NAO PROTEGIDA (C) (Prioridade: 2 - Média);1CIA IND/2CIA/1PEL(PASSOS);ASL07161;Não;Não;Não;BOLETIM DE OCORRENCIA;Classificada;25/09/2025 07:53;Não
2025-41661932-0;(BM) 2025-044543865-001;24/09/2025 19:46;RUA RIO PIRACICABA / RUA PARA - CANJERANUS - PASSOS;-207.109.021;-466.032.965;V03005 - VITIMA DE AGRESSAO FISICA SEM USO DE ARMA (C) (Prioridade: 1 - Alta);1CIA IND/2CIA/1PEL(PASSOS);UR05480;Não;Não;Não;BOLETIM DE OCORRENCIA;Classificada;25/09/2025 07:53;Não
2025-41664640-0;;24/09/2025 22:51;RUA TAPAJOS, Nº 2237 - PASSOS;-207.350.186;-465.869.846;V01004 - VITIMA COM CRISE DIABETICA / HIPOGLICEMIA (C) (Prioridade: 1 - Alta);1CIA IND/2CIA/1PEL(PASSOS);UR05480;Não;Não;Não;ATENDIDA PELO SAMU;Classificada;24/09/2025 23:01;Não
2025-41665908-7;(BM) 2025-044586319-001;25/09/2025 00:47;RUA ORLANDO ADAO CARNEIRO, Nº 514 - RECANTO DA TEKA - PASSOS;-207.452.066;-465.980.763;V01010 - VITIMA COM DOR TORACICA/SUSPEITA DE INFARTO (IAM) (C) (Prioridade: 1 - Alta);1CIA IND/2CIA/1PEL(PASSOS);UR05480;Não;Não;Não;BOLETIM DE OCORRENCIA;Classificada;25/09/2025 07:53;Não
2025-41667558-8;(BM) 2025-044599123-001;25/09/2025 07:38;RUA DIAMANTE, Nº 1581 - ACLIMACAO - PASSOS;-207.538.163;-465.999.384;V01006 - VITIMA COM DIFICULDADE DE LOCOMOCAO (C) (Prioridade: 1 - Alta);1CIA IND/2CIA/1PEL(PASSOS);UR05480;Não;Não;Não;BOLETIM DE OCORRENCIA;Classificada;26/09/2025 07:07;Não
2025-41669301-2;(BM) 2025-044624523-001;25/09/2025 09:59;RUA FLORIPES NOGUEIRA MENDES, Nº 61 - JARDIM ITALIA - PASSOS;;;V01018 - VITIMA DE MAL NAO DEFINIDO (DISTURBIO) (C) (Prioridade: 1 - Alta);1CIA IND/2CIA/1PEL(PASSOS);UR05480;Não;Não;Não;BOLETIM DE OCORRENCIA;Classificada;26/09/2025 07:07;Não
2025-41670411-8;(BM) 2025-044632112-001;25/09/2025 11:21;PRACA BARAO CAMBUI, Nº 278 - CENTRO - CASSIA;-205.840.812;-469.219.829;S06002 - CAPTURA DE ANIMAL SILVESTRE PERIGOSO / AGRESSIVO (C) (Prioridade: 2 - Média);1CIA IND/2CIA/1PEL(PASSOS);ASL06087;Não;Não;Não;BOLETIM DE OCORRENCIA;Classificada;26/09/2025 07:07;Não
2025-41670387-5;(BM) 2025-044642330-001;25/09/2025 11:22;RUA JOEL DA SILVA MENDES, Nº 23 - JARDIM CIDADE - PASSOS;-207.282.596;-466.232.675;P02011 - VISTORIA EM ENXAME DE INSETOS (C) (Prioridade: 2 - Média);1CIA IND/2CIA/1PEL(PASSOS);ASL06087;Não;Não;Não;BOLETIM DE OCORRENCIA;Classificada;26/09/2025 07:07;Não
2025-41670501-9;(BM) 2025-044632664-001;25/09/2025 11:28;RUA LAMPARINA, Nº 55 - CASARAO - PASSOS;-207.213.965;-465.881.093;S06002 - CAPTURA DE ANIMAL SILVESTRE PERIGOSO / AGRESSIVO (C) (Prioridade: 2 - Média);1CIA IND/2CIA/1PEL(PASSOS);ASL07161;Não;Não;Não;BOLETIM DE OCORRENCIA;Classificada;26/09/2025 07:07;Não
2025-41670601-3;(PM) 2025-044636045-001;25/09/2025 11:34;AVENIDA JUCA STOCKLER, Nº 2642 - SAO JOAQUIM - PASSOS;-207.479.147;-465.988.105;W98011 - SOLICITACAO DE APOIO (C) (Prioridade: 1 - Alta);1CIA IND/2CIA/1PEL(PASSOS);;Não;Não;Não;NÃO ATENDIDA: FALTA DE EFETIVO;Classificada;25/09/2025 11:46;Não
2025-41672602-7;;25/09/2025 14:11;RUA BRAGANCA, Nº 101 - PENHA - PASSOS;-207.187.304;-466.291.592;V03018 - VITIMA DE QUEDA DA PROPRIA ALTURA (C) (Prioridade: 1 - Alta);1CIA IND/2CIA/1PEL(PASSOS);UR05480;Não;Não;Não;NADA CONSTATADO;Classificada;25/09/2025 16:16;Não
2025-41672897-2;(BM) 2025-044663888-001;25/09/2025 14:28;RUA LEONARDO HENRY AGUIAR SILVA, Nº 660 - RESIDENCIAL VILLAGIO DI ITALIA - PASSOS;;;S06001 - SALVAMENTO DE ANIMAL EM RISCO / PERIGO (C) (Prioridade: 2 - Média);1CIA IND/2CIA/1PEL(PASSOS);ASL06087;Não;Não;Não;BOLETIM DE OCORRENCIA;Classificada;26/09/2025 07:07;Não
2025-41674473-7;(BM) 2025-044678585-001;25/09/2025 15:46;RUA DOUTOR CARVALHO, Nº 1455 - NOSSA SENHORA DAS GRAÇAS - PASSOS;-207.352.269;-466.037.303;Q03999 - OUTROS TIPOS DE TREINAMENTO (C) (Prioridade: 2 - Média);1CIA IND/2CIA/1PEL(PASSOS);BM1274612;Não;Não;Não;BOLETIM DE OCORRENCIA;Classificada;26/09/2025 07:07;Não
2025-41674702-2;;25/09/2025 15:57;RODOVIA CSS0194 - MG 444, Nº S/N - CASSIA;-206.011.549;-469.255.203;W98011 - SOLICITACAO DE APOIO (C) (Prioridade: 1 - Alta);1CIA IND/2CIA/1PEL(PASSOS);;Não;Não;Não;DUPLICADA;Classificada;25/09/2025 16:03;Não
2025-41674721-7;;25/09/2025 15:59;RODOVIA CSS0183 - MG 344, Nº S/N - CASSIA;-206.059.151;-468.965.632;V02409 - VITIMA DE COLISAO ENTRE AUTOMOVEL X CAMINHAO / CARRETA (C) (Prioridade: 1 - Alta);1CIA IND/2CIA/1PEL(PASSOS);ASL06087;Não;Não;Não;ATENDIDA PELO SAMU;Classificada;26/09/2025 07:07;Não
2025-41678737-9;;25/09/2025 19:49;RODOVIA MG 344, Nº S/N - Zona Rural - CASSIA;;;V02302 - VITIMA DE CAPOTAMENTO DE CAMINHAO / CARRETA (C) (Prioridade: 1 - Alta);1CIA IND/2CIA/1PEL(PASSOS);;Não;Não;Não;ATENDIDA PELO SAMU;Classificada;25/09/2025 20:06;Não
2025-41679420-8;(BM) 2025-044732645-001;25/09/2025 20:31;RUA JOEL DA SILVA MENDES, Nº 23 - JARDIM CIDADE - PASSOS;-207.282.596;-466.232.675;S06005 - CAPTURA DE INSETOS (C) (Prioridade: 2 - Média);1CIA IND/2CIA/1PEL(PASSOS);ASL06087;Não;Não;Não;BOLETIM DE OCORRENCIA;Classificada;26/09/2025 07:07;Não
2025-41684014-6;(BM) 2025-044776513-001;26/09/2025 06:50;RUA SANTA INES, Nº 344 - BELO HORIZONTE - PASSOS;-207.272.708;-4.660.822;S06004 - CAPTURA DE OUTROS ANIMAIS DOMESTICOS PERIGOSOS / AGRESSIVOS (C) (Prioridade: 2 - Média);1CIA IND/2CIA/1PEL(PASSOS);ASL06087;Não;Não;Não;BOLETIM DE OCORRENCIA;Classificada;27/09/2025 08:03;Não
2025-41684385-8;(BM) 2025-044780067-001 / (PM) 2025-044780067-002;26/09/2025 07:43;AVENIDA COMENDADOR FRANCISCO A MAIA, Nº 2832 - MARIO MAGALHAES - PASSOS;-207.241.803;-466.122.478;S05308 - COLISAO ENTRE AUTOMOVEL X MOTOCICLETA (C) (Prioridade: 1 - Alta);1CIA IND/2CIA/1PEL(PASSOS);UR05480;Não;Não;Não;BOLETIM DE OCORRENCIA;Classificada;27/09/2025 08:03;Não
2025-41685551-0;(BM) 2025-044800241-001;26/09/2025 09:34;RUA ARISTEU INACIO ANDRADE ROSA, Nº 73 - JARDIM CANADA - PASSOS;-207.479.964;-466.078.906;V01003 - VITIMA COM CRISE CONVULSIVA (C) (Prioridade: 1 - Alta);1CIA IND/2CIA/1PEL(PASSOS);UR05480;Não;Não;Não;BOLETIM DE OCORRENCIA;Classificada;27/09/2025 08:04;Não
2025-41687139-8;(BM) 2025-044840832-001;26/09/2025 11:44;AVENIDA PERIMETRAL, Nº S/N - PARQUE DA ESTACAO - PASSOS;-207.057.771;-466.097.547;O04013 - INCENDIO EM PASTO (C) (Prioridade: 2 - Média);1CIA IND/2CIA/1PEL(PASSOS);ASL07161;Não;Não;Não;BOLETIM DE OCORRENCIA;Classificada;27/09/2025 08:03;Não
2025-41687558-0;(BM) 2025-044815068-001;26/09/2025 12:22;RUA ALAGOAS, Nº S/N - SÃO BENEDITO - ALPINOPOLIS;-208.575.041;-463.859.816;P01003 - VISTORIA EM EVENTOS TEMPORARIOS (C) (Prioridade: 1 - Alta);1CIA IND/2CIA/PEL PREV E VIST(PASSOS);APV06243;Não;Não;Não;BOLETIM DE OCORRENCIA;Classificada;27/09/2025 08:04;Não
2025-41689010-2;(BM) 2025-044846225-001;26/09/2025 14:17;RUA VICENTE DAMASCENO DE OLIVEIRA, Nº 155 - RECANTO DO BOSQUE - PASSOS;-207.245.518;-465.836.002;O04013 - INCENDIO EM PASTO (C) (Prioridade: 2 - Média);1CIA IND/2CIA/1PEL(PASSOS);ASL07161;Não;Não;Não;BOLETIM DE OCORRENCIA;Classificada;27/09/2025 08:03;Não
2025-41689324-0;(BM) 2025-044840481-001;26/09/2025 14:35;RUA BONSUCESSO, Nº 888 - PENHA - PASSOS;-20.721.233;-466.188.426;P02001 - VISTORIA EM HIDRANTE (C) (Prioridade: 2 - Média);1CIA IND/2CIA/1PEL(PASSOS);ASL06087;Não;Não;Não;BOLETIM DE OCORRENCIA;Classificada;27/09/2025 08:03;Não
2025-41689774-7;(BM) 2025-044851936-001;26/09/2025 14:59;RODOVIA BR 265, Km 532 - ALPINOPOLIS;-208.939.189;-462.672.079;P01003 - VISTORIA EM EVENTOS TEMPORARIOS (C) (Prioridade: 1 - Alta);1CIA IND/2CIA/PEL PREV E VIST(PASSOS);APV06243;Não;Não;Não;BOLETIM DE OCORRENCIA;Classificada;27/09/2025 08:04;Não
2025-41690867-3;(BM) 2025-044852473-001;26/09/2025 16:00;RUA DOUTOR CARVALHO, Nº 1455 - NOSSA SENHORA DAS GRAÇAS - PASSOS;-207.352.269;-466.037.303;Q03017 - TREINAMENTO DE PRIMEIROS SOCORROS (C) (Prioridade: 2 - Média);1CIA IND/2CIA/1PEL(PASSOS);BM1525005;Não;Não;Não;BOLETIM DE OCORRENCIA;Classificada;27/09/2025 08:03;Não
2025-41692971-6;(BM) 2025-044887808-001;26/09/2025 18:07;RUA JOSE BELMIRO LIMA, Nº 104 - VILA RICA - PASSOS;;;O04011 - INCENDIO EM AREA URBANA NAO PROTEGIDA (C) (Prioridade: 2 - Média);1CIA IND/2CIA/1PEL(PASSOS);ASL07161;Não;Não;Não;BOLETIM DE OCORRENCIA;Classificada;27/09/2025 08:03;Não
2025-41700463-4;;27/09/2025 04:21;RUA DEPUTADO LOURENCO DE ANDRADE, Nº 496 - CENTRO - PASSOS;-207.161.637;-466.095.713;V02402 - VITIMA DE COLISAO ENTRE MOTOCICLETAS (C) (Prioridade: 1 - Alta);1CIA IND/2CIA/1PEL(PASSOS);;Não;Não;Não;ATENDIDA PELO SAMU;Classificada;27/09/2025 04:22;Não
2025-41701580-3;(BM) 2025-044948008-001;27/09/2025 08:18;RUA JOAO BATISTA PEREIRA, Nº 290 - PASSOS;;;S06001 - SALVAMENTO DE ANIMAL EM RISCO / PERIGO (C) (Prioridade: 2 - Média);1CIA IND/2CIA/1PEL(PASSOS);ASL06087;Não;Não;Não;BOLETIM DE OCORRENCIA;Classificada;28/09/2025 07:36;Não
2025-41703248-8;(BM) 2025-044968197-001;27/09/2025 11:15;RUA RIO GRANDE DO NORTE, Nº S/N - BELA VISTA - PASSOS;-207.160.576;-465.948.323;V01005 - VITIMA COM CRISE HIPERTENSIVA/HIPOTENSAO (C) (Prioridade: 1 - Alta);1CIA IND/2CIA/1PEL(PASSOS);UR05480;Não;Não;Não;BOLETIM DE OCORRENCIA;Classificada;28/09/2025 07:37;Não
2025-41705199-5;(BM) 2025-044978991-001;27/09/2025 14:36;RUA JOAO S DOS REIS, Nº 25 - NOVA PASSOS - PASSOS;-207.022.006;-466.342.741;V01005 - VITIMA COM CRISE HIPERTENSIVA/HIPOTENSAO (C) (Prioridade: 1 - Alta);1CIA IND/2CIA/1PEL(PASSOS);UR05480;Não;Não;Não;BOLETIM DE OCORRENCIA;Classificada;28/09/2025 07:37;Não
2025-41708072-0;(BM) 2025-045011116-001 / (PM) 2025-045011116-002;27/09/2025 17:29;RUA ADONIRA MARIA DE JESUS, Nº 178 - NOSSA SENHORA DE LOURDES - PASSOS;-206.978.573;-466.214.928;W98011 - SOLICITACAO DE APOIO (C) (Prioridade: 1 - Alta);1CIA IND/2CIA/1PEL(PASSOS);UR05480;Não;Não;Não;BOLETIM DE OCORRENCIA;Classificada;28/09/2025 07:37;Não
2025-41710695-6;(BM) 2025-045025449-001;27/09/2025 20:16;RUA DOUTOR CARVALHO, Nº 1455 - NOSSA SENHORA DAS GRAÇAS - PASSOS;-207.352.269;-466.037.303;Q03017 - TREINAMENTO DE PRIMEIROS SOCORROS (C) (Prioridade: 2 - Média);1CIA IND/2CIA/1PEL(PASSOS);BM1549807;Não;Não;Não;BOLETIM DE OCORRENCIA;Classificada;28/09/2025 07:36;Não
2025-41711715-7;;27/09/2025 21:17;PRACA DO MARINHEIRO, Nº S/N - JARDIM DO SOL - CASSIA;-205.736.986;-469.257.088;W98011 - SOLICITACAO DE APOIO (C) (Prioridade: 1 - Alta);1CIA IND/2CIA/1PEL(PASSOS);;Não;Não;Não;NADA CONSTATADO;Classificada;27/09/2025 22:31;Não
2025-41716903-4;;28/09/2025 03:22;AVENIDA ANTONIO DIAS MACHADO, Nº 980 - DISTRITO INDUSTRIAL 2 - PASSOS;-207.290.784;-466.457.859;V02408 - VITIMA DE COLISAO ENTRE AUTOMOVEL X MOTOCICLETA (C) (Prioridade: 1 - Alta);1CIA IND/2CIA/1PEL(PASSOS);;Não;Não;Não;ATENDIDA PELO SAMU;Classificada;28/09/2025 03:34;Não
2025-41719447-3;(BM) 2025-045096940-001;28/09/2025 10:50;RUA DOUTOR CARVALHO, Nº 1455 - NOSSA SENHORA DAS GRAÇAS - PASSOS;-207.352.269;-466.037.303;Q03017 - TREINAMENTO DE PRIMEIROS SOCORROS (C) (Prioridade: 2 - Média);1CIA IND/2CIA/1PEL(PASSOS);BM1206671;Não;Não;Não;BOLETIM DE OCORRENCIA;Classificada;29/09/2025 07:41;Não
2025-41720518-7;(BM) 2025-045101330-001;28/09/2025 13:09;RUA JOAQUIM LOPES, Nº 611 - PENHA - PASSOS;-207.166.798;-466.276.208;V01003 - VITIMA COM CRISE CONVULSIVA (C) (Prioridade: 1 - Alta);1CIA IND/2CIA/1PEL(PASSOS);UR05480;Não;Não;Não;BOLETIM DE OCORRENCIA;Classificada;29/09/2025 07:41;Não
2025-41726263-0;(BM) 2025-045146059-001;28/09/2025 19:48;RUA ALEXANDRE L BORSARI, Nº S/N - NOVA PASSOS - PASSOS;-207.061.492;-46.634.083;S06002 - CAPTURA DE ANIMAL SILVESTRE PERIGOSO / AGRESSIVO (C) (Prioridade: 2 - Média);1CIA IND/2CIA/1PEL(PASSOS);ASL06087;Não;Não;Não;BOLETIM DE OCORRENCIA;Classificada;29/09/2025 07:41;Não
2025-41728115-4;(BM) 2025-045166520-001;28/09/2025 21:50;RUA GOVERNADOR VALADARES, Nº 221 - CENTENARIO - PASSOS;-207.306.517;-466.133.649;V01006 - VITIMA COM DIFICULDADE DE LOCOMOCAO (C) (Prioridade: 1 - Alta);1CIA IND/2CIA/1PEL(PASSOS);UR05480;Não;Não;Não;BOLETIM DE OCORRENCIA;Classificada;29/09/2025 07:41;Não
2025-41731885-0;(BM) 2025-045192606-001;29/09/2025 07:14;AVENIDA SABIA, Nº S/N - MUARAMA 2 - PASSOS;-207.330.855;-466.157.928;S06001 - SALVAMENTO DE ANIMAL EM RISCO / PERIGO (C) (Prioridade: 2 - Média);1CIA IND/2CIA/1PEL(PASSOS);ASL06087;Não;Não;Não;BOLETIM DE OCORRENCIA;Classificada;29/09/2025 08:01;Não
2025-41732398-4;(BM) 2025-045196595-001;29/09/2025 08:11;RUA RIO PIRACICABA, Nº 607 - SANTA LUZIA - PASSOS;-207.075.023;-465.997.774;V01003 - VITIMA COM CRISE CONVULSIVA (C) (Prioridade: 1 - Alta);1CIA IND/2CIA/1PEL(PASSOS);UR05480;Não;Não;Não;BOLETIM DE OCORRENCIA;Classificada;30/09/2025 07:54;Não
2025-41732813-4;(BM) 2025-045200450-001;29/09/2025 08:46;RUA BONSUCESSO, Nº 459 - PASSOS;-207.193.678;-466.148.942;P01002 - VISTORIA DE LIBERACAO / EMISSAO DE AVCB (C) (Prioridade: 2 - Média);1CIA IND/2CIA/PEL PREV E VIST(PASSOS);APV06243;Não;Não;Não;BOLETIM DE OCORRENCIA;Classificada;30/09/2025 07:54;Não
2025-41733602-4;(BM) 2025-045226656-001;29/09/2025 09:50;RUA CORONEL JOAO PIASSI, Nº 160 - JARDIM CANADA - PASSOS;-207.517.697;-466.067.427;O02001 - INCENDIO EM RESIDENCIA/HABITACAO UNIFAMILIAR (CASA) (C) (Prioridade: 1 - Alta);1CIA IND/2CIA/1PEL(PASSOS);ASL07161;Não;Não;Não;BOLETIM DE OCORRENCIA;Classificada;30/09/2025 07:54;Não
2025-41733888-9;(BM) 2025-045214599-001;29/09/2025 10:13;RODOVIA MG 050, Nº 640 - SERRA VERDE - PASSOS;-207.387.186;-465.947.543;P01003 - VISTORIA EM EVENTOS TEMPORARIOS (C) (Prioridade: 1 - Alta);1CIA IND/2CIA/PEL PREV E VIST(PASSOS);APV06243;Não;Não;Não;BOLETIM DE OCORRENCIA;Classificada;30/09/2025 07:54;Não
2025-41734293-7;(BM) 2025-045233119-001;29/09/2025 10:43;RUA ESTUDANTES, Nº 351 - PENHA - PASSOS;-207.168.876;-466.175.929;V01023 - VITIMA DE SINCOPE (DESMAIO)/VERTIGEM (C) (Prioridade: 1 - Alta);1CIA IND/2CIA/1PEL(PASSOS);UR05480;Não;Não;Não;BOLETIM DE OCORRENCIA;Classificada;30/09/2025 07:54;Não
2025-41735358-6;(BM) 2025-045258680-001;29/09/2025 12:16;RODOVIA MG 050, Nº S/N - PASSOS;-207.379.186;-46.618.731;Y40035 - APOIO DE SOLO EM OPERACOES AEREAS (C) (Prioridade: 2 - Média);1CIA IND/2CIA/1PEL(PASSOS);UR05480;Não;Não;Não;BOLETIM DE OCORRENCIA;Classificada;30/09/2025 07:54;Não
2025-41735481-2;;29/09/2025 12:28;RUA DANIELA LIMA BORSARI, Nº 242 - NOVA PASSOS II - PASSOS;-206.980.576;-466.309.977;P02011 - VISTORIA EM ENXAME DE INSETOS (C) (Prioridade: 2 - Média);1CIA IND/2CIA/1PEL(PASSOS);ASL06087;Não;Não;Não;ATENDIDA PELO SAMU;Classificada;30/09/2025 07:54;Não
2025-41735686-5;;29/09/2025 12:51;RODOVIA MG 444, Km 0 - CAPETINGA;-206.049.477;-470.338.842;W98011 - SOLICITACAO DE APOIO (C) (Prioridade: 1 - Alta);1CIA IND/2CIA/1PEL(PASSOS);VOB00480;Não;Não;Não;DISPENSADA PELO SOLICITANTE;Classificada;29/09/2025 23:21;Não
2025-41736339-7;(BM) 2025-045253605-001;29/09/2025 13:38;RUA DANIELA LIMA BORSARI, Nº 242 - NOVA PASSOS II - PASSOS;-206.980.576;-466.309.977;P02011 - VISTORIA EM ENXAME DE INSETOS (C) (Prioridade: 2 - Média);1CIA IND/2CIA/1PEL(PASSOS);VOB00480;Não;Não;Não;BOLETIM DE OCORRENCIA;Classificada;30/09/2025 07:54;Não
2025-41737474-8;(BM) 2025-045270314-001;29/09/2025 14:49;RUA SANTA LUZIA, Nº 80 - CANDEIAS - PASSOS;-20.723.697;-466.149.162;V01024 - VITIMA DE SUICIDIO (TENTATIVA) - APH CLINICO (C) (Prioridade: 1 - Alta);1CIA IND/2CIA/1PEL(PASSOS);UR05480;Não;Não;Não;BOLETIM DE OCORRENCIA;Classificada;30/09/2025 07:54;Não
2025-41738991-5;(BM) 2025-045275802-001;29/09/2025 16:01;AVENIDA COMENDADOR FRANCISCO A MAIA, Nº 3644 - MARIO MAGALHAES - PASSOS;-207.297.421;-466.092.501;P01001 - VISTORIA DE FISCALIZACAO (C) (Prioridade: 2 - Média);1CIA IND/2CIA/PEL PREV E VIST(PASSOS);ASL00063;Não;Não;Não;BOLETIM DE OCORRENCIA;Classificada;30/09/2025 07:54;Não
2025-41739102-4;(BM) 2025-045278637-001;29/09/2025 16:08;RUA NITEROI, Nº 1285 - RECANTO DA HARMONIA - PASSOS;-207.059.231;-46.596.228;V01007 - VITIMA COM DISPNEIA (FALTA DE AR) (C) (Prioridade: 1 - Alta);1CIA IND/2CIA/1PEL(PASSOS);UR05480;Não;Não;Não;BOLETIM DE OCORRENCIA;Classificada;30/09/2025 07:53;Não
2025-41739106-5;;29/09/2025 16:09;RUA NITEROI, Nº 1285 - RECANTO DA HARMONIA - PASSOS;-207.059.231;-46.596.228;V01005 - VITIMA COM CRISE HIPERTENSIVA/HIPOTENSAO (C) (Prioridade: 1 - Alta);1CIA IND/2CIA/1PEL(PASSOS);;Não;Não;Não;DUPLICADA;Classificada;29/09/2025 16:12;Não
2025-41741374-7;(BM) 2025-045305384-001;29/09/2025 18:17;RUA XAVANTES, Nº 72 - JARDIM EMBRATEL - PASSOS;-207.410.883;-466.044.953;V03018 - VITIMA DE QUEDA DA PROPRIA ALTURA (C) (Prioridade: 1 - Alta);1CIA IND/2CIA/1PEL(PASSOS);UR05480;Não;Não;Não;BOLETIM DE OCORRENCIA;Classificada;30/09/2025 07:53;Não
2025-41744450-0;(BM) 2025-045359217-002 / (PM) 2025-045359217-001;29/09/2025 21:30;RODOVIA MG 050, Nº S/N - PASSOS;-207.379.186;-46.618.731;V02302 - VITIMA DE CAPOTAMENTO DE CAMINHAO / CARRETA (C) (Prioridade: 1 - Alta);1CIA IND/2CIA/1PEL(PASSOS);ASL06087 / UR05480;Não;Não;Não;BOLETIM DE OCORRENCIA;Classificada;30/09/2025 07:53;Não
2025-41749289-3;(BM) 2025-045392900-001;30/09/2025 09:19;RUA Portal dos Canyons, Nº S/N - Zona Rural - SAO JOSE DA BARRA;;;S06001 - SALVAMENTO DE ANIMAL EM RISCO / PERIGO (C) (Prioridade: 2 - Média);1CIA IND/2CIA/1PEL(PASSOS);ASL06087;Não;Não;Não;BOLETIM DE OCORRENCIA;Classificada;01/10/2025 07:40;Não
2025-41752136-0;(BM) 2025-045412508-001;30/09/2025 13:07;RUA CARLOS LACERDA, Nº S/N - SANTA CRUZ - CLARAVAL;-204.138.211;-472.829.775;P01002 - VISTORIA DE LIBERACAO / EMISSAO DE AVCB (C) (Prioridade: 2 - Média);1CIA IND/2CIA/PEL PREV E VIST(PASSOS);APV06243;Não;Não;Não;BOLETIM DE OCORRENCIA;Classificada;01/10/2025 07:40;Não
2025-41752331-6;(BM) 2025-045442021-001;30/09/2025 13:18;RUA DOUTOR CARVALHO, Nº 1455 - NOSSA SENHORA DAS GRAÇAS - PASSOS;-207.352.269;-466.037.303;Q03017 - TREINAMENTO DE PRIMEIROS SOCORROS (C) (Prioridade: 2 - Média);1CIA IND/2CIA/1PEL(PASSOS);BM1525005;Não;Não;Não;BOLETIM DE OCORRENCIA;Classificada;01/10/2025 07:40;Não
2025-41755039-0;(BM) 2025-045450200-001;30/09/2025 16:03;RUA PARA, Nº 606 - SANTA LUZIA - PASSOS;;;V01023 - VITIMA DE SINCOPE (DESMAIO)/VERTIGEM (C) (Prioridade: 1 - Alta);1CIA IND/2CIA/1PEL(PASSOS);UR05480;Não;Não;Não;BOLETIM DE OCORRENCIA;Classificada;01/10/2025 07:41;Não
2025-41758252-4;(BM) 2025-045479556-001;30/09/2025 18:59;RODOVIA BR 146, Km 381 - PASSOS;-209.689.544;-465.368.347;O04014 - INCENDIO AS MARGENS DE RODOVIA (C) (Prioridade: 2 - Média);1CIA IND/2CIA/1PEL(PASSOS);ASL07161;Não;Não;Não;BOLETIM DE OCORRENCIA;Classificada;01/10/2025 07:40;PERÍODO DE ESTIAGEM
2025-41758604-0;(BM) 2025-045483212-001;30/09/2025 19:21;SITIO PSS0171 - MORRO REDONDO - JOSE ARMANDO DE SOUZA, Nº S/N - PASSOS;-206.626.503;-466.425.417;O04013 - INCENDIO EM PASTO (C) (Prioridade: 2 - Média);1CIA IND/2CIA/1PEL(PASSOS);ASL06087;Não;Não;Não;BOLETIM DE OCORRENCIA;Classificada;01/10/2025 07:40;Não
2025-41758658-9;(BM) 2025-045495204-001;30/09/2025 19:25;ESTRADA PSS0220 - MUMBUCA, Nº S/N - PASSOS;-20.890.833;-46.593.611;O04014 - INCENDIO AS MARGENS DE RODOVIA (C) (Prioridade: 2 - Média);1CIA IND/2CIA/1PEL(PASSOS);ASL06087;Não;Não;Não;BOLETIM DE OCORRENCIA;Classificada;01/10/2025 07:40;PERÍODO DE ESTIAGEM
2025-41758850-6;;30/09/2025 19:35;SITIO POC0348 - ALVORADA, Nº S/N - POCOS DE CALDAS;-217.719.703;-4.645.136;O04011 - INCENDIO EM AREA URBANA NAO PROTEGIDA (C) (Prioridade: 2 - Média);1CIA IND (POCOS DE CALDAS);;Não;Não;Não;DUPLICADA;Classificada;30/09/2025 22:00;PERÍODO DE ESTIAGEM
2025-41759669-0;;30/09/2025 20:32;RUA desconhecido - PASSOS;;;V01018 - VITIMA DE MAL NAO DEFINIDO (DISTURBIO) (C) (Prioridade: 1 - Alta);1CIA IND/2CIA/1PEL(PASSOS);;Não;Não;Não;NÃO ATENDIDA: FALTA DE EFETIVO;Classificada;30/09/2025 20:33;Não
2025-41760683-9;(BM) 2025-045519008-001;30/09/2025 21:37;ACESSO RURAL 9WC7+9QM Capetinga, MG - CAPETINGA;;;O04013 - INCENDIO EM PASTO (C) (Prioridade: 2 - Média);1CIA IND/2CIA/1PEL(PASSOS);ASL07161;Não;Não;Não;BOLETIM DE OCORRENCIA;Classificada;01/10/2025 07:41;Não
