Nº chamada;Nº REDS;Data/hora de criação;Local do fato;Latitude  do local;Longitude do local;Natureza;Unidade Responsável;Recursos empenhados;Alerta;Destaque;Envolve autoridade;Tipo de classificação;Situação;Data/hora da situação atual;Evento associado
2025-37203007-5;(BM) 2025-000004143-001;01/01/2025 00:41;RUA PAZINI PIASSI, Nº 396 - JARDIM CANADA - PASSOS;-207.478.191;-466.095.891;V03006 - VITIMA DE ATAQUE DE ANIMAIS PECONHENTOS (C) (Prioridade: 1 - Alta);1CIA IND/2CIA/1PEL(PASSOS);UR00565;Não;Não;Não;BOLETIM DE OCORRENCIA;Classificada;01/01/2025 07:41;Não
2025-37207762-7;(BM) 2025-000030561-001;01/01/2025 09:41;RUA MACHADO DE ASSIS, Nº 70 - JARDIM PINHEIROS - PASSOS;-207.225.276;-46.619.154;S04004 - DESABAMENTO / DESMORONAMENTO / COLAPSO DE ESTRUTURAS (C) (Prioridade: 1 - Alta);1CIA IND/2CIA/1PEL(PASSOS);UR00565;Não;Não;Não;BOLETIM DE OCORRENCIA;Classificada;02/01/2025 08:06;Não
2025-37208107-7;(BM) 2025-000044327-001;01/01/2025 10:37;RODOVIA MG 050, Km 358, Nº S/N - PASSOS;;;V01007 - VITIMA COM DISPNEIA (FALTA DE AR) (C) (Prioridade: 1 - Alta);1CIA IND/2CIA/1PEL(PASSOS);UR00565;Não;Não;Não;BOLETIM DE OCORRENCIA;Classificada;02/01/2025 08:06;Não
2025-37208369-3;(BM) 2025-000035971-001;01/01/2025 11:18;RODOVIA MG 050, Nº S/N - PASSOS;-207.372.242;-466.331.087;Y40035 - APOIO DE SOLO EM OPERACOES AEREAS (C) (Prioridade: 2 - Média);1CIA IND/2CIA/1PEL(PASSOS);UR00565;Não;Não;Não;BOLETIM DE OCORRENCIA;Classificada;02/01/2025 08:06;Não
2025-37213312-5;(BM) 2025-000085784-001;01/01/2025 19:13;RUA SANTA LUZIA, Nº 184 - CANDEIAS - PASSOS;-20.723.624;-466.159.439;V01006 - VITIMA COM DIFICULDADE DE LOCOMOCAO (C) (Prioridade: 1 - Alta);1CIA IND/2CIA/1PEL(PASSOS);UR00565;Não;Não;Não;BOLETIM DE OCORRENCIA;Classificada;02/01/2025 08:07;Não
2025-37214311-8;(BM) 2025-000082990-001;01/01/2025 20:30;AVENIDA OLIVEIRA REZENDE, Nº 1300 - VILA OPERARIA - SAO SEBASTIAO PARAISO;-209.096.216;-469.957.754;X03000 - EMPENHO ADMINISTRATIVO (C) (Prioridade: 2 - Média);1CIA IND/2CIA/1PEL(PASSOS);ASL06087;Não;Não;Não;BOLETIM DE OCORRENCIA;Classificada;02/01/2025 08:06;Não
2025-37214491-1;(BM) 2025-000091346-002;01/01/2025 20:47;RUA CONTAGEM, Nº 160 - PENHA - PASSOS;-207.150.924;-466.280.587;V03008 - VITIMA DE ATAQUE DE CAO (C) (Prioridade: 1 - Alta);1CIA IND/2CIA/1PEL(PASSOS);UR00565 / ABTS00495;Não;Não;Não;BOLETIM DE OCORRENCIA;Classificada;02/01/2025 08:07;Não
2025-37217344-3;(BM) 2025-000110331-001;02/01/2025 01:36;RUA BOIADEIROS, Nº 288 - SAO FRANCISCO - PASSOS;;;V02502 - VITIMA DE QUEDA (MOTOCICLISTA) (C) (Prioridade: 1 - Alta);1CIA IND/2CIA/1PEL(PASSOS);UR00565;Não;Não;Não;BOLETIM DE OCORRENCIA;Classificada;02/01/2025 08:07;Não
2025-37217772-7;(BM) 2025-000113623-001;02/01/2025 03:24;RUA IMACULADA CONCEICAO, Nº 423 - COHAB 4 - PASSOS;-207.197.498;-466.289.344;V03999 - OUTROS TIPOS DE APH DE TRAUMAS DIVERSOS   (C) (Prioridade: 1 - Alta);1CIA IND/2CIA/1PEL(PASSOS);UR00565;Não;Não;Não;BOLETIM DE OCORRENCIA;Classificada;02/01/2025 08:07;Não
2025-37217842-0;(BM) 2025-000117374-001;02/01/2025 03:59;RUA GONCALVES DIAS, Nº 397 - SAO BENEDITO - PASSOS;-207.183.183;-466.056.162;V01003 - VITIMA COM CRISE CONVULSIVA (C) (Prioridade: 1 - Alta);1CIA IND/2CIA/1PEL(PASSOS);UR00565;Não;Não;Não;BOLETIM DE OCORRENCIA;Classificada;02/01/2025 08:07;Não
2025-37218272-0;(BM) 2025-000121030-001;02/01/2025 07:03;RUA CABO ALBERTO RODRIGUES DA SILVA, Nº S/N - COHAB 2 - PASSOS;-207.122.612;-466.319.934;V01003 - VITIMA COM CRISE CONVULSIVA (C) (Prioridade: 1 - Alta);1CIA IND/2CIA/1PEL(PASSOS);UR00565;Não;Não;Não;BOLETIM DE OCORRENCIA;Classificada;03/01/2025 07:05;Não
2025-37218861-0;(BM) 2025-000123209-001;02/01/2025 08:35;RUA CONTAGEM, Nº 160 - PENHA - PASSOS;-207.150.924;-466.280.587;X03000 - EMPENHO ADMINISTRATIVO (C) (Prioridade: 2 - Média);1CIA IND/2CIA/1PEL(PASSOS);ASL06087;Não;Não;Não;BOLETIM DE OCORRENCIA;Classificada;03/01/2025 07:06;Não
2025-37219200-4;(BM) 2025-000127129-001;02/01/2025 09:16;RUA CAETES, Nº S/N - NOSSA SENHORA APARECIDA - PASSOS;-20.743.907;-466.081.916;P02011 - VISTORIA EM ENXAME DE INSETOS (C) (Prioridade: 2 - Média);1CIA IND/2CIA/1PEL(PASSOS);ASL06087;Não;Não;Não;BOLETIM DE OCORRENCIA;Classificada;03/01/2025 07:06;Não
2025-37219851-2;(BM) 2025-000135285-001;02/01/2025 10:18;AVENIDA ELDORADO, Nº 417 - RESIDENCIAL ELDORADO - PASSOS;-207.314.393;-46.620.276;V01020 - VITIMA COM PARADA CARDIORRESPIRATORIA (C) (Prioridade: 1 - Alta);1CIA IND/2CIA/1PEL(PASSOS);UR00565;Não;Não;Não;BOLETIM DE OCORRENCIA;Classificada;03/01/2025 07:06;Não
2025-37222066-1;(BM) 2025-000161305-001;02/01/2025 14:05;RUA CORONEL NECA MEDEIROS, Nº 181 - CENTRO - PASSOS;-207.196.229;-466.103.928;P01002 - VISTORIA DE LIBERACAO / EMISSAO DE AVCB (C) (Prioridade: 2 - Média);1CIA IND/2CIA/PEL PREV E VIST(PASSOS);APF01362;Não;Não;Não;BOLETIM DE OCORRENCIA;Classificada;03/01/2025 07:06;Não
2025-37222521-6;(BM) 2025-000169132-001;02/01/2025 14:35;RUA DEPUTADO LOURENCO DE ANDRADE, Nº 468 - CENTRO - PASSOS;-207.165.755;-466.094.268;V02103 - VITIMA DE ATROPELAMENTO POR AUTOMOVEL (CARRO / CAMINHONETE) (C) (Prioridade: 1 - Alta);1CIA IND/2CIA/1PEL(PASSOS);UR00565;Não;Não;Não;BOLETIM DE OCORRENCIA;Classificada;03/01/2025 07:07;Não
2025-37222833-9;(BM) 2025-000171131-001;02/01/2025 14:54;ESTRADA FZM0115 - LIGACAO FORTALEZA DE MINAS X JACUI, KM 9 - BAIRRO RURAL AREIAS, Nº S/N - FORTALEZA DE MINAS;-209.219.178;-467.418.302;P02011 - VISTORIA EM ENXAME DE INSETOS (C) (Prioridade: 2 - Média);1CIA IND/2CIA/1PEL(PASSOS);ASL06087;Não;Não;Não;BOLETIM DE OCORRENCIA;Classificada;03/01/2025 07:06;Não
2025-37224050-2;(BM) 2025-000185765-001;02/01/2025 16:05;RUA CORONEL NECA MEDEIROS, Nº 181 - CENTRO - PASSOS;-207.196.229;-466.103.928;P01001 - VISTORIA DE FISCALIZACAO (C) (Prioridade: 2 - Média);1CIA IND/2CIA/PEL PREV E VIST(PASSOS);APF01362;Não;Não;Não;BOLETIM DE OCORRENCIA;Classificada;03/01/2025 07:07;Não
2025-37224211-0;(BM) 2025-000193508-001;02/01/2025 16:15;RUA CRISTIANO STOCKLER, Nº 228 - CENTRO - PASSOS;-207.203.031;-466.068.036;S06001 - SALVAMENTO DE ANIMAL EM RISCO / PERIGO (C) (Prioridade: 2 - Média);1CIA IND/2CIA/1PEL(PASSOS);ASL06087;Não;Não;Não;BOLETIM DE OCORRENCIA;Classificada;03/01/2025 07:07;Não
2025-37226172-0;(BM) 2025-000208774-001;02/01/2025 18:25;RUA CAETES, Nº S/N - NOSSA SENHORA APARECIDA - PASSOS;-20.743.907;-466.081.916;S06005 - CAPTURA DE INSETOS (C) (Prioridade: 2 - Média);1CIA IND/2CIA/1PEL(PASSOS);ASL06087;Não;Não;Não;BOLETIM DE OCORRENCIA;Classificada;03/01/2025 07:07;Não
2025-37232299-6;(BM) 2025-000272838-001;03/01/2025 07:30;RUA RIO GRANDE DO SUL, Nº 22 - SAO BENEDITO - PASSOS;-207.181.375;-466.009.553;V01006 - VITIMA COM DIFICULDADE DE LOCOMOCAO (C) (Prioridade: 1 - Alta);1CIA IND/2CIA/1PEL(PASSOS);UR00565;Não;Não;Não;BOLETIM DE OCORRENCIA;Classificada;03/01/2025 08:17;Não
2025-37232692-5;(BM) 2025-000275390-001;03/01/2025 08:20;RUA VEREADOR MARCOS JOELI, Nº 195 - COHAB 5 - PASSOS;-207.198.281;-466.390.682;V01009 - VITIMA COM DOR NA COLUNA VERTEBRAL (COSTAS) (C) (Prioridade: 1 - Alta);1CIA IND/2CIA/1PEL(PASSOS);UR00565;Não;Não;Não;BOLETIM DE OCORRENCIA;Classificada;04/01/2025 08:00;Não
2025-37233018-0;(BM) 2025-000276851-001;03/01/2025 08:57;RUA CAETES, Nº S/N - NOSSA SENHORA APARECIDA - PASSOS;-20.743.907;-466.081.916;P02011 - VISTORIA EM ENXAME DE INSETOS (C) (Prioridade: 2 - Média);1CIA IND/2CIA/1PEL(PASSOS);ASL06087;Não;Não;Não;BOLETIM DE OCORRENCIA;Classificada;04/01/2025 07:59;Não
2025-37233135-4;(BM) 2025-000284817-001;03/01/2025 09:10;RUA TREZE DE MAIO, Nº 40 - PENHA - PASSOS;-207.175.766;-466.151.669;S06002 - CAPTURA DE ANIMAL SILVESTRE PERIGOSO / AGRESSIVO (C) (Prioridade: 2 - Média);1CIA IND/2CIA/1PEL(PASSOS);ASL06087;Não;Não;Não;BOLETIM DE OCORRENCIA;Classificada;04/01/2025 07:59;Não
2025-37233364-1;(BM) 2025-000281027-001;03/01/2025 09:32;RUA FRANCISCA CHERCHIGLIA PIASSI, Nº 186 - JARDIM CANADA - PASSOS;-207.529.039;-466.084.146;P01001 - VISTORIA DE FISCALIZACAO (C) (Prioridade: 2 - Média);1CIA IND/2CIA/PEL PREV E VIST(PASSOS);APF01362;Não;Não;Não;BOLETIM DE OCORRENCIA;Classificada;04/01/2025 07:59;Não
2025-37234178-2;(BM) 2025-000290620-001;03/01/2025 10:38;RUA ARAPONGA, Nº 319 - SAO JOAO - PASSOS;-207.370.976;-466.095.463;P01001 - VISTORIA DE FISCALIZACAO (C) (Prioridade: 2 - Média);1CIA IND/2CIA/PEL PREV E VIST(PASSOS);APF01362;Não;Não;Não;BOLETIM DE OCORRENCIA;Classificada;04/01/2025 08:00;Não
2025-37234708-4;(BM) 2025-000297242-001;03/01/2025 11:29;RUA PONTA PORA, Nº S/N - BELA VISTA - PASSOS;-207.136.696;-466.005.601;P01001 - VISTORIA DE FISCALIZACAO (C) (Prioridade: 2 - Média);1CIA IND/2CIA/PEL PREV E VIST(PASSOS);APF01362;Não;Não;Não;BOLETIM DE OCORRENCIA;Classificada;04/01/2025 08:00;Não
2025-37235256-0;(BM) 2025-000313221-001;03/01/2025 12:35;RODOVIA MG 444, Km 16 - CAPETINGA;-206.056.074;-470.347.447;O02027 - INCENDIO VEIC. AUTOMOTOR (EXCETO TANQUE/ONIBUS/MICRO-ONIBUS) (C) (Prioridade: 1 - Alta);1CIA IND/2CIA/1PEL(PASSOS);ABTS00495;Não;Não;Não;BOLETIM DE OCORRENCIA;Classificada;04/01/2025 08:00;Não
2025-37237219-4;(BM) 2025-000336752-001;03/01/2025 15:09;RUA HENRIQUE AMELIO DE OLIVEIRA, Nº 120 - RECANTO DA TEKA - PASSOS;-207.451.567;-465.967.775;V01006 - VITIMA COM DIFICULDADE DE LOCOMOCAO (C) (Prioridade: 1 - Alta);1CIA IND/2CIA/1PEL(PASSOS);UR00565;Não;Não;Não;BOLETIM DE OCORRENCIA;Classificada;04/01/2025 08:00;Não
2025-37239337-1;(BM) 2025-000349190-001;03/01/2025 17:35;AVENIDA DONA LIQUINHA SILVEIRA, Nº S/N - JARDIM SATELITE - PASSOS;-207.086.809;-466.237.875;S06002 - CAPTURA DE ANIMAL SILVESTRE PERIGOSO / AGRESSIVO (C) (Prioridade: 2 - Média);1CIA IND/2CIA/1PEL(PASSOS);ASL06087;Não;Não;Não;BOLETIM DE OCORRENCIA;Classificada;04/01/2025 08:00;Não
2025-37240073-9;(BM) 2025-000379403-002 / (PM) 2025-000379403-001;03/01/2025 18:29;RUA PAULO FREIRE, Nº 75 - CENTRO - SAO JOSE DA BARRA;-207.182.294;-463.092.444;P02004 - VISTORIA EM RISCO DE DESABAMENTO / DESMORONAMENTO (C) (Prioridade: 2 - Média);1CIA IND/2CIA/1PEL(PASSOS);ASL06087;Não;Não;Não;BOLETIM DE OCORRENCIA;Classificada;04/01/2025 08:00;Não
2025-37244983-5;(BM) 2025-000406107-001;04/01/2025 00:50;RUA ITAIPU, Nº 193 - VILA RICA - PASSOS;-207.151.454;-465.995.349;V01013 - VITIMA DE EMERGENCIAS PSIQUIATRICAS (C) (Prioridade: 1 - Alta);1CIA IND/2CIA/1PEL(PASSOS);UR00565;Não;Não;Não;BOLETIM DE OCORRENCIA;Classificada;04/01/2025 08:00;Não
2025-37245942-3;(BM) 2025-000415110-001;04/01/2025 02:46;RUA CURITIBA, Nº 492 - JARDIM COLEGIO DE PASSOS - PASSOS;-207.186.029;-465.939.457;V01008 - VITIMA COM DOR ABDOMINAL (ABDOME AGUDO) (C) (Prioridade: 1 - Alta);1CIA IND/2CIA/1PEL(PASSOS);UR00565;Não;Não;Não;BOLETIM DE OCORRENCIA;Classificada;04/01/2025 08:00;Não
2025-37247426-5;(BM) 2025-000426606-001;04/01/2025 08:46;RUA ELZA DA COSTA FIGUEIREDO, Nº S/N - PARQUE DAS AROEIRAS - PASSOS;-207.209.832;-466.268.612;P02011 - VISTORIA EM ENXAME DE INSETOS (C) (Prioridade: 2 - Média);1CIA IND/2CIA/1PEL(PASSOS);ASL06087;Não;Não;Não;BOLETIM DE OCORRENCIA;Classificada;05/01/2025 07:49;Não
2025-37249022-7;(BM) 2025-000440534-001;04/01/2025 12:00;RUA BARTOLOMEU DE GUSMAO, Nº 413 - BELO HORIZONTE - PASSOS;-207.275.206;-466.094.232;V01007 - VITIMA COM DISPNEIA (FALTA DE AR) (C) (Prioridade: 1 - Alta);1CIA IND/2CIA/1PEL(PASSOS);UR00565;Não;Não;Não;BOLETIM DE OCORRENCIA;Classificada;05/01/2025 07:48;Não
2025-37254818-5;(BM) 2025-000509176-001;04/01/2025 19:59;RUA DO MEIO, Nº 228 - NOVO HORIZONTE - PASSOS;-207.340.271;-466.013.465;V01003 - VITIMA COM CRISE CONVULSIVA (C) (Prioridade: 1 - Alta);1CIA IND/2CIA/1PEL(PASSOS);UR00565;Não;Não;Não;BOLETIM DE OCORRENCIA;Classificada;05/01/2025 07:48;Não
2025-37255102-9;(BM) 2025-000509295-001;04/01/2025 20:19;RUA CAETES, Nº 421 - NOSSA SENHORA APARECIDA - PASSOS;-207.431.102;-46.604.766;V01025 - VITIMA DE USO / ABUSO / DEPENDENCIA DE DROGAS / ALCOOL (C) (Prioridade: 1 - Alta);1CIA IND/2CIA/1PEL(PASSOS);UR00565;Não;Não;Não;BOLETIM DE OCORRENCIA;Classificada;05/01/2025 07:48;Não
2025-37260410-0;(BM) 2025-000539499-002 / (PM) 2025-000539499-001;05/01/2025 02:16;RUA JAIR FRANCA MARQUETO, Nº 90 - COHAB 3 - PASSOS;-207.051.492;-466.250.055;S04021 - RECUPERACAO DE BENS EM LOCAL DE DIFICIL ACESSO (C) (Prioridade: 2 - Média);1CIA IND/2CIA/1PEL(PASSOS);ASL06087;Não;Não;Não;BOLETIM DE OCORRENCIA;Classificada;05/01/2025 07:48;Não
2025-37260970-4;;05/01/2025 03:37;RUA VIRGINIA, Nº 131 - COHAB 2 - PASSOS;-207.111.209;-466.292.846;V01004 - VITIMA COM CRISE DIABETICA / HIPOGLICEMIA (C) (Prioridade: 1 - Alta);1CIA IND/2CIA/1PEL(PASSOS);UR00565;Não;Não;Não;ATENDIDA PELO SAMU;Classificada;05/01/2025 04:23;Não
2025-37261646-1;(BM) 2025-000547090-001;05/01/2025 06:47;RUA NOSSA SENHORA DE FATIMA, Nº 1040 - JARDIM ELAINE - PASSOS;-2.069.553;-466.159.519;V01013 - VITIMA DE EMERGENCIAS PSIQUIATRICAS (C) (Prioridade: 1 - Alta);1CIA IND/2CIA/1PEL(PASSOS);UR00565;Não;Não;Não;BOLETIM DE OCORRENCIA;Classificada;05/01/2025 07:48;Não
2025-37263028-3;(BM) 2025-000557826-001;05/01/2025 10:19;AVENIDA SABIA, Nº 515 - PARQUE DA FAZENDA - PASSOS;-207.377.913;-466.102.353;S06001 - SALVAMENTO DE ANIMAL EM RISCO / PERIGO (C) (Prioridade: 2 - Média);1CIA IND/2CIA/1PEL(PASSOS);ASL06087;Não;Não;Não;BOLETIM DE OCORRENCIA;Classificada;06/01/2025 05:46;Não
2025-37263296-2;(BM) 2025-000569153-001;05/01/2025 10:57;AVENIDA JK, Nº S/N - MONSENHOR MESSIAS - PASSOS;-207.342.178;-465.979.772;V01003 - VITIMA COM CRISE CONVULSIVA (C) (Prioridade: 1 - Alta);1CIA IND/2CIA/1PEL(PASSOS);UR00565;Não;Não;Não;BOLETIM DE OCORRENCIA;Classificada;06/01/2025 05:46;Não
2025-37263702-1;(BM) 2025-000565638-001;05/01/2025 11:52;RUA DEZOITO DE SETEMBRO, Nº 171 - PENHA - PASSOS;-207.151.699;-466.227.065;P02011 - VISTORIA EM ENXAME DE INSETOS (C) (Prioridade: 2 - Média);1CIA IND/2CIA/1PEL(PASSOS);ASL06087;Não;Não;Não;BOLETIM DE OCORRENCIA;Classificada;06/01/2025 05:46;Não
2025-37263964-8;(BM) 2025-000566918-001;05/01/2025 12:35;RUA SARGENTO JOSE EMIDIO DE OLIVEIRA, Nº 27 - JARDIM SATELITE - PASSOS;-207.131.074;-466.201.234;V01007 - VITIMA COM DISPNEIA (FALTA DE AR) (C) (Prioridade: 1 - Alta);1CIA IND/2CIA/1PEL(PASSOS);UR00565;Não;Não;Não;BOLETIM DE OCORRENCIA;Classificada;06/01/2025 05:46;Não
2025-37265136-7;(BM) 2025-000584872-001;05/01/2025 14:42;RUA PRATAPOLIS, Nº 968 - NOSSA SENHORA DE FATIMA - PASSOS;-206.985.185;-466.124.116;V01008 - VITIMA COM DOR ABDOMINAL (ABDOME AGUDO) (C) (Prioridade: 1 - Alta);1CIA IND/2CIA/1PEL(PASSOS);UR00565;Não;Não;Não;BOLETIM DE OCORRENCIA;Classificada;06/01/2025 05:46;Não
2025-37266121-5;(BM) 2025-000597919-001;05/01/2025 15:48;RUA JOSE MARIANO NEGRINHO, Nº S/N - COHAB 5 - PASSOS;-207.181.611;-466.384.178;V03005 - VITIMA DE AGRESSAO FISICA SEM USO DE ARMA (C) (Prioridade: 1 - Alta);1CIA IND/2CIA/1PEL(PASSOS);UR00565;Não;Não;Não;BOLETIM DE OCORRENCIA;Classificada;06/01/2025 05:46;Não
2025-37267421-4;(BM) 2025-000599686-001;05/01/2025 17:19;ESTRADA JULIEIRA / RUA PROFESSORA EUNICE S SILVEIRA - NOVA CALIFORNIA - PASSOS;-207.000.199;-466.271.821;S05308 - COLISAO ENTRE AUTOMOVEL X MOTOCICLETA (C) (Prioridade: 1 - Alta);1CIA IND/2CIA/1PEL(PASSOS);UR00565;Não;Não;Não;BOLETIM DE OCORRENCIA;Classificada;06/01/2025 05:47;Não
2025-37267404-5;(PM) 2025-000605406-001;05/01/2025 17:19;ESTRADA JULIEIRA, Nº S/N - NOVA CALIFORNIA - PASSOS;-207.018.793;-466.242.379;W98011 - SOLICITACAO DE APOIO (C) (Prioridade: 1 - Alta);1CIA IND/2CIA/1PEL(PASSOS);;Não;Não;Não;DUPLICADA;Classificada;05/01/2025 19:00;Não
2025-37268889-1;(BM) 2025-000611009-017;05/01/2025 19:08;PORTO SJB0242 - DA BARRA - BALSA DE SAO JOSE DA BARRA A GUAPE, Nº S/N - SAO JOSE DA BARRA;-207.363.053;-461.345.333;S02003 - AFOGAMENTO EM LAGO / LAGOA / REPRESA (C) (Prioridade: 1 - Alta);1CIA IND/2CIA/1PEL(PASSOS);ASL06087 / BM1256205 / ASL08006 / ASM00258 / ASL02167 / UR05589 / BM1765551;Não;Não;Não;BOLETIM DE OCORRENCIA;Classificada;19/01/2025 07:33;Não
2025-37269565-5;(BM) 2025-000615784-001;05/01/2025 19:53;RUA DEZOITO DE SETEMBRO, Nº 171 - PENHA - PASSOS;-207.151.699;-466.227.065;S06006 - EXTERMINIO DE INSETOS (C) (Prioridade: 2 - Média);1CIA IND/2CIA/1PEL(PASSOS);ABTS00495;Não;Não;Não;BOLETIM DE OCORRENCIA;Classificada;06/01/2025 05:46;Não
2025-37274845-0;(BM) 2025-000662800-001;06/01/2025 06:38;RUA JOSE NOGUEIRA SOUZA, Nº 475 - JARDIM CANADA II - PASSOS;-207.548.815;-466.106.571;S06001 - SALVAMENTO DE ANIMAL EM RISCO / PERIGO (C) (Prioridade: 2 - Média);1CIA IND/2CIA/1PEL(PASSOS);ABTS00495;Não;Não;Não;BOLETIM DE OCORRENCIA;Classificada;07/01/2025 01:16;Não
2025-37276756-3;(BM) 2025-000686025-001;06/01/2025 10:12;RUA JERONIMO NETO, Nº 832 - VILA RICA - PASSOS;-207.267.688;-465.996.012;V01023 - VITIMA DE SINCOPE (DESMAIO)/VERTIGEM (C) (Prioridade: 1 - Alta);1CIA IND/2CIA/1PEL(PASSOS);UR00565;Não;Não;Não;BOLETIM DE OCORRENCIA;Classificada;07/01/2025 07:03;Não
2025-37278787-8;(BM) 2025-000713690-001;06/01/2025 13:16;RUA DOUTOR MANOEL PATTI, Nº 40 - PASSOS;-207.229.549;-466.077.218;S03003 - SALVAMENTO EM CASA (C) (Prioridade: 1 - Alta);1CIA IND/2CIA/1PEL(PASSOS);ABTS00495;Não;Não;Não;BOLETIM DE OCORRENCIA;Classificada;07/01/2025 07:03;Não
2025-37278802-0;(BM) 2025-000751430-001;06/01/2025 13:17;AVENIDA JUCA STOCKLER, Nº 974 - BELO HORIZONTE - PASSOS;-207.323.228;-466.041.439;P01001 - VISTORIA DE FISCALIZACAO (C) (Prioridade: 2 - Média);1CIA IND/2CIA/PEL PREV E VIST(PASSOS);APF01362;Não;Não;Não;BOLETIM DE OCORRENCIA;Classificada;07/01/2025 07:03;Não
2025-37279252-6;(BM) 2025-000712053-001;06/01/2025 13:49;AVENIDA DONA LIQUINHA SILVEIRA, Nº 585 - COHAB 1 - PASSOS;-207.105.181;-466.249.103;P01001 - VISTORIA DE FISCALIZACAO (C) (Prioridade: 2 - Média);1CIA IND/2CIA/PEL PREV E VIST(PASSOS);APF01362;Não;Não;Não;BOLETIM DE OCORRENCIA;Classificada;07/01/2025 07:03;Não
2025-37279809-4;(BM) 2025-002959998-001;06/01/2025 14:26;AVENIDA COMENDADOR FRANCISCO A MAIA, Nº 2796 - MARIO MAGALHAES - PASSOS;-207.237.324;-466.124.476;P01001 - VISTORIA DE FISCALIZACAO (C) (Prioridade: 2 - Média);1CIA IND/2CIA/PEL PREV E VIST(PASSOS);APF01362;Não;Não;Não;BOLETIM DE OCORRENCIA;Classificada;07/01/2025 07:03;Não
2025-37279969-0;(BM) 2025-000736901-001;06/01/2025 14:32;RUA CAPITOLIO, Nº 430 - MUARAMA 2 - PASSOS;-207.326.534;-466.144.539;V01022 - VITIMA PARTURIENTE / EMERGENCIAS OBSTETRICAS (C) (Prioridade: 1 - Alta);1CIA IND/2CIA/1PEL(PASSOS);UR00565;Não;Não;Não;BOLETIM DE OCORRENCIA;Classificada;07/01/2025 07:03;Não
2025-37281381-1;(BM) 2025-000739147-001;06/01/2025 15:43;AVENIDA COMENDADOR FRANCISCO A MAIA, Nº 2808 - MARIO MAGALHAES - PASSOS;-207.238.276;-466.124.024;P01001 - VISTORIA DE FISCALIZACAO (C) (Prioridade: 2 - Média);1CIA IND/2CIA/PEL PREV E VIST(PASSOS);APF01362;Não;Não;Não;BOLETIM DE OCORRENCIA;Classificada;07/01/2025 07:03;Não
2025-37284343-9;(BM) 2025-000773232-001;06/01/2025 18:44;RUA GARCA, Nº 19 - NOSSA SENHORA DAS GRAÇAS - PASSOS;-207.385.436;-466.035.162;S06002 - CAPTURA DE ANIMAL SILVESTRE PERIGOSO / AGRESSIVO (C) (Prioridade: 2 - Média);1CIA IND/2CIA/1PEL(PASSOS);ASL06087;Não;Não;Não;BOLETIM DE OCORRENCIA;Classificada;07/01/2025 07:04;Não
2025-37284357-3;(BM) 2025-000776383-001;06/01/2025 18:48;RUA BARIRIS, Nº 922 - JARDIM ITALIA - PASSOS;-207.487.528;-466.029.331;V01023 - VITIMA DE SINCOPE (DESMAIO)/VERTIGEM (C) (Prioridade: 1 - Alta);1CIA IND/2CIA/1PEL(PASSOS);UR00565;Não;Não;Não;BOLETIM DE OCORRENCIA;Classificada;07/01/2025 07:03;Não
2025-37286816-0;(BM) 2025-000831028-001;06/01/2025 20:09;RUA MATO GROSSO, Nº 1073 - SANTA LUZIA - PASSOS;-207.087.439;-466.008.177;V03018 - VITIMA DE QUEDA DA PROPRIA ALTURA (C) (Prioridade: 1 - Alta);1CIA IND/2CIA/1PEL(PASSOS);UR00565;Não;Não;Não;BOLETIM DE OCORRENCIA;Classificada;07/01/2025 07:03;Não
2025-37287571-0;;06/01/2025 21:02;RUA VIRGINIA, Nº 221 - COHAB 2 - PASSOS;-207.110.678;-466.303.195;V01006 - VITIMA COM DIFICULDADE DE LOCOMOCAO (C) (Prioridade: 1 - Alta);1CIA IND/2CIA/1PEL(PASSOS);;Não;Não;Não;ATENDIDA PELO SAMU;Classificada;06/01/2025 21:16;Não
2025-37288030-5;(BM) 2025-000808716-001;06/01/2025 21:35;ESTRADA JULIEIRA, Nº S/N - NOVA CALIFORNIA - PASSOS;-207.018.793;-466.242.379;O02003 - INCENDIO EM EDIFICACAO COMERCIAL (C) (Prioridade: 1 - Alta);1CIA IND/2CIA/1PEL(PASSOS);ABTS00495;Não;Não;Não;BOLETIM DE OCORRENCIA;Classificada;07/01/2025 07:03;Não
2025-37291721-4;(BM) 2025-000835750-001;07/01/2025 06:19;RUA DA GRACA / RUA KANSAS - RESIDENCIAL ELDORADO - PASSOS;-207.285.298;-466.194.763;S06001 - SALVAMENTO DE ANIMAL EM RISCO / PERIGO (C) (Prioridade: 2 - Média);1CIA IND/2CIA/1PEL(PASSOS);ASL06087;Não;Não;Não;BOLETIM DE OCORRENCIA;Classificada;07/01/2025 07:16;Não
2025-37293800-0;(BM) 2025-000863393-001;07/01/2025 10:16;RUA GAIVOTA, Nº 94 - NOSSA SENHORA DAS GRAÇAS - PASSOS;-20.738.164;-46.604.604;P03002 - PERIGO DE ELETROCUSSAO (C) (Prioridade: 2 - Média);1CIA IND/2CIA/1PEL(PASSOS);ABTS00495;Não;Não;Não;BOLETIM DE OCORRENCIA;Classificada;08/01/2025 07:07;Não
2025-37294221-8;(BM) 2025-000863443-001;07/01/2025 10:48;RUA EQUADOR, Nº 374 - POLIVALENTE - PASSOS;-207.056.153;-466.053.095;V01008 - VITIMA COM DOR ABDOMINAL (ABDOME AGUDO) (C) (Prioridade: 1 - Alta);1CIA IND/2CIA/1PEL(PASSOS);UR00565;Não;Não;Não;BOLETIM DE OCORRENCIA;Classificada;08/01/2025 07:08;Não
2025-37295696-0;(BM) 2025-000942836-001;07/01/2025 13:14;AVENIDA AROUCA, Nº 326 - CENTRO - PASSOS;-207.167.995;-466.088.723;V02103 - VITIMA DE ATROPELAMENTO POR AUTOMOVEL (CARRO / CAMINHONETE) (C) (Prioridade: 1 - Alta);1CIA IND/2CIA/1PEL(PASSOS);UR00565;Não;Não;Não;BOLETIM DE OCORRENCIA;Classificada;08/01/2025 07:08;Não
2025-37295757-3;(BM) 2025-000881395-001;07/01/2025 13:19;RUA IZAIAS DE FARIA, Nº 479 - ALPINOPOLIS;-208.564.667;-463.830.947;P01002 - VISTORIA DE LIBERACAO / EMISSAO DE AVCB (C) (Prioridade: 2 - Média);1CIA IND/2CIA/PEL PREV E VIST(PASSOS);APF01362;Não;Não;Não;BOLETIM DE OCORRENCIA;Classificada;08/01/2025 07:07;Não
2025-37297189-3;(BM) 2025-000899070-001;07/01/2025 14:49;RUA ANTONIO ANACLETO DE REZENDE, Nº 222 - ALPINOPOLIS;-208.628.689;-463.915.109;P01001 - VISTORIA DE FISCALIZACAO (C) (Prioridade: 2 - Média);1CIA IND/2CIA/PEL PREV E VIST(PASSOS);APF01362;Não;Não;Não;BOLETIM DE OCORRENCIA;Classificada;08/01/2025 07:07;Não
2025-37297876-3;(BM) 2025-000908779-001;07/01/2025 15:24;RUA rua dez, Nº 8 - São Bento - ALPINOPOLIS;;;P01001 - VISTORIA DE FISCALIZACAO (C) (Prioridade: 2 - Média);1CIA IND/2CIA/PEL PREV E VIST(PASSOS);APF01362;Não;Não;Não;BOLETIM DE OCORRENCIA;Classificada;08/01/2025 07:08;Não
2025-37299199-8;(BM) 2025-000925475-001;07/01/2025 16:37;RUA SALDANHA DA GAMA, Nº 31 - SANTA CASA - PASSOS;-207.139.673;-466.140.331;V01007 - VITIMA COM DISPNEIA (FALTA DE AR) (C) (Prioridade: 1 - Alta);1CIA IND/2CIA/1PEL(PASSOS);UR00565;Não;Não;Não;BOLETIM DE OCORRENCIA;Classificada;08/01/2025 07:08;Não
2025-37299669-0;(BM) 2025-000942892-001;07/01/2025 17:03;RUA D, Nº 26 - CONDOMINIO ESTRELA - PASSOS;;;V01007 - VITIMA COM DISPNEIA (FALTA DE AR) (C) (Prioridade: 1 - Alta);1CIA IND/2CIA/1PEL(PASSOS);UR00565;Não;Não;Não;BOLETIM DE OCORRENCIA;Classificada;08/01/2025 07:08;Não
2025-37300949-7;(BM) 2025-000947882-001;07/01/2025 18:30;RODOVIA PSS0140 - MG 050, Nº S/N - PASSOS;-207.351.074;-465.719.703;V01006 - VITIMA COM DIFICULDADE DE LOCOMOCAO (C) (Prioridade: 1 - Alta);1CIA IND/2CIA/1PEL(PASSOS);UR00565;Não;Não;Não;BOLETIM DE OCORRENCIA;Classificada;08/01/2025 07:08;Não
2025-37305910-9;(BM) 2025-001005762-001;08/01/2025 00:26;AVENIDA PENHA, Nº 361 - PENHA - PASSOS;-207.156.597;-466.239.165;S06001 - SALVAMENTO DE ANIMAL EM RISCO / PERIGO (C) (Prioridade: 2 - Média);1CIA IND/2CIA/1PEL(PASSOS);ASL06087;Não;Não;Não;BOLETIM DE OCORRENCIA;Classificada;08/01/2025 07:08;Não
2025-37307540-2;(BM) 2025-001009403-001;08/01/2025 06:56;RODOVIA MG 050, Nº S/N - SANTA TEREZINHA - ITAU DE MINAS;-207.498.551;-467.534.723;S06001 - SALVAMENTO DE ANIMAL EM RISCO / PERIGO (C) (Prioridade: 2 - Média);1CIA IND/2CIA/1PEL(PASSOS);ASL06087;Não;Não;Não;BOLETIM DE OCORRENCIA;Classificada;08/01/2025 07:59;Não
2025-37308489-2;(BM) 2025-001018486-001;08/01/2025 08:59;LUGAREJO BRU0174 - CORREGO DO FEIJAO, Nº S/N - BRUMADINHO;-201.357.485;-441.091.274;X03000 - EMPENHO ADMINISTRATIVO (C) (Prioridade: 2 - Média);1CIA IND/2CIA/1PEL(PASSOS);BM1638089;Não;Não;Não;BOLETIM DE OCORRENCIA;Classificada;16/01/2025 07:52;Não
2025-37308581-5;(BM) 2025-001018997-001;08/01/2025 09:04;RUA PADRE LEOPOLDO MAIMONE, Nº 811 - CARMO DO RIO CLARO;-209.786.108;-461.224.474;P01002 - VISTORIA DE LIBERACAO / EMISSAO DE AVCB (C) (Prioridade: 2 - Média);1CIA IND/2CIA/PEL PREV E VIST(PASSOS);APF01362;Não;Não;Não;BOLETIM DE OCORRENCIA;Classificada;09/01/2025 07:03;Não
2025-37309287-3;(BM) 2025-001036789-001;08/01/2025 10:06;RUA JESO RIBEIRO DE ABREU, Nº 31 - NOVA CALIFORNIA - PASSOS;-20.701.692;-466.195.973;W03000 - SOLICITANTE ENCONTRADO - PROVIDENCIA DISPENSADA (C) (Prioridade: 3 - Baixa);1CIA IND/2CIA/1PEL(PASSOS);UR00565;Não;Não;Não;BOLETIM DE OCORRENCIA;Classificada;09/01/2025 07:03;Não
2025-37310697-2;(BM) 2025-001045708-001;08/01/2025 12:00;RUA LOPES, Nº 630 - JARDIM NOSSA SENHORA DO ROSARIO - CARMO DO RIO CLARO;-209.732.973;-461.012.208;P01001 - VISTORIA DE FISCALIZACAO (C) (Prioridade: 2 - Média);1CIA IND/2CIA/PEL PREV E VIST(PASSOS);APF01362;Não;Não;Não;BOLETIM DE OCORRENCIA;Classificada;09/01/2025 07:03;Não
2025-37311530-2;(BM) 2025-001054501-001;08/01/2025 13:29;RUA PADRE LEOPOLDO MAIMONE, Nº 811 - CARMO DO RIO CLARO;-209.786.108;-461.224.474;P01001 - VISTORIA DE FISCALIZACAO (C) (Prioridade: 2 - Média);1CIA IND/2CIA/PEL PREV E VIST(PASSOS);APF01362;Não;Não;Não;BOLETIM DE OCORRENCIA;Classificada;09/01/2025 07:03;Não
2025-37317155-8;(BM) 2025-001121313-001;08/01/2025 19:22;RUA GUANABARA, Nº 754 - POLIVALENTE - PASSOS;-207.019.158;-466.039.296;V01018 - VITIMA DE MAL NAO DEFINIDO (DISTURBIO) (C) (Prioridade: 1 - Alta);1CIA IND/2CIA/1PEL(PASSOS);UR00565;Não;Não;Não;BOLETIM DE OCORRENCIA;Classificada;09/01/2025 07:03;Não
2025-37317447-3;(BM) 2025-001123970-001;08/01/2025 19:41;RUA DOUTOR CARVALHO, Nº S/N - CENTRO - PASSOS;-207.218.279;-466.083.676;X03000 - EMPENHO ADMINISTRATIVO (C) (Prioridade: 2 - Média);1CIA IND/2CIA/1PEL(PASSOS);ASL06087;Não;Não;Não;BOLETIM DE OCORRENCIA;Classificada;09/01/2025 07:03;Não
2025-37317750-1;(BM) 2025-001129833-001;08/01/2025 19:58;RUA SANTA LUZIA, Nº 124 - CANDEIAS - PASSOS;-207.236.708;-466.153.861;V03019 - VITIMA DE QUEDA DE ALTURA (C) (Prioridade: 1 - Alta);1CIA IND/2CIA/1PEL(PASSOS);UR00565;Não;Não;Não;BOLETIM DE OCORRENCIA;Classificada;09/01/2025 07:03;Não
2025-37317919-0;(BM) 2025-001133411-001;08/01/2025 20:11;RUA PORTUGAL, Nº 235 - NOVO MUNDO - PASSOS;-20.726.665;-465.922.563;P02011 - VISTORIA EM ENXAME DE INSETOS (C) (Prioridade: 2 - Média);1CIA IND/2CIA/1PEL(PASSOS);ASL06087;Não;Não;Não;BOLETIM DE OCORRENCIA;Classificada;09/01/2025 07:03;Não
2025-37321688-3;(BM) 2025-001181751-001;09/01/2025 00:40;RUA BRANDOES, Nº 374 - BELO HORIZONTE - PASSOS;-207.270.058;-466.058.849;V01018 - VITIMA DE MAL NAO DEFINIDO (DISTURBIO) (C) (Prioridade: 1 - Alta);1CIA IND/2CIA/1PEL(PASSOS);UR00565;Não;Não;Não;BOLETIM DE OCORRENCIA;Classificada;09/01/2025 07:02;Não
2025-37323001-9;(BM) 2025-001179107-001;09/01/2025 05:45;RODOVIA MG 050, Nº S/N - PASSOS;-207.372.242;-466.331.087;P03001 - PERIGO DE DERRAPAGEM (C) (Prioridade: 2 - Média);1CIA IND/2CIA/1PEL(PASSOS);ABTS00495;Não;Não;Não;BOLETIM DE OCORRENCIA;Classificada;09/01/2025 07:03;Não
2025-37325623-0;(BM) 2025-001235339-001;09/01/2025 10:56;AVENIDA COMENDADOR FRANCISCO A MAIA, Nº 2420 - CANDEIAS - PASSOS;-207.201.421;-466.133.147;V02403 - VITIMA DE COLISAO ENTRE AUTOMOVEIS (CARRO / CAMINHONETE) (C) (Prioridade: 1 - Alta);1CIA IND/2CIA/1PEL(PASSOS);UR00565;Não;Não;Não;BOLETIM DE OCORRENCIA;Classificada;10/01/2025 07:44;Não
2025-37327152-6;(BM) 2025-001226799-001;09/01/2025 13:30;RUA TIRADENTES, Nº 20 - CANJERANUS - PASSOS;-207.130.064;-466.074.372;V01007 - VITIMA COM DISPNEIA (FALTA DE AR) (C) (Prioridade: 1 - Alta);1CIA IND/2CIA/1PEL(PASSOS);UR00565;Não;Não;Não;BOLETIM DE OCORRENCIA;Classificada;10/01/2025 07:44;Não
2025-37328401-4;(PM) 2025-001262121-001;09/01/2025 14:47;RUA PARA, Nº 1149 - BELA VISTA - PASSOS;-207.135.421;-466.002.821;W98011 - SOLICITACAO DE APOIO (C) (Prioridade: 1 - Alta);1CIA IND/2CIA/1PEL(PASSOS);;Não;Não;Não;ATENDIDA PELO SAMU;Classificada;09/01/2025 16:52;Não
2025-37328595-2;(BM) 2025-001245700-001;09/01/2025 14:58;RUA MATO GROSSO, Nº S/N - SANTA LUZIA - PASSOS;-207.079.603;-466.019.731;V03018 - VITIMA DE QUEDA DA PROPRIA ALTURA (C) (Prioridade: 1 - Alta);1CIA IND/2CIA/1PEL(PASSOS);UR00565;Não;Não;Não;BOLETIM DE OCORRENCIA;Classificada;10/01/2025 07:44;Não
2025-37330375-9;(BM) 2025-001273398-001;09/01/2025 16:28;RUA SANTA INES, Nº 356 - BELO HORIZONTE - PASSOS;-207.274.423;-466.081.621;V02502 - VITIMA DE QUEDA (MOTOCICLISTA) (C) (Prioridade: 1 - Alta);1CIA IND/2CIA/1PEL(PASSOS);UR00565;Não;Não;Não;BOLETIM DE OCORRENCIA;Classificada;10/01/2025 07:44;Não
2025-37334832-0;(BM) 2025-001323315-001 / (PM) 2025-001323315-002;09/01/2025 21:20;RUA JOAO PIMENTA, Nº 61 - SAO BENEDITO - PASSOS;-207.218.093;-466.012.072;O02001 - INCENDIO EM RESIDENCIA/HABITACAO UNIFAMILIAR (CASA) (C) (Prioridade: 1 - Alta);1CIA IND/2CIA/1PEL(PASSOS);ABTS00495;Não;Não;Não;BOLETIM DE OCORRENCIA;Classificada;10/01/2025 07:44;Não
2025-37338467-9;(BM) 2025-001348949-001;10/01/2025 03:41;RUA JOAO XXIII, Nº 1144 - NOSSA SENHORA DAS GRAÇAS - PASSOS;-207.366.577;-466.057.291;V01018 - VITIMA DE MAL NAO DEFINIDO (DISTURBIO) (C) (Prioridade: 1 - Alta);1CIA IND/2CIA/1PEL(PASSOS);UR00565;Não;Não;Não;BOLETIM DE OCORRENCIA;Classificada;10/01/2025 07:44;Não
2025-37339536-5;(BM) 2025-001371300-001;10/01/2025 08:14;RUA CANJERANUS / RUA GUANABARA - POLIVALENTE - PASSOS;-207.037.902;-466.017.833;V01003 - VITIMA COM CRISE CONVULSIVA (C) (Prioridade: 1 - Alta);1CIA IND/2CIA/1PEL(PASSOS);UR00565;Não;Não;Não;BOLETIM DE OCORRENCIA;Classificada;11/01/2025 06:34;Não
2025-37340055-4;(BM) 2025-001367750-001;10/01/2025 09:02;AVENIDA COMENDADOR FRANCISCO A MAIA, Nº 2796 - MARIO MAGALHAES - PASSOS;-207.237.324;-466.124.476;P01001 - VISTORIA DE FISCALIZACAO (C) (Prioridade: 2 - Média);1CIA IND/2CIA/PEL PREV E VIST(PASSOS);APF01362;Não;Não;Não;BOLETIM DE OCORRENCIA;Classificada;11/01/2025 06:36;Não
2025-37340346-7;(BM) 2025-001367722-001;10/01/2025 09:29;AVENIDA MONTESE, Nº 741 - SERRA DAS BRISAS - PASSOS;-20.718.798;-465.932.123;P01001 - VISTORIA DE FISCALIZACAO (C) (Prioridade: 2 - Média);1CIA IND/2CIA/PEL PREV E VIST(PASSOS);APF01362;Não;Não;Não;BOLETIM DE OCORRENCIA;Classificada;11/01/2025 06:36;Não
2025-37340378-3;(BM) 2025-001368545-002;10/01/2025 09:31;RUA JOSE MARQUES GONCALVES, Nº 180 - PASSOS;-20.722.613;-46.585.148;P02011 - VISTORIA EM ENXAME DE INSETOS (C) (Prioridade: 3 - Baixa);1CIA IND/2CIA/1PEL(PASSOS);ABTS00495 / ASL06087;Não;Não;Não;BOLETIM DE OCORRENCIA;Classificada;11/01/2025 06:36;Não
2025-37342917-7;(BM) 2025-001398385-001;10/01/2025 13:23;PRACA OSVALDO AMERICO DOS REIS, Nº S/N - CENTRO - ALPINOPOLIS;-208.632.921;-463.895.028;P01003 - VISTORIA EM EVENTOS TEMPORARIOS (C) (Prioridade: 1 - Alta);1CIA IND/2CIA/PEL PREV E VIST(PASSOS);APF01362;Não;Não;Não;BOLETIM DE OCORRENCIA;Classificada;11/01/2025 06:34;Não
2025-37343580-0;(BM) 2025-001460599-001;10/01/2025 14:12;RODOVIA MGC 146, Km 352 - PASSOS;-206.646.188;-46.538.788;P02011 - VISTORIA EM ENXAME DE INSETOS (C) (Prioridade: 2 - Média);1CIA IND/2CIA/1PEL(PASSOS);ABTS00495;Não;Não;Não;BOLETIM DE OCORRENCIA;Classificada;11/01/2025 06:34;Não
2025-37344069-0;(BM) 2025-001412534-001;10/01/2025 14:38;PRACA OSVALDO AMERICO DOS REIS, Nº 205 - CENTRO - ALPINOPOLIS;-208.633.916;-463.880.003;P01001 - VISTORIA DE FISCALIZACAO (C) (Prioridade: 2 - Média);1CIA IND/2CIA/PEL PREV E VIST(PASSOS);APF01362;Não;Não;Não;BOLETIM DE OCORRENCIA;Classificada;11/01/2025 06:34;Não
2025-37344848-7;(BM) 2025-001428301-001;10/01/2025 15:17;RODOVIA MG 050, Km 378 - ITAU DE MINAS;-207.943.999;-467.847.897;V02204 - VITIMA DE CHOQUE DE CAMINHAO / CARRETA (C) (Prioridade: 1 - Alta);1CIA IND/2CIA/1PEL(PASSOS);UR00565;Não;Não;Não;BOLETIM DE OCORRENCIA;Classificada;11/01/2025 06:33;Não
2025-37347604-9;(BM) 2025-001453227-001;10/01/2025 18:00;RUA DOUTOR CARVALHO, Nº 1455 - NOSSA SENHORA DAS GRAÇAS - PASSOS;-207.352.269;-466.037.303;V01010 - VITIMA COM DOR TORACICA/SUSPEITA DE INFARTO (IAM) (C) (Prioridade: 1 - Alta);1CIA IND/2CIA/1PEL(PASSOS);UR00565;Não;Não;Não;BOLETIM DE OCORRENCIA;Classificada;11/01/2025 06:33;Não
2025-37347946-2;(BM) 2025-001458546-001;10/01/2025 18:21;RUA DAS AGUAS, Nº 560 - SERRA VERDE - PASSOS;;;V03018 - VITIMA DE QUEDA DA PROPRIA ALTURA (C) (Prioridade: 1 - Alta);1CIA IND/2CIA/1PEL(PASSOS);UR00565;Não;Não;Não;BOLETIM DE OCORRENCIA;Classificada;11/01/2025 06:33;Não
2025-37357441-2;(BM) 2025-001542721-001;11/01/2025 08:43;RUA MONTE SANTO, Nº 492 - PRIMAVERA UM - PASSOS;;;V01007 - VITIMA COM DISPNEIA (FALTA DE AR) (C) (Prioridade: 1 - Alta);1CIA IND/2CIA/1PEL(PASSOS);UR00565;Não;Não;Não;BOLETIM DE OCORRENCIA;Classificada;12/01/2025 06:50;Não
2025-37357946-9;(BM) 2025-001542800-001;11/01/2025 09:39;RUA DOS PROFESSORES, Nº 95 - NOSSA SENHORA DAS GRAÇAS - PASSOS;-207.381.795;-466.036.766;S06001 - SALVAMENTO DE ANIMAL EM RISCO / PERIGO (C) (Prioridade: 2 - Média);1CIA IND/2CIA/1PEL(PASSOS);ABTS00495;Não;Não;Não;BOLETIM DE OCORRENCIA;Classificada;12/01/2025 06:49;Não
2025-37359234-9;(BM) 2025-001596285-001;11/01/2025 12:02;RUA QUINZINHO FUNCHAL, Nº 101 - NOVA CALIFORNIA - PASSOS;-207.009.566;-466.199.257;P02011 - VISTORIA EM ENXAME DE INSETOS (C) (Prioridade: 2 - Média);1CIA IND/2CIA/1PEL(PASSOS);UR00565;Não;Não;Não;BOLETIM DE OCORRENCIA;Classificada;12/01/2025 06:49;Não
2025-37359483-3;(BM) 2025-001561427-001;11/01/2025 12:39;AVENIDA POCOS DE CALDAS / RUA PITANGUI - COHAB 2 - PASSOS;-20.711.769;-466.259.559;V02402 - VITIMA DE COLISAO ENTRE MOTOCICLETAS (C) (Prioridade: 1 - Alta);1CIA IND/2CIA/1PEL(PASSOS);UR00565;Não;Não;Não;BOLETIM DE OCORRENCIA;Classificada;12/01/2025 06:50;Não
2025-37360173-3;(BM) 2025-001563272-001;11/01/2025 13:58;RUA GOIAS, Nº 812 - SANTA LUZIA - PASSOS;-207.092.031;-466.029.564;V01006 - VITIMA COM DIFICULDADE DE LOCOMOCAO (C) (Prioridade: 1 - Alta);1CIA IND/2CIA/1PEL(PASSOS);UR00565;Não;Não;Não;BOLETIM DE OCORRENCIA;Classificada;12/01/2025 06:50;Não
2025-37364199-9;(BM) 2025-001634301-001;11/01/2025 18:23;RUA GOVERNADOR VALADARES, Nº 378 - CENTENARIO - PASSOS;-207.317.736;-46.614.303;S06002 - CAPTURA DE ANIMAL SILVESTRE PERIGOSO / AGRESSIVO (C) (Prioridade: 2 - Média);1CIA IND/2CIA/1PEL(PASSOS);ASL06087;Não;Não;Não;BOLETIM DE OCORRENCIA;Classificada;12/01/2025 06:49;Não
2025-37364810-7;(BM) 2025-001606633-001;11/01/2025 19:06;RUA QUINZINHO FUNCHAL, Nº 101 - NOVA CALIFORNIA - PASSOS;-207.009.566;-466.199.257;S06005 - CAPTURA DE INSETOS (C) (Prioridade: 2 - Média);1CIA IND/2CIA/1PEL(PASSOS);ASL06087;Não;Não;Não;BOLETIM DE OCORRENCIA;Classificada;12/01/2025 06:49;Não
2025-37366401-9;(BM) 2025-001624390-001;11/01/2025 20:37;AVENIDA SABIA, Nº S/N - MUARAMA 2 - PASSOS;-207.330.855;-466.157.928;S06001 - SALVAMENTO DE ANIMAL EM RISCO / PERIGO (C) (Prioridade: 2 - Média);1CIA IND/2CIA/1PEL(PASSOS);ASL06087;Não;Não;Não;BOLETIM DE OCORRENCIA;Classificada;12/01/2025 06:49;Não
2025-37366838-7;(BM) 2025-001624466-001;11/01/2025 21:06;RUA TEXAS, Nº 156 - RESIDENCIAL ELDORADO - PASSOS;-207.308.778;-466.242.685;V01023 - VITIMA DE SINCOPE (DESMAIO)/VERTIGEM (C) (Prioridade: 1 - Alta);1CIA IND/2CIA/1PEL(PASSOS);UR00565;Não;Não;Não;BOLETIM DE OCORRENCIA;Classificada;12/01/2025 06:50;Não
2025-37372560-7;(BM) 2025-001665791-001;12/01/2025 02:46;AVENIDA DONA LIQUINHA SILVEIRA, Nº 566 - COHAB 1 - PASSOS;-207.109.526;-466.247.814;V03018 - VITIMA DE QUEDA DA PROPRIA ALTURA (C) (Prioridade: 1 - Alta);1CIA IND/2CIA/1PEL(PASSOS);UR00565;Não;Não;Não;BOLETIM DE OCORRENCIA;Classificada;12/01/2025 06:50;Não
2025-37373723-5;(BM) 2025-001673170-001;12/01/2025 06:24;RUA CANOAS, Nº S/N - NOVO HORIZONTE - PASSOS;-207.335.074;-466.020.721;O02033 - INCENDIO EM AMONTOADO DE LIXO (C) (Prioridade: 2 - Média);1CIA IND/2CIA/1PEL(PASSOS);ABTS00495;Não;Não;Não;BOLETIM DE OCORRENCIA;Classificada;12/01/2025 07:34;Não
2025-37374775-4;(BM) 2025-001683085-001;12/01/2025 09:22;RUA PRATAPOLIS, Nº 968 - NOSSA SENHORA DE FATIMA - PASSOS;-206.985.185;-466.124.116;V01999 - OUTROS TIPOS DE APH CLINICO (C) (Prioridade: 1 - Alta);1CIA IND/2CIA/1PEL(PASSOS);UR00565;Não;Não;Não;BOLETIM DE OCORRENCIA;Classificada;12/01/2025 11:45;Não
2025-37375542-1;(BM) 2025-001689327-001;12/01/2025 10:48;RUA RIO GRANDE DO SUL, Nº 328 - BELA VISTA - PASSOS;-207.161.692;-465.989.054;V01018 - VITIMA DE MAL NAO DEFINIDO (DISTURBIO) (C) (Prioridade: 1 - Alta);1CIA IND/2CIA/1PEL(PASSOS);UR00565;Não;Não;Não;BOLETIM DE OCORRENCIA;Classificada;12/01/2025 11:45;Não
2025-37375994-3;(BM) 2025-001692619-001;12/01/2025 11:43;RODOVIA MG 050, Nº S/N - PASSOS;-207.372.242;-466.331.087;S06002 - CAPTURA DE ANIMAL SILVESTRE PERIGOSO / AGRESSIVO (C) (Prioridade: 2 - Média);1CIA IND/2CIA/1PEL(PASSOS);UR00565;Não;Não;Não;BOLETIM DE OCORRENCIA;Classificada;13/01/2025 07:02;Não
2025-37376607-0;(BM) 2025-001790421-001;12/01/2025 13:09;AVENIDA BRASILIA, Nº 404 - JARDIM PLANALTO - PASSOS;-207.187.829;-466.243.791;V01018 - VITIMA DE MAL NAO DEFINIDO (DISTURBIO) (C) (Prioridade: 1 - Alta);1CIA IND/2CIA/1PEL(PASSOS);UR00565;Não;Não;Não;BOLETIM DE OCORRENCIA;Classificada;13/01/2025 07:03;Não
2025-37381771-3;(BM) 2025-001757750-001;12/01/2025 19:21;RUA JOSE MARIANO NEGRINHO, Nº 252 - COHAB 4 - PASSOS;-207.185.205;-466.356.263;V02408 - VITIMA DE COLISAO ENTRE AUTOMOVEL X MOTOCICLETA (C) (Prioridade: 1 - Alta);1CIA IND/2CIA/1PEL(PASSOS);UR00565;Não;Não;Não;BOLETIM DE OCORRENCIA;Classificada;13/01/2025 07:03;Não
2025-37385928-5;(BM) 2025-001784935-001;12/01/2025 23:37;RODOVIA MG 050, Km 334 - PASSOS;-207.233.932;-464.046.505;S06008 - CORTE DE ARVORE CAIDA EM VIA PUBLICA (C) (Prioridade: 2 - Média);1CIA IND/2CIA/1PEL(PASSOS);ASL06087;Não;Não;Não;BOLETIM DE OCORRENCIA;Classificada;13/01/2025 07:03;Não
2025-37389316-0;(BM) 2025-001826806-001;13/01/2025 09:20;RUA SANTA CASA, Nº 215 - PASSOS;-207.184.427;-466.174.997;S06001 - SALVAMENTO DE ANIMAL EM RISCO / PERIGO (C) (Prioridade: 2 - Média);1CIA IND/2CIA/1PEL(PASSOS);ABTS00495;Não;Não;Não;BOLETIM DE OCORRENCIA;Classificada;14/01/2025 14:03;Não
2025-37390115-6;(BM) 2025-001836961-001;13/01/2025 10:26;RUA ALFERES JOAO PIMENTA DE ABREU, Nº 320 - MUARAMA 2 - PASSOS;-207.333.679;-466.103.518;V03018 - VITIMA DE QUEDA DA PROPRIA ALTURA (C) (Prioridade: 1 - Alta);1CIA IND/2CIA/1PEL(PASSOS);UR00565;Não;Não;Não;BOLETIM DE OCORRENCIA;Classificada;14/01/2025 14:06;Não
2025-37392076-7;(BM) 2025-001876361-001;13/01/2025 13:25;RUA LICO MARTINS, Nº 355 - NOVO HORIZONTE - SAO JOAO BATISTA GLORIA;-206.365.562;-465.033.709;P01001 - VISTORIA DE FISCALIZACAO (C) (Prioridade: 2 - Média);1CIA IND/2CIA/PEL PREV E VIST(PASSOS);APF01362;Não;Não;Não;BOLETIM DE OCORRENCIA;Classificada;14/01/2025 14:03;Não
2025-37394118-6;(BM) 2025-001876688-001;13/01/2025 15:21;PRACA DO CRUZEIRO, Nº 9 - CENTRO - SAO JOAO BATISTA GLORIA;-206.350.976;-465.060.243;P01001 - VISTORIA DE FISCALIZACAO (C) (Prioridade: 2 - Média);1CIA IND/2CIA/PEL PREV E VIST(PASSOS);APF01362;Não;Não;Não;BOLETIM DE OCORRENCIA;Classificada;14/01/2025 14:03;Não
2025-37395116-6;(BM) 2025-001889780-001;13/01/2025 16:13;RUA SANTA CASA, Nº 164 - SANTA CASA - PASSOS;-207.129.746;-466.123.199;Y40034 - TRANSPORTE AEREO INTER-HOSPITALAR SUS FACIL (C) (Prioridade: 1 - Alta);1CIA IND/2CIA/1PEL(PASSOS);UR00565;Não;Não;Não;BOLETIM DE OCORRENCIA;Classificada;14/01/2025 14:06;Não
2025-37399049-2;(BM) 2025-001932580-001;13/01/2025 20:14;RUA PRATAPOLIS, Nº 968 - NOSSA SENHORA DE FATIMA - PASSOS;-206.985.185;-466.124.116;V01008 - VITIMA COM DOR ABDOMINAL (ABDOME AGUDO) (C) (Prioridade: 1 - Alta);1CIA IND/2CIA/1PEL(PASSOS);UR00565;Não;Não;Não;BOLETIM DE OCORRENCIA;Classificada;14/01/2025 14:06;Não
2025-37402132-6;(BM) 2025-001974068-001;13/01/2025 23:50;RUA DA GRACA, Nº 818 - SAO FRANCISCO - PASSOS;-207.279.273;-46.619.545;W04000 - NADA CONSTATADO (C) (Prioridade: 3 - Baixa);1CIA IND/2CIA/1PEL(PASSOS);ASL06087;Não;Não;Não;BOLETIM DE OCORRENCIA;Classificada;14/01/2025 14:03;Não
2025-37402637-2;(BM) 2025-001973994-001;14/01/2025 00:40;RUA DOUTOR CARVALHO, Nº 1455 - NOSSA SENHORA DAS GRAÇAS - PASSOS;-207.352.269;-466.037.303;V03003 - VITIMA DE AGRESSAO FISICA COM ARMA BRANCA (C) (Prioridade: 1 - Alta);1CIA IND/2CIA/1PEL(PASSOS);UR00565;Não;Não;Não;BOLETIM DE OCORRENCIA;Classificada;15/01/2025 03:04;Não
2025-37404235-0;(BM) 2025-001993798-001;14/01/2025 07:37;RUA GARCA, Nº 232 - NOSSA SENHORA DAS GRAÇAS - PASSOS;-207.391.316;-466.056.135;V01010 - VITIMA COM DOR TORACICA/SUSPEITA DE INFARTO (IAM) (C) (Prioridade: 1 - Alta);1CIA IND/2CIA/1PEL(PASSOS);UR00565;Não;Não;Não;BOLETIM DE OCORRENCIA;Classificada;15/01/2025 07:59;Não
2025-37406584-0;(BM) 2025-002025892-001;14/01/2025 11:08;RODOVIA BR 464, Nº S/N - DELFINOPOLIS;-203.256.983;-468.473.584;S05201 - CAPOTAMENTO DE AUTOMOVEL (CARRO, CAMIONETA, CAMINHONETE) (C) (Prioridade: 1 - Alta);1CIA IND/2CIA/1PEL(PASSOS);UR00565;Não;Não;Não;BOLETIM DE OCORRENCIA;Classificada;15/01/2025 07:59;Não
2025-37407379-6;(BM) 2025-002025849-001;14/01/2025 12:29;RUA BAHIA, Nº 76 - BELA VISTA - PASSOS;-207.171.978;-466.016.476;S06001 - SALVAMENTO DE ANIMAL EM RISCO / PERIGO (C) (Prioridade: 2 - Média);1CIA IND/2CIA/1PEL(PASSOS);ABTS00495;Não;Não;Não;BOLETIM DE OCORRENCIA;Classificada;15/01/2025 08:00;Não
2025-37407635-4;(BM) 2025-002034840-001;14/01/2025 12:53;RUA GERALDO DE OLIVEIRA LIMA, Nº 78 - JARDIM PLANALTO - PASSOS;-207.213.631;-466.243.033;V03018 - VITIMA DE QUEDA DA PROPRIA ALTURA (C) (Prioridade: 1 - Alta);1CIA IND/2CIA/1PEL(PASSOS);UR00565;Não;Não;Não;BOLETIM DE OCORRENCIA;Classificada;15/01/2025 07:59;Não
2025-37408276-9;(BM) 2025-002034790-001;14/01/2025 13:46;RUA BOM SUCESSO, Nº 573 - CENTRO - PASSOS;;;V01018 - VITIMA DE MAL NAO DEFINIDO (DISTURBIO) (C) (Prioridade: 1 - Alta);1CIA IND/2CIA/1PEL(PASSOS);UR00565;Não;Não;Não;BOLETIM DE OCORRENCIA;Classificada;15/01/2025 07:59;Não
2025-37408584-0;(BM) 2025-002036011-001;14/01/2025 14:08;RUA PATATIVA, Nº 161 - SAO JOAO - PASSOS;-207.356.774;-466.089.934;P01001 - VISTORIA DE FISCALIZACAO (C) (Prioridade: 2 - Média);1CIA IND/2CIA/PEL PREV E VIST(PASSOS);APF01362;Não;Não;Não;BOLETIM DE OCORRENCIA;Classificada;15/01/2025 08:00;Não
2025-37409593-7;(BM) 2025-002123112-001;14/01/2025 15:01;RUA PORTO, Nº 11 - PORTO DO GLORIA - PASSOS;;;S06008 - CORTE DE ARVORE CAIDA EM VIA PUBLICA (C) (Prioridade: 2 - Média);1CIA IND/2CIA/1PEL(PASSOS);ABTS00495;Não;Não;Não;BOLETIM DE OCORRENCIA;Classificada;15/01/2025 08:00;Não
2025-37409607-0;(BM) 2025-002049233-001;14/01/2025 15:03;RUA CAPITOLIO, Nº 480 - MUARAMA 2 - PASSOS;-207.329.175;-466.139.655;P01001 - VISTORIA DE FISCALIZACAO (C) (Prioridade: 2 - Média);1CIA IND/2CIA/PEL PREV E VIST(PASSOS);APF01362;Não;Não;Não;BOLETIM DE OCORRENCIA;Classificada;15/01/2025 07:59;Não
2025-37410062-8;(BM) 2025-002156805-001;14/01/2025 15:27;RUA IMACULADA CONCEICAO, Nº 837 - COHAB 4 - PASSOS;-207.223.586;-466.323.967;V01003 - VITIMA COM CRISE CONVULSIVA (C) (Prioridade: 1 - Alta);1CIA IND/2CIA/1PEL(PASSOS);UR00565;Não;Não;Não;BOLETIM DE OCORRENCIA;Classificada;15/01/2025 07:59;Não
2025-37410924-0;(BM) 2025-002088516-002;14/01/2025 16:13;AVENIDA COMENDADOR FRANCISCO A MAIA, Nº 3661 - BELO HORIZONTE - PASSOS;-2.073.046;-466.082.084;P02011 - VISTORIA EM ENXAME DE INSETOS (C) (Prioridade: 2 - Média);1CIA IND/2CIA/1PEL(PASSOS);UR00565 / ABTS00495;Não;Não;Não;BOLETIM DE OCORRENCIA;Classificada;15/01/2025 07:59;Não
2025-37414799-1;(BM) 2025-002107122-001;14/01/2025 20:21;RODOVIA MG 050, Nº S/N - PASSOS;-207.372.242;-466.331.087;W06000 - TESTE (C) (Prioridade: 3 - Baixa);1CIA IND/2CIA/1PEL(PASSOS);1193;Não;Não;Não;BOLETIM DE OCORRENCIA;Classificada;15/01/2025 08:00;Não
2025-37416286-8;(BM) 2025-002122945-001;14/01/2025 22:07;RUA DOUTOR CARVALHO, Nº 1455 - NOSSA SENHORA DAS GRAÇAS - PASSOS;-207.352.269;-466.037.303;Q03017 - TREINAMENTO DE PRIMEIROS SOCORROS (C) (Prioridade: 2 - Média);1CIA IND/2CIA/1PEL(PASSOS);BM1551159;Não;Não;Não;BOLETIM DE OCORRENCIA;Classificada;15/01/2025 07:59;Não
2025-37416587-4;(BM) 2025-002127712-001;14/01/2025 22:25;RUA PAULO ROBERTO DOS SANTOS, Nº 61 - RESIDENCIAL RECANTO DOS PINHEIROS - PASSOS;-206.921.443;-466.110.562;V01022 - VITIMA PARTURIENTE / EMERGENCIAS OBSTETRICAS (C) (Prioridade: 2 - Média);1CIA IND/2CIA/1PEL(PASSOS);UR00565;Não;Não;Não;BOLETIM DE OCORRENCIA;Classificada;15/01/2025 07:59;Não
2025-37421256-6;(BM) 2025-002181902-001;15/01/2025 09:52;RUA FORMIGA, Nº 300 - MARIO MAGALHAES - PASSOS;-207.268.882;-466.125.403;V03018 - VITIMA DE QUEDA DA PROPRIA ALTURA (C) (Prioridade: 1 - Alta);1CIA IND/2CIA/1PEL(PASSOS);UR00565;Não;Não;Não;BOLETIM DE OCORRENCIA;Classificada;16/01/2025 07:52;Não
2025-37422354-0;(BM) 2025-002190509-001;15/01/2025 11:25;RUA TUPINIQUINS, Nº 50 - PASSOS;-207.335.293;-46.592.246;P01001 - VISTORIA DE FISCALIZACAO (C) (Prioridade: 2 - Média);1CIA IND/2CIA/PEL PREV E VIST(PASSOS);APF01362;Não;Não;Não;BOLETIM DE OCORRENCIA;Classificada;16/01/2025 07:52;Não
2025-37422698-0;(BM) 2025-002190602-001;15/01/2025 12:01;RUA PERUIBES, Nº 259 - SAO JOAQUIM - PASSOS;-207.435.296;-466.023.867;P01001 - VISTORIA DE FISCALIZACAO (C) (Prioridade: 2 - Média);1CIA IND/2CIA/PEL PREV E VIST(PASSOS);APF01362;Não;Não;Não;BOLETIM DE OCORRENCIA;Classificada;16/01/2025 07:52;Não
2025-37423786-0;;15/01/2025 13:57;REPRESA SJB0249 - DE FURNAS - ENSEADA  DA BARRA, Nº S/N - SAO JOSE DA BARRA;-207.985.319;-461.955.712;X03000 - EMPENHO ADMINISTRATIVO (C) (Prioridade: 2 - Média);1CIA IND/2CIA/1PEL(PASSOS);;Não;Não;Não;DUPLICADA;Classificada;15/01/2025 14:12;Não
2025-37425560-9;(BM) 2025-002238838-001;15/01/2025 15:35;RUA GARCA, Nº 232 - NOSSA SENHORA DAS GRAÇAS - PASSOS;-207.391.316;-466.056.135;V01010 - VITIMA COM DOR TORACICA/SUSPEITA DE INFARTO (IAM) (C) (Prioridade: 1 - Alta);1CIA IND/2CIA/1PEL(PASSOS);UR00565;Não;Não;Não;BOLETIM DE OCORRENCIA;Classificada;16/01/2025 07:52;Não
2025-37426665-2;(BM) 2025-002239020-001;15/01/2025 16:39;AVENIDA JK, Nº 633 - VILA RICA - PASSOS;-207.248.009;-466.001.834;V02502 - VITIMA DE QUEDA (MOTOCICLISTA) (C) (Prioridade: 1 - Alta);1CIA IND/2CIA/1PEL(PASSOS);UR00565;Não;Não;Não;BOLETIM DE OCORRENCIA;Classificada;16/01/2025 07:52;Não
2025-37427754-6;(BM) 2025-002269672-001;15/01/2025 17:50;RUA JOSE MARIANO NEGRINHO, Nº 471 - COHAB 5 - PASSOS;-207.182.649;-466.378.515;V01015 - VITIMA COM HEMORRAGIA (C) (Prioridade: 1 - Alta);1CIA IND/2CIA/1PEL(PASSOS);UR00565;Não;Não;Não;BOLETIM DE OCORRENCIA;Classificada;16/01/2025 07:52;Não
2025-37428425-0;(BM) 2025-002269629-001;15/01/2025 18:36;RODOVIA MG 050, Km 340 - PASSOS;-207.165.521;-464.660.618;V01010 - VITIMA COM DOR TORACICA/SUSPEITA DE INFARTO (IAM) (C) (Prioridade: 1 - Alta);1CIA IND/2CIA/1PEL(PASSOS);UR00565;Não;Não;Não;BOLETIM DE OCORRENCIA;Classificada;16/01/2025 07:52;Não
2025-37433335-8;(BM) 2025-002308706-001;16/01/2025 00:41;RUA RIO SAPUCAI, Nº 715 - SANTA LUZIA - PASSOS;-207.058.393;-466.009.966;V01011 - VITIMA COM DOR RENAL (COLICA) (C) (Prioridade: 1 - Alta);1CIA IND/2CIA/1PEL(PASSOS);UR00565;Não;Não;Não;BOLETIM DE OCORRENCIA;Classificada;16/01/2025 07:53;Não
2025-37435534-5;(BM) 2025-002335646-001;16/01/2025 08:34;RUA LUIS PASSOS, Nº 853 - COHAB 4 - PASSOS;;;V01023 - VITIMA DE SINCOPE (DESMAIO)/VERTIGEM (C) (Prioridade: 1 - Alta);1CIA IND/2CIA/1PEL(PASSOS);UR00565;Não;Não;Não;BOLETIM DE OCORRENCIA;Classificada;17/01/2025 14:41;Não
2025-37435917-4;(BM) 2025-002335568-001;16/01/2025 09:15;RUA CANJERANUS, Nº 3003 - POLIVALENTE - PASSOS;-207.005.948;-465.985.766;S06002 - CAPTURA DE ANIMAL SILVESTRE PERIGOSO / AGRESSIVO (C) (Prioridade: 2 - Média);1CIA IND/2CIA/1PEL(PASSOS);ASL06087;Não;Não;Não;BOLETIM DE OCORRENCIA;Classificada;17/01/2025 14:40;Não
2025-37436508-0;;16/01/2025 10:10;RUA EQUADOR, Nº 374 - POLIVALENTE - PASSOS;-207.056.153;-466.053.095;V01010 - VITIMA COM DOR TORACICA/SUSPEITA DE INFARTO (IAM) (C) (Prioridade: 1 - Alta);1CIA IND/2CIA/1PEL(PASSOS);UR00565;Não;Não;Não;ATENDIDA PELO SAMU;Classificada;19/01/2025 07:33;Não
2025-37439532-1;(BM) 2025-002382587-001;16/01/2025 14:30;RUA CEARA, Nº 1064 - BELA VISTA - PASSOS;-207.188.799;-465.971.361;P02011 - VISTORIA EM ENXAME DE INSETOS (C) (Prioridade: 2 - Média);1CIA IND/2CIA/1PEL(PASSOS);ASL06087;Não;Não;Não;BOLETIM DE OCORRENCIA;Classificada;17/01/2025 14:40;Não
2025-37439913-5;(BM) 2025-002382611-001;16/01/2025 14:49;TRAVESSA DIAMANTINA, Nº 41 - SAO FRANCISCO - PASSOS;;;V01003 - VITIMA COM CRISE CONVULSIVA (C) (Prioridade: 1 - Alta);1CIA IND/2CIA/1PEL(PASSOS);UR00565;Não;Não;Não;BOLETIM DE OCORRENCIA;Classificada;17/01/2025 14:41;Não
2025-37442390-7;(BM) 2025-002487560-001;16/01/2025 17:05;RUA AURORA, Nº 214 - BELO HORIZONTE - PASSOS;-207.244.057;-466.033.934;V03005 - VITIMA DE AGRESSAO FISICA SEM USO DE ARMA (C) (Prioridade: 1 - Alta);1CIA IND/2CIA/1PEL(PASSOS);UR00565;Não;Não;Não;BOLETIM DE OCORRENCIA;Classificada;17/01/2025 14:41;Não
2025-37443375-9;;16/01/2025 18:15;RUA SEBASTIAO PROCOPIO DE OLIVEIRA, Nº S/N - MIRANTE DO VALE - PASSOS;-207.217.022;-465.781.608;W04000 - NADA CONSTATADO (C) (Prioridade: 3 - Baixa);1CIA IND/2CIA/1PEL(PASSOS);ASL06087;Não;Não;Não;ATENDIDA PELO SAMU;Classificada;17/01/2025 14:40;Não
2025-37444800-8;(BM) 2025-002437171-001;16/01/2025 19:52;RUA CEARA, Nº 1064 - BELA VISTA - PASSOS;-207.188.799;-465.971.361;S06006 - EXTERMINIO DE INSETOS (C) (Prioridade: 2 - Média);1CIA IND/2CIA/1PEL(PASSOS);ASL06087;Não;Não;Não;BOLETIM DE OCORRENCIA;Classificada;17/01/2025 14:40;Não
2025-37446550-3;(BM) 2025-002455041-001;16/01/2025 22:08;RUA SETE DE SETEMBRO, Nº 207 - CENTRO - PASSOS;-207.238.631;-466.086.206;S06003 - CAPTURA DE CAO PERIGOSO / AGRESSIVO (C) (Prioridade: 2 - Média);1CIA IND/2CIA/1PEL(PASSOS);ASL06087;Não;Não;Não;BOLETIM DE OCORRENCIA;Classificada;17/01/2025 14:41;Não
2025-37446519-3;;16/01/2025 22:09;AVENIDA ARLINDO FIGUEIREDO, Nº 128 - CANDEIAS - PASSOS;-20.721.861;-466.142.641;S06001 - SALVAMENTO DE ANIMAL EM RISCO / PERIGO (C) (Prioridade: 2 - Média);1CIA IND/2CIA/1PEL(PASSOS);ASL06087;Não;Não;Não;NADA CONSTATADO;Classificada;17/01/2025 00:25;Não
2025-37447120-0;(BM) 2025-002470457-001;16/01/2025 22:46;RUA SANTOS DUMONT, Nº 226 - BELO HORIZONTE - PASSOS;-207.276.149;-466.071.706;V01020 - VITIMA COM PARADA CARDIORRESPIRATORIA (C) (Prioridade: 1 - Alta);1CIA IND/2CIA/1PEL(PASSOS);UR00565;Não;Não;Não;BOLETIM DE OCORRENCIA;Classificada;17/01/2025 14:41;Não
2025-37450324-8;(BM) 2025-002493029-001;17/01/2025 08:02;RODOVIA MG 184, Nº S/N - CARMO DO RIO CLARO;;;P01001 - VISTORIA DE FISCALIZACAO (C) (Prioridade: 2 - Média);1CIA IND/2CIA/PEL PREV E VIST(PASSOS);APF01362;Não;Não;Não;BOLETIM DE OCORRENCIA;Classificada;18/01/2025 07:59;Não
2025-37450370-5;;17/01/2025 08:04;RUA AUSTRIA / RUA IRLANDA - NOVO MUNDO 2 - PASSOS;-2.072.727;-465.879.882;V02502 - VITIMA DE QUEDA (MOTOCICLISTA) (C) (Prioridade: 1 - Alta);1CIA IND/2CIA/1PEL(PASSOS);;Não;Não;Não;ATENDIDA PELO SAMU;Classificada;17/01/2025 08:25;Não
2025-37451596-3;(BM) 2025-002520233-001;17/01/2025 10:03;RUA DOUTOR CARVALHO, Nº 1455 - NOSSA SENHORA DAS GRAÇAS - PASSOS;-207.352.269;-466.037.303;Q03005 - TREINAMENTO DE SALVAMENTO TERRESTRE (C) (Prioridade: 2 - Média);1CIA IND/2CIA/1PEL(PASSOS);BM1525005;Não;Não;Não;BOLETIM DE OCORRENCIA;Classificada;18/01/2025 07:59;Não
2025-37453741-1;(BM) 2025-002531848-001;17/01/2025 13:03;RUA JOSE DELFRARO, Nº 192 - PASSOS;-207.547.598;-466.062.656;S06002 - CAPTURA DE ANIMAL SILVESTRE PERIGOSO / AGRESSIVO (C) (Prioridade: 2 - Média);1CIA IND/2CIA/1PEL(PASSOS);ASL06087;Não;Não;Não;BOLETIM DE OCORRENCIA;Classificada;18/01/2025 07:59;Não
2025-37455179-8;(BM) 2025-002563345-001;17/01/2025 14:39;RUA BONSUCESSO, Nº 888 - PENHA - PASSOS;-20.721.233;-466.188.426;P02001 - VISTORIA EM HIDRANTE (C) (Prioridade: 2 - Média);1CIA IND/2CIA/1PEL(PASSOS);ASL06087;Não;Não;Não;BOLETIM DE OCORRENCIA;Classificada;18/01/2025 07:59;Não
2025-37455542-6;(BM) 2025-002563386-001;17/01/2025 14:58;RUA FORMIGA, Nº S/N - MARIO MAGALHAES - PASSOS;-207.259.568;-466.127.797;P02001 - VISTORIA EM HIDRANTE (C) (Prioridade: 2 - Média);1CIA IND/2CIA/1PEL(PASSOS);ASL06087;Não;Não;Não;BOLETIM DE OCORRENCIA;Classificada;18/01/2025 07:59;Não
2025-37455886-5;(BM) 2025-002563449-001;17/01/2025 15:15;PRACA GERALDO DA SILVA MAIA, Nº 213 - CENTRO - PASSOS;-20.721.877;-466.088.457;P02001 - VISTORIA EM HIDRANTE (C) (Prioridade: 2 - Média);1CIA IND/2CIA/1PEL(PASSOS);ASL06087;Não;Não;Não;BOLETIM DE OCORRENCIA;Classificada;18/01/2025 07:59;Não
2025-37456009-3;;17/01/2025 15:22;RUA DOMINGOS MUNHOZ GAGO, Nº S/N - ALFENAS;;;P02003 - VISTORIA EM LOTE VAGO (C) (Prioridade: 2 - Média);1CIA IND (POCOS DE CALDAS);;Não;Não;Não;DUPLICADA;Classificada;17/01/2025 15:23;Não
2025-37456213-0;(BM) 2025-002563514-001;17/01/2025 15:32;AVENIDA AROUCA, Nº 190 - CENTRO - PASSOS;-207.157.208;-466.092.978;P02001 - VISTORIA EM HIDRANTE (C) (Prioridade: 2 - Média);1CIA IND/2CIA/1PEL(PASSOS);ASL06087;Não;Não;Não;BOLETIM DE OCORRENCIA;Classificada;18/01/2025 07:59;Não
2025-37460233-0;(BM) 2025-002604083-001;17/01/2025 19:35;RUA DOUTOR CARVALHO, Nº 1455 - NOSSA SENHORA DAS GRAÇAS - PASSOS;-207.352.269;-466.037.303;S06002 - CAPTURA DE ANIMAL SILVESTRE PERIGOSO / AGRESSIVO (C) (Prioridade: 2 - Média);1CIA IND/2CIA/1PEL(PASSOS);ASL06087;Não;Não;Não;BOLETIM DE OCORRENCIA;Classificada;18/01/2025 07:59;Não
2025-37463148-0;(BM) 2025-002638376-001;17/01/2025 22:24;RUA IMACULADA CONCEICAO, Nº 575 - PENHA - PASSOS;;;V02502 - VITIMA DE QUEDA (MOTOCICLISTA) (C) (Prioridade: 1 - Alta);1CIA IND/2CIA/1PEL(PASSOS);UR00565;Não;Não;Não;BOLETIM DE OCORRENCIA;Classificada;18/01/2025 07:59;Não
2025-37466991-1;(BM) 2025-002663326-001;18/01/2025 02:48;ESTRADA PRINCIPAL PSS0340 - LINHA DO BANANAL KM4, Nº S/N - PASSOS;-206.957.053;-466.638.769;V01009 - VITIMA COM DOR NA COLUNA VERTEBRAL (COSTAS) (C) (Prioridade: 1 - Alta);1CIA IND/2CIA/1PEL(PASSOS);UR00565;Não;Não;Não;BOLETIM DE OCORRENCIA;Classificada;18/01/2025 07:59;Não
2025-37467925-2;(BM) 2025-002671216-001;18/01/2025 06:30;RUA PICA PAU, Nº 95 - PARQUE DA FAZENDA - PASSOS;-20.737.203;-466.077.138;V01013 - VITIMA DE EMERGENCIAS PSIQUIATRICAS (C) (Prioridade: 1 - Alta);1CIA IND/2CIA/1PEL(PASSOS);UR00565;Não;Não;Não;BOLETIM DE OCORRENCIA;Classificada;18/01/2025 08:00;Não
2025-37468042-6;(BM) 2025-002671231-001;18/01/2025 06:52;RUA DOUTOR CARVALHO, Nº 1455 - NOSSA SENHORA DAS GRAÇAS - PASSOS;-207.352.269;-466.037.303;V01008 - VITIMA COM DOR ABDOMINAL (ABDOME AGUDO) (C) (Prioridade: 1 - Alta);1CIA IND/2CIA/1PEL(PASSOS);ASL06087;Não;Não;Não;BOLETIM DE OCORRENCIA;Classificada;18/01/2025 08:00;Não
2025-37468668-7;(BM) 2025-002674508-001;18/01/2025 08:22;PRACA FRANCISCO SALLES, Nº S/N - BELO HORIZONTE - PASSOS;-207.264.675;-466.045.971;P03999 - OUTROS TIPOS DE PCI / PCA   (C) (Prioridade: 2 - Média);1CIA IND/2CIA/1PEL(PASSOS);UR00565;Não;Não;Não;BOLETIM DE OCORRENCIA;Classificada;19/01/2025 07:33;Não
2025-37468698-8;(BM) 2025-002674696-001;18/01/2025 08:25;RUA DOUTOR CARVALHO, Nº 1455 - NOSSA SENHORA DAS GRAÇAS - PASSOS;-207.352.269;-466.037.303;Q03017 - TREINAMENTO DE PRIMEIROS SOCORROS (C) (Prioridade: 2 - Média);1CIA IND/2CIA/1PEL(PASSOS);BM1637099;Não;Não;Não;BOLETIM DE OCORRENCIA;Classificada;19/01/2025 07:33;Não
2025-37469481-1;(BM) 2025-002683236-001;18/01/2025 09:53;RUA VEREADOR LUIZ PATTI, Nº 197 - COHAB 4 - PASSOS;-207.196.781;-466.348.667;S06001 - SALVAMENTO DE ANIMAL EM RISCO / PERIGO (C) (Prioridade: 2 - Média);1CIA IND/2CIA/1PEL(PASSOS);ASL06087;Não;Não;Não;BOLETIM DE OCORRENCIA;Classificada;19/01/2025 07:33;Não
2025-37470363-2;(BM) 2025-002812580-001;18/01/2025 11:29;RUA BEIJA FLOR / RUA ROUXINOL - PASSOS;;;V03019 - VITIMA DE QUEDA DE ALTURA (C) (Prioridade: 1 - Alta);1CIA IND/2CIA/1PEL(PASSOS);UR00565;Não;Não;Não;BOLETIM DE OCORRENCIA;Classificada;19/01/2025 07:33;Não
2025-37471257-0;(BM) 2025-002708608-001;18/01/2025 13:18;CHACARA PSS0183 - RECANTO  CAROLINA - COMUNIDADE DAS AGUAS - HELIO DE OLIVEIRA RAMOS, Nº S/N - PASSOS;-208.666.523;-465.285.674;O02027 - INCENDIO VEIC. AUTOMOTOR (EXCETO TANQUE/ONIBUS/MICRO-ONIBUS) (C) (Prioridade: 1 - Alta);1CIA IND/2CIA/1PEL(PASSOS);ABTS00495;Não;Não;Não;BOLETIM DE OCORRENCIA;Classificada;19/01/2025 07:33;Não
2025-37473082-0;(BM) 2025-002717680-001;18/01/2025 15:43;RUA PIANTINOS, Nº 22 - BELO HORIZONTE - PASSOS;-207.257.351;-466.054.977;V01999 - OUTROS TIPOS DE APH CLINICO (C) (Prioridade: 1 - Alta);1CIA IND/2CIA/1PEL(PASSOS);UR00565;Não;Não;Não;BOLETIM DE OCORRENCIA;Classificada;19/01/2025 07:33;Não
2025-37480428-2;(BM) 2025-002812840-001;18/01/2025 23:04;RUA MADRE CARMEN SALLES, Nº 430 - CENTRO - PASSOS;-207.211.585;-466.051.772;V02502 - VITIMA DE QUEDA (MOTOCICLISTA) (C) (Prioridade: 1 - Alta);1CIA IND/2CIA/1PEL(PASSOS);UR00565;Não;Não;Não;BOLETIM DE OCORRENCIA;Classificada;19/01/2025 07:33;Não
2025-37486307-0;(BM) 2025-002820890-001;19/01/2025 09:27;PRACA GERALDO DA SILVA MAIA, Nº 244 - CENTRO - PASSOS;-207.217.708;-466.095.593;V01008 - VITIMA COM DOR ABDOMINAL (ABDOME AGUDO) (C) (Prioridade: 1 - Alta);1CIA IND/2CIA/1PEL(PASSOS);UR00565;Não;Não;Não;BOLETIM DE OCORRENCIA;Classificada;20/01/2025 08:26;Não
2025-37487476-3;(BM) 2025-002831590-001;19/01/2025 11:57;RUA SARGENTO JOSE EMIDIO DE OLIVEIRA, Nº 27 - JARDIM SATELITE - PASSOS;-207.131.074;-466.201.234;V01007 - VITIMA COM DISPNEIA (FALTA DE AR) (C) (Prioridade: 1 - Alta);1CIA IND/2CIA/1PEL(PASSOS);UR00565;Não;Não;Não;BOLETIM DE OCORRENCIA;Classificada;20/01/2025 08:26;Não
2025-37488222-0;(BM) 2025-002836893-001;19/01/2025 13:39;RUA ANTONIO FRANCISCO LISBOA, Nº 293 - VILA RICA - PASSOS;-207.272.771;-465.988.187;V01023 - VITIMA DE SINCOPE (DESMAIO)/VERTIGEM (C) (Prioridade: 1 - Alta);1CIA IND/2CIA/1PEL(PASSOS);UR00565;Não;Não;Não;BOLETIM DE OCORRENCIA;Classificada;20/01/2025 08:26;Não
2025-37489222-6;(BM) 2025-002850449-001;19/01/2025 14:57;RUA DOUTOR CARVALHO, Nº 1455 - NOSSA SENHORA DAS GRAÇAS - PASSOS;-207.352.269;-466.037.303;V01017 - VITIMA DE INTOXICACAO / ENVENENAMENTO (C) (Prioridade: 1 - Alta);1CIA IND/2CIA/1PEL(PASSOS);UR00565;Não;Não;Não;BOLETIM DE OCORRENCIA;Classificada;20/01/2025 08:26;Não
2025-37490414-4;(BM) 2025-002857440-001;19/01/2025 16:19;RUA DOUTOR CARVALHO, Nº 1455 - NOSSA SENHORA DAS GRAÇAS - PASSOS;-207.352.269;-466.037.303;Q03001 - TREINAMENTO DE COMBATE A INCENDIO (C) (Prioridade: 2 - Média);1CIA IND/2CIA/1PEL(PASSOS);BM1206671;Não;Não;Não;BOLETIM DE OCORRENCIA;Classificada;20/01/2025 07:47;Não
2025-37491365-6;(BM) 2025-002869326-001;19/01/2025 17:24;RUA EVARISTO ALCANTARA LEMOS, Nº 423 - PASSOS;-207.353.327;-466.101.079;V01006 - VITIMA COM DIFICULDADE DE LOCOMOCAO (C) (Prioridade: 1 - Alta);1CIA IND/2CIA/1PEL(PASSOS);UR00565;Não;Não;Não;BOLETIM DE OCORRENCIA;Classificada;20/01/2025 08:26;Não
2025-37492028-1;(BM) 2025-002877909-001;19/01/2025 18:09;RODOVIA MG 446, Km 8 - ALPINOPOLIS;-207.852.428;-463.728.665;W98011 - SOLICITACAO DE APOIO (C) (Prioridade: 1 - Alta);1CIA IND/2CIA/1PEL(PASSOS);ASL06087;Não;Não;Não;BOLETIM DE OCORRENCIA;Classificada;20/01/2025 07:47;Não
2025-37492276-3;;19/01/2025 18:23;RODOVIA MG 446, Nº S/N - ALPINOPOLIS;;;S06008 - CORTE DE ARVORE CAIDA EM VIA PUBLICA (C) (Prioridade: 2 - Média);1CIA IND/2CIA/1PEL(PASSOS);;Não;Não;Não;DUPLICADA;Classificada;19/01/2025 18:28;Não
2025-37493158-2;(BM) 2025-002885710-001;19/01/2025 19:18;AVENIDA DONA LIQUINHA SILVEIRA, Nº 1490 - CALIFORNIA - PASSOS;-207.036.684;-466.201.312;S05302 - COLISAO ENTRE MOTOCICLETAS (C) (Prioridade: 1 - Alta);1CIA IND/2CIA/1PEL(PASSOS);UR00565;Não;Não;Não;BOLETIM DE OCORRENCIA;Classificada;20/01/2025 08:26;Não
2025-37494523-1;(BM) 2025-002894480-001;19/01/2025 20:39;RUA VEREADOR ANTONIO CAETANO ANDRADE, Nº 291 - COHAB 5 - PASSOS;-207.191.015;-466.384.055;O04012 - INCENDIO EM LOTE VAGO (AREA URBANA) (C) (Prioridade: 2 - Média);1CIA IND/2CIA/1PEL(PASSOS);ABTS00495;Não;Não;Não;BOLETIM DE OCORRENCIA;Classificada;20/01/2025 07:47;Não
2025-37495041-6;(BM) 2025-002898462-001;19/01/2025 21:11;RUA GAIVOTA, Nº 84 - NOSSA SENHORA DAS GRAÇAS - PASSOS;-207.381.348;-466.045.266;V01023 - VITIMA DE SINCOPE (DESMAIO)/VERTIGEM (C) (Prioridade: 1 - Alta);1CIA IND/2CIA/1PEL(PASSOS);UR00565;Não;Não;Não;BOLETIM DE OCORRENCIA;Classificada;20/01/2025 08:26;Não
2025-37495285-0;(BM) 2025-002901323-001;19/01/2025 21:27;RUA RIO DE JANEIRO, Nº 167 - BELA VISTA - PASSOS;-207.185.545;-465.990.645;S07001 - VAZAMENTO DE GLP/GAS NATURAL (COZINHA) (C) (Prioridade: 1 - Alta);1CIA IND/2CIA/1PEL(PASSOS);ABTS00495;Não;Não;Não;BOLETIM DE OCORRENCIA;Classificada;20/01/2025 07:46;Não
2025-37495578-9;(BM) 2025-002903532-001;19/01/2025 21:46;AVENIDA ARLINDO FIGUEIREDO, Nº 3302 - JARDIM CIDADE - PASSOS;-207.279.795;-466.242.095;S06002 - CAPTURA DE ANIMAL SILVESTRE PERIGOSO / AGRESSIVO (C) (Prioridade: 2 - Média);1CIA IND/2CIA/1PEL(PASSOS);ASL06087;Não;Não;Não;BOLETIM DE OCORRENCIA;Classificada;20/01/2025 07:47;Não
2025-37496019-2;;19/01/2025 22:10;RUA ARARAS, Nº 231 - VILA ROMANA - PASSOS;-207.435.499;-466.128.376;S06001 - SALVAMENTO DE ANIMAL EM RISCO / PERIGO (C) (Prioridade: 2 - Média);1CIA IND/2CIA/1PEL(PASSOS);;Não;Não;Não;DISPENSADA PELO SOLICITANTE;Classificada;19/01/2025 22:18;Não
2025-37497728-0;(BM) 2025-002921205-001;19/01/2025 23:54;AVENIDA SABIA, Nº S/N - MUARAMA 2 - PASSOS;-207.330.855;-466.157.928;S06001 - SALVAMENTO DE ANIMAL EM RISCO / PERIGO (C) (Prioridade: 2 - Média);1CIA IND/2CIA/1PEL(PASSOS);ASL06087;Não;Não;Não;BOLETIM DE OCORRENCIA;Classificada;20/01/2025 07:47;Não
2025-37499995-8;(BM) 2025-002942596-001;20/01/2025 07:16;RODOVIA MG 050 - PASSOS;;;V02408 - VITIMA DE COLISAO ENTRE AUTOMOVEL X MOTOCICLETA (C) (Prioridade: 1 - Alta);1CIA IND/2CIA/1PEL(PASSOS);UR00565;Não;Não;Não;BOLETIM DE OCORRENCIA;Classificada;20/01/2025 08:26;Não
2025-37500556-9;(BM) 2025-002943941-001;20/01/2025 08:29;RUA DOIS DE NOVEMBRO, Nº 123 - CENTRO - PASSOS;-207.222.721;-466.063.968;V01018 - VITIMA DE MAL NAO DEFINIDO (DISTURBIO) (C) (Prioridade: 1 - Alta);1CIA IND/2CIA/1PEL(PASSOS);UR00565;Não;Não;Não;BOLETIM DE OCORRENCIA;Classificada;21/01/2025 11:54;Não
2025-37501220-3;;20/01/2025 09:25;RUA JOAO PIMENTA, Nº 635 - BELA VISTA - PASSOS;-207.189.881;-465.962.353;V01003 - VITIMA COM CRISE CONVULSIVA (C) (Prioridade: 1 - Alta);1CIA IND/2CIA/1PEL(PASSOS);UR00565;Não;Não;Não;NADA CONSTATADO;Classificada;20/01/2025 11:09;Não
2025-37502682-4;(BM) 2025-002970903-001;20/01/2025 11:26;RUA JOAO TEIXEIRA MENDES, Nº 325 - JARDIM ITALIA - PASSOS;-207.453.089;-466.055.323;V02102 - VITIMA DE ATROPELAMENTO POR MOTOCICLETA (C) (Prioridade: 1 - Alta);1CIA IND/2CIA/1PEL(PASSOS);UR00565;Não;Não;Não;BOLETIM DE OCORRENCIA;Classificada;21/01/2025 11:54;Não
2025-37503605-9;;20/01/2025 13:03;RUA VIA LACTEA, Nº 30 - JARDIM SATELITE - PASSOS;-207.143.263;-466.163.407;V01018 - VITIMA DE MAL NAO DEFINIDO (DISTURBIO) (C) (Prioridade: 1 - Alta);1CIA IND/2CIA/1PEL(PASSOS);;Não;Não;Não;DISPENSADA PELO SOLICITANTE;Classificada;20/01/2025 13:18;Não
2025-37503735-4;(BM) 2025-002984359-001;20/01/2025 13:15;RUA DOUTOR CARVALHO, Nº 1455 - NOSSA SENHORA DAS GRAÇAS - PASSOS;-207.352.269;-466.037.303;X03000 - EMPENHO ADMINISTRATIVO (C) (Prioridade: 2 - Média);1CIA IND/2CIA/PEL PREV E VIST(PASSOS);APF01362;Não;Não;Não;BOLETIM DE OCORRENCIA;Classificada;21/01/2025 11:53;Não
2025-37507733-0;(BM) 2025-003034953-001;20/01/2025 17:07;RUA CAETES, Nº 550 - NOSSA SENHORA APARECIDA - PASSOS;-207.433.346;-466.061.306;V01013 - VITIMA DE EMERGENCIAS PSIQUIATRICAS (C) (Prioridade: 1 - Alta);1CIA IND/2CIA/1PEL(PASSOS);UR00565;Não;Não;Não;BOLETIM DE OCORRENCIA;Classificada;21/01/2025 11:54;Não
2025-37509402-4;;20/01/2025 18:50;RUA PECUARIA, Nº 407 - SAO FRANCISCO - PASSOS;-207.285.504;-466.183.912;V01004 - VITIMA COM CRISE DIABETICA / HIPOGLICEMIA (C) (Prioridade: 1 - Alta);1CIA IND/2CIA/1PEL(PASSOS);UR00565;Não;Não;Não;NADA CONSTATADO;Classificada;20/01/2025 19:36;Não
2025-37511039-9;;20/01/2025 20:32;FAZENDA SBG0110 - NOSSA SENHORA APARECIDA, Nº S/N - SAO JOAO BATISTA GLORIA;-205.675.581;-465.509.157;S04007 - BUSCA E SALVAMENTO DE PESSOA PERDIDA / DESAPARECIDA (C) (Prioridade: 1 - Alta);1CIA IND/2CIA/1PEL(PASSOS);ASL06087 / UR00565;Não;Não;Não;CANCELADA PELO COORDENADOR DO COBOM;Classificada;20/01/2025 22:47;Não
2025-37511093-4;(BM) 2025-003070788-001;20/01/2025 20:33;RUA RIO BRANCO, Nº 1704 - BELA VISTA 2 - PASSOS;-207.108.162;-465.965.151;V01003 - VITIMA COM CRISE CONVULSIVA (C) (Prioridade: 1 - Alta);1CIA IND/2CIA/1PEL(PASSOS);UR00565;Não;Não;Não;BOLETIM DE OCORRENCIA;Classificada;21/01/2025 11:54;Não
2025-37518902-8;(BM) 2025-003144591-002;21/01/2025 11:22;RUA CEARA, Nº 927 - BELA VISTA - PASSOS;-207.178.364;-465.979.426;V03021 - VITIMA DE SUICIDIO (TENTATIVA) - APH TRAUMA (C) (Prioridade: 1 - Alta);1CIA IND/2CIA/1PEL(PASSOS);UR00565 / ABTS00495;Não;Não;Não;BOLETIM DE OCORRENCIA;Classificada;22/01/2025 07:55;Não
2025-37520805-4;(BM) 2025-003179679-001;21/01/2025 14:10;RUA DOUTOR CARVALHO, Nº 798 - BELO HORIZONTE - PASSOS;;;V01006 - VITIMA COM DIFICULDADE DE LOCOMOCAO (C) (Prioridade: 1 - Alta);1CIA IND/2CIA/1PEL(PASSOS);UR00565;Não;Não;Não;BOLETIM DE OCORRENCIA;Classificada;22/01/2025 07:55;Não
2025-37522979-6;(BM) 2025-003194846-001;21/01/2025 16:05;AVENIDA PENHA, Nº 96 - JARDIM SATELITE - PASSOS;-207.158.495;-466.213.536;P02001 - VISTORIA EM HIDRANTE (C) (Prioridade: 2 - Média);1CIA IND/2CIA/1PEL(PASSOS);ASL06087;Não;Não;Não;BOLETIM DE OCORRENCIA;Classificada;22/01/2025 07:55;Não
2025-37523492-7;(BM) 2025-003198283-001;21/01/2025 16:31;RUA MAIAS / AVENIDA COMENDADOR FRANCISCO A MAIA - CANDEIAS - PASSOS;-207.203.008;-46.613.152;P02011 - VISTORIA EM ENXAME DE INSETOS (C) (Prioridade: 2 - Média);1CIA IND/2CIA/1PEL(PASSOS);ASL06087;Não;Não;Não;BOLETIM DE OCORRENCIA;Classificada;22/01/2025 07:55;Não
2025-37527586-0;(BM) 2025-003245774-001;21/01/2025 20:41;RODOVIA MG 050, Nº S/N - PASSOS;-207.372.242;-466.331.087;S06002 - CAPTURA DE ANIMAL SILVESTRE PERIGOSO / AGRESSIVO (C) (Prioridade: 2 - Média);1CIA IND/2CIA/1PEL(PASSOS);ASL06087;Não;Não;Não;BOLETIM DE OCORRENCIA;Classificada;22/01/2025 07:55;Não
2025-37529128-7;(BM) 2025-003256930-001;21/01/2025 22:25;RODOVIA MG 050 - PASSOS;;;V01013 - VITIMA DE EMERGENCIAS PSIQUIATRICAS (C) (Prioridade: 1 - Alta);1CIA IND/2CIA/1PEL(PASSOS);UR00565;Não;Não;Não;BOLETIM DE OCORRENCIA;Classificada;22/01/2025 07:56;Não
2025-37532033-0;(BM) 2025-003286376-001;22/01/2025 04:13;RUA DOUTOR JOSE MARIO TAVARES DE OLIVA, Nº S/N - CENTRO - ITAU DE MINAS;-207.435.447;-467.530.191;W03000 - SOLICITANTE ENCONTRADO - PROVIDENCIA DISPENSADA (C) (Prioridade: 3 - Baixa);1CIA IND/2CIA/1PEL(PASSOS);ABTS00495;Não;Não;Não;BOLETIM DE OCORRENCIA;Classificada;22/01/2025 07:55;Não
2025-37533289-0;(BM) 2025-003295323-001;22/01/2025 08:39;RUA JUAREZ FRANCISCO DUARTE, Nº 657 - JARDIM SATELITE - PASSOS;-207.100.184;-466.225.255;S06002 - CAPTURA DE ANIMAL SILVESTRE PERIGOSO / AGRESSIVO (C) (Prioridade: 2 - Média);1CIA IND/2CIA/1PEL(PASSOS);ASL06087;Não;Não;Não;BOLETIM DE OCORRENCIA;Classificada;23/01/2025 08:05;Não
2025-37535774-6;(BM) 2025-003323090-001;22/01/2025 11:59;RUA AGUAS, Nº 565 - PASSOS;-207.235.077;-465.817.353;P02011 - VISTORIA EM ENXAME DE INSETOS (C) (Prioridade: 2 - Média);1CIA IND/2CIA/1PEL(PASSOS);ASL06087;Não;Não;Não;BOLETIM DE OCORRENCIA;Classificada;23/01/2025 08:05;Não
2025-37535888-5;(BM) 2025-003331541-001;22/01/2025 12:14;RUA DOUTOR CARVALHO, Nº 1455 - NOSSA SENHORA DAS GRAÇAS - PASSOS;-207.352.269;-466.037.303;Q03004 - TREINAMENTO DE SALVAMENTO EM ALTURA (C) (Prioridade: 2 - Média);1CIA IND/2CIA/1PEL(PASSOS);ASL06087;Não;Não;Não;BOLETIM DE OCORRENCIA;Classificada;23/01/2025 08:06;Não
2025-37539759-4;(BM) 2025-003379067-001;22/01/2025 16:37;AVENIDA ARLINDO FIGUEIREDO, Nº 2211 - JARDIM CIDADE - PASSOS;-207.320.493;-466.302.434;V03018 - VITIMA DE QUEDA DA PROPRIA ALTURA (C) (Prioridade: 1 - Alta);1CIA IND/2CIA/1PEL(PASSOS);UR00565;Não;Não;Não;BOLETIM DE OCORRENCIA;Classificada;23/01/2025 08:06;Não
2025-37540457-2;(BM) 2025-003383589-002 / (PM) 2025-003383589-001;22/01/2025 17:19;RODOVIA MG 050, Nº S/N - SANTA TEREZINHA - ITAU DE MINAS;-207.498.551;-467.534.723;W98011 - SOLICITACAO DE APOIO (C) (Prioridade: 1 - Alta);1CIA IND/2CIA/1PEL(PASSOS);UR00565;Não;Não;Não;BOLETIM DE OCORRENCIA;Classificada;23/01/2025 08:06;Não
2025-37543006-0;(BM) 2025-003402470-001;22/01/2025 20:05;AVENIDA PERIMETRAL, Nº 538 - PARQUE DA ESTACAO - PASSOS;-207.063.425;-466.101.825;S06002 - CAPTURA DE ANIMAL SILVESTRE PERIGOSO / AGRESSIVO (C) (Prioridade: 2 - Média);1CIA IND/2CIA/1PEL(PASSOS);ASL06087;Não;Não;Não;BOLETIM DE OCORRENCIA;Classificada;23/01/2025 08:06;Não
2025-37544209-2;;22/01/2025 21:29;RODOVIA - BR-146, Nº S/N - zona rural - POCOS DE CALDAS;;;S06008 - CORTE DE ARVORE CAIDA EM VIA PUBLICA (C) (Prioridade: 2 - Média);1CIA IND (POCOS DE CALDAS);;Não;Não;Não;REPASSADA A OUTROS ÓRGAOS;Classificada;22/01/2025 22:08;Não
2025-37548355-6;(BM) 2025-003458055-001;23/01/2025 07:08;RUA MONTE SANTO, Nº 588 - COHAB 3 - PASSOS;-207.054.136;-466.283.622;V01003 - VITIMA COM CRISE CONVULSIVA (C) (Prioridade: 1 - Alta);1CIA IND/2CIA/1PEL(PASSOS);UR00565;Não;Não;Não;BOLETIM DE OCORRENCIA;Classificada;23/01/2025 08:06;Não
2025-37549110-4;(BM) 2025-003475654-001;23/01/2025 08:32;RUA AGUAS MARINHAS, Nº 1240 - ACLIMACAO - PASSOS;-207.527.946;-466.030.934;V01007 - VITIMA COM DISPNEIA (FALTA DE AR) (C) (Prioridade: 1 - Alta);1CIA IND/2CIA/1PEL(PASSOS);UR00565;Não;Não;Não;BOLETIM DE OCORRENCIA;Classificada;24/01/2025 07:54;Não
2025-37549656-8;(BM) 2025-003475613-001;23/01/2025 09:22;AVENIDA PAINEIRA, Nº 2471 - PASSOS;-20.733.182;-465.961.225;V03019 - VITIMA DE QUEDA DE ALTURA (C) (Prioridade: 1 - Alta);1CIA IND/2CIA/1PEL(PASSOS);UR00565;Não;Não;Não;BOLETIM DE OCORRENCIA;Classificada;24/01/2025 07:54;Não
2025-37550501-9;(BM) 2025-003477471-001;23/01/2025 10:25;RUA BARAO DE PASSOS, Nº 288 - CENTRO - PASSOS;-207.199.733;-466.081.954;P02011 - VISTORIA EM ENXAME DE INSETOS (C) (Prioridade: 2 - Média);1CIA IND/2CIA/1PEL(PASSOS);ASL06087;Não;Não;Não;BOLETIM DE OCORRENCIA;Classificada;24/01/2025 07:54;Não
2025-37550843-2;(BM) 2025-003487016-001;23/01/2025 10:54;RODOVIA MG 050, Km 326 - PIUMHI;;;V01024 - VITIMA DE SUICIDIO (TENTATIVA) - APH CLINICO (C) (Prioridade: 1 - Alta);1CIA IND/2CIA/1PEL(PASSOS);UR00565 / ASL06087;Não;Não;Não;BOLETIM DE OCORRENCIA;Classificada;24/01/2025 07:54;Não
2025-37551979-0;(BM) 2025-003495420-001;23/01/2025 12:38;RUA JOAO PAULO I, Nº 220 - RECANTO DEL REI - PASSOS;-207.298.576;-465.973.001;V01005 - VITIMA COM CRISE HIPERTENSIVA/HIPOTENSAO (C) (Prioridade: 1 - Alta);1CIA IND/2CIA/1PEL(PASSOS);UR00565;Não;Não;Não;BOLETIM DE OCORRENCIA;Classificada;24/01/2025 07:53;Não
2025-37552720-3;(BM) 2025-003504699-001;23/01/2025 13:45;AVENIDA EXPEDICIONARIOS, Nº 1964 - PASSOS;;;S06001 - SALVAMENTO DE ANIMAL EM RISCO / PERIGO (C) (Prioridade: 2 - Média);1CIA IND/2CIA/1PEL(PASSOS);ASL06087;Não;Não;Não;BOLETIM DE OCORRENCIA;Classificada;24/01/2025 07:54;Não
2025-37553809-0;(BM) 2025-003599086-001;23/01/2025 14:47;RUA COIMBRAS, Nº 1770 - COIMBRA - PASSOS;;;V01022 - VITIMA PARTURIENTE / EMERGENCIAS OBSTETRICAS (C) (Prioridade: 1 - Alta);1CIA IND/2CIA/1PEL(PASSOS);UR00565;Não;Não;Não;BOLETIM DE OCORRENCIA;Classificada;24/01/2025 07:53;Não
2025-37555452-2;(BM) 2025-003544480-001;23/01/2025 16:14;RUA LAVRAS, Nº 417 - MARIO MAGALHAES - PASSOS;-207.264.337;-466.118.379;S06008 - CORTE DE ARVORE CAIDA EM VIA PUBLICA (C) (Prioridade: 2 - Média);1CIA IND/2CIA/1PEL(PASSOS);ASL06087;Não;Não;Não;BOLETIM DE OCORRENCIA;Classificada;24/01/2025 07:54;Não
2025-37555808-9;(BM) 2025-003544515-001;23/01/2025 16:36;RUA MANTIQUEIRA, Nº 378 - VILA RICA - PASSOS;-207.273.219;-465.954.512;P02004 - VISTORIA EM RISCO DE DESABAMENTO / DESMORONAMENTO (C) (Prioridade: 2 - Média);1CIA IND/2CIA/1PEL(PASSOS);ABTS00495;Não;Não;Não;BOLETIM DE OCORRENCIA;Classificada;24/01/2025 07:54;Não
2025-37556058-6;(BM) 2025-003550042-001;23/01/2025 16:51;RUA TUPIS, Nº 271 - CANDEIAS - PASSOS;-207.214.211;-466.182.483;S06008 - CORTE DE ARVORE CAIDA EM VIA PUBLICA (C) (Prioridade: 2 - Média);1CIA IND/2CIA/1PEL(PASSOS);ASL06087;Não;Não;Não;BOLETIM DE OCORRENCIA;Classificada;24/01/2025 07:54;Não
2025-37556180-0;(BM) 2025-003557176-001;23/01/2025 16:57;RUA CRISTIANO STOCKLER, Nº 258 - CENTRO - PASSOS;-207.204.336;-466.066.172;S06007 - CORTE / PODA DE ARVORE COM RISCO IMINENTE DE QUEDA (C) (Prioridade: 2 - Média);1CIA IND/2CIA/1PEL(PASSOS);ASL06087 / ABTS00495;Não;Não;Não;BOLETIM DE OCORRENCIA;Classificada;24/01/2025 07:54;Não
2025-37556262-2;(BM) 2025-003553782-001;23/01/2025 17:01;RUA CORONEL JOAO DE BARROS, Nº 1055 - BELO HORIZONTE - PASSOS;-207.264.575;-466.088.692;S06008 - CORTE DE ARVORE CAIDA EM VIA PUBLICA (C) (Prioridade: 2 - Média);1CIA IND/2CIA/1PEL(PASSOS);ASL06087 / ABTS00495;Não;Não;Não;BOLETIM DE OCORRENCIA;Classificada;24/01/2025 07:54;Não
2025-37556434-6;(BM) 2025-003581959-001;23/01/2025 17:11;RUA CEARA, Nº 514 - BELA VISTA - PASSOS;-207.153.657;-466.008.837;S06008 - CORTE DE ARVORE CAIDA EM VIA PUBLICA (C) (Prioridade: 2 - Média);1CIA IND/2CIA/1PEL(PASSOS);ASL06087 / ABTS00495;Não;Não;Não;BOLETIM DE OCORRENCIA;Classificada;24/01/2025 07:54;Não
2025-37556920-4;(BM) 2025-003595833-001;23/01/2025 17:44;RUA DOUTOR MANOEL PATTI, Nº 419 - CENTRO - PASSOS;-207.240.931;-466.112.714;S06008 - CORTE DE ARVORE CAIDA EM VIA PUBLICA (C) (Prioridade: 2 - Média);1CIA IND/2CIA/1PEL(PASSOS);ASL06087 / ABTS00495;Não;Não;Não;BOLETIM DE OCORRENCIA;Classificada;24/01/2025 07:54;Não
2025-37556991-2;;23/01/2025 17:49;RUA CEARA, Nº 361 - BELA VISTA - PASSOS;-207.143.857;-466.016.604;S06010 - CORTE/PODA DE ARVORE CAIDA SOBRE RESIDENCIA (C) (Prioridade: 1 - Alta);1CIA IND/2CIA/1PEL(PASSOS);ABTS00495;Não;Não;Não;NADA CONSTATADO;Classificada;24/01/2025 01:05;Não
2025-37557022-4;(BM) 2025-003556234-001;23/01/2025 17:50;RUA DUQUE CAXIAS, Nº 146 - CANDEIAS - PASSOS;-207.241.835;-466.156.783;S06008 - CORTE DE ARVORE CAIDA EM VIA PUBLICA (C) (Prioridade: 2 - Média);1CIA IND/2CIA/1PEL(PASSOS);ASL06087 / ABTS00495;Não;Não;Não;BOLETIM DE OCORRENCIA;Classificada;24/01/2025 07:54;Não
2025-37561411-0;(BM) 2025-003595770-001;23/01/2025 22:34;AVENIDA AMAZONAS, Nº 209 - BELA VISTA - PASSOS;-207.165.247;-466.003.647;V03018 - VITIMA DE QUEDA DA PROPRIA ALTURA (C) (Prioridade: 1 - Alta);1CIA IND/2CIA/1PEL(PASSOS);UR00565;Não;Não;Não;BOLETIM DE OCORRENCIA;Classificada;24/01/2025 07:53;Não
2025-37561576-0;(BM) 2025-003598670-001;23/01/2025 22:46;RUA DOUTOR CARVALHO, Nº 1455 - NOSSA SENHORA DAS GRAÇAS - PASSOS;-207.352.269;-466.037.303;S04014 - SALVAMENTO DE PESSOA COM OBJETO PRESO AO CORPO (C) (Prioridade: 1 - Alta);1CIA IND/2CIA/1PEL(PASSOS);BM1797331;Não;Não;Não;BOLETIM DE OCORRENCIA;Classificada;24/01/2025 07:53;Não
2025-37564638-1;(BM) 2025-003631434-001;24/01/2025 06:34;RUA JACARANDA, Nº 79 - SERRA DAS BRISAS - PASSOS;-207.369.779;-465.944.924;V01009 - VITIMA COM DOR NA COLUNA VERTEBRAL (COSTAS) (C) (Prioridade: 1 - Alta);1CIA IND/2CIA/1PEL(PASSOS);UR00565;Não;Não;Não;ATENDIDA PELO SAMU;Classificada;24/01/2025 07:53;Não
2025-37564938-5;(BM) 2025-003626983-001;24/01/2025 07:20;RUA DOUTOR CARVALHO, Nº 1455 - NOSSA SENHORA DAS GRAÇAS - PASSOS;-207.352.269;-466.037.303;V03012 - VITIMA COM OBJETO PRESO AO CORPO (C) (Prioridade: 1 - Alta);1CIA IND/2CIA/1PEL(PASSOS);BM1256320;Não;Não;Não;BOLETIM DE OCORRENCIA;Classificada;24/01/2025 07:53;Não
2025-37565303-9;(BM) 2025-003636110-001;24/01/2025 08:06;RUA SAO LUIZ, Nº 276 - CENTRO - PASSOS;-207.163.542;-466.058.801;S06005 - CAPTURA DE INSETOS (C) (Prioridade: 2 - Média);1CIA IND/2CIA/1PEL(PASSOS);ASL06087;Não;Não;Não;BOLETIM DE OCORRENCIA;Classificada;25/01/2025 07:34;Não
2025-37566171-5;(BM) 2025-003639352-001;24/01/2025 09:25;AVENIDA GOVERNADOR VALADARES, Nº 595 - CENTRO - ALPINOPOLIS;-208.626.059;-463.864.728;P01002 - VISTORIA DE LIBERACAO / EMISSAO DE AVCB (C) (Prioridade: 2 - Média);1CIA IND/2CIA/PEL PREV E VIST(PASSOS);APF01362;Não;Não;Não;BOLETIM DE OCORRENCIA;Classificada;25/01/2025 07:35;Não
2025-37566636-7;(BM) 2025-003645020-001;24/01/2025 10:05;RUA BASTILHA, Nº 217 - RECANTO DEL REI - PASSOS;-207.284.562;-46.600.185;P02002 - VISTORIA EM RISCO DE QUEDA DE ARVORE (C) (Prioridade: 2 - Média);1CIA IND/2CIA/1PEL(PASSOS);ASL06087;Não;Não;Não;BOLETIM DE OCORRENCIA;Classificada;25/01/2025 07:35;Não
2025-37567486-1;(BM) 2025-003665088-001;24/01/2025 11:12;RUA CEARA, Nº 361 - BELA VISTA - PASSOS;-207.143.857;-466.016.604;S06010 - CORTE/PODA DE ARVORE CAIDA SOBRE RESIDENCIA (C) (Prioridade: 1 - Alta);1CIA IND/2CIA/1PEL(PASSOS);ASL06087;Não;Não;Não;BOLETIM DE OCORRENCIA;Classificada;25/01/2025 07:35;Não
2025-37567838-7;(BM) 2025-003660254-001;24/01/2025 11:43;AVENIDA COMENDADOR FRANCISCO A MAIA, Nº 2400 - PASSOS;-207.231.257;-466.126.425;P01002 - VISTORIA DE LIBERACAO / EMISSAO DE AVCB (C) (Prioridade: 2 - Média);1CIA IND/2CIA/PEL PREV E VIST(PASSOS);APF01362;Não;Não;Não;BOLETIM DE OCORRENCIA;Classificada;25/01/2025 07:35;Não
2025-37567866-2;(BM) 2025-003665194-001;24/01/2025 11:46;RUA CORONEL GASPARINO DE ANDRADE, Nº 959 - CENTRO - ITAU DE MINAS;-207.457.924;-467.538.973;P03005 - PREVENCAO EM EVENTO POLITICO / COMICIO (C) (Prioridade: 2 - Média);1CIA IND/2CIA/1PEL(PASSOS);UR00565;Não;Não;Não;BOLETIM DE OCORRENCIA;Classificada;25/01/2025 07:35;Não
2025-37568971-2;(BM) 2025-003671646-001;24/01/2025 13:32;ESTRADA PSS0202 - AREIAS S/N ZONA RURAL, Nº S/N - PASSOS;-207.558.396;-465.055.885;P01001 - VISTORIA DE FISCALIZACAO (C) (Prioridade: 2 - Média);1CIA IND/2CIA/PEL PREV E VIST(PASSOS);APF01362;Não;Não;Não;BOLETIM DE OCORRENCIA;Classificada;25/01/2025 07:35;Não
2025-37569104-4;;24/01/2025 13:44;RUA BERILO, Nº 74 - ACLIMACAO - PASSOS;-20.750.619;-465.991.972;V01010 - VITIMA COM DOR TORACICA/SUSPEITA DE INFARTO (IAM) (C) (Prioridade: 1 - Alta);1CIA IND/2CIA/1PEL(PASSOS);UR00565;Não;Não;Não;NADA CONSTATADO;Classificada;24/01/2025 14:56;Não
2025-37569510-5;(BM) 2025-003677684-001;24/01/2025 14:11;AVENIDA COMENDADOR FRANCISCO A MAIA, Nº 2406 - CANDEIAS - PASSOS;-207.199.206;-466.134.009;P01001 - VISTORIA DE FISCALIZACAO (C) (Prioridade: 2 - Média);1CIA IND/2CIA/1PEL(PASSOS);ASL06087;Não;Não;Não;BOLETIM DE OCORRENCIA;Classificada;25/01/2025 07:35;Não
2025-37570421-4;(BM) 2025-003697895-001;24/01/2025 14:55;RUA NEBRASKA, Nº 508 - RESIDENCIAL ELDORADO - PASSOS;-207.305.268;-466.236.715;V03018 - VITIMA DE QUEDA DA PROPRIA ALTURA (C) (Prioridade: 1 - Alta);1CIA IND/2CIA/1PEL(PASSOS);UR00565;Não;Não;Não;BOLETIM DE OCORRENCIA;Classificada;25/01/2025 07:34;Não
2025-37572561-4;(BM) 2025-003713993-001;24/01/2025 16:55;RODOVIA MG 050, Nº S/N - PASSOS;-207.372.242;-466.331.087;P03014 - PREVENCAO EM POUSO E DECOLAGEM DE AERONAVE (C) (Prioridade: 2 - Média);1CIA IND/2CIA/1PEL(PASSOS);ABTS00495;Não;Não;Não;BOLETIM DE OCORRENCIA;Classificada;25/01/2025 07:35;Não
2025-37575320-4;(BM) 2025-003741098-001;24/01/2025 19:50;RUA ARARAS, Nº 130 - VILA ROMANA - PASSOS;-207.431.504;-466.119.668;S06001 - SALVAMENTO DE ANIMAL EM RISCO / PERIGO (C) (Prioridade: 2 - Média);1CIA IND/2CIA/1PEL(PASSOS);ASL06087;Não;Não;Não;BOLETIM DE OCORRENCIA;Classificada;25/01/2025 07:35;Não
2025-37577644-7;;24/01/2025 22:15;RUA MARANHAO, Nº 547 - SANTA LUZIA - PASSOS;;;V01023 - VITIMA DE SINCOPE (DESMAIO)/VERTIGEM (C) (Prioridade: 1 - Alta);1CIA IND/2CIA/1PEL(PASSOS);UR00565;Não;Não;Não;NADA CONSTATADO;Classificada;24/01/2025 23:02;Não
2025-37578075-9;(BM) 2025-003785884-002 / (PM) 2025-003785884-001;24/01/2025 22:40;RUA GOIAS, Nº 135 - CENTRO - POCOS DE CALDAS;-217.807.705;-465.674.473;V01013 - VITIMA DE EMERGENCIAS PSIQUIATRICAS (C) (Prioridade: 1 - Alta);1CIA IND (POCOS DE CALDAS);UR05589;Não;Não;Não;BOLETIM DE OCORRENCIA;Classificada;25/01/2025 17:00;Não
2025-37581783-7;(BM) 2025-003800085-001;25/01/2025 03:35;RUA TAPAJOS, Nº 1971 - NOSSA SENHORA APARECIDA - PASSOS;-207.433.749;-466.067.707;V01013 - VITIMA DE EMERGENCIAS PSIQUIATRICAS (C) (Prioridade: 1 - Alta);1CIA IND/2CIA/1PEL(PASSOS);UR00565;Não;Não;Não;BOLETIM DE OCORRENCIA;Classificada;25/01/2025 07:34;Não
2025-37583486-2;(BM) 2025-003811451-001;25/01/2025 09:11;RUA CEARA, Nº 361 - BELA VISTA - PASSOS;-207.143.857;-466.016.604;S06010 - CORTE/PODA DE ARVORE CAIDA SOBRE RESIDENCIA (C) (Prioridade: 1 - Alta);1CIA IND/2CIA/1PEL(PASSOS);ASL06087;Não;Não;Não;BOLETIM DE OCORRENCIA;Classificada;26/01/2025 08:06;Não
2025-37583555-3;(BM) 2025-003812456-001;25/01/2025 09:20;RUA LUIZ MOURA DA SILVA, Nº 62 - COHAB 3 - PASSOS;-207.030.965;-466.258.744;S06001 - SALVAMENTO DE ANIMAL EM RISCO / PERIGO (C) (Prioridade: 2 - Média);1CIA IND/2CIA/1PEL(PASSOS);ABTS00495;Não;Não;Não;BOLETIM DE OCORRENCIA;Classificada;26/01/2025 08:05;Não
2025-37583690-9;(BM) 2025-003816244-001;25/01/2025 09:37;RUA RIO VERDE, Nº 1034 - SANTA LUZIA - PASSOS;-207.049.742;-466.018.396;P02011 - VISTORIA EM ENXAME DE INSETOS (C) (Prioridade: 2 - Média);1CIA IND/2CIA/1PEL(PASSOS);ASL06087;Não;Não;Não;BOLETIM DE OCORRENCIA;Classificada;26/01/2025 08:05;Não
2025-37584543-0;(BM) 2025-003825518-001;25/01/2025 11:10;RUA VITORIA, Nº 81 - JARDIM COLEGIO DE PASSOS - PASSOS;-207.217.714;-465.956.526;V01005 - VITIMA COM CRISE HIPERTENSIVA/HIPOTENSAO (C) (Prioridade: 1 - Alta);1CIA IND/2CIA/1PEL(PASSOS);UR00565;Não;Não;Não;BOLETIM DE OCORRENCIA;Classificada;26/01/2025 08:06;Não
2025-37585714-6;(BM) 2025-003838179-001;25/01/2025 13:26;RUA SEBASTIAO TEOFILO, Nº 70 - NOVA CALIFORNIA - PASSOS;-207.020.908;-466.203.072;V01024 - VITIMA DE SUICIDIO (TENTATIVA) - APH CLINICO (C) (Prioridade: 1 - Alta);1CIA IND/2CIA/1PEL(PASSOS);UR00565;Não;Não;Não;BOLETIM DE OCORRENCIA;Classificada;26/01/2025 08:06;Não
2025-37589238-3;(BM) 2025-003863902-001;25/01/2025 17:30;AVENIDA PROJETADA, Nº 1911 - RESIDENCIAL RECANTO DOS PINHEIROS - PASSOS;-206.932.331;-466.111.091;P02001 - VISTORIA EM HIDRANTE (C) (Prioridade: 2 - Média);1CIA IND/2CIA/1PEL(PASSOS);ASL06087;Não;Não;Não;BOLETIM DE OCORRENCIA;Classificada;26/01/2025 08:06;Não
2025-37589596-3;(BM) 2025-003866947-001;25/01/2025 17:54;RUA FRANCISCO VENANCIO, Nº 229 - COHAB 3 - PASSOS;-207.017.175;-466.261.707;V01018 - VITIMA DE MAL NAO DEFINIDO (DISTURBIO) (C) (Prioridade: 1 - Alta);1CIA IND/2CIA/1PEL(PASSOS);UR00565;Não;Não;Não;BOLETIM DE OCORRENCIA;Classificada;26/01/2025 08:06;Não
2025-37592059-2;(BM) 2025-003887444-001;25/01/2025 20:28;RUA RIO VERDE, Nº 1034 - SANTA LUZIA - PASSOS;-207.049.742;-466.018.396;S06005 - CAPTURA DE INSETOS (C) (Prioridade: 2 - Média);1CIA IND/2CIA/1PEL(PASSOS);ASL06087;Não;Não;Não;BOLETIM DE OCORRENCIA;Classificada;26/01/2025 08:06;Não
2025-37597326-4;(BM) 2025-003929293-001;26/01/2025 01:28;RUA SEBASTIAO PROCOPIO DE OLIVEIRA, Nº S/N - MIRANTE DO VALE - PASSOS;-207.217.022;-465.781.608;V01013 - VITIMA DE EMERGENCIAS PSIQUIATRICAS (C) (Prioridade: 1 - Alta);1CIA IND/2CIA/1PEL(PASSOS);UR00565;Não;Não;Não;BOLETIM DE OCORRENCIA;Classificada;26/01/2025 08:06;Não
2025-37599148-9;(BM) 2025-003941909-001;26/01/2025 05:11;AVENIDA COMENDADOR FRANCISCO A MAIA, Nº 3661 - BELO HORIZONTE - PASSOS;-2.073.046;-466.082.084;W04000 - NADA CONSTATADO (C) (Prioridade: 3 - Baixa);1CIA IND/2CIA/1PEL(PASSOS);UR00565;Não;Não;Não;BOLETIM DE OCORRENCIA;Classificada;26/01/2025 08:05;Não
2025-37599761-4;(BM) 2025-003948259-001;26/01/2025 07:36;RUA AURORA, Nº 226 - BELO HORIZONTE - PASSOS;-207.245.425;-466.034.833;V01025 - VITIMA DE USO / ABUSO / DEPENDENCIA DE DROGAS / ALCOOL (C) (Prioridade: 1 - Alta);1CIA IND/2CIA/1PEL(PASSOS);UR00565;Não;Não;Não;BOLETIM DE OCORRENCIA;Classificada;27/01/2025 07:32;Não
2025-37600860-7;(BM) 2025-003957262-001;26/01/2025 10:09;RUA DOUTOR CARVALHO, Nº 1455 - NOSSA SENHORA DAS GRAÇAS - PASSOS;-207.352.269;-466.037.303;Q03005 - TREINAMENTO DE SALVAMENTO TERRESTRE (C) (Prioridade: 2 - Média);1CIA IND/2CIA/1PEL(PASSOS);BM1272152;Não;Não;Não;BOLETIM DE OCORRENCIA;Classificada;27/01/2025 07:31;Não
2025-37601650-0;(BM) 2025-003977614-001;26/01/2025 11:39;RUA GAIVOTA, Nº 331 - NOSSA SENHORA DAS GRAÇAS - PASSOS;-207.390.631;-466.066.114;P02002 - VISTORIA EM RISCO DE QUEDA DE ARVORE (C) (Prioridade: 2 - Média);1CIA IND/2CIA/1PEL(PASSOS);ASL06087;Não;Não;Não;BOLETIM DE OCORRENCIA;Classificada;27/01/2025 07:32;Não
2025-37603741-4;(BM) 2025-004062421-001;26/01/2025 15:10;RODOVIA BR 146, Km 351 - PASSOS;-208.195.296;-466.154.796;W03000 - SOLICITANTE ENCONTRADO - PROVIDENCIA DISPENSADA (C) (Prioridade: 3 - Baixa);1CIA IND/2CIA/1PEL(PASSOS);ASL06087;Não;Não;Não;BOLETIM DE OCORRENCIA;Classificada;27/01/2025 07:31;Não
2025-37606807-7;(BM) 2025-004008560-001;26/01/2025 18:37;RUA AGAPANTOS, Nº S/N - MIRANTE DO VALE - PASSOS;-207.239.899;-465.800.709;P02001 - VISTORIA EM HIDRANTE (C) (Prioridade: 2 - Média);1CIA IND/2CIA/1PEL(PASSOS);ASL06087;Não;Não;Não;BOLETIM DE OCORRENCIA;Classificada;27/01/2025 07:32;Não
2025-37607051-8;(BM) 2025-004008545-001;26/01/2025 18:52;AVENIDA CEL RAIMUNDO DE FREITAS, Nº S/N - MIRANTE DO VALE - PASSOS;-207.234.112;-465.770.051;P02001 - VISTORIA EM HIDRANTE (C) (Prioridade: 2 - Média);1CIA IND/2CIA/1PEL(PASSOS);ASL06087;Não;Não;Não;BOLETIM DE OCORRENCIA;Classificada;27/01/2025 07:32;Não
2025-37611059-3;;26/01/2025 23:26;AVENIDA JUCA STOCKLER, Nº S/N - ACLIMACAO - PASSOS;;;W10000 - DISPENSADA POR DUPLICIDADE DE EMPENHO COM OUTROS ORGAOS (C) (Prioridade: 1 - Alta);1CIA IND/2CIA/1PEL(PASSOS);UR00565;Não;Não;Não;ATENDIDA PELO SAMU;Classificada;27/01/2025 07:32;Não
2025-37612158-0;;27/01/2025 01:14;RUA BARAO DE PASSOS, Nº 1632 - SANTA LUZIA - PASSOS;;;W04000 - NADA CONSTATADO (C) (Prioridade: 3 - Baixa);1CIA IND/2CIA/1PEL(PASSOS);;Não;Não;Não;NADA CONSTATADO;Classificada;27/01/2025 06:09;Não
2025-37613237-0;(BM) 2025-004063272-001;27/01/2025 06:49;RUA SAO JOSE, Nº 383 - COUNTRY CLUB - POCOS DE CALDAS;-217.879.388;-465.912.394;X03000 - EMPENHO ADMINISTRATIVO (C) (Prioridade: 2 - Média);1CIA IND/2CIA/1PEL(PASSOS);ASL06087;Não;Não;Não;BOLETIM DE OCORRENCIA;Classificada;28/01/2025 08:08;Não
2025-37613678-6;(BM) 2025-004066878-001;27/01/2025 07:57;RUA EQUADOR, Nº 893 - POLIVALENTE - PASSOS;-207.022.414;-466.020.471;V01009 - VITIMA COM DOR NA COLUNA VERTEBRAL (COSTAS) (C) (Prioridade: 1 - Alta);1CIA IND/2CIA/1PEL(PASSOS);UR00565;Não;Não;Não;BOLETIM DE OCORRENCIA;Classificada;28/01/2025 08:09;Não
2025-37615296-0;(BM) 2025-004090970-001;27/01/2025 10:19;RUA DIAMANTINA, Nº 309 - CANDEIAS - PASSOS;-207.222.115;-466.180.085;V01007 - VITIMA COM DISPNEIA (FALTA DE AR) (C) (Prioridade: 1 - Alta);1CIA IND/2CIA/1PEL(PASSOS);UR00565;Não;Não;Não;BOLETIM DE OCORRENCIA;Classificada;28/01/2025 08:09;Não
2025-37615363-6;(BM) 2025-004091085-001;27/01/2025 10:25;RUA GENARO JOELE, Nº 7 - DISTRITO INDUSTRIAL 1 - PASSOS;-207.051.172;-465.912.187;P02011 - VISTORIA EM ENXAME DE INSETOS (C) (Prioridade: 2 - Média);1CIA IND/2CIA/1PEL(PASSOS);ABTS00495;Não;Não;Não;BOLETIM DE OCORRENCIA;Classificada;28/01/2025 08:08;Não
2025-37615941-0;(BM) 2025-004154960-001;27/01/2025 11:03;RUA DOUTOR CARVALHO, Nº 1455 - NOSSA SENHORA DAS GRAÇAS - PASSOS;-207.352.269;-466.037.303;V03012 - VITIMA COM OBJETO PRESO AO CORPO (C) (Prioridade: 1 - Alta);1CIA IND/2CIA/1PEL(PASSOS);UR00565 / BM1551159;Não;Não;Não;BOLETIM DE OCORRENCIA;Classificada;28/01/2025 08:09;Não
2025-37617028-2;(BM) 2025-004108372-001;27/01/2025 12:58;RUA DOUTOR CARVALHO, Nº 1007 - BELO HORIZONTE - PASSOS;-207.303.421;-466.054.501;V03012 - VITIMA COM OBJETO PRESO AO CORPO (C) (Prioridade: 1 - Alta);1CIA IND/2CIA/1PEL(PASSOS);BM1551159;Não;Não;Não;BOLETIM DE OCORRENCIA;Classificada;28/01/2025 08:09;Não
2025-37618737-0;(BM) 2025-004155062-001;27/01/2025 14:50;RUA RIO GRANDE DO SUL, Nº 1118 - BELA VISTA 2 - PASSOS;-207.110.548;-465.936.685;V03019 - VITIMA DE QUEDA DE ALTURA (C) (Prioridade: 1 - Alta);1CIA IND/2CIA/1PEL(PASSOS);UR00565;Não;Não;Não;BOLETIM DE OCORRENCIA;Classificada;28/01/2025 08:09;Não
2025-37618863-5;(BM) 2025-004148268-001;27/01/2025 14:56;RUA NOSSO SENHOR PASSOS, Nº 345 - PASSOS;-207.041.186;-466.466.883;S06002 - CAPTURA DE ANIMAL SILVESTRE PERIGOSO / AGRESSIVO (C) (Prioridade: 2 - Média);1CIA IND/2CIA/1PEL(PASSOS);ASL06087;Não;Não;Não;BOLETIM DE OCORRENCIA;Classificada;28/01/2025 08:08;Não
2025-37620373-9;(BM) 2025-004149548-001;27/01/2025 16:16;RUA DOUTOR CARVALHO, Nº 1455 - NOSSA SENHORA DAS GRAÇAS - PASSOS;-207.352.269;-466.037.303;Q03005 - TREINAMENTO DE SALVAMENTO TERRESTRE (C) (Prioridade: 2 - Média);1CIA IND/2CIA/1PEL(PASSOS);BM1206671;Não;Não;Não;BOLETIM DE OCORRENCIA;Classificada;28/01/2025 08:09;Não
2025-37621948-4;(BM) 2025-004177768-001;27/01/2025 17:43;RUA DOUTOR CARVALHO, Nº 1455 - NOSSA SENHORA DAS GRAÇAS - PASSOS;-207.352.269;-466.037.303;V03012 - VITIMA COM OBJETO PRESO AO CORPO (C) (Prioridade: 1 - Alta);1CIA IND/2CIA/1PEL(PASSOS);UR00565;Não;Não;Não;BOLETIM DE OCORRENCIA;Classificada;28/01/2025 08:09;Não
2025-37622901-6;(BM) 2025-004177833-001;27/01/2025 18:43;RUA FRANCISCO BARBOSA NASCIMENTO, Nº S/N - RESIDENCIAL VILLAGIO DI ITALIA - PASSOS;-207.304.765;-465.859.341;S06002 - CAPTURA DE ANIMAL SILVESTRE PERIGOSO / AGRESSIVO (C) (Prioridade: 2 - Média);1CIA IND/2CIA/1PEL(PASSOS);ASL06087;Não;Não;Não;BOLETIM DE OCORRENCIA;Classificada;28/01/2025 08:09;Não
2025-37623857-1;(BM) 2025-004188088-001;27/01/2025 19:52;PRACA FRANCISCO SALLES, Nº S/N - BELO HORIZONTE - PASSOS;-207.264.675;-466.045.971;S06005 - CAPTURA DE INSETOS (C) (Prioridade: 2 - Média);1CIA IND/2CIA/1PEL(PASSOS);ASL06087;Não;Não;Não;BOLETIM DE OCORRENCIA;Classificada;28/01/2025 08:09;Não
2025-37625660-8;(BM) 2025-004232891-001;27/01/2025 21:57;ESTRADA CAMPOS - PASSOS;;;S04007 - BUSCA E SALVAMENTO DE PESSOA PERDIDA / DESAPARECIDA (C) (Prioridade: 1 - Alta);1CIA IND/2CIA/1PEL(PASSOS);ASL06087;Não;Não;Não;BOLETIM DE OCORRENCIA;Classificada;28/01/2025 08:09;Não
2025-37629693-9;(BM) 2025-004244491-001;28/01/2025 08:11;RUA DOUTOR CARVALHO, Nº 1455 - NOSSA SENHORA DAS GRAÇAS - PASSOS;-207.352.269;-466.037.303;Q03017 - TREINAMENTO DE PRIMEIROS SOCORROS (C) (Prioridade: 2 - Média);1CIA IND/2CIA/1PEL(PASSOS);BM1637099;Não;Não;Não;BOLETIM DE OCORRENCIA;Classificada;29/01/2025 07:57;Não
2025-37629983-9;(BM) 2025-004247322-001;28/01/2025 08:38;AVENIDA AMAZONAS, Nº S/N - BELA VISTA - PASSOS;-207.159.283;-465.997.605;S06002 - CAPTURA DE ANIMAL SILVESTRE PERIGOSO / AGRESSIVO (C) (Prioridade: 2 - Média);1CIA IND/2CIA/1PEL(PASSOS);ASL06087;Não;Não;Não;BOLETIM DE OCORRENCIA;Classificada;29/01/2025 07:57;Não
2025-37631913-6;(BM) 2025-004273621-001;28/01/2025 11:16;RUA RIO GRANDE DO NORTE / RUA CEARA - BELA VISTA - PASSOS;-207.185.664;-465.973.278;V01020 - VITIMA COM PARADA CARDIORRESPIRATORIA (C) (Prioridade: 1 - Alta);1CIA IND/2CIA/1PEL(PASSOS);UR00565;Não;Não;Não;BOLETIM DE OCORRENCIA;Classificada;29/01/2025 07:58;Não
2025-37632100-3;(BM) 2025-004275871-001;28/01/2025 11:31;RUA AMAPA, Nº 1110 - PASSOS;-20.712.203;-466.016.997;O02027 - INCENDIO VEIC. AUTOMOTOR (EXCETO TANQUE/ONIBUS/MICRO-ONIBUS) (C) (Prioridade: 1 - Alta);1CIA IND/2CIA/1PEL(PASSOS);ABTS00495;Não;Não;Não;BOLETIM DE OCORRENCIA;Classificada;29/01/2025 07:58;Não
2025-37632638-9;(BM) 2025-004283038-001;28/01/2025 12:35;RUA ESTUDANTES, Nº 336 - PENHA - PASSOS;-207.168.628;-466.173.188;V01024 - VITIMA DE SUICIDIO (TENTATIVA) - APH CLINICO (C) (Prioridade: 1 - Alta);1CIA IND/2CIA/1PEL(PASSOS);UR00565;Não;Não;Não;BOLETIM DE OCORRENCIA;Classificada;29/01/2025 07:58;Não
2025-37633523-2;(BM) 2025-004291021-001;28/01/2025 13:52;RUA MATO GROSSO, Nº 961 - SANTA LUZIA - PASSOS;-207.079.956;-466.016.881;P01001 - VISTORIA DE FISCALIZACAO (C) (Prioridade: 2 - Média);1CIA IND/2CIA/PEL PREV E VIST(PASSOS);APF01362;Não;Não;Não;BOLETIM DE OCORRENCIA;Classificada;29/01/2025 07:57;Não
2025-37633907-4;(BM) 2025-004298941-001;28/01/2025 14:17;RUA CANJERANUS, Nº 2179 - PASSOS;-207.026.879;-466.181.076;P01001 - VISTORIA DE FISCALIZACAO (C) (Prioridade: 2 - Média);1CIA IND/2CIA/PEL PREV E VIST(PASSOS);APF01362;Não;Não;Não;BOLETIM DE OCORRENCIA;Classificada;29/01/2025 07:57;Não
2025-37634779-1;(BM) 2025-004306980-001;28/01/2025 15:00;RUA MANTIQUEIRA, Nº 427 - VILA RICA - PASSOS;-207.277.583;-465.953.802;P01001 - VISTORIA DE FISCALIZACAO (C) (Prioridade: 2 - Média);1CIA IND/2CIA/PEL PREV E VIST(PASSOS);APF01362;Não;Não;Não;BOLETIM DE OCORRENCIA;Classificada;29/01/2025 07:58;Não
2025-37637107-0;(BM) 2025-004343515-001;28/01/2025 17:11;AVENIDA CHICO XAVIER, Nº 342 - PARQUE DAS AROEIRAS - PASSOS;-207.221.451;-466.282.111;P02011 - VISTORIA EM ENXAME DE INSETOS (C) (Prioridade: 2 - Média);1CIA IND/2CIA/1PEL(PASSOS);ASL06087;Não;Não;Não;BOLETIM DE OCORRENCIA;Classificada;29/01/2025 07:58;Não
2025-37641537-2;;28/01/2025 22:19;RUA PIAU, Nº 39 - Jardim Vila Rica - PASSOS;;;V01006 - VITIMA COM DIFICULDADE DE LOCOMOCAO (C) (Prioridade: 1 - Alta);1CIA IND/2CIA/1PEL(PASSOS);UR00565;Não;Não;Não;ATENDIDA PELO SAMU;Classificada;28/01/2025 22:55;Não
2025-37643695-4;(BM) 2025-004403472-001;29/01/2025 01:51;RUA RIO GRANDE DO SUL, Nº 444 - BELA VISTA - PASSOS;-207.154.204;-465.981.341;O02036 - INCENDIO EM AMONTOADO DE MADEIRA (C) (Prioridade: 2 - Média);1CIA IND/2CIA/1PEL(PASSOS);ABTS00495;Não;Não;Não;BOLETIM DE OCORRENCIA;Classificada;29/01/2025 07:58;Não
2025-37644985-0;(BM) 2025-004418336-001;29/01/2025 07:52;RUA OPALA, Nº 495 - ACLIMACAO - PASSOS;-207.553.185;-466.001.495;P02011 - VISTORIA EM ENXAME DE INSETOS (C) (Prioridade: 2 - Média);1CIA IND/2CIA/1PEL(PASSOS);ASL06087;Não;Não;Não;BOLETIM DE OCORRENCIA;Classificada;31/01/2025 09:05;Não
2025-37645183-3;(BM) 2025-004414914-001;29/01/2025 08:11;RUA DOUTOR SATURNINO, Nº 60 - CENTRO - PASSOS;-207.220.598;-466.100.743;X03000 - EMPENHO ADMINISTRATIVO (C) (Prioridade: 2 - Média);1CIA IND/2CIA/PEL PREV E VIST(PASSOS);APF01362;Não;Não;Não;BOLETIM DE OCORRENCIA;Classificada;31/01/2025 09:06;Não
2025-37645246-1;(BM) 2025-004443199-001;29/01/2025 08:16;AVENIDA JK, Nº 1844 - NOVO HORIZONTE - PASSOS;-207.336.142;-465.982.854;P03002 - PERIGO DE ELETROCUSSAO (C) (Prioridade: 2 - Média);1CIA IND/2CIA/1PEL(PASSOS);ABTS00495;Não;Não;Não;BOLETIM DE OCORRENCIA;Classificada;31/01/2025 09:06;Não
2025-37645856-2;(BM) 2025-004438036-001;29/01/2025 09:11;TRAVESSA INCONFIDENTES, Nº 70 - CENTRO - PASSOS;-207.169.129;-466.121.367;P02004 - VISTORIA EM RISCO DE DESABAMENTO / DESMORONAMENTO (C) (Prioridade: 2 - Média);1CIA IND/2CIA/1PEL(PASSOS);ASL06087;Não;Não;Não;BOLETIM DE OCORRENCIA;Classificada;31/01/2025 09:06;Não
2025-37645937-2;(BM) 2025-004431909-001;29/01/2025 09:21;RUA MONTREAL, Nº 588 - JARDIM CANADA II - PASSOS;-207.538.642;-466.096.338;P02011 - VISTORIA EM ENXAME DE INSETOS (C) (Prioridade: 2 - Média);1CIA IND/2CIA/1PEL(PASSOS);ABTS00495;Não;Não;Não;BOLETIM DE OCORRENCIA;Classificada;31/01/2025 09:06;Não
2025-37646014-1;(BM) 2025-004426451-001;29/01/2025 09:28;AVENIDA COMENDADOR FRANCISCO A MAIA, Nº 1760 - PASSOS;-207.143.102;-466.124.222;V01018 - VITIMA DE MAL NAO DEFINIDO (DISTURBIO) (C) (Prioridade: 1 - Alta);1CIA IND/2CIA/1PEL(PASSOS);UR00565;Não;Não;Não;BOLETIM DE OCORRENCIA;Classificada;31/01/2025 09:07;Não
2025-37648127-9;(BM) 2025-004451624-001;29/01/2025 12:26;RUA BOM SUCESSO, Nº 225 - PASSOS;;;V03018 - VITIMA DE QUEDA DA PROPRIA ALTURA (C) (Prioridade: 1 - Alta);1CIA IND/2CIA/1PEL(PASSOS);UR00565;Não;Não;Não;BOLETIM DE OCORRENCIA;Classificada;31/01/2025 09:07;Não
2025-37649163-8;(BM) 2025-004475532-001;29/01/2025 13:59;RUA CEARA, Nº 566 - BELA VISTA - PASSOS;-207.156.943;-466.005.438;V01023 - VITIMA DE SINCOPE (DESMAIO)/VERTIGEM (C) (Prioridade: 1 - Alta);1CIA IND/2CIA/1PEL(PASSOS);UR00565;Não;Não;Não;BOLETIM DE OCORRENCIA;Classificada;31/01/2025 09:07;Não
2025-37651272-6;(BM) 2025-004513628-002;29/01/2025 16:01;RODOVIA MG 050, Nº 334 - RECANTO DA TEKA - PASSOS;-207.394.327;-465.984.364;Y40035 - APOIO DE SOLO EM OPERACOES AEREAS (C) (Prioridade: 2 - Média);1CIA IND/2CIA/1PEL(PASSOS);UR00565 / ASL06087;Não;Não;Não;BOLETIM DE OCORRENCIA;Classificada;31/01/2025 09:06;Não
2025-37654225-2;(BM) 2025-004520990-001;29/01/2025 19:16;RUA OPALA, Nº 495 - ACLIMACAO - PASSOS;-207.553.185;-466.001.495;S06006 - EXTERMINIO DE INSETOS (C) (Prioridade: 2 - Média);1CIA IND/2CIA/1PEL(PASSOS);ASL06087;Não;Não;Não;BOLETIM DE OCORRENCIA;Classificada;31/01/2025 09:06;Não
2025-37654741-1;(BM) 2025-004524459-001;29/01/2025 19:49;RUA MONTREAL, Nº 588 - JARDIM CANADA II - PASSOS;-207.538.642;-466.096.338;S06006 - EXTERMINIO DE INSETOS (C) (Prioridade: 2 - Média);1CIA IND/2CIA/1PEL(PASSOS);ASL06087;Não;Não;Não;BOLETIM DE OCORRENCIA;Classificada;31/01/2025 09:06;Não
2025-37660262-3;(BM) 2025-004580165-001;30/01/2025 07:49;RUA NOSSA SENHORA DE FATIMA, Nº 1018 - JARDIM ELAINE - PASSOS;-206.952.666;-466.159.978;S06002 - CAPTURA DE ANIMAL SILVESTRE PERIGOSO / AGRESSIVO (C) (Prioridade: 2 - Média);1CIA IND/2CIA/1PEL(PASSOS);ASL06087;Não;Não;Não;BOLETIM DE OCORRENCIA;Classificada;31/01/2025 09:06;Não
2025-37661315-3;(BM) 2025-004603870-001;30/01/2025 09:23;RUA BOCAIUVA, Nº 153 - PENHA - PASSOS;-207.281.303;-46.626.744;V01009 - VITIMA COM DOR NA COLUNA VERTEBRAL (COSTAS) (C) (Prioridade: 1 - Alta);1CIA IND/2CIA/1PEL(PASSOS);UR00565;Não;Não;Não;BOLETIM DE OCORRENCIA;Classificada;31/01/2025 09:07;Não
2025-37662593-1;(BM) 2025-004606388-001;30/01/2025 10:53;RODOVIA MG 050, Nº S/N - PASSOS;-207.372.242;-466.331.087;Y40035 - APOIO DE SOLO EM OPERACOES AEREAS (C) (Prioridade: 2 - Média);1CIA IND/2CIA/1PEL(PASSOS);UR00565;Não;Não;Não;BOLETIM DE OCORRENCIA;Classificada;31/01/2025 09:07;Não
2025-37663695-7;(BM) 2025-004621828-001;30/01/2025 12:08;RUA COELHO NETO, Nº 80 - CANDEIAS - PASSOS;-207.246.456;-466.173.517;P02002 - VISTORIA EM RISCO DE QUEDA DE ARVORE (C) (Prioridade: 2 - Média);1CIA IND/2CIA/1PEL(PASSOS);ASL06087;Não;Não;Não;BOLETIM DE OCORRENCIA;Classificada;31/01/2025 09:07;Não
2025-37663988-5;(BM) 2025-004622036-001;30/01/2025 12:39;RUA MANTIQUEIRA, Nº 393 - PASSOS;-207.274.558;-465.953.099;P02004 - VISTORIA EM RISCO DE DESABAMENTO / DESMORONAMENTO (C) (Prioridade: 2 - Média);1CIA IND/2CIA/1PEL(PASSOS);ABTS00495;Não;Não;Não;BOLETIM DE OCORRENCIA;Classificada;31/01/2025 09:07;Não
2025-37664263-8;(BM) 2025-004631914-001;30/01/2025 12:59;RUA JOSE MARIA ALVES DE JESUS, Nº 101 - MIRANTE DO VALE - PASSOS;;;S06001 - SALVAMENTO DE ANIMAL EM RISCO / PERIGO (C) (Prioridade: 2 - Média);1CIA IND/2CIA/1PEL(PASSOS);ASL06087;Não;Não;Não;BOLETIM DE OCORRENCIA;Classificada;31/01/2025 09:07;Não
2025-37666861-0;(BM) 2025-004656071-001;30/01/2025 15:12;RUA MONTES CLAROS, Nº 806 - COHAB 3 - PASSOS;-207.057.003;-466.291.944;V01001 - VITIMA DE ACIDENTE VASCULAR CEREBRAL (AVC) (C) (Prioridade: 1 - Alta);1CIA IND/2CIA/1PEL(PASSOS);UR00565;Não;Não;Não;BOLETIM DE OCORRENCIA;Classificada;31/01/2025 09:07;Não
2025-37670117-0;(BM) 2025-004693082-001;30/01/2025 18:12;RUA CALIMERIO FRANCISCO DIAS, Nº 171 - NOVA CALIFORNIA - PASSOS;-207.027.574;-466.218.792;V01005 - VITIMA COM CRISE HIPERTENSIVA/HIPOTENSAO (C) (Prioridade: 1 - Alta);1CIA IND/2CIA/1PEL(PASSOS);UR00565;Não;Não;Não;BOLETIM DE OCORRENCIA;Classificada;31/01/2025 09:07;Não
2025-37678335-5;(BM) 2025-004773179-001;31/01/2025 09:49;RUA DOUTOR CARVALHO, Nº 1455 - NOSSA SENHORA DAS GRAÇAS - PASSOS;-207.352.269;-466.037.303;Q03017 - TREINAMENTO DE PRIMEIROS SOCORROS (C) (Prioridade: 2 - Média);1CIA IND/2CIA/1PEL(PASSOS);BM1206671;Não;Não;Não;BOLETIM DE OCORRENCIA;Classificada;01/02/2025 07:58;Não
2025-37679797-6;(BM) 2025-004795937-002 / (PM) 2025-004795937-001;31/01/2025 11:54;RODOVIA MG 050, Nº S/N - SANTA TEREZINHA - ITAU DE MINAS;-207.498.551;-467.534.723;W98011 - SOLICITACAO DE APOIO (C) (Prioridade: 1 - Alta);1CIA IND/2CIA/1PEL(PASSOS);UR00565;Não;Não;Não;BOLETIM DE OCORRENCIA;Classificada;01/02/2025 07:58;Não
2025-37680641-4;(BM) 2025-004800866-001;31/01/2025 13:20;AVENIDA LIBERDADE, Nº S/N - UNIVERSITARIO - ITAU DE MINAS;-207.435.483;-467.562.108;P01003 - VISTORIA EM EVENTOS TEMPORARIOS (C) (Prioridade: 1 - Alta);1CIA IND/2CIA/PEL PREV E VIST(PASSOS);APF01362;Não;Não;Não;BOLETIM DE OCORRENCIA;Classificada;01/02/2025 07:58;Não
2025-37680923-6;(BM) 2025-004806588-001;31/01/2025 13:42;RUA BOA ESPERANCA, Nº 324 - CALIFORNIA - PASSOS;-207.011.068;-466.175.922;V03018 - VITIMA DE QUEDA DA PROPRIA ALTURA (C) (Prioridade: 1 - Alta);1CIA IND/2CIA/1PEL(PASSOS);UR00565;Não;Não;Não;BOLETIM DE OCORRENCIA;Classificada;01/02/2025 07:58;Não
2025-37681009-0;(BM) 2025-004806497-001;31/01/2025 13:50;AVENIDA AROUCA / RUA TENENTE VASCONCELOS - CENTRO - PASSOS;-207.145.043;-466.093.991;S03999 - OUTROS TIPOS DE SALVAMENTO EM ALTURA   (C) (Prioridade: 1 - Alta);1CIA IND/2CIA/1PEL(PASSOS);ABTS00495;Não;Não;Não;BOLETIM DE OCORRENCIA;Classificada;01/02/2025 07:58;Não
2025-37681606-9;(BM) 2025-004819862-001;31/01/2025 14:28;RUA DOUTOR CARVALHO, Nº 1455 - NOSSA SENHORA DAS GRAÇAS - PASSOS;-207.352.269;-466.037.303;V01018 - VITIMA DE MAL NAO DEFINIDO (DISTURBIO) (C) (Prioridade: 1 - Alta);1CIA IND/2CIA/1PEL(PASSOS);UR00565;Não;Não;Não;BOLETIM DE OCORRENCIA;Classificada;01/02/2025 07:58;Não
2025-37681843-4;(BM) 2025-004819743-001;31/01/2025 14:39;RUA VARGINHA, Nº 207 - COHAB 2 - PASSOS;-207.088.026;-466.264.971;P02002 - VISTORIA EM RISCO DE QUEDA DE ARVORE (C) (Prioridade: 2 - Média);1CIA IND/2CIA/1PEL(PASSOS);ABTS00495;Não;Não;Não;BOLETIM DE OCORRENCIA;Classificada;01/02/2025 07:58;Não
2025-37685965-3;(BM) 2025-004861309-001;31/01/2025 19:02;RUA CURITIBA, Nº 318 - JARDIM COLEGIO DE PASSOS - PASSOS;-207.197.394;-465.951.941;V03019 - VITIMA DE QUEDA DE ALTURA (C) (Prioridade: 1 - Alta);1CIA IND/2CIA/1PEL(PASSOS);UR00565;Não;Não;Não;BOLETIM DE OCORRENCIA;Classificada;01/02/2025 07:57;Não
2025-37687142-2;(BM) 2025-004886462-001;31/01/2025 20:19;RUA NOSSA SENHORA DE FATIMA, Nº 1142 - JARDIM ELAINE - PASSOS;-206.945.822;-466.161.517;W04000 - NADA CONSTATADO (C) (Prioridade: 3 - Baixa);1CIA IND/2CIA/1PEL(PASSOS);UR00565;Não;Não;Não;BOLETIM DE OCORRENCIA;Classificada;01/02/2025 07:58;Não
