Nº chamada;Nº REDS;Data/hora de criação;Local do fato;Latitude  do local;Longitude do local;Natureza;Unidade Responsável;Recursos empenhados;Alerta;Destaque;Envolve autoridade;Tipo de classificação;Situação;Data/hora da situação atual;Evento associado
2025-38691291-4;(BM) 2025-014933137-001;01/04/2025 07:18;RUA GAIVOTA, Nº 64 - NOSSA SENHORA DAS GRAÇAS - PASSOS;-207.380.692;-466.043.527;S06001 - SALVAMENTO DE ANIMAL EM RISCO / PERIGO (C) (Prioridade: 2 - Média);1CIA IND/2CIA/1PEL(PASSOS);ABTS00495;Não;Não;Não;BOLETIM DE OCORRENCIA;Classificada;01/04/2025 07:49;Não
2025-38691590-5;(BM) 2025-014976070-001;01/04/2025 07:55;RUA DOUTOR CARVALHO, Nº 1455 - NOSSA SENHORA DAS GRAÇAS - PASSOS;-207.352.269;-466.037.303;Q03006 - TREINAMENTO DE FORMACAO DE BRIGADAS (C) (Prioridade: 2 - Média);1CIA IND/2CIA/1PEL(PASSOS);BM1797331;Não;Não;Não;BOLETIM DE OCORRENCIA;Classificada;02/04/2025 07:34;Não
2025-38692898-6;(BM) 2025-014976000-001;01/04/2025 09:52;RUA BOTELHOS, Nº 972 - NOSSA SENHORA DE FATIMA - PASSOS;-206.996.959;-466.111.601;V01007 - VITIMA COM DISPNEIA (FALTA DE AR) (C) (Prioridade: 1 - Alta);1CIA IND/2CIA/1PEL(PASSOS);UR04360;Não;Não;Não;BOLETIM DE OCORRENCIA;Classificada;02/04/2025 07:35;Não
2025-38693883-4;(BM) 2025-014976026-001;01/04/2025 11:06;AVENIDA PERIMETRAL / RUA BOIADEIROS - PENHA - PASSOS;-207.197.501;-466.192.679;V02403 - VITIMA DE COLISAO ENTRE AUTOMOVEIS (CARRO / CAMINHONETE) (C) (Prioridade: 1 - Alta);1CIA IND/2CIA/1PEL(PASSOS);UR04360;Não;Não;Não;BOLETIM DE OCORRENCIA;Classificada;02/04/2025 07:35;Não
2025-38694867-3;(BM) 2025-014975400-001;01/04/2025 12:34;PRACA CONEGO VICENTE BIANCHI, Nº 107 - CENTRO - ALPINOPOLIS;-208.637.482;-463.918.898;X03000 - EMPENHO ADMINISTRATIVO (C) (Prioridade: 2 - Média);1CIA IND/2CIA/PEL PREV E VIST(PASSOS);APF01362;Não;Não;Não;BOLETIM DE OCORRENCIA;Classificada;02/04/2025 07:34;Não
2025-38695267-1;(BM) 2025-015030027-001;01/04/2025 13:10;RUA DOUTOR CARVALHO, Nº 1455 - NOSSA SENHORA DAS GRAÇAS - PASSOS;-207.352.269;-466.037.303;Q03006 - TREINAMENTO DE FORMACAO DE BRIGADAS (C) (Prioridade: 2 - Média);1CIA IND/2CIA/COMANDANTE(PASSOS);BM1235613;Não;Não;Não;BOLETIM DE OCORRENCIA;Classificada;02/04/2025 07:34;Não
2025-38696721-9;(BM) 2025-014998160-001;01/04/2025 14:42;RUA DOM INACIO DALMONT, Nº 186 - CARMELO - PASSOS;-207.153.333;-466.059.299;V03018 - VITIMA DE QUEDA DA PROPRIA ALTURA (C) (Prioridade: 1 - Alta);1CIA IND/2CIA/1PEL(PASSOS);UR04360;Não;Não;Não;BOLETIM DE OCORRENCIA;Classificada;02/04/2025 07:35;Não
2025-38699667-1;(BM) 2025-015037830-001;01/04/2025 17:16;RUA COIMBRAS, Nº 819 - COIMBRAS - PASSOS;;;P02011 - VISTORIA EM ENXAME DE INSETOS (C) (Prioridade: 2 - Média);1CIA IND/2CIA/1PEL(PASSOS);ABTS00495;Não;Não;Não;BOLETIM DE OCORRENCIA;Classificada;02/04/2025 07:34;Não
2025-38701137-4;(BM) 2025-015048765-001;01/04/2025 18:41;RUA ANA CANDIDA DE JESUS, Nº S/N - JARDIM CANADA - PASSOS;-207.510.973;-466.073.324;P02003 - VISTORIA EM LOTE VAGO (C) (Prioridade: 2 - Média);1CIA IND/2CIA/1PEL(PASSOS);ABTS00495;Não;Não;Não;BOLETIM DE OCORRENCIA;Classificada;02/04/2025 07:34;Não
2025-38701365-9;(BM) 2025-015050660-001;01/04/2025 18:54;RUA ANA CANDIDA DE JESUS, Nº S/N - JARDIM CANADA - PASSOS;-207.510.973;-466.073.324;P02003 - VISTORIA EM LOTE VAGO (C) (Prioridade: 2 - Média);1CIA IND/2CIA/1PEL(PASSOS);ABTS00495;Não;Não;Não;BOLETIM DE OCORRENCIA;Classificada;02/04/2025 07:34;Não
2025-38701409-2;(BM) 2025-015053599-001;01/04/2025 18:57;RUA FRANCISCO BARBOSA NASCIMENTO, Nº 116 - RESIDENCIAL VILLAGIO DI ITALIA - PASSOS;-207.304.765;-465.859.341;V01003 - VITIMA COM CRISE CONVULSIVA (C) (Prioridade: 1 - Alta);1CIA IND/2CIA/1PEL(PASSOS);UR04360;Não;Não;Não;BOLETIM DE OCORRENCIA;Classificada;02/04/2025 07:35;Não
2025-38701638-0;(BM) 2025-015053140-001;01/04/2025 19:10;RUA ANA CANDIDA DE JESUS, Nº S/N - JARDIM CANADA - PASSOS;-207.510.973;-466.073.324;P02003 - VISTORIA EM LOTE VAGO (C) (Prioridade: 2 - Média);1CIA IND/2CIA/1PEL(PASSOS);ABTS00495;Não;Não;Não;BOLETIM DE OCORRENCIA;Classificada;02/04/2025 07:35;Não
2025-38707946-4;(BM) 2025-015114951-001;02/04/2025 07:20;RUA JOSE MARIANO NEGRINHO, Nº 30 - COHAB 4 - PASSOS;-207.193.813;-466.336.837;V03005 - VITIMA DE AGRESSAO FISICA SEM USO DE ARMA (C) (Prioridade: 1 - Alta);1CIA IND/2CIA/1PEL(PASSOS);UR04360;Não;Não;Não;BOLETIM DE OCORRENCIA;Classificada;03/04/2025 08:01;Não
2025-38707989-7;;02/04/2025 07:25;ESTRADA CLV0223 - MASCARENHAS DE MORAES, Nº S/N - CLARAVAL;-20.279.139;-472.088.894;X03000 - EMPENHO ADMINISTRATIVO (C) (Prioridade: 2 - Média);1CIA IND/2CIA/PEL PREV E VIST(PASSOS);;Não;Não;Não;TESTE;Classificada;02/04/2025 07:28;Não
2025-38708643-8;(BM) 2025-015245372-001;02/04/2025 08:30;RUA DOUTOR CARVALHO, Nº 1455 - NOSSA SENHORA DAS GRAÇAS - PASSOS;-207.352.269;-466.037.303;Q03006 - TREINAMENTO DE FORMACAO DE BRIGADAS (C) (Prioridade: 2 - Média);1CIA IND/2CIA/PEL PREV E VIST(PASSOS);APF01362;Não;Não;Não;BOLETIM DE OCORRENCIA;Classificada;03/04/2025 05:42;Não
2025-38708629-7;(BM) 2025-015124330-001;02/04/2025 08:31;RUA KANSAS, Nº 100 - SAO FRANCISCO - PASSOS;-207.284.384;-466.195.869;S06001 - SALVAMENTO DE ANIMAL EM RISCO / PERIGO (C) (Prioridade: 2 - Média);1CIA IND/2CIA/1PEL(PASSOS);ABTS00495;Não;Não;Não;BOLETIM DE OCORRENCIA;Classificada;03/04/2025 08:00;Não
2025-38709925-5;(BM) 2025-015139078-001;02/04/2025 10:07;RUA IRLANDA, Nº 1050 - PASSOS;;;P02003 - VISTORIA EM LOTE VAGO (C) (Prioridade: 2 - Média);1CIA IND/2CIA/1PEL(PASSOS);ABTS00495;Não;Não;Não;BOLETIM DE OCORRENCIA;Classificada;03/04/2025 08:00;Não
2025-38710223-5;(BM) 2025-015139156-001;02/04/2025 10:27;RUA JOSE ESTEVES PIANTINO, Nº 168 - PASSOS;;;P02003 - VISTORIA EM LOTE VAGO (C) (Prioridade: 2 - Média);1CIA IND/2CIA/1PEL(PASSOS);ABTS00495;Não;Não;Não;BOLETIM DE OCORRENCIA;Classificada;03/04/2025 08:00;Não
2025-38710474-5;(BM) 2025-015141954-001;02/04/2025 10:43;RUA JOSE ESTEVES PIANTINO, Nº 98 - PASSOS;;;P02003 - VISTORIA EM LOTE VAGO (C) (Prioridade: 2 - Média);1CIA IND/2CIA/1PEL(PASSOS);ABTS00495;Não;Não;Não;BOLETIM DE OCORRENCIA;Classificada;03/04/2025 08:00;Não
2025-38711770-3;;02/04/2025 12:28;RODOVIA MG 050, Km 13, Nº S/N - PASSOS;;;O04013 - INCENDIO EM PASTO (C) (Prioridade: 2 - Média);1CIA IND/2CIA/1PEL(PASSOS);ABTS00495;Não;Não;Não;ATENDIDA PELO SAMU;Classificada;03/04/2025 08:01;Não
2025-38712777-8;(PM) 2025-015176048-001;02/04/2025 13:52;AVENIDA PERIMETRAL, Nº 3709 - PENHA - PASSOS;-207.208.857;-466.197.563;W98011 - SOLICITACAO DE APOIO (C) (Prioridade: 1 - Alta);1CIA IND/2CIA/1PEL(PASSOS);;Não;Não;Não;DUPLICADA;Classificada;02/04/2025 14:12;Não
2025-38712826-1;(BM) 2025-015172184-001;02/04/2025 13:53;AVENIDA PERIMETRAL / AVENIDA BRASILIA - JARDIM PINHEIROS - PASSOS;-207.207.426;-466.206.583;V02402 - VITIMA DE COLISAO ENTRE MOTOCICLETAS (C) (Prioridade: 1 - Alta);1CIA IND/2CIA/1PEL(PASSOS);UR04360;Não;Não;Não;BOLETIM DE OCORRENCIA;Classificada;03/04/2025 08:01;Não
2025-38712838-0;;02/04/2025 13:55;RUA ARIES, Nº 30 - SERRA VERDE - PASSOS;-207.412.183;-465.942.359;O04012 - INCENDIO EM LOTE VAGO (AREA URBANA) (C) (Prioridade: 2 - Média);1CIA IND/2CIA/1PEL(PASSOS);;Não;Não;Não;DISPENSADA PELO SOLICITANTE;Classificada;02/04/2025 14:04;Não
2025-38713463-5;(BM) 2025-015179643-001;02/04/2025 14:32;AVENIDA PERIMETRAL / AVENIDA BRASILIA - JARDIM PINHEIROS - PASSOS;-207.207.426;-466.206.583;V01023 - VITIMA DE SINCOPE (DESMAIO)/VERTIGEM (C) (Prioridade: 1 - Alta);1CIA IND/2CIA/1PEL(PASSOS);UR04360;Não;Não;Não;BOLETIM DE OCORRENCIA;Classificada;03/04/2025 08:01;Não
2025-38714068-6;;02/04/2025 15:04;AVENIDA DONA LIQUINHA SILVEIRA, Nº 220 - JARDIM SATELITE - PASSOS;-207.135.996;-466.236.393;V01005 - VITIMA COM CRISE HIPERTENSIVA/HIPOTENSAO (C) (Prioridade: 1 - Alta);1CIA IND/2CIA/1PEL(PASSOS);;Não;Não;Não;DISPENSADA PELO SOLICITANTE;Classificada;02/04/2025 15:19;Não
2025-38719248-5;;02/04/2025 19:59;RUA SAO PAULO, Nº 616 - SAO BENEDITO - PASSOS;-207.201.155;-465.981.251;V01005 - VITIMA COM CRISE HIPERTENSIVA/HIPOTENSAO (C) (Prioridade: 1 - Alta);1CIA IND/2CIA/1PEL(PASSOS);UR04360;Não;Não;Não;ATENDIDA PELO SAMU;Classificada;03/04/2025 08:01;Não
2025-38719428-7;;02/04/2025 20:08;ESTRADA JULIEIRA, Nº S/N - NOVA CALIFORNIA - PASSOS;-207.018.793;-466.242.379;S06008 - CORTE DE ARVORE CAIDA EM VIA PUBLICA (C) (Prioridade: 2 - Média);1CIA IND/2CIA/1PEL(PASSOS);ASL06087;Não;Não;Não;ATENDIDA PELO SAMU;Classificada;03/04/2025 08:01;Não
2025-38725169-5;(BM) 2025-015301639-001;03/04/2025 07:43;RUA SAO PAULO, Nº 380 - SAO BENEDITO - PASSOS;-207.186.356;-465.997.089;V02408 - VITIMA DE COLISAO ENTRE AUTOMOVEL X MOTOCICLETA (C) (Prioridade: 1 - Alta);1CIA IND/2CIA/1PEL(PASSOS);UR04360;Não;Não;Não;BOLETIM DE OCORRENCIA;Classificada;04/04/2025 07:32;Não
2025-38726988-1;(BM) 2025-015321339-001;03/04/2025 10:13;RUA DOS MEDICOS, Nº 95 - BELO HORIZONTE - PASSOS;;;P02011 - VISTORIA EM ENXAME DE INSETOS (C) (Prioridade: 2 - Média);1CIA IND/2CIA/1PEL(PASSOS);ASL06087;Não;Não;Não;BOLETIM DE OCORRENCIA;Classificada;04/04/2025 07:31;Não
2025-38727030-6;(BM) 2025-015327590-001;03/04/2025 10:14;RUA AROEIRA DO SERTAO, Nº 510 - PASSOS;;;S06005 - CAPTURA DE INSETOS (C) (Prioridade: 2 - Média);1CIA IND/2CIA/1PEL(PASSOS);ASL06087;Não;Não;Não;BOLETIM DE OCORRENCIA;Classificada;04/04/2025 07:31;Não
2025-38728902-7;(BM) 2025-015347575-001;03/04/2025 12:52;RUA FRANCISCO VENANCIO, Nº 229 - Primavera 2 - PASSOS;;;V01010 - VITIMA COM DOR TORACICA/SUSPEITA DE INFARTO (IAM) (C) (Prioridade: 1 - Alta);1CIA IND/2CIA/1PEL(PASSOS);UR04360;Não;Não;Não;BOLETIM DE OCORRENCIA;Classificada;04/04/2025 07:32;Não
2025-38729238-8;(BM) 2025-015347550-001;03/04/2025 13:23;RUA SAO VICENTE, Nº S/N - MARCILIO DINIZ - CAPETINGA;-206.152.598;-470.604.631;P01003 - VISTORIA EM EVENTOS TEMPORARIOS (C) (Prioridade: 1 - Alta);1CIA IND/2CIA/PEL PREV E VIST(PASSOS);APF01362;Não;Não;Não;BOLETIM DE OCORRENCIA;Classificada;04/04/2025 07:32;Não
2025-38729407-3;(BM) 2025-015349195-001;03/04/2025 13:37;RUA DOUTOR CARVALHO, Nº 1455 - NOSSA SENHORA DAS GRAÇAS - PASSOS;-207.352.269;-466.037.303;X03000 - EMPENHO ADMINISTRATIVO (C) (Prioridade: 2 - Média);1CIA IND/2CIA/1PEL(PASSOS);ASL06087;Não;Não;Não;BOLETIM DE OCORRENCIA;Classificada;04/04/2025 07:31;Não
2025-38729651-4;;03/04/2025 13:51;RUA TRES CORACOES, Nº 773 - EXPOSICAO - PASSOS;;;V02502 - VITIMA DE QUEDA (MOTOCICLISTA) (C) (Prioridade: 1 - Alta);1CIA IND/2CIA/1PEL(PASSOS);;Não;Não;Não;NÃO ATENDIDA: FALTA DE VIATURA;Classificada;03/04/2025 13:53;Não
2025-38730402-7;(BM) 2025-015400721-001;03/04/2025 14:32;RUA HONDURAS, Nº 48 - POLIVALENTE - PASSOS;;;S06001 - SALVAMENTO DE ANIMAL EM RISCO / PERIGO (C) (Prioridade: 2 - Média);1CIA IND/2CIA/1PEL(PASSOS);ASL06087;Não;Não;Não;BOLETIM DE OCORRENCIA;Classificada;04/04/2025 07:31;Não
2025-38731620-3;(BM) 2025-015408258-001;03/04/2025 15:28;RODOVIA MG 050, Nº S/N - PASSOS;-207.372.242;-466.331.087;Y40035 - APOIO DE SOLO EM OPERACOES AEREAS (C) (Prioridade: 2 - Média);1CIA IND/2CIA/1PEL(PASSOS);UR04360;Não;Não;Não;BOLETIM DE OCORRENCIA;Classificada;04/04/2025 07:31;Não
2025-38732264-6;(BM) 2025-015388528-001;03/04/2025 16:03;RUA NITEROI, Nº S/N - RECANTO DA HARMONIA - PASSOS;-207.026.424;-466.000.024;P02003 - VISTORIA EM LOTE VAGO (C) (Prioridade: 2 - Média);1CIA IND/2CIA/1PEL(PASSOS);ASL06087;Não;Não;Não;BOLETIM DE OCORRENCIA;Classificada;04/04/2025 07:31;Não
2025-38732589-0;(BM) 2025-015388647-001;03/04/2025 16:20;RUA RIO BRANCO, Nº 1668 - SANTA LUZIA - PASSOS;-207.091.152;-465.983.776;P02003 - VISTORIA EM LOTE VAGO (C) (Prioridade: 2 - Média);1CIA IND/2CIA/1PEL(PASSOS);ASL06087;Não;Não;Não;BOLETIM DE OCORRENCIA;Classificada;04/04/2025 07:31;Não
2025-38732872-1;(BM) 2025-015394475-001;03/04/2025 16:35;RUA RIO BRANCO, Nº 1707 - SANTA LUZIA - PASSOS;-207.092.443;-465.980.066;P02003 - VISTORIA EM LOTE VAGO (C) (Prioridade: 2 - Média);1CIA IND/2CIA/1PEL(PASSOS);ASL06087;Não;Não;Não;BOLETIM DE OCORRENCIA;Classificada;04/04/2025 07:31;Não
2025-38733083-7;;03/04/2025 16:46;RUA RIO BRANCO, Nº 1707 - SANTA LUZIA - PASSOS;-207.092.443;-465.980.066;P02003 - VISTORIA EM LOTE VAGO (C) (Prioridade: 2 - Média);1CIA IND/2CIA/1PEL(PASSOS);;Não;Não;Não;DUPLICADA;Classificada;03/04/2025 16:48;Não
2025-38733101-7;;03/04/2025 16:47;RUA FRANCISCA AUGUSTA DE CARVALHO - CALDAS;;;P02011 - VISTORIA EM ENXAME DE INSETOS (C) (Prioridade: 2 - Média);1CIA IND (POCOS DE CALDAS);;Não;Não;Não;ORIENTAÇÃO;Classificada;03/04/2025 18:52;Não
2025-38733131-8;(BM) 2025-015394603-001;03/04/2025 16:48;AVENIDA JUCA STOCKLER, Nº S/N - NOVO HORIZONTE - PASSOS;-207.366.397;-466.024.583;P03001 - PERIGO DE DERRAPAGEM (C) (Prioridade: 2 - Média);1CIA IND/2CIA/1PEL(PASSOS);ASL06087;Não;Não;Não;BOLETIM DE OCORRENCIA;Classificada;04/04/2025 07:31;Não
2025-38734824-0;(BM) 2025-015417402-001;03/04/2025 18:22;AVENIDA JUCA STOCKLER, Nº S/N - CENTRO - PASSOS;;;V01003 - VITIMA COM CRISE CONVULSIVA (C) (Prioridade: 1 - Alta);1CIA IND/2CIA/1PEL(PASSOS);UR04360;Não;Não;Não;BOLETIM DE OCORRENCIA;Classificada;04/04/2025 07:32;Não
2025-38742275-9;(BM) 2025-015487298-001;04/04/2025 06:37;RODOVIA BR 146, Km 366 - PASSOS;-209.118.394;-465.891.084;V02103 - VITIMA DE ATROPELAMENTO POR AUTOMOVEL (CARRO / CAMINHONETE) (C) (Prioridade: 1 - Alta);1CIA IND/2CIA/1PEL(PASSOS);UR04360;Não;Não;Não;BOLETIM DE OCORRENCIA;Classificada;04/04/2025 11:34;Não
2025-38745018-2;(BM) 2025-015587645-001;04/04/2025 10:38;RUA JUAREZ FRANCISCO DUARTE, Nº 786 - PENHA - PASSOS;;;V01009 - VITIMA COM DOR NA COLUNA VERTEBRAL (COSTAS) (C) (Prioridade: 1 - Alta);1CIA IND/2CIA/1PEL(PASSOS);UR04360;Não;Não;Não;BOLETIM DE OCORRENCIA;Classificada;05/04/2025 07:33;Não
2025-38745234-8;(BM) 2025-015521407-001;04/04/2025 10:51;RUA DOUTOR CARVALHO, Nº 1455 - NOSSA SENHORA DAS GRAÇAS - PASSOS;-207.352.269;-466.037.303;Q03006 - TREINAMENTO DE FORMACAO DE BRIGADAS (C) (Prioridade: 2 - Média);1CIA IND/2CIA/1PEL(PASSOS);BM1272152;Não;Não;Não;BOLETIM DE OCORRENCIA;Classificada;05/04/2025 07:31;Não
2025-38745934-0;(BM) 2025-015530029-001;04/04/2025 11:43;RUA DOUTOR SATURNINO / AVENIDA COMENDADOR FRANCISCO A MAIA - CENTRO - PASSOS;;;S06004 - CAPTURA DE OUTROS ANIMAIS DOMESTICOS PERIGOSOS / AGRESSIVOS (C) (Prioridade: 2 - Média);1CIA IND/2CIA/1PEL(PASSOS);ASL06087;Não;Não;Não;BOLETIM DE OCORRENCIA;Classificada;05/04/2025 07:31;Não
2025-38746689-3;(BM) 2025-015531196-001;04/04/2025 13:01;RUA SAO PAULO, Nº 526 - SAO BENEDITO - PASSOS;-207.195.801;-465.987.281;P01001 - VISTORIA DE FISCALIZACAO (C) (Prioridade: 2 - Média);1CIA IND/2CIA/PEL PREV E VIST(PASSOS);APF01362;Não;Não;Não;BOLETIM DE OCORRENCIA;Classificada;05/04/2025 07:31;Não
2025-38746976-5;(BM) 2025-015534616-001;04/04/2025 13:27;RUA RIO GRANDE DO NORTE, Nº 59 - SAO BENEDITO - PASSOS;-207.203.346;-465.993.227;P01001 - VISTORIA DE FISCALIZACAO (C) (Prioridade: 2 - Média);1CIA IND/2CIA/PEL PREV E VIST(PASSOS);APF01362;Não;Não;Não;BOLETIM DE OCORRENCIA;Classificada;05/04/2025 07:31;Não
2025-38747398-6;(BM) 2025-015539283-001;04/04/2025 13:54;RUA DOUTOR CARVALHO, Nº 1455 - NOSSA SENHORA DAS GRAÇAS - PASSOS;-207.352.269;-466.037.303;Q03006 - TREINAMENTO DE FORMACAO DE BRIGADAS (C) (Prioridade: 2 - Média);1CIA IND/2CIA/1PEL(PASSOS);BM1637099;Não;Não;Não;BOLETIM DE OCORRENCIA;Classificada;05/04/2025 07:31;Não
2025-38747504-1;(BM) 2025-015539794-001;04/04/2025 14:00;RUA RIO PARDO, Nº 597 - SANTA LUZIA - PASSOS;-207.063.046;-466.024.066;P01001 - VISTORIA DE FISCALIZACAO (C) (Prioridade: 2 - Média);1CIA IND/2CIA/PEL PREV E VIST(PASSOS);APF01362;Não;Não;Não;BOLETIM DE OCORRENCIA;Classificada;05/04/2025 07:31;Não
2025-38748835-4;(BM) 2025-015587372-001;04/04/2025 15:09;PRACA MONSENHOR MESSIAS BRAGANCA, Nº 18 - CENTRO - PASSOS;-207.181.426;-46.609.698;V03021 - VITIMA DE SUICIDIO (TENTATIVA) - APH TRAUMA (C) (Prioridade: 1 - Alta);1CIA IND/2CIA/1PEL(PASSOS);UR04360;Não;Não;Não;BOLETIM DE OCORRENCIA;Classificada;05/04/2025 07:33;Não
2025-38750725-9;(BM) 2025-015578813-001;04/04/2025 16:44;RUA JOAO XXIII, Nº S/N - NOSSA SENHORA DAS GRAÇAS - PASSOS;-207.369.075;-466.056.281;P02003 - VISTORIA EM LOTE VAGO (C) (Prioridade: 2 - Média);1CIA IND/2CIA/1PEL(PASSOS);ASL06087;Não;Não;Não;BOLETIM DE OCORRENCIA;Classificada;05/04/2025 07:31;Não
2025-38750740-2;(BM) 2025-015580236-001;04/04/2025 16:45;RUA PARACATU, Nº S/N - CENTENARIO - PASSOS;-20.731.554;-46.612.518;P02003 - VISTORIA EM LOTE VAGO (C) (Prioridade: 2 - Média);1CIA IND/2CIA/1PEL(PASSOS);ASL06087;Não;Não;Não;BOLETIM DE OCORRENCIA;Classificada;05/04/2025 07:32;Não
2025-38750744-3;(BM) 2025-015580396-001;04/04/2025 16:45;RUA AGUAS DE SAO PEDRO, Nº S/N - MUARAMA - PASSOS;-207.314.934;-466.154.319;P02003 - VISTORIA EM LOTE VAGO (C) (Prioridade: 2 - Média);1CIA IND/2CIA/1PEL(PASSOS);ASL06087;Não;Não;Não;BOLETIM DE OCORRENCIA;Classificada;05/04/2025 07:32;Não
2025-38751447-3;(BM) 2025-015616558-001;04/04/2025 17:29;FAZENDA PSS0863 - CRIMEIA, Nº S/N - PASSOS;-206.589.375;-466.273.674;S06001 - SALVAMENTO DE ANIMAL EM RISCO / PERIGO (C) (Prioridade: 2 - Média);1CIA IND/2CIA/1PEL(PASSOS);ASL06087;Não;Não;Não;BOLETIM DE OCORRENCIA;Classificada;05/04/2025 07:32;Não
2025-38751582-9;(BM) 2025-015616470-001;04/04/2025 17:37;RODOVIA MG 050, Nº S/N - PASSOS;-207.372.242;-466.331.087;Y40035 - APOIO DE SOLO EM OPERACOES AEREAS (C) (Prioridade: 2 - Média);1CIA IND/2CIA/1PEL(PASSOS);UR04360;Não;Não;Não;BOLETIM DE OCORRENCIA;Classificada;05/04/2025 07:32;Não
2025-38755481-3;(BM) 2025-015625665-001;04/04/2025 21:33;AVENIDA COMENDADOR FRANCISCO A MAIA, Nº S/N - SANTA CASA - PASSOS;-207.146.788;-466.127.072;V01018 - VITIMA DE MAL NAO DEFINIDO (DISTURBIO) (C) (Prioridade: 1 - Alta);1CIA IND/2CIA/1PEL(PASSOS);UR04360;Não;Não;Não;BOLETIM DE OCORRENCIA;Classificada;05/04/2025 07:34;Não
2025-38760915-0;(BM) 2025-015669167-001;05/04/2025 05:24;RODOVIA BR 146, Nº S/N - PASSOS;;;V02502 - VITIMA DE QUEDA (MOTOCICLISTA) (C) (Prioridade: 1 - Alta);1CIA IND/2CIA/1PEL(PASSOS);UR04360;Não;Não;Não;BOLETIM DE OCORRENCIA;Classificada;05/04/2025 07:34;Não
2025-38762354-6;(BM) 2025-015682978-001;05/04/2025 09:18;RUA MOENDA, Nº 365 - CASARAO - PASSOS;-207.207.071;-465.880.384;S06003 - CAPTURA DE CAO PERIGOSO / AGRESSIVO (C) (Prioridade: 2 - Média);1CIA IND/2CIA/1PEL(PASSOS);ASL06087;Não;Não;Não;BOLETIM DE OCORRENCIA;Classificada;06/04/2025 07:00;Não
2025-38763977-4;(BM) 2025-015700878-001;05/04/2025 11:50;AVENIDA EXPEDICIONARIOS, Nº 1592 - VILA RICA - PASSOS;-207.245.073;-465.929.333;P02003 - VISTORIA EM LOTE VAGO (C) (Prioridade: 2 - Média);1CIA IND/2CIA/1PEL(PASSOS);ASL06087;Não;Não;Não;BOLETIM DE OCORRENCIA;Classificada;06/04/2025 07:00;Não
2025-38764255-5;(BM) 2025-015700865-001;05/04/2025 12:18;AVENIDA EXPEDICIONARIOS, Nº 1621 - JARDIM COLEGIO DE PASSOS - PASSOS;-207.243.554;-465.922.557;P02003 - VISTORIA EM LOTE VAGO (C) (Prioridade: 2 - Média);1CIA IND/2CIA/1PEL(PASSOS);ASL06087;Não;Não;Não;BOLETIM DE OCORRENCIA;Classificada;06/04/2025 07:01;Não
2025-38764383-5;(BM) 2025-015700915-001;05/04/2025 12:35;AVENIDA EXPEDICIONARIOS, Nº 1625 - JARDIM COLEGIO DE PASSOS - PASSOS;-207.243.682;-465.921.913;P02003 - VISTORIA EM LOTE VAGO (C) (Prioridade: 2 - Média);1CIA IND/2CIA/1PEL(PASSOS);ASL06087;Não;Não;Não;BOLETIM DE OCORRENCIA;Classificada;06/04/2025 07:01;Não
2025-38764478-0;;05/04/2025 12:46;RUA DOUTOR CARVALHO, Nº 1410 - NOSSA SENHORA DAS GRAÇAS - PASSOS;-207.351.364;-466.042.024;V01003 - VITIMA COM CRISE CONVULSIVA (C) (Prioridade: 1 - Alta);1CIA IND/2CIA/1PEL(PASSOS);UR04360;Não;Não;Não;DISPENSADA PELO SOLICITANTE;Classificada;05/04/2025 13:02;Não
2025-38771295-0;(BM) 2025-015763470-001;05/04/2025 20:18;AVENIDA SABIA, Nº S/N - MUARAMA 2 - PASSOS;-207.330.855;-466.157.928;S06002 - CAPTURA DE ANIMAL SILVESTRE PERIGOSO / AGRESSIVO (C) (Prioridade: 2 - Média);1CIA IND/2CIA/1PEL(PASSOS);ASL06087;Não;Não;Não;BOLETIM DE OCORRENCIA;Classificada;06/04/2025 07:01;Não
2025-38773885-4;(BM) 2025-015786580-001;05/04/2025 22:48;RUA ORLANDO ADAO CARNEIRO, Nº 514 - RECANTO DA TEKA - PASSOS;-207.452.066;-465.980.763;V01010 - VITIMA COM DOR TORACICA/SUSPEITA DE INFARTO (IAM) (C) (Prioridade: 1 - Alta);1CIA IND/2CIA/1PEL(PASSOS);UR04360;Não;Não;Não;BOLETIM DE OCORRENCIA;Classificada;06/04/2025 07:01;Não
2025-38777961-2;;06/04/2025 04:12;AVENIDA Da Moda, Nº S/N - PASSOS;;;V02103 - VITIMA DE ATROPELAMENTO POR AUTOMOVEL (CARRO / CAMINHONETE) (C) (Prioridade: 1 - Alta);1CIA IND/2CIA/1PEL(PASSOS);UR04360;Não;Não;Não;NADA CONSTATADO;Classificada;06/04/2025 04:27;Não
2025-38778891-4;(BM) 2025-015821500-001;06/04/2025 07:49;RUA JOSE MARIANO NEGRINHO, Nº 424 - COHAB 5 - PASSOS;-207.181.969;-466.373.767;O02002 - INCENDIO EM RESIDENCIA/HABITACAO MULTIFAMILIAR (APARTAMENTO) (C) (Prioridade: 1 - Alta);1CIA IND/2CIA/1PEL(PASSOS);ABTS00495;Não;Não;Não;BOLETIM DE OCORRENCIA;Classificada;07/04/2025 10:12;Não
2025-38778924-1;;06/04/2025 07:55;AVENIDA JK, Nº 327 - JARDIM COLEGIO DE PASSOS - PASSOS;-207.216.642;-465.982.806;S06003 - CAPTURA DE CAO PERIGOSO / AGRESSIVO (C) (Prioridade: 2 - Média);1CIA IND/2CIA/1PEL(PASSOS);;Não;Não;Não;DISPENSADA PELO SOLICITANTE;Classificada;06/04/2025 08:29;Não
2025-38779386-7;(BM) 2025-015825878-001;06/04/2025 09:01;RUA IMPRENSA, Nº 195 - NOVO HORIZONTE - PASSOS;-207.299.388;-46.601.579;P03999 - OUTROS TIPOS DE PCI / PCA   (C) (Prioridade: 2 - Média);1CIA IND/2CIA/1PEL(PASSOS);UR04360;Não;Não;Não;BOLETIM DE OCORRENCIA;Classificada;07/04/2025 10:12;Não
2025-38780220-1;(BM) 2025-015832538-001;06/04/2025 10:28;RUA AURORA, Nº 214 - BELO HORIZONTE - PASSOS;-207.244.057;-466.033.934;V01006 - VITIMA COM DIFICULDADE DE LOCOMOCAO (C) (Prioridade: 1 - Alta);1CIA IND/2CIA/1PEL(PASSOS);UR04360;Não;Não;Não;BOLETIM DE OCORRENCIA;Classificada;07/04/2025 10:12;Não
2025-38784535-4;(BM) 2025-015914229-001;06/04/2025 16:23;RODOVIA MGC 146, Nº S/N - RECANTO DA HARMONIA - PASSOS;;;S06001 - SALVAMENTO DE ANIMAL EM RISCO / PERIGO (C) (Prioridade: 2 - Média);1CIA IND/2CIA/1PEL(PASSOS);ASL06087;Não;Não;Não;BOLETIM DE OCORRENCIA;Classificada;07/04/2025 10:12;Não
2025-38784822-6;(BM) 2025-015876839-001;06/04/2025 16:39;RUA ARIZONA, Nº 599 - PASSOS;-207.369.992;-466.111.441;P02003 - VISTORIA EM LOTE VAGO (C) (Prioridade: 2 - Média);1CIA IND/2CIA/1PEL(PASSOS);ASL06087;Não;Não;Não;BOLETIM DE OCORRENCIA;Classificada;07/04/2025 10:12;Não
2025-38785151-8;(BM) 2025-015877034-001;06/04/2025 16:59;RUA ARIZONA, Nº 475 - PASSOS;-207.366.767;-466.099.069;P02003 - VISTORIA EM LOTE VAGO (C) (Prioridade: 2 - Média);1CIA IND/2CIA/1PEL(PASSOS);ASL06087;Não;Não;Não;BOLETIM DE OCORRENCIA;Classificada;07/04/2025 10:12;Não
2025-38785281-3;(BM) 2025-015878210-001;06/04/2025 17:08;RUA COLORADO, Nº 501 - RESIDENCIAL ELDORADO - PASSOS;-207.318.972;-46.623.218;P02003 - VISTORIA EM LOTE VAGO (C) (Prioridade: 2 - Média);1CIA IND/2CIA/1PEL(PASSOS);ASL06087;Não;Não;Não;BOLETIM DE OCORRENCIA;Classificada;07/04/2025 10:12;Não
2025-38789349-7;(BM) 2025-015926132-001;06/04/2025 21:10;RUA TREZE DE MAIO, Nº 47 - PENHA - PASSOS;-207.175.119;-466.155.486;S06001 - SALVAMENTO DE ANIMAL EM RISCO / PERIGO (C) (Prioridade: 2 - Média);1CIA IND/2CIA/1PEL(PASSOS);ASL06087;Não;Não;Não;BOLETIM DE OCORRENCIA;Classificada;07/04/2025 10:12;Não
2025-38793050-6;(BM) 2025-015946710-001;07/04/2025 01:52;RUA TOCANTINS, Nº 507 - NOSSA SENHORA APARECIDA - PASSOS;-2.074.509;-466.081.216;V03005 - VITIMA DE AGRESSAO FISICA SEM USO DE ARMA (C) (Prioridade: 1 - Alta);1CIA IND/2CIA/1PEL(PASSOS);UR04360;Não;Não;Não;BOLETIM DE OCORRENCIA;Classificada;07/04/2025 10:12;Não
2025-38793420-3;(BM) 2025-015948960-001;07/04/2025 03:20;AVENIDA ANTONIO ADAO DA SILVA, Nº 111 - PENHA 2 - PASSOS;-207.189.598;-466.322.189;V01010 - VITIMA COM DOR TORACICA/SUSPEITA DE INFARTO (IAM) (C) (Prioridade: 1 - Alta);1CIA IND/2CIA/1PEL(PASSOS);UR04360;Não;Não;Não;BOLETIM DE OCORRENCIA;Classificada;07/04/2025 10:12;Não
2025-38794723-0;(BM) 2025-015999030-002;07/04/2025 08:08;RUA DOUTOR CARVALHO, Nº 1455 - NOSSA SENHORA DAS GRAÇAS - PASSOS;-207.352.269;-466.037.303;Q03006 - TREINAMENTO DE FORMACAO DE BRIGADAS (C) (Prioridade: 2 - Média);1CIA IND/2CIA/PEL PREV E VIST(PASSOS);BM1235613 / BM1728633;Não;Não;Não;BOLETIM DE OCORRENCIA;Classificada;08/04/2025 08:16;Não
2025-38795759-3;(BM) 2025-015973411-001;07/04/2025 09:37;RUA CAETES, Nº 235 - SAO JOAQUIM - PASSOS;-20.742.611;-466.031.054;P01001 - VISTORIA DE FISCALIZACAO (C) (Prioridade: 2 - Média);1CIA IND/2CIA/PEL PREV E VIST(PASSOS);APF01362;Não;Não;Não;BOLETIM DE OCORRENCIA;Classificada;08/04/2025 07:57;Não
2025-38796219-1;(BM) 2025-015979343-001;07/04/2025 10:11;AVENIDA JUCA STOCKLER, Nº 2762 - SAO JOAQUIM - PASSOS;-207.483.421;-465.987.035;P01001 - VISTORIA DE FISCALIZACAO (C) (Prioridade: 2 - Média);1CIA IND/2CIA/PEL PREV E VIST(PASSOS);APF01362;Não;Não;Não;BOLETIM DE OCORRENCIA;Classificada;08/04/2025 07:57;Não
2025-38796495-9;(BM) 2025-015987760-001;07/04/2025 10:30;RUA ANGRA DOS REIS, Nº 610 - RECANTO DA HARMONIA - PASSOS;-207.016.144;-465.981.369;V03018 - VITIMA DE QUEDA DA PROPRIA ALTURA (C) (Prioridade: 1 - Alta);1CIA IND/2CIA/1PEL(PASSOS);UR04360;Não;Não;Não;BOLETIM DE OCORRENCIA;Classificada;08/04/2025 07:58;Não
2025-38796992-3;(BM) 2025-015989308-001;07/04/2025 11:05;AVENIDA COMENDADOR FRANCISCO A MAIA, Nº 2868 - MARIO MAGALHAES - PASSOS;-207.246.354;-46.612.019;P01001 - VISTORIA DE FISCALIZACAO (C) (Prioridade: 2 - Média);1CIA IND/2CIA/PEL PREV E VIST(PASSOS);APF01362;Não;Não;Não;BOLETIM DE OCORRENCIA;Classificada;08/04/2025 07:57;Não
2025-38797882-0;(BM) 2025-016003272-001;07/04/2025 12:14;RUA AGUAS, Nº 548 - RECANTO DA TEKA - PASSOS;-207.448.662;-465.930.119;V01006 - VITIMA COM DIFICULDADE DE LOCOMOCAO (C) (Prioridade: 1 - Alta);1CIA IND/2CIA/1PEL(PASSOS);UR04360;Não;Não;Não;BOLETIM DE OCORRENCIA;Classificada;08/04/2025 07:58;Não
2025-38798570-3;(BM) 2025-016033870-001;07/04/2025 13:22;RODOVIA MG 050, Nº S/N - PASSOS;-207.372.242;-466.331.087;S06003 - CAPTURA DE CAO PERIGOSO / AGRESSIVO (C) (Prioridade: 2 - Média);1CIA IND/2CIA/1PEL(PASSOS);ASL06087;Não;Não;Não;BOLETIM DE OCORRENCIA;Classificada;08/04/2025 07:57;Não
2025-38799735-7;(BM) 2025-016034113-001;07/04/2025 14:31;RUA SETE DE SETEMBRO, Nº 10 - CENTRO - PASSOS;-207.221.215;-466.094.433;V01023 - VITIMA DE SINCOPE (DESMAIO)/VERTIGEM (C) (Prioridade: 1 - Alta);1CIA IND/2CIA/1PEL(PASSOS);UR04360;Não;Não;Não;BOLETIM DE OCORRENCIA;Classificada;08/04/2025 07:57;Não
2025-38800196-5;(BM) 2025-016029650-001;07/04/2025 14:51;RUA PARDAL, Nº 151 - NOSSA SENHORA DAS GRAÇAS - PASSOS;-20.735.899;-466.043.311;P01001 - VISTORIA DE FISCALIZACAO (C) (Prioridade: 2 - Média);1CIA IND/2CIA/PEL PREV E VIST(PASSOS);APF01362;Não;Não;Não;BOLETIM DE OCORRENCIA;Classificada;08/04/2025 07:57;Não
2025-38800740-8;(BM) 2025-016038193-001;07/04/2025 15:13;AVENIDA DONA LIQUINHA SILVEIRA, Nº 1607 - NOVA CALIFORNIA - PASSOS;-207.026.989;-466.194.858;V01003 - VITIMA COM CRISE CONVULSIVA (C) (Prioridade: 1 - Alta);1CIA IND/2CIA/1PEL(PASSOS);UR04360;Não;Não;Não;BOLETIM DE OCORRENCIA;Classificada;08/04/2025 07:58;Não
2025-38803621-5;(BM) 2025-016073478-001;07/04/2025 17:41;RUA SAO MIGUEL, Nº S/N - JARDIM PLANALTO - PASSOS;-20.722.654;-466.243.921;P02003 - VISTORIA EM LOTE VAGO (C) (Prioridade: 2 - Média);1CIA IND/2CIA/1PEL(PASSOS);ASL06087;Não;Não;Não;BOLETIM DE OCORRENCIA;Classificada;08/04/2025 07:57;Não
2025-38803868-8;(BM) 2025-016074548-001;07/04/2025 17:57;RUA MANOEL J DE ABREU, Nº S/N - PARQUE DAS AROEIRAS - PASSOS;-207.243.252;-466.288.649;P02003 - VISTORIA EM LOTE VAGO (C) (Prioridade: 2 - Média);1CIA IND/2CIA/1PEL(PASSOS);ASL06087;Não;Não;Não;BOLETIM DE OCORRENCIA;Classificada;08/04/2025 07:57;Não
2025-38803927-5;(BM) 2025-016078715-001;07/04/2025 17:58;AVENIDA JUCA STOCKLER, Nº S/N - NOVO HORIZONTE - PASSOS;-207.366.397;-466.024.583;W04000 - NADA CONSTATADO (C) (Prioridade: 3 - Baixa);1CIA IND/2CIA/1PEL(PASSOS);UR04360;Não;Não;Não;BOLETIM DE OCORRENCIA;Classificada;08/04/2025 07:57;Não
2025-38804588-7;(BM) 2025-016082018-001;07/04/2025 18:38;RUA SAO MIGUEL, Nº S/N - JARDIM PLANALTO - PASSOS;-20.722.654;-466.243.921;P02003 - VISTORIA EM LOTE VAGO (C) (Prioridade: 2 - Média);1CIA IND/2CIA/1PEL(PASSOS);ASL06087;Não;Não;Não;BOLETIM DE OCORRENCIA;Classificada;08/04/2025 07:57;Não
2025-38804874-6;(BM) 2025-016087588-001;07/04/2025 18:54;AVENIDA ANTONIO ADAO DA SILVA, Nº 719 - COHAB 4 - PASSOS;-207.176.859;-466.358.957;V01003 - VITIMA COM CRISE CONVULSIVA (C) (Prioridade: 1 - Alta);1CIA IND/2CIA/1PEL(PASSOS);UR04360;Não;Não;Não;BOLETIM DE OCORRENCIA;Classificada;08/04/2025 07:58;Não
2025-38807164-7;(BM) 2025-016152243-001;07/04/2025 21:17;RUA LOULOU, Nº S/N - BELO HORIZONTE - PASSOS;-207.253.387;-466.023.539;O02033 - INCENDIO EM AMONTOADO DE LIXO (C) (Prioridade: 2 - Média);1CIA IND/2CIA/1PEL(PASSOS);VOB00480;Não;Não;Não;BOLETIM DE OCORRENCIA;Classificada;08/04/2025 07:57;Não
2025-38807308-5;(BM) 2025-016152228-001;07/04/2025 21:30;RUA DAVID BALDINI, Nº 650 - VILA RICA - PASSOS;-20.726;-466.001.989;V03026 - VITIMA COM ENTORSE/ESTIRAMENTO/LUXACAO (C) (Prioridade: 1 - Alta);1CIA IND/2CIA/1PEL(PASSOS);UR04360;Não;Não;Não;BOLETIM DE OCORRENCIA;Classificada;08/04/2025 07:58;Não
2025-38808186-5;(BM) 2025-016128768-002;07/04/2025 22:27;RUA QUILOMBO, Nº 414 - CASARAO - PASSOS;-207.186.217;-46.587.181;V01024 - VITIMA DE SUICIDIO (TENTATIVA) - APH CLINICO (C) (Prioridade: 1 - Alta);1CIA IND/2CIA/1PEL(PASSOS);UR04360 / ASL06087;Não;Não;Não;BOLETIM DE OCORRENCIA;Classificada;08/04/2025 07:58;Não
2025-38808534-0;(BM) 2025-016129070-001;07/04/2025 22:45;RUA TURQUESA, Nº 1899 - ACLIMACAO - PASSOS;-207.549.902;-465.967.695;S06002 - CAPTURA DE ANIMAL SILVESTRE PERIGOSO / AGRESSIVO (C) (Prioridade: 2 - Média);1CIA IND/2CIA/1PEL(PASSOS);VOB00480;Não;Não;Não;BOLETIM DE OCORRENCIA;Classificada;08/04/2025 07:57;Não
2025-38808590-0;(BM) 2025-016138540-001;07/04/2025 22:48;RUA NEVADA, Nº 524 - RESIDENCIAL ELDORADO - PASSOS;-207.289.299;-46.622.791;S06001 - SALVAMENTO DE ANIMAL EM RISCO / PERIGO (C) (Prioridade: 2 - Média);1CIA IND/2CIA/1PEL(PASSOS);VOB00480;Não;Não;Não;BOLETIM DE OCORRENCIA;Classificada;08/04/2025 07:58;Não
2025-38809137-5;(BM) 2025-016139859-001;07/04/2025 23:24;RUA JERONIMO NETO, Nº 526 - BELO HORIZONTE - PASSOS;-207.259.595;-466.025.223;O02033 - INCENDIO EM AMONTOADO DE LIXO (C) (Prioridade: 2 - Média);1CIA IND/2CIA/1PEL(PASSOS);VOB00480;Não;Não;Não;BOLETIM DE OCORRENCIA;Classificada;08/04/2025 07:57;Não
2025-38811460-3;(BM) 2025-016153000-001;08/04/2025 07:01;RUA CACHOEIRAS, Nº S/N - NOVO HORIZONTE - PASSOS;-207.337.873;-465.985.918;S06002 - CAPTURA DE ANIMAL SILVESTRE PERIGOSO / AGRESSIVO (C) (Prioridade: 2 - Média);1CIA IND/2CIA/1PEL(PASSOS);ASL06087;Não;Não;Não;BOLETIM DE OCORRENCIA;Classificada;08/04/2025 10:09;Não
2025-38811589-0;(BM) 2025-016174610-001;08/04/2025 07:22;RUA BRANDOES, Nº 354 - BELO HORIZONTE - PASSOS;-207.268.142;-466.059.494;V01006 - VITIMA COM DIFICULDADE DE LOCOMOCAO (C) (Prioridade: 1 - Alta);1CIA IND/2CIA/1PEL(PASSOS);UR04360;Não;Não;Não;BOLETIM DE OCORRENCIA;Classificada;08/04/2025 10:10;Não
2025-38811774-1;(BM) 2025-016177639-001;08/04/2025 07:44;PRACA JOAQUIM ALVES DE LIMA, Nº 107 - CENTRO - SAO JOSE DA BARRA;;;S04014 - SALVAMENTO DE PESSOA COM OBJETO PRESO AO CORPO (C) (Prioridade: 1 - Alta);1CIA IND/2CIA/1PEL(PASSOS);BM1638089;Não;Não;Não;BOLETIM DE OCORRENCIA;Classificada;09/04/2025 07:14;Não
2025-38811960-6;(BM) 2025-016156605-001;08/04/2025 08:00;RUA DOUTOR CARVALHO, Nº 1455 - NOSSA SENHORA DAS GRAÇAS - PASSOS;-207.352.269;-466.037.303;Q03006 - TREINAMENTO DE FORMACAO DE BRIGADAS (C) (Prioridade: 2 - Média);1CIA IND/2CIA/1PEL(PASSOS);BM1272152;Não;Não;Não;BOLETIM DE OCORRENCIA;Classificada;09/04/2025 07:13;Não
2025-38812035-3;(BM) 2025-016207771-001;08/04/2025 08:13;AVENIDA ARLINDO FIGUEIREDO, Nº 610 - JARDIM PINHEIROS - PASSOS;-207.235.488;-466.191.201;S06001 - SALVAMENTO DE ANIMAL EM RISCO / PERIGO (C) (Prioridade: 2 - Média);1CIA IND/2CIA/1PEL(PASSOS);ASL06087;Não;Não;Não;BOLETIM DE OCORRENCIA;Classificada;09/04/2025 07:13;Não
2025-38812851-6;(BM) 2025-016207953-001;08/04/2025 09:25;RUA SUICA, Nº 121 - CONDOMÍNIO DAS NAÇÕES. - PASSOS;-207.304.053;-465.929.146;V03019 - VITIMA DE QUEDA DE ALTURA (C) (Prioridade: 1 - Alta);1CIA IND/2CIA/1PEL(PASSOS);UR04360;Não;Não;Não;BOLETIM DE OCORRENCIA;Classificada;09/04/2025 07:14;Não
2025-38813970-0;(BM) 2025-016182211-001;08/04/2025 10:48;RUA QUILOMBO, Nº 414 - CASARAO - PASSOS;-207.186.217;-46.587.181;S04007 - BUSCA E SALVAMENTO DE PESSOA PERDIDA / DESAPARECIDA (C) (Prioridade: 1 - Alta);1CIA IND/2CIA/1PEL(PASSOS);ASL06087;Não;Não;Não;BOLETIM DE OCORRENCIA;Classificada;09/04/2025 07:14;Não
2025-38815157-7;(BM) 2025-016207680-001;08/04/2025 12:38;RUA PECUARIA, Nº 193 - SAO FRANCISCO - PASSOS;-207.262.698;-466.182.457;S06001 - SALVAMENTO DE ANIMAL EM RISCO / PERIGO (C) (Prioridade: 2 - Média);1CIA IND/2CIA/1PEL(PASSOS);VOB00480;Não;Não;Não;BOLETIM DE OCORRENCIA;Classificada;09/04/2025 07:13;Não
2025-38816202-5;(BM) 2025-016207938-001;08/04/2025 13:56;RUA DOUTOR CARVALHO, Nº 1455 - NOSSA SENHORA DAS GRAÇAS - PASSOS;-207.352.269;-466.037.303;Q03006 - TREINAMENTO DE FORMACAO DE BRIGADAS (C) (Prioridade: 2 - Média);1CIA IND/2CIA/1PEL(PASSOS);BM1637099;Não;Não;Não;BOLETIM DE OCORRENCIA;Classificada;09/04/2025 07:14;Não
2025-38816365-0;(BM) 2025-016210223-001;08/04/2025 14:06;RUA MANTIQUEIRA, Nº 83 - VILA RICA - PASSOS;-207.247.938;-4.659.465;P01001 - VISTORIA DE FISCALIZACAO (C) (Prioridade: 2 - Média);1CIA IND/2CIA/PEL PREV E VIST(PASSOS);APF01362;Não;Não;Não;BOLETIM DE OCORRENCIA;Classificada;09/04/2025 07:14;Não
2025-38817985-0;(BM) 2025-016266858-001;08/04/2025 15:22;RUA CANJERANUS, Nº 916 - CANJERANUS - PASSOS;-207.115.136;-466.069.158;V01003 - VITIMA COM CRISE CONVULSIVA (C) (Prioridade: 1 - Alta);1CIA IND/2CIA/1PEL(PASSOS);UR04360;Não;Não;Não;BOLETIM DE OCORRENCIA;Classificada;09/04/2025 07:14;Não
2025-38818893-9;(BM) 2025-016271863-001;08/04/2025 16:06;RUA TURQUESA, Nº 1899 - ACLIMACAO - PASSOS;-207.549.902;-465.967.695;S06002 - CAPTURA DE ANIMAL SILVESTRE PERIGOSO / AGRESSIVO (C) (Prioridade: 2 - Média);1CIA IND/2CIA/1PEL(PASSOS);ASL06087;Não;Não;Não;BOLETIM DE OCORRENCIA;Classificada;09/04/2025 07:14;Não
2025-38818940-7;;08/04/2025 16:08;RUA AURORA / RUA TRES DE MAIO - BELO HORIZONTE - PASSOS;-207.241.369;-466.031.167;V02407 - VITIMA DE COLISAO ENTRE AUTOMOVEL X BICICLETA (C) (Prioridade: 1 - Alta);1CIA IND/2CIA/1PEL(PASSOS);;Não;Não;Não;ATENDIDA PELO SAMU;Classificada;08/04/2025 17:16;Não
2025-38819199-9;(BM) 2025-016274161-001;08/04/2025 16:23;RUA ANTONIO MILTON DE FARIA, Nº 589 - JARDIM ITALIA - PASSOS;-207.503.455;-466.040.414;P02011 - VISTORIA EM ENXAME DE INSETOS (C) (Prioridade: 2 - Média);1CIA IND/2CIA/1PEL(PASSOS);ASL06087;Não;Não;Não;BOLETIM DE OCORRENCIA;Classificada;09/04/2025 07:14;Não
2025-38819745-7;(BM) 2025-016255180-001;08/04/2025 16:52;AVENIDA ARLINDO FIGUEIREDO, Nº 2211 - JARDIM CIDADE - PASSOS;-207.320.493;-466.302.434;V01009 - VITIMA COM DOR NA COLUNA VERTEBRAL (COSTAS) (C) (Prioridade: 1 - Alta);1CIA IND/2CIA/1PEL(PASSOS);UR04360;Não;Não;Não;BOLETIM DE OCORRENCIA;Classificada;09/04/2025 07:14;Não
2025-38820606-8;;08/04/2025 17:40;RODOVIA MG 446, Km 1 - ALPINOPOLIS;-207.234.604;-463.759.982;V02202 - VITIMA DE CHOQUE DE MOTOCICLETA (C) (Prioridade: 1 - Alta);1CIA IND/2CIA/1PEL(PASSOS);;Não;Não;Não;ATENDIDA PELO SAMU;Classificada;08/04/2025 17:54;Não
2025-38821536-0;(BM) 2025-016272281-001;08/04/2025 18:33;RUA OTAWA - PASSOS;;;P02003 - VISTORIA EM LOTE VAGO (C) (Prioridade: 2 - Média);1CIA IND/2CIA/1PEL(PASSOS);ASL06087;Não;Não;Não;BOLETIM DE OCORRENCIA;Classificada;09/04/2025 07:14;Não
2025-38821577-7;(BM) 2025-016272570-001;08/04/2025 18:35;RUA VERNON, Nº S/N - PASSOS;;;P02003 - VISTORIA EM LOTE VAGO (C) (Prioridade: 2 - Média);1CIA IND/2CIA/1PEL(PASSOS);ASL06087;Não;Não;Não;BOLETIM DE OCORRENCIA;Classificada;09/04/2025 07:14;Não
2025-38821697-9;(BM) 2025-016273715-001;08/04/2025 18:42;RUA OTAWA, Nº S/N - PASSOS;;;P02003 - VISTORIA EM LOTE VAGO (C) (Prioridade: 2 - Média);1CIA IND/2CIA/1PEL(PASSOS);ASL06087;Não;Não;Não;BOLETIM DE OCORRENCIA;Classificada;09/04/2025 07:14;Não
2025-38827491-6;(PM) 2025-016332505-001;09/04/2025 01:57;AVENIDA JUCA STOCKLER, Nº S/N - NOVO HORIZONTE - PASSOS;-207.366.397;-466.024.583;W98011 - SOLICITACAO DE APOIO (C) (Prioridade: 1 - Alta);1CIA IND/2CIA/1PEL(PASSOS);;Não;Não;Não;ATENDIDA PELO SAMU;Classificada;09/04/2025 02:43;Não
2025-38829075-2;(BM) 2025-016349214-001;09/04/2025 08:02;LUGAREJO BRU0005 - CORREGO DO FEIJAO, Nº S/N - BRUMADINHO;-201.361.111;-441.136.111;X03000 - EMPENHO ADMINISTRATIVO (C) (Prioridade: 2 - Média);1CIA IND/2CIA/1PEL(PASSOS);BM1551779;Não;Não;Não;BOLETIM DE OCORRENCIA;Classificada;17/04/2025 05:03;Não
2025-38829121-8;(BM) 2025-016349180-001;09/04/2025 08:06;RUA DOUTOR CARVALHO, Nº 1455 - NOSSA SENHORA DAS GRAÇAS - PASSOS;-207.352.269;-466.037.303;Q03006 - TREINAMENTO DE FORMACAO DE BRIGADAS (C) (Prioridade: 2 - Média);1CIA IND/2CIA/1PEL(PASSOS);BM1640390;Não;Não;Não;BOLETIM DE OCORRENCIA;Classificada;10/04/2025 06:55;Não
2025-38829490-4;(BM) 2025-016368706-001;09/04/2025 08:36;RUA DOUTOR CARVALHO, Nº 1455 - NOSSA SENHORA DAS GRAÇAS - PASSOS;-207.352.269;-466.037.303;Q03018 - TREINAMENTO DE CONDUCAO E OPERACAO DE VIATURAS (C) (Prioridade: 3 - Baixa);1CIA IND/2CIA/1PEL(PASSOS);VOB00480;Não;Não;Não;BOLETIM DE OCORRENCIA;Classificada;10/04/2025 06:55;Não
2025-38830949-0;(BM) 2025-016368580-001;09/04/2025 10:29;RUA PRIMEIRO DE MARCO, Nº 354 - CENTRO - FORTALEZA DE MINAS;-208.507.141;-467.106.612;P01001 - VISTORIA DE FISCALIZACAO (C) (Prioridade: 2 - Média);1CIA IND/2CIA/PEL PREV E VIST(PASSOS);APF01362;Não;Não;Não;BOLETIM DE OCORRENCIA;Classificada;10/04/2025 06:55;Não
2025-38832014-6;(BM) 2025-016382214-001;09/04/2025 11:43;AVENIDA PALMARES, Nº 1346 - VILA RICA - PASSOS;-207.249.948;-465.923.331;P02003 - VISTORIA EM LOTE VAGO (C) (Prioridade: 2 - Média);1CIA IND/2CIA/1PEL(PASSOS);ASL06087;Não;Não;Não;BOLETIM DE OCORRENCIA;Classificada;10/04/2025 06:55;Não
2025-38832260-2;(BM) 2025-016386710-001;09/04/2025 12:02;AVENIDA PALMARES, Nº 1376 - PASSOS;-207.117.204;-465.945.714;P02003 - VISTORIA EM LOTE VAGO (C) (Prioridade: 2 - Média);1CIA IND/2CIA/1PEL(PASSOS);ASL06087;Não;Não;Não;BOLETIM DE OCORRENCIA;Classificada;10/04/2025 06:55;Não
2025-38832461-4;(BM) 2025-016386736-001;09/04/2025 12:19;AVENIDA PALMARES, Nº S/N - VILA RICA - PASSOS;-207.251.667;-465.923.663;P02003 - VISTORIA EM LOTE VAGO (C) (Prioridade: 2 - Média);1CIA IND/2CIA/1PEL(PASSOS);ASL06087;Não;Não;Não;BOLETIM DE OCORRENCIA;Classificada;10/04/2025 06:55;Não
2025-38832830-9;(BM) 2025-016397329-001;09/04/2025 13:00;AVENIDA EXPEDICIONARIOS, Nº 2229 - CONDOMÍNIO VALE VERDE - PASSOS;-207.253.229;-465.871.335;P03001 - PERIGO DE DERRAPAGEM (C) (Prioridade: 2 - Média);1CIA IND/2CIA/1PEL(PASSOS);ASL06087;Não;Não;Não;BOLETIM DE OCORRENCIA;Classificada;10/04/2025 06:55;Não
2025-38833970-3;(BM) 2025-016404335-001;09/04/2025 14:23;RUA MERCADO, Nº 71 - CENTRO - PASSOS;-207.207.709;-466.122.341;P01001 - VISTORIA DE FISCALIZACAO (C) (Prioridade: 2 - Média);1CIA IND/2CIA/PEL PREV E VIST(PASSOS);APF01362;Não;Não;Não;BOLETIM DE OCORRENCIA;Classificada;10/04/2025 06:55;Não
2025-38835295-3;(BM) 2025-016442128-001;09/04/2025 15:26;RUA DOUTOR CARVALHO, Nº 1455 - NOSSA SENHORA DAS GRAÇAS - PASSOS;-207.352.269;-466.037.303;Q03006 - TREINAMENTO DE FORMACAO DE BRIGADAS (C) (Prioridade: 2 - Média);1CIA IND/2CIA/1PEL(PASSOS);BM1797331;Não;Não;Não;BOLETIM DE OCORRENCIA;Classificada;10/04/2025 06:55;Não
2025-38835608-7;(BM) 2025-016425330-001;09/04/2025 15:43;RUA ESTEVAM JORGE FARJALLA, Nº S/N - MIRANTE DO VALE - PASSOS;-207.236.688;-465.804.272;P01001 - VISTORIA DE FISCALIZACAO (C) (Prioridade: 2 - Média);1CIA IND/2CIA/PEL PREV E VIST(PASSOS);APF01362;Não;Não;Não;BOLETIM DE OCORRENCIA;Classificada;10/04/2025 06:55;Não
2025-38836364-0;(BM) 2025-016452230-001;09/04/2025 16:24;PRACA NOSSA SENHORA APARECIDA, Nº 51 - CENTRO - BOM JESUS DA PENHA;-210.166.415;-46.519.708;P02002 - VISTORIA EM RISCO DE QUEDA DE ARVORE (C) (Prioridade: 2 - Média);1CIA IND/2CIA/1PEL(PASSOS);ASL06087;Não;Não;Não;BOLETIM DE OCORRENCIA;Classificada;10/04/2025 06:55;Não
2025-38836594-0;(BM) 2025-016448517-001;09/04/2025 16:38;RUA BARIRIS, Nº 922 - JARDIM ITALIA - PASSOS;-207.487.528;-466.029.331;V01003 - VITIMA COM CRISE CONVULSIVA (C) (Prioridade: 1 - Alta);1CIA IND/2CIA/1PEL(PASSOS);UR04360;Não;Não;Não;BOLETIM DE OCORRENCIA;Classificada;10/04/2025 06:55;Não
2025-38837828-4;(BM) 2025-016452164-001;09/04/2025 17:53;RUA JACARANDA, Nº S/N - SERRA DAS BRISAS - PASSOS;-207.375.349;-465.941.731;X03000 - EMPENHO ADMINISTRATIVO (C) (Prioridade: 2 - Média);1CIA IND/2CIA/PEL PREV E VIST(PASSOS);APF01362;Não;Não;Não;BOLETIM DE OCORRENCIA;Classificada;10/04/2025 06:55;Não
2025-38840014-1;(BM) 2025-016482067-001;09/04/2025 20:08;AVENIDA ANTONIO ADAO DA SILVA, Nº 719 - COHAB 4 - PASSOS;-207.176.859;-466.358.957;S06001 - SALVAMENTO DE ANIMAL EM RISCO / PERIGO (C) (Prioridade: 2 - Média);1CIA IND/2CIA/1PEL(PASSOS);ASL06087;Não;Não;Não;BOLETIM DE OCORRENCIA;Classificada;10/04/2025 06:55;Não
2025-38845482-7;(BM) 2025-016547469-001;10/04/2025 07:38;RUA CRISTIANE FERREIRA DA SILVA, Nº 2026 - PASSOS;-207.146.232;-466.358.381;P02011 - VISTORIA EM ENXAME DE INSETOS (C) (Prioridade: 2 - Média);1CIA IND/2CIA/1PEL(PASSOS);ASL06087;Não;Não;Não;BOLETIM DE OCORRENCIA;Classificada;11/04/2025 06:38;Não
2025-38845669-8;(BM) 2025-016527401-002;10/04/2025 07:59;RUA DOUTOR CARVALHO, Nº 1455 - NOSSA SENHORA DAS GRAÇAS - PASSOS;-207.352.269;-466.037.303;Q03006 - TREINAMENTO DE FORMACAO DE BRIGADAS (C) (Prioridade: 2 - Média);1CIA IND/2CIA/1PEL(PASSOS);BM1430719 / BM1786441;Não;Não;Não;BOLETIM DE OCORRENCIA;Classificada;11/04/2025 06:38;Não
2025-38845869-7;(BM) 2025-016534589-001;10/04/2025 08:20;RUA DOUTOR CARVALHO, Nº 1455 - NOSSA SENHORA DAS GRAÇAS - PASSOS;-207.352.269;-466.037.303;Q03018 - TREINAMENTO DE CONDUCAO E OPERACAO DE VIATURAS (C) (Prioridade: 3 - Baixa);1CIA IND/2CIA/PEL PREV E VIST(PASSOS);BM1795095;Não;Não;Não;BOLETIM DE OCORRENCIA;Classificada;11/04/2025 06:38;Não
2025-38846134-6;(BM) 2025-016547428-001;10/04/2025 08:39;RUA JOSE MERCHIORATO / RUA CANJERANUS - CANJERANUS - PASSOS;-207.100.936;-466.075.605;P03001 - PERIGO DE DERRAPAGEM (C) (Prioridade: 2 - Média);1CIA IND/2CIA/1PEL(PASSOS);ASL06087;Não;Não;Não;BOLETIM DE OCORRENCIA;Classificada;11/04/2025 06:38;Não
2025-38847038-8;(BM) 2025-016544180-001;10/04/2025 09:52;RUA TERMOPOLIS, Nº 20 - MUARAMA - PASSOS;-207.318.275;-466.151.644;P01001 - VISTORIA DE FISCALIZACAO (C) (Prioridade: 2 - Média);1CIA IND/2CIA/PEL PREV E VIST(PASSOS);APF01362;Não;Não;Não;BOLETIM DE OCORRENCIA;Classificada;11/04/2025 06:38;Não
2025-38847819-0;;10/04/2025 10:46;RUA DALIAS, Nº 754 - PANORAMA - PASSOS;-207.065.013;-466.202.965;V03018 - VITIMA DE QUEDA DA PROPRIA ALTURA (C) (Prioridade: 1 - Alta);1CIA IND/2CIA/1PEL(PASSOS);;Não;Não;Não;NÃO ATENDIDA: FALTA DE EFETIVO;Classificada;10/04/2025 10:47;Não
2025-38847871-0;(BM) 2025-016553610-001;10/04/2025 10:48;RUA MURIAE, Nº 211 - CALIFORNIA - PASSOS;-207.019.386;-466.173.505;P01001 - VISTORIA DE FISCALIZACAO (C) (Prioridade: 2 - Média);1CIA IND/2CIA/PEL PREV E VIST(PASSOS);APF01362;Não;Não;Não;BOLETIM DE OCORRENCIA;Classificada;11/04/2025 06:38;Não
2025-38849452-8;(BM) 2025-016572014-001;10/04/2025 13:08;RUA APRIGIO DE OLIVEIRA, Nº S/N - CENTRO - ALPINOPOLIS;-208.667.949;-463.885.166;P01003 - VISTORIA EM EVENTOS TEMPORARIOS (C) (Prioridade: 1 - Alta);1CIA IND/2CIA/1PEL(PASSOS);ASL06087;Não;Não;Não;BOLETIM DE OCORRENCIA;Classificada;11/04/2025 06:39;Não
2025-38850018-9;;10/04/2025 13:47;RODOVIA RODOVIA PASSDOS / GLORIA - SAO JOAO BATISTA GLORIA;;;W04000 - NADA CONSTATADO (C) (Prioridade: 3 - Baixa);1CIA IND/2CIA/1PEL(PASSOS);UR04360;Não;Não;Não;NADA CONSTATADO;Classificada;11/04/2025 06:37;Não
2025-38851665-1;;10/04/2025 15:14;RUA MACAPA, Nº 352 - JARDIM COLEGIO DE PASSOS - PASSOS;-207.223.243;-465.965.924;V03018 - VITIMA DE QUEDA DA PROPRIA ALTURA (C) (Prioridade: 1 - Alta);1CIA IND/2CIA/1PEL(PASSOS);;Não;Não;Não;DISPENSADA PELO SOLICITANTE;Classificada;10/04/2025 15:25;Não
2025-38851878-2;(BM) 2025-016609958-001;10/04/2025 15:24;RUA LYDIA AGELUNE PIANTINO, Nº S/N - RESIDENCIAL VILLAGIO DI ITALIA - PASSOS;-207.309.329;-465.894.239;P02003 - VISTORIA EM LOTE VAGO (C) (Prioridade: 2 - Média);1CIA IND/2CIA/1PEL(PASSOS);ASL06087;Não;Não;Não;BOLETIM DE OCORRENCIA;Classificada;11/04/2025 06:38;Não
2025-38852519-5;(BM) 2025-016610439-001;10/04/2025 15:57;RUA LYDIA AGELUNE PIANTINO, Nº S/N - RESIDENCIAL VILLAGIO DI ITALIA - PASSOS;-207.309.329;-465.894.239;P02003 - VISTORIA EM LOTE VAGO (C) (Prioridade: 2 - Média);1CIA IND/2CIA/1PEL(PASSOS);ASL06087;Não;Não;Não;BOLETIM DE OCORRENCIA;Classificada;11/04/2025 06:39;Não
2025-38852772-7;(BM) 2025-016613094-001;10/04/2025 16:09;RUA IRLANDA, Nº S/N - NOVO MUNDO 4 - PASSOS;-207.292.941;-465.884.752;P02003 - VISTORIA EM LOTE VAGO (C) (Prioridade: 2 - Média);1CIA IND/2CIA/1PEL(PASSOS);ASL06087;Não;Não;Não;BOLETIM DE OCORRENCIA;Classificada;11/04/2025 06:39;Não
2025-38855496-8;(BM) 2025-016643231-001;10/04/2025 18:48;RUA CRISTIANE FERREIRA DA SILVA, Nº 226 - PASSOS;;;S06006 - EXTERMINIO DE INSETOS (C) (Prioridade: 2 - Média);1CIA IND/2CIA/1PEL(PASSOS);ASL06087;Não;Não;Não;BOLETIM DE OCORRENCIA;Classificada;11/04/2025 06:39;Não
2025-38856672-4;;10/04/2025 20:00;AVENIDA JUCA STOCKLER, Nº 902 - BELO HORIZONTE - PASSOS;-207.318.395;-466.043.147;V01018 - VITIMA DE MAL NAO DEFINIDO (DISTURBIO) (C) (Prioridade: 1 - Alta);1CIA IND/2CIA/1PEL(PASSOS);;Não;Não;Não;NÃO ATENDIDA: FALTA DE VIATURA;Classificada;10/04/2025 20:01;Não
2025-38861337-9;;11/04/2025 01:59;AVENIDA EXPEDICIONARIOS, Nº 1245 - JARDIM COLEGIO DE PASSOS - PASSOS;-207.236.322;-465.957.179;V01025 - VITIMA DE USO / ABUSO / DEPENDENCIA DE DROGAS / ALCOOL (C) (Prioridade: 1 - Alta);1CIA IND/2CIA/1PEL(PASSOS);;Não;Não;Não;DISPENSADA PELO SOLICITANTE;Classificada;11/04/2025 02:10;Não
2025-38862874-3;(BM) 2025-016710344-002;11/04/2025 07:58;RUA DOUTOR CARVALHO, Nº 1455 - NOSSA SENHORA DAS GRAÇAS - PASSOS;-207.352.269;-466.037.303;Q03006 - TREINAMENTO DE FORMACAO DE BRIGADAS (C) (Prioridade: 2 - Média);1CIA IND/2CIA/1PEL(PASSOS);BM1787357 / BM1728633;Não;Não;Não;BOLETIM DE OCORRENCIA;Classificada;12/04/2025 07:55;Não
2025-38864131-0;(BM) 2025-016750907-001;11/04/2025 09:40;RUA JOAO BATISTA PEREIRA, Nº 746 - JARDIM CANADA II - PASSOS;-207.559.682;-466.083.725;P02003 - VISTORIA EM LOTE VAGO (C) (Prioridade: 2 - Média);1CIA IND/2CIA/1PEL(PASSOS);UR04360;Não;Não;Não;BOLETIM DE OCORRENCIA;Classificada;12/04/2025 07:55;Não
2025-38864269-7;(BM) 2025-016750935-001;11/04/2025 09:53;RUA JOAO BATISTA PEREIRA, Nº 626 - JARDIM CANADA II - PASSOS;-207.552.514;-466.095.685;P02003 - VISTORIA EM LOTE VAGO (C) (Prioridade: 2 - Média);1CIA IND/2CIA/1PEL(PASSOS);UR04360;Não;Não;Não;BOLETIM DE OCORRENCIA;Classificada;12/04/2025 07:55;Não
2025-38864374-1;(BM) 2025-016750950-001;11/04/2025 10:01;RUA JOAO BATISTA PEREIRA, Nº 616 - JARDIM CANADA II - PASSOS;-207.550.672;-466.098.574;P02003 - VISTORIA EM LOTE VAGO (C) (Prioridade: 2 - Média);1CIA IND/2CIA/1PEL(PASSOS);UR04360 / ASL06087;Não;Não;Não;BOLETIM DE OCORRENCIA;Classificada;12/04/2025 07:55;Não
2025-38864402-5;;11/04/2025 10:04;PRACA SÃO BENEDITO, Nº 45 - CARMO DO RIO CLARO;;;P02011 - VISTORIA EM ENXAME DE INSETOS (C) (Prioridade: 2 - Média);1CIA IND/2CIA/1PEL(PASSOS);;Não;Não;Não;OCORRÊNCIAS TÍPICAS DE BOMBEIROS ATENDIDA POR OUTROS ÓRGÃOS;Classificada;11/04/2025 10:56;Não
2025-38864460-1;(BM) 2025-016750989-001;11/04/2025 10:08;RUA INDIANA, Nº 81 - RESIDENCIAL ELDORADO - PASSOS;-207.290.903;-466.193.413;S06003 - CAPTURA DE CAO PERIGOSO / AGRESSIVO (C) (Prioridade: 2 - Média);1CIA IND/2CIA/1PEL(PASSOS);ASL06087;Não;Não;Não;BOLETIM DE OCORRENCIA;Classificada;12/04/2025 07:55;Não
2025-38865968-1;(BM) 2025-016751011-001;11/04/2025 11:59;AVENIDA ANTONIO ADAO DA SILVA, Nº 719 - COHAB 4 - PASSOS;-207.176.859;-466.358.957;S06001 - SALVAMENTO DE ANIMAL EM RISCO / PERIGO (C) (Prioridade: 2 - Média);1CIA IND/2CIA/1PEL(PASSOS);ASL06087;Não;Não;Não;BOLETIM DE OCORRENCIA;Classificada;12/04/2025 07:55;Não
2025-38867788-0;(BM) 2025-016768216-001;11/04/2025 14:20;RUA ENGENHO, Nº 161 - CASARAO - PASSOS;-207.196.963;-465.861.822;V01005 - VITIMA COM CRISE HIPERTENSIVA/HIPOTENSAO (C) (Prioridade: 1 - Alta);1CIA IND/2CIA/1PEL(PASSOS);UR04360;Não;Não;Não;BOLETIM DE OCORRENCIA;Classificada;12/04/2025 07:55;Não
2025-38870674-0;(BM) 2025-016812982-001;11/04/2025 16:44;RUA MARANHAO, Nº 409 - BELA VISTA - PASSOS;-207.139.625;-466.002.199;O02001 - INCENDIO EM RESIDENCIA/HABITACAO UNIFAMILIAR (CASA) (C) (Prioridade: 1 - Alta);1CIA IND/2CIA/1PEL(PASSOS);VOB00480;Não;Não;Não;BOLETIM DE OCORRENCIA;Classificada;12/04/2025 07:55;Não
2025-38873215-9;(BM) 2025-016846030-001;11/04/2025 19:11;RUA VEREADOR ANTONIO CAETANO ANDRADE, Nº 361 - COHAB 5 - PASSOS;-207.185.009;-466.382.731;V01006 - VITIMA COM DIFICULDADE DE LOCOMOCAO (C) (Prioridade: 1 - Alta);1CIA IND/2CIA/1PEL(PASSOS);UR04360;Não;Não;Não;BOLETIM DE OCORRENCIA;Classificada;12/04/2025 07:55;Não
2025-38873269-8;(BM) 2025-016845970-001;11/04/2025 19:14;RUA JEQUITIBA, Nº 351 - PARQUE TROPICAL - PASSOS;;;S06002 - CAPTURA DE ANIMAL SILVESTRE PERIGOSO / AGRESSIVO (C) (Prioridade: 2 - Média);1CIA IND/2CIA/1PEL(PASSOS);ASL06087;Não;Não;Não;BOLETIM DE OCORRENCIA;Classificada;12/04/2025 07:55;Não
2025-38877728-5;(BM) 2025-016876641-001;11/04/2025 23:29;AVENIDA AMAZONAS, Nº 967 - BELA VISTA 2 - PASSOS;-207.111.585;-465.948.314;V01011 - VITIMA COM DOR RENAL (COLICA) (C) (Prioridade: 1 - Alta);1CIA IND/2CIA/1PEL(PASSOS);UR04360;Não;Não;Não;BOLETIM DE OCORRENCIA;Classificada;12/04/2025 07:55;Não
2025-38878067-0;(BM) 2025-016876667-001;11/04/2025 23:49;AVENIDA COMENDADOR FRANCISCO A MAIA, Nº 2480 - CENTRO - PASSOS;;;O02001 - INCENDIO EM RESIDENCIA/HABITACAO UNIFAMILIAR (CASA) (C) (Prioridade: 1 - Alta);1CIA IND/2CIA/1PEL(PASSOS);VOB00480;Não;Não;Não;BOLETIM DE OCORRENCIA;Classificada;12/04/2025 07:55;Não
2025-38881117-5;(BM) 2025-016897528-001;12/04/2025 06:16;AVENIDA EXPEDICIONARIOS, Nº 392 - CENTRO - PASSOS;;;V01007 - VITIMA COM DISPNEIA (FALTA DE AR) (C) (Prioridade: 1 - Alta);1CIA IND/2CIA/1PEL(PASSOS);UR04360;Não;Não;Não;BOLETIM DE OCORRENCIA;Classificada;12/04/2025 07:54;Não
2025-38882928-3;(BM) 2025-016912584-001;12/04/2025 09:57;PRACA GERALDO DA SILVA MAIA, Nº S/N - CENTRO - PASSOS;-207.208.941;-46.609.005;R01999 - OUTROS TIPOS DE ACOES DE APOIO A COMUNIDADE   (C) (Prioridade: 2 - Média);1CIA IND/2CIA/1PEL(PASSOS);VOB00480;Não;Não;Não;BOLETIM DE OCORRENCIA;Classificada;13/04/2025 07:24;Não
2025-38882991-0;(BM) 2025-016921018-001 / (PM) 2025-016921018-002;12/04/2025 10:02;RODOVIA MG 050, Km 334 - PASSOS;-207.233.932;-464.046.505;V03025 - VITIMA COM FERIMENTO DE CORTE/CONTUSAO (C) (Prioridade: 1 - Alta);1CIA IND/2CIA/1PEL(PASSOS);UR04360;Não;Não;Não;BOLETIM DE OCORRENCIA;Classificada;13/04/2025 07:25;Não
2025-38884273-7;(BM) 2025-016940419-001;12/04/2025 12:01;AVENIDA DOUTOR BRENO SOARES MAIA, Nº S/N - BELO HORIZONTE - PASSOS;-207.274.464;-466.041.645;P02003 - VISTORIA EM LOTE VAGO (C) (Prioridade: 2 - Média);1CIA IND/2CIA/1PEL(PASSOS);ASL06087;Não;Não;Não;BOLETIM DE OCORRENCIA;Classificada;13/04/2025 07:24;Não
2025-38884412-1;(BM) 2025-016959183-001;12/04/2025 12:18;RUA JERONIMO NETO, Nº 351 - BELO HORIZONTE - PASSOS;-207.254.069;-466.039.752;V01007 - VITIMA COM DISPNEIA (FALTA DE AR) (C) (Prioridade: 1 - Alta);1CIA IND/2CIA/1PEL(PASSOS);UR04360;Não;Não;Não;BOLETIM DE OCORRENCIA;Classificada;13/04/2025 07:24;Não
2025-38884842-0;(BM) 2025-016931853-001;12/04/2025 13:04;AVENIDA PROJETADA, Nº 1240 - RESIDENCIAL PORTAL DAS PALMEIRAS - PASSOS;-20.698.296;-466.097.632;O04012 - INCENDIO EM LOTE VAGO (AREA URBANA) (C) (Prioridade: 2 - Média);1CIA IND/2CIA/1PEL(PASSOS);VOB00480;Não;Não;Não;BOLETIM DE OCORRENCIA;Classificada;13/04/2025 07:24;Não
2025-38884845-9;;12/04/2025 13:05;RUA JOSE CARLOS MATIAS, Nº 111 - BOTELHOS;;;P03002 - PERIGO DE ELETROCUSSAO (C) (Prioridade: 2 - Média);1CIA IND (POCOS DE CALDAS);;Não;Não;Não;ORIENTAÇÃO;Classificada;12/04/2025 15:32;Não
2025-38885758-1;(BM) 2025-016938946-001;12/04/2025 14:27;RUA VICENTE DAMASCENO DE OLIVEIRA, Nº S/N - RECANTO DO BOSQUE - PASSOS;-207.243.114;-465.839.542;P02003 - VISTORIA EM LOTE VAGO (C) (Prioridade: 2 - Média);1CIA IND/2CIA/1PEL(PASSOS);ASL06087;Não;Não;Não;BOLETIM DE OCORRENCIA;Classificada;13/04/2025 07:25;Não
2025-38885926-4;(BM) 2025-016944248-001;12/04/2025 14:36;RUA VICENTE DAMASCENO DE OLIVEIRA, Nº S/N - RECANTO DO BOSQUE - PASSOS;-207.243.114;-465.839.542;P02003 - VISTORIA EM LOTE VAGO (C) (Prioridade: 2 - Média);1CIA IND/2CIA/1PEL(PASSOS);ASL06087;Não;Não;Não;BOLETIM DE OCORRENCIA;Classificada;13/04/2025 07:25;Não
2025-38886704-8;;12/04/2025 15:23;RUA ALTAMIRO GORZATO, Nº 60 - PARQUE DA ESTACAO - PASSOS;-207.044.901;-46.611.296;W98011 - SOLICITACAO DE APOIO (C) (Prioridade: 1 - Alta);1CIA IND/2CIA/1PEL(PASSOS);;Não;Não;Não;DUPLICADA;Classificada;12/04/2025 15:38;Não
2025-38886791-2;(BM) 2025-016951525-001;12/04/2025 15:29;RUA ALTAMIRO GORZATO, Nº 60 - PARQUE DA ESTACAO - PASSOS;-207.044.901;-46.611.296;S06003 - CAPTURA DE CAO PERIGOSO / AGRESSIVO (C) (Prioridade: 2 - Média);1CIA IND/2CIA/1PEL(PASSOS);ASL06087;Não;Não;Não;BOLETIM DE OCORRENCIA;Classificada;13/04/2025 07:24;Não
2025-38886948-2;(BM) 2025-016965390-001;12/04/2025 15:38;FAZENDA OLIVEIRA, Nº S/N - PASSOS;;;O04013 - INCENDIO EM PASTO (C) (Prioridade: 2 - Média);1CIA IND/2CIA/1PEL(PASSOS);VOB00480;Não;Não;Não;BOLETIM DE OCORRENCIA;Classificada;13/04/2025 07:25;Não
2025-38889661-3;;12/04/2025 18:24;RUA OPERARIOS, Nº 729 - MUARAMA 2 - PASSOS;-207.345.594;-466.121.123;W98011 - SOLICITACAO DE APOIO (C) (Prioridade: 1 - Alta);1CIA IND/2CIA/1PEL(PASSOS);;Não;Não;Não;DUPLICADA;Classificada;12/04/2025 18:32;Não
2025-38889700-3;(BM) 2025-016978910-001;12/04/2025 18:26;RUA OPERARIOS, Nº 755 - MUARAMA 2 - PASSOS;-207.347.988;-466.121.911;O04013 - INCENDIO EM PASTO (C) (Prioridade: 2 - Média);1CIA IND/2CIA/1PEL(PASSOS);VOB00480;Não;Não;Não;BOLETIM DE OCORRENCIA;Classificada;13/04/2025 07:24;Não
2025-38890144-9;(BM) 2025-016998622-001;12/04/2025 18:52;AVENIDA ELDORADO, Nº S/N - SÃO FRANCISCO - PASSOS;;;O04012 - INCENDIO EM LOTE VAGO (AREA URBANA) (C) (Prioridade: 2 - Média);1CIA IND/2CIA/1PEL(PASSOS);VOB00480;Não;Não;Não;BOLETIM DE OCORRENCIA;Classificada;13/04/2025 07:24;Não
2025-38891611-8;(BM) 2025-016997929-001;12/04/2025 20:15;RUA GUARANIS, Nº 312 - PASSOS;-207.437.814;-466.061.903;V01005 - VITIMA COM CRISE HIPERTENSIVA/HIPOTENSAO (C) (Prioridade: 1 - Alta);1CIA IND/2CIA/1PEL(PASSOS);UR04360;Não;Não;Não;BOLETIM DE OCORRENCIA;Classificada;13/04/2025 07:24;Não
2025-38892885-9;(BM) 2025-017041179-001;12/04/2025 21:31;RUA SAO FRANCISCO DE ASSIS, Nº 189 - SAO FRANCISCO - PASSOS;-207.257.089;-46.619.273;V01023 - VITIMA DE SINCOPE (DESMAIO)/VERTIGEM (C) (Prioridade: 1 - Alta);1CIA IND/2CIA/1PEL(PASSOS);UR04360;Não;Não;Não;BOLETIM DE OCORRENCIA;Classificada;13/04/2025 07:24;Não
2025-38892937-0;(BM) 2025-017007882-001;12/04/2025 21:36;RUA JOSE MARIANO NEGRINHO, Nº 424 - COHAB 5 - PASSOS;-207.181.969;-466.373.767;V01024 - VITIMA DE SUICIDIO (TENTATIVA) - APH CLINICO (C) (Prioridade: 1 - Alta);1CIA IND/2CIA/1PEL(PASSOS);UR04360;Não;Não;Não;BOLETIM DE OCORRENCIA;Classificada;13/04/2025 07:25;Não
2025-38897697-6;(BM) 2025-017039574-001;13/04/2025 02:15;RUA BONSUCESSO, Nº 792 - PASSOS;-207.206.736;-466.182.432;V01020 - VITIMA COM PARADA CARDIORRESPIRATORIA (C) (Prioridade: 1 - Alta);1CIA IND/2CIA/1PEL(PASSOS);UR04360;Não;Não;Não;BOLETIM DE OCORRENCIA;Classificada;13/04/2025 07:25;Não
2025-38900342-2;(BM) 2025-017063348-001;13/04/2025 09:41;AVENIDA JK, Nº S/N - MONSENHOR MESSIAS - PASSOS;-207.342.178;-465.979.772;P03999 - OUTROS TIPOS DE PCI / PCA   (C) (Prioridade: 2 - Média);1CIA IND/2CIA/1PEL(PASSOS);UR04360;Não;Não;Não;BOLETIM DE OCORRENCIA;Classificada;14/04/2025 07:34;Não
2025-38901113-0;(BM) 2025-017064628-001;13/04/2025 11:00;RUA ITAIPU, Nº S/N - VILA RICA - PASSOS;-207.246.046;-465.973.013;P02003 - VISTORIA EM LOTE VAGO (C) (Prioridade: 2 - Média);1CIA IND/2CIA/1PEL(PASSOS);ASL06087;Não;Não;Não;BOLETIM DE OCORRENCIA;Classificada;14/04/2025 07:34;Não
2025-38901289-7;(BM) 2025-017066326-001;13/04/2025 11:17;RUA ITAIPU, Nº S/N - VILA RICA - PASSOS;-207.246.046;-465.973.013;P02003 - VISTORIA EM LOTE VAGO (C) (Prioridade: 2 - Média);1CIA IND/2CIA/1PEL(PASSOS);ASL06087;Não;Não;Não;BOLETIM DE OCORRENCIA;Classificada;14/04/2025 07:34;Não
2025-38901827-7;(PM) 2025-017099614-001;13/04/2025 12:19;RODOVIA MG 050, Nº S/N - PASSOS;-207.372.242;-466.331.087;W98011 - SOLICITACAO DE APOIO (C) (Prioridade: 1 - Alta);1CIA IND/2CIA/1PEL(PASSOS);;Não;Não;Não;REPASSADA A OUTROS ÓRGAOS;Classificada;13/04/2025 13:16;Não
2025-38902316-3;(BM) 2025-017075775-001;13/04/2025 13:19;AVENIDA PALMARES, Nº S/N - VILA RICA - PASSOS;-207.251.667;-465.923.663;P02003 - VISTORIA EM LOTE VAGO (C) (Prioridade: 2 - Média);1CIA IND/2CIA/1PEL(PASSOS);ASL06087;Não;Não;Não;BOLETIM DE OCORRENCIA;Classificada;14/04/2025 07:34;Não
2025-38905586-4;(BM) 2025-017133307-001;13/04/2025 17:12;RUA DOUTOR CARVALHO, Nº 1455 - NOSSA SENHORA DAS GRAÇAS - PASSOS;-207.352.269;-466.037.303;Q03001 - TREINAMENTO DE COMBATE A INCENDIO (C) (Prioridade: 2 - Média);1CIA IND/2CIA/1PEL(PASSOS);BM1206671;Não;Não;Não;BOLETIM DE OCORRENCIA;Classificada;14/04/2025 07:34;Não
2025-38905705-1;(BM) 2025-017133229-001;13/04/2025 17:21;RUA JOSE MARIANO NEGRINHO, Nº 471 - COHAB 5 - PASSOS;-207.182.649;-466.378.515;V03021 - VITIMA DE SUICIDIO (TENTATIVA) - APH TRAUMA (C) (Prioridade: 1 - Alta);1CIA IND/2CIA/1PEL(PASSOS);UR04360;Não;Não;Não;BOLETIM DE OCORRENCIA;Classificada;14/04/2025 07:34;Não
2025-38906802-3;(BM) 2025-017132986-001;13/04/2025 18:26;RUA PARANA, Nº 439 - BELA VISTA - PASSOS;-207.157.404;-466.011.995;V01007 - VITIMA COM DISPNEIA (FALTA DE AR) (C) (Prioridade: 1 - Alta);1CIA IND/2CIA/1PEL(PASSOS);UR04360;Não;Não;Não;BOLETIM DE OCORRENCIA;Classificada;14/04/2025 07:34;Não
2025-38908788-5;(BM) 2025-017141134-001;13/04/2025 20:26;RUA CURIO, Nº 155 - NOSSA SENHORA DAS GRAÇAS - PASSOS;-207.378.588;-466.049.757;V03021 - VITIMA DE SUICIDIO (TENTATIVA) - APH TRAUMA (C) (Prioridade: 1 - Alta);1CIA IND/2CIA/1PEL(PASSOS);UR04360 / ASL06087;Não;Não;Não;BOLETIM DE OCORRENCIA;Classificada;14/04/2025 07:34;Não
2025-38908831-2;(BM) 2025-017182250-001;13/04/2025 20:27;RUA RIO DOCE, Nº 656 - SANTA LUZIA - PASSOS;-207.066.164;-466.005.595;V01020 - VITIMA COM PARADA CARDIORRESPIRATORIA (C) (Prioridade: 1 - Alta);1CIA IND/2CIA/1PEL(PASSOS);UR04360;Não;Não;Não;BOLETIM DE OCORRENCIA;Classificada;14/04/2025 07:51;Não
2025-38914722-1;(BM) 2025-017184218-002;14/04/2025 07:59;RUA DOUTOR CARVALHO, Nº 1455 - NOSSA SENHORA DAS GRAÇAS - PASSOS;-207.352.269;-466.037.303;Q03006 - TREINAMENTO DE FORMACAO DE BRIGADAS (C) (Prioridade: 2 - Média);1CIA IND/2CIA/1PEL(PASSOS);BM1430719 / BM1787365;Não;Não;Não;BOLETIM DE OCORRENCIA;Classificada;15/04/2025 07:11;Não
2025-38914729-0;(BM) 2025-017184220-001;14/04/2025 08:00;RUA FARMACEUTICOS, Nº 97 - NOVO HORIZONTE - PASSOS;-20.729.115;-466.032.988;X03000 - EMPENHO ADMINISTRATIVO (C) (Prioridade: 2 - Média);1CIA IND/2CIA/PEL PREV E VIST(PASSOS);APF01362;Não;Não;Não;BOLETIM DE OCORRENCIA;Classificada;15/04/2025 07:11;Não
2025-38916316-1;(BM) 2025-017202672-001;14/04/2025 10:01;RUA JOSE FRANCISCO DA SILVA, Nº 42 - NOSSA SENHORA APARECIDA - FORTALEZA DE MINAS;-208.461.137;-467.106.208;P01001 - VISTORIA DE FISCALIZACAO (C) (Prioridade: 2 - Média);1CIA IND/2CIA/PEL PREV E VIST(PASSOS);APF01362;Não;Não;Não;BOLETIM DE OCORRENCIA;Classificada;15/04/2025 07:11;Não
2025-38917848-6;(BM) 2025-017252773-001;14/04/2025 11:45;ESTRADA PRINCIPAL PSS0222 - BANANAL, Nº S/N - PASSOS;-20.650.833;-46.740.833;O04013 - INCENDIO EM PASTO (C) (Prioridade: 2 - Média);1CIA IND/2CIA/1PEL(PASSOS);VOB00480;Não;Não;Não;BOLETIM DE OCORRENCIA;Classificada;15/04/2025 07:11;Não
2025-38917998-9;(BM) 2025-017228837-001;14/04/2025 11:58;RUA CURIO, Nº 155 - NOSSA SENHORA DAS GRAÇAS - PASSOS;-207.378.588;-466.049.757;V01999 - OUTROS TIPOS DE APH CLINICO (C) (Prioridade: 1 - Alta);1CIA IND/2CIA/1PEL(PASSOS);UR04360;Não;Não;Não;BOLETIM DE OCORRENCIA;Classificada;15/04/2025 07:10;Não
2025-38919420-0;(BM) 2025-017253605-001;14/04/2025 13:55;RUA PIVANI PIASSI, Nº S/N - NOVA PASSOS - PASSOS;-207.024.517;-466.338.744;V02501 - VITIMA DE QUEDA (CICLISTA) (C) (Prioridade: 1 - Alta);1CIA IND/2CIA/1PEL(PASSOS);UR04360;Não;Não;Não;BOLETIM DE OCORRENCIA;Classificada;15/04/2025 07:10;Não
2025-38920210-4;;14/04/2025 14:40;RUA EVARISTO ALCANTARA LEMOS, Nº S/N - EXPOSICAO - PASSOS;-207.324.407;-466.072.917;V01018 - VITIMA DE MAL NAO DEFINIDO (DISTURBIO) (C) (Prioridade: 1 - Alta);1CIA IND/2CIA/1PEL(PASSOS);;Não;Não;Não;REPASSADA A OUTROS ÓRGAOS;Classificada;14/04/2025 15:04;Não
2025-38920304-6;(BM) 2025-017252695-001;14/04/2025 14:44;ESTRADA PRINCIPAL PSS0209 - ESTRADA LINHA DAS AGUAS, Nº S/N - PASSOS;-2.084.525;-46.554.028;P01002 - VISTORIA DE LIBERACAO / EMISSAO DE AVCB (C) (Prioridade: 2 - Média);1CIA IND/2CIA/PEL PREV E VIST(PASSOS);APF01362;Não;Não;Não;BOLETIM DE OCORRENCIA;Classificada;15/04/2025 07:11;Não
2025-38920559-7;(BM) 2025-017254995-001;14/04/2025 14:56;RUA EGITO, Nº S/N - NOVO MUNDO 4 - PASSOS;-207.265.797;-465.873.388;P02003 - VISTORIA EM LOTE VAGO (C) (Prioridade: 2 - Média);1CIA IND/2CIA/1PEL(PASSOS);ASL06087;Não;Não;Não;BOLETIM DE OCORRENCIA;Classificada;15/04/2025 07:11;Não
2025-38921048-3;(BM) 2025-017263040-001;14/04/2025 15:19;RUA JURANDIR LEANDRO VIEIRA, Nº S/N - RESIDENCIAL VILLAGIO DI ITALIA - PASSOS;-207.345.147;-465.913.156;P02003 - VISTORIA EM LOTE VAGO (C) (Prioridade: 2 - Média);1CIA IND/2CIA/1PEL(PASSOS);ASL06087;Não;Não;Não;BOLETIM DE OCORRENCIA;Classificada;15/04/2025 07:11;Não
2025-38921100-1;(BM) 2025-017270747-001;14/04/2025 15:21;RUA JURANDIR LEANDRO VIEIRA, Nº S/N - RESIDENCIAL VILLAGIO DI ITALIA - PASSOS;-207.345.147;-465.913.156;P02003 - VISTORIA EM LOTE VAGO (C) (Prioridade: 2 - Média);1CIA IND/2CIA/1PEL(PASSOS);ASL06087;Não;Não;Não;BOLETIM DE OCORRENCIA;Classificada;15/04/2025 07:11;Não
2025-38922093-3;(BM) 2025-017274799-001;14/04/2025 16:11;RUA SETE DE SETEMBRO, Nº 1388 - NOSSA SENHORA DAS GRAÇAS - PASSOS;-207.342.666;-466.050.013;P01001 - VISTORIA DE FISCALIZACAO (C) (Prioridade: 2 - Média);1CIA IND/2CIA/PEL PREV E VIST(PASSOS);APF01362;Não;Não;Não;BOLETIM DE OCORRENCIA;Classificada;15/04/2025 07:10;Não
2025-38926254-2;;14/04/2025 20:08;RUA JOAQUIM PLACIDO BARBOSA, Nº 444 - CENTRO - CLARAVAL;-204.001.748;-472.852.724;S06002 - CAPTURA DE ANIMAL SILVESTRE PERIGOSO / AGRESSIVO (C) (Prioridade: 2 - Média);1CIA IND/2CIA/1PEL(PASSOS);ASL06087;Não;Não;Não;DISPENSADA PELO SOLICITANTE;Classificada;14/04/2025 22:42;Não
2025-38928401-6;(BM) 2025-017344353-001;14/04/2025 22:23;RODOVIA MG 050, Km 344 - PASSOS;-207.262.559;-4.650.278;V01007 - VITIMA COM DISPNEIA (FALTA DE AR) (C) (Prioridade: 1 - Alta);1CIA IND/2CIA/1PEL(PASSOS);UR04360;Não;Não;Não;BOLETIM DE OCORRENCIA;Classificada;15/04/2025 07:10;Não
2025-38932025-0;(BM) 2025-017402177-001;15/04/2025 08:03;RUA DOUTOR CARVALHO, Nº 1455 - NOSSA SENHORA DAS GRAÇAS - PASSOS;-207.352.269;-466.037.303;Q03006 - TREINAMENTO DE FORMACAO DE BRIGADAS (C) (Prioridade: 2 - Média);1CIA IND/2CIA/1PEL(PASSOS);BM1787357;Não;Não;Não;BOLETIM DE OCORRENCIA;Classificada;16/04/2025 07:38;Não
2025-38932481-9;(BM) 2025-017379850-001;15/04/2025 08:38;RUA NEBRASKA, Nº 449 - RESIDENCIAL ELDORADO - PASSOS;-207.309.242;-466.233.405;P01001 - VISTORIA DE FISCALIZACAO (C) (Prioridade: 2 - Média);1CIA IND/2CIA/PEL PREV E VIST(PASSOS);APF01362;Não;Não;Não;BOLETIM DE OCORRENCIA;Classificada;16/04/2025 07:38;Não
2025-38932818-0;(BM) 2025-017401837-001;15/04/2025 09:12;RUA SAO FRANCISCO DE ASSIS, Nº 1570 - RESIDENCIAL ELDORADO - PASSOS;-207.313.677;-46.625.121;V01006 - VITIMA COM DIFICULDADE DE LOCOMOCAO (C) (Prioridade: 1 - Alta);1CIA IND/2CIA/1PEL(PASSOS);UR04360;Não;Não;Não;BOLETIM DE OCORRENCIA;Classificada;16/04/2025 07:39;Não
2025-38933322-0;;15/04/2025 09:46;RUA PITANGUI, Nº 384 - Penha - PASSOS;;;V01006 - VITIMA COM DIFICULDADE DE LOCOMOCAO (C) (Prioridade: 1 - Alta);1CIA IND/2CIA/1PEL(PASSOS);;Não;Não;Não;NÃO ATENDIDA: FALTA DE EFETIVO;Classificada;15/04/2025 09:55;Não
2025-38933685-4;(BM) 2025-017394495-001;15/04/2025 10:13;RUA RAIMUNDO F DA SILVEIRA, Nº 98 - PASSOS;-207.049.809;-46.634.663;P01001 - VISTORIA DE FISCALIZACAO (C) (Prioridade: 2 - Média);1CIA IND/2CIA/PEL PREV E VIST(PASSOS);APF01362;Não;Não;Não;BOLETIM DE OCORRENCIA;Classificada;16/04/2025 07:38;Não
2025-38933917-8;(BM) 2025-017402058-001;15/04/2025 10:33;RUA NIAGARA, Nº S/N - PASSOS;-207.491.908;-466.109.597;P02003 - VISTORIA EM LOTE VAGO (C) (Prioridade: 2 - Média);1CIA IND/2CIA/1PEL(PASSOS);UR04360;Não;Não;Não;BOLETIM DE OCORRENCIA;Classificada;16/04/2025 07:39;Não
2025-38934058-0;(BM) 2025-017401893-001;15/04/2025 10:46;RUA NIAGARA, Nº S/N - PASSOS;;;P02003 - VISTORIA EM LOTE VAGO (C) (Prioridade: 2 - Média);1CIA IND/2CIA/1PEL(PASSOS);UR04360;Não;Não;Não;BOLETIM DE OCORRENCIA;Classificada;16/04/2025 07:39;Não
2025-38934237-9;(BM) 2025-017402123-001;15/04/2025 10:56;RUA NIAGARA, Nº S/N - PASSOS;;;P02003 - VISTORIA EM LOTE VAGO (C) (Prioridade: 2 - Média);1CIA IND/2CIA/1PEL(PASSOS);UR04360;Não;Não;Não;BOLETIM DE OCORRENCIA;Classificada;16/04/2025 07:39;Não
2025-38935400-3;(BM) 2025-017417920-001;15/04/2025 12:31;RUA DOS MEDICOS, Nº 93 - BELO HORIZONTE - PASSOS;-207.303.775;-466.072.979;P02011 - VISTORIA EM ENXAME DE INSETOS (C) (Prioridade: 2 - Média);1CIA IND/2CIA/1PEL(PASSOS);ASL06087;Não;Não;Não;BOLETIM DE OCORRENCIA;Classificada;16/04/2025 07:39;Não
2025-38935857-9;(BM) 2025-017420558-001;15/04/2025 13:16;RUA CANJERANUS, Nº 2471 - PASSOS;-207.013.462;-465.994.344;P01001 - VISTORIA DE FISCALIZACAO (C) (Prioridade: 2 - Média);1CIA IND/2CIA/PEL PREV E VIST(PASSOS);APF01362;Não;Não;Não;BOLETIM DE OCORRENCIA;Classificada;16/04/2025 07:39;Não
2025-38936202-5;(BM) 2025-017485146-001;15/04/2025 13:40;RUA DOUTOR CARVALHO, Nº 1455 - NOSSA SENHORA DAS GRAÇAS - PASSOS;-207.352.269;-466.037.303;Q03006 - TREINAMENTO DE FORMACAO DE BRIGADAS (C) (Prioridade: 2 - Média);1CIA IND/2CIA/1PEL(PASSOS);BM1797554;Não;Não;Não;BOLETIM DE OCORRENCIA;Classificada;16/04/2025 07:39;Não
2025-38937780-7;(BM) 2025-017460051-001;15/04/2025 14:59;RUA BARAO DE PASSOS, Nº 1629 - SANTA LUZIA - PASSOS;;;S04014 - SALVAMENTO DE PESSOA COM OBJETO PRESO AO CORPO (C) (Prioridade: 1 - Alta);1CIA IND/2CIA/1PEL(PASSOS);UR04360;Não;Não;Não;BOLETIM DE OCORRENCIA;Classificada;16/04/2025 07:39;Não
2025-38937848-9;(BM) 2025-017459990-001;15/04/2025 15:04;AVENIDA COMENDADOR FRANCISCO A MAIA, Nº 1160 - MARIO MAGALHAES - PASSOS;-207.261.945;-466.113.168;V01024 - VITIMA DE SUICIDIO (TENTATIVA) - APH CLINICO (C) (Prioridade: 1 - Alta);1CIA IND/2CIA/1PEL(PASSOS);UR04360;Não;Não;Não;BOLETIM DE OCORRENCIA;Classificada;16/04/2025 07:39;Não
2025-38940433-1;(BM) 2025-017497034-001;15/04/2025 17:16;AVENIDA ARLINDO FIGUEIREDO, Nº 1035 - SAO FRANCISCO - PASSOS;-207.262.717;-46.622.595;V01023 - VITIMA DE SINCOPE (DESMAIO)/VERTIGEM (C) (Prioridade: 1 - Alta);1CIA IND/2CIA/1PEL(PASSOS);UR04360;Não;Não;Não;BOLETIM DE OCORRENCIA;Classificada;16/04/2025 07:39;Não
2025-38941738-4;(BM) 2025-017497181-001;15/04/2025 18:28;RUA BARAO DE PASSOS, Nº 1785 - SANTA LUZIA - PASSOS;-207.098.843;-465.978.186;V01024 - VITIMA DE SUICIDIO (TENTATIVA) - APH CLINICO (C) (Prioridade: 1 - Alta);1CIA IND/2CIA/1PEL(PASSOS);UR04360;Não;Não;Não;BOLETIM DE OCORRENCIA;Classificada;16/04/2025 07:39;Não
2025-38944150-9;(BM) 2025-017515536-001;15/04/2025 20:57;RUA JASPE, Nº 251 - ACLIMACAO - PASSOS;-207.521.335;-46.599.576;V01024 - VITIMA DE SUICIDIO (TENTATIVA) - APH CLINICO (C) (Prioridade: 1 - Alta);1CIA IND/2CIA/1PEL(PASSOS);UR04360;Não;Não;Não;BOLETIM DE OCORRENCIA;Classificada;16/04/2025 07:40;Não
2025-38945403-8;(BM) 2025-017552402-001;15/04/2025 22:13;FAZENDA PSS0376 - PAU D'ALHO - FERNANDO MATTAR, Nº S/N - PASSOS;-207.030.745;-467.028.562;V03019 - VITIMA DE QUEDA DE ALTURA (C) (Prioridade: 1 - Alta);1CIA IND/2CIA/1PEL(PASSOS);UR04360;Não;Não;Não;BOLETIM DE OCORRENCIA;Classificada;16/04/2025 07:40;Não
2025-38949132-4;(BM) 2025-017559746-001;16/04/2025 07:29;RUA JOSE MARIANO NEGRINHO, Nº 424 - COHAB 5 - PASSOS;-207.181.969;-466.373.767;V03018 - VITIMA DE QUEDA DA PROPRIA ALTURA (C) (Prioridade: 1 - Alta);1CIA IND/2CIA/1PEL(PASSOS);UR04360;Não;Não;Não;BOLETIM DE OCORRENCIA;Classificada;16/04/2025 14:46;Não
2025-38949393-8;(BM) 2025-017562596-002;16/04/2025 08:02;RUA DOUTOR CARVALHO, Nº 1455 - NOSSA SENHORA DAS GRAÇAS - PASSOS;-207.352.269;-466.037.303;Q03006 - TREINAMENTO DE FORMACAO DE BRIGADAS (C) (Prioridade: 2 - Média);1CIA IND/2CIA/1PEL(PASSOS);BM1272152 / BM1637099;Não;Não;Não;BOLETIM DE OCORRENCIA;Classificada;17/04/2025 05:03;Não
2025-38952538-7;(PM) 2025-017603553-001;16/04/2025 12:24;RUA JAIME GOMES / RUA BOIADEIROS - JARDIM PINHEIROS - PASSOS;-207.215.385;-466.176.736;W98011 - SOLICITACAO DE APOIO (C) (Prioridade: 1 - Alta);1CIA IND/2CIA/1PEL(PASSOS);;Não;Não;Não;DUPLICADA;Classificada;16/04/2025 12:46;Não
2025-38952644-4;(BM) 2025-017602640-001;16/04/2025 12:33;RUA JAIME GOMES, Nº 763 - PASSOS;-207.213.394;-46.617.376;V03003 - VITIMA DE AGRESSAO FISICA COM ARMA BRANCA (C) (Prioridade: 1 - Alta);1CIA IND/2CIA/1PEL(PASSOS);UR04360;Não;Não;Não;BOLETIM DE OCORRENCIA;Classificada;17/04/2025 05:04;Não
2025-38953137-1;(BM) 2025-017605593-001;16/04/2025 13:20;PRACA GERALDO DA SILVA MAIA, Nº 30 - CENTRO - PASSOS;-207.207.915;-466.086.181;P01001 - VISTORIA DE FISCALIZACAO (C) (Prioridade: 2 - Média);1CIA IND/2CIA/1PEL(PASSOS);ASL06087;Não;Não;Não;BOLETIM DE OCORRENCIA;Classificada;17/04/2025 05:03;Não
2025-38953602-0;(BM) 2025-017613167-001;16/04/2025 13:55;RUA ESPIRITO SANTO, Nº 580 - BELA VISTA - PASSOS;-207.153.718;-465.964.058;S04009 - SALVAMENTO DE PESSOA PRESA EM IMOVEL (C) (Prioridade: 2 - Média);1CIA IND/2CIA/1PEL(PASSOS);UR04360;Não;Não;Não;BOLETIM DE OCORRENCIA;Classificada;17/04/2025 05:03;Não
2025-38954328-5;(BM) 2025-017619860-001;16/04/2025 14:37;AVENIDA JUCA STOCKLER, Nº 524 - PASSOS;-207.231.257;-466.006.212;P01001 - VISTORIA DE FISCALIZACAO (C) (Prioridade: 2 - Média);1CIA IND/2CIA/1PEL(PASSOS);ASL06087;Não;Não;Não;BOLETIM DE OCORRENCIA;Classificada;17/04/2025 05:03;Não
2025-38954828-8;(BM) 2025-017639193-001;16/04/2025 15:01;RUA VEREADOR ANTONIO MENDES PEIXOTO, Nº 280 - COHAB 5 - PASSOS;-207.193.222;-466.378.059;V01025 - VITIMA DE USO / ABUSO / DEPENDENCIA DE DROGAS / ALCOOL (C) (Prioridade: 1 - Alta);1CIA IND/2CIA/1PEL(PASSOS);UR04360;Não;Não;Não;BOLETIM DE OCORRENCIA;Classificada;17/04/2025 05:04;Não
2025-38955050-6;(BM) 2025-017628886-001;16/04/2025 15:12;AVENIDA COMENDADOR FRANCISCO A MAIA, Nº 4050 - EXPOSICAO - PASSOS;-207.333.293;-466.060.067;P01001 - VISTORIA DE FISCALIZACAO (C) (Prioridade: 2 - Média);1CIA IND/2CIA/1PEL(PASSOS);ASL06087;Não;Não;Não;BOLETIM DE OCORRENCIA;Classificada;17/04/2025 05:03;Não
2025-38955686-0;(BM) 2025-017636917-001;16/04/2025 15:44;AVENIDA CHICO XAVIER, Nº S/N - JARDIM PLANALTO - PASSOS;-207.197.803;-466.285.997;P02003 - VISTORIA EM LOTE VAGO (C) (Prioridade: 2 - Média);1CIA IND/2CIA/1PEL(PASSOS);ASL06087;Não;Não;Não;BOLETIM DE OCORRENCIA;Classificada;17/04/2025 05:03;Não
2025-38955964-1;(BM) 2025-017640313-001;16/04/2025 15:59;AVENIDA CHICO XAVIER, Nº S/N - JARDIM PLANALTO - PASSOS;-207.197.803;-466.285.997;P02003 - VISTORIA EM LOTE VAGO (C) (Prioridade: 2 - Média);1CIA IND/2CIA/1PEL(PASSOS);ASL06087;Não;Não;Não;BOLETIM DE OCORRENCIA;Classificada;17/04/2025 05:03;Não
2025-38956189-1;(BM) 2025-017643690-001;16/04/2025 16:15;AVENIDA CHICO XAVIER, Nº S/N - JARDIM PLANALTO - PASSOS;-207.197.803;-466.285.997;P02003 - VISTORIA EM LOTE VAGO (C) (Prioridade: 2 - Média);1CIA IND/2CIA/1PEL(PASSOS);ASL06087;Não;Não;Não;BOLETIM DE OCORRENCIA;Classificada;17/04/2025 05:04;Não
2025-38957952-3;;16/04/2025 17:52;AVENIDA NACOES, Nº S/N - VILA RICA - PASSOS;-207.276.808;-46.600.861;V01025 - VITIMA DE USO / ABUSO / DEPENDENCIA DE DROGAS / ALCOOL (C) (Prioridade: 1 - Alta);1CIA IND/2CIA/1PEL(PASSOS);;Não;Não;Não;ORIENTAÇÃO;Classificada;16/04/2025 17:53;Não
2025-38959065-5;(BM) 2025-017673326-001;16/04/2025 19:00;AVENIDA AROUCA, Nº S/N - CENTRO - PASSOS;-20.715.228;-466.094.169;R01999 - OUTROS TIPOS DE ACOES DE APOIO A COMUNIDADE   (C) (Prioridade: 2 - Média);1CIA IND/2CIA/1PEL(PASSOS);ASL06087;Não;Não;Não;BOLETIM DE OCORRENCIA;Classificada;17/04/2025 05:04;Não
2025-38959365-9;(BM) 2025-017689645-001;16/04/2025 19:17;AVENIDA JUCA STOCKLER, Nº 1099 - BELO HORIZONTE - PASSOS;-207.330.108;-466.036.213;V02102 - VITIMA DE ATROPELAMENTO POR MOTOCICLETA (C) (Prioridade: 1 - Alta);1CIA IND/2CIA/1PEL(PASSOS);UR04360;Não;Não;Não;BOLETIM DE OCORRENCIA;Classificada;17/04/2025 05:04;Não
2025-38959407-7;;16/04/2025 19:19;RUA ANTONIO MILTON DE FARIA, Nº 390 - JARDIM ITALIA - PASSOS;;;V01002 - VITIMA COM CEFALEIA AGUDA / ENXAQUECA (C) (Prioridade: 1 - Alta);1CIA IND/2CIA/1PEL(PASSOS);;Não;Não;Não;ATENDIDA PELO SAMU;Classificada;16/04/2025 20:13;Não
2025-38960331-4;(BM) 2025-017686836-001;16/04/2025 20:19;RUA PORTO ALEGRE, Nº 22 - CENTRO - SAO JOAO BATISTA GLORIA;-206.375.875;-46.504.634;S04014 - SALVAMENTO DE PESSOA COM OBJETO PRESO AO CORPO (C) (Prioridade: 1 - Alta);1CIA IND/2CIA/1PEL(PASSOS);UR04360;Não;Não;Não;BOLETIM DE OCORRENCIA;Classificada;17/04/2025 07:07;Não
2025-38965433-1;(BM) 2025-017736101-001;17/04/2025 06:56;RUA DOUTOR CARVALHO, Nº 1455 - NOSSA SENHORA DAS GRAÇAS - PASSOS;-207.352.269;-466.037.303;Q03018 - TREINAMENTO DE CONDUCAO E OPERACAO DE VIATURAS (C) (Prioridade: 3 - Baixa);1CIA IND/2CIA/1PEL(PASSOS);BM1549807;Não;Não;Não;BOLETIM DE OCORRENCIA;Classificada;17/04/2025 07:08;Não
2025-38966975-0;(BM) 2025-017750174-001;17/04/2025 09:39;RUA DOUTOR CARVALHO, Nº 1455 - NOSSA SENHORA DAS GRAÇAS - PASSOS;-207.352.269;-466.037.303;Q03999 - OUTROS TIPOS DE TREINAMENTO (C) (Prioridade: 2 - Média);1CIA IND/2CIA/1PEL(PASSOS);BM1206671;Não;Não;Não;BOLETIM DE OCORRENCIA;Classificada;18/04/2025 08:01;Não
2025-38967287-2;(BM) 2025-017753059-001;17/04/2025 10:03;RODOVIA BR 265, Km 532 - ALPINOPOLIS;-208.939.189;-462.672.079;P01003 - VISTORIA EM EVENTOS TEMPORARIOS (C) (Prioridade: 1 - Alta);1CIA IND/2CIA/1PEL(PASSOS);ASL06087;Não;Não;Não;BOLETIM DE OCORRENCIA;Classificada;18/04/2025 08:01;Não
2025-38968886-2;(BM) 2025-017793847-001;17/04/2025 12:10;RUA ITAJAI, Nº S/N - SERRA DAS BRISAS - PASSOS;-207.329.965;-465.981.406;P02003 - VISTORIA EM LOTE VAGO (C) (Prioridade: 2 - Média);1CIA IND/2CIA/1PEL(PASSOS);UR04360;Não;Não;Não;BOLETIM DE OCORRENCIA;Classificada;18/04/2025 08:01;Não
2025-38969114-5;(BM) 2025-017793925-001;17/04/2025 12:35;RUA ITAJAI, Nº S/N - SERRA DAS BRISAS - PASSOS;-207.329.965;-465.981.406;P02003 - VISTORIA EM LOTE VAGO (C) (Prioridade: 2 - Média);1CIA IND/2CIA/1PEL(PASSOS);UR04360;Não;Não;Não;BOLETIM DE OCORRENCIA;Classificada;18/04/2025 08:01;Não
2025-38969205-9;(BM) 2025-017793981-001;17/04/2025 12:45;RUA ITAJAI, Nº S/N - SERRA DAS BRISAS - PASSOS;-207.329.965;-465.981.406;P02003 - VISTORIA EM LOTE VAGO (C) (Prioridade: 2 - Média);1CIA IND/2CIA/1PEL(PASSOS);UR04360;Não;Não;Não;BOLETIM DE OCORRENCIA;Classificada;18/04/2025 08:01;Não
2025-38970340-1;(BM) 2025-017786607-001;17/04/2025 14:14;RUA PERNAMBUCO, Nº 1026 - BELA VISTA 2 - PASSOS;-207.117.894;-465.936.087;P02011 - VISTORIA EM ENXAME DE INSETOS (C) (Prioridade: 2 - Média);1CIA IND/2CIA/1PEL(PASSOS);ASL06087;Não;Não;Não;BOLETIM DE OCORRENCIA;Classificada;18/04/2025 08:01;Não
2025-38971840-0;;17/04/2025 15:27;AVENIDA COMENDADOR FRANCISCO A MAIA, Nº 2542 - CANDEIAS - PASSOS;-207.212.654;-466.130.171;V01018 - VITIMA DE MAL NAO DEFINIDO (DISTURBIO) (C) (Prioridade: 1 - Alta);1CIA IND/2CIA/1PEL(PASSOS);UR04360;Não;Não;Não;ATENDIDA PELO SAMU;Classificada;17/04/2025 17:52;Não
2025-38975585-6;(PM) 2025-017847991-001;17/04/2025 19:06;RUA DEPUTADO LOURENCO DE ANDRADE / RUA DOUTOR BERNARDINO VIEIRA - CENTRO - PASSOS;-207.171.035;-466.093.263;W98011 - SOLICITACAO DE APOIO (C) (Prioridade: 1 - Alta);1CIA IND/2CIA/1PEL(PASSOS);;Não;Não;Não;DUPLICADA;Classificada;17/04/2025 19:13;Não
2025-38975596-2;(BM) 2025-017865482-001;17/04/2025 19:08;RUA DEPUTADO LOURENCO DE ANDRADE, Nº 401 - CENTRO - PASSOS;-207.170.184;-466.094.193;V02502 - VITIMA DE QUEDA (MOTOCICLISTA) (C) (Prioridade: 1 - Alta);1CIA IND/2CIA/1PEL(PASSOS);UR04360;Não;Não;Não;BOLETIM DE OCORRENCIA;Classificada;18/04/2025 08:01;Não
2025-38978406-1;(BM) 2025-017873056-001;17/04/2025 22:07;RUA MORGANITA, Nº 1297 - ACLIMACAO - PASSOS;-207.532.054;-466.025.054;S06003 - CAPTURA DE CAO PERIGOSO / AGRESSIVO (C) (Prioridade: 2 - Média);1CIA IND/2CIA/1PEL(PASSOS);ASL06087;Não;Não;Não;BOLETIM DE OCORRENCIA;Classificada;18/04/2025 08:01;Não
2025-38980764-4;(BM) 2025-017887100-001;18/04/2025 00:18;RUA CEARA, Nº 987 - BELA VISTA - PASSOS;-207.182.885;-46.597.531;O02001 - INCENDIO EM RESIDENCIA/HABITACAO UNIFAMILIAR (CASA) (C) (Prioridade: 1 - Alta);1CIA IND/2CIA/1PEL(PASSOS);VOB00480;Não;Não;Não;BOLETIM DE OCORRENCIA;Classificada;18/04/2025 08:01;Não
2025-38984090-4;(BM) 2025-017995040-001;18/04/2025 08:30;A DEFINIR DEO0184 - SERRA BABILONIA, Nº S/N - DELFINOPOLIS;-203.542.073;-467.403.996;S06001 - SALVAMENTO DE ANIMAL EM RISCO / PERIGO (C) (Prioridade: 2 - Média);1CIA IND/2CIA/1PEL(PASSOS);ASL06087;Não;Não;Não;BOLETIM DE OCORRENCIA;Classificada;19/04/2025 07:40;Não
2025-38984261-5;(BM) 2025-017917387-001;18/04/2025 08:52;RUA OSORIO JOSE LEMOS, Nº 135 - PARQUE DAS AROEIRAS - PASSOS;-207.232.031;-466.273.893;P02003 - VISTORIA EM LOTE VAGO (C) (Prioridade: 2 - Média);1CIA IND/2CIA/1PEL(PASSOS);VOB00480;Não;Não;Não;BOLETIM DE OCORRENCIA;Classificada;19/04/2025 07:40;Não
2025-38984818-3;(BM) 2025-017917440-001;18/04/2025 09:58;RUA OSORIO JOSE LEMOS, Nº 135 - PARQUE DAS AROEIRAS - PASSOS;-207.232.031;-466.273.893;P02003 - VISTORIA EM LOTE VAGO (C) (Prioridade: 2 - Média);1CIA IND/2CIA/1PEL(PASSOS);VOB00480;Não;Não;Não;BOLETIM DE OCORRENCIA;Classificada;19/04/2025 07:40;Não
2025-38984883-5;(BM) 2025-017918563-001;18/04/2025 10:00;RUA OSORIO JOSE LEMOS / AVENIDA CHICO XAVIER - PARQUE DAS AROEIRAS - PASSOS;-207.231.852;-466.278.031;P02003 - VISTORIA EM LOTE VAGO (C) (Prioridade: 2 - Média);1CIA IND/2CIA/1PEL(PASSOS);VOB00480;Não;Não;Não;BOLETIM DE OCORRENCIA;Classificada;19/04/2025 07:40;Não
2025-38986776-6;(BM) 2025-017936790-001;18/04/2025 13:18;RUA DOUTOR CARVALHO, Nº 1455 - NOSSA SENHORA DAS GRAÇAS - PASSOS;-207.352.269;-466.037.303;V02502 - VITIMA DE QUEDA (MOTOCICLISTA) (C) (Prioridade: 1 - Alta);1CIA IND/2CIA/1PEL(PASSOS);UR04360;Não;Não;Não;BOLETIM DE OCORRENCIA;Classificada;19/04/2025 07:39;Não
2025-38987154-1;(BM) 2025-017961571-001;18/04/2025 13:54;RODOVIA MG 050, Nº S/N - PASSOS;-207.372.242;-466.331.087;Y40035 - APOIO DE SOLO EM OPERACOES AEREAS (C) (Prioridade: 2 - Média);1CIA IND/2CIA/1PEL(PASSOS);UR04360;Não;Não;Não;BOLETIM DE OCORRENCIA;Classificada;19/04/2025 07:40;Não
2025-38989167-4;(BM) 2025-017965595-001;18/04/2025 16:08;ESTRADA JULIEIRA, Nº S/N - NOVA CALIFORNIA - PASSOS;-207.018.793;-466.242.379;O02034 - INCENDIO EM CACAMBA DE LIXO / ENTULHO (C) (Prioridade: 2 - Média);1CIA IND/2CIA/1PEL(PASSOS);VOB00480;Não;Não;Não;BOLETIM DE OCORRENCIA;Classificada;19/04/2025 07:40;Não
2025-38991058-1;(BM) 2025-017995037-001;18/04/2025 18:17;RUA DOUTOR CARVALHO, Nº 1455 - NOSSA SENHORA DAS GRAÇAS - PASSOS;-207.352.269;-466.037.303;Q03999 - OUTROS TIPOS DE TREINAMENTO (C) (Prioridade: 2 - Média);1CIA IND/2CIA/1PEL(PASSOS);BM1274612;Não;Não;Não;BOLETIM DE OCORRENCIA;Classificada;19/04/2025 07:40;Não
2025-38991659-1;(BM) 2025-017995011-001;18/04/2025 18:55;RUA QUINZINHO FUNCHAL, Nº 520 - PASSOS;-206.984.847;-466.224.937;V01005 - VITIMA COM CRISE HIPERTENSIVA/HIPOTENSAO (C) (Prioridade: 1 - Alta);1CIA IND/2CIA/1PEL(PASSOS);UR04360;Não;Não;Não;BOLETIM DE OCORRENCIA;Classificada;19/04/2025 07:39;Não
2025-38993615-7;;18/04/2025 21:06;RUA FARMACEUTICOS, Nº 931 - NOVO HORIZONTE - PASSOS;;;V01003 - VITIMA COM CRISE CONVULSIVA (C) (Prioridade: 1 - Alta);1CIA IND/2CIA/1PEL(PASSOS);UR04360;Não;Não;Não;DISPENSADA PELO SOLICITANTE;Classificada;18/04/2025 21:27;Não
2025-38995261-7;;18/04/2025 22:44;RUA CAPITAO JOAQUIM BENTO, Nº 580 - JARDIM DO TREVO - ALPINOPOLIS;-208.629.566;-463.805.306;S06001 - SALVAMENTO DE ANIMAL EM RISCO / PERIGO (C) (Prioridade: 2 - Média);1CIA IND/2CIA/1PEL(PASSOS);;Não;Não;Não;DISPENSADA PELO SOLICITANTE;Classificada;18/04/2025 23:38;Não
2025-38996609-0;;19/04/2025 00:14;RUA CAPITAO JOAQUIM BENTO, Nº 580 - JARDIM DO TREVO - ALPINOPOLIS;-208.629.566;-463.805.306;S06001 - SALVAMENTO DE ANIMAL EM RISCO / PERIGO (C) (Prioridade: 2 - Média);1CIA IND/2CIA/1PEL(PASSOS);ASL06087;Não;Não;Não;DISPENSADA PELO SOLICITANTE;Classificada;19/04/2025 06:04;Não
2025-38996635-0;;19/04/2025 00:15;RUA CALIMERIO FRANCISCO DIAS, Nº 151 - NOVA CALIFORNIA - PASSOS;-207.028.505;-466.217.382;V01018 - VITIMA DE MAL NAO DEFINIDO (DISTURBIO) (C) (Prioridade: 1 - Alta);1CIA IND/2CIA/1PEL(PASSOS);;Não;Não;Não;ATENDIDA PELO SAMU;Classificada;19/04/2025 00:46;Não
2025-38999727-3;(BM) 2025-018057649-002;19/04/2025 09:12;RUA TURQUESA, Nº 1803 - ACLIMACAO - PASSOS;-207.549.884;-46.597.754;V03018 - VITIMA DE QUEDA DA PROPRIA ALTURA (C) (Prioridade: 1 - Alta);1CIA IND/2CIA/1PEL(PASSOS);UR04360;Não;Não;Não;BOLETIM DE OCORRENCIA;Classificada;20/04/2025 07:46;Não
2025-38999773-0;(BM) 2025-018064259-001;19/04/2025 09:14;RUA GURUPI, Nº 84 - VILA RICA - PASSOS;-20.725.204;-465.930.634;P02011 - VISTORIA EM ENXAME DE INSETOS (C) (Prioridade: 2 - Média);1CIA IND/2CIA/1PEL(PASSOS);ASL06087;Não;Não;Não;BOLETIM DE OCORRENCIA;Classificada;20/04/2025 07:47;Não
2025-39000437-0;(BM) 2025-018064142-001;19/04/2025 10:23;RUA LYDIA AGELUNE PIANTINO, Nº S/N - RESIDENCIAL VILLAGIO DI ITALIA - PASSOS;-207.309.329;-465.894.239;P02003 - VISTORIA EM LOTE VAGO (C) (Prioridade: 2 - Média);1CIA IND/2CIA/1PEL(PASSOS);ASL06087;Não;Não;Não;BOLETIM DE OCORRENCIA;Classificada;20/04/2025 07:47;Não
2025-39000510-8;(BM) 2025-018058160-001;19/04/2025 10:30;RUA MARIA AGELUNE, Nº S/N - RESIDENCIAL VILLAGIO DI ITALIA - PASSOS;-20.731.239;-465.899.174;P02003 - VISTORIA EM LOTE VAGO (C) (Prioridade: 2 - Média);1CIA IND/2CIA/1PEL(PASSOS);ASL06087;Não;Não;Não;BOLETIM DE OCORRENCIA;Classificada;20/04/2025 07:47;Não
2025-39000612-8;(BM) 2025-018059193-001;19/04/2025 10:40;RUA ANEZIA DE MELO PIANTINO, Nº S/N - RESIDENCIAL VILLAGIO DI ITALIA - PASSOS;-20.731.555;-465.904.324;P02003 - VISTORIA EM LOTE VAGO (C) (Prioridade: 2 - Média);1CIA IND/2CIA/1PEL(PASSOS);ASL06087;Não;Não;Não;BOLETIM DE OCORRENCIA;Classificada;20/04/2025 07:46;Não
2025-39000709-8;(BM) 2025-018060580-001;19/04/2025 10:53;RUA DOUTOR CARVALHO, Nº 1455 - NOSSA SENHORA DAS GRAÇAS - PASSOS;-207.352.269;-466.037.303;Q03005 - TREINAMENTO DE SALVAMENTO TERRESTRE (C) (Prioridade: 2 - Média);1CIA IND/2CIA/1PEL(PASSOS);BM1525005;Não;Não;Não;BOLETIM DE OCORRENCIA;Classificada;20/04/2025 07:46;Não
2025-39002850-7;(BM) 2025-018080370-001;19/04/2025 14:30;AVENIDA ARLINDO FIGUEIREDO, Nº 2201 - PASSOS;-207.320.493;-466.302.434;V01003 - VITIMA COM CRISE CONVULSIVA (C) (Prioridade: 1 - Alta);1CIA IND/2CIA/1PEL(PASSOS);UR04360;Não;Não;Não;BOLETIM DE OCORRENCIA;Classificada;20/04/2025 07:46;Não
2025-39005986-5;(BM) 2025-018115174-003 / (PM) 2025-018115174-001;19/04/2025 18:00;RUA DOUTOR ADIEL ALMEIDA DE OLIVEIRA, Nº 181 - JARDIM PLANALTO - SAO JOAO BATISTA GLORIA;-206.323.218;-465.131.801;O02001 - INCENDIO EM RESIDENCIA/HABITACAO UNIFAMILIAR (CASA) (C) (Prioridade: 1 - Alta);1CIA IND/2CIA/1PEL(PASSOS);VOB00480 / UR04360;Não;Não;Não;BOLETIM DE OCORRENCIA;Classificada;20/04/2025 07:46;Não
2025-39006766-4;;19/04/2025 18:51;RODOVIA MG 050 - PASSOS;;;V02202 - VITIMA DE CHOQUE DE MOTOCICLETA (C) (Prioridade: 1 - Alta);1CIA IND/2CIA/1PEL(PASSOS);;Não;Não;Não;ATENDIDA PELO SAMU;Classificada;19/04/2025 23:03;Não
2025-39007176-6;(BM) 2025-018121275-001;19/04/2025 19:10;RODOVIA MG 050 - PASSOS;;;V02202 - VITIMA DE CHOQUE DE MOTOCICLETA (C) (Prioridade: 1 - Alta);1CIA IND/2CIA/1PEL(PASSOS);UR04360;Não;Não;Não;BOLETIM DE OCORRENCIA;Classificada;20/04/2025 07:46;Não
2025-39008294-8;(BM) 2025-018142781-001;19/04/2025 20:19;RUA GURUPI, Nº 84 - VILA RICA - PASSOS;-20.725.204;-465.930.634;S06005 - CAPTURA DE INSETOS (C) (Prioridade: 2 - Média);1CIA IND/2CIA/1PEL(PASSOS);ASL06087;Não;Não;Não;BOLETIM DE OCORRENCIA;Classificada;20/04/2025 07:46;Não
2025-39011375-6;(BM) 2025-018181174-001;19/04/2025 23:15;AVENIDA ANTONIO ADAO DA SILVA, Nº 70 - PENHA - PASSOS;-207.151.687;-466.224.144;V01006 - VITIMA COM DIFICULDADE DE LOCOMOCAO (C) (Prioridade: 1 - Alta);1CIA IND/2CIA/1PEL(PASSOS);UR04360;Não;Não;Não;BOLETIM DE OCORRENCIA;Classificada;20/04/2025 07:46;Não
2025-39014327-0;(BM) 2025-018180771-001;20/04/2025 02:21;RUA MADRE PAULINA, Nº 420 - NOVO HORIZONTE - ITAU DE MINAS;-207.471.976;-467.451.251;S06001 - SALVAMENTO DE ANIMAL EM RISCO / PERIGO (C) (Prioridade: 2 - Média);1CIA IND/2CIA/1PEL(PASSOS);ASL06087;Não;Não;Não;BOLETIM DE OCORRENCIA;Classificada;20/04/2025 07:46;Não
2025-39016328-3;(BM) 2025-018236605-001;20/04/2025 08:13;RUA DOUTOR CARVALHO, Nº 1455 - NOSSA SENHORA DAS GRAÇAS - PASSOS;-207.352.269;-466.037.303;X03000 - EMPENHO ADMINISTRATIVO (C) (Prioridade: 2 - Média);1CIA IND/2CIA/1PEL(PASSOS);1193;Não;Não;Não;BOLETIM DE OCORRENCIA;Classificada;21/04/2025 07:25;Não
2025-39016528-2;(BM) 2025-018189716-001;20/04/2025 08:49;AVENIDA JK, Nº S/N - MONSENHOR MESSIAS - PASSOS;-207.342.178;-465.979.772;P03999 - OUTROS TIPOS DE PCI / PCA   (C) (Prioridade: 2 - Média);1CIA IND/2CIA/1PEL(PASSOS);UR04360;Não;Não;Não;BOLETIM DE OCORRENCIA;Classificada;21/04/2025 07:40;Não
2025-39017695-0;(BM) 2025-018207839-001;20/04/2025 11:07;CHACARA PSS0205 - CORREDOR SAO DOMINGOS S/N, Nº S/N - PASSOS;-207.173.756;-46.582.714;V01009 - VITIMA COM DOR NA COLUNA VERTEBRAL (COSTAS) (C) (Prioridade: 1 - Alta);1CIA IND/2CIA/1PEL(PASSOS);UR04360;Não;Não;Não;BOLETIM DE OCORRENCIA;Classificada;21/04/2025 07:40;Não
2025-39018204-1;(BM) 2025-018205476-001;20/04/2025 12:08;ESTRADA JULIEIRA, Nº S/N - NOVA CALIFORNIA - PASSOS;-207.018.793;-466.242.379;O02033 - INCENDIO EM AMONTOADO DE LIXO (C) (Prioridade: 2 - Média);1CIA IND/2CIA/1PEL(PASSOS);VOB00480;Não;Não;Não;BOLETIM DE OCORRENCIA;Classificada;21/04/2025 07:24;Não
2025-39018854-7;(BM) 2025-018221845-001;20/04/2025 13:34;RUA PRATAPOLIS, Nº 1281 - JARDIM ELAINE - PASSOS;-206.958.688;-466.132.048;V01018 - VITIMA DE MAL NAO DEFINIDO (DISTURBIO) (C) (Prioridade: 1 - Alta);1CIA IND/2CIA/1PEL(PASSOS);UR04360;Não;Não;Não;BOLETIM DE OCORRENCIA;Classificada;21/04/2025 07:40;Não
2025-39019832-0;(BM) 2025-018218867-001;20/04/2025 14:54;RUA AREADO, Nº S/N - NOSSA SENHORA DE FATIMA - PASSOS;-207.037.454;-466.123.879;P02003 - VISTORIA EM LOTE VAGO (C) (Prioridade: 2 - Média);1CIA IND/2CIA/1PEL(PASSOS);ASL06087;Não;Não;Não;BOLETIM DE OCORRENCIA;Classificada;21/04/2025 07:26;Não
2025-39020116-9;(BM) 2025-018221910-001;20/04/2025 15:14;RUA BUENOS AIRES, Nº S/N - COHAB 3 - PASSOS;-207.024.574;-466.241.103;P02003 - VISTORIA EM LOTE VAGO (C) (Prioridade: 2 - Média);1CIA IND/2CIA/1PEL(PASSOS);UR04360;Não;Não;Não;BOLETIM DE OCORRENCIA;Classificada;21/04/2025 07:26;Não
2025-39020377-2;(BM) 2025-018224115-001;20/04/2025 15:34;RUA LIVIO GONCALVES DOS REIS, Nº S/N - COHAB 3 - PASSOS;-207.034.602;-466.232.049;P02003 - VISTORIA EM LOTE VAGO (C) (Prioridade: 2 - Média);1CIA IND/2CIA/1PEL(PASSOS);UR04360;Não;Não;Não;BOLETIM DE OCORRENCIA;Classificada;21/04/2025 07:26;Não
2025-39020567-8;(BM) 2025-018230467-001;20/04/2025 15:46;RUA TIRADENTES, Nº 148 - CANJERANUS - PASSOS;-207.121.618;-466.052.783;V01018 - VITIMA DE MAL NAO DEFINIDO (DISTURBIO) (C) (Prioridade: 1 - Alta);1CIA IND/2CIA/1PEL(PASSOS);UR04360;Não;Não;Não;BOLETIM DE OCORRENCIA;Classificada;21/04/2025 07:40;Não
2025-39021374-0;;20/04/2025 16:46;PRACA CORONEL FRANCISCO GOMES, Nº 46 - CENTRO - PASSOS;-207.164.972;-466.070.682;V03025 - VITIMA COM FERIMENTO DE CORTE/CONTUSAO (C) (Prioridade: 1 - Alta);1CIA IND/2CIA/1PEL(PASSOS);;Não;Não;Não;ATENDIDA PELO SAMU;Classificada;20/04/2025 17:01;Não
2025-39022558-8;(BM) 2025-018247711-001;20/04/2025 18:07;RUA ARAGUAINA, Nº 523 - JARDIM PLANALTO - PASSOS;-207.193.909;-466.223.866;O04011 - INCENDIO EM AREA URBANA NAO PROTEGIDA (C) (Prioridade: 2 - Média);1CIA IND/2CIA/1PEL(PASSOS);VOB00480;Não;Não;Não;BOLETIM DE OCORRENCIA;Classificada;21/04/2025 07:25;Não
2025-39025379-5;(BM) 2025-018268366-001 / (PM) 2025-018268366-002;20/04/2025 20:51;AVENIDA NACOES, Nº 709 - NOVO MUNDO 2 - PASSOS;-207.284.826;-465.924.615;V02103 - VITIMA DE ATROPELAMENTO POR AUTOMOVEL (CARRO / CAMINHONETE) (C) (Prioridade: 1 - Alta);1CIA IND/2CIA/1PEL(PASSOS);UR04360;Não;Não;Não;BOLETIM DE OCORRENCIA;Classificada;21/04/2025 07:40;Não
2025-39031278-2;(BM) 2025-018315634-001;21/04/2025 07:46;RUA JOAQUIM DE MELO LEMOS, Nº 81 - FLAMBOYANT - PASSOS;-207.544.624;-466.051.769;V01015 - VITIMA COM HEMORRAGIA (C) (Prioridade: 1 - Alta);1CIA IND/2CIA/1PEL(PASSOS);UR04360;Sim;Não;Não;BOLETIM DE OCORRENCIA;Classificada;22/04/2025 07:56;Não
2025-39032014-6;(BM) 2025-018337493-001;21/04/2025 09:11;SITIO CLV0173 - PRIMAVERA, Nº S/N - CLARAVAL;-202.930.782;-472.260.073;S04012 - BUSCA E SALVAMENTO EM LOCAL DE DIFICIL ACESSO (C) (Prioridade: 1 - Alta);1CIA IND/2CIA/1PEL(PASSOS);ASL06087;Não;Não;Não;BOLETIM DE OCORRENCIA;Classificada;22/04/2025 07:56;Não
2025-39033759-1;(BM) 2025-018377727-001;21/04/2025 12:11;AVENIDA NOSSA SENHORA APARECIDA, Nº 752 - VILA SAO JOSE - PASSOS;-207.032.767;-46.642.727;O04011 - INCENDIO EM AREA URBANA NAO PROTEGIDA (C) (Prioridade: 2 - Média);1CIA IND/2CIA/1PEL(PASSOS);VOB00480;Não;Não;Não;BOLETIM DE OCORRENCIA;Classificada;22/04/2025 07:55;Não
2025-39034689-3;(BM) 2025-018377649-001;21/04/2025 13:56;RUA CINCO, Nº 25 - CENTRO - ITAU DE MINAS;-207.390.633;-467.487.659;S06001 - SALVAMENTO DE ANIMAL EM RISCO / PERIGO (C) (Prioridade: 2 - Média);1CIA IND/2CIA/1PEL(PASSOS);ASL06087 / ABTS00495;Não;Não;Não;BOLETIM DE OCORRENCIA;Classificada;22/04/2025 07:55;Não
2025-39035148-9;;21/04/2025 14:32;RUA PRATAPOLIS, Nº 968 - NOSSA SENHORA DE FATIMA - PASSOS;-206.985.185;-466.124.116;V01006 - VITIMA COM DIFICULDADE DE LOCOMOCAO (C) (Prioridade: 1 - Alta);1CIA IND/2CIA/1PEL(PASSOS);;Não;Não;Não;NÃO ATENDIDA: FALTA DE EFETIVO;Classificada;21/04/2025 14:33;Não
2025-39039270-4;(BM) 2025-018386496-001;21/04/2025 18:40;RUA PALMAS / RUA PETUNIAS - PANORAMA - PASSOS;-20.711.027;-466.145.613;P02003 - VISTORIA EM LOTE VAGO (C) (Prioridade: 2 - Média);1CIA IND/2CIA/1PEL(PASSOS);ASL06087;Não;Não;Não;BOLETIM DE OCORRENCIA;Classificada;22/04/2025 07:55;Não
2025-39039318-9;(BM) 2025-018387917-001;21/04/2025 18:46;RUA VITORIA REGIA, Nº S/N - PANORAMA - PASSOS;-207.102.061;-466.139.971;P02003 - VISTORIA EM LOTE VAGO (C) (Prioridade: 2 - Média);1CIA IND/2CIA/1PEL(PASSOS);ASL06087;Não;Não;Não;BOLETIM DE OCORRENCIA;Classificada;22/04/2025 07:55;Não
2025-39039441-5;(BM) 2025-018387960-001;21/04/2025 18:51;RUA ORQUIDEAS, Nº S/N - PANORAMA - PASSOS;-207.094.094;-466.166.711;P02003 - VISTORIA EM LOTE VAGO (C) (Prioridade: 2 - Média);1CIA IND/2CIA/1PEL(PASSOS);ASL06087;Não;Não;Não;BOLETIM DE OCORRENCIA;Classificada;22/04/2025 07:55;Não
2025-39040987-6;(BM) 2025-018406160-001;21/04/2025 20:34;RUA ANA SILVEIRA BORGES, Nº 113 - RECANTO DA TEKA - PASSOS;-207.437.225;-465.973.008;S06002 - CAPTURA DE ANIMAL SILVESTRE PERIGOSO / AGRESSIVO (C) (Prioridade: 2 - Média);1CIA IND/2CIA/1PEL(PASSOS);ASL06087;Não;Não;Não;BOLETIM DE OCORRENCIA;Classificada;22/04/2025 07:55;Não
2025-39043775-4;(BM) 2025-018440227-001;21/04/2025 23:41;AVENIDA AROUCA, Nº 999 - CENTRO - PASSOS;-207.204.477;-466.046.317;V01024 - VITIMA DE SUICIDIO (TENTATIVA) - APH CLINICO (C) (Prioridade: 1 - Alta);1CIA IND/2CIA/1PEL(PASSOS);UR04360;Não;Não;Não;BOLETIM DE OCORRENCIA;Classificada;22/04/2025 07:56;Não
2025-39046618-2;(BM) 2025-018452892-002;22/04/2025 08:22;RUA DOUTOR CARVALHO, Nº 1455 - NOSSA SENHORA DAS GRAÇAS - PASSOS;-207.352.269;-466.037.303;Q03006 - TREINAMENTO DE FORMACAO DE BRIGADAS (C) (Prioridade: 2 - Média);1CIA IND/2CIA/1PEL(PASSOS);BM1786441 / BM1795095;Não;Não;Não;BOLETIM DE OCORRENCIA;Classificada;23/04/2025 05:04;Não
2025-39047515-5;(BM) 2025-018466736-001;22/04/2025 09:33;RUA VEREADOR ANTONIO MENDES PEIXOTO, Nº 239 - COHAB 5 - PASSOS;-207.196.581;-466.380.232;P02011 - VISTORIA EM ENXAME DE INSETOS (C) (Prioridade: 2 - Média);1CIA IND/2CIA/1PEL(PASSOS);ASL06087;Não;Não;Não;BOLETIM DE OCORRENCIA;Classificada;23/04/2025 05:04;Não
2025-39048272-0;(BM) 2025-018479027-001;22/04/2025 10:28;AVENIDA CHICO XAVIER, Nº S/N - JARDIM PLANALTO - PASSOS;-207.197.803;-466.285.997;P02003 - VISTORIA EM LOTE VAGO (C) (Prioridade: 2 - Média);1CIA IND/2CIA/1PEL(PASSOS);ASL06087;Não;Não;Não;BOLETIM DE OCORRENCIA;Classificada;23/04/2025 05:04;Não
2025-39048691-3;(BM) 2025-018598387-001;22/04/2025 10:54;AVENIDA CHICO XAVIER, Nº S/N - JARDIM PLANALTO - PASSOS;-207.197.803;-466.285.997;P02003 - VISTORIA EM LOTE VAGO (C) (Prioridade: 2 - Média);1CIA IND/2CIA/1PEL(PASSOS);ASL06087;Não;Não;Não;BOLETIM DE OCORRENCIA;Classificada;23/04/2025 05:04;Não
2025-39048757-0;;22/04/2025 10:59;RODOVIA MG 050, Nº S/N - PASSOS;-207.372.242;-466.331.087;V01018 - VITIMA DE MAL NAO DEFINIDO (DISTURBIO) (C) (Prioridade: 1 - Alta);1CIA IND/2CIA/1PEL(PASSOS);;Não;Não;Não;DUPLICADA;Classificada;22/04/2025 11:03;Não
2025-39048759-5;(BM) 2025-018489076-001;22/04/2025 11:00;RODOVIA MG 050, Km 458 - PASSOS;;;V03999 - OUTROS TIPOS DE APH DE TRAUMAS DIVERSOS   (C) (Prioridade: 1 - Alta);1CIA IND/2CIA/1PEL(PASSOS);UR04360;Não;Não;Não;BOLETIM DE OCORRENCIA;Classificada;23/04/2025 05:04;Não
2025-39049500-9;(BM) 2025-018489258-001;22/04/2025 11:47;AVENIDA CHICO XAVIER, Nº S/N - JARDIM PLANALTO - PASSOS;-207.197.803;-466.285.997;P02003 - VISTORIA EM LOTE VAGO (C) (Prioridade: 2 - Média);1CIA IND/2CIA/1PEL(PASSOS);ASL06087;Não;Não;Não;BOLETIM DE OCORRENCIA;Classificada;23/04/2025 05:04;Não
2025-39050534-8;(BM) 2025-018500641-001;22/04/2025 13:20;AVENIDA MARIA JOSE DA CUNHA, Nº 174 - CENTRO - IBIRACI;-204.641.418;-471.189.768;P01002 - VISTORIA DE LIBERACAO / EMISSAO DE AVCB (C) (Prioridade: 2 - Média);1CIA IND/2CIA/1PEL(PASSOS);ASL06087;Não;Não;Não;BOLETIM DE OCORRENCIA;Classificada;23/04/2025 05:04;Não
2025-39050565-1;(BM) 2025-018598465-001;22/04/2025 13:26;RUA ARAGUAINA, Nº 523 - JARDIM PLANALTO - PASSOS;-207.193.909;-466.223.866;O04011 - INCENDIO EM AREA URBANA NAO PROTEGIDA (C) (Prioridade: 2 - Média);1CIA IND/2CIA/1PEL(PASSOS);VOB00480;Não;Não;Não;BOLETIM DE OCORRENCIA;Classificada;23/04/2025 05:04;Não
2025-39056031-0;(BM) 2025-018568822-001;22/04/2025 18:06;RUA RIO DOCE, Nº 667 - SANTA LUZIA - PASSOS;-207.063.789;-46.600.541;S06001 - SALVAMENTO DE ANIMAL EM RISCO / PERIGO (C) (Prioridade: 2 - Média);1CIA IND/2CIA/1PEL(PASSOS);ASL06087;Não;Não;Não;BOLETIM DE OCORRENCIA;Classificada;23/04/2025 05:04;Não
2025-39057687-7;(BM) 2025-018585479-001;22/04/2025 19:44;RUA VEREADOR ANTONIO MENDES PEIXOTO, Nº 239 - COHAB 5 - PASSOS;-207.196.581;-466.380.232;S06006 - EXTERMINIO DE INSETOS (C) (Prioridade: 2 - Média);1CIA IND/2CIA/1PEL(PASSOS);ASL06087;Não;Não;Não;BOLETIM DE OCORRENCIA;Classificada;23/04/2025 05:04;Não
2025-39061337-9;(BM) 2025-018629496-001;22/04/2025 23:59;RUA ORLANDO ADAO CARNEIRO, Nº 514 - RECANTO DA TEKA - PASSOS;-207.452.066;-465.980.763;V01010 - VITIMA COM DOR TORACICA/SUSPEITA DE INFARTO (IAM) (C) (Prioridade: 1 - Alta);1CIA IND/2CIA/1PEL(PASSOS);UR04360;Não;Não;Não;BOLETIM DE OCORRENCIA;Classificada;23/04/2025 05:05;Não
2025-39063623-9;(BM) 2025-018643537-001;23/04/2025 07:54;MINA FZM0059 - VOTORANTINS METAIS - SERRA DA FORTALEZA MINERACAO E METALURGIA LTDA, Nº S/N - FORTALEZA DE MINAS;-208.960.873;-467.076.738;P02006 - VISTORIA EM RISCO DE ROMPIMENTO DE BARRAGENS (C) (Prioridade: 2 - Média);1CIA IND/2CIA/PEL PREV E VIST(PASSOS);APF01362;Não;Não;Não;BOLETIM DE OCORRENCIA;Classificada;24/04/2025 07:51;Não
2025-39063696-2;(BM) 2025-018645079-001;23/04/2025 08:03;RUA SANTA CASA / AVENIDA OTTO KRAKAUER - SANTA CASA - PASSOS;-207.126.587;-466.108.727;V02408 - VITIMA DE COLISAO ENTRE AUTOMOVEL X MOTOCICLETA (C) (Prioridade: 1 - Alta);1CIA IND/2CIA/1PEL(PASSOS);UR04360;Não;Não;Não;BOLETIM DE OCORRENCIA;Classificada;24/04/2025 07:50;Não
2025-39063732-4;(BM) 2025-018645094-002;23/04/2025 08:05;RUA DOUTOR CARVALHO, Nº 1455 - NOSSA SENHORA DAS GRAÇAS - PASSOS;-207.352.269;-466.037.303;Q03006 - TREINAMENTO DE FORMACAO DE BRIGADAS (C) (Prioridade: 2 - Média);1CIA IND/2CIA/1PEL(PASSOS);BM1787357 / BM1728633;Não;Não;Não;BOLETIM DE OCORRENCIA;Classificada;24/04/2025 07:51;Não
2025-39064753-0;(BM) 2025-018656207-001;23/04/2025 09:25;RUA TRES DE MAIO, Nº 209 - CENTRO - PASSOS;-207.233.936;-466.053.165;P01002 - VISTORIA DE LIBERACAO / EMISSAO DE AVCB (C) (Prioridade: 2 - Média);1CIA IND/2CIA/1PEL(PASSOS);ASL06087;Não;Não;Não;BOLETIM DE OCORRENCIA;Classificada;24/04/2025 07:51;Não
2025-39064862-5;(BM) 2025-018665894-001;23/04/2025 09:34;AVENIDA DOUTOR BRENO SOARES MAIA, Nº 519 - NOVO HORIZONTE - PASSOS;-207.308.586;-466.034.241;V02408 - VITIMA DE COLISAO ENTRE AUTOMOVEL X MOTOCICLETA (C) (Prioridade: 1 - Alta);1CIA IND/2CIA/1PEL(PASSOS);UR04360;Não;Não;Não;BOLETIM DE OCORRENCIA;Classificada;24/04/2025 07:50;Não
2025-39065501-2;(BM) 2025-018670295-001;23/04/2025 10:20;RUA ETIOPIA, Nº 118 - CENTRO - PASSOS;-207.206.561;-466.046.298;P01002 - VISTORIA DE LIBERACAO / EMISSAO DE AVCB (C) (Prioridade: 2 - Média);1CIA IND/2CIA/1PEL(PASSOS);ASL06087;Não;Não;Não;BOLETIM DE OCORRENCIA;Classificada;24/04/2025 07:51;Não
2025-39065825-4;(BM) 2025-018670360-001;23/04/2025 10:44;RUA CAMPOS GERAIS, Nº 899 - NOSSA SENHORA DE FATIMA - PASSOS;-206.985.866;-466.145.726;P01001 - VISTORIA DE FISCALIZACAO (C) (Prioridade: 2 - Média);1CIA IND/2CIA/1PEL(PASSOS);ASL06087;Não;Não;Não;BOLETIM DE OCORRENCIA;Classificada;24/04/2025 07:51;Não
2025-39067092-6;(BM) 2025-018706143-001;23/04/2025 12:26;AVENIDA JUCA STOCKLER, Nº 26 - PASSOS;;;S06002 - CAPTURA DE ANIMAL SILVESTRE PERIGOSO / AGRESSIVO (C) (Prioridade: 2 - Média);1CIA IND/2CIA/1PEL(PASSOS);ASL06087;Não;Não;Não;BOLETIM DE OCORRENCIA;Classificada;24/04/2025 07:51;Não
2025-39067418-1;(BM) 2025-018706065-001;23/04/2025 12:59;RUA JOAQUIM LOPES, Nº 679 - PENHA - PASSOS;-207.166.861;-466.271.134;V01007 - VITIMA COM DISPNEIA (FALTA DE AR) (C) (Prioridade: 1 - Alta);1CIA IND/2CIA/1PEL(PASSOS);UR04360;Não;Não;Não;BOLETIM DE OCORRENCIA;Classificada;24/04/2025 07:50;Não
2025-39068970-0;(BM) 2025-018707661-001;23/04/2025 14:39;RUA DOUTOR SATURNINO, Nº 300 - CENTRO - PASSOS;-207.223.944;-466.123.876;P01001 - VISTORIA DE FISCALIZACAO (C) (Prioridade: 2 - Média);1CIA IND/2CIA/PEL PREV E VIST(PASSOS);APF01362;Não;Não;Não;BOLETIM DE OCORRENCIA;Classificada;24/04/2025 07:51;Não
2025-39069889-9;(BM) 2025-018719900-001;23/04/2025 15:23;RUA GUAPORE, Nº 281 - BELA VISTA - PASSOS;-207.107.882;-465.995.734;P01001 - VISTORIA DE FISCALIZACAO (C) (Prioridade: 2 - Média);1CIA IND/2CIA/PEL PREV E VIST(PASSOS);APF01362;Não;Não;Não;BOLETIM DE OCORRENCIA;Classificada;24/04/2025 07:51;Não
2025-39069971-8;(BM) 2025-018733958-001;23/04/2025 15:27;AVENIDA PROJETADA, Nº S/N - JARDIM FLORENCA - PASSOS;-206.924.763;-466.115.051;P02003 - VISTORIA EM LOTE VAGO (C) (Prioridade: 2 - Média);1CIA IND/2CIA/1PEL(PASSOS);ASL06087;Não;Não;Não;BOLETIM DE OCORRENCIA;Classificada;24/04/2025 07:51;Não
2025-39070249-4;(BM) 2025-018739968-001;23/04/2025 15:42;CONDOMINIO SJB0240 - SHANGRILA - PORTARIA X ENTRADA, Nº S/N - SAO JOSE DA BARRA;-207.158.687;-461.592.116;W03000 - SOLICITANTE ENCONTRADO - PROVIDENCIA DISPENSADA (C) (Prioridade: 3 - Baixa);1CIA IND/2CIA/1PEL(PASSOS);UR04360;Não;Não;Não;BOLETIM DE OCORRENCIA;Classificada;24/04/2025 07:51;Não
2025-39070487-2;(BM) 2025-018733999-001;23/04/2025 15:56;RUA RITA CANDIDA DE CARVALHO, Nº 141 - JARDIM FLORENCA - PASSOS;-206.908.909;-466.139.979;P02003 - VISTORIA EM LOTE VAGO (C) (Prioridade: 2 - Média);1CIA IND/2CIA/1PEL(PASSOS);ASL06087;Não;Não;Não;BOLETIM DE OCORRENCIA;Classificada;24/04/2025 07:50;Não
2025-39071001-4;(BM) 2025-018734335-001;23/04/2025 16:22;RUA URIAS LOPES DA CUNHA, Nº S/N - JARDIM FLORENCA - PASSOS;-206.912.314;-466.158.708;P02003 - VISTORIA EM LOTE VAGO (C) (Prioridade: 2 - Média);1CIA IND/2CIA/1PEL(PASSOS);ASL06087;Não;Não;Não;BOLETIM DE OCORRENCIA;Classificada;24/04/2025 07:50;Não
2025-39076392-0;(BM) 2025-018803644-001;23/04/2025 21:55;AVENIDA EXPEDICIONARIOS, Nº 2360 - NOVO MUNDO 4 - PASSOS;-207.259.081;-465.865.353;V01024 - VITIMA DE SUICIDIO (TENTATIVA) - APH CLINICO (C) (Prioridade: 1 - Alta);1CIA IND/2CIA/1PEL(PASSOS);UR04360;Não;Não;Não;BOLETIM DE OCORRENCIA;Classificada;24/04/2025 07:50;Não
2025-39076956-4;(BM) 2025-018803685-002;23/04/2025 22:31;RUA TURQUESA, Nº 1432 - ACLIMACAO - PASSOS;-207.548.721;-466.013.481;S07001 - VAZAMENTO DE GLP/GAS NATURAL (COZINHA) (C) (Prioridade: 1 - Alta);1CIA IND/2CIA/1PEL(PASSOS);UR04360 / ABTS00495;Não;Não;Não;BOLETIM DE OCORRENCIA;Classificada;24/04/2025 07:50;Não
2025-39077063-4;;23/04/2025 22:37;RUA TURQUESA, Nº 1434 - PASSOS;-207.548.721;-466.013.481;W98011 - SOLICITACAO DE APOIO (C) (Prioridade: 1 - Alta);1CIA IND/2CIA/1PEL(PASSOS);;Não;Não;Não;DUPLICADA;Classificada;23/04/2025 22:42;Não
2025-39080199-4;(BM) 2025-018827565-001;24/04/2025 07:08;RODOVIA MG 050, Km 360 - PASSOS;-207.370.641;-46.646.356;P03014 - PREVENCAO EM POUSO E DECOLAGEM DE AERONAVE (C) (Prioridade: 2 - Média);1CIA IND/2CIA/1PEL(PASSOS);VOB00480;Não;Não;Não;BOLETIM DE OCORRENCIA;Classificada;25/04/2025 07:36;Não
2025-39081519-9;(BM) 2025-018838580-001;24/04/2025 09:12;RUA CAPITAO JOAO EVARISTO, Nº 537 - CARMO DO RIO CLARO;-209.732.378;-461.225.944;P01001 - VISTORIA DE FISCALIZACAO (C) (Prioridade: 2 - Média);1CIA IND/2CIA/PEL PREV E VIST(PASSOS);APF01362;Não;Não;Não;BOLETIM DE OCORRENCIA;Classificada;25/04/2025 07:36;Não
2025-39082874-6;(BM) 2025-018855757-001;24/04/2025 10:54;RUA DOUTOR CARVALHO, Nº 1455 - NOSSA SENHORA DAS GRAÇAS - PASSOS;-207.352.269;-466.037.303;Q02009 - PALESTRA DE PRIMEIROS SOCORROS (C) (Prioridade: 2 - Média);1CIA IND/2CIA/1PEL(PASSOS);BM1637099;Não;Não;Não;BOLETIM DE OCORRENCIA;Classificada;25/04/2025 07:36;Não
2025-39083205-1;(BM) 2025-019001758-001;24/04/2025 11:19;RUA RIO SAPUCAI, Nº 438 - SANTA LUZIA - PASSOS;-207.076.328;-466.026.361;V03003 - VITIMA DE AGRESSAO FISICA COM ARMA BRANCA (C) (Prioridade: 1 - Alta);1CIA IND/2CIA/1PEL(PASSOS);UR04360;Não;Não;Não;BOLETIM DE OCORRENCIA;Classificada;25/04/2025 07:36;Não
2025-39083722-3;;24/04/2025 11:56;RUA EQUADOR, Nº 138 - POLIVALENTE - PASSOS;-207.071.451;-466.069.393;W98011 - SOLICITACAO DE APOIO (C) (Prioridade: 1 - Alta);1CIA IND/2CIA/1PEL(PASSOS);;Não;Não;Não;DUPLICADA;Classificada;24/04/2025 12:28;Não
2025-39083764-3;(BM) 2025-018875808-002 / (PM) 2025-018875808-001;24/04/2025 12:00;RUA EQUADOR, Nº 173 - POLIVALENTE - PASSOS;-207.068.433;-466.068.528;S06003 - CAPTURA DE CAO PERIGOSO / AGRESSIVO (C) (Prioridade: 2 - Média);1CIA IND/2CIA/1PEL(PASSOS);ASL06087;Não;Não;Não;BOLETIM DE OCORRENCIA;Classificada;25/04/2025 07:37;Não
2025-39084025-5;(BM) 2025-018883193-001;24/04/2025 12:23;RUA EDNA, Nº 193 - UNIVERSITARIO - ITAU DE MINAS;-207.440.497;-467.577.628;P02011 - VISTORIA EM ENXAME DE INSETOS (C) (Prioridade: 2 - Média);1CIA IND/2CIA/1PEL(PASSOS);VOB00480;Não;Não;Não;BOLETIM DE OCORRENCIA;Classificada;25/04/2025 07:37;Não
2025-39085207-8;(BM) 2025-018881820-001;24/04/2025 13:59;PRACA CORONEL FRANCISCO GOMES, Nº 46 - CENTRO - PASSOS;-207.164.972;-466.070.682;X03000 - EMPENHO ADMINISTRATIVO (C) (Prioridade: 2 - Média);1CIA IND/2CIA/1PEL(PASSOS);ASL06087;Não;Não;Não;BOLETIM DE OCORRENCIA;Classificada;25/04/2025 07:37;Não
2025-39089079-1;(BM) 2025-018934011-001;24/04/2025 17:23;RUA CAETES, Nº S/N - NOSSA SENHORA APARECIDA - PASSOS;-20.743.907;-466.081.916;P02003 - VISTORIA EM LOTE VAGO (C) (Prioridade: 2 - Média);1CIA IND/2CIA/1PEL(PASSOS);ASL06087;Não;Não;Não;BOLETIM DE OCORRENCIA;Classificada;25/04/2025 07:39;Não
2025-39089156-0;(BM) 2025-019001773-001;24/04/2025 17:25;RUA BRANDOES, Nº 484 - BELO HORIZONTE - PASSOS;-207.280.085;-466.055.635;V03018 - VITIMA DE QUEDA DA PROPRIA ALTURA (C) (Prioridade: 1 - Alta);1CIA IND/2CIA/1PEL(PASSOS);UR04360;Não;Não;Não;BOLETIM DE OCORRENCIA;Classificada;25/04/2025 07:41;Não
2025-39089601-1;(BM) 2025-018933136-001;24/04/2025 17:51;RUA CAETES, Nº S/N - NOSSA SENHORA APARECIDA - PASSOS;-20.743.907;-466.081.916;P02003 - VISTORIA EM LOTE VAGO (C) (Prioridade: 2 - Média);1CIA IND/2CIA/1PEL(PASSOS);UR04360;Não;Não;Não;BOLETIM DE OCORRENCIA;Classificada;25/04/2025 07:39;Não
2025-39089646-0;(BM) 2025-018933738-001;24/04/2025 17:55;RUA CAETES, Nº S/N - NOSSA SENHORA APARECIDA - PASSOS;-20.743.907;-466.081.916;P02003 - VISTORIA EM LOTE VAGO (C) (Prioridade: 2 - Média);1CIA IND/2CIA/1PEL(PASSOS);UR04360;Não;Não;Não;BOLETIM DE OCORRENCIA;Classificada;25/04/2025 07:39;Não
2025-39090160-5;(BM) 2025-018951887-001;24/04/2025 18:21;RUA BRANDOES, Nº 484 - BELO HORIZONTE - PASSOS;-207.280.085;-466.055.635;V03018 - VITIMA DE QUEDA DA PROPRIA ALTURA (C) (Prioridade: 1 - Alta);1CIA IND/2CIA/1PEL(PASSOS);UR04360;Não;Não;Não;BOLETIM DE OCORRENCIA;Classificada;25/04/2025 07:41;Não
2025-39090165-9;(BM) 2025-019004513-001;24/04/2025 18:22;RODOVIA MG 184, Nº S/N - CARMO DO RIO CLARO;;;S04007 - BUSCA E SALVAMENTO DE PESSOA PERDIDA / DESAPARECIDA (C) (Prioridade: 1 - Alta);1CIA IND/2CIA/1PEL(PASSOS);ASL06087;Não;Não;Não;BOLETIM DE OCORRENCIA;Classificada;25/04/2025 07:41;Não
2025-39091551-8;(BM) 2025-018952039-001;24/04/2025 19:48;RUA DOUTOR CARVALHO, Nº 1455 - NOSSA SENHORA DAS GRAÇAS - PASSOS;-207.352.269;-466.037.303;S04014 - SALVAMENTO DE PESSOA COM OBJETO PRESO AO CORPO (C) (Prioridade: 1 - Alta);1CIA IND/2CIA/1PEL(PASSOS);BM1637099;Não;Não;Não;BOLETIM DE OCORRENCIA;Classificada;25/04/2025 07:41;Não
2025-39091954-4;(BM) 2025-019001786-001;24/04/2025 20:16;RUA POUSO ALEGRE, Nº 846 - COHAB 3 - PASSOS;-207.058.849;-466.296.424;O02001 - INCENDIO EM RESIDENCIA/HABITACAO UNIFAMILIAR (CASA) (C) (Prioridade: 1 - Alta);1CIA IND/2CIA/1PEL(PASSOS);VOB00480;Não;Não;Não;BOLETIM DE OCORRENCIA;Classificada;25/04/2025 07:41;Não
2025-39095528-8;(PM) 2025-018992097-001;25/04/2025 00:28;AVENIDA COMENDADOR FRANCISCO A MAIA, Nº 3794 - PASSOS;-207.266.682;-465.997.302;W98011 - SOLICITACAO DE APOIO (C) (Prioridade: 1 - Alta);1CIA IND/2CIA/1PEL(PASSOS);UR04360;Não;Não;Não;NADA CONSTATADO;Classificada;25/04/2025 07:42;Não
2025-39097844-9;(BM) 2025-019010339-002;25/04/2025 08:01;RUA DOUTOR CARVALHO, Nº 1455 - NOSSA SENHORA DAS GRAÇAS - PASSOS;-207.352.269;-466.037.303;Q03006 - TREINAMENTO DE FORMACAO DE BRIGADAS (C) (Prioridade: 2 - Média);1CIA IND/2CIA/COMANDANTE(PASSOS);BM1235613 / BM1797331;Não;Não;Não;BOLETIM DE OCORRENCIA;Classificada;26/04/2025 07:39;Não
2025-39098251-2;(BM) 2025-019016260-001;25/04/2025 08:38;RUA JOSE MERCHIORATO, Nº 205 - SANTA CASA - PASSOS;-207.125.156;-466.136.257;V01018 - VITIMA DE MAL NAO DEFINIDO (DISTURBIO) (C) (Prioridade: 1 - Alta);1CIA IND/2CIA/1PEL(PASSOS);UR04360;Não;Não;Não;BOLETIM DE OCORRENCIA;Classificada;26/04/2025 07:37;Não
2025-39098697-1;(BM) 2025-019019957-001;25/04/2025 09:15;RUA TEREZA LIMA MAIA, Nº 260 - PASSOS;-207.153.546;-466.303.245;P01001 - VISTORIA DE FISCALIZACAO (C) (Prioridade: 2 - Média);1CIA IND/2CIA/PEL PREV E VIST(PASSOS);APF01362;Não;Não;Não;BOLETIM DE OCORRENCIA;Classificada;26/04/2025 07:38;Não
2025-39098886-4;(BM) 2025-019022283-001;25/04/2025 09:28;RUA EVARISTO ALCANTARA LEMOS, Nº 335 - MUARAMA 2 - PASSOS;-207.348.626;-466.100.638;P01001 - VISTORIA DE FISCALIZACAO (C) (Prioridade: 2 - Média);1CIA IND/2CIA/PEL PREV E VIST(PASSOS);APF01362;Não;Não;Não;BOLETIM DE OCORRENCIA;Classificada;26/04/2025 07:38;Não
2025-39098917-6;(BM) 2025-019023184-001;25/04/2025 09:30;AVENIDA PERIMETRAL, Nº S/N - PARQUE DA ESTACAO - PASSOS;-207.057.771;-466.097.547;P02003 - VISTORIA EM LOTE VAGO (C) (Prioridade: 2 - Média);1CIA IND/2CIA/1PEL(PASSOS);UR04360;Não;Não;Não;BOLETIM DE OCORRENCIA;Classificada;26/04/2025 07:38;Não
2025-39099103-0;(BM) 2025-019024605-001;25/04/2025 09:42;AVENIDA PERIMETRAL, Nº S/N - PARQUE DA ESTACAO - PASSOS;-207.057.771;-466.097.547;P02003 - VISTORIA EM LOTE VAGO (C) (Prioridade: 2 - Média);1CIA IND/2CIA/1PEL(PASSOS);UR04360;Não;Não;Não;BOLETIM DE OCORRENCIA;Classificada;26/04/2025 07:38;Não
2025-39099215-4;(BM) 2025-019028854-001;25/04/2025 09:51;AVENIDA PERIMETRAL, Nº S/N - PARQUE DA ESTACAO - PASSOS;-207.057.771;-466.097.547;P02003 - VISTORIA EM LOTE VAGO (C) (Prioridade: 2 - Média);1CIA IND/2CIA/1PEL(PASSOS);UR04360;Não;Não;Não;BOLETIM DE OCORRENCIA;Classificada;26/04/2025 07:38;Não
2025-39100811-1;(BM) 2025-019047340-001;25/04/2025 11:46;RUA CARIJOS, Nº 390 - SAO JOAQUIM - PASSOS;-207.435.667;-466.017.916;S06001 - SALVAMENTO DE ANIMAL EM RISCO / PERIGO (C) (Prioridade: 2 - Média);1CIA IND/2CIA/1PEL(PASSOS);VOB00480;Não;Não;Não;BOLETIM DE OCORRENCIA;Classificada;26/04/2025 07:38;Não
2025-39102996-0;(BM) 2025-019140071-001;25/04/2025 14:37;RUA SANTA INES / RUA DOS MEDICOS - BELO HORIZONTE - PASSOS;-207.303.806;-466.070.281;P02011 - VISTORIA EM ENXAME DE INSETOS (C) (Prioridade: 2 - Média);1CIA IND/2CIA/1PEL(PASSOS);VOB00480;Não;Não;Não;BOLETIM DE OCORRENCIA;Classificada;26/04/2025 07:38;Não
2025-39105309-4;(BM) 2025-019099725-001;25/04/2025 16:32;AVENIDA AROUCA, Nº 322 - CENTRO - PASSOS;-207.167.632;-466.088.903;V02403 - VITIMA DE COLISAO ENTRE AUTOMOVEIS (CARRO / CAMINHONETE) (C) (Prioridade: 1 - Alta);1CIA IND/2CIA/1PEL(PASSOS);UR04360;Não;Não;Não;BOLETIM DE OCORRENCIA;Classificada;26/04/2025 07:37;Não
2025-39106883-5;(BM) 2025-019118632-001;25/04/2025 18:03;AVENIDA JK, Nº 1332 - NOVO HORIZONTE - PASSOS;-207.300.135;-46.600.687;V03018 - VITIMA DE QUEDA DA PROPRIA ALTURA (C) (Prioridade: 1 - Alta);1CIA IND/2CIA/1PEL(PASSOS);UR04360;Não;Não;Não;BOLETIM DE OCORRENCIA;Classificada;26/04/2025 07:37;Não
2025-39108697-1;(BM) 2025-019132504-001;25/04/2025 19:55;RUA SANTA INES / RUA DOS MEDICOS - BELO HORIZONTE - PASSOS;-207.303.806;-466.070.281;S06005 - CAPTURA DE INSETOS (C) (Prioridade: 2 - Média);1CIA IND/2CIA/1PEL(PASSOS);VOB00480;Não;Não;Não;BOLETIM DE OCORRENCIA;Classificada;26/04/2025 07:38;Não
2025-39111207-9;;25/04/2025 22:24;RUA CAPITAO AFONSO JUNQUEIRA, Nº 370 - CENTRO - POCOS DE CALDAS;;;S03008 - SALVAMENTO DE PESSOA PRESA EM ELEVADOR (C) (Prioridade: 1 - Alta);1CIA IND (POCOS DE CALDAS);;Não;Não;Não;SOLICITANTE ENCONTRADO - PROVIDÊNCIA DISPENSADA;Classificada;25/04/2025 23:23;Não
2025-39112731-1;(BM) 2025-019175014-001;25/04/2025 23:48;RUA CALIMERIO FRANCISCO DIAS, Nº 151 - NOVA CALIFORNIA - PASSOS;-207.028.505;-466.217.382;V01004 - VITIMA COM CRISE DIABETICA / HIPOGLICEMIA (C) (Prioridade: 1 - Alta);1CIA IND/2CIA/1PEL(PASSOS);UR04360;Não;Não;Não;BOLETIM DE OCORRENCIA;Classificada;26/04/2025 07:37;Não
2025-39115570-0;(BM) 2025-019189140-001;26/04/2025 05:08;RUA CAETES, Nº 78 - JARDIM EMBRATEL - PASSOS;-207.420.646;-466.017.802;V01023 - VITIMA DE SINCOPE (DESMAIO)/VERTIGEM (C) (Prioridade: 1 - Alta);1CIA IND/2CIA/1PEL(PASSOS);UR04360;Não;Não;Não;BOLETIM DE OCORRENCIA;Classificada;26/04/2025 07:37;Não
2025-39116454-5;(BM) 2025-019203509-001;26/04/2025 08:10;RUA QUINCA LUCIO, Nº 193 - SAO FRANCISCO - PASSOS;-207.277.883;-46.616.588;S06001 - SALVAMENTO DE ANIMAL EM RISCO / PERIGO (C) (Prioridade: 2 - Média);1CIA IND/2CIA/1PEL(PASSOS);VOB00480;Não;Não;Não;BOLETIM DE OCORRENCIA;Classificada;27/04/2025 07:08;Não
2025-39117533-5;(BM) 2025-019208934-001;26/04/2025 10:06;RUA DOUTOR CARVALHO, Nº 1650 - NOSSA SENHORA DAS GRAÇAS - PASSOS;-207.369.083;-466.033.749;S06001 - SALVAMENTO DE ANIMAL EM RISCO / PERIGO (C) (Prioridade: 2 - Média);1CIA IND/2CIA/1PEL(PASSOS);VOB00480;Não;Não;Não;BOLETIM DE OCORRENCIA;Classificada;27/04/2025 07:08;Não
2025-39118110-7;;26/04/2025 10:57;RUA ELZA DA COSTA FIGUEIREDO, Nº S/N - PARQUE DAS AROEIRAS - PASSOS;-207.209.832;-466.268.612;S06001 - SALVAMENTO DE ANIMAL EM RISCO / PERIGO (C) (Prioridade: 2 - Média);1CIA IND/2CIA/1PEL(PASSOS);VOB00480;Não;Não;Não;NADA CONSTATADO;Classificada;26/04/2025 11:55;Não
2025-39119314-2;(BM) 2025-019223105-001;26/04/2025 13:13;RUA JOSE MARIANO NEGRINHO, Nº 424 - COHAB 5 - PASSOS;-207.181.969;-466.373.767;V01008 - VITIMA COM DOR ABDOMINAL (ABDOME AGUDO) (C) (Prioridade: 1 - Alta);1CIA IND/2CIA/1PEL(PASSOS);UR04360;Não;Não;Não;BOLETIM DE OCORRENCIA;Classificada;27/04/2025 07:09;Não
2025-39119326-1;(BM) 2025-019228045-001;26/04/2025 13:17;RUA ELZA DA COSTA FIGUEIREDO, Nº S/N - PARQUE DAS AROEIRAS - PASSOS;-207.209.832;-466.268.612;P02003 - VISTORIA EM LOTE VAGO (C) (Prioridade: 2 - Média);1CIA IND/2CIA/1PEL(PASSOS);UR04360;Não;Não;Não;BOLETIM DE OCORRENCIA;Classificada;27/04/2025 07:08;Não
2025-39120086-7;(BM) 2025-019226951-001;26/04/2025 14:27;RUA PINTASSILGO / RUA DOS PROFESSORES - PASSOS;-207.364.241;-466.045.553;V04001 - PRIMEIRO-ATENDIMENTO DE BOMBEIRO(S) MILITAR(ES) A PE (C) (Prioridade: 1 - Alta);1CIA IND/2CIA/1PEL(PASSOS);BM1795095;Não;Não;Não;BOLETIM DE OCORRENCIA;Classificada;27/04/2025 07:09;Não
2025-39120509-9;(BM) 2025-019229927-001;26/04/2025 14:52;RUA GLEISSON DA SILVA JACINTO, Nº S/N - PARQUE DAS AROEIRAS - PASSOS;-207.211.671;-466.273.287;P02003 - VISTORIA EM LOTE VAGO (C) (Prioridade: 2 - Média);1CIA IND/2CIA/1PEL(PASSOS);UR04360;Não;Não;Não;BOLETIM DE OCORRENCIA;Classificada;27/04/2025 07:08;Não
2025-39120775-2;(BM) 2025-019241906-001;26/04/2025 15:07;RUA FRANCISCO VENANCIO, Nº 182 - COHAB 3 - PASSOS;-20.701.898;-46.625.763;V01003 - VITIMA COM CRISE CONVULSIVA (C) (Prioridade: 1 - Alta);1CIA IND/2CIA/1PEL(PASSOS);UR04360;Não;Não;Não;BOLETIM DE OCORRENCIA;Classificada;27/04/2025 07:09;Não
2025-39121820-0;(BM) 2025-019243708-001;26/04/2025 16:11;RUA GLEISSON DA SILVA JACINTO, Nº S/N - PARQUE DAS AROEIRAS - PASSOS;-207.211.671;-466.273.287;P02003 - VISTORIA EM LOTE VAGO (C) (Prioridade: 2 - Média);1CIA IND/2CIA/1PEL(PASSOS);UR04360;Não;Não;Não;BOLETIM DE OCORRENCIA;Classificada;27/04/2025 07:08;Não
2025-39124583-3;(BM) 2025-019295927-001;26/04/2025 19:04;RUA BAHIA, Nº 467 - BELA VISTA - PASSOS;-207.148.629;-465.995.066;V01020 - VITIMA COM PARADA CARDIORRESPIRATORIA (C) (Prioridade: 1 - Alta);1CIA IND/2CIA/1PEL(PASSOS);UR04360;Não;Não;Não;BOLETIM DE OCORRENCIA;Classificada;27/04/2025 07:09;Não
2025-39134942-0;(BM) 2025-019347455-001;27/04/2025 10:42;RUA JOAQUIM DE MELO LEMOS, Nº 81 - FLAMBOYANT - PASSOS;-207.544.624;-466.051.769;V01006 - VITIMA COM DIFICULDADE DE LOCOMOCAO (C) (Prioridade: 1 - Alta);1CIA IND/2CIA/1PEL(PASSOS);UR04360;Não;Não;Não;BOLETIM DE OCORRENCIA;Classificada;28/04/2025 08:45;Não
2025-39135392-7;(BM) 2025-019353180-001;27/04/2025 11:31;PRACA Capela da Penha, Nº S/N - PENHA - PASSOS;;;P03002 - PERIGO DE ELETROCUSSAO (C) (Prioridade: 2 - Média);1CIA IND/2CIA/1PEL(PASSOS);VOB00480;Não;Não;Não;BOLETIM DE OCORRENCIA;Classificada;28/04/2025 08:45;Não
2025-39135775-6;;27/04/2025 12:23;RUA JOAQUIM LOPES, Nº 235 - PENHA - PASSOS;-207.167.399;-466.227.304;S06001 - SALVAMENTO DE ANIMAL EM RISCO / PERIGO (C) (Prioridade: 2 - Média);1CIA IND/2CIA/1PEL(PASSOS);;Não;Não;Não;DISPENSADA PELO SOLICITANTE;Classificada;27/04/2025 12:40;Não
2025-39138408-1;(BM) 2025-019391022-001;27/04/2025 16:04;RODOVIA MG 050, Nº S/N - PASSOS;-207.372.242;-466.331.087;Y40035 - APOIO DE SOLO EM OPERACOES AEREAS (C) (Prioridade: 2 - Média);1CIA IND/2CIA/1PEL(PASSOS);UR04360;Não;Não;Não;BOLETIM DE OCORRENCIA;Classificada;28/04/2025 08:45;Não
2025-39139006-3;(BM) 2025-019399480-001;27/04/2025 16:43;RUA VEREADOR JOAQUIM DE PADUA LEMOS, Nº 29 - COHAB 5 - PASSOS;-207.215.175;-466.379.528;V01006 - VITIMA COM DIFICULDADE DE LOCOMOCAO (C) (Prioridade: 1 - Alta);1CIA IND/2CIA/1PEL(PASSOS);UR04360;Não;Não;Não;BOLETIM DE OCORRENCIA;Classificada;28/04/2025 08:45;Não
2025-39138999-0;(BM) 2025-019390959-001;27/04/2025 16:44;RUA MONTREAL, Nº S/N - JARDIM CANADA II - PASSOS;-207.537.252;-466.098.218;P02003 - VISTORIA EM LOTE VAGO (C) (Prioridade: 2 - Média);1CIA IND/2CIA/1PEL(PASSOS);VOB00480;Não;Não;Não;BOLETIM DE OCORRENCIA;Classificada;28/04/2025 08:45;Não
2025-39139325-1;(BM) 2025-019390987-001;27/04/2025 17:05;RUA MONTREAL, Nº 117 - JARDIM CANADA II - PASSOS;-207.514.208;-466.130.335;P02003 - VISTORIA EM LOTE VAGO (C) (Prioridade: 2 - Média);1CIA IND/2CIA/1PEL(PASSOS);VOB00480;Não;Não;Não;BOLETIM DE OCORRENCIA;Classificada;28/04/2025 08:45;Não
2025-39139462-2;(BM) 2025-019391048-001;27/04/2025 17:13;RUA MONTREAL, Nº S/N - JARDIM CANADA II - PASSOS;-207.537.252;-466.098.218;P02003 - VISTORIA EM LOTE VAGO (C) (Prioridade: 2 - Média);1CIA IND/2CIA/1PEL(PASSOS);VOB00480;Não;Não;Não;BOLETIM DE OCORRENCIA;Classificada;28/04/2025 08:45;Não
2025-39141227-5;(BM) 2025-019412283-002;27/04/2025 19:00;RODOVIA MG 050, Nº S/N - PASSOS;-207.372.242;-466.331.087;V02301 - VITIMA DE CAPOTAMENTO DE AUTOMOVEL (CARRO / CAMINHONETE) (C) (Prioridade: 1 - Alta);1CIA IND/2CIA/1PEL(PASSOS);VOB00480 / UR04360;Não;Não;Não;BOLETIM DE OCORRENCIA;Classificada;28/04/2025 08:45;Não
2025-39142669-9;(PM) 2025-019428308-001;27/04/2025 20:27;RODOVIA MG 050, Nº 358 - NOSSA SENHORA DAS GRAÇAS - PASSOS;-207.404.774;-466.048.073;W98011 - SOLICITACAO DE APOIO (C) (Prioridade: 1 - Alta);1CIA IND/2CIA/1PEL(PASSOS);;Não;Não;Não;DUPLICADA;Classificada;27/04/2025 23:48;Não
2025-39142743-0;(BM) 2025-019442866-002;27/04/2025 20:29;RODOVIA MG 050, Nº S/N - PASSOS;-207.372.242;-466.331.087;V02203 - VITIMA DE CHOQUE DE AUTOMOVEL (CARRO / CAMINHONETE) (C) (Prioridade: 1 - Alta);1CIA IND/2CIA/1PEL(PASSOS);UR04360 / VOB00480;Não;Não;Não;BOLETIM DE OCORRENCIA;Classificada;28/04/2025 08:45;Não
2025-39148829-6;(BM) 2025-019471084-001;28/04/2025 08:25;RUA DOUTOR CARVALHO, Nº 1455 - NOSSA SENHORA DAS GRAÇAS - PASSOS;-207.352.269;-466.037.303;Q03006 - TREINAMENTO DE FORMACAO DE BRIGADAS (C) (Prioridade: 2 - Média);1CIA IND/2CIA/1PEL(PASSOS);BM1637099;Não;Não;Não;BOLETIM DE OCORRENCIA;Classificada;29/04/2025 06:33;Não
2025-39149404-2;(BM) 2025-019478099-001;28/04/2025 09:15;PRACA MONSENHOR MESSIAS BRAGANCA, Nº 178 - CENTRO - PASSOS;-207.174.877;-466.106.115;P01002 - VISTORIA DE LIBERACAO / EMISSAO DE AVCB (C) (Prioridade: 2 - Média);1CIA IND/2CIA/PEL PREV E VIST(PASSOS);APF01362;Não;Não;Não;BOLETIM DE OCORRENCIA;Classificada;29/04/2025 06:33;Não
2025-39152045-0;(BM) 2025-019512578-001;28/04/2025 12:15;RUA UNAI, Nº 39 - CALIFORNIA - PASSOS;-207.037.202;-466.154.519;V03018 - VITIMA DE QUEDA DA PROPRIA ALTURA (C) (Prioridade: 1 - Alta);1CIA IND/2CIA/1PEL(PASSOS);UR04360;Não;Não;Não;BOLETIM DE OCORRENCIA;Classificada;29/04/2025 06:32;Não
2025-39152237-0;(BM) 2025-019513350-001;28/04/2025 12:35;RUA DENIS PROVENZANI DE ALMEIDA / RUA IRLANDA - RESIDENCIAL VILLAGIO DI ITALIA - PASSOS;-207.302.602;-465.885.458;P02003 - VISTORIA EM LOTE VAGO (C) (Prioridade: 2 - Média);1CIA IND/2CIA/1PEL(PASSOS);VOB00480;Não;Não;Não;BOLETIM DE OCORRENCIA;Classificada;29/04/2025 06:33;Não
2025-39152514-9;(BM) 2025-019516080-001;28/04/2025 13:01;RUA JURANDIR LEANDRO VIEIRA, Nº S/N - RESIDENCIAL VILLAGIO DI ITALIA - PASSOS;-207.345.147;-465.913.156;P02003 - VISTORIA EM LOTE VAGO (C) (Prioridade: 2 - Média);1CIA IND/2CIA/1PEL(PASSOS);VOB00480;Não;Não;Não;BOLETIM DE OCORRENCIA;Classificada;29/04/2025 06:33;Não
2025-39152627-5;(BM) 2025-019517408-001;28/04/2025 13:11;RUA JURANDIR LEANDRO VIEIRA, Nº S/N - RESIDENCIAL VILLAGIO DI ITALIA - PASSOS;-207.345.147;-465.913.156;P02003 - VISTORIA EM LOTE VAGO (C) (Prioridade: 2 - Média);1CIA IND/2CIA/1PEL(PASSOS);VOB00480;Não;Não;Não;BOLETIM DE OCORRENCIA;Classificada;29/04/2025 06:33;Não
2025-39152628-8;(BM) 2025-019524741-001;28/04/2025 13:11;RODOVIA MG 050, Km 334 - PASSOS;-207.233.932;-464.046.505;V01023 - VITIMA DE SINCOPE (DESMAIO)/VERTIGEM (C) (Prioridade: 1 - Alta);1CIA IND/2CIA/1PEL(PASSOS);UR04360;Não;Não;Não;BOLETIM DE OCORRENCIA;Classificada;29/04/2025 06:32;Não
2025-39153905-1;(BM) 2025-019534173-001;28/04/2025 14:31;RUA JOAO OSORIO PROENCA, Nº 22 - RECANTO DA TEKA - PASSOS;-207.449.825;-465.978.446;V03019 - VITIMA DE QUEDA DE ALTURA (C) (Prioridade: 1 - Alta);1CIA IND/2CIA/1PEL(PASSOS);UR04360;Não;Não;Não;BOLETIM DE OCORRENCIA;Classificada;29/04/2025 06:32;Não
2025-39153939-3;;28/04/2025 14:33;RUA QUINZINHO FUNCHAL, Nº 290 - PASSOS;-206.998.902;-466.211.587;V01005 - VITIMA COM CRISE HIPERTENSIVA/HIPOTENSAO (C) (Prioridade: 1 - Alta);1CIA IND/2CIA/1PEL(PASSOS);;Não;Não;Não;NÃO ATENDIDA: FALTA DE EFETIVO;Classificada;28/04/2025 14:35;Não
2025-39155575-0;(BM) 2025-019554763-001;28/04/2025 15:46;RUA DOS MEDICOS, Nº S/N - BELO HORIZONTE - PASSOS;-207.303.439;-466.071.946;P02011 - VISTORIA EM ENXAME DE INSETOS (C) (Prioridade: 2 - Média);1CIA IND/2CIA/1PEL(PASSOS);UR04360;Não;Não;Não;BOLETIM DE OCORRENCIA;Classificada;29/04/2025 06:33;Não
2025-39155849-3;(BM) 2025-019562064-003;28/04/2025 15:58;RODOVIA MG 050, Km 360 - PASSOS;-207.370.641;-46.646.356;Y40035 - APOIO DE SOLO EM OPERACOES AEREAS (C) (Prioridade: 2 - Média);1CIA IND/2CIA/1PEL(PASSOS);VOB00480 / UR04360;Não;Não;Não;BOLETIM DE OCORRENCIA;Classificada;29/04/2025 06:32;Não
2025-39157880-4;(BM) 2025-019595744-001;28/04/2025 17:41;PONTE SBG0107 - DEPUTADO TRISTAO DA CUNHA, Nº S/N - SAO JOAO BATISTA GLORIA;-206.576.169;-465.323.604;W04000 - NADA CONSTATADO (C) (Prioridade: 3 - Baixa);1CIA IND/2CIA/1PEL(PASSOS);UR04360;Não;Não;Não;BOLETIM DE OCORRENCIA;Classificada;29/04/2025 06:33;Não
2025-39159366-1;(BM) 2025-019610101-001;28/04/2025 19:07;RUA BANCARIOS, Nº 1207 - NOSSA SENHORA DAS GRAÇAS - PASSOS;-207.349.844;-466.052.658;S06001 - SALVAMENTO DE ANIMAL EM RISCO / PERIGO (C) (Prioridade: 2 - Média);1CIA IND/2CIA/1PEL(PASSOS);VOB00480;Não;Não;Não;BOLETIM DE OCORRENCIA;Classificada;29/04/2025 06:32;Não
2025-39160681-6;(BM) 2025-019638648-001;28/04/2025 20:24;RUA DOS MEDICOS, Nº S/N - BELO HORIZONTE - PASSOS;-207.303.439;-466.071.946;S06005 - CAPTURA DE INSETOS (C) (Prioridade: 2 - Média);1CIA IND/2CIA/1PEL(PASSOS);VOB00480;Não;Não;Não;BOLETIM DE OCORRENCIA;Classificada;29/04/2025 06:32;Não
2025-39160750-7;(BM) 2025-019621337-001;28/04/2025 20:31;ESTRADA PRINCIPAL ESTRADA DA JULIEIRA, Nº 551 - PASSOS;;;O02034 - INCENDIO EM CACAMBA DE LIXO / ENTULHO (C) (Prioridade: 2 - Média);1CIA IND/2CIA/1PEL(PASSOS);VOB00480;Não;Não;Não;BOLETIM DE OCORRENCIA;Classificada;29/04/2025 06:32;Não
2025-39160810-7;(BM) 2025-019639248-001;28/04/2025 20:35;RUA VITORIA, Nº 69 - PASSOS;-207.119.991;-465.994.354;S06005 - CAPTURA DE INSETOS (C) (Prioridade: 2 - Média);1CIA IND/2CIA/1PEL(PASSOS);VOB00480;Não;Não;Não;BOLETIM DE OCORRENCIA;Classificada;29/04/2025 06:32;Não
2025-39163092-1;(BM) 2025-019643757-001;28/04/2025 23:06;RUA JAIR FRANCA MARQUETO, Nº 81 - COHAB 3 - PASSOS;-207.051.547;-466.252.441;V01003 - VITIMA COM CRISE CONVULSIVA (C) (Prioridade: 1 - Alta);1CIA IND/2CIA/1PEL(PASSOS);UR04360;Não;Não;Não;BOLETIM DE OCORRENCIA;Classificada;29/04/2025 06:31;Não
2025-39166592-0;(BM) 2025-019667520-001;29/04/2025 08:52;RUA SAO MIGUEL, Nº S/N - JARDIM PLANALTO - PASSOS;-20.722.654;-466.243.921;P02003 - VISTORIA EM LOTE VAGO (C) (Prioridade: 2 - Média);1CIA IND/2CIA/1PEL(PASSOS);UR04360;Não;Não;Não;BOLETIM DE OCORRENCIA;Classificada;30/04/2025 07:51;Não
2025-39166704-2;(BM) 2025-019681540-001;29/04/2025 09:03;RUA QUINCA LUCIO, Nº 338 - SAO FRANCISCO - PASSOS;-207.280.043;-466.180.229;V01008 - VITIMA COM DOR ABDOMINAL (ABDOME AGUDO) (C) (Prioridade: 1 - Alta);1CIA IND/2CIA/1PEL(PASSOS);UR04360;Não;Não;Não;BOLETIM DE OCORRENCIA;Classificada;30/04/2025 07:52;Não
2025-39166726-5;(BM) 2025-019681734-001;29/04/2025 09:04;RUA SAO MIGUEL, Nº S/N - JARDIM PLANALTO - PASSOS;-20.722.654;-466.243.921;P02003 - VISTORIA EM LOTE VAGO (C) (Prioridade: 2 - Média);1CIA IND/2CIA/1PEL(PASSOS);UR04360;Não;Não;Não;BOLETIM DE OCORRENCIA;Classificada;30/04/2025 07:51;Não
2025-39167558-8;(BM) 2025-019679854-001;29/04/2025 10:07;RUA SAO MIGUEL, Nº S/N - JARDIM PLANALTO - PASSOS;-20.722.654;-466.243.921;P02003 - VISTORIA EM LOTE VAGO (C) (Prioridade: 2 - Média);1CIA IND/2CIA/1PEL(PASSOS);UR04360;Não;Não;Não;BOLETIM DE OCORRENCIA;Classificada;30/04/2025 07:52;Não
2025-39169036-3;(BM) 2025-019698798-001;29/04/2025 11:51;RUA BARAO DE PASSOS, Nº S/N - CENTRO - PASSOS;-207.194.995;-466.074.223;P02011 - VISTORIA EM ENXAME DE INSETOS (C) (Prioridade: 2 - Média);1CIA IND/2CIA/1PEL(PASSOS);UR04360;Não;Não;Não;BOLETIM DE OCORRENCIA;Classificada;30/04/2025 07:52;Não
2025-39172101-1;;29/04/2025 15:14;AVENIDA PALMARES, Nº 27 - CASARAO - PASSOS;;;S06008 - CORTE DE ARVORE CAIDA EM VIA PUBLICA (C) (Prioridade: 2 - Média);1CIA IND/2CIA/1PEL(PASSOS);VOB00480;Não;Não;Não;OCORRÊNCIAS TÍPICAS DE BOMBEIROS ATENDIDA POR OUTROS ÓRGÃOS;Classificada;29/04/2025 17:20;Não
2025-39174442-3;(BM) 2025-019782462-001;29/04/2025 17:07;AVENIDA PENHA / RUA OLAVO BILAC - PENHA - PASSOS;-207.158.001;-466.223.574;V02408 - VITIMA DE COLISAO ENTRE AUTOMOVEL X MOTOCICLETA (C) (Prioridade: 1 - Alta);1CIA IND/2CIA/1PEL(PASSOS);UR04360;Não;Não;Não;BOLETIM DE OCORRENCIA;Classificada;30/04/2025 07:52;Não
2025-39176939-2;(BM) 2025-019799394-001;29/04/2025 19:34;RUA CAMPANARIO, Nº 220 - COHAB 2 - PASSOS;-207.088.226;-466.286.705;V01010 - VITIMA COM DOR TORACICA/SUSPEITA DE INFARTO (IAM) (C) (Prioridade: 1 - Alta);1CIA IND/2CIA/1PEL(PASSOS);UR04360;Não;Não;Não;BOLETIM DE OCORRENCIA;Classificada;30/04/2025 07:52;Não
2025-39177553-0;;29/04/2025 20:10;TRAVESSA RUI BARBOSA, Nº 339 - CANJERANUS - PASSOS;-207.123.148;-46.607.494;S06001 - SALVAMENTO DE ANIMAL EM RISCO / PERIGO (C) (Prioridade: 2 - Média);1CIA IND/2CIA/1PEL(PASSOS);;Não;Não;Não;DISPENSADA PELO SOLICITANTE;Classificada;29/04/2025 20:26;Não
2025-39183553-5;(BM) 2025-019866137-001;30/04/2025 08:16;LUGAREJO BRU0005 - CORREGO DO FEIJAO, Nº S/N - BRUMADINHO;-201.361.111;-441.136.111;X03000 - EMPENHO ADMINISTRATIVO (C) (Prioridade: 2 - Média);1CIA IND/2CIA/1PEL(PASSOS);BM1551159;Não;Não;Não;BOLETIM DE OCORRENCIA;Classificada;08/05/2025 07:59;Não
2025-39183902-2;(BM) 2025-019859317-001;30/04/2025 08:46;RUA ITAJAI, Nº 36 - VILA RICA - PASSOS;-207.245.989;-46.594.167;P02003 - VISTORIA EM LOTE VAGO (C) (Prioridade: 2 - Média);1CIA IND/2CIA/1PEL(PASSOS);UR04360;Não;Não;Não;BOLETIM DE OCORRENCIA;Classificada;01/05/2025 07:33;Não
2025-39184333-4;(BM) 2025-019860378-001;30/04/2025 09:20;RUA ITAJAI, Nº 369 - PASSOS;;;P02003 - VISTORIA EM LOTE VAGO (C) (Prioridade: 2 - Média);1CIA IND/2CIA/1PEL(PASSOS);UR04360;Não;Não;Não;BOLETIM DE OCORRENCIA;Classificada;01/05/2025 07:32;Não
2025-39184406-6;(BM) 2025-019860506-001;30/04/2025 09:26;RUA ITAJAI, Nº 409 - VILA RICA - PASSOS;-207.278.356;-465.947.619;P02003 - VISTORIA EM LOTE VAGO (C) (Prioridade: 2 - Média);1CIA IND/2CIA/1PEL(PASSOS);UR04360;Não;Não;Não;BOLETIM DE OCORRENCIA;Classificada;01/05/2025 07:32;Não
2025-39184795-0;(BM) 2025-019866109-001;30/04/2025 09:54;RUA DOUTOR CARVALHO, Nº 1455 - NOSSA SENHORA DAS GRAÇAS - PASSOS;-207.352.269;-466.037.303;V03012 - VITIMA COM OBJETO PRESO AO CORPO (C) (Prioridade: 1 - Alta);1CIA IND/2CIA/1PEL(PASSOS);UR04360;Não;Não;Não;BOLETIM DE OCORRENCIA;Classificada;01/05/2025 07:32;Não
2025-39185049-6;(BM) 2025-019873875-001;30/04/2025 10:12;AVENIDA ARLINDO FIGUEIREDO, Nº 1085 - PASSOS;;;P01002 - VISTORIA DE LIBERACAO / EMISSAO DE AVCB (C) (Prioridade: 2 - Média);1CIA IND/2CIA/PEL PREV E VIST(PASSOS);APF01362;Não;Não;Não;BOLETIM DE OCORRENCIA;Classificada;01/05/2025 07:32;Não
2025-39186362-3;(BM) 2025-019886730-001;30/04/2025 11:37;RUA QUINCA LUCIO, Nº 231 - SAO FRANCISCO - PASSOS;-207.278.675;-466.170.014;V01003 - VITIMA COM CRISE CONVULSIVA (C) (Prioridade: 1 - Alta);1CIA IND/2CIA/1PEL(PASSOS);UR04360;Não;Não;Não;BOLETIM DE OCORRENCIA;Classificada;01/05/2025 07:32;Não
2025-39188560-8;(BM) 2025-019912467-001;30/04/2025 14:26;AVENIDA SABIA, Nº S/N - MUARAMA 2 - PASSOS;-207.330.855;-466.157.928;P03001 - PERIGO DE DERRAPAGEM (C) (Prioridade: 2 - Média);1CIA IND/2CIA/1PEL(PASSOS);VOB00480;Não;Não;Não;BOLETIM DE OCORRENCIA;Classificada;01/05/2025 07:32;Não
2025-39188824-8;;30/04/2025 14:37;RUA DOUTOR ALFREDO TORRICO MORALES, Nº 320 - PARQUE PINHEIROS - POCOS DE CALDAS;;;P02011 - VISTORIA EM ENXAME DE INSETOS (C) (Prioridade: 2 - Média);1CIA IND (POCOS DE CALDAS);;Não;Não;Não;DISPENSADA PELO SOLICITANTE;Classificada;30/04/2025 16:36;Não
2025-39191560-6;;30/04/2025 16:58;RUA OITO DE MARCO, Nº 156 - BANDEIRA DO SUL;;;P02011 - VISTORIA EM ENXAME DE INSETOS (C) (Prioridade: 2 - Média);1CIA IND (POCOS DE CALDAS);;Não;Não;Não;DISPENSADA PELO SOLICITANTE;Classificada;30/04/2025 17:30;Não
2025-39192076-9;;30/04/2025 17:28;RUA CARAJAS, Nº 582 - PASSOS;-207.332.023;-465.904.029;S05308 - COLISAO ENTRE AUTOMOVEL X MOTOCICLETA (C) (Prioridade: 1 - Alta);1CIA IND/2CIA/1PEL(PASSOS);UR04360;Não;Não;Não;ATENDIDA PELO SAMU;Classificada;30/04/2025 17:42;Não
2025-39192799-6;(BM) 2025-019960621-001;30/04/2025 18:10;RUA LAMPADOSA, Nº S/N - VILA RICA - PASSOS;-207.275.695;-465.998.489;P03999 - OUTROS TIPOS DE PCI / PCA   (C) (Prioridade: 2 - Média);1CIA IND/2CIA/1PEL(PASSOS);UR04360;Não;Não;Não;BOLETIM DE OCORRENCIA;Classificada;01/05/2025 07:32;Não
2025-39196615-3;(BM) 2025-019998035-001;30/04/2025 22:00;AVENIDA JK, Nº 795 - VILA RICA - PASSOS;-207.270.286;-466.011.711;V01006 - VITIMA COM DIFICULDADE DE LOCOMOCAO (C) (Prioridade: 1 - Alta);1CIA IND/2CIA/1PEL(PASSOS);UR04360;Não;Não;Não;BOLETIM DE OCORRENCIA;Classificada;01/05/2025 07:32;Não
