Nº chamada;Nº REDS;Data/hora de criação;Local do fato;Latitude  do local;Longitude do local;Natureza;Unidade Responsável;Recursos empenhados;Alerta;Destaque;Envolve autoridade;Tipo de classificação;Situação;Data/hora da situação atual;Evento associado
2025-40240350-9;(BM) 2025-030453826-001;01/07/2025 02:57;RUA EQUADOR, Nº 189 - POLIVALENTE - PASSOS;-207.066.899;-466.066.878;V01005 - VITIMA COM CRISE HIPERTENSIVA/HIPOTENSAO (C) (Prioridade: 1 - Alta);1CIA IND/2CIA/1PEL(PASSOS);UR04360;Não;Não;Não;BOLETIM DE OCORRENCIA;Classificada;01/07/2025 07:58;Não
2025-40240649-3;(BM) 2025-030455511-001;01/07/2025 05:33;RUA RIO DOCE, Nº 194 - PASSOS;-207.094.731;-466.036.376;V01007 - VITIMA COM DISPNEIA (FALTA DE AR) (C) (Prioridade: 1 - Alta);1CIA IND/2CIA/1PEL(PASSOS);UR04360;Não;Não;Não;BOLETIM DE OCORRENCIA;Classificada;01/07/2025 07:58;Não
2025-40242965-4;(BM) 2025-030483101-001;01/07/2025 10:27;RUA ACRE, Nº 796 - SANTA LUZIA - PASSOS;-207.098.809;-466.001.224;V01018 - VITIMA DE MAL NAO DEFINIDO (DISTURBIO) (C) (Prioridade: 1 - Alta);1CIA IND/2CIA/1PEL(PASSOS);UR04360;Não;Não;Não;BOLETIM DE OCORRENCIA;Classificada;02/07/2025 09:52;Não
2025-40244553-8;(BM) 2025-030504739-001;01/07/2025 12:50;RUA SAO JOSE, Nº 333 - CARMELO - PASSOS;-2.071.514;-466.035.274;V01018 - VITIMA DE MAL NAO DEFINIDO (DISTURBIO) (C) (Prioridade: 1 - Alta);1CIA IND/2CIA/1PEL(PASSOS);UR04360;Não;Não;Não;BOLETIM DE OCORRENCIA;Classificada;02/07/2025 09:52;Não
2025-40248661-2;(BM) 2025-030589027-001;01/07/2025 16:45;ESTRADA CSS0235 - SAO JOAO, Nº S/N - CASSIA;-205.679.887;-468.416.403;S04013 - BUSCA E RECUPERACAO DE CADAVER EM TERRA/EDIFICACOES (C) (Prioridade: 2 - Média);1CIA IND/2CIA/1PEL(PASSOS);UR00565;Não;Não;Não;BOLETIM DE OCORRENCIA;Classificada;02/07/2025 09:51;Não
2025-40248766-0;(BM) 2025-030589105-001;01/07/2025 16:51;RUA MANUEL DA SILVEIRA MAIA, Nº 71 - PENHA 2 - PASSOS;-207.171.439;-466.321.477;V03021 - VITIMA DE SUICIDIO (TENTATIVA) - APH TRAUMA (C) (Prioridade: 1 - Alta);1CIA IND/2CIA/1PEL(PASSOS);UR04360;Não;Não;Não;BOLETIM DE OCORRENCIA;Classificada;02/07/2025 09:52;Não
2025-40248976-3;(PM) 2025-030556763-001;01/07/2025 17:04;RUA PARANA / RUA CONTORNO - CENTRO - PASSOS;-20.718.017;-466.029.543;W98011 - SOLICITACAO DE APOIO (C) (Prioridade: 1 - Alta);1CIA IND/2CIA/1PEL(PASSOS);;Não;Não;Não;ATENDIDA PELO SAMU;Classificada;01/07/2025 18:24;Não
2025-40249922-0;(BM) 2025-030635069-001;01/07/2025 18:01;AVENIDA PERIMETRAL / RUA BOIADEIROS - PENHA - PASSOS;-207.197.501;-466.192.679;W98011 - SOLICITACAO DE APOIO (C) (Prioridade: 1 - Alta);1CIA IND/2CIA/1PEL(PASSOS);VOB00480;Não;Não;Não;BOLETIM DE OCORRENCIA;Classificada;02/07/2025 09:52;Não
2025-40250316-7;(BM) 2025-030620922-002 / (PM) 2025-030620922-001;01/07/2025 18:26;CHACARA SBG0157 - ESTRADA GLORIA CANTEIROS, Nº S/N - SAO JOAO BATISTA GLORIA;-205.756.409;-464.101.662;W98011 - SOLICITACAO DE APOIO (C) (Prioridade: 1 - Alta);1CIA IND/2CIA/1PEL(PASSOS);UR04360;Não;Não;Não;BOLETIM DE OCORRENCIA;Classificada;02/07/2025 09:53;Não
2025-40253717-4;(BM) 2025-030605649-001;01/07/2025 22:09;RUA PICA PAU / RUA PINTASSILGO - PARQUE DA FAZENDA - PASSOS;-20.737.551;-466.076.541;P03002 - PERIGO DE ELETROCUSSAO (C) (Prioridade: 2 - Média);1CIA IND/2CIA/1PEL(PASSOS);VOB00480;Não;Não;Não;BOLETIM DE OCORRENCIA;Classificada;02/07/2025 09:51;Não
2025-40257663-9;(BM) 2025-030647520-001;02/07/2025 08:24;AVENIDA JK, Nº S/N - MONSENHOR MESSIAS - PASSOS;-207.342.178;-465.979.772;O03999 - OUTROS TIPOS DE PERIGO DE EXPLOSAO / INCENDIO   (C) (Prioridade: 2 - Média);1CIA IND/2CIA/PEL PREV E VIST(PASSOS);APV06243;Não;Não;Não;BOLETIM DE OCORRENCIA;Classificada;03/07/2025 08:07;Não
2025-40258941-5;(BM) 2025-030658743-001;02/07/2025 10:07;RUA GOIAS, Nº 1552 - BELA VISTA - PASSOS;;;V03019 - VITIMA DE QUEDA DE ALTURA (C) (Prioridade: 1 - Alta);1CIA IND/2CIA/1PEL(PASSOS);UR04360;Não;Não;Não;BOLETIM DE OCORRENCIA;Classificada;03/07/2025 08:07;Não
2025-40259358-6;(BM) 2025-030661013-001;02/07/2025 10:39;PRACA CORONEL FRANCISCO GOMES, Nº 100 - CENTRO - PASSOS;-207.167.452;-466.067.771;P01002 - VISTORIA DE LIBERACAO / EMISSAO DE AVCB (C) (Prioridade: 2 - Média);1CIA IND/2CIA/PEL PREV E VIST(PASSOS);APV06243;Não;Não;Não;BOLETIM DE OCORRENCIA;Classificada;03/07/2025 08:07;Não
2025-40259418-6;(BM) 2025-030662090-001;02/07/2025 10:45;AVENIDA COMENDADOR FRANCISCO A MAIA, Nº 2070 - PENHA - PASSOS;-207.178.293;-466.127.124;V02102 - VITIMA DE ATROPELAMENTO POR MOTOCICLETA (C) (Prioridade: 1 - Alta);1CIA IND/2CIA/1PEL(PASSOS);UR04360;Não;Não;Não;BOLETIM DE OCORRENCIA;Classificada;03/07/2025 08:06;Não
2025-40260443-0;(BM) 2025-030678757-001;02/07/2025 12:07;AVENIDA JUPITER, Nº 151 - JARDIM SATELITE - PASSOS;-207.136.634;-466.162.526;V02502 - VITIMA DE QUEDA (MOTOCICLISTA) (C) (Prioridade: 1 - Alta);1CIA IND/2CIA/1PEL(PASSOS);UR04360;Não;Não;Não;BOLETIM DE OCORRENCIA;Classificada;03/07/2025 08:06;Não
2025-40263348-6;(BM) 2025-030711655-001;02/07/2025 15:19;RUA BOTELHOS, Nº 1305 - JARDIM ELAINE - PASSOS;-2.069.635;-466.120.638;V03021 - VITIMA DE SUICIDIO (TENTATIVA) - APH TRAUMA (C) (Prioridade: 1 - Alta);1CIA IND/2CIA/1PEL(PASSOS);UR04360;Não;Não;Não;BOLETIM DE OCORRENCIA;Classificada;03/07/2025 08:06;Não
2025-40267339-7;(BM) 2025-030754635-001;02/07/2025 19:02;RUA SALDANHA DA GAMA, Nº 1 - SANTA CASA - PASSOS;-207.147.212;-466.138.073;V03018 - VITIMA DE QUEDA DA PROPRIA ALTURA (C) (Prioridade: 1 - Alta);1CIA IND/2CIA/1PEL(PASSOS);UR04360;Não;Não;Não;BOLETIM DE OCORRENCIA;Classificada;03/07/2025 08:06;Não
2025-40268237-2;(BM) 2025-030787334-001;02/07/2025 19:53;RUA UIRAPURU, Nº 609 - PARQUE DA FAZENDA - PASSOS;-207.390.641;-466.099.409;O04013 - INCENDIO EM PASTO (C) (Prioridade: 2 - Média);1CIA IND/2CIA/1PEL(PASSOS);VOB00480;Não;Não;Não;BOLETIM DE OCORRENCIA;Classificada;03/07/2025 08:07;Não
2025-40270684-3;(BM) 2025-030787388-001;02/07/2025 22:38;RUA ITABIRA, Nº 124 - CALIFORNIA - PASSOS;-207.042.433;-466.152.079;V01010 - VITIMA COM DOR TORACICA/SUSPEITA DE INFARTO (IAM) (C) (Prioridade: 1 - Alta);1CIA IND/2CIA/1PEL(PASSOS);UR04360;Não;Não;Não;BOLETIM DE OCORRENCIA;Classificada;03/07/2025 08:06;Não
2025-40271753-0;(BM) 2025-030799837-001;02/07/2025 23:52;RUA RIO SAPUCAI, Nº 583 - SANTA LUZIA - PASSOS;-207.067.945;-466.019.692;V01023 - VITIMA DE SINCOPE (DESMAIO)/VERTIGEM (C) (Prioridade: 1 - Alta);1CIA IND/2CIA/1PEL(PASSOS);UR04360;Não;Não;Não;BOLETIM DE OCORRENCIA;Classificada;03/07/2025 08:06;Não
2025-40274560-2;(BM) 2025-030823459-001;03/07/2025 08:43;PRACA GERALDO DA SILVA MAIA, Nº S/N - CENTRO - PASSOS;-207.208.941;-46.609.005;P03999 - OUTROS TIPOS DE PCI / PCA   (C) (Prioridade: 2 - Média);1CIA IND/2CIA/1PEL(PASSOS);UR04360;Não;Não;Não;BOLETIM DE OCORRENCIA;Classificada;04/07/2025 08:17;Não
2025-40275068-7;;03/07/2025 09:32;AVENIDA JOAO PINHEIRO, Nº S/N - COUNTRY CLUB - POCOS DE CALDAS;;;V02502 - VITIMA DE QUEDA (MOTOCICLISTA) (C) (Prioridade: 1 - Alta);1CIA IND (POCOS DE CALDAS);;Não;Não;Não;NÃO ATENDIDA: FALTA DE EFETIVO;Classificada;03/07/2025 09:32;Não
2025-40275480-0;(BM) 2025-030835557-001;03/07/2025 10:04;RUA TURQUESA, Nº 1899 - ACLIMACAO - PASSOS;-207.549.902;-465.967.695;S06002 - CAPTURA DE ANIMAL SILVESTRE PERIGOSO / AGRESSIVO (C) (Prioridade: 2 - Média);1CIA IND/2CIA/1PEL(PASSOS);VOB00480;Não;Não;Não;BOLETIM DE OCORRENCIA;Classificada;04/07/2025 08:17;Não
2025-40275865-5;(BM) 2025-030858404-001;03/07/2025 10:35;AVENIDA BRASILIA, Nº 664 - JARDIM PLANALTO - PASSOS;-207.201.486;-466.219.074;O04011 - INCENDIO EM AREA URBANA NAO PROTEGIDA (C) (Prioridade: 2 - Média);1CIA IND/2CIA/1PEL(PASSOS);VOB00480;Não;Não;Não;BOLETIM DE OCORRENCIA;Classificada;04/07/2025 08:18;Não
2025-40277663-1;(BM) 2025-030862036-001;03/07/2025 13:18;RUA CARLOS SUHADOLNIK, Nº 100 - DISTRITO INDUSTRIAL 1 - PASSOS;-207.009.698;-46.608.085;P02011 - VISTORIA EM ENXAME DE INSETOS (C) (Prioridade: 2 - Média);1CIA IND/2CIA/1PEL(PASSOS);VOB00480;Não;Não;Não;BOLETIM DE OCORRENCIA;Classificada;04/07/2025 08:18;Não
2025-40278082-4;(BM) 2025-030865581-001;03/07/2025 13:51;RUA DOUTOR BERNARDINO VIEIRA, Nº 174 - PASSOS;;;P01001 - VISTORIA DE FISCALIZACAO (C) (Prioridade: 2 - Média);1CIA IND/2CIA/PEL PREV E VIST(PASSOS);APV06243;Não;Não;Não;BOLETIM DE OCORRENCIA;Classificada;04/07/2025 08:18;Não
2025-40280567-6;(BM) 2025-030917997-001;03/07/2025 16:01;AVENIDA COMENDADOR FRANCISCO A MAIA, Nº 2178 - CANDEIAS - PASSOS;-207.190.356;-466.130.154;O02027 - INCENDIO VEIC. AUTOMOTOR (EXCETO TANQUE/ONIBUS/MICRO-ONIBUS) (C) (Prioridade: 1 - Alta);1CIA IND/2CIA/1PEL(PASSOS);VOB00480;Não;Não;Não;BOLETIM DE OCORRENCIA;Classificada;04/07/2025 08:18;Não
2025-40282132-4;(BM) 2025-030917969-001;03/07/2025 17:22;RODOVIA MG 050, Nº S/N - PASSOS;-207.372.242;-466.331.087;V02408 - VITIMA DE COLISAO ENTRE AUTOMOVEL X MOTOCICLETA (C) (Prioridade: 1 - Alta);1CIA IND/2CIA/1PEL(PASSOS);UR04360;Não;Não;Não;BOLETIM DE OCORRENCIA;Classificada;04/07/2025 08:18;Não
2025-40282198-2;(BM) 2025-030933190-001;03/07/2025 17:26;RUA SAULO CARVALHO BUENO, Nº 23 - PARQUE DA ESTACAO - PASSOS;;;S06001 - SALVAMENTO DE ANIMAL EM RISCO / PERIGO (C) (Prioridade: 2 - Média);1CIA IND/2CIA/1PEL(PASSOS);VOB00480;Não;Não;Não;BOLETIM DE OCORRENCIA;Classificada;04/07/2025 08:18;Não
2025-40283999-7;(BM) 2025-030935525-001;03/07/2025 19:10;RUA DOS PROFESSORES, Nº 44 - NOSSA SENHORA DAS GRAÇAS - PASSOS;-207.363.109;-466.047.092;V03018 - VITIMA DE QUEDA DA PROPRIA ALTURA (C) (Prioridade: 1 - Alta);1CIA IND/2CIA/1PEL(PASSOS);UR04360;Não;Não;Não;BOLETIM DE OCORRENCIA;Classificada;04/07/2025 08:18;Não
2025-40291116-9;(BM) 2025-031004669-001;04/07/2025 08:37;RUA ANTONIO MILTON DE FARIA, Nº 370 - JARDIM ITALIA - PASSOS;-207.501.831;-466.060.371;V03018 - VITIMA DE QUEDA DA PROPRIA ALTURA (C) (Prioridade: 1 - Alta);1CIA IND/2CIA/1PEL(PASSOS);UR04360;Não;Não;Não;BOLETIM DE OCORRENCIA;Classificada;05/07/2025 08:09;Não
2025-40292149-3;(BM) 2025-031028969-001;04/07/2025 10:04;RUA PEDRO SICAR ROMANELLI, Nº 101 - PASSOS;-207.020.671;-466.251.273;O04009 - INCENDIO EM AREA URBANA PERTENCENTE A ORGAO PUBLICO (C) (Prioridade: 2 - Média);1CIA IND/2CIA/1PEL(PASSOS);VOB00480;Não;Não;Não;BOLETIM DE OCORRENCIA;Classificada;05/07/2025 08:08;Não
2025-40293098-0;;04/07/2025 11:18;RUA GUILHERME GAMBETA, Nº 285 - CENTRO - CAPETINGA;-206.186.325;-470.565.627;P02011 - VISTORIA EM ENXAME DE INSETOS (C) (Prioridade: 2 - Média);1CIA IND/2CIA/1PEL(PASSOS);;Não;Não;Não;DISPENSADA PELO SOLICITANTE;Classificada;04/07/2025 16:13;Não
2025-40294725-3;(BM) 2025-031045364-001;04/07/2025 13:55;RUA ANTONIO JOSE DOS SANTOS, Nº 42 - PASSOS;;;P01001 - VISTORIA DE FISCALIZACAO (C) (Prioridade: 2 - Média);1CIA IND/2CIA/PEL PREV E VIST(PASSOS);APV06243;Não;Não;Não;BOLETIM DE OCORRENCIA;Classificada;05/07/2025 08:08;Não
2025-40295288-6;(BM) 2025-031053148-001;04/07/2025 14:29;RUA JOSE VALADAO, Nº 88 - COHAB 3 - PASSOS;-207.044.059;-466.257.494;V01010 - VITIMA COM DOR TORACICA/SUSPEITA DE INFARTO (IAM) (C) (Prioridade: 1 - Alta);1CIA IND/2CIA/1PEL(PASSOS);UR04360;Não;Não;Não;BOLETIM DE OCORRENCIA;Classificada;05/07/2025 08:09;Não
2025-40295607-2;(BM) 2025-031056561-001;04/07/2025 14:45;RUA AMAPA, Nº S/N - SANTA LUZIA - PASSOS;-207.079.877;-465.972.919;P02003 - VISTORIA EM LOTE VAGO (C) (Prioridade: 2 - Média);1CIA IND/2CIA/1PEL(PASSOS);VOB00480;Não;Não;Não;BOLETIM DE OCORRENCIA;Classificada;05/07/2025 08:08;Não
2025-40296159-9;(BM) 2025-031066920-001;04/07/2025 15:12;RUA RIO NEGRO, Nº S/N - SANTA LUZIA - PASSOS;-207.092.075;-466.006.208;P02003 - VISTORIA EM LOTE VAGO (C) (Prioridade: 2 - Média);1CIA IND/2CIA/1PEL(PASSOS);VOB00480;Não;Não;Não;BOLETIM DE OCORRENCIA;Classificada;05/07/2025 08:08;Não
2025-40296432-6;(BM) 2025-031066855-001;04/07/2025 15:27;RUA GIRASSOL, Nº 1 - PASSOS;;;P02001 - VISTORIA EM HIDRANTE (C) (Prioridade: 2 - Média);1CIA IND/2CIA/1PEL(PASSOS);VOB00480;Não;Não;Não;BOLETIM DE OCORRENCIA;Classificada;05/07/2025 08:08;Não
2025-40297635-9;(BM) 2025-031088489-001;04/07/2025 16:38;RUA BARAO DO RIO BRANCO, Nº 1313 - CENTRO - PASSOS;;;V03999 - OUTROS TIPOS DE APH DE TRAUMAS DIVERSOS   (C) (Prioridade: 1 - Alta);1CIA IND/2CIA/1PEL(PASSOS);UR04360;Não;Não;Não;BOLETIM DE OCORRENCIA;Classificada;05/07/2025 08:09;Não
2025-40298343-9;(BM) 2025-031138791-001;04/07/2025 17:22;RUA CANJERANUS, Nº 1669 - POLIVALENTE - PASSOS;-207.057.036;-466.039.302;V03018 - VITIMA DE QUEDA DA PROPRIA ALTURA (C) (Prioridade: 1 - Alta);1CIA IND/2CIA/1PEL(PASSOS);UR04360;Não;Não;Não;BOLETIM DE OCORRENCIA;Classificada;05/07/2025 08:09;Não
2025-40300719-9;(BM) 2025-031142969-001;04/07/2025 19:50;SITIO PSS0746 - CORREGO DO FEIJAO, Nº S/N - PASSOS;-20.841.029;-466.916.948;O04013 - INCENDIO EM PASTO (C) (Prioridade: 2 - Média);1CIA IND/2CIA/1PEL(PASSOS);VOB00480;Não;Não;Não;BOLETIM DE OCORRENCIA;Classificada;05/07/2025 08:09;Não
2025-40301746-7;(BM) 2025-031122197-001;04/07/2025 20:53;RUA DOUTOR CARVALHO, Nº 1561 - BELO HORIZONTE - PASSOS;-207.329.352;-466.040.812;X03000 - EMPENHO ADMINISTRATIVO (C) (Prioridade: 2 - Média);1CIA IND/2CIA/PEL PREV E VIST(PASSOS);APV06243;Não;Não;Não;BOLETIM DE OCORRENCIA;Classificada;05/07/2025 08:09;Não
2025-40302366-1;(BM) 2025-031142210-001;04/07/2025 21:30;RUA ELZO CALIXTO MATTAR, Nº 600 - SANTA RITA - PASSOS;-207.323.271;-466.119.529;V01007 - VITIMA COM DISPNEIA (FALTA DE AR) (C) (Prioridade: 1 - Alta);1CIA IND/2CIA/1PEL(PASSOS);UR04360;Não;Não;Não;BOLETIM DE OCORRENCIA;Classificada;05/07/2025 08:09;Não
2025-40307782-3;(BM) 2025-031174271-001;05/07/2025 07:18;RUA MARANHAO, Nº 157 - CARMELO - PASSOS;-207.156.403;-466.019.521;V01006 - VITIMA COM DIFICULDADE DE LOCOMOCAO (C) (Prioridade: 1 - Alta);1CIA IND/2CIA/1PEL(PASSOS);UR04360;Não;Não;Não;BOLETIM DE OCORRENCIA;Classificada;05/07/2025 08:29;Não
2025-40308315-3;(BM) 2025-031181850-001;05/07/2025 08:37;PRACA FRANCISCO SALLES, Nº S/N - BELO HORIZONTE - PASSOS;-207.264.675;-466.045.971;P03999 - OUTROS TIPOS DE PCI / PCA   (C) (Prioridade: 2 - Média);1CIA IND/2CIA/1PEL(PASSOS);UR04360;Não;Não;Não;BOLETIM DE OCORRENCIA;Classificada;06/07/2025 07:14;Não
2025-40309134-4;(BM) 2025-031197536-001;05/07/2025 10:08;RUA SALINAS, Nº 35 - COHAB 2 - PASSOS;-207.121.497;-466.268.158;V01007 - VITIMA COM DISPNEIA (FALTA DE AR) (C) (Prioridade: 1 - Alta);1CIA IND/2CIA/1PEL(PASSOS);UR04360;Não;Não;Não;BOLETIM DE OCORRENCIA;Classificada;06/07/2025 07:14;Não
2025-40309456-0;(BM) 2025-031197564-001;05/07/2025 10:39;RUA SANTA EFIGENIA / AVENIDA AROUCA - CENTRO - PASSOS;-207.202.641;-466.048.593;O04012 - INCENDIO EM LOTE VAGO (AREA URBANA) (C) (Prioridade: 2 - Média);1CIA IND/2CIA/1PEL(PASSOS);VOB00480;Não;Não;Não;BOLETIM DE OCORRENCIA;Classificada;06/07/2025 07:14;Não
2025-40310059-8;(BM) 2025-031194820-001;05/07/2025 11:44;RUA DELFINOPOLIS, Nº 21 - PENHA - PASSOS;-20.714.491;-466.245.435;V01006 - VITIMA COM DIFICULDADE DE LOCOMOCAO (C) (Prioridade: 1 - Alta);1CIA IND/2CIA/1PEL(PASSOS);UR04360;Não;Não;Não;BOLETIM DE OCORRENCIA;Classificada;06/07/2025 07:14;Não
2025-40310123-5;;05/07/2025 11:50;RUA VEREADOR LUIZ PATTI, Nº 197 - COHAB 4 - PASSOS;-207.196.781;-466.348.667;V03005 - VITIMA DE AGRESSAO FISICA SEM USO DE ARMA (C) (Prioridade: 1 - Alta);1CIA IND/2CIA/1PEL(PASSOS);;Não;Não;Não;DISPENSADA PELO SOLICITANTE;Classificada;05/07/2025 11:55;Não
2025-40310736-4;(BM) 2025-031203037-001;05/07/2025 13:07;RUA ROQUE ORLANDO RIBEIRO, Nº 500 - RECANTO DO BOSQUE - PASSOS;-207.224.847;-465.835.738;V01004 - VITIMA COM CRISE DIABETICA / HIPOGLICEMIA (C) (Prioridade: 1 - Alta);1CIA IND/2CIA/1PEL(PASSOS);UR04360;Não;Não;Não;BOLETIM DE OCORRENCIA;Classificada;06/07/2025 07:14;Não
2025-40311229-1;(BM) 2025-031203600-001;05/07/2025 13:56;RUA DOUTOR CARVALHO, Nº 1561 - BELO HORIZONTE - PASSOS;-207.329.352;-466.040.812;R01999 - OUTROS TIPOS DE ACOES DE APOIO A COMUNIDADE   (C) (Prioridade: 2 - Média);1CIA IND/2CIA/1PEL(PASSOS);UR04360;Não;Não;Não;BOLETIM DE OCORRENCIA;Classificada;06/07/2025 07:14;Não
2025-40312317-2;;05/07/2025 15:07;PRACA CONEGO JOSE TIMOTEO DA SILVA, Nº 60 - SAO BENEDITO - PASSOS;-20.719.664;-466.013.921;V01023 - VITIMA DE SINCOPE (DESMAIO)/VERTIGEM (C) (Prioridade: 1 - Alta);1CIA IND/2CIA/1PEL(PASSOS);;Não;Não;Não;DISPENSADA PELO SOLICITANTE;Classificada;05/07/2025 15:10;Não
2025-40312670-9;;05/07/2025 15:27;RUA PERNAMBUCO, Nº 188 - BELA VISTA - PASSOS;-207.175.647;-465.994.464;V03018 - VITIMA DE QUEDA DA PROPRIA ALTURA (C) (Prioridade: 1 - Alta);1CIA IND/2CIA/1PEL(PASSOS);;Não;Não;Não;REPASSADA A OUTROS ÓRGAOS;Classificada;05/07/2025 15:42;Não
2025-40314715-6;;05/07/2025 17:35;RODOVIA BR 459, Km 22 - POCOS DE CALDAS;;;V02407 - VITIMA DE COLISAO ENTRE AUTOMOVEL X BICICLETA (C) (Prioridade: 1 - Alta);1CIA IND (POCOS DE CALDAS);;Não;Não;Não;REPASSADA A OUTROS ÓRGAOS;Classificada;05/07/2025 17:50;Não
2025-40315704-5;(BM) 2025-031250830-001;05/07/2025 18:30;RUA MARIA DA FE, Nº 316 - COHAB 1 - PASSOS;-207.114.581;-466.253.173;V01004 - VITIMA COM CRISE DIABETICA / HIPOGLICEMIA (C) (Prioridade: 1 - Alta);1CIA IND/2CIA/1PEL(PASSOS);UR04360;Não;Não;Não;BOLETIM DE OCORRENCIA;Classificada;06/07/2025 07:14;Não
2025-40322014-7;(BM) 2025-031312730-001;06/07/2025 00:37;RUA OTAVIO RODRIGUES VASCONCELOS, Nº 389 - SAO JOAO - PASSOS;-207.350.771;-466.093.978;V01006 - VITIMA COM DIFICULDADE DE LOCOMOCAO (C) (Prioridade: 1 - Alta);1CIA IND/2CIA/1PEL(PASSOS);UR04360;Não;Não;Não;BOLETIM DE OCORRENCIA;Classificada;06/07/2025 07:14;Não
2025-40325470-2;(BM) 2025-031319036-001;06/07/2025 08:52;AVENIDA JK, Nº 327 - JARDIM COLEGIO DE PASSOS - PASSOS;-207.216.642;-465.982.806;P03999 - OUTROS TIPOS DE PCI / PCA   (C) (Prioridade: 2 - Média);1CIA IND/2CIA/1PEL(PASSOS);UR04360;Não;Não;Não;BOLETIM DE OCORRENCIA;Classificada;07/07/2025 07:14;Não
2025-40325777-5;(BM) 2025-031322450-001;06/07/2025 09:38;RUA ACRE, Nº 1513 - RECANTO DA HARMONIA - PASSOS;-207.049.771;-46.595.234;V01018 - VITIMA DE MAL NAO DEFINIDO (DISTURBIO) (C) (Prioridade: 1 - Alta);1CIA IND/2CIA/1PEL(PASSOS);UR04360;Não;Não;Não;BOLETIM DE OCORRENCIA;Classificada;07/07/2025 07:14;Não
2025-40325910-3;(BM) 2025-031323179-001;06/07/2025 09:54;RUA CONCEICAO VIEIRA DE CARVALHO, Nº 869 - PASSOS;-207.397.796;-465.854.035;S06001 - SALVAMENTO DE ANIMAL EM RISCO / PERIGO (C) (Prioridade: 2 - Média);1CIA IND/2CIA/1PEL(PASSOS);VOB00480;Não;Não;Não;BOLETIM DE OCORRENCIA;Classificada;07/07/2025 07:14;Não
2025-40326045-2;(BM) 2025-031324145-001;06/07/2025 10:10;RUA DOUTOR CARVALHO, Nº 1455 - NOSSA SENHORA DAS GRAÇAS - PASSOS;-207.352.269;-466.037.303;V03012 - VITIMA COM OBJETO PRESO AO CORPO (C) (Prioridade: 1 - Alta);1CIA IND/2CIA/1PEL(PASSOS);BM1640390;Não;Não;Não;BOLETIM DE OCORRENCIA;Classificada;07/07/2025 07:15;Não
2025-40326379-8;(BM) 2025-031368420-001;06/07/2025 10:55;RUA LIMAO, Nº 425 - SANTA RITA - PASSOS;-207.326.335;-466.118.032;V03018 - VITIMA DE QUEDA DA PROPRIA ALTURA (C) (Prioridade: 1 - Alta);1CIA IND/2CIA/1PEL(PASSOS);UR04360;Não;Não;Não;BOLETIM DE OCORRENCIA;Classificada;07/07/2025 07:15;Não
2025-40328392-7;(BM) 2025-031342435-001;06/07/2025 14:26;AVENIDA COMENDADOR FRANCISCO A MAIA, Nº 4050 - EXPOSICAO - PASSOS;-207.333.293;-466.060.067;P01001 - VISTORIA DE FISCALIZACAO (C) (Prioridade: 2 - Média);1CIA IND/2CIA/PEL PREV E VIST(PASSOS);APV06243;Não;Não;Não;BOLETIM DE OCORRENCIA;Classificada;07/07/2025 07:14;Não
2025-40329518-9;(BM) 2025-031368199-001;06/07/2025 15:31;RUA CARAMANCHAO, Nº 41 - CASARAO - PASSOS;-207.217.586;-465.899.418;O04012 - INCENDIO EM LOTE VAGO (AREA URBANA) (C) (Prioridade: 2 - Média);1CIA IND/2CIA/1PEL(PASSOS);VOB00480;Não;Não;Não;BOLETIM DE OCORRENCIA;Classificada;07/07/2025 07:14;Não
2025-40331336-4;(BM) 2025-031377698-001;06/07/2025 17:26;AVENIDA PERIMETRAL, Nº 151 - PARQUE DA ESTACAO - PASSOS;-207.092.421;-466.125.297;O04011 - INCENDIO EM AREA URBANA NAO PROTEGIDA (C) (Prioridade: 2 - Média);1CIA IND/2CIA/1PEL(PASSOS);VOB00480;Não;Não;Não;BOLETIM DE OCORRENCIA;Classificada;07/07/2025 07:14;Não
2025-40334171-2;(BM) 2025-031398561-001;06/07/2025 20:09;RUA JOAO TEIXEIRA MENDES, Nº 720 - JARDIM CANADA - PASSOS;-207.484.581;-46.606.344;V01006 - VITIMA COM DIFICULDADE DE LOCOMOCAO (C) (Prioridade: 1 - Alta);1CIA IND/2CIA/1PEL(PASSOS);UR04360;Não;Não;Não;BOLETIM DE OCORRENCIA;Classificada;07/07/2025 07:15;Não
2025-40338078-9;(BM) 2025-031442300-001;07/07/2025 00:11;RUA MARIA CONCEICAO DE LIMA, Nº 174 - SANTA CASA - PASSOS;-207.113.464;-466.096.543;V03018 - VITIMA DE QUEDA DA PROPRIA ALTURA (C) (Prioridade: 1 - Alta);1CIA IND/2CIA/1PEL(PASSOS);UR04360;Não;Não;Não;BOLETIM DE OCORRENCIA;Classificada;07/07/2025 07:15;Não
2025-40340287-1;;07/07/2025 08:09;RUA GUILHERME GAMBETA, Nº 285 - CENTRO - CAPETINGA;-206.186.325;-470.565.627;P02011 - VISTORIA EM ENXAME DE INSETOS (C) (Prioridade: 2 - Média);1CIA IND/2CIA/1PEL(PASSOS);;Não;Não;Não;DISPENSADA PELO SOLICITANTE;Classificada;07/07/2025 17:36;Não
2025-40340544-2;(BM) 2025-031461481-001;07/07/2025 08:30;RUA PERNAMBUCO, Nº 654 - PASSOS;-207.073.807;-466.057.056;V01003 - VITIMA COM CRISE CONVULSIVA (C) (Prioridade: 1 - Alta);1CIA IND/2CIA/1PEL(PASSOS);UR04360;Não;Não;Não;BOLETIM DE OCORRENCIA;Classificada;08/07/2025 10:50;Não
2025-40340738-9;(BM) 2025-031450977-001;07/07/2025 08:53;RUA EVARISTO ALCANTARA LEMOS, Nº 174 - EXPOSICAO - PASSOS;-207.333.624;-466.085.836;P01001 - VISTORIA DE FISCALIZACAO (C) (Prioridade: 2 - Média);1CIA IND/2CIA/PEL PREV E VIST(PASSOS);APV06243;Não;Não;Não;BOLETIM DE OCORRENCIA;Classificada;08/07/2025 10:49;Não
2025-40341186-0;(BM) 2025-031457258-001;07/07/2025 09:35;RUA JOEL DA SILVA MENDES, Nº 84 - JARDIM CIDADE - PASSOS;-207.285.671;-466.237.837;S05309 - COLISAO ENTRE AUTOMOVEL X CAMINHAO / CARRETA (C) (Prioridade: 1 - Alta);1CIA IND/2CIA/1PEL(PASSOS);UR04360;Não;Não;Não;BOLETIM DE OCORRENCIA;Classificada;08/07/2025 10:50;Não
2025-40343755-4;(BM) 2025-031487687-001;07/07/2025 13:07;RODOVIA MG 184, Km 0 - DISTRITO INDUSTRIAL - CARMO DO RIO CLARO;-209.641.945;-461.428.059;P01002 - VISTORIA DE LIBERACAO / EMISSAO DE AVCB (C) (Prioridade: 2 - Média);1CIA IND/2CIA/PEL PREV E VIST(PASSOS);APV06243;Não;Não;Não;BOLETIM DE OCORRENCIA;Classificada;08/07/2025 10:49;Não
2025-40344657-0;;07/07/2025 14:13;RUA SANTA EFIGENIA - CENTRO - PASSOS;;;O04012 - INCENDIO EM LOTE VAGO (AREA URBANA) (C) (Prioridade: 2 - Média);1CIA IND/2CIA/1PEL(PASSOS);VOB00480;Não;Não;Não;NADA CONSTATADO;Classificada;07/07/2025 14:47;Não
2025-40345143-9;(BM) 2025-031528750-001;07/07/2025 14:38;AVENIDA ANTONIO ADAO DA SILVA, Nº S/N - PENHA 2 - PASSOS;-207.191.081;-466.319.509;V03019 - VITIMA DE QUEDA DE ALTURA (C) (Prioridade: 1 - Alta);1CIA IND/2CIA/1PEL(PASSOS);VOB00480;Sim;Não;Não;BOLETIM DE OCORRENCIA;Classificada;08/07/2025 10:50;Não
2025-40345934-4;(BM) 2025-031515266-001;07/07/2025 15:14;RUA PROFESSOR TELES, Nº 525 - SÃO BENEDITO - ALPINOPOLIS;-208.587.757;-463.868.707;P01002 - VISTORIA DE LIBERACAO / EMISSAO DE AVCB (C) (Prioridade: 2 - Média);1CIA IND/2CIA/PEL PREV E VIST(PASSOS);APV06243;Não;Não;Não;BOLETIM DE OCORRENCIA;Classificada;08/07/2025 10:49;Não
2025-40349366-5;(BM) 2025-031575557-001;07/07/2025 18:26;RODOVIA BR 146, Km 375 - PASSOS;-209.588.176;-465.403.106;O04014 - INCENDIO AS MARGENS DE RODOVIA (C) (Prioridade: 2 - Média);1CIA IND/2CIA/1PEL(PASSOS);VOB00480;Não;Não;Não;BOLETIM DE OCORRENCIA;Classificada;08/07/2025 10:50;Não
2025-40356260-4;(BM) 2025-031664159-001;08/07/2025 08:08;RUA SALDANHA DA GAMA, Nº 1 - SANTA CASA - PASSOS;-207.147.212;-466.138.073;W98011 - SOLICITACAO DE APOIO (C) (Prioridade: 1 - Alta);1CIA IND/2CIA/1PEL(PASSOS);UR04360;Não;Não;Não;BOLETIM DE OCORRENCIA;Classificada;09/07/2025 07:56;Não
2025-40356390-0;(BM) 2025-031626288-001;08/07/2025 08:23;RUA CAETES, Nº 358 - JARDIM EMBRATEL - PASSOS;-207.426.993;-466.040.325;P01001 - VISTORIA DE FISCALIZACAO (C) (Prioridade: 2 - Média);1CIA IND/2CIA/PEL PREV E VIST(PASSOS);APV06243;Não;Não;Não;BOLETIM DE OCORRENCIA;Classificada;09/07/2025 07:55;Não
2025-40356435-6;(BM) 2025-031629303-001;08/07/2025 08:28;RUA JOAO TEIXEIRA MENDES, Nº 1280 - FLAMBOYANT - PASSOS;-207.547.782;-466.033.685;P01001 - VISTORIA DE FISCALIZACAO (C) (Prioridade: 2 - Média);1CIA IND/2CIA/PEL PREV E VIST(PASSOS);APV06243;Não;Não;Não;BOLETIM DE OCORRENCIA;Classificada;09/07/2025 07:55;Não
2025-40356625-1;;08/07/2025 08:54;RUA JOSE MARIANO NEGRINHO, Nº 31 - COHAB 4 - PASSOS;-207.194.647;-466.338.447;V03005 - VITIMA DE AGRESSAO FISICA SEM USO DE ARMA (C) (Prioridade: 1 - Alta);1CIA IND/2CIA/1PEL(PASSOS);;Não;Não;Não;NÃO ATENDIDA: FALTA DE VIATURA;Classificada;08/07/2025 08:58;Não
2025-40357100-3;(BM) 2025-031638646-001;08/07/2025 09:38;RUA BUENOS AIRES, Nº 887 - PANORAMA - PASSOS;-207.049.283;-466.201.139;P01001 - VISTORIA DE FISCALIZACAO (C) (Prioridade: 2 - Média);1CIA IND/2CIA/PEL PREV E VIST(PASSOS);APV06243;Não;Não;Não;BOLETIM DE OCORRENCIA;Classificada;09/07/2025 07:55;Não
2025-40357322-5;(BM) 2025-031645560-001;08/07/2025 09:58;RUA JOSE MARIANO NEGRINHO, Nº 26 - COHAB 4 - PASSOS;;;V03003 - VITIMA DE AGRESSAO FISICA COM ARMA BRANCA (C) (Prioridade: 1 - Alta);1CIA IND/2CIA/1PEL(PASSOS);UR04360;Não;Não;Não;BOLETIM DE OCORRENCIA;Classificada;09/07/2025 07:56;Não
2025-40357446-8;(BM) 2025-031673660-001;08/07/2025 10:08;AVENIDA DONA LIQUINHA SILVEIRA, Nº 599 - COHAB 1 - PASSOS;-207.104.218;-466.248.868;P01001 - VISTORIA DE FISCALIZACAO (C) (Prioridade: 2 - Média);1CIA IND/2CIA/PEL PREV E VIST(PASSOS);APV06243;Não;Não;Não;BOLETIM DE OCORRENCIA;Classificada;09/07/2025 07:55;Não
2025-40358128-8;;08/07/2025 11:03;RUA CATAGUASES, Nº 129 - PENHA - PASSOS;-207.186.429;-466.187.267;V01013 - VITIMA DE EMERGENCIAS PSIQUIATRICAS (C) (Prioridade: 1 - Alta);1CIA IND/2CIA/1PEL(PASSOS);;Não;Não;Não;NÃO ATENDIDA: FALTA DE VIATURA;Classificada;08/07/2025 11:04;Não
2025-40358427-9;(BM) 2025-031657971-001;08/07/2025 11:19;RUA CATAGUASES, Nº 129 - PENHA - PASSOS;-207.186.429;-466.187.267;V01013 - VITIMA DE EMERGENCIAS PSIQUIATRICAS (C) (Prioridade: 1 - Alta);1CIA IND/2CIA/1PEL(PASSOS);UR04360;Não;Não;Não;BOLETIM DE OCORRENCIA;Classificada;09/07/2025 07:56;Não
2025-40359651-8;(BM) 2025-031667858-001;08/07/2025 13:21;TRAVESSA ARY BRASILEIRO DE CASTRO, Nº 272 - CENTRO - SAO JOSE DA BARRA;-207.163.701;-463.132.678;X03000 - EMPENHO ADMINISTRATIVO (C) (Prioridade: 2 - Média);1CIA IND/2CIA/PEL PREV E VIST(PASSOS);APV06243;Não;Não;Não;BOLETIM DE OCORRENCIA;Classificada;09/07/2025 07:56;Não
2025-40360650-2;(BM) 2025-031679761-001;08/07/2025 14:24;RODOVIA MG 050, Nº 335 - MONSENHOR MESSIAS - PASSOS;-207.388.577;-465.979.611;V03018 - VITIMA DE QUEDA DA PROPRIA ALTURA (C) (Prioridade: 1 - Alta);1CIA IND/2CIA/1PEL(PASSOS);UR04360;Não;Não;Não;BOLETIM DE OCORRENCIA;Classificada;09/07/2025 07:56;Não
2025-40363284-2;(BM) 2025-031725342-001;08/07/2025 16:43;RUA CATAGUASES, Nº 129 - PENHA - PASSOS;-207.186.429;-466.187.267;V01013 - VITIMA DE EMERGENCIAS PSIQUIATRICAS (C) (Prioridade: 1 - Alta);1CIA IND/2CIA/1PEL(PASSOS);UR04360;Não;Não;Não;BOLETIM DE OCORRENCIA;Classificada;09/07/2025 07:57;Não
2025-40363402-7;;08/07/2025 16:51;PRACA MONSENHOR MESSIAS BRAGANCA, Nº 140 - CENTRO - PASSOS;-207.173.592;-466.102.377;W98011 - SOLICITACAO DE APOIO (C) (Prioridade: 1 - Alta);1CIA IND/2CIA/1PEL(PASSOS);;Não;Não;Não;ATENDIDA PELO SAMU;Classificada;08/07/2025 17:01;Não
2025-40363496-0;(BM) 2025-031725433-001;08/07/2025 16:56;RUA GUILHERME GAMBETA, Nº 285 - CENTRO - CAPETINGA;-206.186.325;-470.565.627;S06005 - CAPTURA DE INSETOS (C) (Prioridade: 2 - Média);1CIA IND/2CIA/1PEL(PASSOS);VOB00480;Não;Não;Não;BOLETIM DE OCORRENCIA;Classificada;09/07/2025 07:56;Não
2025-40365309-2;(BM) 2025-031733139-001;08/07/2025 18:36;RUA CONTABILISTAS, Nº 93 - NOVO HORIZONTE - PASSOS;-207.295.107;-466.024.506;V03018 - VITIMA DE QUEDA DA PROPRIA ALTURA (C) (Prioridade: 1 - Alta);1CIA IND/2CIA/1PEL(PASSOS);UR04360;Não;Não;Não;BOLETIM DE OCORRENCIA;Classificada;09/07/2025 07:57;Não
2025-40369335-4;(BM) 2025-031773983-001;08/07/2025 22:53;RUA RIO PIRACICABA, Nº 1039 - RECANTO DA HARMONIA - PASSOS;-20.704.206;-465.963.636;V01005 - VITIMA COM CRISE HIPERTENSIVA/HIPOTENSAO (C) (Prioridade: 1 - Alta);1CIA IND/2CIA/1PEL(PASSOS);UR04360;Não;Não;Não;BOLETIM DE OCORRENCIA;Classificada;09/07/2025 07:57;Não
2025-40369760-0;(BM) 2025-031790846-001;08/07/2025 23:23;RUA JANAUBA, Nº 305 - COHAB 2 - PASSOS;-207.093.295;-466.302.265;V03018 - VITIMA DE QUEDA DA PROPRIA ALTURA (C) (Prioridade: 1 - Alta);1CIA IND/2CIA/1PEL(PASSOS);UR04360;Não;Não;Não;BOLETIM DE OCORRENCIA;Classificada;09/07/2025 07:57;Não
2025-40370996-3;(BM) 2025-031790833-001;09/07/2025 02:17;RUA SANTA EFIGENIA, Nº 33 - CENTRO - PASSOS;-207.196.747;-466.039.777;O04012 - INCENDIO EM LOTE VAGO (AREA URBANA) (C) (Prioridade: 2 - Média);1CIA IND/2CIA/1PEL(PASSOS);VOB00480;Não;Não;Não;BOLETIM DE OCORRENCIA;Classificada;09/07/2025 07:56;Não
2025-40372663-1;(BM) 2025-031805890-001;09/07/2025 08:54;AVENIDA NACOES, Nº S/N - VILA RICA - PASSOS;-207.276.808;-46.600.861;P03999 - OUTROS TIPOS DE PCI / PCA   (C) (Prioridade: 2 - Média);1CIA IND/2CIA/1PEL(PASSOS);UR04360;Não;Não;Não;BOLETIM DE OCORRENCIA;Classificada;10/07/2025 07:02;Não
2025-40372917-8;(BM) 2025-031958044-001;09/07/2025 09:20;RUA ADELIA FERREIRA DE SOUZA, Nº 290 - JARDIM CANADA II - PASSOS;-207.545.494;-466.068.463;V01010 - VITIMA COM DOR TORACICA/SUSPEITA DE INFARTO (IAM) (C) (Prioridade: 1 - Alta);1CIA IND/2CIA/1PEL(PASSOS);UR04360;Não;Não;Não;BOLETIM DE OCORRENCIA;Classificada;10/07/2025 07:04;Não
2025-40372946-6;(BM) 2025-031815594-001;09/07/2025 09:23;RUA JOSE MARIANO NEGRINHO, Nº 424 - COHAB 5 - PASSOS;-207.181.969;-466.373.767;P02004 - VISTORIA EM RISCO DE DESABAMENTO / DESMORONAMENTO (C) (Prioridade: 2 - Média);1CIA IND/2CIA/1PEL(PASSOS);VOB00480;Não;Não;Não;BOLETIM DE OCORRENCIA;Classificada;10/07/2025 07:02;Não
2025-40373271-7;(BM) 2025-031813749-001;09/07/2025 09:51;AVENIDA DOUTOR BRENO SOARES MAIA, Nº 236 - BELO HORIZONTE - PASSOS;-207.281.794;-46.604.591;X03000 - EMPENHO ADMINISTRATIVO (C) (Prioridade: 2 - Média);1CIA IND/2CIA/PEL PREV E VIST(PASSOS);APV06243;Não;Não;Não;BOLETIM DE OCORRENCIA;Classificada;10/07/2025 07:28;Não
2025-40373273-2;(BM) 2025-031814693-001;09/07/2025 09:51;RUA PARAGUAI, Nº 91 - CANJERANUS - PASSOS;-207.113.219;-466.064.935;V03018 - VITIMA DE QUEDA DA PROPRIA ALTURA (C) (Prioridade: 1 - Alta);1CIA IND/2CIA/1PEL(PASSOS);UR04360;Não;Não;Não;BOLETIM DE OCORRENCIA;Classificada;10/07/2025 07:04;Não
2025-40375752-6;(BM) 2025-031842502-001;09/07/2025 13:21;RUA OURO PRETO, Nº 342 - CENTRO - PASSOS;-207.256.921;-466.102.781;P01002 - VISTORIA DE LIBERACAO / EMISSAO DE AVCB (C) (Prioridade: 2 - Média);1CIA IND/2CIA/PEL PREV E VIST(PASSOS);APV06243;Não;Não;Não;BOLETIM DE OCORRENCIA;Classificada;10/07/2025 07:28;Não
2025-40377154-5;(BM) 2025-031925620-001;09/07/2025 14:48;FAZENDA CLV0123 - NOSSA SENHORA DE PENTECOSTES - BAIRRO RURAL - AGUDO - ALFREDO RODRIGUES MOREIRA, Nº S/N - CLARAVAL;-203.906.676;-472.440.474;S06001 - SALVAMENTO DE ANIMAL EM RISCO / PERIGO (C) (Prioridade: 2 - Média);1CIA IND/2CIA/1PEL(PASSOS);BM1549807;Não;Não;Não;BOLETIM DE OCORRENCIA;Classificada;10/07/2025 07:03;Não
2025-40377303-3;(BM) 2025-031861602-001;09/07/2025 14:56;RUA BONSUCESSO, Nº S/N - CANDEIAS - PASSOS;-207.213.791;-466.187.394;P02001 - VISTORIA EM HIDRANTE (C) (Prioridade: 2 - Média);1CIA IND/2CIA/1PEL(PASSOS);ABT00816;Não;Não;Não;BOLETIM DE OCORRENCIA;Classificada;10/07/2025 07:04;Não
2025-40380764-4;;09/07/2025 18:12;RUA CORONEL JOAO LOURENCO, Nº 90 - PARQUE DA ESTACAO - PASSOS;-207.080.507;-466.129.049;S06001 - SALVAMENTO DE ANIMAL EM RISCO / PERIGO (C) (Prioridade: 2 - Média);1CIA IND/2CIA/1PEL(PASSOS);;Não;Não;Não;DISPENSADA PELO SOLICITANTE;Classificada;09/07/2025 18:21;Não
2025-40382375-3;(BM) 2025-031924983-001;09/07/2025 19:44;RUA JOSE MARIANO NEGRINHO, Nº 460 - COHAB 5 - PASSOS;-207.181.969;-466.373.767;V01002 - VITIMA COM CEFALEIA AGUDA / ENXAQUECA (C) (Prioridade: 1 - Alta);1CIA IND/2CIA/1PEL(PASSOS);UR04360;Não;Não;Não;BOLETIM DE OCORRENCIA;Classificada;10/07/2025 07:03;Não
2025-40383895-9;(BM) 2025-031933486-001;09/07/2025 21:22;RUA ALPENINOS, Nº 193 - CALIFORNIA - PASSOS;-20.705.795;-466.161.173;V03018 - VITIMA DE QUEDA DA PROPRIA ALTURA (C) (Prioridade: 1 - Alta);1CIA IND/2CIA/1PEL(PASSOS);UR04360;Não;Não;Não;BOLETIM DE OCORRENCIA;Classificada;10/07/2025 07:03;Não
2025-40385189-5;(BM) 2025-031946416-001;09/07/2025 22:41;RUA CALIMERIO FRANCISCO DIAS, Nº 101 - NOVA CALIFORNIA - PASSOS;-207.030.979;-466.213.634;V01013 - VITIMA DE EMERGENCIAS PSIQUIATRICAS (C) (Prioridade: 1 - Alta);1CIA IND/2CIA/1PEL(PASSOS);UR04360;Não;Não;Não;BOLETIM DE OCORRENCIA;Classificada;10/07/2025 07:03;Não
2025-40385651-5;(BM) 2025-031958107-001;09/07/2025 23:10;RUA VARGINHA, Nº 630 - COHAB 2 - PASSOS;-207.073.711;-466.300.078;O04012 - INCENDIO EM LOTE VAGO (AREA URBANA) (C) (Prioridade: 2 - Média);1CIA IND/2CIA/1PEL(PASSOS);VOB00480;Não;Não;Não;BOLETIM DE OCORRENCIA;Classificada;10/07/2025 07:04;Não
2025-40385895-0;(BM) 2025-031957927-001;09/07/2025 23:29;RUA COIMBRAS, Nº 460 - COIMBRAS - PASSOS;;;O04012 - INCENDIO EM LOTE VAGO (AREA URBANA) (C) (Prioridade: 2 - Média);1CIA IND/2CIA/1PEL(PASSOS);VOB00480;Não;Não;Não;BOLETIM DE OCORRENCIA;Classificada;10/07/2025 07:04;Não
2025-40387601-8;(BM) 2025-031970863-001;10/07/2025 04:39;RODOVIA MG 050, Km 328 - PASSOS;;;V01013 - VITIMA DE EMERGENCIAS PSIQUIATRICAS (C) (Prioridade: 1 - Alta);1CIA IND/2CIA/1PEL(PASSOS);UR04360;Não;Não;Não;BOLETIM DE OCORRENCIA;Classificada;10/07/2025 07:03;Não
2025-40388545-4;(BM) 2025-031977523-001;10/07/2025 08:07;FAZENDA CLV0123 - NOSSA SENHORA DE PENTECOSTES - BAIRRO RURAL - AGUDO - ALFREDO RODRIGUES MOREIRA, Nº S/N - CLARAVAL;-203.906.676;-472.440.474;S06001 - SALVAMENTO DE ANIMAL EM RISCO / PERIGO (C) (Prioridade: 2 - Média);1CIA IND/2CIA/1PEL(PASSOS);BM1224443;Não;Não;Não;BOLETIM DE OCORRENCIA;Classificada;11/07/2025 07:48;Não
2025-40389221-8;(BM) 2025-031987980-001;10/07/2025 09:09;RUA DOUTOR JOSE LEMOS DE BARROS, Nº 313 - MARIO MAGALHAES - PASSOS;-207.261.026;-46.611.651;V03018 - VITIMA DE QUEDA DA PROPRIA ALTURA (C) (Prioridade: 1 - Alta);1CIA IND/2CIA/1PEL(PASSOS);UR04360;Não;Não;Não;BOLETIM DE OCORRENCIA;Classificada;11/07/2025 07:49;Não
2025-40390173-4;(BM) 2025-032014843-001;10/07/2025 10:30;RUA ITABIRA, Nº 55 - CALIFORNIA - PASSOS;-207.045.654;-466.145.442;P02011 - VISTORIA EM ENXAME DE INSETOS (C) (Prioridade: 2 - Média);1CIA IND/2CIA/1PEL(PASSOS);VOB00480;Não;Não;Não;BOLETIM DE OCORRENCIA;Classificada;11/07/2025 07:49;Não
2025-40391229-2;(BM) 2025-032014828-001;10/07/2025 11:52;RUA REGISTRO, Nº 2001 - CONTAGEM;-198.932.026;-440.936.632;X03000 - EMPENHO ADMINISTRATIVO (C) (Prioridade: 2 - Média);1CIA IND/2CIA/1PEL(PASSOS);BM1526367;Não;Não;Não;BOLETIM DE OCORRENCIA;Classificada;12/07/2025 07:38;Não
2025-40392207-5;(BM) 2025-032017819-001;10/07/2025 13:26;RUA SAO VICENTE, Nº S/N - MARCILIO DINIZ - CAPETINGA;-206.152.598;-470.604.631;P01003 - VISTORIA EM EVENTOS TEMPORARIOS (C) (Prioridade: 1 - Alta);1CIA IND/2CIA/PEL PREV E VIST(PASSOS);APV06243;Não;Não;Não;BOLETIM DE OCORRENCIA;Classificada;11/07/2025 07:49;Não
2025-40394929-0;(BM) 2025-032051096-001;10/07/2025 15:55;AVENIDA DOS INDUSTRIAIS, Nº S/N - MONSENHOR MESSIAS - PASSOS;-207.385.027;-466.008.926;S06002 - CAPTURA DE ANIMAL SILVESTRE PERIGOSO / AGRESSIVO (C) (Prioridade: 2 - Média);1CIA IND/2CIA/1PEL(PASSOS);VOB00480;Não;Não;Não;BOLETIM DE OCORRENCIA;Classificada;11/07/2025 07:49;Não
2025-40405012-2;(BM) 2025-032153590-001;11/07/2025 07:27;RUA DOUTOR CARVALHO, Nº 1455 - NOSSA SENHORA DAS GRAÇAS - PASSOS;-207.352.269;-466.037.303;V03012 - VITIMA COM OBJETO PRESO AO CORPO (C) (Prioridade: 1 - Alta);1CIA IND/2CIA/1PEL(PASSOS);BM1637750;Não;Não;Não;BOLETIM DE OCORRENCIA;Classificada;11/07/2025 07:49;Não
2025-40405334-9;(BM) 2025-032155952-001;11/07/2025 08:02;PRACA MANOEL LEITE LEMOS, Nº S/N - CENTRO - DELFINOPOLIS;-203.435.951;-468.535.649;P01003 - VISTORIA EM EVENTOS TEMPORARIOS (C) (Prioridade: 1 - Alta);1CIA IND/2CIA/PEL PREV E VIST(PASSOS);APV06243;Não;Não;Não;BOLETIM DE OCORRENCIA;Classificada;12/07/2025 07:38;Não
2025-40405874-6;;11/07/2025 08:53;RUA MARIA DA FE, Nº 316 - COHAB 1 - PASSOS;-207.114.581;-466.253.173;V01006 - VITIMA COM DIFICULDADE DE LOCOMOCAO (C) (Prioridade: 1 - Alta);1CIA IND/2CIA/1PEL(PASSOS);;Não;Não;Não;REPASSADA A OUTROS ÓRGAOS;Classificada;11/07/2025 09:26;Não
2025-40407271-1;(BM) 2025-032180486-001;11/07/2025 10:55;AVENIDA JK, Nº 1844 - NOVO HORIZONTE - PASSOS;-207.336.142;-465.982.854;S06003 - CAPTURA DE CAO PERIGOSO / AGRESSIVO (C) (Prioridade: 2 - Média);1CIA IND/2CIA/1PEL(PASSOS);VOB00480;Não;Não;Não;BOLETIM DE OCORRENCIA;Classificada;12/07/2025 07:38;Não
2025-40408028-9;;11/07/2025 12:02;AVENIDA PROFESSORA MARIA VALERIA LEMOS BORSARI, Nº 1735 - NOVA PASSOS II - PASSOS;-207.044.808;-466.334.611;O04012 - INCENDIO EM LOTE VAGO (AREA URBANA) (C) (Prioridade: 2 - Média);1CIA IND/2CIA/1PEL(PASSOS);VOB00480;Não;Não;Não;NADA CONSTATADO;Classificada;11/07/2025 14:41;Não
2025-40408272-0;(BM) 2025-032196372-001;11/07/2025 12:27;RUA BOA VISTA, Nº 55 - SANTA CASA - PASSOS;-207.140.712;-466.133.887;V03018 - VITIMA DE QUEDA DA PROPRIA ALTURA (C) (Prioridade: 1 - Alta);1CIA IND/2CIA/1PEL(PASSOS);UR04360;Não;Não;Não;BOLETIM DE OCORRENCIA;Classificada;12/07/2025 07:38;Não
2025-40408398-8;(BM) 2025-032216977-001;11/07/2025 12:43;RUA JOSE HERCULANO FREIRE, Nº 48 - POÇO DAS ANDORINHAS - ALPINOPOLIS;-208.640.025;-463.934.537;P01003 - VISTORIA EM EVENTOS TEMPORARIOS (C) (Prioridade: 1 - Alta);1CIA IND/2CIA/PEL PREV E VIST(PASSOS);APV06243;Não;Não;Não;BOLETIM DE OCORRENCIA;Classificada;12/07/2025 07:38;Não
2025-40408793-2;;11/07/2025 13:20;RUA ANTONIO CELESTINO, Nº 909 - CENTRO - PASSOS;-207.134.344;-466.084.749;P02011 - VISTORIA EM ENXAME DE INSETOS (C) (Prioridade: 2 - Média);1CIA IND/2CIA/1PEL(PASSOS);VOB00480;Não;Não;Não;SOLICITANTE ENCONTRADO - PROVIDÊNCIA DISPENSADA;Classificada;11/07/2025 14:41;Não
2025-40409303-7;(BM) 2025-032199545-001;11/07/2025 13:55;AVENIDA AVELINO SOARES DE RESENDE, Nº 83 - CENTRO - SAO JOAO BATISTA GLORIA;-206.355.872;-465.057.632;P01003 - VISTORIA EM EVENTOS TEMPORARIOS (C) (Prioridade: 1 - Alta);1CIA IND/2CIA/PEL PREV E VIST(PASSOS);BM1009174;Não;Não;Não;BOLETIM DE OCORRENCIA;Classificada;12/07/2025 07:38;Não
2025-40411673-9;(BM) 2025-032242320-002;11/07/2025 16:05;RUA CEARA, Nº 1526 - JARDIM COLEGIO DE PASSOS - PASSOS;-207.217.685;-465.940.158;V01013 - VITIMA DE EMERGENCIAS PSIQUIATRICAS (C) (Prioridade: 1 - Alta);1CIA IND/2CIA/1PEL(PASSOS);UR04360;Não;Não;Não;BOLETIM DE OCORRENCIA;Classificada;12/07/2025 07:38;Não
2025-40413591-7;;11/07/2025 17:59;RUA MARIANA, Nº 531 - CALIFORNIA - PASSOS;-207.044.176;-466.194.994;W98011 - SOLICITACAO DE APOIO (C) (Prioridade: 1 - Alta);1CIA IND/2CIA/1PEL(PASSOS);UR04360;Não;Não;Não;DISPENSADA PELO SOLICITANTE;Classificada;11/07/2025 18:31;Não
2025-40415252-2;(BM) 2025-032315505-001;11/07/2025 19:37;AVENIDA COMENDADOR FRANCISCO A MAIA, Nº 4050 - EXPOSICAO - PASSOS;-207.333.293;-466.060.067;P03010 - PREVENCAO EM FESTA POPULAR (C) (Prioridade: 2 - Média);1CIA IND/2CIA/1PEL(PASSOS);UR04360;Não;Não;Não;BOLETIM DE OCORRENCIA;Classificada;12/07/2025 07:38;Não
2025-40419151-7;(BM) 2025-032315380-001;11/07/2025 23:24;RUA RIO TIETE, Nº 276 - SANTA LUZIA - PASSOS;-20.709.218;-466.023.656;O02001 - INCENDIO EM RESIDENCIA/HABITACAO UNIFAMILIAR (CASA) (C) (Prioridade: 1 - Alta);1CIA IND/2CIA/1PEL(PASSOS);VOB00480;Não;Não;Não;BOLETIM DE OCORRENCIA;Classificada;12/07/2025 07:38;Não
2025-40423129-1;(BM) 2025-032335807-002;12/07/2025 08:28;RUA NEW YORK, Nº S/N - RESIDENCIAL ELDORADO - PASSOS;-207.315.994;-46.622.429;P03004 - PREVENCAO EM EVENTO ESPORTIVO (C) (Prioridade: 2 - Média);1CIA IND/2CIA/1PEL(PASSOS);UR04360;Não;Não;Não;BOLETIM DE OCORRENCIA;Classificada;13/07/2025 15:11;Não
2025-40423896-0;(BM) 2025-032343725-001;12/07/2025 09:57;RUA BOIADEIROS, Nº 505 - PENHA - PASSOS;-207.180.866;-466.202.717;P02011 - VISTORIA EM ENXAME DE INSETOS (C) (Prioridade: 2 - Média);1CIA IND/2CIA/1PEL(PASSOS);VOB00480;Não;Não;Não;BOLETIM DE OCORRENCIA;Classificada;13/07/2025 15:11;Não
2025-40425597-0;;12/07/2025 13:12;RUA SANTOS DUMONT / RUA CORONEL JOAO DE BARROS - BELO HORIZONTE - PASSOS;-20.728.074;-466.083.931;W98011 - SOLICITACAO DE APOIO (C) (Prioridade: 1 - Alta);1CIA IND/2CIA/1PEL(PASSOS);;Não;Não;Não;DUPLICADA;Classificada;12/07/2025 13:39;Não
2025-40425614-8;(BM) 2025-032369240-001;12/07/2025 13:13;RUA CORONEL JOAO DE BARROS, Nº 1278 - CENTRO - PASSOS;;;O04012 - INCENDIO EM LOTE VAGO (AREA URBANA) (C) (Prioridade: 2 - Média);1CIA IND/2CIA/1PEL(PASSOS);VOB00480;Não;Não;Não;BOLETIM DE OCORRENCIA;Classificada;13/07/2025 15:11;Não
2025-40427045-5;(BM) 2025-032382161-001;12/07/2025 15:00;RUA CATAGUASES, Nº 129 - PENHA - PASSOS;-207.186.429;-466.187.267;V01013 - VITIMA DE EMERGENCIAS PSIQUIATRICAS (C) (Prioridade: 1 - Alta);1CIA IND/2CIA/1PEL(PASSOS);UR04360;Não;Não;Não;BOLETIM DE OCORRENCIA;Classificada;13/07/2025 15:12;Não
2025-40428404-1;(BM) 2025-032397445-001;12/07/2025 16:25;BAR PSS0174 - MUMBUQUINHA - BAIRRO MUMBUQUINHA, Nº S/N - PASSOS;-208.546.737;-466.120.835;O04008 - INCENDIO EM AREA RURAL NAO PROTEGIDA (C) (Prioridade: 2 - Média);1CIA IND/2CIA/1PEL(PASSOS);VOB00480;Não;Não;Não;BOLETIM DE OCORRENCIA;Classificada;13/07/2025 15:11;Não
2025-40428905-7;(BM) 2025-032397404-001;12/07/2025 16:58;RUA JOSE DONABELLA, Nº 106 - NOVA PASSOS - PASSOS;-207.059.465;-466.324.699;V01018 - VITIMA DE MAL NAO DEFINIDO (DISTURBIO) (C) (Prioridade: 1 - Alta);1CIA IND/2CIA/1PEL(PASSOS);UR04360;Não;Não;Não;BOLETIM DE OCORRENCIA;Classificada;13/07/2025 15:12;Não
2025-40432095-2;(BM) 2025-032425169-001;12/07/2025 20:22;AVENIDA AROUCA, Nº 720 - CENTRO - PASSOS;-207.192.254;-466.065.946;V03018 - VITIMA DE QUEDA DA PROPRIA ALTURA (C) (Prioridade: 1 - Alta);1CIA IND/2CIA/1PEL(PASSOS);UR04360;Não;Não;Não;BOLETIM DE OCORRENCIA;Classificada;13/07/2025 15:12;Não
2025-40433657-6;(BM) 2025-032428084-001;12/07/2025 21:58;RUA DOUTOR CARVALHO, Nº 1455 - NOSSA SENHORA DAS GRAÇAS - PASSOS;-207.352.269;-466.037.303;V03012 - VITIMA COM OBJETO PRESO AO CORPO (C) (Prioridade: 1 - Alta);1CIA IND/2CIA/1PEL(PASSOS);UR04360;Não;Não;Não;BOLETIM DE OCORRENCIA;Classificada;13/07/2025 15:12;Não
2025-40434099-4;(BM) 2025-032432615-002 / (PM) 2025-032432615-001;12/07/2025 22:22;RUA MATO GROSSO, Nº 863 - SANTA LUZIA - PASSOS;-207.074.162;-466.023.259;V01003 - VITIMA COM CRISE CONVULSIVA (C) (Prioridade: 1 - Alta);1CIA IND/2CIA/1PEL(PASSOS);UR04360;Não;Não;Não;BOLETIM DE OCORRENCIA;Classificada;13/07/2025 15:12;Não
2025-40434167-2;;12/07/2025 22:25;RUA MATO GROSSO, Nº 862 - SANTA LUZIA - PASSOS;-207.073.602;-466.026.474;V03005 - VITIMA DE AGRESSAO FISICA SEM USO DE ARMA (C) (Prioridade: 1 - Alta);1CIA IND/2CIA/1PEL(PASSOS);;Não;Não;Não;DUPLICADA;Classificada;12/07/2025 22:27;Não
2025-40434752-2;(BM) 2025-032461030-001;12/07/2025 22:54;RUA EXPEDITO PIMENTA, Nº 30 - PASSOS;-206.892.673;-466.179.816;O02034 - INCENDIO EM CACAMBA DE LIXO / ENTULHO (C) (Prioridade: 2 - Média);1CIA IND/2CIA/1PEL(PASSOS);VOB00480;Não;Não;Não;BOLETIM DE OCORRENCIA;Classificada;13/07/2025 15:11;Não
2025-40436212-6;(BM) 2025-032446136-001;13/07/2025 00:16;RUA SANTA INES / RUA BARTOLOMEU DE GUSMAO - BELO HORIZONTE - PASSOS;-207.270.787;-46.608.186;V02408 - VITIMA DE COLISAO ENTRE AUTOMOVEL X MOTOCICLETA (C) (Prioridade: 1 - Alta);1CIA IND/2CIA/1PEL(PASSOS);UR04360;Não;Não;Não;BOLETIM DE OCORRENCIA;Classificada;13/07/2025 15:12;Não
2025-40436402-1;(BM) 2025-032457690-003 / (PM) 2025-032457690-001;13/07/2025 00:25;RODOVIA MGC 146, Km 355 - PASSOS;-206.867.949;-4.656.385;V02409 - VITIMA DE COLISAO ENTRE AUTOMOVEL X CAMINHAO / CARRETA (C) (Prioridade: 1 - Alta);1CIA IND/2CIA/1PEL(PASSOS);VOB00480 / UR04360;Não;Não;Não;BOLETIM DE OCORRENCIA;Classificada;13/07/2025 15:12;Não
2025-40437502-1;(BM) 2025-032455529-001;13/07/2025 01:32;RUA BUENOS AIRES, Nº 757 - PANORAMA - PASSOS;-207.053.225;-46.618.606;V02502 - VITIMA DE QUEDA (MOTOCICLISTA) (C) (Prioridade: 1 - Alta);1CIA IND/2CIA/1PEL(PASSOS);UR04360;Não;Não;Não;BOLETIM DE OCORRENCIA;Classificada;13/07/2025 15:12;Não
2025-40439848-7;(BM) 2025-032470163-001;13/07/2025 08:01;PARQUE PSS0347 - MUNICIPAL EMILIO PIANTINO - ELDORADO, Nº S/N - PASSOS;-207.328.353;-466.217.856;P03999 - OUTROS TIPOS DE PCI / PCA   (C) (Prioridade: 2 - Média);1CIA IND/2CIA/1PEL(PASSOS);UR04360;Não;Não;Não;BOLETIM DE OCORRENCIA;Classificada;14/07/2025 07:40;Não
2025-40439959-8;(BM) 2025-032546838-001;13/07/2025 08:12;RUA HONDURAS, Nº 528 - POLIVALENTE - PASSOS;-20.702.379;-466.051.952;O02001 - INCENDIO EM RESIDENCIA/HABITACAO UNIFAMILIAR (CASA) (C) (Prioridade: 1 - Alta);1CIA IND/2CIA/1PEL(PASSOS);VOB00480 / UR04360;Não;Não;Não;BOLETIM DE OCORRENCIA;Classificada;14/07/2025 07:40;Não
2025-40442476-2;(BM) 2025-032492501-001;13/07/2025 13:27;RUA TURMALINA, Nº S/N - ACLIMACAO - PASSOS;-207.543.276;-466.029.164;S06002 - CAPTURA DE ANIMAL SILVESTRE PERIGOSO / AGRESSIVO (C) (Prioridade: 2 - Média);1CIA IND/2CIA/1PEL(PASSOS);VOB00480;Não;Não;Não;BOLETIM DE OCORRENCIA;Classificada;14/07/2025 07:40;Não
2025-40442648-6;(BM) 2025-032546734-001;13/07/2025 13:46;RUA TILOCA GRILO, Nº 273 - VILA SAO JOSE - PASSOS;-207.034.235;-466.473.083;S06001 - SALVAMENTO DE ANIMAL EM RISCO / PERIGO (C) (Prioridade: 2 - Média);1CIA IND/2CIA/1PEL(PASSOS);UR04360;Não;Não;Não;BOLETIM DE OCORRENCIA;Classificada;14/07/2025 07:40;Não
2025-40446428-1;(BM) 2025-032529778-001;13/07/2025 18:06;RODOVIA MG 050, Nº 335 - MONSENHOR MESSIAS - PASSOS;-207.388.577;-465.979.611;O04012 - INCENDIO EM LOTE VAGO (AREA URBANA) (C) (Prioridade: 2 - Média);1CIA IND/2CIA/1PEL(PASSOS);VOB00480;Não;Não;Não;BOLETIM DE OCORRENCIA;Classificada;14/07/2025 07:40;Não
2025-40455798-1;(BM) 2025-032612069-001;14/07/2025 10:17;ESTRADA PRINCIPAL PSS0340 - LINHA DO BANANAL KM4, Nº S/N - PASSOS;-206.957.053;-466.638.769;S06008 - CORTE DE ARVORE CAIDA EM VIA PUBLICA (C) (Prioridade: 2 - Média);1CIA IND/2CIA/1PEL(PASSOS);BM1206671;Não;Não;Não;BOLETIM DE OCORRENCIA;Classificada;15/07/2025 07:36;Não
2025-40456389-8;(BM) 2025-032621530-001;14/07/2025 11:08;RUA MACHADO DE ASSIS, Nº 57 - CANDEIAS - PASSOS;-207.222.472;-466.191.334;V01005 - VITIMA COM CRISE HIPERTENSIVA/HIPOTENSAO (C) (Prioridade: 1 - Alta);1CIA IND/2CIA/1PEL(PASSOS);UR04360;Sim;Não;Não;BOLETIM DE OCORRENCIA;Classificada;15/07/2025 07:37;Não
2025-40457706-4;(BM) 2025-032689751-001;14/07/2025 13:09;RUA SANTA CASA, Nº 760 - JARDIM SATELITE - PASSOS;-207.150.129;-46.617.951;O04012 - INCENDIO EM LOTE VAGO (AREA URBANA) (C) (Prioridade: 2 - Média);1CIA IND/2CIA/1PEL(PASSOS);VOB00480;Não;Não;Não;BOLETIM DE OCORRENCIA;Classificada;15/07/2025 07:36;Não
2025-40459444-0;(BM) 2025-032680421-001;14/07/2025 14:53;RUA SEXTA CHAPADA, Nº S/N - BELO HORIZONTE - PASSOS;-207.262.513;-466.039.598;P03004 - PREVENCAO EM EVENTO ESPORTIVO (C) (Prioridade: 2 - Média);1CIA IND/2CIA/1PEL(PASSOS);UR04360;Não;Não;Não;BOLETIM DE OCORRENCIA;Classificada;15/07/2025 07:36;Não
2025-40461256-3;(BM) 2025-032689660-001;14/07/2025 16:21;RUA MAGNOLIAS, Nº 27 - CONJUNTO HABITACIONAL BELA VISTA - ITAU DE MINAS;-20.747.564;-467.632.665;O04013 - INCENDIO EM PASTO (C) (Prioridade: 2 - Média);1CIA IND/2CIA/1PEL(PASSOS);VOB00480;Não;Não;Não;BOLETIM DE OCORRENCIA;Classificada;15/07/2025 07:36;Não
2025-40462003-3;(BM) 2025-032696437-001;14/07/2025 16:59;RUA DOIS DE NOVEMBRO, Nº 492 - SAO BENEDITO - PASSOS;-207.230.608;-466.029.862;V01023 - VITIMA DE SINCOPE (DESMAIO)/VERTIGEM (C) (Prioridade: 1 - Alta);1CIA IND/2CIA/1PEL(PASSOS);UR04360;Não;Não;Não;BOLETIM DE OCORRENCIA;Classificada;15/07/2025 07:37;Não
2025-40466393-1;(BM) 2025-032736757-001;14/07/2025 21:17;RUA DIAMANTE, Nº 1203 - PASSOS;-207.385.062;-465.791.411;V01001 - VITIMA DE ACIDENTE VASCULAR CEREBRAL (AVC) (C) (Prioridade: 1 - Alta);1CIA IND/2CIA/1PEL(PASSOS);UR04360;Não;Não;Não;BOLETIM DE OCORRENCIA;Classificada;15/07/2025 07:37;Não
2025-40471330-0;(BM) 2025-032789507-001;15/07/2025 09:20;RUA ORLANDO ADAO CARNEIRO, Nº 514 - RECANTO DA TEKA - PASSOS;-207.452.066;-465.980.763;V01009 - VITIMA COM DOR NA COLUNA VERTEBRAL (COSTAS) (C) (Prioridade: 1 - Alta);1CIA IND/2CIA/1PEL(PASSOS);UR04360;Não;Não;Não;BOLETIM DE OCORRENCIA;Classificada;16/07/2025 07:27;Não
2025-40472050-0;(BM) 2025-032797124-001;15/07/2025 10:24;AVENIDA NACOES, Nº 1047 - NOVO MUNDO 4 - PASSOS;-207.288.652;-465.886.502;V01018 - VITIMA DE MAL NAO DEFINIDO (DISTURBIO) (C) (Prioridade: 1 - Alta);1CIA IND/2CIA/1PEL(PASSOS);UR04360;Não;Não;Não;BOLETIM DE OCORRENCIA;Classificada;16/07/2025 07:27;Não
2025-40472653-5;(BM) 2025-032801466-001;15/07/2025 11:15;RUA CEARA, Nº 857 - BELA VISTA - PASSOS;-20.717.411;-465.984.405;V02408 - VITIMA DE COLISAO ENTRE AUTOMOVEL X MOTOCICLETA (C) (Prioridade: 1 - Alta);1CIA IND/2CIA/1PEL(PASSOS);UR04360;Não;Não;Não;BOLETIM DE OCORRENCIA;Classificada;16/07/2025 07:27;Não
2025-40472783-0;;15/07/2025 11:28;RUA CACHOEIRAS, Nº 458 - NOVO HORIZONTE - PASSOS;-207.335.455;-465.987.362;V01007 - VITIMA COM DISPNEIA (FALTA DE AR) (C) (Prioridade: 1 - Alta);1CIA IND/2CIA/1PEL(PASSOS);;Não;Não;Não;NÃO ATENDIDA: FALTA DE EFETIVO;Classificada;15/07/2025 11:28;Não
2025-40474244-7;(BM) 2025-032815667-001;15/07/2025 13:39;AVENIDA JUCA STOCKLER, Nº S/N - NOVO HORIZONTE - PASSOS;-207.366.397;-466.024.583;X03000 - EMPENHO ADMINISTRATIVO (C) (Prioridade: 2 - Média);1CIA IND/2CIA/1PEL(PASSOS);VOB00480;Não;Não;Não;BOLETIM DE OCORRENCIA;Classificada;16/07/2025 07:28;Não
2025-40475665-0;(BM) 2025-032851463-001;15/07/2025 14:56;RUA SEXTA CHAPADA, Nº S/N - BELO HORIZONTE - PASSOS;-207.262.513;-466.039.598;P03004 - PREVENCAO EM EVENTO ESPORTIVO (C) (Prioridade: 2 - Média);1CIA IND/2CIA/1PEL(PASSOS);UR04360;Não;Não;Não;BOLETIM DE OCORRENCIA;Classificada;16/07/2025 07:27;Não
2025-40477147-7;(BM) 2025-032860605-001;15/07/2025 16:13;RUA COIMBRAS, Nº 1170 - NOSSA SENHORA DE FATIMA - PASSOS;-206.978.507;-466.162.877;V03018 - VITIMA DE QUEDA DA PROPRIA ALTURA (C) (Prioridade: 1 - Alta);1CIA IND/2CIA/1PEL(PASSOS);UR04360;Não;Não;Não;BOLETIM DE OCORRENCIA;Classificada;16/07/2025 07:27;Não
2025-40477854-4;(BM) 2025-032947524-001;15/07/2025 16:47;ESTRADA PSS0755 - JULIEIRA, Nº S/N - PASSOS;-206.816.688;-466.509.421;O04008 - INCENDIO EM AREA RURAL NAO PROTEGIDA (C) (Prioridade: 2 - Média);1CIA IND/2CIA/1PEL(PASSOS);VOB00480;Não;Não;Não;BOLETIM DE OCORRENCIA;Classificada;16/07/2025 07:27;Não
2025-40478141-6;(BM) 2025-032867741-001;15/07/2025 17:03;RUA JOSE DELFRARO, Nº 340 - FLAMBOYANT - PASSOS;-207.558.396;-466.070.695;V01008 - VITIMA COM DOR ABDOMINAL (ABDOME AGUDO) (C) (Prioridade: 1 - Alta);1CIA IND/2CIA/1PEL(PASSOS);UR04360;Não;Não;Não;BOLETIM DE OCORRENCIA;Classificada;16/07/2025 07:27;Não
2025-40480191-7;(BM) 2025-032891060-001;15/07/2025 19:03;RUA DOUTOR SATURNINO, Nº 300 - CENTRO - PASSOS;-207.223.944;-466.123.876;V01003 - VITIMA COM CRISE CONVULSIVA (C) (Prioridade: 1 - Alta);1CIA IND/2CIA/1PEL(PASSOS);UR04360;Não;Não;Não;BOLETIM DE OCORRENCIA;Classificada;16/07/2025 07:27;Não
2025-40480409-0;;15/07/2025 19:17;RUA GONCALVES DIAS, Nº 495 - SAO BENEDITO - PASSOS;-207.187.308;-466.046.616;V02502 - VITIMA DE QUEDA (MOTOCICLISTA) (C) (Prioridade: 1 - Alta);1CIA IND/2CIA/1PEL(PASSOS);;Não;Não;Não;ATENDIDA PELO SAMU;Classificada;15/07/2025 19:51;Não
2025-40483114-2;(BM) 2025-032912826-001;15/07/2025 22:09;RUA RIO GRANDE DO NORTE, Nº 630 - BELA VISTA - PASSOS;-207.173.832;-465.959.646;V03018 - VITIMA DE QUEDA DA PROPRIA ALTURA (C) (Prioridade: 1 - Alta);1CIA IND/2CIA/1PEL(PASSOS);UR04360;Não;Não;Não;BOLETIM DE OCORRENCIA;Classificada;16/07/2025 07:26;Não
2025-40483993-5;(BM) 2025-032925578-001;15/07/2025 23:06;RUA AIMORES, Nº 1789 - VILA ROMANA - PASSOS;-20.742.583;-466.095.009;S06002 - CAPTURA DE ANIMAL SILVESTRE PERIGOSO / AGRESSIVO (C) (Prioridade: 2 - Média);1CIA IND/2CIA/1PEL(PASSOS);VOB00480;Não;Não;Não;BOLETIM DE OCORRENCIA;Classificada;16/07/2025 07:27;Não
2025-40485364-0;;16/07/2025 01:15;RUA PATRICIA ANTONIA NASCIMENTO, Nº 10 - MIRANTE DO VALE - PASSOS;;;S06002 - CAPTURA DE ANIMAL SILVESTRE PERIGOSO / AGRESSIVO (C) (Prioridade: 2 - Média);1CIA IND/2CIA/1PEL(PASSOS);;Não;Não;Não;DISPENSADA PELO SOLICITANTE;Classificada;16/07/2025 01:25;Não
2025-40486015-7;(BM) 2025-032942807-001;16/07/2025 04:32;AVENIDA COMENDADOR FRANCISCO A MAIA, Nº 3560 - MARIO MAGALHAES - PASSOS;-207.291.012;-466.098.564;V02202 - VITIMA DE CHOQUE DE MOTOCICLETA (C) (Prioridade: 1 - Alta);1CIA IND/2CIA/1PEL(PASSOS);UR04360;Não;Não;Não;BOLETIM DE OCORRENCIA;Classificada;16/07/2025 07:26;Não
2025-40487211-0;(BM) 2025-032958879-001;16/07/2025 08:31;RUA DOUTOR CARVALHO, Nº 1455 - NOSSA SENHORA DAS GRAÇAS - PASSOS;-207.352.269;-466.037.303;Q03004 - TREINAMENTO DE SALVAMENTO EM ALTURA (C) (Prioridade: 2 - Média);1CIA IND/2CIA/1PEL(PASSOS);BM1549013;Não;Não;Não;BOLETIM DE OCORRENCIA;Classificada;17/07/2025 07:41;Não
2025-40487712-6;(BM) 2025-032958840-001;16/07/2025 09:15;RUA DOUTOR CARVALHO, Nº 1455 - NOSSA SENHORA DAS GRAÇAS - PASSOS;-207.352.269;-466.037.303;X03000 - EMPENHO ADMINISTRATIVO (C) (Prioridade: 2 - Média);1CIA IND/2CIA/PEL PREV E VIST(PASSOS);BM1009174;Não;Não;Não;BOLETIM DE OCORRENCIA;Classificada;17/07/2025 07:41;Não
2025-40488044-6;(BM) 2025-032983493-001 / (PM) 2025-032983493-002;16/07/2025 09:48;RUA FORMIGA, Nº 456 - MARIO MAGALHAES - PASSOS;-207.281.329;-46.611.782;V02408 - VITIMA DE COLISAO ENTRE AUTOMOVEL X MOTOCICLETA (C) (Prioridade: 1 - Alta);1CIA IND/2CIA/1PEL(PASSOS);UR04360;Não;Não;Não;BOLETIM DE OCORRENCIA;Classificada;17/07/2025 07:41;Não
2025-40490825-0;(BM) 2025-032996530-001;16/07/2025 13:50;RUA BAHIA, Nº 537 - BELA VISTA - PASSOS;-207.142.986;-465.989.334;V01003 - VITIMA COM CRISE CONVULSIVA (C) (Prioridade: 1 - Alta);1CIA IND/2CIA/1PEL(PASSOS);UR04360;Não;Não;Não;BOLETIM DE OCORRENCIA;Classificada;17/07/2025 07:40;Não
2025-40490971-2;(BM) 2025-032995563-001;16/07/2025 13:59;RUA SANTO ANTONIO, Nº 16 - CENTRO - PASSOS;-207.171.964;-466.100.451;P01001 - VISTORIA DE FISCALIZACAO (C) (Prioridade: 2 - Média);1CIA IND/2CIA/PEL PREV E VIST(PASSOS);APV06243;Não;Não;Não;BOLETIM DE OCORRENCIA;Classificada;17/07/2025 07:41;Não
2025-40491914-4;(BM) 2025-033013335-001;16/07/2025 14:51;RUA DAVID BALDINI, Nº 634 - VILA RICA - PASSOS;-207.259.689;-46.600.309;V01999 - OUTROS TIPOS DE APH CLINICO (C) (Prioridade: 1 - Alta);1CIA IND/2CIA/1PEL(PASSOS);UR04360;Não;Não;Não;BOLETIM DE OCORRENCIA;Classificada;17/07/2025 07:41;Não
2025-40492892-9;(BM) 2025-033024454-001;16/07/2025 15:39;RUA CORREDOR PUBLICO, Nº 279 - NOSSA SENHORA DE LOURDES - PASSOS;-206.965.954;-466.182.145;O04013 - INCENDIO EM PASTO (C) (Prioridade: 2 - Média);1CIA IND/2CIA/1PEL(PASSOS);VOB00480;Não;Não;Não;BOLETIM DE OCORRENCIA;Classificada;17/07/2025 07:41;Não
2025-40494860-3;(BM) 2025-033042246-001;16/07/2025 17:25;AVENIDA SABIA / AVENIDA ELDORADO - RESIDENCIAL ELDORADO - PASSOS;-20.732.453;-46.616.556;O04011 - INCENDIO EM AREA URBANA NAO PROTEGIDA (C) (Prioridade: 2 - Média);1CIA IND/2CIA/1PEL(PASSOS);ABT00816;Não;Não;Não;BOLETIM DE OCORRENCIA;Classificada;17/07/2025 07:40;Não
2025-40494839-7;(BM) 2025-033042550-001;16/07/2025 17:25;RUA GUILHERME GAMBETA, Nº 285 - CENTRO - CAPETINGA;-206.186.325;-470.565.627;S06006 - EXTERMINIO DE INSETOS (C) (Prioridade: 2 - Média);1CIA IND/2CIA/1PEL(PASSOS);VOB00480;Não;Não;Não;BOLETIM DE OCORRENCIA;Classificada;17/07/2025 07:40;Não
2025-40496226-9;(BM) 2025-033084250-001;16/07/2025 18:43;RUA RIO BRANCO, Nº 1312 - SANTA LUZIA - PASSOS;-207.069.892;-466.007.266;O02001 - INCENDIO EM RESIDENCIA/HABITACAO UNIFAMILIAR (CASA) (C) (Prioridade: 1 - Alta);1CIA IND/2CIA/1PEL(PASSOS);ABT00816;Não;Não;Não;BOLETIM DE OCORRENCIA;Classificada;17/07/2025 07:41;Não
2025-40496517-1;;16/07/2025 18:59;RUA LYDIA AGELUNE PIANTINO, Nº 88 - RESIDENCIAL VILLAGIO DI ITALIA - PASSOS;-207.309.329;-465.894.239;V03018 - VITIMA DE QUEDA DA PROPRIA ALTURA (C) (Prioridade: 1 - Alta);1CIA IND/2CIA/1PEL(PASSOS);;Não;Não;Não;NÃO ATENDIDA: FALTA DE EFETIVO;Classificada;16/07/2025 19:00;Não
2025-40503346-4;(BM) 2025-033126525-001;17/07/2025 08:17;RUA DOUTOR CARVALHO, Nº 1455 - NOSSA SENHORA DAS GRAÇAS - PASSOS;-207.352.269;-466.037.303;Q03004 - TREINAMENTO DE SALVAMENTO EM ALTURA (C) (Prioridade: 2 - Média);1CIA IND/2CIA/1PEL(PASSOS);BM1549807;Não;Não;Não;BOLETIM DE OCORRENCIA;Classificada;18/07/2025 07:14;Não
2025-40503473-1;(BM) 2025-033139342-001;17/07/2025 08:32;RUA MARIANA, Nº 550 - CALIFORNIA - PASSOS;-207.042.104;-466.196.683;S06001 - SALVAMENTO DE ANIMAL EM RISCO / PERIGO (C) (Prioridade: 2 - Média);1CIA IND/2CIA/1PEL(PASSOS);ABT00816 / VOB00480;Não;Não;Não;BOLETIM DE OCORRENCIA;Classificada;18/07/2025 07:15;Não
2025-40503911-7;(BM) 2025-033139433-001;17/07/2025 09:13;RUA MADRE CARMEN SALLES, Nº 369 - CENTRO - PASSOS;-207.209.226;-466.053.638;P02011 - VISTORIA EM ENXAME DE INSETOS (C) (Prioridade: 2 - Média);1CIA IND/2CIA/1PEL(PASSOS);VOB00480;Não;Não;Não;BOLETIM DE OCORRENCIA;Classificada;18/07/2025 07:15;Não
2025-40504225-5;(BM) 2025-033138846-001;17/07/2025 09:43;RUA DOMINGOS LOPES DA SILVA, Nº 247 - FLAMBOYANT - PASSOS;-20.755.472;-46.605.879;P02011 - VISTORIA EM ENXAME DE INSETOS (C) (Prioridade: 2 - Média);1CIA IND/2CIA/1PEL(PASSOS);UR04360;Não;Não;Não;BOLETIM DE OCORRENCIA;Classificada;18/07/2025 07:15;Não
2025-40505530-4;(BM) 2025-033153151-001;17/07/2025 11:21;SITIO PSS0629 - SANTA TEREZINHA, Nº S/N - PASSOS;-207.505.673;-465.511.742;V01006 - VITIMA COM DIFICULDADE DE LOCOMOCAO (C) (Prioridade: 1 - Alta);1CIA IND/2CIA/1PEL(PASSOS);UR04360;Não;Não;Não;BOLETIM DE OCORRENCIA;Classificada;18/07/2025 07:14;Não
2025-40506006-2;;17/07/2025 12:04;RUA RIO BRANCO, Nº 1704 - BELA VISTA 2 - PASSOS;-207.108.162;-465.965.151;V01007 - VITIMA COM DISPNEIA (FALTA DE AR) (C) (Prioridade: 1 - Alta);1CIA IND/2CIA/1PEL(PASSOS);;Não;Não;Não;DISPENSADA PELO SOLICITANTE;Classificada;17/07/2025 13:58;Não
2025-40506629-5;(BM) 2025-033163601-001;17/07/2025 13:12;RUA JOSE HERCULANO FREIRE, Nº 26 - POÇO DAS ANDORINHAS - ALPINOPOLIS;-208.640.859;-46.393.269;P01003 - VISTORIA EM EVENTOS TEMPORARIOS (C) (Prioridade: 1 - Alta);1CIA IND/2CIA/PEL PREV E VIST(PASSOS);APV06243;Não;Não;Não;BOLETIM DE OCORRENCIA;Classificada;18/07/2025 07:14;Não
2025-40508586-5;(BM) 2025-033186390-001;17/07/2025 15:04;RUA SEXTA CHAPADA, Nº S/N - BELO HORIZONTE - PASSOS;-207.262.513;-466.039.598;P03004 - PREVENCAO EM EVENTO ESPORTIVO (C) (Prioridade: 2 - Média);1CIA IND/2CIA/1PEL(PASSOS);UR04360;Não;Não;Não;BOLETIM DE OCORRENCIA;Classificada;18/07/2025 07:15;Não
2025-40509844-4;(BM) 2025-033200382-001;17/07/2025 16:04;RUA BERNARDO JUSTINIANO, Nº S/N - CENTRO - SAO JOSE DA BARRA;-207.180.638;-46.309.003;P01001 - VISTORIA DE FISCALIZACAO (C) (Prioridade: 2 - Média);1CIA IND/2CIA/PEL PREV E VIST(PASSOS);APV06243;Não;Não;Não;BOLETIM DE OCORRENCIA;Classificada;18/07/2025 07:15;Não
2025-40510353-0;(BM) 2025-033215430-001;17/07/2025 16:30;RUA OLEGARIO MACIEL, Nº 567 - CENTRO - PASSOS;-20.716.274;-466.115.678;S03003 - SALVAMENTO EM CASA (C) (Prioridade: 1 - Alta);1CIA IND/2CIA/1PEL(PASSOS);UR04360;Não;Não;Não;BOLETIM DE OCORRENCIA;Classificada;18/07/2025 07:14;Não
2025-40511949-5;(BM) 2025-033228533-001;17/07/2025 18:00;RUA CANAPE, Nº 305 - CASARAO - PASSOS;-207.224.396;-465.896.926;V01003 - VITIMA COM CRISE CONVULSIVA (C) (Prioridade: 1 - Alta);1CIA IND/2CIA/1PEL(PASSOS);UR04360;Não;Não;Não;BOLETIM DE OCORRENCIA;Classificada;18/07/2025 07:14;Não
2025-40512204-0;(BM) 2025-033225884-001;17/07/2025 18:14;RUA DOMINGOS LOPES DA SILVA, Nº 247 - FLAMBOYANT - PASSOS;-20.755.472;-46.605.879;S06005 - CAPTURA DE INSETOS (C) (Prioridade: 2 - Média);1CIA IND/2CIA/1PEL(PASSOS);VOB00480;Não;Não;Não;BOLETIM DE OCORRENCIA;Classificada;18/07/2025 07:14;Não
2025-40513418-0;(BM) 2025-033237443-001;17/07/2025 19:27;RUA MADRE CARMEN SALLES, Nº 369 - CENTRO - PASSOS;-207.209.226;-466.053.638;S06005 - CAPTURA DE INSETOS (C) (Prioridade: 2 - Média);1CIA IND/2CIA/1PEL(PASSOS);VOB00480;Não;Não;Não;BOLETIM DE OCORRENCIA;Classificada;18/07/2025 07:14;Não
2025-40518980-3;(BM) 2025-033292092-001 / (PM) 2025-033292092-002;18/07/2025 04:31;RODOVIA PSS0195 - MG 050 KM 15 - PROXIMO TERRA ROXA, Nº S/N - PASSOS;-207.248.073;-465.329.428;W98011 - SOLICITACAO DE APOIO (C) (Prioridade: 1 - Alta);1CIA IND/2CIA/1PEL(PASSOS);UR04360;Não;Não;Não;BOLETIM DE OCORRENCIA;Classificada;18/07/2025 07:14;Não
2025-40519001-1;;18/07/2025 04:42;RODOVIA MG 050, Nº S/N - PASSOS;-207.372.242;-466.331.087;V02203 - VITIMA DE CHOQUE DE AUTOMOVEL (CARRO / CAMINHONETE) (C) (Prioridade: 1 - Alta);1CIA IND/2CIA/1PEL(PASSOS);;Não;Não;Não;DUPLICADA;Classificada;18/07/2025 05:08;Não
2025-40520215-2;(BM) 2025-033309680-001;18/07/2025 08:29;RUA BOROROS, Nº S/N - VILA ROMANA - PASSOS;-207.411.361;-466.087.268;V01005 - VITIMA COM CRISE HIPERTENSIVA/HIPOTENSAO (C) (Prioridade: 1 - Alta);1CIA IND/2CIA/1PEL(PASSOS);UR04360;Não;Não;Não;BOLETIM DE OCORRENCIA;Classificada;19/07/2025 06:43;Não
2025-40520834-4;(BM) 2025-033309862-001;18/07/2025 09:27;RUA DOUTOR CARVALHO, Nº 1455 - NOSSA SENHORA DAS GRAÇAS - PASSOS;-207.352.269;-466.037.303;Q03004 - TREINAMENTO DE SALVAMENTO EM ALTURA (C) (Prioridade: 2 - Média);1CIA IND/2CIA/1PEL(PASSOS);BM1206671;Não;Não;Não;BOLETIM DE OCORRENCIA;Classificada;19/07/2025 06:43;Não
2025-40521972-3;(BM) 2025-033324090-001;18/07/2025 11:05;RUA ITABIRA / AVENIDA DONA LIQUINHA SILVEIRA - CALIFORNIA - PASSOS;-207.030.727;-466.196.389;V02407 - VITIMA DE COLISAO ENTRE AUTOMOVEL X BICICLETA (C) (Prioridade: 1 - Alta);1CIA IND/2CIA/1PEL(PASSOS);UR04360;Não;Não;Não;BOLETIM DE OCORRENCIA;Classificada;19/07/2025 06:43;Não
2025-40522605-8;(BM) 2025-033331640-001;18/07/2025 12:02;RUA CAMBUQUIRA, Nº 137 - MUARAMA - PASSOS;-207.286.931;-466.142.154;V01018 - VITIMA DE MAL NAO DEFINIDO (DISTURBIO) (C) (Prioridade: 1 - Alta);1CIA IND/2CIA/1PEL(PASSOS);UR04360;Não;Não;Não;BOLETIM DE OCORRENCIA;Classificada;19/07/2025 06:43;Não
2025-40523205-5;(BM) 2025-033337803-001;18/07/2025 13:08;RUA PRESIDENTE GETULIO VARGAS, Nº S/N - CENTRO - IBIRACI;-204.607.818;-471.212.729;P01003 - VISTORIA EM EVENTOS TEMPORARIOS (C) (Prioridade: 1 - Alta);1CIA IND/2CIA/PEL PREV E VIST(PASSOS);APV06243;Não;Não;Não;BOLETIM DE OCORRENCIA;Classificada;19/07/2025 06:42;Não
2025-40524780-9;(BM) 2025-033357362-001;18/07/2025 14:50;RUA SEXTA CHAPADA, Nº S/N - BELO HORIZONTE - PASSOS;-207.262.513;-466.039.598;P03004 - PREVENCAO EM EVENTO ESPORTIVO (C) (Prioridade: 2 - Média);1CIA IND/2CIA/1PEL(PASSOS);UR04360;Não;Não;Não;BOLETIM DE OCORRENCIA;Classificada;19/07/2025 06:43;Não
2025-40526442-7;(BM) 2025-033390152-001;18/07/2025 16:21;RUA LAVRAS, Nº 519 - MARIO MAGALHAES - PASSOS;-20.726.938;-466.116.123;V03018 - VITIMA DE QUEDA DA PROPRIA ALTURA (C) (Prioridade: 1 - Alta);1CIA IND/2CIA/1PEL(PASSOS);UR04360;Não;Não;Não;BOLETIM DE OCORRENCIA;Classificada;19/07/2025 06:42;Não
2025-40526669-2;;18/07/2025 16:34;RUA SEBASTIAO TEOFILO, Nº 111 - NOVA CALIFORNIA - PASSOS;-207.019.978;-466.206.922;V03018 - VITIMA DE QUEDA DA PROPRIA ALTURA (C) (Prioridade: 1 - Alta);1CIA IND/2CIA/1PEL(PASSOS);;Não;Não;Não;ATENDIDA PELO SAMU;Classificada;18/07/2025 17:01;Não
2025-40532085-6;(BM) 2025-033439012-001;18/07/2025 22:13;RUA AGUAS, Nº 550 - RECANTO DA TEKA - PASSOS;-207.452.157;-465.926.092;V01003 - VITIMA COM CRISE CONVULSIVA (C) (Prioridade: 1 - Alta);1CIA IND/2CIA/1PEL(PASSOS);UR04360;Não;Não;Não;BOLETIM DE OCORRENCIA;Classificada;19/07/2025 06:42;Não
2025-40533504-2;(BM) 2025-033464947-001;18/07/2025 23:34;RUA JOAQUIM LEMOS MAIA, Nº 1114 - NOVA PASSOS - PASSOS;-207.046.479;-466.377.152;O04013 - INCENDIO EM PASTO (C) (Prioridade: 2 - Média);1CIA IND/2CIA/1PEL(PASSOS);VOB00480;Não;Não;Não;BOLETIM DE OCORRENCIA;Classificada;19/07/2025 06:43;Não
2025-40535126-8;(BM) 2025-033454550-001;19/07/2025 01:25;RUA ORLANDO ADAO CARNEIRO, Nº 514 - RECANTO DA TEKA - PASSOS;-207.452.066;-465.980.763;V01005 - VITIMA COM CRISE HIPERTENSIVA/HIPOTENSAO (C) (Prioridade: 1 - Alta);1CIA IND/2CIA/1PEL(PASSOS);UR04360;Não;Não;Não;BOLETIM DE OCORRENCIA;Classificada;19/07/2025 06:42;Não
2025-40537126-9;(BM) 2025-033478680-001;19/07/2025 07:58;RUA MARANHAO, Nº 157 - CARMELO - PASSOS;-207.156.403;-466.019.521;V01008 - VITIMA COM DOR ABDOMINAL (ABDOME AGUDO) (C) (Prioridade: 1 - Alta);1CIA IND/2CIA/1PEL(PASSOS);UR04360;Não;Não;Não;BOLETIM DE OCORRENCIA;Classificada;20/07/2025 07:37;Não
2025-40537426-2;;19/07/2025 08:37;RUA OPERARIOS, Nº 499 - MUARAMA 2 - PASSOS;;;V03018 - VITIMA DE QUEDA DA PROPRIA ALTURA (C) (Prioridade: 1 - Alta);1CIA IND/2CIA/1PEL(PASSOS);;Não;Não;Não;ATENDIDA PELO SAMU;Classificada;19/07/2025 08:59;Não
2025-40538303-8;(BM) 2025-033487995-001;19/07/2025 10:14;RUA DOUTOR CARVALHO, Nº 1455 - NOSSA SENHORA DAS GRAÇAS - PASSOS;-207.352.269;-466.037.303;Q03004 - TREINAMENTO DE SALVAMENTO EM ALTURA (C) (Prioridade: 2 - Média);1CIA IND/2CIA/1PEL(PASSOS);BM1274612;Não;Não;Não;BOLETIM DE OCORRENCIA;Classificada;20/07/2025 07:37;Não
2025-40539587-2;(BM) 2025-033556226-001;19/07/2025 12:37;RUA OSCAR CANDIDO MONTEIRO, Nº 1000 - MIRANTE DO VALE - PASSOS;-207.254.509;-46.580.685;O04013 - INCENDIO EM PASTO (C) (Prioridade: 2 - Média);1CIA IND/2CIA/1PEL(PASSOS);VOB00480;Não;Não;Não;BOLETIM DE OCORRENCIA;Classificada;20/07/2025 07:37;Não
2025-40539709-8;(BM) 2025-033531499-001;19/07/2025 12:52;RUA ONZE DE DEZEMBRO, Nº 413 - PENHA - PASSOS;-20.718.749;-466.147.482;S06005 - CAPTURA DE INSETOS (C) (Prioridade: 2 - Média);1CIA IND/2CIA/1PEL(PASSOS);VOB00480;Não;Não;Não;BOLETIM DE OCORRENCIA;Classificada;20/07/2025 07:38;Não
2025-40541372-9;(BM) 2025-033526678-001;19/07/2025 15:03;RODOVIA MG 050, Km 332 - PASSOS;-207.224.754;-463.952.797;V02103 - VITIMA DE ATROPELAMENTO POR AUTOMOVEL (CARRO / CAMINHONETE) (C) (Prioridade: 1 - Alta);1CIA IND/2CIA/1PEL(PASSOS);UR04360;Não;Não;Não;BOLETIM DE OCORRENCIA;Classificada;20/07/2025 07:37;Não
2025-40543574-4;(BM) 2025-033528770-001;19/07/2025 17:30;RUA TURMALINA, Nº S/N - ACLIMACAO - PASSOS;-207.543.276;-466.029.164;W04000 - NADA CONSTATADO (C) (Prioridade: 3 - Baixa);1CIA IND/2CIA/1PEL(PASSOS);UR04360;Não;Não;Não;BOLETIM DE OCORRENCIA;Classificada;20/07/2025 07:37;Não
2025-40545153-7;(BM) 2025-033540509-001;19/07/2025 19:03;AVENIDA PROFESSORA MARIA VALERIA LEMOS BORSARI, Nº S/N - NOVA PASSOS II - PASSOS;-206.991.285;-466.304.102;P03999 - OUTROS TIPOS DE PCI / PCA   (C) (Prioridade: 2 - Média);1CIA IND/2CIA/1PEL(PASSOS);UR04360;Não;Não;Não;BOLETIM DE OCORRENCIA;Classificada;20/07/2025 07:38;Não
2025-40545562-6;(BM) 2025-033543922-001;19/07/2025 19:27;RUA APRIGIO DE OLIVEIRA, Nº S/N - CENTRO - ALPINOPOLIS;-208.667.949;-463.885.166;P01001 - VISTORIA DE FISCALIZACAO (C) (Prioridade: 2 - Média);1CIA IND/2CIA/PEL PREV E VIST(PASSOS);APV06243;Não;Não;Não;BOLETIM DE OCORRENCIA;Classificada;20/07/2025 07:38;Não
2025-40547092-5;(BM) 2025-033566485-001;19/07/2025 21:03;RUA BARAO DE PASSOS, Nº 1785 - SANTA LUZIA - PASSOS;-207.098.843;-465.978.186;S04014 - SALVAMENTO DE PESSOA COM OBJETO PRESO AO CORPO (C) (Prioridade: 1 - Alta);1CIA IND/2CIA/1PEL(PASSOS);UR04360;Não;Não;Não;BOLETIM DE OCORRENCIA;Classificada;20/07/2025 07:37;Não
2025-40549039-3;;19/07/2025 22:56;RUA LOCUBA, Nº 130 - RESIDENCIAL PORTAL DAS PALMEIRAS - PASSOS;-206.974.966;-466.088.995;V03025 - VITIMA COM FERIMENTO DE CORTE/CONTUSAO (C) (Prioridade: 1 - Alta);1CIA IND/2CIA/1PEL(PASSOS);UR04360;Não;Não;Não;SOLICITANTE ENCONTRADO - PROVIDÊNCIA DISPENSADA;Classificada;19/07/2025 23:30;Não
2025-40554104-2;(BM) 2025-033615464-001;20/07/2025 08:14;RUA DOUTOR CARVALHO, Nº 1455 - NOSSA SENHORA DAS GRAÇAS - PASSOS;-207.352.269;-466.037.303;Q03004 - TREINAMENTO DE SALVAMENTO EM ALTURA (C) (Prioridade: 2 - Média);1CIA IND/2CIA/1PEL(PASSOS);BM1549013;Não;Não;Não;BOLETIM DE OCORRENCIA;Classificada;21/07/2025 17:40;Não
2025-40554758-9;(BM) 2025-033615480-001;20/07/2025 09:43;RUA SEXTA CHAPADA, Nº S/N - BELO HORIZONTE - PASSOS;-207.262.513;-466.039.598;V01018 - VITIMA DE MAL NAO DEFINIDO (DISTURBIO) (C) (Prioridade: 1 - Alta);1CIA IND/2CIA/1PEL(PASSOS);UR04360;Não;Não;Não;BOLETIM DE OCORRENCIA;Classificada;21/07/2025 17:40;Não
2025-40555583-2;(BM) 2025-033624073-001;20/07/2025 11:14;AVENIDA ARLINDO FIGUEIREDO, Nº 43 - CANDEIAS - PASSOS;-20.722.331;-466.147.259;V01023 - VITIMA DE SINCOPE (DESMAIO)/VERTIGEM (C) (Prioridade: 1 - Alta);1CIA IND/2CIA/1PEL(PASSOS);UR04360;Não;Não;Não;BOLETIM DE OCORRENCIA;Classificada;21/07/2025 17:40;Não
2025-40556462-3;(BM) 2025-033628500-001;20/07/2025 13:05;RUA CONTABILISTAS, Nº 846 - Industriais - PASSOS;;;O04012 - INCENDIO EM LOTE VAGO (AREA URBANA) (C) (Prioridade: 2 - Média);1CIA IND/2CIA/1PEL(PASSOS);VOB00480;Não;Não;Não;BOLETIM DE OCORRENCIA;Classificada;21/07/2025 17:40;Não
2025-40558089-2;;20/07/2025 15:16;RODOVIA GERALDO MARTINS COSTA, Nº S/N - CHACARA POCOS DE CALDAS - POCOS DE CALDAS;;;O04013 - INCENDIO EM PASTO (C) (Prioridade: 2 - Média);1CIA IND (POCOS DE CALDAS);;Não;Não;Não;DUPLICADA;Classificada;20/07/2025 15:22;Não
2025-40559914-0;(BM) 2025-033656852-001;20/07/2025 17:14;RUA OPALA, Nº 418 - ACLIMACAO - PASSOS;-207.548.609;-466.003.282;V02408 - VITIMA DE COLISAO ENTRE AUTOMOVEL X MOTOCICLETA (C) (Prioridade: 1 - Alta);1CIA IND/2CIA/1PEL(PASSOS);UR04360;Não;Não;Não;BOLETIM DE OCORRENCIA;Classificada;21/07/2025 17:40;Não
2025-40560217-3;(BM) 2025-033669914-001;20/07/2025 17:35;RUA JOSE DELFRARO, Nº 273 - FLAMBOYANT - PASSOS;-20.755.682;-466.067.231;V01018 - VITIMA DE MAL NAO DEFINIDO (DISTURBIO) (C) (Prioridade: 1 - Alta);1CIA IND/2CIA/1PEL(PASSOS);UR04360;Não;Não;Não;BOLETIM DE OCORRENCIA;Classificada;21/07/2025 17:39;Não
2025-40562224-0;(BM) 2025-033676095-001;20/07/2025 19:37;RUA CONTABILISTAS, Nº 833 - MONSENHOR MESSIAS - PASSOS;-207.367.241;-465.994.423;O04012 - INCENDIO EM LOTE VAGO (AREA URBANA) (C) (Prioridade: 2 - Média);1CIA IND/2CIA/1PEL(PASSOS);VOB00480;Não;Não;Não;BOLETIM DE OCORRENCIA;Classificada;21/07/2025 17:40;Não
2025-40564679-0;(BM) 2025-033703873-001;20/07/2025 22:08;AVENIDA JUCA STOCKLER, Nº S/N - NOVO HORIZONTE - PASSOS;-207.366.397;-466.024.583;V02408 - VITIMA DE COLISAO ENTRE AUTOMOVEL X MOTOCICLETA (C) (Prioridade: 1 - Alta);1CIA IND/2CIA/1PEL(PASSOS);UR04360;Não;Não;Não;BOLETIM DE OCORRENCIA;Classificada;21/07/2025 17:39;Não
2025-40564967-5;;20/07/2025 22:26;ESTRADA - BR-267, Nº S/N - CAMPESTRE;;;O04014 - INCENDIO AS MARGENS DE RODOVIA (C) (Prioridade: 2 - Média);1CIA IND (POCOS DE CALDAS);;Não;Não;Não;OCORRÊNCIAS TÍPICAS DE BOMBEIROS ATENDIDA POR OUTROS ÓRGÃOS;Classificada;21/07/2025 06:52;Não
2025-40568261-9;(BM) 2025-033727950-001;21/07/2025 07:09;RUA CEARA, Nº 71 - CENTRO - CLARAVAL;-203.956.295;-47.287.702;P01002 - VISTORIA DE LIBERACAO / EMISSAO DE AVCB (C) (Prioridade: 2 - Média);1CIA IND/2CIA/PEL PREV E VIST(PASSOS);APV06243;Não;Não;Não;BOLETIM DE OCORRENCIA;Classificada;22/07/2025 06:46;Não
2025-40568306-5;(BM) 2025-033728340-001;21/07/2025 07:16;RUA LAVRAS, Nº 288 - FURNAS - SAO JOSE DA BARRA;-20.679.014;-463.342.384;Q03999 - OUTROS TIPOS DE TREINAMENTO (C) (Prioridade: 2 - Média);1CIA IND/2CIA/1PEL(PASSOS);BM1795095;Não;Não;Não;BOLETIM DE OCORRENCIA;Classificada;22/07/2025 06:46;Não
2025-40568637-2;(BM) 2025-033749480-001;21/07/2025 08:04;RUA DOUTOR CARVALHO, Nº 1455 - NOSSA SENHORA DAS GRAÇAS - PASSOS;-207.352.269;-466.037.303;Q03004 - TREINAMENTO DE SALVAMENTO EM ALTURA (C) (Prioridade: 2 - Média);1CIA IND/2CIA/1PEL(PASSOS);BM1549807;Não;Não;Não;BOLETIM DE OCORRENCIA;Classificada;22/07/2025 06:46;Não
2025-40571948-0;(BM) 2025-033771725-001;21/07/2025 13:11;AVENIDA EXPEDICIONARIOS, Nº 554 - SAO BENEDITO - PASSOS;-207.224.885;-466.026.274;V03018 - VITIMA DE QUEDA DA PROPRIA ALTURA (C) (Prioridade: 1 - Alta);1CIA IND/2CIA/1PEL(PASSOS);UR04360;Não;Não;Não;BOLETIM DE OCORRENCIA;Classificada;22/07/2025 06:45;Não
2025-40574898-0;(BM) 2025-033815623-001;21/07/2025 16:03;RUA JOAQUIM LOPES, Nº 679 - PENHA - PASSOS;-207.166.861;-466.271.134;V01008 - VITIMA COM DOR ABDOMINAL (ABDOME AGUDO) (C) (Prioridade: 1 - Alta);1CIA IND/2CIA/1PEL(PASSOS);UR04360;Não;Não;Não;BOLETIM DE OCORRENCIA;Classificada;22/07/2025 06:45;Não
2025-40576019-9;;21/07/2025 17:04;RUA MEMPHIS, Nº 380 - JARDIM CIDADE - PASSOS;-207.314.751;-466.262.802;S06002 - CAPTURA DE ANIMAL SILVESTRE PERIGOSO / AGRESSIVO (C) (Prioridade: 2 - Média);1CIA IND/2CIA/1PEL(PASSOS);;Não;Não;Não;DUPLICADA;Classificada;21/07/2025 17:10;Não
2025-40576303-2;(BM) 2025-033847240-001;21/07/2025 17:19;AVENIDA BRASIL, Nº 184 - JARDIM SATELITE - PASSOS;-207.157.976;-466.181.472;V01018 - VITIMA DE MAL NAO DEFINIDO (DISTURBIO) (C) (Prioridade: 1 - Alta);1CIA IND/2CIA/1PEL(PASSOS);UR04360;Não;Não;Não;BOLETIM DE OCORRENCIA;Classificada;22/07/2025 06:45;Não
2025-40577653-0;(BM) 2025-033900099-001;21/07/2025 18:40;AVENIDA PINHEIRO, Nº 1300 - SERRA DAS BRISAS - PASSOS;-20.734.727;-46.597.221;O04011 - INCENDIO EM AREA URBANA NAO PROTEGIDA (C) (Prioridade: 2 - Média);1CIA IND/2CIA/1PEL(PASSOS);ABT00816;Não;Não;Não;ATENDIDA PELO SAMU;Classificada;22/07/2025 06:46;Não
2025-40577675-2;(BM) 2025-033847302-001;21/07/2025 18:40;AVENIDA ARLINDO FIGUEIREDO, Nº S/N - SAO FRANCISCO - PASSOS;;;V01023 - VITIMA DE SINCOPE (DESMAIO)/VERTIGEM (C) (Prioridade: 1 - Alta);1CIA IND/2CIA/1PEL(PASSOS);UR04360;Não;Não;Não;BOLETIM DE OCORRENCIA;Classificada;22/07/2025 06:45;Não
2025-40583368-8;(BM) 2025-033895705-001;22/07/2025 03:57;RUA DOUTOR MANOEL PATTI, Nº 319 - CENTRO - PASSOS;-207.238.581;-466.104.095;V03018 - VITIMA DE QUEDA DA PROPRIA ALTURA (C) (Prioridade: 1 - Alta);1CIA IND/2CIA/1PEL(PASSOS);UR04360;Não;Não;Não;BOLETIM DE OCORRENCIA;Classificada;22/07/2025 06:45;Não
2025-40584229-7;(BM) 2025-033904316-001;22/07/2025 08:01;RUA DOUTOR CARVALHO, Nº 1455 - NOSSA SENHORA DAS GRAÇAS - PASSOS;-207.352.269;-466.037.303;Q03004 - TREINAMENTO DE SALVAMENTO EM ALTURA (C) (Prioridade: 2 - Média);1CIA IND/2CIA/1PEL(PASSOS);BM1640390;Não;Não;Não;BOLETIM DE OCORRENCIA;Classificada;23/07/2025 08:01;Não
2025-40586274-2;(BM) 2025-033927195-001;22/07/2025 11:06;RUA ORLANDO ADAO CARNEIRO, Nº S/N - RECANTO DA TEKA - PASSOS;-207.470.229;-46.597.152;P02011 - VISTORIA EM ENXAME DE INSETOS (C) (Prioridade: 2 - Média);1CIA IND/2CIA/1PEL(PASSOS);UR04360;Não;Não;Não;BOLETIM DE OCORRENCIA;Classificada;23/07/2025 08:02;Não
2025-40590839-2;(BM) 2025-034068464-001;22/07/2025 16:13;AVENIDA COMENDADOR FRANCISCO A MAIA, Nº 3672 - MARIO MAGALHAES - PASSOS;-207.300.175;-466.089.935;V01013 - VITIMA DE EMERGENCIAS PSIQUIATRICAS (C) (Prioridade: 1 - Alta);1CIA IND/2CIA/1PEL(PASSOS);UR04360;Não;Não;Não;BOLETIM DE OCORRENCIA;Classificada;23/07/2025 08:02;Não
2025-40593187-0;(BM) 2025-034009858-001;22/07/2025 18:33;RUA BUENOS AIRES, Nº 47 - PANORAMA - PASSOS;-207.078.656;-466.135.052;V03018 - VITIMA DE QUEDA DA PROPRIA ALTURA (C) (Prioridade: 1 - Alta);1CIA IND/2CIA/1PEL(PASSOS);UR04360;Não;Não;Não;BOLETIM DE OCORRENCIA;Classificada;23/07/2025 08:02;Não
2025-40593433-4;(BM) 2025-034009817-001;22/07/2025 18:48;RUA ELZO CALIXTO MATTAR, Nº 1816 - NOSSA SENHORA APARECIDA - PASSOS;-207.413.669;-466.050.928;S06003 - CAPTURA DE CAO PERIGOSO / AGRESSIVO (C) (Prioridade: 2 - Média);1CIA IND/2CIA/1PEL(PASSOS);VOB00480;Não;Não;Não;BOLETIM DE OCORRENCIA;Classificada;23/07/2025 08:02;Não
2025-40593645-2;(BM) 2025-034020529-001;22/07/2025 19:01;AVENIDA ANTONIO DIAS MACHADO, Nº 657 - DISTRITO INDUSTRIAL 2 - PASSOS;-207.308.947;-46.646.303;O04013 - INCENDIO EM PASTO (C) (Prioridade: 2 - Média);1CIA IND/2CIA/1PEL(PASSOS);VOB00480;Não;Não;Não;BOLETIM DE OCORRENCIA;Classificada;23/07/2025 08:02;Não
2025-40595220-4;(BM) 2025-034032824-001;22/07/2025 20:45;AVENIDA SABIA, Nº 117 - NOSSA SENHORA DAS GRAÇAS - PASSOS;;;O04012 - INCENDIO EM LOTE VAGO (AREA URBANA) (C) (Prioridade: 2 - Média);1CIA IND/2CIA/1PEL(PASSOS);VOB00480;Não;Não;Não;BOLETIM DE OCORRENCIA;Classificada;23/07/2025 08:02;Não
2025-40599283-6;(BM) 2025-034065696-001;23/07/2025 05:55;RUA MOENDA, Nº 191 - CASARAO - PASSOS;-207.196.532;-465.892.538;V01022 - VITIMA PARTURIENTE / EMERGENCIAS OBSTETRICAS (C) (Prioridade: 1 - Alta);1CIA IND/2CIA/1PEL(PASSOS);UR04360;Não;Não;Não;BOLETIM DE OCORRENCIA;Classificada;23/07/2025 08:02;Não
2025-40599610-0;(BM) 2025-034072105-001;23/07/2025 07:08;RODOVIA MG 050, Nº S/N - PASSOS;-207.372.242;-466.331.087;V01010 - VITIMA COM DOR TORACICA/SUSPEITA DE INFARTO (IAM) (C) (Prioridade: 1 - Alta);1CIA IND/2CIA/1PEL(PASSOS);UR04360;Não;Não;Não;BOLETIM DE OCORRENCIA;Classificada;24/07/2025 07:49;Não
2025-40602629-0;(BM) 2025-034111985-001;23/07/2025 11:49;RUA SAO PAULO, Nº S/N - SAO BENEDITO - PASSOS;-207.204.647;-465.977.514;V01018 - VITIMA DE MAL NAO DEFINIDO (DISTURBIO) (C) (Prioridade: 1 - Alta);1CIA IND/2CIA/1PEL(PASSOS);UR04360;Não;Não;Não;BOLETIM DE OCORRENCIA;Classificada;24/07/2025 07:49;Não
2025-40603941-5;(BM) 2025-034117259-001;23/07/2025 13:53;RUA BAHIA, Nº 164 - NOSSA SENHORA DAS DORES - GUAXUPE;-213.130.228;-466.941.351;X03000 - EMPENHO ADMINISTRATIVO (C) (Prioridade: 2 - Média);1CIA IND/2CIA/PEL PREV E VIST(PASSOS);APV06243;Não;Não;Não;BOLETIM DE OCORRENCIA;Classificada;24/07/2025 07:50;Não
2025-40603945-6;(BM) 2025-034117428-001;23/07/2025 13:54;RUA DOUTOR CARVALHO, Nº 1455 - NOSSA SENHORA DAS GRAÇAS - PASSOS;-207.352.269;-466.037.303;Q03004 - TREINAMENTO DE SALVAMENTO EM ALTURA (C) (Prioridade: 2 - Média);1CIA IND/2CIA/1PEL(PASSOS);BM1274612;Não;Não;Não;BOLETIM DE OCORRENCIA;Classificada;24/07/2025 07:50;Não
2025-40606778-2;;23/07/2025 16:25;RODOVIA MG 050, Nº S/N - PASSOS;-207.372.242;-466.331.087;V01010 - VITIMA COM DOR TORACICA/SUSPEITA DE INFARTO (IAM) (C) (Prioridade: 1 - Alta);1CIA IND/2CIA/1PEL(PASSOS);UR04360;Não;Não;Não;DISPENSADA PELO SOLICITANTE;Classificada;23/07/2025 17:25;Não
2025-40611131-0;;23/07/2025 20:49;RUA ITABIRA, Nº 421 - CALIFORNIA - PASSOS;-207.036.298;-46.617.856;S06001 - SALVAMENTO DE ANIMAL EM RISCO / PERIGO (C) (Prioridade: 2 - Média);1CIA IND/2CIA/1PEL(PASSOS);VOB00480;Não;Não;Não;ATENDIDA PELO SAMU;Classificada;24/07/2025 07:50;Não
2025-40615084-4;(BM) 2025-034231352-001;24/07/2025 03:45;RUA MOGIANA / AVENIDA COMENDADOR FRANCISCO A MAIA - PARQUE DA ESTACAO - PASSOS;-207.086.131;-466.091.658;S06001 - SALVAMENTO DE ANIMAL EM RISCO / PERIGO (C) (Prioridade: 2 - Média);1CIA IND/2CIA/1PEL(PASSOS);VOB00480;Não;Não;Não;BOLETIM DE OCORRENCIA;Classificada;24/07/2025 07:49;Não
2025-40615202-9;(BM) 2025-034383120-001;24/07/2025 04:43;RUA JOSE CASSIANO CAIXETA, Nº 192 - NOSSA SENHORA APARECIDA - PATOS DE MINAS;-185.996.997;-465.349.601;X03000 - EMPENHO ADMINISTRATIVO (C) (Prioridade: 2 - Média);1CIA IND/2CIA/1PEL(PASSOS);BM1551779;Não;Não;Não;BOLETIM DE OCORRENCIA;Classificada;25/07/2025 07:55;Não
2025-40615528-6;(BM) 2025-034271696-001;24/07/2025 07:02;RODOVIA MG 050, Nº S/N - PASSOS;-207.372.242;-466.331.087;Q03999 - OUTROS TIPOS DE TREINAMENTO (C) (Prioridade: 2 - Média);1CIA IND/2CIA/1PEL(PASSOS);UR04360;Não;Não;Não;BOLETIM DE OCORRENCIA;Classificada;25/07/2025 07:55;Não
2025-40616764-4;;24/07/2025 09:18;RUA FARMACEUTICOS, Nº 48 - NOVO HORIZONTE - PASSOS;-207.291.093;-46.603.489;V01003 - VITIMA COM CRISE CONVULSIVA (C) (Prioridade: 1 - Alta);1CIA IND/2CIA/1PEL(PASSOS);;Não;Não;Não;DISPENSADA PELO SOLICITANTE;Classificada;24/07/2025 11:50;Não
2025-40616806-2;;24/07/2025 09:21;AVENIDA COMENDADOR FRANCISCO A MAIA, Nº 1160 - MARIO MAGALHAES - PASSOS;-207.261.945;-466.113.168;V01013 - VITIMA DE EMERGENCIAS PSIQUIATRICAS (C) (Prioridade: 1 - Alta);1CIA IND/2CIA/1PEL(PASSOS);;Não;Não;Não;ATENDIDA PELO SAMU;Classificada;24/07/2025 11:49;Não
2025-40618824-5;(BM) 2025-034272201-001;24/07/2025 12:10;RUA JOAQUIM SILVEIRA BORGES, Nº 69 - RECANTO DA TEKA - PASSOS;-207.442.922;-465.975.777;V01007 - VITIMA COM DISPNEIA (FALTA DE AR) (C) (Prioridade: 1 - Alta);1CIA IND/2CIA/1PEL(PASSOS);UR04360;Não;Não;Não;BOLETIM DE OCORRENCIA;Classificada;25/07/2025 07:55;Não
2025-40620030-4;(BM) 2025-034283991-001;24/07/2025 13:58;AVENIDA ARLINDO FIGUEIREDO, Nº 850 - JARDIM PINHEIROS - PASSOS;-207.248.365;-466.210.844;X03000 - EMPENHO ADMINISTRATIVO (C) (Prioridade: 2 - Média);1CIA IND/2CIA/PEL PREV E VIST(PASSOS);APV06243;Não;Não;Não;BOLETIM DE OCORRENCIA;Classificada;25/07/2025 07:55;Não
2025-40620935-9;(BM) 2025-034308840-001;24/07/2025 14:47;AVENIDA AROUCA, Nº 999 - CENTRO - PASSOS;-207.204.477;-466.046.317;P02011 - VISTORIA EM ENXAME DE INSETOS (C) (Prioridade: 2 - Média);1CIA IND/2CIA/1PEL(PASSOS);VOB00480;Não;Não;Não;BOLETIM DE OCORRENCIA;Classificada;25/07/2025 07:55;Não
2025-40624156-4;(BM) 2025-034336260-002;24/07/2025 17:45;RODOVIA CSS0195 - RODOVIA ANTONIO LEITE GARCIA, Nº S/N - CASSIA;-205.548.246;-469.410.208;S05202 - CAPOTAMENTO DE CAMINHAO / CARRETA (C) (Prioridade: 1 - Alta);1CIA IND/2CIA/1PEL(PASSOS);VOB00480 / UR04360;Não;Não;Não;BOLETIM DE OCORRENCIA;Classificada;25/07/2025 07:55;Não
2025-40627613-0;(BM) 2025-034379777-001;24/07/2025 21:30;RUA JOAO PINHEIRO, Nº 621 - SAO BENEDITO - PASSOS;-207.180.344;-466.050.865;V01018 - VITIMA DE MAL NAO DEFINIDO (DISTURBIO) (C) (Prioridade: 1 - Alta);1CIA IND/2CIA/1PEL(PASSOS);UR04360;Não;Não;Não;BOLETIM DE OCORRENCIA;Classificada;25/07/2025 07:55;Não
2025-40628161-6;(BM) 2025-034379827-001;24/07/2025 22:10;PROPRIEDADE SJB0282 - CONDOMINIO CACHOEIRA - SJB0976, Nº S/N - SAO JOSE DA BARRA;-206.718.407;-462.628.697;O04008 - INCENDIO EM AREA RURAL NAO PROTEGIDA (C) (Prioridade: 2 - Média);1CIA IND/2CIA/1PEL(PASSOS);VOB00480;Não;Não;Não;BOLETIM DE OCORRENCIA;Classificada;25/07/2025 07:55;Não
2025-40631812-0;(BM) 2025-034425317-001;25/07/2025 07:36;AVENIDA SANTA RITA, Nº 400 - CASSIA;;;P01003 - VISTORIA EM EVENTOS TEMPORARIOS (C) (Prioridade: 1 - Alta);1CIA IND/2CIA/PEL PREV E VIST(PASSOS);APV06243;Não;Não;Não;BOLETIM DE OCORRENCIA;Classificada;26/07/2025 07:44;Não
2025-40632352-8;(BM) 2025-034422893-001;25/07/2025 08:42;RUA LAVRAS, Nº 519 - MARIO MAGALHAES - PASSOS;-20.726.938;-466.116.123;V03018 - VITIMA DE QUEDA DA PROPRIA ALTURA (C) (Prioridade: 1 - Alta);1CIA IND/2CIA/1PEL(PASSOS);UR04360;Não;Não;Não;BOLETIM DE OCORRENCIA;Classificada;26/07/2025 07:44;Não
2025-40632359-7;(BM) 2025-034425659-001;25/07/2025 08:44;RUA DOUTOR CARVALHO, Nº 1455 - NOSSA SENHORA DAS GRAÇAS - PASSOS;-207.352.269;-466.037.303;Q03004 - TREINAMENTO DE SALVAMENTO EM ALTURA (C) (Prioridade: 2 - Média);1CIA IND/2CIA/1PEL(PASSOS);BM1549807;Não;Não;Não;BOLETIM DE OCORRENCIA;Classificada;26/07/2025 07:45;Não
2025-40633076-8;(BM) 2025-034420669-001;25/07/2025 09:47;RUA LAVRAS, Nº 472 - MARIO MAGALHAES - PASSOS;-207.267.615;-466.118.579;V01013 - VITIMA DE EMERGENCIAS PSIQUIATRICAS (C) (Prioridade: 1 - Alta);1CIA IND/2CIA/1PEL(PASSOS);UR04360;Não;Não;Não;BOLETIM DE OCORRENCIA;Classificada;26/07/2025 07:44;Não
2025-40633730-9;(BM) 2025-034427015-001;25/07/2025 10:42;RUA BAHIA, Nº 164 - NOSSA SENHORA DAS DORES - GUAXUPE;-213.130.228;-466.941.351;X03000 - EMPENHO ADMINISTRATIVO (C) (Prioridade: 2 - Média);1CIA IND/2CIA/PEL PREV E VIST(PASSOS);APV06243;Não;Não;Não;BOLETIM DE OCORRENCIA;Classificada;26/07/2025 07:45;Não
2025-40633842-2;(BM) 2025-034430692-001;25/07/2025 10:52;RUA DEPUTADO LOURENCO DE ANDRADE, Nº 849 - SANTA CASA - PASSOS;-207.129.699;-46.610.832;S06001 - SALVAMENTO DE ANIMAL EM RISCO / PERIGO (C) (Prioridade: 2 - Média);1CIA IND/2CIA/1PEL(PASSOS);VOB00480;Não;Não;Não;BOLETIM DE OCORRENCIA;Classificada;26/07/2025 07:45;Não
2025-40634860-0;(BM) 2025-034448497-001;25/07/2025 12:26;RUA BARAO DE PASSOS, Nº 1139 - CANJERANUS - PASSOS;-207.142.417;-46.602.253;V01015 - VITIMA COM HEMORRAGIA (C) (Prioridade: 1 - Alta);1CIA IND/2CIA/1PEL(PASSOS);UR04360;Não;Não;Não;BOLETIM DE OCORRENCIA;Classificada;26/07/2025 07:44;Não
2025-40636869-5;(BM) 2025-034462068-001;25/07/2025 14:57;RODOVIA MG 050, Nº S/N - PASSOS;-207.372.242;-466.331.087;V01026 - TRANSPORTE INTER-HOSPITALAR (C) (Prioridade: 2 - Média);1CIA IND/2CIA/1PEL(PASSOS);UR04360;Não;Não;Não;BOLETIM DE OCORRENCIA;Classificada;26/07/2025 07:44;Não
2025-40638220-0;;25/07/2025 16:10;RODOVIA CTO0140 - MG-050, Nº 313 - CAPITOLIO;-206.547.513;-462.213.895;O04007 - INCENDIO EM PROPRIEDADE RURAL PARTICULAR (C) (Prioridade: 2 - Média);1CIA IND/2CIA/1PEL(PASSOS);;Não;Não;Não;DISPENSADA PELO SOLICITANTE;Classificada;25/07/2025 16:54;Não
2025-40638979-4;(BM) 2025-034486487-001;25/07/2025 16:56;AVENIDA JK, Nº 407 - JARDIM COLEGIO DE PASSOS - PASSOS;-207.231.713;-46.599.226;P01001 - VISTORIA DE FISCALIZACAO (C) (Prioridade: 2 - Média);1CIA IND/2CIA/PEL PREV E VIST(PASSOS);APV06243;Não;Não;Não;BOLETIM DE OCORRENCIA;Classificada;26/07/2025 07:44;Não
2025-40640650-1;(BM) 2025-034508604-001;25/07/2025 18:34;RUA RIO GRANDE, Nº 406 - VILA RICA - PASSOS;-207.273.025;-465.982.309;V01001 - VITIMA DE ACIDENTE VASCULAR CEREBRAL (AVC) (C) (Prioridade: 1 - Alta);1CIA IND/2CIA/1PEL(PASSOS);UR04360;Não;Não;Não;BOLETIM DE OCORRENCIA;Classificada;26/07/2025 07:44;Não
2025-40642811-0;(BM) 2025-034522310-001;25/07/2025 20:58;AVENIDA BRASILIA, Nº 664 - JARDIM PLANALTO - PASSOS;-207.201.486;-466.219.074;V01006 - VITIMA COM DIFICULDADE DE LOCOMOCAO (C) (Prioridade: 1 - Alta);1CIA IND/2CIA/1PEL(PASSOS);UR04360;Não;Não;Não;BOLETIM DE OCORRENCIA;Classificada;26/07/2025 07:44;Não
2025-40649518-3;(BM) 2025-034579858-001;26/07/2025 09:41;RUA SEXTA CHAPADA, Nº S/N - BELO HORIZONTE - PASSOS;-207.262.513;-466.039.598;P03999 - OUTROS TIPOS DE PCI / PCA   (C) (Prioridade: 2 - Média);1CIA IND/2CIA/1PEL(PASSOS);UR04360;Não;Não;Não;BOLETIM DE OCORRENCIA;Classificada;27/07/2025 07:37;Não
2025-40650297-3;(BM) 2025-034590425-001;26/07/2025 11:02;RUA ALAOR PRATA DE CASTRO, Nº 570 - JARDIM ITALIA - PASSOS;-207.490.852;-466.045.811;V01003 - VITIMA COM CRISE CONVULSIVA (C) (Prioridade: 1 - Alta);1CIA IND/2CIA/1PEL(PASSOS);UR04360;Não;Não;Não;BOLETIM DE OCORRENCIA;Classificada;27/07/2025 07:37;Não
2025-40652124-6;;26/07/2025 14:21;AVENIDA MONTESE, Nº 369 - VILA RICA - PASSOS;-207.272.046;-465.958.658;W98011 - SOLICITACAO DE APOIO (C) (Prioridade: 1 - Alta);1CIA IND/2CIA/1PEL(PASSOS);;Não;Não;Não;ATENDIDA PELO SAMU;Classificada;26/07/2025 14:59;Não
2025-40652133-7;(BM) 2025-034613594-001;26/07/2025 14:21;RUA ORLANDO ADAO CARNEIRO, Nº 514 - RECANTO DA TEKA - PASSOS;-207.452.066;-465.980.763;V01010 - VITIMA COM DOR TORACICA/SUSPEITA DE INFARTO (IAM) (C) (Prioridade: 1 - Alta);1CIA IND/2CIA/1PEL(PASSOS);UR04360;Não;Não;Não;BOLETIM DE OCORRENCIA;Classificada;27/07/2025 07:38;Não
2025-40654615-9;(BM) 2025-034627481-001;26/07/2025 17:03;RUA DEPUTADO LOURENCO DE ANDRADE, Nº 849 - SANTA CASA - PASSOS;-207.129.699;-46.610.832;S06001 - SALVAMENTO DE ANIMAL EM RISCO / PERIGO (C) (Prioridade: 2 - Média);1CIA IND/2CIA/1PEL(PASSOS);ASL06087;Não;Não;Não;BOLETIM DE OCORRENCIA;Classificada;27/07/2025 07:37;Não
2025-40654638-4;;26/07/2025 17:05;RUA DEPUTADO LOURENCO DE ANDRADE, Nº 849 - SANTA CASA - PASSOS;-207.129.699;-46.610.832;S06001 - SALVAMENTO DE ANIMAL EM RISCO / PERIGO (C) (Prioridade: 2 - Média);1CIA IND/2CIA/1PEL(PASSOS);;Não;Não;Não;DISPENSADA PELO SOLICITANTE;Classificada;26/07/2025 17:07;Não
2025-40655695-3;(BM) 2025-034636980-001;26/07/2025 18:17;AVENIDA PALMARES, Nº S/N - VILA RICA - PASSOS;-207.251.667;-465.923.663;O04011 - INCENDIO EM AREA URBANA NAO PROTEGIDA (C) (Prioridade: 2 - Média);1CIA IND/2CIA/1PEL(PASSOS);VOB00480;Não;Não;Não;BOLETIM DE OCORRENCIA;Classificada;27/07/2025 07:37;Não
2025-40656286-0;(BM) 2025-034647194-001;26/07/2025 18:50;RUA AURORA, Nº 214 - BELO HORIZONTE - PASSOS;-207.244.057;-466.033.934;V01018 - VITIMA DE MAL NAO DEFINIDO (DISTURBIO) (C) (Prioridade: 1 - Alta);1CIA IND/2CIA/1PEL(PASSOS);UR04360;Não;Não;Não;BOLETIM DE OCORRENCIA;Classificada;27/07/2025 07:38;Não
2025-40656919-4;(BM) 2025-034649297-001;26/07/2025 19:31;RUA MANUEL DA SILVEIRA MAIA, Nº 31 - PENHA 2 - PASSOS;-207.172.976;-466.318.698;V02502 - VITIMA DE QUEDA (MOTOCICLISTA) (C) (Prioridade: 1 - Alta);1CIA IND/2CIA/1PEL(PASSOS);UR04360;Não;Não;Não;BOLETIM DE OCORRENCIA;Classificada;27/07/2025 07:38;Não
2025-40658032-2;(BM) 2025-034655855-001;26/07/2025 20:42;RUA CEARA, Nº 1039 - BELA VISTA - PASSOS;-207.185.497;-465.971.561;V01018 - VITIMA DE MAL NAO DEFINIDO (DISTURBIO) (C) (Prioridade: 1 - Alta);1CIA IND/2CIA/1PEL(PASSOS);UR04360;Não;Não;Não;BOLETIM DE OCORRENCIA;Classificada;27/07/2025 07:38;Não
2025-40660272-9;(BM) 2025-034672473-001;26/07/2025 22:58;RUA COIMBRAS, Nº 956 - COIMBRAS - PASSOS;;;V03005 - VITIMA DE AGRESSAO FISICA SEM USO DE ARMA (C) (Prioridade: 1 - Alta);1CIA IND/2CIA/1PEL(PASSOS);UR04360;Não;Não;Não;BOLETIM DE OCORRENCIA;Classificada;27/07/2025 07:38;Não
2025-40665518-4;(BM) 2025-034705118-001;27/07/2025 08:46;AVENIDA JK, Nº S/N - MONSENHOR MESSIAS - PASSOS;-207.342.178;-465.979.772;P03999 - OUTROS TIPOS DE PCI / PCA   (C) (Prioridade: 2 - Média);1CIA IND/2CIA/1PEL(PASSOS);ASL06087;Não;Não;Não;BOLETIM DE OCORRENCIA;Classificada;28/07/2025 07:50;Não
2025-40666909-7;;27/07/2025 11:37;RODOVIA MG 050, Nº S/N - SANTA TEREZINHA - ITAU DE MINAS;-207.498.551;-467.534.723;V03021 - VITIMA DE SUICIDIO (TENTATIVA) - APH TRAUMA (C) (Prioridade: 1 - Alta);1CIA IND/2CIA/1PEL(PASSOS);UR04360;Não;Não;Não;NADA CONSTATADO;Classificada;28/07/2025 06:05;Não
2025-40668184-7;(BM) 2025-034741607-001;27/07/2025 14:08;ESTRADA PRINCIPAL PSS0243 - PORTO VELHO, Nº S/N - PASSOS;-20.662.778;-46.513.056;O04008 - INCENDIO EM AREA RURAL NAO PROTEGIDA (C) (Prioridade: 2 - Média);1CIA IND/2CIA/1PEL(PASSOS);ASL06087;Não;Não;Não;BOLETIM DE OCORRENCIA;Classificada;28/07/2025 07:50;Não
2025-40668794-8;;27/07/2025 14:46;RUA RIO SAPUCAI, Nº 395 - SANTA LUZIA - PASSOS;-207.078.285;-466.030.837;V01023 - VITIMA DE SINCOPE (DESMAIO)/VERTIGEM (C) (Prioridade: 1 - Alta);1CIA IND/2CIA/1PEL(PASSOS);UR04360;Não;Não;Não;SOLICITANTE ENCONTRADO - PROVIDÊNCIA DISPENSADA;Classificada;27/07/2025 15:48;Não
2025-40669819-2;(BM) 2025-034749161-001;27/07/2025 15:53;RUA SURINAME, Nº 80 - NOVO MUNDO - PASSOS;-207.272.079;-465.915.857;V01001 - VITIMA DE ACIDENTE VASCULAR CEREBRAL (AVC) (C) (Prioridade: 1 - Alta);1CIA IND/2CIA/1PEL(PASSOS);UR04360;Não;Não;Não;BOLETIM DE OCORRENCIA;Classificada;28/07/2025 07:51;Não
2025-40670932-2;(BM) 2025-034762418-001;27/07/2025 17:09;AVENIDA ARLINDO FIGUEIREDO, Nº 520 - JARDIM PINHEIROS - PASSOS;-207.233.856;-466.188.585;V03018 - VITIMA DE QUEDA DA PROPRIA ALTURA (C) (Prioridade: 1 - Alta);1CIA IND/2CIA/1PEL(PASSOS);UR04360;Não;Não;Não;BOLETIM DE OCORRENCIA;Classificada;28/07/2025 07:51;Não
2025-40672163-0;(BM) 2025-034782540-001;27/07/2025 18:26;AVENIDA CHICO XAVIER, Nº S/N - PARQUE DAS AROEIRAS - PASSOS;;;O04013 - INCENDIO EM PASTO (C) (Prioridade: 2 - Média);1CIA IND/2CIA/1PEL(PASSOS);VOB00480;Não;Não;Não;BOLETIM DE OCORRENCIA;Classificada;28/07/2025 07:50;Não
2025-40672514-3;;27/07/2025 18:48;RUA BOA VISTA, Nº 35 - SANTA CASA - PASSOS;-207.136.921;-466.132.883;V01006 - VITIMA COM DIFICULDADE DE LOCOMOCAO (C) (Prioridade: 1 - Alta);1CIA IND/2CIA/1PEL(PASSOS);UR04360;Não;Não;Não;DISPENSADA PELO SOLICITANTE;Classificada;28/07/2025 06:13;Não
2025-40674093-8;(BM) 2025-034782500-001;27/07/2025 20:31;RUA DOUTOR CARVALHO, Nº 1455 - NOSSA SENHORA DAS GRAÇAS - PASSOS;-207.352.269;-466.037.303;V01018 - VITIMA DE MAL NAO DEFINIDO (DISTURBIO) (C) (Prioridade: 1 - Alta);1CIA IND/2CIA/1PEL(PASSOS);UR04360;Não;Não;Não;BOLETIM DE OCORRENCIA;Classificada;28/07/2025 07:51;Não
2025-40674944-3;;27/07/2025 21:26;RUA MONSENHOR MESSIAS BRAGANCA, Nº 378 - ARUEIRA - PASSOS;;;O04013 - INCENDIO EM PASTO (C) (Prioridade: 2 - Média);1CIA IND/2CIA/1PEL(PASSOS);;Não;Não;Não;DUPLICADA;Classificada;27/07/2025 22:29;Não
2025-40678453-3;;28/07/2025 03:28;RUA RIO PARDO, Nº 201 - SANTA LUZIA - PASSOS;-207.087.677;-466.050.715;V01025 - VITIMA DE USO / ABUSO / DEPENDENCIA DE DROGAS / ALCOOL (C) (Prioridade: 1 - Alta);1CIA IND/2CIA/1PEL(PASSOS);UR04360;Não;Não;Não;NADA CONSTATADO;Classificada;28/07/2025 06:12;Não
2025-40678909-4;(BM) 2025-034818900-001;28/07/2025 06:45;AVENIDA PERIMETRAL, Nº 3621 - PASSOS;-207.204.933;-466.194.402;S05103 - CHOQUE DE AUTOMOVEL (CARRO, CAMIONETA, CAMINHONETE) (C) (Prioridade: 1 - Alta);1CIA IND/2CIA/1PEL(PASSOS);UR04360;Não;Não;Não;BOLETIM DE OCORRENCIA;Classificada;28/07/2025 07:51;Não
2025-40679071-2;(BM) 2025-034821236-001;28/07/2025 07:14;CONDOMINIO CRC0017 - FAZENDA DO BOSQUE, Nº S/N - CARMO DO RIO CLARO;-209.180.857;-461.436.045;O04007 - INCENDIO EM PROPRIEDADE RURAL PARTICULAR (C) (Prioridade: 2 - Média);1CIA IND/2CIA/1PEL(PASSOS);ASL06087;Não;Não;Não;BOLETIM DE OCORRENCIA;Classificada;29/07/2025 07:32;Não
2025-40679146-0;(BM) 2025-034833215-001;28/07/2025 07:27;RUA ALPINOPOLIS, Nº 81 - CANJERANUS - PASSOS;-207.099.124;-466.065.189;P01002 - VISTORIA DE LIBERACAO / EMISSAO DE AVCB (C) (Prioridade: 2 - Média);1CIA IND/2CIA/PEL PREV E VIST(PASSOS);APV06243;Não;Não;Não;BOLETIM DE OCORRENCIA;Classificada;29/07/2025 07:33;Não
2025-40682825-0;(BM) 2025-034912062-001;28/07/2025 13:14;RUA COLORADO, Nº 700 - RESIDENCIAL ELDORADO - PASSOS;-207.333.808;-466.243.566;O04012 - INCENDIO EM LOTE VAGO (AREA URBANA) (C) (Prioridade: 2 - Média);1CIA IND/2CIA/1PEL(PASSOS);VOB00480;Não;Não;Não;BOLETIM DE OCORRENCIA;Classificada;29/07/2025 07:33;Não
2025-40683073-1;(BM) 2025-034875727-001;28/07/2025 13:32;RODOVIA BR 146, Nº S/N - DISTRITO INDUSTRIAL 1 - PASSOS;-207.020.967;-465.895.427;S06008 - CORTE DE ARVORE CAIDA EM VIA PUBLICA (C) (Prioridade: 2 - Média);1CIA IND/2CIA/1PEL(PASSOS);VOB00480;Não;Não;Não;BOLETIM DE OCORRENCIA;Classificada;29/07/2025 07:33;Não
2025-40684137-8;(BM) 2025-034883699-001;28/07/2025 14:36;RUA NOVA YORK, Nº S/N - PASSOS;;;O04002 - INCENDIO NO ENTORNO DE UNIDADE DE CONSERVACAO (UC) (C) (Prioridade: 2 - Média);1CIA IND/2CIA/1PEL(PASSOS);VOB00480;Não;Não;Não;BOLETIM DE OCORRENCIA;Classificada;29/07/2025 07:33;Não
2025-40684182-2;(BM) 2025-034877390-001;28/07/2025 14:38;RODOVIA MG 050, Nº 270 - NOSSA SENHORA DAS GRAÇAS - PASSOS;-207.403.512;-466.038.834;P01002 - VISTORIA DE LIBERACAO / EMISSAO DE AVCB (C) (Prioridade: 2 - Média);1CIA IND/2CIA/PEL PREV E VIST(PASSOS);APV06243;Não;Não;Não;BOLETIM DE OCORRENCIA;Classificada;29/07/2025 07:33;Não
2025-40687256-3;(BM) 2025-034924537-001;28/07/2025 17:20;RUA BOTELHOS, Nº 1368 - JARDIM ELAINE - PASSOS;-206.957.864;-466.119.665;S06002 - CAPTURA DE ANIMAL SILVESTRE PERIGOSO / AGRESSIVO (C) (Prioridade: 2 - Média);1CIA IND/2CIA/1PEL(PASSOS);ASL06087;Não;Não;Não;BOLETIM DE OCORRENCIA;Classificada;29/07/2025 07:33;Não
2025-40689754-1;(BM) 2025-034939849-001;28/07/2025 19:54;RUA CURITIBA, Nº S/N - JARDIM COLEGIO DE PASSOS - PASSOS;-207.207.658;-465.963.153;P02011 - VISTORIA EM ENXAME DE INSETOS (C) (Prioridade: 2 - Média);1CIA IND/2CIA/1PEL(PASSOS);ASL06087;Não;Não;Não;BOLETIM DE OCORRENCIA;Classificada;29/07/2025 07:33;Não
2025-40689821-7;(PM) 2025-034942842-001;28/07/2025 19:58;RUA LAGOA AZUL, Nº S/N - SAO JOSE DA BARRA;-206.921.068;-463.387.453;S05201 - CAPOTAMENTO DE AUTOMOVEL (CARRO, CAMIONETA, CAMINHONETE) (C) (Prioridade: 1 - Alta);1CIA IND/2CIA/1PEL(PASSOS);VOB00480;Não;Não;Não;ATENDIDA PELO SAMU;Classificada;28/07/2025 21:21;Não
2025-40690029-0;(BM) 2025-034953842-001;28/07/2025 20:14;RUA TOCANTINS, Nº 375 - NOSSA SENHORA APARECIDA - PASSOS;-207.437.694;-466.085.158;S06001 - SALVAMENTO DE ANIMAL EM RISCO / PERIGO (C) (Prioridade: 2 - Média);1CIA IND/2CIA/1PEL(PASSOS);VOB00480;Não;Não;Não;BOLETIM DE OCORRENCIA;Classificada;29/07/2025 07:33;Não
2025-40691549-5;;28/07/2025 22:07;RUA MOENDA, Nº 86 - CASARAO - PASSOS;-207.191.697;-465.901.055;W98011 - SOLICITACAO DE APOIO (C) (Prioridade: 1 - Alta);1CIA IND/2CIA/1PEL(PASSOS);;Não;Não;Não;DUPLICADA;Classificada;28/07/2025 22:55;Não
2025-40691934-6;(BM) 2025-034970445-001;28/07/2025 22:34;RUA MOENDA, Nº 86 - CASARAO - PASSOS;-207.191.697;-465.901.055;V01025 - VITIMA DE USO / ABUSO / DEPENDENCIA DE DROGAS / ALCOOL (C) (Prioridade: 1 - Alta);1CIA IND/2CIA/1PEL(PASSOS);UR04360;Não;Não;Não;BOLETIM DE OCORRENCIA;Classificada;29/07/2025 07:34;Não
2025-40695164-2;(BM) 2025-034995345-001;29/07/2025 08:24;RUA GOIAS, Nº 1571 - BELA VISTA - PASSOS;-207.140.082;-465.974.569;V01007 - VITIMA COM DISPNEIA (FALTA DE AR) (C) (Prioridade: 1 - Alta);1CIA IND/2CIA/1PEL(PASSOS);UR04360;Não;Não;Não;BOLETIM DE OCORRENCIA;Classificada;30/07/2025 02:10;Não
2025-40695176-1;(BM) 2025-034992668-001;29/07/2025 08:25;RUA JOAO TEIXEIRA MENDES, Nº 686 - JARDIM CANADA - PASSOS;-207.481.051;-466.062.781;V01023 - VITIMA DE SINCOPE (DESMAIO)/VERTIGEM (C) (Prioridade: 1 - Alta);1CIA IND/2CIA/1PEL(PASSOS);UR04360;Não;Não;Não;BOLETIM DE OCORRENCIA;Classificada;30/07/2025 02:10;Não
2025-40695463-3;(BM) 2025-034998100-001;29/07/2025 08:54;RUA HONORIO DA SILVA LEMOS, Nº 222 - PASSOS;-207.360.585;-465.921.044;P02011 - VISTORIA EM ENXAME DE INSETOS (C) (Prioridade: 2 - Média);1CIA IND/2CIA/1PEL(PASSOS);ASL06087;Não;Não;Não;BOLETIM DE OCORRENCIA;Classificada;30/07/2025 05:33;Não
2025-40695534-0;(BM) 2025-034999826-001;29/07/2025 09:00;RUA PEDRO TEIXEIRA MENDES, Nº 60 - PASSOS;-20.734.301;-465.865.407;V01999 - OUTROS TIPOS DE APH CLINICO (C) (Prioridade: 1 - Alta);1CIA IND/2CIA/1PEL(PASSOS);UR04360;Não;Não;Não;BOLETIM DE OCORRENCIA;Classificada;30/07/2025 02:10;Não
2025-40698630-0;(BM) 2025-035039892-001;29/07/2025 13:41;RUA ITAUNA, Nº 247 - CALIFORNIA - PASSOS;-207.027.402;-466.168.686;V01024 - VITIMA DE SUICIDIO (TENTATIVA) - APH CLINICO (C) (Prioridade: 1 - Alta);1CIA IND/2CIA/1PEL(PASSOS);UR04360;Não;Não;Não;BOLETIM DE OCORRENCIA;Classificada;30/07/2025 02:11;Não
2025-40699082-1;(BM) 2025-035039968-001;29/07/2025 14:10;RUA GOIAS, Nº 1329 - BELA VISTA - PASSOS;-207.123.942;-465.991.969;V03018 - VITIMA DE QUEDA DA PROPRIA ALTURA (C) (Prioridade: 1 - Alta);1CIA IND/2CIA/1PEL(PASSOS);UR04360;Não;Não;Não;BOLETIM DE OCORRENCIA;Classificada;30/07/2025 02:11;Não
2025-40699492-3;(BM) 2025-035044791-001;29/07/2025 14:32;RUA CAPELA, Nº 25 - PENHA - PASSOS;-207.198.745;-466.200.003;V01023 - VITIMA DE SINCOPE (DESMAIO)/VERTIGEM (C) (Prioridade: 1 - Alta);1CIA IND/2CIA/1PEL(PASSOS);UR04360;Não;Não;Não;BOLETIM DE OCORRENCIA;Classificada;30/07/2025 02:11;Não
2025-40700694-9;(BM) 2025-035058610-001;29/07/2025 15:29;AVENIDA DOUTOR BRENO SOARES MAIA, Nº 456 - BELO HORIZONTE - PASSOS;-207.303.994;-466.038.524;O02027 - INCENDIO VEIC. AUTOMOTOR (EXCETO TANQUE/ONIBUS/MICRO-ONIBUS) (C) (Prioridade: 1 - Alta);1CIA IND/2CIA/1PEL(PASSOS);VOB00480;Não;Não;Não;BOLETIM DE OCORRENCIA;Classificada;30/07/2025 02:11;Não
2025-40700966-7;(BM) 2025-035062044-001;29/07/2025 15:43;RUA SENZALA, Nº 235 - CASARAO - PASSOS;-207.178.403;-465.887.459;V03003 - VITIMA DE AGRESSAO FISICA COM ARMA BRANCA (C) (Prioridade: 1 - Alta);1CIA IND/2CIA/1PEL(PASSOS);UR04360;Não;Não;Não;BOLETIM DE OCORRENCIA;Classificada;30/07/2025 02:12;Não
2025-40702502-7;(BM) 2025-035087609-001;29/07/2025 17:13;AVENIDA EXPEDICIONARIOS, Nº 62 - CENTRO - PASSOS;-207.214.389;-466.074.458;S06001 - SALVAMENTO DE ANIMAL EM RISCO / PERIGO (C) (Prioridade: 2 - Média);1CIA IND/2CIA/1PEL(PASSOS);ASL06087;Não;Não;Não;BOLETIM DE OCORRENCIA;Classificada;30/07/2025 02:07;Não
2025-40710336-5;(BM) 2025-035161319-001;30/07/2025 07:47;RUA JOAQUIM LOPES, Nº S/N - PENHA - PASSOS;-207.164.698;-466.285.663;S05308 - COLISAO ENTRE AUTOMOVEL X MOTOCICLETA (C) (Prioridade: 1 - Alta);1CIA IND/2CIA/1PEL(PASSOS);UR04360;Não;Não;Não;BOLETIM DE OCORRENCIA;Classificada;31/07/2025 07:56;Não
2025-40711636-4;(BM) 2025-035182866-001;30/07/2025 09:54;RUA JOSE MERCHIORATO, Nº 372 - SANTA CASA - PASSOS;-207.119.137;-466.118.701;P01002 - VISTORIA DE LIBERACAO / EMISSAO DE AVCB (C) (Prioridade: 2 - Média);1CIA IND/2CIA/PEL PREV E VIST(PASSOS);APV06243;Não;Não;Não;BOLETIM DE OCORRENCIA;Classificada;31/07/2025 07:56;Não
2025-40711760-3;(BM) 2025-035172400-001;30/07/2025 10:02;RUA DOUTOR CARVALHO, Nº 1455 - NOSSA SENHORA DAS GRAÇAS - PASSOS;-207.352.269;-466.037.303;Q03004 - TREINAMENTO DE SALVAMENTO EM ALTURA (C) (Prioridade: 2 - Média);1CIA IND/2CIA/1PEL(PASSOS);BM1206671;Não;Não;Não;BOLETIM DE OCORRENCIA;Classificada;31/07/2025 07:56;Não
2025-40712032-1;(BM) 2025-035176345-001;30/07/2025 10:23;RUA ANTONIO LUIZ DE FARIA, Nº 401 - PASSOS;-207.347.195;-465.844.853;V01999 - OUTROS TIPOS DE APH CLINICO (C) (Prioridade: 1 - Alta);1CIA IND/2CIA/1PEL(PASSOS);UR04360;Não;Não;Não;BOLETIM DE OCORRENCIA;Classificada;31/07/2025 07:56;Não
2025-40712285-7;(BM) 2025-035188785-001;30/07/2025 10:45;ESTRADA BRU0637 - DO LUGAREJO TEJUCO, Nº S/N - BRUMADINHO;-201.224.987;-44.161.266;X03000 - EMPENHO ADMINISTRATIVO (C) (Prioridade: 2 - Média);1CIA IND/2CIA/PEL PREV E VIST(PASSOS);BM1640366;Não;Não;Não;BOLETIM DE OCORRENCIA;Classificada;07/08/2025 08:01;Não
2025-40712629-4;;30/07/2025 11:15;RUA JOSE DELFRARO, Nº 334 - PASSOS;-207.554.836;-466.067.959;V01017 - VITIMA DE INTOXICACAO / ENVENENAMENTO (C) (Prioridade: 1 - Alta);1CIA IND/2CIA/1PEL(PASSOS);;Não;Não;Não;DISPENSADA PELO SOLICITANTE;Classificada;30/07/2025 11:28;Não
2025-40714025-7;(BM) 2025-035209676-001;30/07/2025 13:28;RUA LUIZ MOURA DA SILVA, Nº 51 - COHAB 3 - PASSOS;-207.033.111;-466.258.694;V03018 - VITIMA DE QUEDA DA PROPRIA ALTURA (C) (Prioridade: 1 - Alta);1CIA IND/2CIA/1PEL(PASSOS);UR04360;Não;Não;Não;BOLETIM DE OCORRENCIA;Classificada;31/07/2025 07:56;Não
2025-40714028-5;;30/07/2025 13:29;RUA LUIZ MOURA DA SILVA, Nº 51 - COHAB 3 - PASSOS;-207.033.111;-466.258.694;V03018 - VITIMA DE QUEDA DA PROPRIA ALTURA (C) (Prioridade: 1 - Alta);1CIA IND/2CIA/1PEL(PASSOS);;Não;Não;Não;DUPLICADA;Classificada;30/07/2025 13:29;Não
2025-40714158-0;(BM) 2025-035209713-001;30/07/2025 13:41;RODOVIA MG 050, Nº S/N - PASSOS;-207.372.242;-466.331.087;O04014 - INCENDIO AS MARGENS DE RODOVIA (C) (Prioridade: 2 - Média);1CIA IND/2CIA/1PEL(PASSOS);VOB00480;Não;Não;Não;BOLETIM DE OCORRENCIA;Classificada;31/07/2025 07:56;Não
2025-40716669-0;(BM) 2025-035280731-001;30/07/2025 15:58;AVENIDA JK, Nº 360 - JARDIM COLEGIO DE PASSOS - PASSOS;;;V01018 - VITIMA DE MAL NAO DEFINIDO (DISTURBIO) (C) (Prioridade: 1 - Alta);1CIA IND/2CIA/1PEL(PASSOS);UR04360;Não;Não;Não;BOLETIM DE OCORRENCIA;Classificada;31/07/2025 07:55;Não
2025-40718075-7;(BM) 2025-035247954-001;30/07/2025 17:22;RUA PARA, Nº 1270 - BELA VISTA - PASSOS;-207.145.767;-465.994.235;V03018 - VITIMA DE QUEDA DA PROPRIA ALTURA (C) (Prioridade: 1 - Alta);1CIA IND/2CIA/1PEL(PASSOS);UR04360;Não;Não;Não;BOLETIM DE OCORRENCIA;Classificada;31/07/2025 07:55;Não
2025-40720667-9;(BM) 2025-035275334-001;30/07/2025 20:05;AVENIDA COMENDADOR FRANCISCO A MAIA, Nº 3682 - MARIO MAGALHAES - PASSOS;-207.304.482;-466.085.848;S03003 - SALVAMENTO EM CASA (C) (Prioridade: 1 - Alta);1CIA IND/2CIA/1PEL(PASSOS);ASL06087;Não;Não;Não;BOLETIM DE OCORRENCIA;Classificada;31/07/2025 07:55;Não
2025-40721453-0;(BM) 2025-035284090-001;30/07/2025 21:01;RUA OTAWA, Nº 121 - JARDIM CANADA II - PASSOS;-20.748.649;-466.098.611;S06001 - SALVAMENTO DE ANIMAL EM RISCO / PERIGO (C) (Prioridade: 2 - Média);1CIA IND/2CIA/1PEL(PASSOS);ASL06087;Não;Não;Não;BOLETIM DE OCORRENCIA;Classificada;31/07/2025 07:56;Não
2025-40725976-0;(BM) 2025-035333446-001;31/07/2025 08:46;RUA DOIS DE NOVEMBRO, Nº 93 - CENTRO - PASSOS;-20.722.187;-466.067.159;S06003 - CAPTURA DE CAO PERIGOSO / AGRESSIVO (C) (Prioridade: 2 - Média);1CIA IND/2CIA/1PEL(PASSOS);ASL06087;Não;Não;Não;BOLETIM DE OCORRENCIA;Classificada;01/08/2025 07:38;Não
2025-40726507-5;(BM) 2025-035333433-001;31/07/2025 09:37;RUA ESPERANCA, Nº 805 - SANTA RITA - PASSOS;-207.304.251;-466.110.957;V01018 - VITIMA DE MAL NAO DEFINIDO (DISTURBIO) (C) (Prioridade: 1 - Alta);1CIA IND/2CIA/1PEL(PASSOS);UR04360;Não;Não;Não;BOLETIM DE OCORRENCIA;Classificada;01/08/2025 07:38;Não
2025-40728160-0;(BM) 2025-035353001-001;31/07/2025 11:57;RUA ORLANDO ADAO CARNEIRO, Nº 514 - RECANTO DA TEKA - PASSOS;-207.452.066;-465.980.763;V01009 - VITIMA COM DOR NA COLUNA VERTEBRAL (COSTAS) (C) (Prioridade: 1 - Alta);1CIA IND/2CIA/1PEL(PASSOS);UR04360;Não;Não;Não;BOLETIM DE OCORRENCIA;Classificada;01/08/2025 07:38;Não
2025-40730628-3;(BM) 2025-035389152-001;31/07/2025 14:59;RUA ENGENHEIROS, Nº 664 - NOVO HORIZONTE - PASSOS;-207.281.038;-466.019.199;X03000 - EMPENHO ADMINISTRATIVO (C) (Prioridade: 2 - Média);1CIA IND/2CIA/1PEL(PASSOS);ASL06087;Não;Não;Não;BOLETIM DE OCORRENCIA;Classificada;01/08/2025 07:38;Não
2025-40730890-6;(BM) 2025-035433561-001;31/07/2025 15:12;ESTRADA PSS0834 - ITAGUAUNA -  FAZENDA BOM SUCESSO, Nº S/N - PASSOS;-207.060.577;-466.622.753;O04012 - INCENDIO EM LOTE VAGO (AREA URBANA) (C) (Prioridade: 2 - Média);1CIA IND/2CIA/1PEL(PASSOS);VOB00480;Não;Não;Não;BOLETIM DE OCORRENCIA;Classificada;01/08/2025 07:38;Não
2025-40730991-3;(BM) 2025-035414117-001;31/07/2025 15:18;AVENIDA MONTESE, Nº 364 - VILA RICA - PASSOS;-207.272.051;-465.961.044;V01006 - VITIMA COM DIFICULDADE DE LOCOMOCAO (C) (Prioridade: 1 - Alta);1CIA IND/2CIA/1PEL(PASSOS);UR04360;Não;Não;Não;BOLETIM DE OCORRENCIA;Classificada;01/08/2025 07:37;Não
2025-40731186-2;(BM) 2025-035387322-001;31/07/2025 15:31;RUA JAIME GOMES, Nº 768 - CANDEIAS - PASSOS;-207.213.651;-46.617.496;P01001 - VISTORIA DE FISCALIZACAO (C) (Prioridade: 2 - Média);1CIA IND/2CIA/PEL PREV E VIST(PASSOS);APV06243;Não;Não;Não;BOLETIM DE OCORRENCIA;Classificada;01/08/2025 07:38;Não
2025-40732097-0;;31/07/2025 16:18;AVENIDA COMENDADOR FRANCISCO A MAIA, Nº 2080 - PENHA - PASSOS;-207.180.431;-466.126.474;S06001 - SALVAMENTO DE ANIMAL EM RISCO / PERIGO (C) (Prioridade: 2 - Média);1CIA IND/2CIA/1PEL(PASSOS);VOB00480;Não;Não;Não;NADA CONSTATADO;Classificada;31/07/2025 18:41;Não
2025-40733591-1;(BM) 2025-035443710-001;31/07/2025 17:45;AVENIDA COMENDADOR FRANCISCO A MAIA, Nº 4050 - EXPOSICAO - PASSOS;-207.333.293;-466.060.067;Q02008 - PALESTRA DE COMBATE A INCENDIO (C) (Prioridade: 2 - Média);1CIA IND/2CIA/1PEL(PASSOS);ASL06087;Não;Não;Não;BOLETIM DE OCORRENCIA;Classificada;01/08/2025 07:38;Não
2025-40734386-8;(BM) 2025-035424400-001;31/07/2025 18:31;RODOVIA MG 050, Km 339 - PASSOS;-20.718.014;-464.595.361;W98011 - SOLICITACAO DE APOIO (C) (Prioridade: 1 - Alta);1CIA IND/2CIA/1PEL(PASSOS);VOB00480;Não;Não;Não;BOLETIM DE OCORRENCIA;Classificada;01/08/2025 07:37;Não
2025-40735291-9;;31/07/2025 19:29;RUA MARIA JOSE MACHADO FRANCA, Nº S/N - PENHA 2 - PASSOS;-207.134.623;-466.312.416;O04011 - INCENDIO EM AREA URBANA NAO PROTEGIDA (C) (Prioridade: 2 - Média);1CIA IND/2CIA/1PEL(PASSOS);VOB00480;Não;Não;Não;ATENDIDA PELO SAMU;Classificada;01/08/2025 07:38;Não
2025-40735576-9;(BM) 2025-035433624-001;31/07/2025 19:49;RUA BARBACENA, Nº 745 - PENHA - PASSOS;-20.718.314;-466.281.955;V03003 - VITIMA DE AGRESSAO FISICA COM ARMA BRANCA (C) (Prioridade: 1 - Alta);1CIA IND/2CIA/1PEL(PASSOS);UR04360;Não;Não;Não;BOLETIM DE OCORRENCIA;Classificada;01/08/2025 07:37;Não
2025-40737833-0;(BM) 2025-035459908-001;31/07/2025 22:30;RUA SEBASTIAO BENEDITO DE ANDRADE, Nº 276 - JARDIM CANADA - PASSOS;-207.489.467;-466.065.089;V01011 - VITIMA COM DOR RENAL (COLICA) (C) (Prioridade: 1 - Alta);1CIA IND/2CIA/1PEL(PASSOS);UR04360;Não;Não;Não;BOLETIM DE OCORRENCIA;Classificada;01/08/2025 07:36;Não
2025-40738635-2;;31/07/2025 23:31;AVENIDA COMENDADOR FRANCISCO A MAIA, Nº 2021 - CENTRO - PASSOS;-207.172.701;-466.125.149;S06001 - SALVAMENTO DE ANIMAL EM RISCO / PERIGO (C) (Prioridade: 2 - Média);1CIA IND/2CIA/1PEL(PASSOS);ASL06087;Não;Não;Não;NADA CONSTATADO;Classificada;01/08/2025 00:59;Não
