Nº chamada;Nº REDS;Data/hora de criação;Local do fato;Latitude  do local;Longitude do local;Natureza;Unidade Responsável;Recursos empenhados;Alerta;Destaque;Envolve autoridade;Tipo de classificação;Situação;Data/hora da situação atual;Evento associado
2025-39729547-0;(BM) 2025-025325088-001;01/06/2025 05:02;RUA IMACULADA CONCEICAO, Nº 1604 - COHAB 5 - PASSOS;-20.722.283;-466.387.616;V02501 - VITIMA DE QUEDA (CICLISTA) (C) (Prioridade: 1 - Alta);1CIA IND/2CIA/1PEL(PASSOS);UR04360;Não;Não;Não;BOLETIM DE OCORRENCIA;Classificada;01/06/2025 08:01;Não
2025-39730710-7;(BM) 2025-025333316-001;01/06/2025 09:00;AVENIDA JK, Nº S/N - MONSENHOR MESSIAS - PASSOS;-207.342.178;-465.979.772;P03999 - OUTROS TIPOS DE PCI / PCA   (C) (Prioridade: 2 - Média);1CIA IND/2CIA/1PEL(PASSOS);UR04360;Não;Não;Não;BOLETIM DE OCORRENCIA;Classificada;02/06/2025 16:12;Não
2025-39732610-3;(BM) 2025-025351857-001;01/06/2025 12:54;AVENIDA EXPEDICIONARIOS, Nº S/N - MIRANTE DO VALE - PASSOS;-207.256.744;-465.818.365;P03001 - PERIGO DE DERRAPAGEM (C) (Prioridade: 2 - Média);1CIA IND/2CIA/1PEL(PASSOS);ASL06087;Não;Não;Não;BOLETIM DE OCORRENCIA;Classificada;02/06/2025 16:12;Não
2025-39734356-1;(BM) 2025-025376101-001;01/06/2025 15:15;RODOVIA MG 050, Km 347 - PASSOS;-207.266.903;-465.332.424;O02027 - INCENDIO VEIC. AUTOMOTOR (EXCETO TANQUE/ONIBUS/MICRO-ONIBUS) (C) (Prioridade: 1 - Alta);1CIA IND/2CIA/1PEL(PASSOS);VOB00480;Não;Não;Não;BOLETIM DE OCORRENCIA;Classificada;02/06/2025 16:12;Não
2025-39734807-9;;01/06/2025 15:44;AVENIDA ARLINDO FIGUEIREDO, Nº S/N - JARDIM PINHEIROS 2 - PASSOS;-207.262.479;-466.225.308;V02202 - VITIMA DE CHOQUE DE MOTOCICLETA (C) (Prioridade: 1 - Alta);1CIA IND/2CIA/1PEL(PASSOS);;Não;Não;Não;ATENDIDA PELO SAMU;Classificada;01/06/2025 16:03;Não
2025-39736334-0;;01/06/2025 17:23;RUA ELZO CALIXTO MATTAR, Nº 653 - SANTA RITA - PASSOS;-207.326.325;-466.113.045;V03018 - VITIMA DE QUEDA DA PROPRIA ALTURA (C) (Prioridade: 1 - Alta);1CIA IND/2CIA/1PEL(PASSOS);UR04360;Não;Não;Não;DISPENSADA PELO SOLICITANTE;Classificada;01/06/2025 17:43;Não
2025-39737791-7;(BM) 2025-025407132-001;01/06/2025 18:52;RUA PALMEIRAS, Nº 679 - SERRA DAS BRISAS - PASSOS;-207.357.267;-465.911.572;V01013 - VITIMA DE EMERGENCIAS PSIQUIATRICAS (C) (Prioridade: 1 - Alta);1CIA IND/2CIA/1PEL(PASSOS);UR04360;Não;Não;Não;BOLETIM DE OCORRENCIA;Classificada;02/06/2025 16:12;Não
2025-39740895-0;(BM) 2025-025423191-001;01/06/2025 22:12;RUA SANTO ONOFRE, Nº 177 - CANJERANUS - PASSOS;-207.130.334;-46.602.185;S06001 - SALVAMENTO DE ANIMAL EM RISCO / PERIGO (C) (Prioridade: 2 - Média);1CIA IND/2CIA/1PEL(PASSOS);ASL06087;Não;Não;Não;BOLETIM DE OCORRENCIA;Classificada;02/06/2025 16:12;Não
2025-39744807-5;(BM) 2025-025455431-001;02/06/2025 07:51;RUA DOUTOR CARVALHO, Nº 1455 - NOSSA SENHORA DAS GRAÇAS - PASSOS;-207.352.269;-466.037.303;Q03006 - TREINAMENTO DE FORMACAO DE BRIGADAS (C) (Prioridade: 2 - Média);1CIA IND/2CIA/1PEL(PASSOS);BM1728633;Não;Não;Não;BOLETIM DE OCORRENCIA;Classificada;03/06/2025 07:09;Não
2025-39744955-2;(BM) 2025-025473251-001;02/06/2025 08:05;RUA TURQUESA, Nº S/N - ACLIMACAO - PASSOS;-207.550.652;-466.019.422;V01023 - VITIMA DE SINCOPE (DESMAIO)/VERTIGEM (C) (Prioridade: 1 - Alta);1CIA IND/2CIA/1PEL(PASSOS);UR04360;Não;Não;Não;BOLETIM DE OCORRENCIA;Classificada;03/06/2025 07:10;Não
2025-39744968-4;;02/06/2025 08:08;RUA SANTA TEREZA, Nº 32 - CENTRO - PASSOS;-207.197.657;-466.050.177;V01004 - VITIMA COM CRISE DIABETICA / HIPOGLICEMIA (C) (Prioridade: 1 - Alta);1CIA IND/2CIA/1PEL(PASSOS);;Não;Não;Não;NÃO ATENDIDA: FALTA DE VIATURA;Classificada;02/06/2025 08:09;Não
2025-39745462-0;(BM) 2025-025461859-001;02/06/2025 08:47;RUA CORONEL GASPARINO DE ANDRADE, Nº 126 - ITAU DE MINAS;-207.385.893;-467.519.379;P01001 - VISTORIA DE FISCALIZACAO (C) (Prioridade: 2 - Média);1CIA IND/2CIA/PEL PREV E VIST(PASSOS);APF01362;Não;Não;Não;BOLETIM DE OCORRENCIA;Classificada;03/06/2025 07:09;Não
2025-39746234-1;(BM) 2025-025471118-001;02/06/2025 09:43;RUA JOAO KIRCHNER, Nº 593 - ITAU DE MINAS;-20.743.542;-467.499.697;P01001 - VISTORIA DE FISCALIZACAO (C) (Prioridade: 2 - Média);1CIA IND/2CIA/PEL PREV E VIST(PASSOS);APF01362;Não;Não;Não;BOLETIM DE OCORRENCIA;Classificada;03/06/2025 07:09;Não
2025-39746292-8;(BM) 2025-025473117-001;02/06/2025 09:48;RUA LOULOU, Nº 161 - SAO BENEDITO - PASSOS;-207.242.045;-466.014.585;V01018 - VITIMA DE MAL NAO DEFINIDO (DISTURBIO) (C) (Prioridade: 1 - Alta);1CIA IND/2CIA/1PEL(PASSOS);UR04360;Não;Não;Não;BOLETIM DE OCORRENCIA;Classificada;03/06/2025 07:10;Não
2025-39746609-2;(BM) 2025-025476478-001;02/06/2025 10:13;RUA JOAO KIRCHNER, Nº 733 - CENTRO - ITAU DE MINAS;-207.435.804;-46.748.154;P01001 - VISTORIA DE FISCALIZACAO (C) (Prioridade: 2 - Média);1CIA IND/2CIA/PEL PREV E VIST(PASSOS);APF01362;Não;Não;Não;BOLETIM DE OCORRENCIA;Classificada;03/06/2025 07:09;Não
2025-39746960-3;(BM) 2025-025483203-001;02/06/2025 10:34;AVENIDA JUPITER, Nº 1070 - COHAB 3 - PASSOS;-207.059.283;-466.232.616;W98011 - SOLICITACAO DE APOIO (C) (Prioridade: 1 - Alta);1CIA IND/2CIA/1PEL(PASSOS);UR04360;Não;Não;Não;BOLETIM DE OCORRENCIA;Classificada;03/06/2025 07:10;Não
2025-39747153-7;(BM) 2025-025483965-001;02/06/2025 10:49;RUA SAO JOSE, Nº 383 - COUNTRY CLUB - POCOS DE CALDAS;-217.879.388;-465.912.394;X03000 - EMPENHO ADMINISTRATIVO (C) (Prioridade: 2 - Média);1CIA IND/2CIA/PEL PREV E VIST(PASSOS);APF01362;Não;Não;Não;BOLETIM DE OCORRENCIA;Classificada;06/06/2025 23:33;Não
2025-39747445-2;(BM) 2025-025491344-001 / (PM) 2025-025491344-002;02/06/2025 11:07;RUA BONSUCESSO, Nº 951 - CANDEIAS - PASSOS;-207.218.889;-466.193.223;V02408 - VITIMA DE COLISAO ENTRE AUTOMOVEL X MOTOCICLETA (C) (Prioridade: 1 - Alta);1CIA IND/2CIA/1PEL(PASSOS);UR04360;Não;Não;Não;BOLETIM DE OCORRENCIA;Classificada;03/06/2025 07:16;Não
2025-39749488-6;(BM) 2025-025511018-001;02/06/2025 13:57;RUA JOAO KIRCHNER, Nº 390 - CENTRO - ITAU DE MINAS;-207.431.152;-467.517.415;P01001 - VISTORIA DE FISCALIZACAO (C) (Prioridade: 2 - Média);1CIA IND/2CIA/1PEL(PASSOS);ASL06087;Não;Não;Não;BOLETIM DE OCORRENCIA;Classificada;03/06/2025 07:10;Não
2025-39749784-9;(BM) 2025-025543931-001;02/06/2025 14:12;RUA VIOLETAS, Nº 129 - PANORAMA - PASSOS;-207.108.338;-466.157.201;V01003 - VITIMA COM CRISE CONVULSIVA (C) (Prioridade: 1 - Alta);1CIA IND/2CIA/1PEL(PASSOS);UR04360;Não;Não;Não;BOLETIM DE OCORRENCIA;Classificada;03/06/2025 07:13;Não
2025-39755607-8;(BM) 2025-025600055-001;02/06/2025 19:09;RUA ROQUE ORLANDO RIBEIRO, Nº S/N - RECANTO DO BOSQUE - PASSOS;-20.722.817;-465.836.429;S06002 - CAPTURA DE ANIMAL SILVESTRE PERIGOSO / AGRESSIVO (C) (Prioridade: 2 - Média);1CIA IND/2CIA/1PEL(PASSOS);ASL06087;Não;Não;Não;BOLETIM DE OCORRENCIA;Classificada;03/06/2025 07:10;Não
2025-39755795-0;(BM) 2025-025599886-001;02/06/2025 19:19;AVENIDA COMENDADOR FRANCISCO A MAIA, Nº 2480 - CANDEIAS - PASSOS;-20.720.625;-466.131.152;V02103 - VITIMA DE ATROPELAMENTO POR AUTOMOVEL (CARRO / CAMINHONETE) (C) (Prioridade: 1 - Alta);1CIA IND/2CIA/1PEL(PASSOS);UR04360;Não;Não;Não;BOLETIM DE OCORRENCIA;Classificada;03/06/2025 07:13;Não
2025-39756237-6;(BM) 2025-025599980-001;02/06/2025 19:49;AVENIDA JUPITER, Nº 50 - JARDIM SATELITE - PASSOS;-207.144.583;-466.155.799;O04011 - INCENDIO EM AREA URBANA NAO PROTEGIDA (C) (Prioridade: 2 - Média);1CIA IND/2CIA/1PEL(PASSOS);VOB00480;Não;Não;Não;BOLETIM DE OCORRENCIA;Classificada;03/06/2025 07:10;Não
2025-39756337-0;(BM) 2025-025599949-001;02/06/2025 19:56;RUA EUCALIPTO, Nº 83 - SERRA DAS BRISAS - PASSOS;-207.334.343;-465.970.034;P02011 - VISTORIA EM ENXAME DE INSETOS (C) (Prioridade: 2 - Média);1CIA IND/2CIA/1PEL(PASSOS);ASL06087;Não;Não;Não;BOLETIM DE OCORRENCIA;Classificada;03/06/2025 07:10;Não
2025-39760816-7;;03/06/2025 01:51;RUA JOAO XXIII / RUA PATATIVA - SAO JOAO - PASSOS;-207.344.361;-466.079.402;W98011 - SOLICITACAO DE APOIO (C) (Prioridade: 1 - Alta);1CIA IND/2CIA/1PEL(PASSOS);;Não;Não;Não;DISPENSADA PELO SOLICITANTE;Classificada;03/06/2025 05:15;Não
2025-39760989-5;(BM) 2025-025639522-001;03/06/2025 02:27;RUA BOIADEIROS, Nº 525 - SAO FRANCISCO - PASSOS;-207.268.911;-466.161.773;W98011 - SOLICITACAO DE APOIO (C) (Prioridade: 1 - Alta);1CIA IND/2CIA/1PEL(PASSOS);VOB00480;Não;Não;Não;BOLETIM DE OCORRENCIA;Classificada;03/06/2025 07:15;Não
2025-39761281-7;(BM) 2025-025641666-001;03/06/2025 04:03;RUA AREADO, Nº 285 - NOSSA SENHORA DE FATIMA - PASSOS;-207.035.298;-466.124.466;V03018 - VITIMA DE QUEDA DA PROPRIA ALTURA (C) (Prioridade: 1 - Alta);1CIA IND/2CIA/1PEL(PASSOS);UR04360;Não;Não;Não;BOLETIM DE OCORRENCIA;Classificada;03/06/2025 07:13;Não
2025-39762081-3;(BM) 2025-025656623-001;03/06/2025 07:34;RUA RIO PIRACICABA, Nº 1399 - SANTA LUZIA - PASSOS;;;S06003 - CAPTURA DE CAO PERIGOSO / AGRESSIVO (C) (Prioridade: 2 - Média);1CIA IND/2CIA/1PEL(PASSOS);ASL06087;Não;Não;Não;BOLETIM DE OCORRENCIA;Classificada;04/06/2025 07:53;Não
2025-39763329-2;(BM) 2025-025662555-001;03/06/2025 09:25;RUA MERCADO, Nº 60 - CENTRO - PASSOS;-207.202.064;-466.108.865;V01008 - VITIMA COM DOR ABDOMINAL (ABDOME AGUDO) (C) (Prioridade: 1 - Alta);1CIA IND/2CIA/1PEL(PASSOS);UR04360;Não;Não;Não;BOLETIM DE OCORRENCIA;Classificada;04/06/2025 07:53;Não
2025-39763534-1;;03/06/2025 09:41;RUA RIO DOCE, Nº S/N - CANJERANUS - PASSOS;-207.105.024;-466.048.634;V01018 - VITIMA DE MAL NAO DEFINIDO (DISTURBIO) (C) (Prioridade: 1 - Alta);1CIA IND/2CIA/1PEL(PASSOS);;Não;Não;Não;NÃO ATENDIDA: FALTA DE EFETIVO;Classificada;03/06/2025 09:41;Não
2025-39765058-8;(BM) 2025-025685638-001;03/06/2025 11:38;RUA CORONEL NECA MEDEIROS, Nº 154 - CENTRO - PASSOS;-207.199.522;-46.610.075;P02004 - VISTORIA EM RISCO DE DESABAMENTO / DESMORONAMENTO (C) (Prioridade: 2 - Média);1CIA IND/2CIA/1PEL(PASSOS);UR04360;Não;Não;Não;BOLETIM DE OCORRENCIA;Classificada;04/06/2025 07:53;Não
2025-39765068-1;(BM) 2025-025817211-001;03/06/2025 11:38;PORTO CSS0174 - DE CASSIA - DELFINOPOLIS, Nº S/N - CASSIA;-204.231.741;-468.595.809;W04000 - NADA CONSTATADO (C) (Prioridade: 3 - Baixa);1CIA IND/2CIA/1PEL(PASSOS);ASL06087;Não;Não;Não;BOLETIM DE OCORRENCIA;Classificada;04/06/2025 07:52;Não
2025-39765741-7;(BM) 2025-025694654-001;03/06/2025 12:41;AVENIDA EXPEDICIONARIOS, Nº 336 - CENTRO - PASSOS;-207.220.211;-466.047.072;P01001 - VISTORIA DE FISCALIZACAO (C) (Prioridade: 2 - Média);1CIA IND/2CIA/PEL PREV E VIST(PASSOS);APF01362 / BM1235571;Não;Não;Não;BOLETIM DE OCORRENCIA;Classificada;04/06/2025 07:53;Não
2025-39768016-4;(BM) 2025-025716790-001;03/06/2025 14:59;RUA RIO GRANDE DO SUL, Nº 1118 - BELA VISTA 2 - PASSOS;-207.110.548;-465.936.685;P01001 - VISTORIA DE FISCALIZACAO (C) (Prioridade: 2 - Média);1CIA IND/2CIA/1PEL(PASSOS);ASL06087;Não;Não;Não;BOLETIM DE OCORRENCIA;Classificada;04/06/2025 07:53;Não
2025-39768686-7;(BM) 2025-025725525-001;03/06/2025 15:28;RUA ACRE, Nº 1250 - RECANTO DA HARMONIA - PASSOS;-207.068.834;-465.969.773;P01001 - VISTORIA DE FISCALIZACAO (C) (Prioridade: 2 - Média);1CIA IND/2CIA/1PEL(PASSOS);ASL06087;Não;Não;Não;BOLETIM DE OCORRENCIA;Classificada;04/06/2025 07:53;Não
2025-39769167-5;(BM) 2025-025732060-001;03/06/2025 15:50;RUA LAMPARINA, Nº 320 - CASARAO - PASSOS;-20.723.641;-465.887.651;P01001 - VISTORIA DE FISCALIZACAO (C) (Prioridade: 2 - Média);1CIA IND/2CIA/1PEL(PASSOS);ASL06087;Não;Não;Não;BOLETIM DE OCORRENCIA;Classificada;04/06/2025 07:53;Não
2025-39771172-8;(BM) 2025-025756855-001;03/06/2025 17:33;RUA ORLANDO ADAO CARNEIRO, Nº 418 - RECANTO DA TEKA - PASSOS;-207.447.326;-465.982.468;V01003 - VITIMA COM CRISE CONVULSIVA (C) (Prioridade: 1 - Alta);1CIA IND/2CIA/1PEL(PASSOS);UR04360;Não;Não;Não;BOLETIM DE OCORRENCIA;Classificada;04/06/2025 07:53;Não
2025-39774324-0;(BM) 2025-025811781-001;03/06/2025 20:37;AVENIDA SABIA, Nº 109 - MUARAMA 2 - PASSOS;-207.396.561;-466.082.438;V02502 - VITIMA DE QUEDA (MOTOCICLISTA) (C) (Prioridade: 1 - Alta);1CIA IND/2CIA/1PEL(PASSOS);UR04360;Não;Não;Não;BOLETIM DE OCORRENCIA;Classificada;04/06/2025 07:53;Não
2025-39779885-5;(BM) 2025-025841762-001;04/06/2025 08:10;RUA JOAO KIRCHNER, Nº 593 - ITAU DE MINAS;-20.743.542;-467.499.697;P01001 - VISTORIA DE FISCALIZACAO (C) (Prioridade: 2 - Média);1CIA IND/2CIA/1PEL(PASSOS);ASL06087;Não;Não;Não;BOLETIM DE OCORRENCIA;Classificada;05/06/2025 07:59;Não
2025-39780911-0;(BM) 2025-025853319-001;04/06/2025 09:36;RUA OURO PRETO, Nº 170 - CENTRO - PASSOS;-207.237.993;-466.109.068;V01018 - VITIMA DE MAL NAO DEFINIDO (DISTURBIO) (C) (Prioridade: 1 - Alta);1CIA IND/2CIA/1PEL(PASSOS);UR04360;Não;Não;Não;BOLETIM DE OCORRENCIA;Classificada;05/06/2025 08:00;Não
2025-39781008-0;(BM) 2025-025857436-001;04/06/2025 09:46;RUA JARAGUA, Nº 73 - JARDIM PLANALTO - PASSOS;-207.181.365;-466.244.357;V03018 - VITIMA DE QUEDA DA PROPRIA ALTURA (C) (Prioridade: 1 - Alta);1CIA IND/2CIA/1PEL(PASSOS);UR04360;Não;Não;Não;BOLETIM DE OCORRENCIA;Classificada;05/06/2025 08:00;Não
2025-39781116-3;(BM) 2025-025855989-001;04/06/2025 09:54;RODOVIA MG 050, Nº S/N - PASSOS;-207.372.242;-466.331.087;P01002 - VISTORIA DE LIBERACAO / EMISSAO DE AVCB (C) (Prioridade: 2 - Média);1CIA IND/2CIA/1PEL(PASSOS);ASL06087;Não;Não;Não;BOLETIM DE OCORRENCIA;Classificada;05/06/2025 07:59;Não
2025-39782639-7;(BM) 2025-025963089-001;04/06/2025 11:38;RUA DOUTOR CARVALHO, Nº 1455 - NOSSA SENHORA DAS GRAÇAS - PASSOS;-207.352.269;-466.037.303;S06002 - CAPTURA DE ANIMAL SILVESTRE PERIGOSO / AGRESSIVO (C) (Prioridade: 2 - Média);1CIA IND/2CIA/1PEL(PASSOS);BM1637750 / ASL06087;Não;Não;Não;BOLETIM DE OCORRENCIA;Classificada;05/06/2025 07:59;Não
2025-39783986-6;(BM) 2025-025887683-001;04/06/2025 13:33;RUA BERILO, Nº 98 - ACLIMACAO - PASSOS;-207.499.602;-4.659.847;P01001 - VISTORIA DE FISCALIZACAO (C) (Prioridade: 2 - Média);1CIA IND/2CIA/1PEL(PASSOS);ASL06087;Não;Não;Não;BOLETIM DE OCORRENCIA;Classificada;05/06/2025 07:59;Não
2025-39785579-3;(BM) 2025-025907121-001;04/06/2025 14:58;ESTRADA MORRO DO CAFE, Nº S/N - JARDIM FLORENCA - PASSOS;-206.882.184;-466.199.302;P01001 - VISTORIA DE FISCALIZACAO (C) (Prioridade: 2 - Média);1CIA IND/2CIA/1PEL(PASSOS);ASL06087;Não;Não;Não;BOLETIM DE OCORRENCIA;Classificada;05/06/2025 08:00;Não
2025-39791296-3;(BM) 2025-025969361-001;04/06/2025 19:50;RUA CANJERANUS, Nº 1211 - CANJERANUS - PASSOS;-207.084.131;-466.067.833;O04011 - INCENDIO EM AREA URBANA NAO PROTEGIDA (C) (Prioridade: 2 - Média);1CIA IND/2CIA/1PEL(PASSOS);VOB00480;Não;Não;Não;BOLETIM DE OCORRENCIA;Classificada;05/06/2025 08:00;Não
2025-39795057-4;(BM) 2025-026014318-001;04/06/2025 23:38;RUA MARIA DA FE, Nº 524 - COHAB 1 - PASSOS;-207.097.018;-466.249.724;V01023 - VITIMA DE SINCOPE (DESMAIO)/VERTIGEM (C) (Prioridade: 1 - Alta);1CIA IND/2CIA/1PEL(PASSOS);UR04360;Não;Não;Não;BOLETIM DE OCORRENCIA;Classificada;05/06/2025 08:00;Não
2025-39797153-9;(BM) 2025-026026654-001;05/06/2025 06:58;RUA DOUTOR CARVALHO, Nº 1455 - NOSSA SENHORA DAS GRAÇAS - PASSOS;-207.352.269;-466.037.303;Q03005 - TREINAMENTO DE SALVAMENTO TERRESTRE (C) (Prioridade: 2 - Média);1CIA IND/2CIA/1PEL(PASSOS);BM1256320;Não;Não;Não;BOLETIM DE OCORRENCIA;Classificada;05/06/2025 08:00;Não
2025-39797159-5;(BM) 2025-026027057-002;05/06/2025 07:02;AVENIDA OLIVEIRA REZENDE, Nº 1300 - VILA OPERARIA - SAO SEBASTIAO PARAISO;-209.096.216;-469.957.754;X03000 - EMPENHO ADMINISTRATIVO (C) (Prioridade: 2 - Média);1CIA IND/2CIA/1PEL(PASSOS);ASL06087;Não;Não;Não;BOLETIM DE OCORRENCIA;Classificada;06/06/2025 07:42;Não
2025-39797506-7;;05/06/2025 07:45;AVENIDA OLIVEIRA REZENDE, Nº 1300 - VILA OPERARIA - SAO SEBASTIAO PARAISO;-209.096.216;-469.957.754;X03000 - EMPENHO ADMINISTRATIVO (C) (Prioridade: 2 - Média);1CIA IND/2CIA/1PEL(PASSOS);;Não;Não;Não;DUPLICADA;Classificada;05/06/2025 08:16;Não
2025-39798145-6;(BM) 2025-026036320-001;05/06/2025 08:41;RUA ANTONIO JACINTO FERREIRA, Nº S/N - DISTRITO INDUSTRIAL - CARMO DO RIO CLARO;-209.593.852;-461.378.704;P01003 - VISTORIA EM EVENTOS TEMPORARIOS (C) (Prioridade: 1 - Alta);1CIA IND/2CIA/1PEL(PASSOS);ASL06087;Não;Não;Não;BOLETIM DE OCORRENCIA;Classificada;06/06/2025 07:43;Não
2025-39798220-0;;05/06/2025 08:47;RUA RIO DE JANEIRO, Nº 316 - ITAU DE MINAS;-20.743.279;-467.483.402;S06001 - SALVAMENTO DE ANIMAL EM RISCO / PERIGO (C) (Prioridade: 2 - Média);1CIA IND/2CIA/1PEL(PASSOS);;Não;Não;Não;DISPENSADA PELO SOLICITANTE;Classificada;05/06/2025 12:59;Não
2025-39799061-3;(BM) 2025-026053657-001;05/06/2025 09:59;RUA DOUTOR CARVALHO, Nº 1455 - NOSSA SENHORA DAS GRAÇAS - PASSOS;-207.352.269;-466.037.303;Q03005 - TREINAMENTO DE SALVAMENTO TERRESTRE (C) (Prioridade: 2 - Média);1CIA IND/2CIA/1PEL(PASSOS);BM1274612;Não;Não;Não;BOLETIM DE OCORRENCIA;Classificada;06/06/2025 07:42;Não
2025-39799037-9;;05/06/2025 10:00;RUA VEREADOR NADRA ESPER KALLAS, Nº 280 - COHAB 4 - PASSOS;-207.213.523;-466.333.574;V01003 - VITIMA COM CRISE CONVULSIVA (C) (Prioridade: 1 - Alta);1CIA IND/2CIA/1PEL(PASSOS);UR04360;Não;Não;Não;DISPENSADA PELO SOLICITANTE;Classificada;05/06/2025 10:51;Não
2025-39799594-5;;05/06/2025 10:41;RUA DOUTOR MANOEL PATTI, Nº 339 - CENTRO - PASSOS;-207.239.117;-466.106.017;P02011 - VISTORIA EM ENXAME DE INSETOS (C) (Prioridade: 2 - Média);1CIA IND/2CIA/1PEL(PASSOS);UR04360;Não;Não;Não;SOLICITANTE NÃO ENCONTRADO;Classificada;05/06/2025 11:32;Não
2025-39801474-0;(BM) 2025-026078412-001;05/06/2025 13:28;AVENIDA PADRE SALIM, Nº S/N - CENTRO - SAO JOSE DA BARRA;-207.184.716;-46.321.126;P01003 - VISTORIA EM EVENTOS TEMPORARIOS (C) (Prioridade: 1 - Alta);1CIA IND/2CIA/1PEL(PASSOS);ASL06087;Não;Não;Não;BOLETIM DE OCORRENCIA;Classificada;06/06/2025 07:43;Não
2025-39805524-8;;05/06/2025 16:35;RUA DAVID BALDINI, Nº 106 - CENTRO - PASSOS;-207.242.377;-466.058.063;V02408 - VITIMA DE COLISAO ENTRE AUTOMOVEL X MOTOCICLETA (C) (Prioridade: 1 - Alta);1CIA IND/2CIA/1PEL(PASSOS);;Não;Não;Não;DISPENSADA PELO SOLICITANTE;Classificada;05/06/2025 16:45;Não
2025-39805683-1;(BM) 2025-026131274-001;05/06/2025 16:43;RUA CACHOEIRAS, Nº 244 - NOVO HORIZONTE - PASSOS;-207.319.171;-465.999.151;V01022 - VITIMA PARTURIENTE / EMERGENCIAS OBSTETRICAS (C) (Prioridade: 1 - Alta);1CIA IND/2CIA/1PEL(PASSOS);UR04360;Não;Não;Não;BOLETIM DE OCORRENCIA;Classificada;06/06/2025 07:43;Não
2025-39815316-7;(BM) 2025-026224435-001;06/06/2025 06:31;RUA MARIA DA PENHA L BORSARI, Nº 100 - NOVA PASSOS II - PASSOS;-206.990.573;-46.631.675;S06002 - CAPTURA DE ANIMAL SILVESTRE PERIGOSO / AGRESSIVO (C) (Prioridade: 2 - Média);1CIA IND/2CIA/1PEL(PASSOS);VOB00480;Não;Não;Não;BOLETIM DE OCORRENCIA;Classificada;07/06/2025 07:48;Não
2025-39815423-7;(BM) 2025-026224175-001;06/06/2025 06:51;AVENIDA OLIVEIRA REZENDE, Nº 1300 - VILA OPERARIA - SAO SEBASTIAO PARAISO;-209.096.216;-469.957.754;X03000 - EMPENHO ADMINISTRATIVO (C) (Prioridade: 2 - Média);1CIA IND/2CIA/1PEL(PASSOS);ASL06087;Não;Não;Não;BOLETIM DE OCORRENCIA;Classificada;07/06/2025 07:48;Não
2025-39816510-5;(BM) 2025-026239039-001;06/06/2025 08:43;RUA CAPRICORNIO, Nº 242 - SERRA VERDE - PASSOS;-207.404.442;-465.945.919;P01001 - VISTORIA DE FISCALIZACAO (C) (Prioridade: 2 - Média);1CIA IND/2CIA/1PEL(PASSOS);ASL06087;Não;Não;Não;BOLETIM DE OCORRENCIA;Classificada;07/06/2025 07:48;Não
2025-39818625-8;(BM) 2025-026261580-001;06/06/2025 11:24;RUA CANJERANUS, Nº 1888 - SANTA LUZIA - PASSOS;-207.044.586;-46.602.315;V01007 - VITIMA COM DISPNEIA (FALTA DE AR) (C) (Prioridade: 1 - Alta);1CIA IND/2CIA/1PEL(PASSOS);UR04360;Não;Não;Não;BOLETIM DE OCORRENCIA;Classificada;07/06/2025 07:48;Não
2025-39818836-3;;06/06/2025 11:41;RUA CORONEL NECA MEDEIROS, Nº 52 - CENTRO - PASSOS;-207.206.054;-466.098.628;V01003 - VITIMA COM CRISE CONVULSIVA (C) (Prioridade: 1 - Alta);1CIA IND/2CIA/1PEL(PASSOS);;Não;Não;Não;ATENDIDA PELO SAMU;Classificada;06/06/2025 13:46;Não
2025-39819167-0;(BM) 2025-026268723-001;06/06/2025 12:10;RUA DALIAS, Nº 1209 - COHAB 3 - PASSOS;-207.048.955;-466.232.306;S03003 - SALVAMENTO EM CASA (C) (Prioridade: 1 - Alta);1CIA IND/2CIA/1PEL(PASSOS);ASL06087;Não;Não;Não;BOLETIM DE OCORRENCIA;Classificada;07/06/2025 07:48;Não
2025-39819158-0;(BM) 2025-026269505-001;06/06/2025 12:10;RODOVIA MG 050, Km 334 - PASSOS;-207.233.932;-464.046.505;S06002 - CAPTURA DE ANIMAL SILVESTRE PERIGOSO / AGRESSIVO (C) (Prioridade: 2 - Média);1CIA IND/2CIA/1PEL(PASSOS);ASL06087;Não;Não;Não;BOLETIM DE OCORRENCIA;Classificada;07/06/2025 07:48;Não
2025-39819401-6;(BM) 2025-026269652-001;06/06/2025 12:33;RUA DALIAS, Nº 1209 - COHAB 3 - PASSOS;-207.048.955;-466.232.306;V01023 - VITIMA DE SINCOPE (DESMAIO)/VERTIGEM (C) (Prioridade: 1 - Alta);1CIA IND/2CIA/1PEL(PASSOS);UR04360;Não;Não;Não;BOLETIM DE OCORRENCIA;Classificada;07/06/2025 07:48;Não
2025-39820165-2;;06/06/2025 13:35;RUA ELZO CALIXTO MATTAR, Nº 1039 - SAO JOAO - PASSOS;-207.353.001;-46.608.115;V01006 - VITIMA COM DIFICULDADE DE LOCOMOCAO (C) (Prioridade: 1 - Alta);1CIA IND/2CIA/1PEL(PASSOS);;Não;Não;Não;DISPENSADA PELO SOLICITANTE;Classificada;06/06/2025 13:46;Não
2025-39820770-0;(BM) 2025-026295860-001;06/06/2025 14:11;RUA DOUTOR MANOEL PATTI, Nº 339 - CENTRO - PASSOS;-207.239.117;-466.106.017;P02011 - VISTORIA EM ENXAME DE INSETOS (C) (Prioridade: 2 - Média);1CIA IND/2CIA/1PEL(PASSOS);ASL06087;Não;Não;Não;BOLETIM DE OCORRENCIA;Classificada;07/06/2025 07:48;Não
2025-39821570-6;(BM) 2025-026295908-001;06/06/2025 14:47;PRACA CRUZEIRO, Nº 14 - JARDIM SATELITE - PASSOS;-207.162.055;-466.192.563;O02027 - INCENDIO VEIC. AUTOMOTOR (EXCETO TANQUE/ONIBUS/MICRO-ONIBUS) (C) (Prioridade: 1 - Alta);1CIA IND/2CIA/1PEL(PASSOS);VOB00480;Não;Não;Não;BOLETIM DE OCORRENCIA;Classificada;07/06/2025 07:48;Não
2025-39822155-0;(BM) 2025-026317048-001;06/06/2025 15:14;RUA ANTONIO ALVES DE MENDONCA, Nº 155 - VILA BETINHO - PASSOS;-207.162.755;-466.343.822;O04013 - INCENDIO EM PASTO (C) (Prioridade: 2 - Média);1CIA IND/2CIA/1PEL(PASSOS);VOB00480;Não;Não;Não;BOLETIM DE OCORRENCIA;Classificada;07/06/2025 07:48;Não
2025-39822555-8;(BM) 2025-026317089-001;06/06/2025 15:33;RUA ELZO CALIXTO MATTAR, Nº 1039 - SAO JOAO - PASSOS;-207.353.001;-46.608.115;V01006 - VITIMA COM DIFICULDADE DE LOCOMOCAO (C) (Prioridade: 1 - Alta);1CIA IND/2CIA/1PEL(PASSOS);UR04360;Não;Não;Não;BOLETIM DE OCORRENCIA;Classificada;07/06/2025 07:49;Não
2025-39824389-1;(BM) 2025-026352376-001;06/06/2025 17:14;RUA GEORGIA, Nº 211 - RESIDENCIAL ELDORADO - PASSOS;-207.291.781;-466.203.564;O04012 - INCENDIO EM LOTE VAGO (AREA URBANA) (C) (Prioridade: 2 - Média);1CIA IND/2CIA/1PEL(PASSOS);VOB00480;Não;Não;Não;BOLETIM DE OCORRENCIA;Classificada;07/06/2025 07:48;Não
2025-39825167-5;(BM) 2025-026352532-001;06/06/2025 17:52;AVENIDA COMENDADOR FRANCISCO A MAIA, Nº 1961 - CENTRO - PASSOS;-207.166.894;-466.125.239;V02408 - VITIMA DE COLISAO ENTRE AUTOMOVEL X MOTOCICLETA (C) (Prioridade: 1 - Alta);1CIA IND/2CIA/1PEL(PASSOS);UR04360;Não;Não;Não;BOLETIM DE OCORRENCIA;Classificada;07/06/2025 07:48;Não
2025-39827941-9;(BM) 2025-026372089-001;06/06/2025 20:27;RUA RIO GRANDE DO SUL, Nº 53 - SAO BENEDITO - PASSOS;-207.177.316;-466.007.761;V03019 - VITIMA DE QUEDA DE ALTURA (C) (Prioridade: 1 - Alta);1CIA IND/2CIA/1PEL(PASSOS);UR04360;Não;Não;Não;BOLETIM DE OCORRENCIA;Classificada;07/06/2025 07:49;Não
2025-39833968-0;(BM) 2025-026415619-001;07/06/2025 02:33;RUA ARGENTINA, Nº 40 - CANJERANUS - PASSOS;-207.109.166;-46.606.061;V01010 - VITIMA COM DOR TORACICA/SUSPEITA DE INFARTO (IAM) (C) (Prioridade: 1 - Alta);1CIA IND/2CIA/1PEL(PASSOS);UR04360;Não;Não;Não;BOLETIM DE OCORRENCIA;Classificada;07/06/2025 07:49;Não
2025-39836585-7;(BM) 2025-026447592-001;07/06/2025 09:43;RUA EUCALIPTO, Nº 47 - SERRA DAS BRISAS - PASSOS;-207.332.781;-465.969.318;P02011 - VISTORIA EM ENXAME DE INSETOS (C) (Prioridade: 2 - Média);1CIA IND/2CIA/1PEL(PASSOS);ASL06087;Não;Não;Não;BOLETIM DE OCORRENCIA;Classificada;08/06/2025 07:59;Não
2025-39837645-2;(BM) 2025-026449115-001;07/06/2025 11:17;RUA FAZENDEIROS RUA, Nº S/N - PASSOS;;;O04013 - INCENDIO EM PASTO (C) (Prioridade: 2 - Média);1CIA IND/2CIA/1PEL(PASSOS);VOB00480;Não;Não;Não;BOLETIM DE OCORRENCIA;Classificada;08/06/2025 07:59;Não
2025-39838291-7;(BM) 2025-026453587-001;07/06/2025 12:28;RUA DOUTOR CARVALHO, Nº 1455 - NOSSA SENHORA DAS GRAÇAS - PASSOS;-207.352.269;-466.037.303;V03005 - VITIMA DE AGRESSAO FISICA SEM USO DE ARMA (C) (Prioridade: 1 - Alta);1CIA IND/2CIA/1PEL(PASSOS);UR04360;Não;Não;Não;BOLETIM DE OCORRENCIA;Classificada;08/06/2025 07:59;Não
2025-39843498-4;(BM) 2025-026560531-001;07/06/2025 18:08;RUA MORGANITA, Nº 1592 - ACLIMACAO - PASSOS;-207.534.191;-465.994.821;V03018 - VITIMA DE QUEDA DA PROPRIA ALTURA (C) (Prioridade: 1 - Alta);1CIA IND/2CIA/1PEL(PASSOS);UR04360;Não;Não;Não;BOLETIM DE OCORRENCIA;Classificada;08/06/2025 07:59;Não
2025-39844650-2;(BM) 2025-026511266-001;07/06/2025 19:12;RUA JORGE MARCIANO FILHO, Nº 29 - PARQUE DAS AROEIRAS - PASSOS;-207.223.879;-466.283.301;V01023 - VITIMA DE SINCOPE (DESMAIO)/VERTIGEM (C) (Prioridade: 1 - Alta);1CIA IND/2CIA/1PEL(PASSOS);UR04360;Não;Não;Não;BOLETIM DE OCORRENCIA;Classificada;08/06/2025 07:59;Não
2025-39845326-0;(BM) 2025-026535538-001;07/06/2025 19:52;PRACA DIVINO ESPIRITO SANTO, Nº 533 - CENTRO - CLARAVAL;-204.019.776;-47.285;W98011 - SOLICITACAO DE APOIO (C) (Prioridade: 1 - Alta);1CIA IND/2CIA/1PEL(PASSOS);ASL06087;Não;Não;Não;BOLETIM DE OCORRENCIA;Classificada;08/06/2025 07:59;Não
2025-39847540-0;(BM) 2025-026736444-001;07/06/2025 21:52;RODOVIA MG 050, Km 340 - PASSOS;-207.165.521;-464.660.618;V02301 - VITIMA DE CAPOTAMENTO DE AUTOMOVEL (CARRO / CAMINHONETE) (C) (Prioridade: 1 - Alta);1CIA IND/2CIA/1PEL(PASSOS);UR04360;Não;Não;Não;ATENDIDA PELO SAMU;Classificada;08/06/2025 07:59;Não
2025-39853494-0;;08/06/2025 04:20;PRACA GERALDO DA SILVA MAIA, Nº 226 - CENTRO - PASSOS;-20.721.533;-46.609.665;W98011 - SOLICITACAO DE APOIO (C) (Prioridade: 1 - Alta);1CIA IND/2CIA/1PEL(PASSOS);UR04360;Não;Não;Não;ATENDIDA PELO SAMU;Classificada;08/06/2025 07:58;Não
2025-39854929-6;(BM) 2025-026596206-001;08/06/2025 08:58;AVENIDA JK, Nº S/N - MONSENHOR MESSIAS - PASSOS;-207.342.178;-465.979.772;P03999 - OUTROS TIPOS DE PCI / PCA   (C) (Prioridade: 2 - Média);1CIA IND/2CIA/1PEL(PASSOS);UR04360;Não;Não;Não;BOLETIM DE OCORRENCIA;Classificada;09/06/2025 07:42;Não
2025-39855214-2;(BM) 2025-026589455-001;08/06/2025 09:27;RUA IGUACU, Nº 185 - PASSOS;-207.264.421;-465.961.037;S06002 - CAPTURA DE ANIMAL SILVESTRE PERIGOSO / AGRESSIVO (C) (Prioridade: 2 - Média);1CIA IND/2CIA/1PEL(PASSOS);ASL06087;Não;Não;Não;BOLETIM DE OCORRENCIA;Classificada;09/06/2025 07:42;Não
2025-39856237-3;(BM) 2025-026598547-001;08/06/2025 11:12;RUA DOUTOR CARVALHO, Nº 1455 - NOSSA SENHORA DAS GRAÇAS - PASSOS;-207.352.269;-466.037.303;Q03017 - TREINAMENTO DE PRIMEIROS SOCORROS (C) (Prioridade: 2 - Média);1CIA IND/2CIA/1PEL(PASSOS);BM1256320;Não;Não;Não;BOLETIM DE OCORRENCIA;Classificada;09/06/2025 07:42;Não
2025-39856727-2;;08/06/2025 12:13;RUA MAJOR JOAO GONCALVES, Nº 130 - CENTRO - ALPINOPOLIS;-208.619.104;-46.388.768;V01024 - VITIMA DE SUICIDIO (TENTATIVA) - APH CLINICO (C) (Prioridade: 1 - Alta);1CIA IND/2CIA/1PEL(PASSOS);;Não;Não;Não;ATENDIDA PELO SAMU;Classificada;08/06/2025 12:28;Não
2025-39857381-5;(BM) 2025-026614658-001;08/06/2025 13:28;RUA CARAMANCHAO, Nº 197 - CASARAO - PASSOS;-207.219.815;-465.887.082;V01005 - VITIMA COM CRISE HIPERTENSIVA/HIPOTENSAO (C) (Prioridade: 1 - Alta);1CIA IND/2CIA/1PEL(PASSOS);UR04360;Não;Não;Não;BOLETIM DE OCORRENCIA;Classificada;09/06/2025 07:42;Não
2025-39858428-2;(BM) 2025-026623869-001;08/06/2025 14:41;RUA PARA, Nº 190 - POLIVALENTE - PASSOS;-207.071.631;-466.075.064;S06001 - SALVAMENTO DE ANIMAL EM RISCO / PERIGO (C) (Prioridade: 2 - Média);1CIA IND/2CIA/1PEL(PASSOS);ASL06087;Não;Não;Não;BOLETIM DE OCORRENCIA;Classificada;09/06/2025 07:42;Não
2025-39859773-6;(BM) 2025-026630795-001;08/06/2025 16:03;RUA GAIVOTA, Nº 84 - NOSSA SENHORA DAS GRAÇAS - PASSOS;-207.381.348;-466.045.266;V03021 - VITIMA DE SUICIDIO (TENTATIVA) - APH TRAUMA (C) (Prioridade: 1 - Alta);1CIA IND/2CIA/1PEL(PASSOS);UR04360;Não;Não;Não;BOLETIM DE OCORRENCIA;Classificada;09/06/2025 07:42;Não
2025-39861145-6;(BM) 2025-026643123-001;08/06/2025 17:24;RODOVIA MG 050, Nº S/N - PASSOS;-207.372.242;-466.331.087;V01026 - TRANSPORTE INTER-HOSPITALAR (C) (Prioridade: 2 - Média);1CIA IND/2CIA/1PEL(PASSOS);UR04360;Não;Não;Não;BOLETIM DE OCORRENCIA;Classificada;09/06/2025 07:42;Não
2025-39861162-5;(BM) 2025-026643452-001;08/06/2025 17:24;RODOVIA MG 050, Nº S/N - CAPITOLIO;-206.006.067;-460.676.712;O02027 - INCENDIO VEIC. AUTOMOTOR (EXCETO TANQUE/ONIBUS/MICRO-ONIBUS) (C) (Prioridade: 1 - Alta);1CIA IND/2CIA/1PEL(PASSOS);VOB00480;Não;Não;Não;BOLETIM DE OCORRENCIA;Classificada;09/06/2025 07:42;Não
2025-39865892-0;(BM) 2025-026686395-001;08/06/2025 21:42;RUA PECUARIA, Nº 77 - PASSOS;-207.250.479;-466.182.461;S07001 - VAZAMENTO DE GLP/GAS NATURAL (COZINHA) (C) (Prioridade: 1 - Alta);1CIA IND/2CIA/1PEL(PASSOS);ASL06087;Não;Não;Não;BOLETIM DE OCORRENCIA;Classificada;09/06/2025 07:43;Não
2025-39868269-7;(BM) 2025-026718091-001;09/06/2025 00:11;RUA DOMINGOS F DE CARVALHO, Nº 62 - PENHA 2 - PASSOS;-207.138.297;-466.315.933;V01005 - VITIMA COM CRISE HIPERTENSIVA/HIPOTENSAO (C) (Prioridade: 1 - Alta);1CIA IND/2CIA/1PEL(PASSOS);UR04360;Não;Não;Não;BOLETIM DE OCORRENCIA;Classificada;09/06/2025 07:43;Não
2025-39869919-6;(BM) 2025-026716835-001;09/06/2025 06:16;RUA FARMACEUTICOS, Nº 97 - NOVO HORIZONTE - PASSOS;-20.729.115;-466.032.988;Q03017 - TREINAMENTO DE PRIMEIROS SOCORROS (C) (Prioridade: 2 - Média);1CIA IND/2CIA/1PEL(PASSOS);BM1637750;Não;Não;Não;BOLETIM DE OCORRENCIA;Classificada;09/06/2025 10:08;Não
2025-39870596-6;(BM) 2025-026722936-002;09/06/2025 08:03;RUA DOUTOR CARVALHO, Nº 1455 - NOSSA SENHORA DAS GRAÇAS - PASSOS;-207.352.269;-466.037.303;Q03006 - TREINAMENTO DE FORMACAO DE BRIGADAS (C) (Prioridade: 2 - Média);1CIA IND/2CIA/COMANDANTE(PASSOS);BM1235613 / BM1797331;Não;Não;Não;BOLETIM DE OCORRENCIA;Classificada;10/06/2025 07:48;Não
2025-39870774-2;(BM) 2025-026724922-001;09/06/2025 08:16;RUA TURMALINA, Nº S/N - ACLIMACAO - PASSOS;-207.543.276;-466.029.164;S06002 - CAPTURA DE ANIMAL SILVESTRE PERIGOSO / AGRESSIVO (C) (Prioridade: 2 - Média);1CIA IND/2CIA/1PEL(PASSOS);ASL06087;Não;Não;Não;BOLETIM DE OCORRENCIA;Classificada;10/06/2025 07:47;Não
2025-39871084-0;;09/06/2025 08:41;AVENIDA ANTONIO ADAO DA SILVA, Nº S/N - PENHA 2 - PASSOS;-207.191.081;-466.319.509;S05302 - COLISAO ENTRE MOTOCICLETAS (C) (Prioridade: 1 - Alta);1CIA IND/2CIA/1PEL(PASSOS);;Não;Não;Não;NÃO ATENDIDA: FALTA DE EFETIVO;Classificada;09/06/2025 08:41;Não
2025-39871204-0;(BM) 2025-026728801-001;09/06/2025 08:51;RUA ETIOPIA, Nº 118 - CENTRO - PASSOS;-207.206.561;-466.046.298;P01002 - VISTORIA DE LIBERACAO / EMISSAO DE AVCB (C) (Prioridade: 2 - Média);1CIA IND/2CIA/PEL PREV E VIST(PASSOS);APF01362;Não;Não;Não;BOLETIM DE OCORRENCIA;Classificada;10/06/2025 07:47;Não
2025-39871420-5;;09/06/2025 09:09;AVENIDA JUCA STOCKLER, Nº 3155 - ACLIMACAO - PASSOS;-207.524.245;-465.980.238;V03018 - VITIMA DE QUEDA DA PROPRIA ALTURA (C) (Prioridade: 1 - Alta);1CIA IND/2CIA/1PEL(PASSOS);;Não;Não;Não;NÃO ATENDIDA: FALTA DE EFETIVO;Classificada;09/06/2025 09:10;Não
2025-39871599-0;(BM) 2025-026738653-001;09/06/2025 09:23;RUA EUCALIPTO, Nº 47 - SERRA DAS BRISAS - PASSOS;-207.332.781;-465.969.318;P02011 - VISTORIA EM ENXAME DE INSETOS (C) (Prioridade: 2 - Média);1CIA IND/2CIA/1PEL(PASSOS);ASL06087;Não;Não;Não;BOLETIM DE OCORRENCIA;Classificada;10/06/2025 07:47;Não
2025-39871875-5;(BM) 2025-026737674-001;09/06/2025 09:44;RUA DOUTOR CARVALHO, Nº 521 - BELO HORIZONTE - PASSOS;-20.726.146;-466.069.536;P01001 - VISTORIA DE FISCALIZACAO (C) (Prioridade: 2 - Média);1CIA IND/2CIA/PEL PREV E VIST(PASSOS);APF01362;Não;Não;Não;BOLETIM DE OCORRENCIA;Classificada;10/06/2025 07:47;Não
2025-39872260-6;(BM) 2025-026757647-001;09/06/2025 10:12;RUA DOUTOR CARVALHO, Nº 1455 - NOSSA SENHORA DAS GRAÇAS - PASSOS;-207.352.269;-466.037.303;S06002 - CAPTURA DE ANIMAL SILVESTRE PERIGOSO / AGRESSIVO (C) (Prioridade: 2 - Média);1CIA IND/2CIA/1PEL(PASSOS);BM1797331 / ASL06087;Não;Não;Não;BOLETIM DE OCORRENCIA;Classificada;10/06/2025 07:47;Não
2025-39874571-7;(BM) 2025-026770975-001;09/06/2025 13:18;RUA JOSE OLIVEIRA RAMOS, Nº S/N - JARDIM IPES - ITAU DE MINAS;-207.527.498;-467.543.125;P01002 - VISTORIA DE LIBERACAO / EMISSAO DE AVCB (C) (Prioridade: 2 - Média);1CIA IND/2CIA/PEL PREV E VIST(PASSOS);APF01362;Não;Não;Não;BOLETIM DE OCORRENCIA;Classificada;10/06/2025 07:47;Não
2025-39874608-5;(BM) 2025-026783814-001;09/06/2025 13:22;RUA DELFINOPOLIS, Nº 51 - PASSOS;;;V01006 - VITIMA COM DIFICULDADE DE LOCOMOCAO (C) (Prioridade: 1 - Alta);1CIA IND/2CIA/1PEL(PASSOS);UR04360;Não;Não;Não;BOLETIM DE OCORRENCIA;Classificada;10/06/2025 07:47;Não
2025-39877571-3;(BM) 2025-026807674-001;09/06/2025 15:48;AVENIDA ARLINDO FIGUEIREDO, Nº 1901 - JARDIM CIDADE - PASSOS;-207.316.964;-466.289.699;X03000 - EMPENHO ADMINISTRATIVO (C) (Prioridade: 2 - Média);1CIA IND/2CIA/1PEL(PASSOS);ASL06087;Não;Não;Não;BOLETIM DE OCORRENCIA;Classificada;10/06/2025 07:47;Não
2025-39879510-0;;09/06/2025 17:22;RUA BARAO DE PASSOS, Nº 1478 - BELA VISTA - PASSOS;-207.121.082;-46.599.815;V01023 - VITIMA DE SINCOPE (DESMAIO)/VERTIGEM (C) (Prioridade: 1 - Alta);1CIA IND/2CIA/1PEL(PASSOS);UR04360;Não;Não;Não;ATENDIDA PELO SAMU;Classificada;09/06/2025 17:55;Não
2025-39879790-8;(BM) 2025-026833161-001;09/06/2025 17:38;AVENIDA COMENDADOR FRANCISCO A MAIA, Nº 4050 - EXPOSICAO - PASSOS;-207.333.293;-466.060.067;P01003 - VISTORIA EM EVENTOS TEMPORARIOS (C) (Prioridade: 1 - Alta);1CIA IND/2CIA/PEL PREV E VIST(PASSOS);APF01362;Não;Não;Não;BOLETIM DE OCORRENCIA;Classificada;10/06/2025 07:47;Não
2025-39880543-6;(BM) 2025-026858005-001;09/06/2025 18:17;RUA BASTILHA, Nº 261 - RECANTO DEL REI - PASSOS;-20.728.892;-466.000.863;V01018 - VITIMA DE MAL NAO DEFINIDO (DISTURBIO) (C) (Prioridade: 1 - Alta);1CIA IND/2CIA/1PEL(PASSOS);UR04360;Não;Não;Não;BOLETIM DE OCORRENCIA;Classificada;10/06/2025 07:47;Não
2025-39882037-1;;09/06/2025 19:41;RUA PARA, Nº 1132 - BELA VISTA - PASSOS;-207.134.528;-466.006.196;V03018 - VITIMA DE QUEDA DA PROPRIA ALTURA (C) (Prioridade: 1 - Alta);1CIA IND/2CIA/1PEL(PASSOS);;Não;Não;Não;NÃO ATENDIDA: FALTA DE VIATURA;Classificada;09/06/2025 19:41;Não
2025-39883925-9;(BM) 2025-026877579-001;09/06/2025 21:37;RUA EQUADOR, Nº 361 - POLIVALENTE - PASSOS;-207.055.801;-466.055.253;S03003 - SALVAMENTO EM CASA (C) (Prioridade: 1 - Alta);1CIA IND/2CIA/1PEL(PASSOS);UR04360;Não;Não;Não;BOLETIM DE OCORRENCIA;Classificada;10/06/2025 07:46;Não
2025-39888339-3;(BM) 2025-027306963-001;10/06/2025 08:05;RUA DOUTOR CARVALHO, Nº 1455 - NOSSA SENHORA DAS GRAÇAS - PASSOS;-207.352.269;-466.037.303;Q03006 - TREINAMENTO DE FORMACAO DE BRIGADAS (C) (Prioridade: 2 - Média);1CIA IND/2CIA/PEL PREV E VIST(PASSOS);BM1728591;Não;Não;Não;BOLETIM DE OCORRENCIA;Classificada;12/06/2025 08:02;Não
2025-39892076-0;(BM) 2025-026966365-001;10/06/2025 12:59;RUA DOUTOR CARVALHO, Nº 1455 - NOSSA SENHORA DAS GRAÇAS - PASSOS;-207.352.269;-466.037.303;Q03006 - TREINAMENTO DE FORMACAO DE BRIGADAS (C) (Prioridade: 2 - Média);1CIA IND/2CIA/1PEL(PASSOS);BM1728633;Não;Não;Não;BOLETIM DE OCORRENCIA;Classificada;11/06/2025 07:58;Não
2025-39892525-1;(BM) 2025-026966324-001;10/06/2025 13:30;AVENIDA COMENDADOR FRANCISCO A MAIA, Nº 4050 - EXPOSICAO - PASSOS;-207.333.293;-466.060.067;P01003 - VISTORIA EM EVENTOS TEMPORARIOS (C) (Prioridade: 1 - Alta);1CIA IND/2CIA/PEL PREV E VIST(PASSOS);APF01362;Não;Não;Não;BOLETIM DE OCORRENCIA;Classificada;11/06/2025 07:58;Não
2025-39892692-3;(BM) 2025-027001489-001;10/06/2025 13:42;RUA VESPASIANO, Nº 979 - PENHA 2 - PASSOS;-207.187.462;-466.302.241;P02011 - VISTORIA EM ENXAME DE INSETOS (C) (Prioridade: 2 - Média);1CIA IND/2CIA/1PEL(PASSOS);ASL06087;Não;Não;Não;BOLETIM DE OCORRENCIA;Classificada;11/06/2025 07:58;Não
2025-39893104-9;(BM) 2025-027001410-001;10/06/2025 14:09;RODOVIA MG 050, Nº S/N - PASSOS;-207.372.242;-466.331.087;S05202 - CAPOTAMENTO DE CAMINHAO / CARRETA (C) (Prioridade: 1 - Alta);1CIA IND/2CIA/1PEL(PASSOS);UR04360;Não;Não;Não;BOLETIM DE OCORRENCIA;Classificada;11/06/2025 07:58;Não
2025-39899751-9;;10/06/2025 19:33;RUA PIRAPORA, Nº 96 - NOSSA SENHORA DE FATIMA - PASSOS;-206.995.608;-466.156.461;O02001 - INCENDIO EM RESIDENCIA/HABITACAO UNIFAMILIAR (CASA) (C) (Prioridade: 1 - Alta);1CIA IND/2CIA/1PEL(PASSOS);;Não;Não;Não;ORIENTAÇÃO;Classificada;10/06/2025 19:33;Não
2025-39902160-4;(BM) 2025-027073915-001;10/06/2025 22:05;RUA ANDORINHA, Nº 247 - NOSSA SENHORA DAS GRAÇAS - PASSOS;-207.400.153;-466.058.282;O02001 - INCENDIO EM RESIDENCIA/HABITACAO UNIFAMILIAR (CASA) (C) (Prioridade: 1 - Alta);1CIA IND/2CIA/1PEL(PASSOS);ABT00816;Não;Não;Não;BOLETIM DE OCORRENCIA;Classificada;11/06/2025 07:58;Não
2025-39906113-6;(BM) 2025-027111963-002;11/06/2025 07:58;RUA DOUTOR CARVALHO, Nº 1455 - NOSSA SENHORA DAS GRAÇAS - PASSOS;-207.352.269;-466.037.303;Q03006 - TREINAMENTO DE FORMACAO DE BRIGADAS (C) (Prioridade: 2 - Média);1CIA IND/2CIA/1PEL(PASSOS);BM1797430 / BM1637750;Não;Não;Não;BOLETIM DE OCORRENCIA;Classificada;12/06/2025 08:02;Não
2025-39907139-5;(BM) 2025-027137450-001;11/06/2025 09:20;RUA ETIOPIA, Nº 118 - CENTRO - PASSOS;-207.206.561;-466.046.298;P01002 - VISTORIA DE LIBERACAO / EMISSAO DE AVCB (C) (Prioridade: 2 - Média);1CIA IND/2CIA/PEL PREV E VIST(PASSOS);APF01362;Não;Não;Não;BOLETIM DE OCORRENCIA;Classificada;12/06/2025 08:02;Não
2025-39908157-2;(BM) 2025-027137673-001;11/06/2025 10:36;AVENIDA PADRE IVO SOARES MATOS, Nº S/N - CENTRO - DELFINOPOLIS;-203.464.276;-468.582.628;P01003 - VISTORIA EM EVENTOS TEMPORARIOS (C) (Prioridade: 1 - Alta);1CIA IND/2CIA/1PEL(PASSOS);ASL06087;Não;Não;Não;BOLETIM DE OCORRENCIA;Classificada;12/06/2025 08:02;Não
2025-39908195-1;(BM) 2025-027145955-001;11/06/2025 10:38;RUA ANTONIO ALVES DE MENDONCA, Nº 151 - VILA BETINHO - PASSOS;-207.163.549;-466.344.022;V01007 - VITIMA COM DISPNEIA (FALTA DE AR) (C) (Prioridade: 1 - Alta);1CIA IND/2CIA/1PEL(PASSOS);UR04360;Não;Não;Não;BOLETIM DE OCORRENCIA;Classificada;12/06/2025 08:02;Não
2025-39909833-1;(BM) 2025-027170385-001;11/06/2025 12:46;RUA PRESIDENTE ANTONIO CARLOS, Nº 105 - CENTRO - PASSOS;-20.720.047;-466.091.847;V03018 - VITIMA DE QUEDA DA PROPRIA ALTURA (C) (Prioridade: 1 - Alta);1CIA IND/2CIA/1PEL(PASSOS);UR04360;Não;Não;Não;BOLETIM DE OCORRENCIA;Classificada;12/06/2025 08:02;Não
2025-39909844-8;;11/06/2025 12:47;RUA ANAPOLIS, Nº 240 - JARDIM PLANALTO - PASSOS;-207.203.758;-466.240.262;S05315 - COLISAO ENTRE ONIBUS / MICRO-ONIBUS X MOTOCICLETA (C) (Prioridade: 1 - Alta);1CIA IND/2CIA/1PEL(PASSOS);;Não;Não;Não;ATENDIDA PELO SAMU;Classificada;11/06/2025 12:53;Não
2025-39910146-9;(BM) 2025-027170329-001;11/06/2025 13:11;RUA JOAO TEIXEIRA MENDES, Nº 940 - JARDIM CANADA - PASSOS;-207.502.323;-466.065.633;V01010 - VITIMA COM DOR TORACICA/SUSPEITA DE INFARTO (IAM) (C) (Prioridade: 1 - Alta);1CIA IND/2CIA/1PEL(PASSOS);UR04360;Não;Não;Não;BOLETIM DE OCORRENCIA;Classificada;12/06/2025 08:02;Não
2025-39910872-0;(BM) 2025-027167864-001;11/06/2025 14:03;AVENIDA PADRE IVO SOARES MATOS, Nº S/N - CENTRO - DELFINOPOLIS;-203.464.276;-468.582.628;P01003 - VISTORIA EM EVENTOS TEMPORARIOS (C) (Prioridade: 1 - Alta);1CIA IND/2CIA/1PEL(PASSOS);ASL06087;Não;Não;Não;BOLETIM DE OCORRENCIA;Classificada;12/06/2025 08:03;Não
2025-39913285-1;(BM) 2025-027199409-001;11/06/2025 16:05;RUA IPATINGA, Nº 561 - CALIFORNIA - PASSOS;-207.037.958;-466.195.999;V01008 - VITIMA COM DOR ABDOMINAL (ABDOME AGUDO) (C) (Prioridade: 1 - Alta);1CIA IND/2CIA/1PEL(PASSOS);UR04360;Não;Não;Não;BOLETIM DE OCORRENCIA;Classificada;12/06/2025 08:03;Não
2025-39914730-8;(BM) 2025-027231369-001;11/06/2025 17:17;RUA ANTONIO CELESTINO, Nº 909 - CENTRO - PASSOS;-207.134.344;-466.084.749;V03999 - OUTROS TIPOS DE APH DE TRAUMAS DIVERSOS   (C) (Prioridade: 1 - Alta);1CIA IND/2CIA/1PEL(PASSOS);UR04360;Não;Não;Não;BOLETIM DE OCORRENCIA;Classificada;12/06/2025 08:03;Não
2025-39917085-4;(BM) 2025-027249057-001;11/06/2025 19:26;AVENIDA COMENDADOR FRANCISCO A MAIA, Nº 1180 - PASSOS;-207.261.945;-466.113.168;S05103 - CHOQUE DE AUTOMOVEL (CARRO, CAMIONETA, CAMINHONETE) (C) (Prioridade: 1 - Alta);1CIA IND/2CIA/1PEL(PASSOS);UR04360;Não;Não;Não;BOLETIM DE OCORRENCIA;Classificada;12/06/2025 08:03;Não
2025-39919567-6;(BM) 2025-027264999-001;11/06/2025 22:01;RUA DAVID BALDINI, Nº S/N - CENTRO - PASSOS;-207.239.961;-46.606.548;O02003 - INCENDIO EM EDIFICACAO COMERCIAL (C) (Prioridade: 1 - Alta);1CIA IND/2CIA/1PEL(PASSOS);VOB00480;Não;Não;Não;BOLETIM DE OCORRENCIA;Classificada;12/06/2025 08:03;Não
2025-39923570-4;(BM) 2025-027305865-001;12/06/2025 07:29;RUA SANTOS REIS, Nº 215 - VILA SAO JOSE - PASSOS;-207.027.477;-466.437.167;V01008 - VITIMA COM DOR ABDOMINAL (ABDOME AGUDO) (C) (Prioridade: 1 - Alta);1CIA IND/2CIA/1PEL(PASSOS);UR04360;Não;Não;Não;BOLETIM DE OCORRENCIA;Classificada;13/06/2025 06:02;Não
2025-39923783-5;;12/06/2025 07:53;AVENIDA COMENDADOR FRANCISCO A MAIA, Nº 3201 - CENTRO - PASSOS;-207.265.566;-466.108.648;V02408 - VITIMA DE COLISAO ENTRE AUTOMOVEL X MOTOCICLETA (C) (Prioridade: 1 - Alta);1CIA IND/2CIA/1PEL(PASSOS);;Não;Não;Não;ATENDIDA PELO SAMU;Classificada;12/06/2025 08:03;Não
2025-39924320-2;(BM) 2025-027312735-001;12/06/2025 08:39;RUA BELO HORIZONTE, Nº 585 - ALPINOPOLIS;-208.647.766;-463.921.352;P01002 - VISTORIA DE LIBERACAO / EMISSAO DE AVCB (C) (Prioridade: 2 - Média);1CIA IND/2CIA/PEL PREV E VIST(PASSOS);APF01362;Não;Não;Não;BOLETIM DE OCORRENCIA;Classificada;13/06/2025 06:16;Não
2025-39925248-2;(BM) 2025-027323490-001;12/06/2025 09:59;RUA GOVERNADOR VALADARES, Nº S/N - MUARAMA 2 - PASSOS;-207.330.479;-466.150.874;P01001 - VISTORIA DE FISCALIZACAO (C) (Prioridade: 2 - Média);1CIA IND/2CIA/PEL PREV E VIST(PASSOS);APF01362;Não;Não;Não;BOLETIM DE OCORRENCIA;Classificada;13/06/2025 06:16;Não
2025-39926088-3;(BM) 2025-027333392-001;12/06/2025 10:55;AVENIDA GOVERNADOR VALADARES, Nº 546 - CENTRO - ALPINOPOLIS;-208.627.235;-463.869.228;P01001 - VISTORIA DE FISCALIZACAO (C) (Prioridade: 2 - Média);1CIA IND/2CIA/PEL PREV E VIST(PASSOS);APF01362;Não;Não;Não;BOLETIM DE OCORRENCIA;Classificada;13/06/2025 06:16;Não
2025-39926385-9;(BM) 2025-027336840-001;12/06/2025 11:13;RUA DOUTOR CARVALHO, Nº 1455 - NOSSA SENHORA DAS GRAÇAS - PASSOS;-207.352.269;-466.037.303;Q03005 - TREINAMENTO DE SALVAMENTO TERRESTRE (C) (Prioridade: 2 - Média);1CIA IND/2CIA/1PEL(PASSOS);BM1256320;Não;Não;Não;BOLETIM DE OCORRENCIA;Classificada;13/06/2025 06:16;Não
2025-39926613-1;(BM) 2025-027342970-001;12/06/2025 11:30;RUA NITEROI, Nº 1945 - RECANTO DA HARMONIA - PASSOS;-207.062.811;-465.958.132;P02011 - VISTORIA EM ENXAME DE INSETOS (C) (Prioridade: 2 - Média);1CIA IND/2CIA/1PEL(PASSOS);ASL06087;Não;Não;Não;BOLETIM DE OCORRENCIA;Classificada;13/06/2025 06:16;Não
2025-39926830-0;(BM) 2025-027342835-001;12/06/2025 11:48;RUA RIO PIRACICABA, Nº 340 - SANTA LUZIA - PASSOS;-207.092.332;-466.013.998;V01008 - VITIMA COM DOR ABDOMINAL (ABDOME AGUDO) (C) (Prioridade: 1 - Alta);1CIA IND/2CIA/1PEL(PASSOS);UR04360;Não;Não;Não;BOLETIM DE OCORRENCIA;Classificada;13/06/2025 06:16;Não
2025-39926884-9;(BM) 2025-027342941-001;12/06/2025 11:52;RUA JOSE VERISSIMO DA SILVA, Nº 375 - ALPINOPOLIS;-208.570.967;-463.746.654;P01001 - VISTORIA DE FISCALIZACAO (C) (Prioridade: 2 - Média);1CIA IND/2CIA/PEL PREV E VIST(PASSOS);APF01362;Não;Não;Não;BOLETIM DE OCORRENCIA;Classificada;13/06/2025 06:16;Não
2025-39927682-0;(BM) 2025-027352737-001;12/06/2025 13:08;AVENIDA ELDORADO, Nº S/N - JARDIM CIDADE - PASSOS;-207.288.849;-466.238.387;O04012 - INCENDIO EM LOTE VAGO (AREA URBANA) (C) (Prioridade: 2 - Média);1CIA IND/2CIA/1PEL(PASSOS);ABT00816;Não;Não;Não;BOLETIM DE OCORRENCIA;Classificada;13/06/2025 06:16;Não
2025-39928903-2;(BM) 2025-027374921-001;12/06/2025 14:23;RUA VIRGINIA, Nº 261 - COHAB 2 - PASSOS;-207.110.474;-466.307.714;V01008 - VITIMA COM DOR ABDOMINAL (ABDOME AGUDO) (C) (Prioridade: 1 - Alta);1CIA IND/2CIA/1PEL(PASSOS);UR04360;Não;Não;Não;BOLETIM DE OCORRENCIA;Classificada;13/06/2025 06:16;Não
2025-39929541-9;(BM) 2025-027374975-001;12/06/2025 14:49;RUA JORGE BACIL, Nº 411 - NOVA CALIFORNIA - PASSOS;-207.006.462;-466.230.629;O04012 - INCENDIO EM LOTE VAGO (AREA URBANA) (C) (Prioridade: 2 - Média);1CIA IND/2CIA/1PEL(PASSOS);VOB00480;Não;Não;Não;BOLETIM DE OCORRENCIA;Classificada;13/06/2025 06:16;Não
2025-39929654-5;(BM) 2025-027374830-001;12/06/2025 14:55;RUA DOUTOR CARVALHO, Nº 223 - CENTRO - PASSOS;-207.236.486;-466.077.814;P01001 - VISTORIA DE FISCALIZACAO (C) (Prioridade: 2 - Média);1CIA IND/2CIA/PEL PREV E VIST(PASSOS);APF01362;Não;Não;Não;BOLETIM DE OCORRENCIA;Classificada;13/06/2025 06:16;Não
2025-39929868-9;(BM) 2025-027397810-001;12/06/2025 15:06;RUA JACY A SACRAMENTO, Nº 21 - PARQUE DAS AROEIRAS - PASSOS;-207.235.146;-466.266.366;O04011 - INCENDIO EM AREA URBANA NAO PROTEGIDA (C) (Prioridade: 2 - Média);1CIA IND/2CIA/1PEL(PASSOS);VOB00480;Não;Não;Não;BOLETIM DE OCORRENCIA;Classificada;13/06/2025 06:16;Não
2025-39930011-2;(BM) 2025-027379608-001;12/06/2025 15:12;RUA IRLANDA, Nº 1120 - CONDOMÍNIO VALE VERDE - PASSOS;-207.251.685;-465.872.757;P01001 - VISTORIA DE FISCALIZACAO (C) (Prioridade: 2 - Média);1CIA IND/2CIA/PEL PREV E VIST(PASSOS);APF01362;Não;Não;Não;BOLETIM DE OCORRENCIA;Classificada;13/06/2025 06:16;Não
2025-39930425-5;;12/06/2025 15:30;AVENIDA COMENDADOR FRANCISCO A MAIA, Nº 1451 - CENTRO - PASSOS;-207.136.649;-466.098.506;X03000 - EMPENHO ADMINISTRATIVO (C) (Prioridade: 2 - Média);1CIA IND/2CIA/1PEL(PASSOS);ASL06087;Não;Não;Não;NADA CONSTATADO;Classificada;12/06/2025 16:14;Não
2025-39930459-7;(BM) 2025-027385620-001;12/06/2025 15:33;RUA GLORIA, Nº 315 - SAO BENEDITO - PASSOS;-207.184.349;-466.016.986;P01001 - VISTORIA DE FISCALIZACAO (C) (Prioridade: 2 - Média);1CIA IND/2CIA/PEL PREV E VIST(PASSOS);APF01362;Não;Não;Não;BOLETIM DE OCORRENCIA;Classificada;13/06/2025 06:16;Não
2025-39933351-7;;12/06/2025 17:53;RUA DALIAS, Nº 1325 - COHAB 3 - PASSOS;-207.041.851;-466.241.168;V03018 - VITIMA DE QUEDA DA PROPRIA ALTURA (C) (Prioridade: 1 - Alta);1CIA IND/2CIA/1PEL(PASSOS);;Não;Não;Não;DISPENSADA PELO SOLICITANTE;Classificada;12/06/2025 17:55;Não
2025-39940081-4;(BM) 2025-027484284-001;13/06/2025 01:47;RUA CANTO DA PENHA, Nº 32 - PENHA - PASSOS;-20.714.463;-466.230.896;V01007 - VITIMA COM DISPNEIA (FALTA DE AR) (C) (Prioridade: 1 - Alta);1CIA IND/2CIA/1PEL(PASSOS);UR04360;Não;Não;Não;BOLETIM DE OCORRENCIA;Classificada;13/06/2025 08:00;Não
2025-39941090-0;(BM) 2025-027491888-001;13/06/2025 06:44;AVENIDA OLIVEIRA REZENDE, Nº 1217 - CENTRO - SAO SEBASTIAO PARAISO;-209.098.609;-469.961.759;X03000 - EMPENHO ADMINISTRATIVO (C) (Prioridade: 2 - Média);1CIA IND/2CIA/PEL PREV E VIST(PASSOS);APF01362;Não;Não;Não;BOLETIM DE OCORRENCIA;Classificada;15/06/2025 08:02;Não
2025-39942163-8;(BM) 2025-027518397-001;13/06/2025 08:54;FAZENDA SBG0200 - SBG-010, Nº S/N - SAO JOAO BATISTA GLORIA;-206.064.743;-464.854.545;P01003 - VISTORIA EM EVENTOS TEMPORARIOS (C) (Prioridade: 1 - Alta);1CIA IND/2CIA/1PEL(PASSOS);ASL06087;Não;Não;Não;BOLETIM DE OCORRENCIA;Classificada;14/06/2025 07:13;Não
2025-39942622-3;;13/06/2025 09:35;TRAVESSA SAO JOAO, Nº 59 - PASSOS;;;V01023 - VITIMA DE SINCOPE (DESMAIO)/VERTIGEM (C) (Prioridade: 1 - Alta);1CIA IND/2CIA/1PEL(PASSOS);;Não;Não;Não;ATENDIDA PELO SAMU;Classificada;13/06/2025 09:48;Não
2025-39942652-4;;13/06/2025 09:37;RUA CAPITAO JOAQUIM BENTO, Nº 310 - ROSÁRIO - ALPINOPOLIS;-208.647.608;-463.822.052;S06003 - CAPTURA DE CAO PERIGOSO / AGRESSIVO (C) (Prioridade: 2 - Média);1CIA IND/2CIA/1PEL(PASSOS);VOB00480;Não;Não;Não;DISPENSADA PELO SOLICITANTE;Classificada;13/06/2025 18:17;Não
2025-39944323-3;(BM) 2025-027540265-001;13/06/2025 11:49;RUA ARGEMIRO CELESTINO MARTINS, Nº 211 - NOVA CALIFORNIA - PASSOS;-207.020.262;-466.222.167;S06001 - SALVAMENTO DE ANIMAL EM RISCO / PERIGO (C) (Prioridade: 2 - Média);1CIA IND/2CIA/1PEL(PASSOS);ASL06087;Não;Não;Não;BOLETIM DE OCORRENCIA;Classificada;14/06/2025 07:14;Não
2025-39947477-3;(BM) 2025-027573895-001;13/06/2025 15:18;RUA ELZO CALIXTO MATTAR, Nº S/N - CENTENARIO - PASSOS;-207.310.844;-466.138.722;V03021 - VITIMA DE SUICIDIO (TENTATIVA) - APH TRAUMA (C) (Prioridade: 1 - Alta);1CIA IND/2CIA/1PEL(PASSOS);UR04360;Não;Não;Não;BOLETIM DE OCORRENCIA;Classificada;14/06/2025 07:13;Não
2025-39948332-6;(BM) 2025-027595867-001;13/06/2025 16:03;RUA SANTO ANTONIO, Nº 163 - CENTRO - PASSOS;-207.159.411;-466.106.798;V01013 - VITIMA DE EMERGENCIAS PSIQUIATRICAS (C) (Prioridade: 1 - Alta);1CIA IND/2CIA/1PEL(PASSOS);UR04360;Não;Não;Não;BOLETIM DE OCORRENCIA;Classificada;14/06/2025 07:13;Não
2025-39948357-7;(BM) 2025-027577291-001;13/06/2025 16:05;AVENIDA DOUTOR BRENO SOARES MAIA, Nº 681 - NOVO HORIZONTE - PASSOS;-207.325.673;-466.028.408;V03018 - VITIMA DE QUEDA DA PROPRIA ALTURA (C) (Prioridade: 1 - Alta);1CIA IND/2CIA/1PEL(PASSOS);UR04360;Não;Não;Não;BOLETIM DE OCORRENCIA;Classificada;14/06/2025 07:13;Não
2025-39949291-6;;13/06/2025 16:51;AVENIDA DONA LIQUINHA SILVEIRA, Nº 975 - COHAB 3 - PASSOS;-207.076.609;-466.226.318;V02408 - VITIMA DE COLISAO ENTRE AUTOMOVEL X MOTOCICLETA (C) (Prioridade: 1 - Alta);1CIA IND/2CIA/1PEL(PASSOS);;Não;Não;Não;ATENDIDA PELO SAMU;Classificada;13/06/2025 17:42;Não
2025-39949363-5;(PM) 2025-027589935-001;13/06/2025 16:55;AVENIDA DONA LIQUINHA SILVEIRA, Nº 975 - COHAB 3 - PASSOS;-207.076.609;-466.226.318;W98011 - SOLICITACAO DE APOIO (C) (Prioridade: 1 - Alta);1CIA IND/2CIA/1PEL(PASSOS);;Não;Não;Não;DUPLICADA;Classificada;13/06/2025 17:41;Não
2025-39951783-3;;13/06/2025 19:13;RUA JOAO TEIXEIRA MENDES, Nº S/N - FLAMBOYANT - PASSOS;-207.548.252;-466.033.392;P03999 - OUTROS TIPOS DE PCI / PCA   (C) (Prioridade: 2 - Média);1CIA IND/2CIA/1PEL(PASSOS);ASL06087;Não;Não;Não;ATENDIDA PELO SAMU;Classificada;14/06/2025 07:14;Não
2025-39960327-5;(BM) 2025-027691580-001;14/06/2025 09:52;RUA DOUTOR CARVALHO, Nº 506 - BELO HORIZONTE - PASSOS;-207.261.064;-466.071.613;V02205 - VITIMA DE CHOQUE DE ONIBUS / MICRO-ONIBUS (C) (Prioridade: 1 - Alta);1CIA IND/2CIA/1PEL(PASSOS);UR04360;Não;Não;Não;BOLETIM DE OCORRENCIA;Classificada;15/06/2025 08:03;Não
2025-39961981-3;(BM) 2025-027797843-001;14/06/2025 12:38;BECO MOGIANA, Nº 12 - PARQUE DA ESTACAO - PASSOS;-207.067.296;-466.115.107;O04013 - INCENDIO EM PASTO (C) (Prioridade: 2 - Média);1CIA IND/2CIA/1PEL(PASSOS);VOB00480;Não;Não;Não;BOLETIM DE OCORRENCIA;Classificada;15/06/2025 08:03;Não
2025-39965411-7;(BM) 2025-027743848-001;14/06/2025 16:38;RUA ALFA, Nº 135 - JARDIM SATELITE - PASSOS;-207.124.752;-466.184.522;V01023 - VITIMA DE SINCOPE (DESMAIO)/VERTIGEM (C) (Prioridade: 1 - Alta);1CIA IND/2CIA/1PEL(PASSOS);UR04360;Não;Não;Não;BOLETIM DE OCORRENCIA;Classificada;15/06/2025 08:03;Não
2025-39968143-6;(BM) 2025-027757867-001;14/06/2025 19:21;RUA JURANDIR LEANDRO VIEIRA, Nº S/N - RESIDENCIAL VILLAGIO DI ITALIA - PASSOS;-207.345.147;-465.913.156;P02001 - VISTORIA EM HIDRANTE (C) (Prioridade: 2 - Média);1CIA IND/2CIA/1PEL(PASSOS);ASL06087;Não;Não;Não;BOLETIM DE OCORRENCIA;Classificada;15/06/2025 08:03;Não
2025-39968268-1;(BM) 2025-027759916-001;14/06/2025 19:29;RUA JOSE MERCHIORATO, Nº S/N - SANTA CASA - PASSOS;-207.115.647;-466.110.439;P02001 - VISTORIA EM HIDRANTE (C) (Prioridade: 2 - Média);1CIA IND/2CIA/1PEL(PASSOS);ASL06087;Não;Não;Não;BOLETIM DE OCORRENCIA;Classificada;15/06/2025 08:03;Não
2025-39969470-8;(BM) 2025-027797711-001;14/06/2025 20:43;RUA DOUTOR JOSE LEMOS DE BARROS / RUA FORMIGA - MARIO MAGALHAES - PASSOS;-207.264.215;-466.126.519;O04012 - INCENDIO EM LOTE VAGO (AREA URBANA) (C) (Prioridade: 2 - Média);1CIA IND/2CIA/1PEL(PASSOS);VOB00480;Não;Não;Não;BOLETIM DE OCORRENCIA;Classificada;15/06/2025 08:03;Não
2025-39971673-8;(BM) 2025-027797501-001;14/06/2025 22:54;RUA ELZO CALIXTO MATTAR, Nº S/N - CENTENARIO - PASSOS;-207.310.844;-466.138.722;V01020 - VITIMA COM PARADA CARDIORRESPIRATORIA (C) (Prioridade: 1 - Alta);1CIA IND/2CIA/1PEL(PASSOS);UR04360;Não;Não;Não;BOLETIM DE OCORRENCIA;Classificada;15/06/2025 08:03;Não
2025-39972208-3;;14/06/2025 23:26;RUA JAIR SOARES DA SILVA, Nº 102 - VILA BETINHO - PASSOS;-207.163.674;-466.366.704;V03018 - VITIMA DE QUEDA DA PROPRIA ALTURA (C) (Prioridade: 1 - Alta);1CIA IND/2CIA/1PEL(PASSOS);;Não;Não;Não;ATENDIDA PELO SAMU;Classificada;14/06/2025 23:58;Não
2025-39972495-7;;14/06/2025 23:42;AVENIDA JUCA STOCKLER, Nº 1130 - BELO HORIZONTE - PASSOS;-207.329.175;-466.039.505;V02502 - VITIMA DE QUEDA (MOTOCICLISTA) (C) (Prioridade: 1 - Alta);1CIA IND/2CIA/1PEL(PASSOS);;Não;Não;Não;NÃO ATENDIDA: FALTA DE VIATURA;Classificada;14/06/2025 23:43;Não
2025-39972604-0;(BM) 2025-027797605-001;14/06/2025 23:46;AVENIDA JUCA STOCKLER, Nº S/N - NOVO HORIZONTE - PASSOS;-207.366.397;-466.024.583;V02502 - VITIMA DE QUEDA (MOTOCICLISTA) (C) (Prioridade: 1 - Alta);1CIA IND/2CIA/1PEL(PASSOS);UR04360;Não;Não;Não;BOLETIM DE OCORRENCIA;Classificada;15/06/2025 08:03;Não
2025-39976605-5;(BM) 2025-027825959-001;15/06/2025 08:54;AVENIDA JK, Nº S/N - MONSENHOR MESSIAS - PASSOS;-207.342.178;-465.979.772;P03009 - PREVENCAO EM PONTO-BASE / FERIADOS PROLONGADOS (C) (Prioridade: 2 - Média);1CIA IND/2CIA/1PEL(PASSOS);UR04360;Não;Não;Não;BOLETIM DE OCORRENCIA;Classificada;16/06/2025 09:16;Não
2025-39977397-5;(BM) 2025-027834570-001;15/06/2025 10:25;AVENIDA JUCA STOCKLER, Nº 1975 - NOSSA SENHORA DAS GRAÇAS - PASSOS;-20.739.807;-466.018.898;V01003 - VITIMA COM CRISE CONVULSIVA (C) (Prioridade: 1 - Alta);1CIA IND/2CIA/1PEL(PASSOS);UR04360;Não;Não;Não;BOLETIM DE OCORRENCIA;Classificada;16/06/2025 09:16;Não
2025-39978705-0;(BM) 2025-027844507-001;15/06/2025 12:59;RUA PADRE AURELIANO INACIO DE ANDRADE, Nº 251 - PENHA 2 - PASSOS;-207.173.086;-466.328.368;V01008 - VITIMA COM DOR ABDOMINAL (ABDOME AGUDO) (C) (Prioridade: 1 - Alta);1CIA IND/2CIA/1PEL(PASSOS);UR04360;Não;Não;Não;BOLETIM DE OCORRENCIA;Classificada;16/06/2025 09:17;Não
2025-39978826-5;;15/06/2025 13:14;RUA CARAN, Nº 211 - PENHA - PASSOS;-207.161.912;-466.262.821;S03999 - OUTROS TIPOS DE SALVAMENTO EM ALTURA   (C) (Prioridade: 1 - Alta);1CIA IND/2CIA/1PEL(PASSOS);;Não;Não;Não;DISPENSADA PELO SOLICITANTE;Classificada;15/06/2025 13:14;Não
2025-39979192-3;(BM) 2025-027871776-001;15/06/2025 13:51;RUA AMAPA, Nº 3048 - RECANTO DA HARMONIA - PASSOS;-207.020.555;-465.911.798;O04012 - INCENDIO EM LOTE VAGO (AREA URBANA) (C) (Prioridade: 2 - Média);1CIA IND/2CIA/1PEL(PASSOS);VOB00480;Não;Não;Não;BOLETIM DE OCORRENCIA;Classificada;16/06/2025 09:16;Não
2025-39981096-2;(BM) 2025-027871685-001;15/06/2025 15:53;AVENIDA EXPEDICIONARIOS / RUA SURINAME - NOVO MUNDO - PASSOS;-207.247.715;-465.911.472;O04011 - INCENDIO EM AREA URBANA NAO PROTEGIDA (C) (Prioridade: 2 - Média);1CIA IND/2CIA/1PEL(PASSOS);VOB00480;Não;Não;Não;BOLETIM DE OCORRENCIA;Classificada;16/06/2025 09:16;Não
2025-39982155-5;(BM) 2025-027889618-001;15/06/2025 17:02;RODOVIA PREFEITO ALS1877 - OSWALDO AMERICO DOS REIS, Nº S/N - ALPINOPOLIS;-208.334.649;-463.678.825;O04013 - INCENDIO EM PASTO (C) (Prioridade: 2 - Média);1CIA IND/2CIA/1PEL(PASSOS);ASL06087;Não;Não;Não;BOLETIM DE OCORRENCIA;Classificada;16/06/2025 09:16;Não
2025-39984257-6;(BM) 2025-027898151-001;15/06/2025 19:03;RUA JESO RIBEIRO DE ABREU, Nº 330 - NOVA CALIFORNIA - PASSOS;;;V01023 - VITIMA DE SINCOPE (DESMAIO)/VERTIGEM (C) (Prioridade: 1 - Alta);1CIA IND/2CIA/1PEL(PASSOS);UR04360;Não;Não;Não;BOLETIM DE OCORRENCIA;Classificada;16/06/2025 09:17;Não
2025-39987290-8;(BM) 2025-027927889-001;15/06/2025 22:14;AVENIDA ARLINDO FIGUEIREDO, Nº 1001 - JARDIM PINHEIROS 2 - PASSOS;-207.260.793;-466.223.701;V01010 - VITIMA COM DOR TORACICA/SUSPEITA DE INFARTO (IAM) (C) (Prioridade: 1 - Alta);1CIA IND/2CIA/1PEL(PASSOS);UR04360;Não;Não;Não;BOLETIM DE OCORRENCIA;Classificada;16/06/2025 09:17;Não
2025-39987313-1;(BM) 2025-027925510-001;15/06/2025 22:16;ALAMEDA ARUEIRAS, Nº 11 - PASSOS;;;V03021 - VITIMA DE SUICIDIO (TENTATIVA) - APH TRAUMA (C) (Prioridade: 1 - Alta);1CIA IND/2CIA/1PEL(PASSOS);UR04360;Não;Não;Não;BOLETIM DE OCORRENCIA;Classificada;16/06/2025 09:17;Não
2025-39990415-0;(BM) 2025-027952594-001;16/06/2025 06:32;RUA FLORIPES NOGUEIRA MENDES, Nº 61 - SAO JOAQUIM - PASSOS;-207.433.476;-466.034.477;V02502 - VITIMA DE QUEDA (MOTOCICLISTA) (C) (Prioridade: 1 - Alta);1CIA IND/2CIA/1PEL(PASSOS);UR04360;Não;Não;Não;BOLETIM DE OCORRENCIA;Classificada;16/06/2025 09:17;Não
2025-39990903-3;(BM) 2025-027958773-001;16/06/2025 07:40;RUA CORONEL JOAO LOURENCO, Nº 52 - CALIFORNIA - PASSOS;;;S06002 - CAPTURA DE ANIMAL SILVESTRE PERIGOSO / AGRESSIVO (C) (Prioridade: 2 - Média);1CIA IND/2CIA/1PEL(PASSOS);ASL06087;Não;Não;Não;BOLETIM DE OCORRENCIA;Classificada;17/06/2025 08:02;Não
2025-39990955-7;(BM) 2025-027958808-001;16/06/2025 07:49;RUA PADRE PIRES, Nº S/N - SAO FRANCISCO - PASSOS;-207.276.972;-466.207.661;O02001 - INCENDIO EM RESIDENCIA/HABITACAO UNIFAMILIAR (CASA) (C) (Prioridade: 1 - Alta);1CIA IND/2CIA/1PEL(PASSOS);VOB00480;Não;Não;Não;BOLETIM DE OCORRENCIA;Classificada;17/06/2025 08:04;Não
2025-39991392-1;(BM) 2025-027961407-001;16/06/2025 08:29;RUA CARMO DO RIO CLARO, Nº 80 - FURNAS - SAO JOSE DA BARRA;-206.868.384;-463.352.963;P01002 - VISTORIA DE LIBERACAO / EMISSAO DE AVCB (C) (Prioridade: 2 - Média);1CIA IND/2CIA/PEL PREV E VIST(PASSOS);APF01362;Não;Não;Não;BOLETIM DE OCORRENCIA;Classificada;17/06/2025 08:02;Não
2025-39991572-3;(BM) 2025-027967630-001;16/06/2025 08:42;RUA QUILOMBO, Nº 484 - CASARAO - PASSOS;-207.191.345;-465.865.791;S06001 - SALVAMENTO DE ANIMAL EM RISCO / PERIGO (C) (Prioridade: 2 - Média);1CIA IND/2CIA/1PEL(PASSOS);ASL06087;Não;Não;Não;BOLETIM DE OCORRENCIA;Classificada;17/06/2025 08:03;Não
2025-39993068-4;(BM) 2025-027984890-001;16/06/2025 10:38;AVENIDA JUCA STOCKLER, Nº 957 - BELO HORIZONTE - PASSOS;-207.310.575;-466.038.312;V01008 - VITIMA COM DOR ABDOMINAL (ABDOME AGUDO) (C) (Prioridade: 1 - Alta);1CIA IND/2CIA/1PEL(PASSOS);UR04360;Não;Não;Não;BOLETIM DE OCORRENCIA;Classificada;17/06/2025 08:04;Não
2025-39993266-8;(BM) 2025-027986216-001;16/06/2025 10:52;RUA ENGENHEIROS, Nº S/N - BELO HORIZONTE - PASSOS;-207.294.706;-466.069.895;X03000 - EMPENHO ADMINISTRATIVO (C) (Prioridade: 2 - Média);1CIA IND/2CIA/1PEL(PASSOS);ASL06087;Não;Não;Não;BOLETIM DE OCORRENCIA;Classificada;17/06/2025 08:03;Não
2025-39994547-2;(BM) 2025-028006777-001;16/06/2025 12:34;RUA OSVALDO BATISTA BONFIM, Nº 506 - SERRA VERDE - PASSOS;-207.421.145;-465.940.167;S06001 - SALVAMENTO DE ANIMAL EM RISCO / PERIGO (C) (Prioridade: 2 - Média);1CIA IND/2CIA/1PEL(PASSOS);ASL06087;Não;Não;Não;BOLETIM DE OCORRENCIA;Classificada;17/06/2025 08:03;Não
2025-39995372-6;;16/06/2025 13:36;RUA EGITO, Nº S/N - NOVO MUNDO 4 - PASSOS;-207.265.797;-465.873.388;O04013 - INCENDIO EM PASTO (C) (Prioridade: 2 - Média);1CIA IND/2CIA/1PEL(PASSOS);VOB00480;Não;Não;Não;DISPENSADA PELO SOLICITANTE;Classificada;16/06/2025 13:40;Não
2025-39995570-0;(BM) 2025-028011795-001;16/06/2025 13:48;RODOVIA MG 050, Nº S/N - PASSOS;-207.372.242;-466.331.087;P01001 - VISTORIA DE FISCALIZACAO (C) (Prioridade: 2 - Média);1CIA IND/2CIA/PEL PREV E VIST(PASSOS);APF01362;Não;Não;Não;BOLETIM DE OCORRENCIA;Classificada;17/06/2025 08:03;Não
2025-39997753-0;(BM) 2025-028040351-001;16/06/2025 15:33;RUA DOUTOR CARVALHO, Nº 1455 - NOSSA SENHORA DAS GRAÇAS - PASSOS;-207.352.269;-466.037.303;V03012 - VITIMA COM OBJETO PRESO AO CORPO (C) (Prioridade: 1 - Alta);1CIA IND/2CIA/1PEL(PASSOS);BM1256320;Não;Não;Não;BOLETIM DE OCORRENCIA;Classificada;17/06/2025 08:04;Não
2025-39998646-6;(BM) 2025-028060612-001;16/06/2025 16:17;RODOVIA ADOLFO ENGEL, Km 10, Nº 184 - CARMO DO RIO CLARO;;;O02031 - INCENDIO EM MAQUINARIO AGRICOLA (C) (Prioridade: 1 - Alta);1CIA IND/2CIA/1PEL(PASSOS);VOB00480 / UR04360;Não;Não;Não;BOLETIM DE OCORRENCIA;Classificada;17/06/2025 08:04;Não
2025-39998917-1;(BM) 2025-028075909-001;16/06/2025 16:28;RUA SAO JOSE, Nº 383 - COUNTRY CLUB - POCOS DE CALDAS;-217.879.388;-465.912.394;X03000 - EMPENHO ADMINISTRATIVO (C) (Prioridade: 2 - Média);1CIA IND/2CIA/1PEL(PASSOS);ASL06087;Não;Não;Não;BOLETIM DE OCORRENCIA;Classificada;20/06/2025 10:46;Não
2025-40008201-2;(BM) 2025-028156610-001;17/06/2025 07:01;RUA DOUTOR CARVALHO, Nº 1455 - NOSSA SENHORA DAS GRAÇAS - PASSOS;-207.352.269;-466.037.303;Q03017 - TREINAMENTO DE PRIMEIROS SOCORROS (C) (Prioridade: 2 - Média);1CIA IND/2CIA/1PEL(PASSOS);BM1256320;Não;Não;Não;ATENDIDA PELO SAMU;Classificada;17/06/2025 08:03;Não
2025-40008280-9;(BM) 2025-028153660-001;17/06/2025 07:09;ESTRADA JULIEIRA, Nº S/N - NOVA CALIFORNIA - PASSOS;-207.018.793;-466.242.379;V01003 - VITIMA COM CRISE CONVULSIVA (C) (Prioridade: 1 - Alta);1CIA IND/2CIA/1PEL(PASSOS);UR04360;Não;Não;Não;BOLETIM DE OCORRENCIA;Classificada;17/06/2025 08:08;Não
2025-40008996-0;(BM) 2025-028156470-001;17/06/2025 08:32;RUA CEARA, Nº 1635 - JARDIM COLEGIO DE PASSOS - PASSOS;-207.226.795;-465.928.158;S06002 - CAPTURA DE ANIMAL SILVESTRE PERIGOSO / AGRESSIVO (C) (Prioridade: 2 - Média);1CIA IND/2CIA/1PEL(PASSOS);BM1526367;Não;Não;Não;BOLETIM DE OCORRENCIA;Classificada;20/06/2025 10:47;Não
2025-40009156-5;(BM) 2025-028174259-001;17/06/2025 08:43;RUA PADRE PIRES, Nº 152 - SAO FRANCISCO - PASSOS;-207.268.337;-466.181.595;V01999 - OUTROS TIPOS DE APH CLINICO (C) (Prioridade: 1 - Alta);1CIA IND/2CIA/1PEL(PASSOS);UR04360;Não;Não;Não;BOLETIM DE OCORRENCIA;Classificada;20/06/2025 10:47;Não
2025-40009518-4;;17/06/2025 09:15;AVENIDA COMENDADOR FRANCISCO A MAIA, Nº S/N - SANTA CASA - PASSOS;-207.146.788;-466.127.072;V03018 - VITIMA DE QUEDA DA PROPRIA ALTURA (C) (Prioridade: 1 - Alta);1CIA IND/2CIA/1PEL(PASSOS);;Não;Não;Não;NÃO ATENDIDA: FALTA DE EFETIVO;Classificada;17/06/2025 09:15;Não
2025-40009812-1;;17/06/2025 09:37;AVENIDA SABIA, Nº S/N - MUARAMA 2 - PASSOS;-207.330.855;-466.157.928;V03018 - VITIMA DE QUEDA DA PROPRIA ALTURA (C) (Prioridade: 1 - Alta);1CIA IND/2CIA/1PEL(PASSOS);;Não;Não;Não;NÃO ATENDIDA: FALTA DE EFETIVO;Classificada;17/06/2025 09:37;Não
2025-40010278-0;;17/06/2025 10:12;RUA RIO PARDO, Nº 1139 - RECANTO DA HARMONIA - PASSOS;-20.702.583;-465.985.696;S06003 - CAPTURA DE CAO PERIGOSO / AGRESSIVO (C) (Prioridade: 2 - Média);1CIA IND/2CIA/1PEL(PASSOS);VOB00480;Não;Não;Não;DISPENSADA PELO SOLICITANTE;Classificada;17/06/2025 10:59;Não
2025-40011104-4;;17/06/2025 11:10;RUA ANTONIO BORTOLAN, Nº S/N - POCOS DE CALDAS;;;V02408 - VITIMA DE COLISAO ENTRE AUTOMOVEL X MOTOCICLETA (C) (Prioridade: 1 - Alta);1CIA IND (POCOS DE CALDAS);;Não;Não;Não;NÃO ATENDIDA: FALTA DE EFETIVO;Classificada;17/06/2025 11:10;Não
2025-40011246-9;(BM) 2025-028191494-001;17/06/2025 11:22;RUA PICA PAU, Nº 1970 - NOSSA SENHORA APARECIDA - PASSOS;-207.427.544;-466.058.947;V01006 - VITIMA COM DIFICULDADE DE LOCOMOCAO (C) (Prioridade: 1 - Alta);1CIA IND/2CIA/1PEL(PASSOS);UR04360;Não;Não;Não;BOLETIM DE OCORRENCIA;Classificada;20/06/2025 10:48;Não
2025-40011787-9;;17/06/2025 12:06;RUA APARECIDA CARDOSO, Nº 378 - SERRO ALEGRE - DELFINOPOLIS;;;S06001 - SALVAMENTO DE ANIMAL EM RISCO / PERIGO (C) (Prioridade: 2 - Média);1CIA IND/2CIA/1PEL(PASSOS);;Não;Não;Não;ORIENTAÇÃO;Classificada;17/06/2025 15:36;Não
2025-40012143-1;(BM) 2025-028194171-001;17/06/2025 12:40;RODOVIA MG 050, Nº S/N - PASSOS;-207.372.242;-466.331.087;X03000 - EMPENHO ADMINISTRATIVO (C) (Prioridade: 2 - Média);1CIA IND/2CIA/1PEL(PASSOS);UR04360;Não;Não;Não;BOLETIM DE OCORRENCIA;Classificada;20/06/2025 10:47;Não
2025-40012918-0;(BM) 2025-028201435-001;17/06/2025 13:41;RUA ODELIO BALDINI, Nº 64 - JARDIM SATELITE - PASSOS;-207.115.015;-46.623.558;P01001 - VISTORIA DE FISCALIZACAO (C) (Prioridade: 2 - Média);1CIA IND/2CIA/PEL PREV E VIST(PASSOS);APF01362;Não;Não;Não;BOLETIM DE OCORRENCIA;Classificada;20/06/2025 10:47;Não
2025-40012937-5;(BM) 2025-028207144-001;17/06/2025 13:44;AVENIDA ARLINDO FIGUEIREDO, Nº 1627 - JARDIM CIDADE - PASSOS;-207.291.814;-466.250.004;S06001 - SALVAMENTO DE ANIMAL EM RISCO / PERIGO (C) (Prioridade: 2 - Média);1CIA IND/2CIA/1PEL(PASSOS);VOB00480;Não;Não;Não;BOLETIM DE OCORRENCIA;Classificada;20/06/2025 10:47;Não
2025-40013343-6;(BM) 2025-028206503-001;17/06/2025 14:08;RUA PEDRO SICAR ROMANELLI, Nº 141 - COHAB 3 - PASSOS;-207.018.864;-466.253.324;P01001 - VISTORIA DE FISCALIZACAO (C) (Prioridade: 2 - Média);1CIA IND/2CIA/PEL PREV E VIST(PASSOS);APF01362;Não;Não;Não;BOLETIM DE OCORRENCIA;Classificada;20/06/2025 10:47;Não
2025-40017546-5;(BM) 2025-028279323-001;17/06/2025 17:35;AVENIDA ARLINDO FIGUEIREDO, Nº 1001 - JARDIM PINHEIROS 2 - PASSOS;-207.260.793;-466.223.701;S06003 - CAPTURA DE CAO PERIGOSO / AGRESSIVO (C) (Prioridade: 2 - Média);1CIA IND/2CIA/1PEL(PASSOS);ASL06087;Não;Não;Não;BOLETIM DE OCORRENCIA;Classificada;20/06/2025 10:47;Não
2025-40019707-3;(BM) 2025-028281153-001;17/06/2025 19:47;RUA SANTO ANTONIO, Nº 163 - CENTRO - PASSOS;-207.159.411;-466.106.798;V01006 - VITIMA COM DIFICULDADE DE LOCOMOCAO (C) (Prioridade: 1 - Alta);1CIA IND/2CIA/1PEL(PASSOS);UR04360;Não;Não;Não;BOLETIM DE OCORRENCIA;Classificada;20/06/2025 10:48;Não
2025-40024293-1;(BM) 2025-028328581-001;18/06/2025 02:01;RUA DALIAS, Nº 820 - PANORAMA - PASSOS;-207.064.027;-466.205.952;V01011 - VITIMA COM DOR RENAL (COLICA) (C) (Prioridade: 1 - Alta);1CIA IND/2CIA/1PEL(PASSOS);UR04360;Não;Não;Não;BOLETIM DE OCORRENCIA;Classificada;20/06/2025 10:48;Não
2025-40024442-0;;18/06/2025 02:44;RUA NOVA RESENDE, Nº 495 - NOSSA SENHORA DE FATIMA - PASSOS;-206.993.547;-466.105.881;V01007 - VITIMA COM DISPNEIA (FALTA DE AR) (C) (Prioridade: 1 - Alta);1CIA IND/2CIA/1PEL(PASSOS);;Não;Não;Não;ATENDIDA PELO SAMU;Classificada;18/06/2025 03:08;Não
2025-40025372-1;(BM) 2025-028336889-001;18/06/2025 07:27;LUGAREJO BRU0174 - CORREGO DO FEIJAO, Nº S/N - BRUMADINHO;-201.357.485;-441.091.274;X03000 - EMPENHO ADMINISTRATIVO (C) (Prioridade: 2 - Média);1CIA IND/2CIA/1PEL(PASSOS);BM1551779;Não;Não;Não;BOLETIM DE OCORRENCIA;Classificada;26/06/2025 08:29;Não
2025-40025570-5;(BM) 2025-028346200-001;18/06/2025 07:43;RUA MARANHAO, Nº 157 - CARMELO - PASSOS;-207.156.403;-466.019.521;V01018 - VITIMA DE MAL NAO DEFINIDO (DISTURBIO) (C) (Prioridade: 1 - Alta);1CIA IND/2CIA/1PEL(PASSOS);UR04360;Não;Não;Não;BOLETIM DE OCORRENCIA;Classificada;20/06/2025 10:48;Não
2025-40026777-9;(BM) 2025-028352615-001;18/06/2025 09:26;RUA JUAREZ MELO LEMOS, Nº 337 - JARDIM SATELITE - PASSOS;-207.124.892;-466.228.931;V01003 - VITIMA COM CRISE CONVULSIVA (C) (Prioridade: 1 - Alta);1CIA IND/2CIA/1PEL(PASSOS);UR04360;Não;Não;Não;BOLETIM DE OCORRENCIA;Classificada;20/06/2025 10:48;Não
2025-40027415-3;(BM) 2025-028359097-001;18/06/2025 10:09;RODOVIA SBG0069 - SBG 040, Nº S/N - SAO JOAO BATISTA GLORIA;-205.764.746;-465.857.206;P01003 - VISTORIA EM EVENTOS TEMPORARIOS (C) (Prioridade: 1 - Alta);1CIA IND/2CIA/PEL PREV E VIST(PASSOS);APF01362;Não;Não;Não;BOLETIM DE OCORRENCIA;Classificada;20/06/2025 10:48;Não
2025-40029006-5;(BM) 2025-028380497-001;18/06/2025 12:08;RUA ITABIRA, Nº 165 - CALIFORNIA - PASSOS;-207.043.156;-466.155.822;V01018 - VITIMA DE MAL NAO DEFINIDO (DISTURBIO) (C) (Prioridade: 1 - Alta);1CIA IND/2CIA/1PEL(PASSOS);UR00565;Não;Não;Não;BOLETIM DE OCORRENCIA;Classificada;20/06/2025 10:48;Não
2025-40029644-1;;18/06/2025 13:05;AVENIDA AROUCA, Nº S/N - CENTRO - PASSOS;-20.715.228;-466.094.169;V02202 - VITIMA DE CHOQUE DE MOTOCICLETA (C) (Prioridade: 1 - Alta);1CIA IND/2CIA/1PEL(PASSOS);;Não;Não;Não;NÃO ATENDIDA: FALTA DE EFETIVO;Classificada;18/06/2025 13:05;Não
2025-40029663-6;(BM) 2025-028387902-001;18/06/2025 13:07;AVENIDA AROUCA, Nº 660 - CENTRO - PASSOS;-207.186.467;-466.072.859;V02408 - VITIMA DE COLISAO ENTRE AUTOMOVEL X MOTOCICLETA (C) (Prioridade: 1 - Alta);1CIA IND/2CIA/1PEL(PASSOS);UR00565;Não;Não;Não;BOLETIM DE OCORRENCIA;Classificada;20/06/2025 10:48;Não
2025-40030908-9;(BM) 2025-028407918-001;18/06/2025 14:29;RUA JOSE ALVES DA CRUZ, Nº 80 - SAO JOAO BATISTA GLORIA;-206.300.035;-465.103.431;P01002 - VISTORIA DE LIBERACAO / EMISSAO DE AVCB (C) (Prioridade: 2 - Média);1CIA IND/2CIA/PEL PREV E VIST(PASSOS);APF01362;Não;Não;Não;BOLETIM DE OCORRENCIA;Classificada;20/06/2025 10:47;Não
2025-40031765-9;(BM) 2025-028431240-001;18/06/2025 15:06;RUA PIVERLI PIASSI PIMENTA, Nº 222 - JARDIM CANADA - PASSOS;-207.530.341;-466.077.773;V01024 - VITIMA DE SUICIDIO (TENTATIVA) - APH CLINICO (C) (Prioridade: 1 - Alta);1CIA IND/2CIA/1PEL(PASSOS);UR00565;Não;Não;Não;BOLETIM DE OCORRENCIA;Classificada;20/06/2025 10:48;Não
2025-40042442-1;(BM) 2025-028519107-001;19/06/2025 03:11;AVENIDA PERIMETRAL, Nº S/N - PARQUE DA ESTACAO - PASSOS;-207.057.771;-466.097.547;O04013 - INCENDIO EM PASTO (C) (Prioridade: 2 - Média);1CIA IND/2CIA/1PEL(PASSOS);VOB00480;Não;Não;Não;BOLETIM DE OCORRENCIA;Classificada;20/06/2025 10:47;Não
2025-40042554-5;;19/06/2025 03:42;AVENIDA PERIMETRAL, Nº 2519 - PENHA - PASSOS;-207.180.989;-466.163.277;W98011 - SOLICITACAO DE APOIO (C) (Prioridade: 1 - Alta);1CIA IND/2CIA/1PEL(PASSOS);;Não;Não;Não;DUPLICADA;Classificada;19/06/2025 04:39;Não
2025-40042864-2;(BM) 2025-028522323-001;19/06/2025 05:37;AVENIDA COMENDADOR FRANCISCO A MAIA, Nº S/N - SANTA CASA - PASSOS;-207.146.788;-466.127.072;S06011 - CORTE DE ARVORE CAIDA SOBRE VEICULO (C) (Prioridade: 2 - Média);1CIA IND/2CIA/1PEL(PASSOS);VOB00480;Não;Não;Não;BOLETIM DE OCORRENCIA;Classificada;20/06/2025 10:47;Não
2025-40042946-5;(BM) 2025-028522890-001;19/06/2025 06:09;RODOVIA MG 050, Nº 338 - PASSOS;;;S05309 - COLISAO ENTRE AUTOMOVEL X CAMINHAO / CARRETA (C) (Prioridade: 1 - Alta);1CIA IND/2CIA/1PEL(PASSOS);VOB00480;Não;Não;Não;BOLETIM DE OCORRENCIA;Classificada;20/06/2025 10:48;Não
2025-40043024-7;(BM) 2025-028523209-001;19/06/2025 06:24;RODOVIA MG 438, Km 40 - IPIRANGA - IBIRACI;-204.681.824;-471.301.644;P03003 - PREVENCAO AQUATICA / OPERACAO VERANICO (C) (Prioridade: 2 - Média);1CIA IND/2CIA/PEL PREV E VIST(PASSOS);BM1235571;Não;Não;Não;BOLETIM DE OCORRENCIA;Classificada;20/06/2025 10:47;Não
2025-40044776-8;(BM) 2025-028541399-001;19/06/2025 09:59;RUA CORONEL JOAO LOURENCO, Nº 241 - CALIFORNIA - PASSOS;-207.069.264;-466.134.661;V01003 - VITIMA COM CRISE CONVULSIVA (C) (Prioridade: 1 - Alta);1CIA IND/2CIA/1PEL(PASSOS);UR00565;Não;Não;Não;BOLETIM DE OCORRENCIA;Classificada;20/06/2025 10:48;Não
2025-40045986-6;(BM) 2025-028552709-001;19/06/2025 11:50;RUA OPERARIOS, Nº 851 - MUARAMA 2 - PASSOS;-207.356.865;-466.121.528;V03018 - VITIMA DE QUEDA DA PROPRIA ALTURA (C) (Prioridade: 1 - Alta);1CIA IND/2CIA/1PEL(PASSOS);UR00565;Não;Não;Não;BOLETIM DE OCORRENCIA;Classificada;20/06/2025 10:48;Não
2025-40047838-0;(BM) 2025-028572017-001;19/06/2025 14:35;RUA MONSENHOR JOSE MARIA MATHIAS DA SILVA, Nº 257 - JARDIM CIDADE - PASSOS;-207.331.222;-466.279.787;S06003 - CAPTURA DE CAO PERIGOSO / AGRESSIVO (C) (Prioridade: 2 - Média);1CIA IND/2CIA/1PEL(PASSOS);VOB00480;Não;Não;Não;BOLETIM DE OCORRENCIA;Classificada;20/06/2025 10:47;Não
2025-40048316-0;(BM) 2025-028588611-001;19/06/2025 14:58;RUA JOSE MARIANO NEGRINHO, Nº 201 - COHAB 5 - PASSOS;-207.188.712;-466.349.708;V01003 - VITIMA COM CRISE CONVULSIVA (C) (Prioridade: 1 - Alta);1CIA IND/2CIA/1PEL(PASSOS);UR00565;Não;Não;Não;BOLETIM DE OCORRENCIA;Classificada;20/06/2025 10:48;Não
2025-40052051-0;(BM) 2025-028619185-001;19/06/2025 18:25;RUA RORAIMA, Nº 110 - CANJERANUS - PASSOS;-207.144.543;-466.025.087;V01007 - VITIMA COM DISPNEIA (FALTA DE AR) (C) (Prioridade: 1 - Alta);1CIA IND/2CIA/1PEL(PASSOS);UR00565;Não;Não;Não;BOLETIM DE OCORRENCIA;Classificada;20/06/2025 10:48;Não
2025-40053324-7;(BM) 2025-028619235-001;19/06/2025 19:44;RUA OPERARIOS, Nº 161 - SANTA RITA - PASSOS;-207.305.505;-466.096.714;V03018 - VITIMA DE QUEDA DA PROPRIA ALTURA (C) (Prioridade: 1 - Alta);1CIA IND/2CIA/1PEL(PASSOS);UR00565;Não;Não;Não;BOLETIM DE OCORRENCIA;Classificada;20/06/2025 10:48;Não
2025-40055117-3;(BM) 2025-028636609-001;19/06/2025 21:30;AVENIDA JK, Nº 1610 - NOVO HORIZONTE - PASSOS;-207.316.015;-465.999.471;V01018 - VITIMA DE MAL NAO DEFINIDO (DISTURBIO) (C) (Prioridade: 1 - Alta);1CIA IND/2CIA/1PEL(PASSOS);UR00565;Não;Não;Não;BOLETIM DE OCORRENCIA;Classificada;20/06/2025 10:48;Não
2025-40059639-0;(BM) 2025-028673193-001;20/06/2025 07:15;RODOVIA MG 050, Km 290 - CAPITOLIO;-206.315.008;-460.846.714;P03003 - PREVENCAO AQUATICA / OPERACAO VERANICO (C) (Prioridade: 2 - Média);1CIA IND/2CIA/1PEL(PASSOS);BM1272152;Não;Não;Não;BOLETIM DE OCORRENCIA;Classificada;21/06/2025 07:36;OPERAÇÃO CORPUS CHRISTI
2025-40059936-6;(BM) 2025-028681384-001;20/06/2025 07:58;RUA TIMOTEO, Nº 78 - COHAB 2 - PASSOS;-207.098.582;-466.272.878;V01010 - VITIMA COM DOR TORACICA/SUSPEITA DE INFARTO (IAM) (C) (Prioridade: 1 - Alta);1CIA IND/2CIA/1PEL(PASSOS);UR00565;Não;Não;Não;BOLETIM DE OCORRENCIA;Classificada;20/06/2025 10:49;Não
2025-40060162-7;(BM) 2025-028686647-001;20/06/2025 08:19;AVENIDA JOSE CAETANO DE ANDRADE, Nº 60 - CANDEIAS - PASSOS;-207.223.473;-466.145.575;S06001 - SALVAMENTO DE ANIMAL EM RISCO / PERIGO (C) (Prioridade: 2 - Média);1CIA IND/2CIA/1PEL(PASSOS);VOB00480;Não;Não;Não;BOLETIM DE OCORRENCIA;Classificada;20/06/2025 10:47;Não
2025-40060196-9;(BM) 2025-028681330-003 / (PM) 2025-028681330-002;20/06/2025 08:23;RODOVIA MG 050, Nº S/N - PASSOS;-207.372.242;-466.331.087;S03015 - SALVAMENTO DE SUICIDA (C) (Prioridade: 1 - Alta);1CIA IND/2CIA/1PEL(PASSOS);UR00565;Não;Não;Não;BOLETIM DE OCORRENCIA;Classificada;21/06/2025 07:37;Não
2025-40061097-2;(BM) 2025-028686411-001;20/06/2025 09:52;RODOVIA MG 050, Nº S/N - CAPITOLIO;-206.006.067;-460.676.712;V03021 - VITIMA DE SUICIDIO (TENTATIVA) - APH TRAUMA (C) (Prioridade: 1 - Alta);1CIA IND/2CIA/1PEL(PASSOS);BM1272152;Não;Não;Não;BOLETIM DE OCORRENCIA;Classificada;24/06/2025 07:57;OPERAÇÃO CORPUS CHRISTI
2025-40062169-7;(BM) 2025-028696811-001;20/06/2025 11:23;AVENIDA PERIMETRAL, Nº S/N - PARQUE DA ESTACAO - PASSOS;-207.057.771;-466.097.547;P02003 - VISTORIA EM LOTE VAGO (C) (Prioridade: 2 - Média);1CIA IND/2CIA/1PEL(PASSOS);UR00565;Não;Não;Não;BOLETIM DE OCORRENCIA;Classificada;21/06/2025 07:36;Não
2025-40062470-0;(BM) 2025-028705491-001;20/06/2025 11:51;AVENIDA PERIMETRAL, Nº S/N - PARQUE DA ESTACAO - PASSOS;-207.057.771;-466.097.547;P02003 - VISTORIA EM LOTE VAGO (C) (Prioridade: 2 - Média);1CIA IND/2CIA/1PEL(PASSOS);UR00565;Não;Não;Não;BOLETIM DE OCORRENCIA;Classificada;21/06/2025 07:36;Não
2025-40062767-9;(BM) 2025-028705435-001;20/06/2025 12:22;RUA BRIGADEIRO WILSON ABREU NOGUEIRA, Nº S/N - JARDIM PINHEIROS - PASSOS;-207.239.769;-466.237.221;P02003 - VISTORIA EM LOTE VAGO (C) (Prioridade: 2 - Média);1CIA IND/2CIA/1PEL(PASSOS);UR00565;Não;Não;Não;BOLETIM DE OCORRENCIA;Classificada;21/06/2025 07:36;Não
2025-40063213-2;(BM) 2025-028716946-001;20/06/2025 13:08;RUA DOUTOR CARVALHO, Nº 1455 - NOSSA SENHORA DAS GRAÇAS - PASSOS;-207.352.269;-466.037.303;Q03017 - TREINAMENTO DE PRIMEIROS SOCORROS (C) (Prioridade: 2 - Média);1CIA IND/2CIA/1PEL(PASSOS);BM1256320;Não;Não;Não;BOLETIM DE OCORRENCIA;Classificada;21/06/2025 07:36;Não
2025-40063324-3;(BM) 2025-028716896-001;20/06/2025 13:19;RUA TRES DE MAIO, Nº 660 - BELO HORIZONTE - PASSOS;-207.247.491;-466.011.275;W98011 - SOLICITACAO DE APOIO (C) (Prioridade: 1 - Alta);1CIA IND/2CIA/1PEL(PASSOS);UR00565;Não;Não;Não;BOLETIM DE OCORRENCIA;Classificada;21/06/2025 07:37;Não
2025-40064836-0;(BM) 2025-028736793-001;20/06/2025 14:58;RUA AIMORES, Nº 1855 - VILA ROMANA - PASSOS;-2.074.293;-466.093.912;S06001 - SALVAMENTO DE ANIMAL EM RISCO / PERIGO (C) (Prioridade: 2 - Média);1CIA IND/2CIA/1PEL(PASSOS);VOB00480;Não;Não;Não;BOLETIM DE OCORRENCIA;Classificada;21/06/2025 07:36;Não
2025-40067396-6;(BM) 2025-028767177-001;20/06/2025 17:20;RUA SEBASTIAO TEOFILO, Nº 590 - NOVA CALIFORNIA - PASSOS;-20.699.073;-46.623.781;V02408 - VITIMA DE COLISAO ENTRE AUTOMOVEL X MOTOCICLETA (C) (Prioridade: 1 - Alta);1CIA IND/2CIA/1PEL(PASSOS);UR00565;Não;Não;Não;BOLETIM DE OCORRENCIA;Classificada;21/06/2025 07:37;Não
2025-40075226-1;(BM) 2025-028836696-001;21/06/2025 01:40;AVENIDA PERIMETRAL, Nº 84 - JARDIM PINHEIROS - PASSOS;-207.056.097;-46.609.645;O04012 - INCENDIO EM LOTE VAGO (AREA URBANA) (C) (Prioridade: 2 - Média);1CIA IND/2CIA/1PEL(PASSOS);VOB00480;Não;Não;Não;BOLETIM DE OCORRENCIA;Classificada;21/06/2025 07:36;Não
2025-40076674-8;(BM) 2025-028834158-001;21/06/2025 06:30;AVENIDA AMAZONAS / RUA SAO PAULO - BELA VISTA - PASSOS;-207.172.891;-466.010.422;V02402 - VITIMA DE COLISAO ENTRE MOTOCICLETAS (C) (Prioridade: 1 - Alta);1CIA IND/2CIA/1PEL(PASSOS);UR00565;Não;Não;Não;BOLETIM DE OCORRENCIA;Classificada;21/06/2025 07:37;Não
2025-40076755-8;(BM) 2025-028909239-002;21/06/2025 06:52;RODOVIA MG 050, Km 290 - CAPITOLIO;-206.315.008;-460.846.714;P03003 - PREVENCAO AQUATICA / OPERACAO VERANICO (C) (Prioridade: 2 - Média);1CIA IND/2CIA/1PEL(PASSOS);BM1272152;Não;Não;Não;BOLETIM DE OCORRENCIA;Classificada;23/06/2025 08:56;Não
2025-40077478-5;(BM) 2025-028841084-001;21/06/2025 08:39;PRACA FRANCISCO SALLES, Nº S/N - BELO HORIZONTE - PASSOS;-207.264.675;-466.045.971;P03999 - OUTROS TIPOS DE PCI / PCA   (C) (Prioridade: 2 - Média);1CIA IND/2CIA/1PEL(PASSOS);UR00565;Não;Não;Não;BOLETIM DE OCORRENCIA;Classificada;22/06/2025 07:44;Não
2025-40078024-3;(BM) 2025-028845931-001;21/06/2025 09:39;RUA MONTREAL, Nº S/N - JARDIM CANADA II - PASSOS;-207.537.252;-466.098.218;P02003 - VISTORIA EM LOTE VAGO (C) (Prioridade: 2 - Média);1CIA IND/2CIA/1PEL(PASSOS);UR00565;Não;Não;Não;BOLETIM DE OCORRENCIA;Classificada;22/06/2025 07:44;Não
2025-40078197-1;(BM) 2025-028847902-001;21/06/2025 09:55;RUA MONTREAL, Nº S/N - JARDIM CANADA II - PASSOS;-207.537.252;-466.098.218;P02003 - VISTORIA EM LOTE VAGO (C) (Prioridade: 2 - Média);1CIA IND/2CIA/1PEL(PASSOS);UR00565;Não;Não;Não;BOLETIM DE OCORRENCIA;Classificada;22/06/2025 07:44;Não
2025-40078225-5;;21/06/2025 09:56;RUA JERONIMO NETO, Nº 434 - BELO HORIZONTE - PASSOS;-207.257.258;-46.603.354;W98011 - SOLICITACAO DE APOIO (C) (Prioridade: 1 - Alta);1CIA IND/2CIA/1PEL(PASSOS);;Não;Não;Não;ATENDIDA PELO SAMU;Classificada;21/06/2025 10:09;Não
2025-40078338-1;(BM) 2025-028849444-001;21/06/2025 10:10;RUA MONTREAL, Nº S/N - JARDIM CANADA II - PASSOS;-207.537.252;-466.098.218;P02003 - VISTORIA EM LOTE VAGO (C) (Prioridade: 2 - Média);1CIA IND/2CIA/1PEL(PASSOS);UR00565;Não;Não;Não;BOLETIM DE OCORRENCIA;Classificada;22/06/2025 07:44;Não
2025-40079053-7;;21/06/2025 11:21;RUA GAMA CRUZ, Nº S/N - POCOS DE CALDAS;;;V01003 - VITIMA COM CRISE CONVULSIVA (C) (Prioridade: 1 - Alta);1CIA IND (POCOS DE CALDAS);;Não;Não;Não;NÃO ATENDIDA: FALTA DE EFETIVO;Classificada;21/06/2025 11:22;Não
2025-40081827-6;(BM) 2025-028963589-001;21/06/2025 15:17;RUA ESTUDANTES, Nº 45 - PENHA - PASSOS;-207.174.706;-466.188.204;V03018 - VITIMA DE QUEDA DA PROPRIA ALTURA (C) (Prioridade: 1 - Alta);1CIA IND/2CIA/1PEL(PASSOS);UR00565;Não;Não;Não;BOLETIM DE OCORRENCIA;Classificada;22/06/2025 07:44;Não
2025-40083236-0;(BM) 2025-028898252-001;21/06/2025 16:43;RUA BARAO DE PASSOS, Nº 624 - SANTA LUZIA - PASSOS;;;V03012 - VITIMA COM OBJETO PRESO AO CORPO (C) (Prioridade: 1 - Alta);1CIA IND/2CIA/1PEL(PASSOS);UR00565;Não;Não;Não;BOLETIM DE OCORRENCIA;Classificada;22/06/2025 07:44;Não
2025-40084390-6;(BM) 2025-028905689-001;21/06/2025 17:59;RUA ALPENINOS, Nº 544 - CALIFORNIA - PASSOS;-2.070.553;-466.169.836;V01007 - VITIMA COM DISPNEIA (FALTA DE AR) (C) (Prioridade: 1 - Alta);1CIA IND/2CIA/1PEL(PASSOS);UR00565;Não;Não;Não;BOLETIM DE OCORRENCIA;Classificada;22/06/2025 07:44;Não
2025-40085707-6;;21/06/2025 19:18;RUA SANTO ONOFRE, Nº 68 - CANJERANUS - PASSOS;-207.122.813;-466.031.607;S03003 - SALVAMENTO EM CASA (C) (Prioridade: 1 - Alta);1CIA IND/2CIA/1PEL(PASSOS);UR00565;Não;Não;Não;DISPENSADA PELO SOLICITANTE;Classificada;21/06/2025 20:02;Não
2025-40086556-8;(BM) 2025-028925874-001;21/06/2025 20:10;RUA RORAIMA, Nº 193 - CARMELO - PASSOS;;;V02999 - OUTROS TIPOS DE APH DE TRAUMAS EM ACIDENTES DE TRANSITO   (C) (Prioridade: 1 - Alta);1CIA IND/2CIA/1PEL(PASSOS);UR00565;Não;Não;Não;BOLETIM DE OCORRENCIA;Classificada;22/06/2025 07:44;Não
2025-40092111-6;;22/06/2025 01:31;AVENIDA DONA LIQUINHA SILVEIRA, Nº 691 - COHAB 1 - PASSOS;-207.096.155;-466.245.869;V01023 - VITIMA DE SINCOPE (DESMAIO)/VERTIGEM (C) (Prioridade: 1 - Alta);1CIA IND/2CIA/1PEL(PASSOS);UR00565;Não;Não;Não;NADA CONSTATADO;Classificada;22/06/2025 02:16;Não
2025-40093087-9;(BM) 2025-028973440-003 / (PM) 2025-028973440-001;22/06/2025 03:10;AVENIDA CHICO XAVIER / RUA IMACULADA CONCEICAO - COHAB 4 - PASSOS;-207.194.743;-466.288.756;P03002 - PERIGO DE ELETROCUSSAO (C) (Prioridade: 2 - Média);1CIA IND/2CIA/1PEL(PASSOS);UR00565;Não;Não;Não;BOLETIM DE OCORRENCIA;Classificada;22/06/2025 07:44;Não
2025-40093523-9;;22/06/2025 04:17;AVENIDA CHICO XAVIER / RUA IMACULADA CONCEICAO - COHAB 4 - PASSOS;-207.194.743;-466.288.756;P03002 - PERIGO DE ELETROCUSSAO (C) (Prioridade: 2 - Média);1CIA IND/2CIA/1PEL(PASSOS);;Não;Não;Não;DUPLICADA;Classificada;22/06/2025 04:18;Não
2025-40095018-7;;22/06/2025 09:09;RUA DENIS PROVENZANI DE ALMEIDA, Nº S/N - RESIDENCIAL VILLAGIO DI ITALIA - PASSOS;-207.324.276;-4.659.219;P02003 - VISTORIA EM LOTE VAGO (C) (Prioridade: 2 - Média);1CIA IND/2CIA/1PEL(PASSOS);UR00565;Não;Não;Não;DUPLICADA;Classificada;22/06/2025 09:18;Não
2025-40095096-0;(BM) 2025-028987010-001;22/06/2025 09:14;RUA DENIS PROVENZANI DE ALMEIDA, Nº S/N - RESIDENCIAL VILLAGIO DI ITALIA - PASSOS;-207.324.276;-4.659.219;P02003 - VISTORIA EM LOTE VAGO (C) (Prioridade: 2 - Média);1CIA IND/2CIA/1PEL(PASSOS);UR00565;Não;Não;Não;BOLETIM DE OCORRENCIA;Classificada;23/06/2025 05:17;Não
2025-40095106-2;;22/06/2025 09:16;RUA DENIS PROVENZANI DE ALMEIDA, Nº S/N - RESIDENCIAL VILLAGIO DI ITALIA - PASSOS;-207.324.276;-4.659.219;P02003 - VISTORIA EM LOTE VAGO (C) (Prioridade: 2 - Média);1CIA IND/2CIA/1PEL(PASSOS);;Não;Não;Não;DUPLICADA;Classificada;22/06/2025 09:19;Não
2025-40095109-0;(BM) 2025-028987023-001;22/06/2025 09:17;RUA DENIS PROVENZANI DE ALMEIDA, Nº S/N - RESIDENCIAL VILLAGIO DI ITALIA - PASSOS;-207.324.276;-4.659.219;P02003 - VISTORIA EM LOTE VAGO (C) (Prioridade: 2 - Média);1CIA IND/2CIA/1PEL(PASSOS);UR00565;Não;Não;Não;BOLETIM DE OCORRENCIA;Classificada;23/06/2025 05:17;Não
2025-40095146-7;(BM) 2025-028987049-001;22/06/2025 09:20;RUA JOSE ESTEVES PIANTINO, Nº S/N - RESIDENCIAL VILLAGIO DI ITALIA - PASSOS;-207.306.319;-465.888.982;P02003 - VISTORIA EM LOTE VAGO (C) (Prioridade: 2 - Média);1CIA IND/2CIA/1PEL(PASSOS);UR00565;Não;Não;Não;BOLETIM DE OCORRENCIA;Classificada;23/06/2025 05:17;Não
2025-40095505-8;(BM) 2025-029000448-001;22/06/2025 10:02;RUA IMACULADA CONCEICAO, Nº 936 - COHAB 4 - PASSOS;-207.221.466;-466.339.736;V01008 - VITIMA COM DOR ABDOMINAL (ABDOME AGUDO) (C) (Prioridade: 1 - Alta);1CIA IND/2CIA/1PEL(PASSOS);UR00565;Não;Não;Não;BOLETIM DE OCORRENCIA;Classificada;23/06/2025 08:58;Não
2025-40097093-3;(BM) 2025-029005529-001;22/06/2025 13:00;RUA DOMINGOS LOPES DA SILVA, Nº 378 - FLAMBOYANT - PASSOS;-207.568.264;-466.037.602;V01003 - VITIMA COM CRISE CONVULSIVA (C) (Prioridade: 1 - Alta);1CIA IND/2CIA/1PEL(PASSOS);UR00565;Não;Não;Não;BOLETIM DE OCORRENCIA;Classificada;23/06/2025 08:58;Não
2025-40097746-5;(BM) 2025-029009674-001;22/06/2025 14:07;RUA ELOI PEREIRA LEMOS, Nº S/N - NOVA PASSOS - PASSOS;-207.044.478;-466.338.809;P02003 - VISTORIA EM LOTE VAGO (C) (Prioridade: 2 - Média);1CIA IND/2CIA/1PEL(PASSOS);UR00565;Não;Não;Não;BOLETIM DE OCORRENCIA;Classificada;23/06/2025 08:57;Não
2025-40097747-8;(BM) 2025-029010402-001;22/06/2025 14:07;RUA ELOI PEREIRA LEMOS, Nº S/N - NOVA PASSOS - PASSOS;-207.044.478;-466.338.809;P02003 - VISTORIA EM LOTE VAGO (C) (Prioridade: 2 - Média);1CIA IND/2CIA/1PEL(PASSOS);UR00565;Não;Não;Não;BOLETIM DE OCORRENCIA;Classificada;23/06/2025 08:57;Não
2025-40097760-6;(BM) 2025-029020530-002;22/06/2025 14:07;RUA OCTAVIANO CAETANO CINTRA, Nº 8 - JARDIM PINHEIROS - PASSOS;-207.240.719;-466.235.928;O04013 - INCENDIO EM PASTO (C) (Prioridade: 2 - Média);1CIA IND/2CIA/1PEL(PASSOS);VOB00480 / ABT00816;Não;Não;Não;BOLETIM DE OCORRENCIA;Classificada;23/06/2025 08:57;Não
2025-40097780-3;(BM) 2025-029010941-001;22/06/2025 14:08;RUA ELOI PEREIRA LEMOS, Nº S/N - NOVA PASSOS - PASSOS;-207.044.478;-466.338.809;P02003 - VISTORIA EM LOTE VAGO (C) (Prioridade: 2 - Média);1CIA IND/2CIA/1PEL(PASSOS);UR00565;Não;Não;Não;BOLETIM DE OCORRENCIA;Classificada;23/06/2025 08:57;Não
2025-40097810-2;(BM) 2025-029027700-001;22/06/2025 14:11;RUA NITEROI, Nº 858 - POLIVALENTE - PASSOS;;;O04011 - INCENDIO EM AREA URBANA NAO PROTEGIDA (C) (Prioridade: 2 - Média);1CIA IND/2CIA/1PEL(PASSOS);VOB00480;Não;Não;Não;BOLETIM DE OCORRENCIA;Classificada;23/06/2025 08:58;Não
2025-40098019-6;;22/06/2025 14:27;AVENIDA PERIMETRAL / RUA BRIGADEIRO WILSON ABREU NOGUEIRA - JARDIM PLANALTO - PASSOS;-20.723.785;-466.240.067;W98011 - SOLICITACAO DE APOIO (C) (Prioridade: 1 - Alta);1CIA IND/2CIA/1PEL(PASSOS);;Não;Não;Não;DUPLICADA;Classificada;22/06/2025 14:58;Não
2025-40101195-0;(BM) 2025-029049124-001;22/06/2025 17:36;RUA QUINZINHO FUNCHAL, Nº 290 - NOVA CALIFORNIA - PASSOS;-206.998.902;-466.211.587;V01024 - VITIMA DE SUICIDIO (TENTATIVA) - APH CLINICO (C) (Prioridade: 1 - Alta);1CIA IND/2CIA/1PEL(PASSOS);UR00565;Não;Não;Não;BOLETIM DE OCORRENCIA;Classificada;23/06/2025 08:58;Não
2025-40101432-4;;22/06/2025 17:52;AVENIDA PENHA, Nº 381 - PENHA - PASSOS;-207.156.168;-466.241.961;V01003 - VITIMA COM CRISE CONVULSIVA (C) (Prioridade: 1 - Alta);1CIA IND/2CIA/1PEL(PASSOS);;Não;Não;Não;NÃO ATENDIDA: FALTA DE EFETIVO;Classificada;22/06/2025 17:53;Não
2025-40106948-4;;22/06/2025 23:33;RODOVIA MG 050, Nº S/N - PASSOS;-207.372.242;-466.331.087;W98011 - SOLICITACAO DE APOIO (C) (Prioridade: 1 - Alta);1CIA IND/2CIA/1PEL(PASSOS);;Não;Não;Não;ATENDIDA PELO SAMU;Classificada;23/06/2025 00:40;Não
2025-40109503-4;(BM) 2025-029123150-001;23/06/2025 07:37;RUA RIO BRANCO, Nº 1748 - BELA VISTA 2 - PASSOS;-207.113.352;-465.959.228;S06001 - SALVAMENTO DE ANIMAL EM RISCO / PERIGO (C) (Prioridade: 2 - Média);1CIA IND/2CIA/1PEL(PASSOS);VOB00480;Não;Não;Não;BOLETIM DE OCORRENCIA;Classificada;24/06/2025 07:11;Não
2025-40110138-8;(BM) 2025-029126609-001;23/06/2025 08:35;RUA OLAVO BILAC, Nº 135 - PENHA - PASSOS;-207.147.927;-466.224.077;V01003 - VITIMA COM CRISE CONVULSIVA (C) (Prioridade: 1 - Alta);1CIA IND/2CIA/1PEL(PASSOS);UR00565;Não;Não;Não;BOLETIM DE OCORRENCIA;Classificada;24/06/2025 07:12;Não
2025-40110217-2;;23/06/2025 08:43;RUA AURORA, Nº 379 - BELO HORIZONTE - PASSOS;-207.259.855;-466.038.685;V01007 - VITIMA COM DISPNEIA (FALTA DE AR) (C) (Prioridade: 1 - Alta);1CIA IND/2CIA/1PEL(PASSOS);;Não;Não;Não;DISPENSADA PELO SOLICITANTE;Classificada;23/06/2025 08:49;Não
2025-40112251-1;(BM) 2025-029148273-001;23/06/2025 11:11;RUA GOIAS, Nº S/N - SANTA LUZIA - PASSOS;-207.077.147;-466.045.927;O04013 - INCENDIO EM PASTO (C) (Prioridade: 2 - Média);1CIA IND/2CIA/1PEL(PASSOS);VOB00480;Não;Não;Não;BOLETIM DE OCORRENCIA;Classificada;24/06/2025 07:11;Não
2025-40113402-0;(BM) 2025-029226148-001;23/06/2025 13:00;RUA CORONEL JOAO DE BARROS, Nº 1273 - BELO HORIZONTE - PASSOS;-207.282.893;-466.082.384;V03006 - VITIMA DE ATAQUE DE ANIMAIS PECONHENTOS (C) (Prioridade: 1 - Alta);1CIA IND/2CIA/1PEL(PASSOS);UR00565;Não;Não;Não;BOLETIM DE OCORRENCIA;Classificada;24/06/2025 07:12;Não
2025-40116619-9;(BM) 2025-029209846-001;23/06/2025 16:01;RUA LAVRAS, Nº 732 - MARIO MAGALHAES - PASSOS;-207.288.357;-466.109.297;P03002 - PERIGO DE ELETROCUSSAO (C) (Prioridade: 2 - Média);1CIA IND/2CIA/1PEL(PASSOS);VOB00480;Não;Não;Não;BOLETIM DE OCORRENCIA;Classificada;24/06/2025 07:12;Não
2025-40117588-2;(BM) 2025-029213907-001;23/06/2025 16:53;RUA JOAO PESSOA, Nº S/N - CENTRO - SAO JOAO BATISTA GLORIA;-206.405.797;-465.065.334;P01001 - VISTORIA DE FISCALIZACAO (C) (Prioridade: 2 - Média);1CIA IND/2CIA/PEL PREV E VIST(PASSOS);APF01362;Não;Não;Não;BOLETIM DE OCORRENCIA;Classificada;24/06/2025 07:57;Não
2025-40118113-0;(BM) 2025-029296369-001;23/06/2025 17:20;AVENIDA JUCA STOCKLER, Nº S/N - SAO JOAQUIM - PASSOS;-207.420.993;-46.600.964;S06008 - CORTE DE ARVORE CAIDA EM VIA PUBLICA (C) (Prioridade: 2 - Média);1CIA IND/2CIA/1PEL(PASSOS);VOB00480;Não;Não;Não;BOLETIM DE OCORRENCIA;Classificada;24/06/2025 07:12;Não
2025-40118303-6;(BM) 2025-029225670-001;23/06/2025 17:31;RUA LEONARDO HENRY AGUIAR SILVA, Nº S/N - RESIDENCIAL VILLAGIO DI ITALIA - PASSOS;-207.332.558;-465.927.498;P02003 - VISTORIA EM LOTE VAGO (C) (Prioridade: 2 - Média);1CIA IND/2CIA/1PEL(PASSOS);UR00565;Não;Não;Não;BOLETIM DE OCORRENCIA;Classificada;24/06/2025 07:12;Não
2025-40118686-7;(BM) 2025-029225773-001;23/06/2025 17:53;AVENIDA CHAFARIZ, Nº S/N - SERRA DAS BRISAS - PASSOS;-207.361.137;-465.905.646;P02003 - VISTORIA EM LOTE VAGO (C) (Prioridade: 2 - Média);1CIA IND/2CIA/1PEL(PASSOS);UR00565;Não;Não;Não;BOLETIM DE OCORRENCIA;Classificada;24/06/2025 07:12;Não
2025-40119027-6;(BM) 2025-029231112-001;23/06/2025 18:11;RUA CAIAPOS, Nº 108 - SAO BENEDITO - PASSOS;-207.202.921;-466.023.208;S03003 - SALVAMENTO EM CASA (C) (Prioridade: 1 - Alta);1CIA IND/2CIA/1PEL(PASSOS);UR00565;Não;Não;Não;BOLETIM DE OCORRENCIA;Classificada;24/06/2025 07:12;Não
2025-40119160-6;(BM) 2025-029230525-001;23/06/2025 18:19;RUA LEONARDO HENRY AGUIAR SILVA, Nº S/N - RESIDENCIAL VILLAGIO DI ITALIA - PASSOS;-207.332.558;-465.927.498;P02003 - VISTORIA EM LOTE VAGO (C) (Prioridade: 2 - Média);1CIA IND/2CIA/1PEL(PASSOS);UR00565;Não;Não;Não;BOLETIM DE OCORRENCIA;Classificada;24/06/2025 07:12;Não
2025-40120904-9;(BM) 2025-029257597-001;23/06/2025 20:09;RODOVIA MG 344, Km 78, Nº S/N - ITAU DE MINAS;;;S05202 - CAPOTAMENTO DE CAMINHAO / CARRETA (C) (Prioridade: 1 - Alta);1CIA IND/2CIA/1PEL(PASSOS);UR00565;Não;Não;Não;BOLETIM DE OCORRENCIA;Classificada;24/06/2025 07:12;Não
2025-40122721-0;(BM) 2025-029276628-001;23/06/2025 22:15;RUA SAO PAULO, Nº S/N - MARCO DIVISORIO - POCOS DE CALDAS;;;V01024 - VITIMA DE SUICIDIO (TENTATIVA) - APH CLINICO (C) (Prioridade: 1 - Alta);1CIA IND/2CIA/1PEL(PASSOS);UR05589 / ASL02313;Não;Não;Não;BOLETIM DE OCORRENCIA;Classificada;24/06/2025 07:12;Não
2025-40123892-8;(BM) 2025-029280851-001;23/06/2025 23:34;RUA IMACULADA CONCEICAO, Nº 1167 - COHAB 5 - PASSOS;-207.222.233;-466.371.868;V01010 - VITIMA COM DOR TORACICA/SUSPEITA DE INFARTO (IAM) (C) (Prioridade: 1 - Alta);1CIA IND/2CIA/1PEL(PASSOS);UR00565;Não;Não;Não;BOLETIM DE OCORRENCIA;Classificada;24/06/2025 07:15;Não
2025-40125040-9;;24/06/2025 01:59;RODOVIA MG 344, Nº S/N - CASSIA;;;S05201 - CAPOTAMENTO DE AUTOMOVEL (CARRO, CAMIONETA, CAMINHONETE) (C) (Prioridade: 1 - Alta);1CIA IND/2CIA/1PEL(PASSOS);;Não;Não;Não;ATENDIDA PELO SAMU;Classificada;24/06/2025 02:02;Não
2025-40126755-3;(BM) 2025-029304404-001;24/06/2025 08:25;RUA DOUTOR CARVALHO, Nº 1561 - BELO HORIZONTE - PASSOS;-207.329.352;-466.040.812;R01999 - OUTROS TIPOS DE ACOES DE APOIO A COMUNIDADE   (C) (Prioridade: 2 - Média);1CIA IND/2CIA/1PEL(PASSOS);VOB00480;Não;Não;Não;BOLETIM DE OCORRENCIA;Classificada;25/06/2025 07:17;Não
2025-40127790-0;(BM) 2025-029343022-001;24/06/2025 09:55;RUA GOIANIA, Nº 183 - JARDIM COLEGIO DE PASSOS - PASSOS;-207.212.292;-465.941.128;V01008 - VITIMA COM DOR ABDOMINAL (ABDOME AGUDO) (C) (Prioridade: 1 - Alta);1CIA IND/2CIA/1PEL(PASSOS);UR00565;Não;Não;Não;BOLETIM DE OCORRENCIA;Classificada;25/06/2025 07:20;Não
2025-40127961-0;(BM) 2025-029319274-001;24/06/2025 10:08;RUA DOUTOR CARVALHO, Nº 1455 - NOSSA SENHORA DAS GRAÇAS - PASSOS;-207.352.269;-466.037.303;Q03004 - TREINAMENTO DE SALVAMENTO EM ALTURA (C) (Prioridade: 2 - Média);1CIA IND/2CIA/1PEL(PASSOS);BM1256320;Não;Não;Não;BOLETIM DE OCORRENCIA;Classificada;25/06/2025 07:17;Não
2025-40129241-2;(BM) 2025-029342946-001;24/06/2025 11:47;RUA TEREZA LIMA MAIA, Nº 709 - PENHA 2 - PASSOS;-207.188.097;-466.307.609;S06002 - CAPTURA DE ANIMAL SILVESTRE PERIGOSO / AGRESSIVO (C) (Prioridade: 2 - Média);1CIA IND/2CIA/1PEL(PASSOS);VOB00480;Não;Não;Não;BOLETIM DE OCORRENCIA;Classificada;25/06/2025 07:17;Não
2025-40129836-0;(BM) 2025-029342987-001;24/06/2025 12:47;RUA SAO PAULO, Nº 326 - SAO BENEDITO - PASSOS;-207.183.164;-46.600.057;V02402 - VITIMA DE COLISAO ENTRE MOTOCICLETAS (C) (Prioridade: 1 - Alta);1CIA IND/2CIA/1PEL(PASSOS);UR00565;Não;Não;Não;BOLETIM DE OCORRENCIA;Classificada;25/06/2025 07:20;Não
2025-40130366-5;(BM) 2025-029365900-001;24/06/2025 13:32;RUA JOSE DELFRARO, Nº 340 - FLAMBOYANT - PASSOS;-207.558.396;-466.070.695;V03021 - VITIMA DE SUICIDIO (TENTATIVA) - APH TRAUMA (C) (Prioridade: 1 - Alta);1CIA IND/2CIA/1PEL(PASSOS);UR00565;Não;Não;Não;BOLETIM DE OCORRENCIA;Classificada;25/06/2025 07:20;Não
2025-40130584-6;(BM) 2025-029395780-001;24/06/2025 13:45;RUA JORGE BACIL, Nº 20 - NOVA CALIFORNIA - PASSOS;-207.026.729;-46.620.203;P02002 - VISTORIA EM RISCO DE QUEDA DE ARVORE (C) (Prioridade: 2 - Média);1CIA IND/2CIA/1PEL(PASSOS);VOB00480;Não;Não;Não;BOLETIM DE OCORRENCIA;Classificada;25/06/2025 07:17;Não
2025-40131845-3;(BM) 2025-029395843-001;24/06/2025 15:00;AVENIDA SABIA, Nº 493 - PARQUE DA FAZENDA - PASSOS;-207.380.476;-466.098.564;V01003 - VITIMA COM CRISE CONVULSIVA (C) (Prioridade: 1 - Alta);1CIA IND/2CIA/1PEL(PASSOS);UR00565;Não;Não;Não;BOLETIM DE OCORRENCIA;Classificada;25/06/2025 07:20;Não
2025-40134387-7;(BM) 2025-029397658-001;24/06/2025 17:10;AVENIDA PERIMETRAL, Nº 3839 - PASSOS;-207.219.896;-466.217.951;P02003 - VISTORIA EM LOTE VAGO (C) (Prioridade: 2 - Média);1CIA IND/2CIA/1PEL(PASSOS);UR00565;Não;Não;Não;BOLETIM DE OCORRENCIA;Classificada;25/06/2025 07:19;Não
2025-40134495-0;(BM) 2025-029398010-001;24/06/2025 17:17;AVENIDA PERIMETRAL, Nº 3843 - PASSOS;-207.219.896;-466.217.951;P02003 - VISTORIA EM LOTE VAGO (C) (Prioridade: 2 - Média);1CIA IND/2CIA/1PEL(PASSOS);UR00565;Não;Não;Não;BOLETIM DE OCORRENCIA;Classificada;25/06/2025 07:20;Não
2025-40135033-0;(BM) 2025-029405013-001;24/06/2025 17:45;AVENIDA PERIMETRAL, Nº 3889 - JARDIM PINHEIROS - PASSOS;-207.226.643;-466.225.546;P02003 - VISTORIA EM LOTE VAGO (C) (Prioridade: 2 - Média);1CIA IND/2CIA/1PEL(PASSOS);UR00565;Não;Não;Não;BOLETIM DE OCORRENCIA;Classificada;25/06/2025 07:20;Não
2025-40135740-7;(BM) 2025-029411205-001;24/06/2025 18:21;RUA MISSOES, Nº 700 - PENHA - PASSOS;-207.171.922;-466.249.417;V01020 - VITIMA COM PARADA CARDIORRESPIRATORIA (C) (Prioridade: 1 - Alta);1CIA IND/2CIA/1PEL(PASSOS);UR00565;Não;Não;Não;BOLETIM DE OCORRENCIA;Classificada;25/06/2025 07:20;Não
2025-40138555-1;(BM) 2025-029438039-001;24/06/2025 21:41;RUA GUANABARA, Nº 1576 - SANTA LUZIA - PASSOS;-207.076.212;-465.977.058;V01001 - VITIMA DE ACIDENTE VASCULAR CEREBRAL (AVC) (C) (Prioridade: 1 - Alta);1CIA IND/2CIA/1PEL(PASSOS);UR00565;Não;Não;Não;BOLETIM DE OCORRENCIA;Classificada;25/06/2025 07:20;Não
2025-40140850-4;;25/06/2025 00:54;AVENIDA BELA VISTA, Nº 728 - ICARAI - ITAU DE MINAS;-207.458.953;-467.617.304;O02012 - INCENDIO EM OFICINA / SERVICO AUTOMOTIVO / GARAGEM (C) (Prioridade: 1 - Alta);1CIA IND/2CIA/1PEL(PASSOS);;Não;Não;Não;DUPLICADA;Classificada;25/06/2025 01:20;Não
2025-40140862-3;(BM) 2025-029470573-001;25/06/2025 00:56;AVENIDA BELA VISTA, Nº 726 - ICARAI - ITAU DE MINAS;-207.460.258;-467.617.827;O02012 - INCENDIO EM OFICINA / SERVICO AUTOMOTIVO / GARAGEM (C) (Prioridade: 1 - Alta);1CIA IND/2CIA/1PEL(PASSOS);VOB00480;Não;Não;Não;BOLETIM DE OCORRENCIA;Classificada;25/06/2025 07:20;Não
2025-40141174-6;(BM) 2025-029470560-001;25/06/2025 01:57;RUA DOUTOR BORSARI, Nº 356 - COHAB 3 - PASSOS;-207.054.039;-466.259.945;O02001 - INCENDIO EM RESIDENCIA/HABITACAO UNIFAMILIAR (CASA) (C) (Prioridade: 1 - Alta);1CIA IND/2CIA/1PEL(PASSOS);VOB00480;Não;Não;Não;BOLETIM DE OCORRENCIA;Classificada;25/06/2025 07:20;Não
2025-40141530-9;(BM) 2025-029466287-001;25/06/2025 03:29;RUA GAIVOTA, Nº 176 - NOSSA SENHORA DAS GRAÇAS - PASSOS;-207.384.179;-466.053.243;O02027 - INCENDIO VEIC. AUTOMOTOR (EXCETO TANQUE/ONIBUS/MICRO-ONIBUS) (C) (Prioridade: 1 - Alta);1CIA IND/2CIA/1PEL(PASSOS);VOB00480;Não;Não;Não;BOLETIM DE OCORRENCIA;Classificada;25/06/2025 07:20;Não
2025-40142986-7;(BM) 2025-029507608-001;25/06/2025 08:43;RUA LEONARDO HENRY AGUIAR SILVA, Nº S/N - RESIDENCIAL VILLAGIO DI ITALIA - PASSOS;-207.332.558;-465.927.498;P02003 - VISTORIA EM LOTE VAGO (C) (Prioridade: 2 - Média);1CIA IND/2CIA/1PEL(PASSOS);VOB00480;Não;Não;Não;BOLETIM DE OCORRENCIA;Classificada;26/06/2025 08:29;Não
2025-40143028-5;(BM) 2025-029503393-001;25/06/2025 08:48;AVENIDA BELA VISTA, Nº 726 - ICARAI - ITAU DE MINAS;-207.460.258;-467.617.827;O02003 - INCENDIO EM EDIFICACAO COMERCIAL (C) (Prioridade: 1 - Alta);1CIA IND/2CIA/1PEL(PASSOS);VOB00480;Não;Não;Não;BOLETIM DE OCORRENCIA;Classificada;26/06/2025 08:30;Não
2025-40144112-5;;25/06/2025 10:13;AVENIDA JOAO PINHEIRO, Nº S/N - COUNTRY CLUB - POCOS DE CALDAS;;;P03001 - PERIGO DE DERRAPAGEM (C) (Prioridade: 2 - Média);1CIA IND (POCOS DE CALDAS);;Não;Não;Não;DUPLICADA;Classificada;25/06/2025 10:28;Não
2025-40144526-8;(BM) 2025-029525760-001;25/06/2025 10:43;ESTRADA DOMIRO NOGUEIRA, Nº S/N - CONDOMÍNIO DOS IPÊS - PASSOS;-207.583.249;-466.201.662;P02011 - VISTORIA EM ENXAME DE INSETOS (C) (Prioridade: 2 - Média);1CIA IND/2CIA/1PEL(PASSOS);VOB00480;Não;Não;Não;BOLETIM DE OCORRENCIA;Classificada;26/06/2025 08:29;Não
2025-40145269-2;(BM) 2025-029508972-001;25/06/2025 11:35;RUA LEONARDO HENRY AGUIAR SILVA, Nº S/N - RESIDENCIAL VILLAGIO DI ITALIA - PASSOS;-207.332.558;-465.927.498;P02003 - VISTORIA EM LOTE VAGO (C) (Prioridade: 2 - Média);1CIA IND/2CIA/1PEL(PASSOS);VOB00480;Não;Não;Não;BOLETIM DE OCORRENCIA;Classificada;26/06/2025 08:29;Não
2025-40145618-0;(BM) 2025-029512563-001;25/06/2025 11:59;RUA LEONARDO HENRY AGUIAR SILVA, Nº S/N - RESIDENCIAL VILLAGIO DI ITALIA - PASSOS;-207.332.558;-465.927.498;P02003 - VISTORIA EM LOTE VAGO (C) (Prioridade: 2 - Média);1CIA IND/2CIA/1PEL(PASSOS);VOB00480;Não;Não;Não;BOLETIM DE OCORRENCIA;Classificada;26/06/2025 08:29;Não
2025-40145865-9;(BM) 2025-029517209-001;25/06/2025 12:23;RUA ESTUDANTES, Nº 320 - PENHA - PASSOS;-207.169.719;-466.171.462;O04012 - INCENDIO EM LOTE VAGO (AREA URBANA) (C) (Prioridade: 2 - Média);1CIA IND/2CIA/1PEL(PASSOS);VOB00480;Não;Não;Não;BOLETIM DE OCORRENCIA;Classificada;26/06/2025 08:29;Não
2025-40146167-8;;25/06/2025 12:57;AVENIDA JOSE CAETANO DE ANDRADE, Nº 60 - CANDEIAS - PASSOS;-207.223.473;-466.145.575;V01023 - VITIMA DE SINCOPE (DESMAIO)/VERTIGEM (C) (Prioridade: 1 - Alta);1CIA IND/2CIA/1PEL(PASSOS);UR00565;Não;Não;Não;DISPENSADA PELO SOLICITANTE;Classificada;25/06/2025 13:47;Não
2025-40147715-7;(BM) 2025-029537686-001;25/06/2025 14:37;RUA VESPASIANO, Nº S/N - PENHA 2 - PASSOS;-207.192.345;-466.304.915;P01002 - VISTORIA DE LIBERACAO / EMISSAO DE AVCB (C) (Prioridade: 2 - Média);1CIA IND/2CIA/PEL PREV E VIST(PASSOS);APF01362;Não;Não;Não;BOLETIM DE OCORRENCIA;Classificada;26/06/2025 08:29;Não
2025-40148241-0;(BM) 2025-029581686-001;25/06/2025 14:59;RUA GENARO JOELE, Nº 222 - DISTRITO INDUSTRIAL 1 - PASSOS;-207.063.548;-465.930.269;S06001 - SALVAMENTO DE ANIMAL EM RISCO / PERIGO (C) (Prioridade: 2 - Média);1CIA IND/2CIA/1PEL(PASSOS);VOB00480;Não;Não;Não;BOLETIM DE OCORRENCIA;Classificada;26/06/2025 08:30;Não
2025-40149301-5;(BM) 2025-029561105-001;25/06/2025 15:49;RUA BARAO DE PASSOS, Nº 1785 - SANTA LUZIA - PASSOS;-207.098.843;-465.978.186;P01001 - VISTORIA DE FISCALIZACAO (C) (Prioridade: 2 - Média);1CIA IND/2CIA/PEL PREV E VIST(PASSOS);APF01362;Não;Não;Não;BOLETIM DE OCORRENCIA;Classificada;26/06/2025 08:30;Não
2025-40150145-9;(BM) 2025-029595599-001;25/06/2025 16:35;RUA SANTA LUZIA, Nº 302 - CANDEIAS - PASSOS;-207.235.515;-46.616.988;P02011 - VISTORIA EM ENXAME DE INSETOS (C) (Prioridade: 2 - Média);1CIA IND/2CIA/PEL PREV E VIST(PASSOS);APF01362;Não;Não;Não;BOLETIM DE OCORRENCIA;Classificada;26/06/2025 08:30;Não
2025-40151998-7;(BM) 2025-029588700-001;25/06/2025 18:19;RODOVIA MG 050, Nº S/N - PASSOS;-207.372.242;-466.331.087;P03014 - PREVENCAO EM POUSO E DECOLAGEM DE AERONAVE (C) (Prioridade: 2 - Média);1CIA IND/2CIA/1PEL(PASSOS);VOB00480;Não;Não;Não;BOLETIM DE OCORRENCIA;Classificada;26/06/2025 08:30;Não
2025-40152134-3;(BM) 2025-029590320-001;25/06/2025 18:26;ESTRADA DOMIRO NOGUEIRA, Nº S/N - CONDOMÍNIO DOS IPÊS - PASSOS;-207.583.249;-466.201.662;S06006 - EXTERMINIO DE INSETOS (C) (Prioridade: 2 - Média);1CIA IND/2CIA/PEL PREV E VIST(PASSOS);APF01362;Não;Não;Não;BOLETIM DE OCORRENCIA;Classificada;26/06/2025 08:30;Não
2025-40158845-4;(BM) 2025-029658688-001;26/06/2025 07:05;PARQUE JOSE AFONSO JUNQUEIRA, Nº S/N - CENTRO - POCOS DE CALDAS;-217.852.011;-465.690.682;X03000 - EMPENHO ADMINISTRATIVO (C) (Prioridade: 2 - Média);1CIA IND/2CIA/1PEL(PASSOS);APF01362;Não;Não;Não;BOLETIM DE OCORRENCIA;Classificada;27/06/2025 08:13;Não
2025-40159209-9;;26/06/2025 07:41;RUA DOIS DE NOVEMBRO, Nº 273 - CENTRO - PASSOS;-207.225.063;-466.050.188;V01008 - VITIMA COM DOR ABDOMINAL (ABDOME AGUDO) (C) (Prioridade: 1 - Alta);1CIA IND/2CIA/1PEL(PASSOS);;Não;Não;Não;ORIENTAÇÃO;Classificada;26/06/2025 07:42;Não
2025-40159625-3;(BM) 2025-029680662-001;26/06/2025 08:24;RODOVIA MG 050, Nº S/N - PASSOS;-207.372.242;-466.331.087;P03014 - PREVENCAO EM POUSO E DECOLAGEM DE AERONAVE (C) (Prioridade: 2 - Média);1CIA IND/2CIA/1PEL(PASSOS);VOB00480;Não;Não;Não;BOLETIM DE OCORRENCIA;Classificada;27/06/2025 08:14;Não
2025-40160960-5;(BM) 2025-029680740-001;26/06/2025 10:14;RUA MONTE SANTO, Nº 503 - COHAB 3 - PASSOS;-207.059.191;-466.274.637;V01025 - VITIMA DE USO / ABUSO / DEPENDENCIA DE DROGAS / ALCOOL (C) (Prioridade: 1 - Alta);1CIA IND/2CIA/1PEL(PASSOS);UR04360;Não;Não;Não;BOLETIM DE OCORRENCIA;Classificada;27/06/2025 08:14;Não
2025-40162615-8;(BM) 2025-029707262-001;26/06/2025 12:31;RUA BOIADEIROS, Nº 132 - SAO FRANCISCO - PASSOS;;;P02011 - VISTORIA EM ENXAME DE INSETOS (C) (Prioridade: 2 - Média);1CIA IND/2CIA/1PEL(PASSOS);VOB00480;Não;Não;Não;BOLETIM DE OCORRENCIA;Classificada;27/06/2025 08:14;Não
2025-40163045-7;(BM) 2025-029716458-001;26/06/2025 13:11;RUA IMPRENSA, Nº 215 - MONSENHOR MESSIAS - PASSOS;-207.372.701;-465.991.836;O04011 - INCENDIO EM AREA URBANA NAO PROTEGIDA (C) (Prioridade: 2 - Média);1CIA IND/2CIA/1PEL(PASSOS);VOB00480;Não;Não;Não;BOLETIM DE OCORRENCIA;Classificada;27/06/2025 08:14;Não
2025-40163753-7;(BM) 2025-029716473-001;26/06/2025 14:00;RUA ADVOGADOS, Nº S/N - BELO HORIZONTE - PASSOS;-207.327.793;-466.049.381;V03027 - VITIMA DE TRAUMA OCULAR (C) (Prioridade: 1 - Alta);1CIA IND/2CIA/1PEL(PASSOS);UR04360;Não;Não;Não;BOLETIM DE OCORRENCIA;Classificada;27/06/2025 08:15;Não
2025-40163992-8;(BM) 2025-029762717-001;26/06/2025 14:16;RUA SALDANHA DA GAMA, Nº 1 - SANTA CASA - PASSOS;-207.147.212;-466.138.073;S04999 - OUTROS TIPOS DE SALVAMENTO TERRESTRE TIPICO    (C) (Prioridade: 2 - Média);1CIA IND/2CIA/1PEL(PASSOS);UR04360;Não;Não;Não;BOLETIM DE OCORRENCIA;Classificada;27/06/2025 08:14;Não
2025-40164732-2;(BM) 2025-029762444-001;26/06/2025 14:51;RUA BOROROS, Nº 1937 - NOSSA SENHORA APARECIDA - PASSOS;-207.432.815;-466.080.181;V01006 - VITIMA COM DIFICULDADE DE LOCOMOCAO (C) (Prioridade: 1 - Alta);1CIA IND/2CIA/1PEL(PASSOS);UR04360;Não;Não;Não;BOLETIM DE OCORRENCIA;Classificada;27/06/2025 08:15;Não
2025-40165452-1;(BM) 2025-029762576-001;26/06/2025 15:22;RUA BENEDITO APOLINARIO, Nº 132 - COHAB 3 - PASSOS;-207.026.147;-466.277.531;P02011 - VISTORIA EM ENXAME DE INSETOS (C) (Prioridade: 2 - Média);1CIA IND/2CIA/1PEL(PASSOS);VOB00480;Não;Não;Não;BOLETIM DE OCORRENCIA;Classificada;27/06/2025 08:14;Não
2025-40166653-9;(BM) 2025-029762288-001;26/06/2025 16:25;RUA DEPUTADO LOURENCO DE ANDRADE, Nº 604 - CENTRO - PASSOS;-207.152.601;-466.098.787;V01007 - VITIMA COM DISPNEIA (FALTA DE AR) (C) (Prioridade: 1 - Alta);1CIA IND/2CIA/1PEL(PASSOS);UR04360;Não;Não;Não;BOLETIM DE OCORRENCIA;Classificada;27/06/2025 08:15;Não
2025-40167582-8;(BM) 2025-029768952-001;26/06/2025 17:12;RUA BRIGADEIRO WILSON ABREU NOGUEIRA, Nº S/N - JARDIM PINHEIROS - PASSOS;-207.239.769;-466.237.221;O04011 - INCENDIO EM AREA URBANA NAO PROTEGIDA (C) (Prioridade: 2 - Média);1CIA IND/2CIA/1PEL(PASSOS);VOB00480;Não;Não;Não;BOLETIM DE OCORRENCIA;Classificada;27/06/2025 08:14;Não
2025-40168937-7;(BM) 2025-029775080-001;26/06/2025 18:20;RUA MANUELA BALDINI BORSARI, Nº S/N - NOVA PASSOS II - PASSOS;-207.006.618;-4.663.216;P02003 - VISTORIA EM LOTE VAGO (C) (Prioridade: 2 - Média);1CIA IND/2CIA/1PEL(PASSOS);UR04360;Não;Não;Não;BOLETIM DE OCORRENCIA;Classificada;27/06/2025 08:14;Não
2025-40169040-6;(BM) 2025-029775337-001;26/06/2025 18:24;RUA MANUELA BALDINI BORSARI, Nº S/N - NOVA PASSOS II - PASSOS;-207.006.618;-4.663.216;P02003 - VISTORIA EM LOTE VAGO (C) (Prioridade: 2 - Média);1CIA IND/2CIA/1PEL(PASSOS);UR04360;Não;Não;Não;BOLETIM DE OCORRENCIA;Classificada;27/06/2025 08:14;Não
2025-40169047-5;(BM) 2025-029792494-001;26/06/2025 18:25;ESTRADA JULIEIRA, Nº S/N - NOVA CALIFORNIA - PASSOS;-207.018.793;-466.242.379;P02003 - VISTORIA EM LOTE VAGO (C) (Prioridade: 2 - Média);1CIA IND/2CIA/1PEL(PASSOS);VOB00480;Não;Não;Não;BOLETIM DE OCORRENCIA;Classificada;27/06/2025 08:14;Não
2025-40169154-5;(BM) 2025-029792557-001;26/06/2025 18:31;RUA DOIS DE NOVEMBRO, Nº 273 - CENTRO - PASSOS;-207.225.063;-466.050.188;V01009 - VITIMA COM DOR NA COLUNA VERTEBRAL (COSTAS) (C) (Prioridade: 1 - Alta);1CIA IND/2CIA/1PEL(PASSOS);UR04360;Não;Não;Não;BOLETIM DE OCORRENCIA;Classificada;27/06/2025 08:15;Não
2025-40169435-4;(BM) 2025-029792598-001;26/06/2025 18:49;RUA MATOZINHOS, Nº 213 - PASSOS;-207.296.736;-466.319.981;P02011 - VISTORIA EM ENXAME DE INSETOS (C) (Prioridade: 2 - Média);1CIA IND/2CIA/1PEL(PASSOS);VOB00480;Não;Não;Não;BOLETIM DE OCORRENCIA;Classificada;27/06/2025 08:14;Não
2025-40176108-8;(BM) 2025-029847979-001;27/06/2025 07:11;RUA TRES DE MAIO, Nº 191 - CENTRO - PASSOS;-207.234.096;-466.054.622;V01007 - VITIMA COM DISPNEIA (FALTA DE AR) (C) (Prioridade: 1 - Alta);1CIA IND/2CIA/1PEL(PASSOS);UR04360;Não;Não;Não;BOLETIM DE OCORRENCIA;Classificada;27/06/2025 08:15;Não
2025-40178421-0;(BM) 2025-029870397-001;27/06/2025 10:34;RUA MANTIQUEIRA, Nº S/N - RECANTO DEL REI - PASSOS;-207.297.558;-465.957.907;P02003 - VISTORIA EM LOTE VAGO (C) (Prioridade: 2 - Média);1CIA IND/2CIA/1PEL(PASSOS);VOB00480;Não;Não;Não;BOLETIM DE OCORRENCIA;Classificada;28/06/2025 07:04;Não
2025-40178624-8;(BM) 2025-029872879-001;27/06/2025 10:49;RUA MANTIQUEIRA, Nº S/N - RECANTO DEL REI - PASSOS;-207.297.558;-465.957.907;P02003 - VISTORIA EM LOTE VAGO (C) (Prioridade: 2 - Média);1CIA IND/2CIA/1PEL(PASSOS);VOB00480;Não;Não;Não;BOLETIM DE OCORRENCIA;Classificada;28/06/2025 07:04;Não
2025-40178711-0;(BM) 2025-029875230-001;27/06/2025 10:53;RUA MANTIQUEIRA, Nº S/N - RECANTO DEL REI - PASSOS;-207.297.558;-465.957.907;P02003 - VISTORIA EM LOTE VAGO (C) (Prioridade: 2 - Média);1CIA IND/2CIA/1PEL(PASSOS);VOB00480;Não;Não;Não;BOLETIM DE OCORRENCIA;Classificada;28/06/2025 07:03;Não
2025-40178812-8;(BM) 2025-029878939-001;27/06/2025 11:02;RUA XAVANTES, Nº 209 - JARDIM EMBRATEL - PASSOS;-207.423.654;-466.038.982;S06001 - SALVAMENTO DE ANIMAL EM RISCO / PERIGO (C) (Prioridade: 2 - Média);1CIA IND/2CIA/1PEL(PASSOS);VOB00480;Não;Não;Não;BOLETIM DE OCORRENCIA;Classificada;28/06/2025 07:03;Não
2025-40183023-7;(BM) 2025-029929722-001;27/06/2025 15:51;RUA CEARA, Nº 615 - BELA VISTA - PASSOS;;;O04012 - INCENDIO EM LOTE VAGO (AREA URBANA) (C) (Prioridade: 2 - Média);1CIA IND/2CIA/1PEL(PASSOS);VOB00480;Não;Não;Não;BOLETIM DE OCORRENCIA;Classificada;28/06/2025 07:03;Não
2025-40186087-6;(BM) 2025-029959337-001;27/06/2025 18:47;RUA DA PRAIA, Nº 146 - SANTA CASA - PASSOS;-207.159.166;-466.141.461;V01003 - VITIMA COM CRISE CONVULSIVA (C) (Prioridade: 1 - Alta);1CIA IND/2CIA/1PEL(PASSOS);UR00565;Não;Não;Não;BOLETIM DE OCORRENCIA;Classificada;28/06/2025 07:03;Não
2025-40187451-2;(BM) 2025-029978922-001;27/06/2025 20:13;RUA ANTONIA GONCALVES DA SILVA, Nº 7 - VILA BETINHO - PASSOS;-207.170.017;-466.379.496;P03002 - PERIGO DE ELETROCUSSAO (C) (Prioridade: 2 - Média);1CIA IND/2CIA/1PEL(PASSOS);VOB00480;Não;Não;Não;BOLETIM DE OCORRENCIA;Classificada;28/06/2025 07:03;Não
2025-40189807-0;(BM) 2025-029996770-001;27/06/2025 22:44;RUA DOUTOR SATURNINO, Nº 459 - MARIO MAGALHAES - PASSOS;-207.227.505;-466.138.089;V03005 - VITIMA DE AGRESSAO FISICA SEM USO DE ARMA (C) (Prioridade: 1 - Alta);1CIA IND/2CIA/1PEL(PASSOS);UR00565;Não;Não;Não;BOLETIM DE OCORRENCIA;Classificada;28/06/2025 07:03;Não
2025-40190007-0;(BM) 2025-030003535-001;27/06/2025 22:57;RUA ALPINOPOLIS, Nº 340 - CANJERANUS - PASSOS;-207.111.846;-466.041.927;V01008 - VITIMA COM DOR ABDOMINAL (ABDOME AGUDO) (C) (Prioridade: 1 - Alta);1CIA IND/2CIA/1PEL(PASSOS);UR00565;Não;Não;Não;BOLETIM DE OCORRENCIA;Classificada;28/06/2025 07:03;Não
2025-40191576-1;(BM) 2025-030011046-001;28/06/2025 00:42;AVENIDA MONTESE, Nº 320 - VILA RICA - PASSOS;-207.268.697;-465.960.413;V03018 - VITIMA DE QUEDA DA PROPRIA ALTURA (C) (Prioridade: 1 - Alta);1CIA IND/2CIA/1PEL(PASSOS);UR00565;Não;Não;Não;BOLETIM DE OCORRENCIA;Classificada;28/06/2025 07:03;Não
2025-40193025-9;(BM) 2025-030021669-001;28/06/2025 03:39;RUA MACHADO DE ASSIS, Nº 450 - SAO FRANCISCO - PASSOS;-207.253.502;-466.173.146;O02041 - INCENDIO EM IMOVEL ABANDONADO (C) (Prioridade: 2 - Média);1CIA IND/2CIA/1PEL(PASSOS);VOB00480;Não;Não;Não;BOLETIM DE OCORRENCIA;Classificada;28/06/2025 07:03;Não
2025-40194507-5;(BM) 2025-030029260-001;28/06/2025 08:49;RUA JOSE DELFRARO, Nº S/N - FLAMBOYANT - PASSOS;-207.563.499;-466.074.274;S06001 - SALVAMENTO DE ANIMAL EM RISCO / PERIGO (C) (Prioridade: 2 - Média);1CIA IND/2CIA/1PEL(PASSOS);UR00565;Não;Não;Não;BOLETIM DE OCORRENCIA;Classificada;29/06/2025 06:10;Não
2025-40195044-4;(BM) 2025-030034012-001;28/06/2025 09:45;RUA CARAVELAS, Nº 10 - NOVO HORIZONTE - PASSOS;-207.313.228;-466.004.315;V03018 - VITIMA DE QUEDA DA PROPRIA ALTURA (C) (Prioridade: 1 - Alta);1CIA IND/2CIA/1PEL(PASSOS);UR00565;Não;Não;Não;BOLETIM DE OCORRENCIA;Classificada;29/06/2025 06:11;Não
2025-40195794-4;(BM) 2025-030047927-001;28/06/2025 11:06;RUA HENRIQUE AMELIO DE OLIVEIRA, Nº 50 - RECANTO DA TEKA - PASSOS;-207.453.694;-465.974.931;S06999 - OUTROS TIPOS DE SALVAMENTOS TERRESTRES DIVERSOS   (C) (Prioridade: 2 - Média);1CIA IND/2CIA/1PEL(PASSOS);VOB00480;Não;Não;Não;BOLETIM DE OCORRENCIA;Classificada;29/06/2025 06:10;Não
2025-40196425-3;(BM) 2025-030045683-001;28/06/2025 12:18;RUA DOUTOR CARVALHO, Nº 1455 - NOSSA SENHORA DAS GRAÇAS - PASSOS;-207.352.269;-466.037.303;Q02009 - PALESTRA DE PRIMEIROS SOCORROS (C) (Prioridade: 2 - Média);1CIA IND/2CIA/1PEL(PASSOS);BM1637099;Não;Não;Não;BOLETIM DE OCORRENCIA;Classificada;29/06/2025 06:11;Não
2025-40196685-4;(BM) 2025-030050883-001;28/06/2025 12:48;RUA JOAO MELO FREIRE, Nº 40 - JARDIM CIDADE - PASSOS;-207.318.699;-466.280.818;P02003 - VISTORIA EM LOTE VAGO (C) (Prioridade: 2 - Média);1CIA IND/2CIA/1PEL(PASSOS);UR00565;Não;Não;Não;BOLETIM DE OCORRENCIA;Classificada;29/06/2025 06:11;Não
2025-40196791-1;(BM) 2025-030059947-001;28/06/2025 12:59;AVENIDA PAINEIRA, Nº S/N - SERRA DAS BRISAS - PASSOS;-207.338.439;-46.595.301;O04013 - INCENDIO EM PASTO (C) (Prioridade: 2 - Média);1CIA IND/2CIA/1PEL(PASSOS);VOB00480;Não;Não;Não;BOLETIM DE OCORRENCIA;Classificada;29/06/2025 06:11;Não
2025-40196951-6;(BM) 2025-030050842-001;28/06/2025 13:14;PRACA JOSE FIGUEIREDO, Nº S/N - PASSOS;;;P02003 - VISTORIA EM LOTE VAGO (C) (Prioridade: 2 - Média);1CIA IND/2CIA/1PEL(PASSOS);UR00565;Não;Não;Não;BOLETIM DE OCORRENCIA;Classificada;29/06/2025 06:11;Não
2025-40197035-4;(BM) 2025-030050920-001;28/06/2025 13:22;RUA JOEL DA SILVA MENDES, Nº 386 - JARDIM CIDADE - PASSOS;-207.308.072;-466.255.821;P02003 - VISTORIA EM LOTE VAGO (C) (Prioridade: 2 - Média);1CIA IND/2CIA/1PEL(PASSOS);UR00565;Não;Não;Não;BOLETIM DE OCORRENCIA;Classificada;29/06/2025 06:11;Não
2025-40199413-0;(BM) 2025-030120097-001;28/06/2025 16:17;AVENIDA COMENDADOR FRANCISCO A MAIA, Nº 4050 - EXPOSICAO - PASSOS;-207.333.293;-466.060.067;P03999 - OUTROS TIPOS DE PCI / PCA   (C) (Prioridade: 2 - Média);1CIA IND/2CIA/1PEL(PASSOS);UR00565;Não;Não;Não;BOLETIM DE OCORRENCIA;Classificada;29/06/2025 06:11;Não
2025-40202054-1;(BM) 2025-030105283-001;28/06/2025 18:54;RUA IMPRENSA, Nº 215 - MONSENHOR MESSIAS - PASSOS;-207.372.701;-465.991.836;O04012 - INCENDIO EM LOTE VAGO (AREA URBANA) (C) (Prioridade: 2 - Média);1CIA IND/2CIA/1PEL(PASSOS);VOB00480;Não;Não;Não;BOLETIM DE OCORRENCIA;Classificada;29/06/2025 06:11;Não
2025-40203526-4;(BM) 2025-030108324-001;28/06/2025 20:32;RUA LUIZ MOURA DA SILVA, Nº 151 - COHAB 3 - PASSOS;-20.702.607;-46.626.591;V03025 - VITIMA COM FERIMENTO DE CORTE/CONTUSAO (C) (Prioridade: 1 - Alta);1CIA IND/2CIA/1PEL(PASSOS);UR00565;Não;Não;Não;BOLETIM DE OCORRENCIA;Classificada;29/06/2025 06:12;Não
2025-40204041-0;;28/06/2025 21:04;AVENIDA DONA LIQUINHA SILVEIRA, Nº 566 - COHAB 1 - PASSOS;-207.109.526;-466.247.814;V01007 - VITIMA COM DISPNEIA (FALTA DE AR) (C) (Prioridade: 1 - Alta);1CIA IND/2CIA/1PEL(PASSOS);;Não;Não;Não;NÃO ATENDIDA: FALTA DE EFETIVO;Classificada;28/06/2025 21:05;Não
2025-40211027-0;(BM) 2025-030159129-001;29/06/2025 09:02;RUA CAPITOLIO, Nº 565 - CENTENARIO - PASSOS;-207.330.926;-46.613.284;P02003 - VISTORIA EM LOTE VAGO (C) (Prioridade: 2 - Média);1CIA IND/2CIA/1PEL(PASSOS);UR00565;Não;Não;Não;BOLETIM DE OCORRENCIA;Classificada;30/06/2025 07:30;Não
2025-40211108-0;(BM) 2025-030160164-001;29/06/2025 09:13;RUA CAPITOLIO, Nº S/N - MUARAMA 2 - PASSOS;-207.333.152;-466.132.373;P02003 - VISTORIA EM LOTE VAGO (C) (Prioridade: 2 - Média);1CIA IND/2CIA/1PEL(PASSOS);UR00565;Não;Não;Não;BOLETIM DE OCORRENCIA;Classificada;30/06/2025 07:30;Não
2025-40211202-8;(BM) 2025-030160753-001;29/06/2025 09:23;RUA CAPITOLIO, Nº 546 - MUARAMA 2 - PASSOS;-207.332.045;-466.134.277;P02003 - VISTORIA EM LOTE VAGO (C) (Prioridade: 2 - Média);1CIA IND/2CIA/1PEL(PASSOS);UR00565;Não;Não;Não;BOLETIM DE OCORRENCIA;Classificada;30/06/2025 07:30;Não
2025-40211254-1;(BM) 2025-030161288-001;29/06/2025 09:29;AVENIDA JK, Nº S/N - MONSENHOR MESSIAS - PASSOS;-207.342.178;-465.979.772;P03999 - OUTROS TIPOS DE PCI / PCA   (C) (Prioridade: 2 - Média);1CIA IND/2CIA/1PEL(PASSOS);UR00565;Não;Não;Não;BOLETIM DE OCORRENCIA;Classificada;30/06/2025 07:30;Não
2025-40212076-0;(BM) 2025-030173988-001;29/06/2025 11:01;RUA ROQUE ORLANDO RIBEIRO, Nº 500 - RECANTO DO BOSQUE - PASSOS;-207.224.847;-465.835.738;V01006 - VITIMA COM DIFICULDADE DE LOCOMOCAO (C) (Prioridade: 1 - Alta);1CIA IND/2CIA/1PEL(PASSOS);UR00565;Não;Não;Não;BOLETIM DE OCORRENCIA;Classificada;30/06/2025 07:30;Não
2025-40214732-8;;29/06/2025 15:19;TRAVESSA TROVADOR, Nº 18 - NOVO HORIZONTE - PASSOS;-207.337.038;-466.009.567;V03018 - VITIMA DE QUEDA DA PROPRIA ALTURA (C) (Prioridade: 1 - Alta);1CIA IND/2CIA/1PEL(PASSOS);UR00565;Não;Não;Não;DISPENSADA PELO SOLICITANTE;Classificada;29/06/2025 15:48;Não
2025-40219202-1;(BM) 2025-030243016-001;29/06/2025 20:04;RUA SANTA EFIGENIA, Nº 111 - SAO BENEDITO - PASSOS;-207.192.511;-466.022.273;V01023 - VITIMA DE SINCOPE (DESMAIO)/VERTIGEM (C) (Prioridade: 1 - Alta);1CIA IND/2CIA/1PEL(PASSOS);UR00565;Não;Não;Não;BOLETIM DE OCORRENCIA;Classificada;30/06/2025 07:30;Não
2025-40219762-6;(BM) 2025-030244051-002;29/06/2025 20:41;RUA IMPRENSA, Nº S/N - NOVO HORIZONTE - PASSOS;-207.291.357;-466.020.228;O02001 - INCENDIO EM RESIDENCIA/HABITACAO UNIFAMILIAR (CASA) (C) (Prioridade: 1 - Alta);1CIA IND/2CIA/1PEL(PASSOS);VOB00480 / UR00565;Não;Não;Não;BOLETIM DE OCORRENCIA;Classificada;30/06/2025 07:29;Não
2025-40221056-4;(BM) 2025-030244340-001;29/06/2025 22:08;RUA DOUTOR CARVALHO, Nº 1455 - NOSSA SENHORA DAS GRAÇAS - PASSOS;-207.352.269;-466.037.303;S04014 - SALVAMENTO DE PESSOA COM OBJETO PRESO AO CORPO (C) (Prioridade: 1 - Alta);1CIA IND/2CIA/1PEL(PASSOS);BM1430719;Não;Não;Não;BOLETIM DE OCORRENCIA;Classificada;30/06/2025 07:29;Não
2025-40226020-4;(BM) 2025-030290260-001;30/06/2025 09:30;RUA CAMPOS GERAIS, Nº 899 - NOSSA SENHORA DE FATIMA - PASSOS;-206.985.866;-466.145.726;P01001 - VISTORIA DE FISCALIZACAO (C) (Prioridade: 2 - Média);1CIA IND/2CIA/PEL PREV E VIST(PASSOS);APV06243;Não;Não;Não;BOLETIM DE OCORRENCIA;Classificada;01/07/2025 07:57;Não
2025-40226112-0;(BM) 2025-030300270-001;30/06/2025 09:38;RUA MANOEL LOPES DE CARVALHO, Nº S/N - JARDIM FLORENCA - PASSOS;-206.912.908;-46.615.319;P02003 - VISTORIA EM LOTE VAGO (C) (Prioridade: 2 - Média);1CIA IND/2CIA/1PEL(PASSOS);VOB00480;Não;Não;Não;BOLETIM DE OCORRENCIA;Classificada;01/07/2025 07:57;Não
2025-40226516-0;(BM) 2025-030300318-001;30/06/2025 10:09;AVENIDA PROJETADA, Nº S/N - JARDIM FLORENCA - PASSOS;-206.924.763;-466.115.051;P02003 - VISTORIA EM LOTE VAGO (C) (Prioridade: 2 - Média);1CIA IND/2CIA/1PEL(PASSOS);VOB00480;Não;Não;Não;BOLETIM DE OCORRENCIA;Classificada;01/07/2025 07:57;Não
2025-40227335-0;(BM) 2025-030319903-001;30/06/2025 11:03;RUA SURINAME, Nº 80 - NOVO MUNDO - PASSOS;-207.272.079;-465.915.857;V01001 - VITIMA DE ACIDENTE VASCULAR CEREBRAL (AVC) (C) (Prioridade: 1 - Alta);1CIA IND/2CIA/1PEL(PASSOS);UR00565;Não;Não;Não;BOLETIM DE OCORRENCIA;Classificada;01/07/2025 07:58;Não
2025-40229402-7;(BM) 2025-030347130-001;30/06/2025 13:50;RUA SEBASTIAO TEOFILO, Nº 401 - NOVA CALIFORNIA - PASSOS;-207.003.435;-466.227.391;P01001 - VISTORIA DE FISCALIZACAO (C) (Prioridade: 2 - Média);1CIA IND/2CIA/PEL PREV E VIST(PASSOS);APV06243;Não;Não;Não;BOLETIM DE OCORRENCIA;Classificada;01/07/2025 07:57;Não
2025-40229985-7;(BM) 2025-030356009-001;30/06/2025 14:26;RUA GOIAS, Nº 2778 - JARDIM COLEGIO DE PASSOS - PASSOS;-207.186.994;-465.926.958;V01006 - VITIMA COM DIFICULDADE DE LOCOMOCAO (C) (Prioridade: 1 - Alta);1CIA IND/2CIA/1PEL(PASSOS);UR04360;Não;Não;Não;BOLETIM DE OCORRENCIA;Classificada;01/07/2025 07:58;Não
2025-40230955-3;(BM) 2025-030356078-001;30/06/2025 15:10;RUA CEARA, Nº 1039 - BELA VISTA - PASSOS;-207.185.497;-465.971.561;V01003 - VITIMA COM CRISE CONVULSIVA (C) (Prioridade: 1 - Alta);1CIA IND/2CIA/1PEL(PASSOS);UR00565;Não;Não;Não;BOLETIM DE OCORRENCIA;Classificada;01/07/2025 07:58;Não
2025-40231086-1;(BM) 2025-030353977-001;30/06/2025 15:18;RUA VICENTINOS, Nº 40 - CANDEIAS - PASSOS;-207.229.295;-4.661.721;P01001 - VISTORIA DE FISCALIZACAO (C) (Prioridade: 2 - Média);1CIA IND/2CIA/PEL PREV E VIST(PASSOS);APV06243;Não;Não;Não;BOLETIM DE OCORRENCIA;Classificada;01/07/2025 07:57;Não
2025-40231635-8;(BM) 2025-030391954-001;30/06/2025 15:45;AVENIDA ARLINDO FIGUEIREDO, Nº S/N - JARDIM PINHEIROS 2 - PASSOS;-207.262.479;-466.225.308;O04014 - INCENDIO AS MARGENS DE RODOVIA (C) (Prioridade: 2 - Média);1CIA IND/2CIA/1PEL(PASSOS);VOB00480;Não;Não;Não;BOLETIM DE OCORRENCIA;Classificada;01/07/2025 07:57;Não
2025-40233525-0;(BM) 2025-030396853-001;30/06/2025 17:25;AVENIDA PROJETADA, Nº S/N - JARDIM FLORENCA - PASSOS;-206.924.763;-466.115.051;P02003 - VISTORIA EM LOTE VAGO (C) (Prioridade: 2 - Média);1CIA IND/2CIA/1PEL(PASSOS);VOB00480;Não;Não;Não;BOLETIM DE OCORRENCIA;Classificada;01/07/2025 07:57;Não
2025-40236049-2;(BM) 2025-030416871-001;30/06/2025 19:50;RUA PADRE PIRES, Nº 135 - SAO FRANCISCO - PASSOS;-207.269.394;-466.179.786;V01025 - VITIMA DE USO / ABUSO / DEPENDENCIA DE DROGAS / ALCOOL (C) (Prioridade: 1 - Alta);1CIA IND/2CIA/1PEL(PASSOS);UR04360;Não;Não;Não;BOLETIM DE OCORRENCIA;Classificada;01/07/2025 07:58;Não
2025-40236193-9;(BM) 2025-030416947-001;30/06/2025 19:58;RODOVIA MG 050, Km 357 - PASSOS;-207.368.369;-466.308.132;O04014 - INCENDIO AS MARGENS DE RODOVIA (C) (Prioridade: 2 - Média);1CIA IND/2CIA/1PEL(PASSOS);VOB00480;Não;Não;Não;BOLETIM DE OCORRENCIA;Classificada;01/07/2025 07:58;Não
