Nº chamada;Nº REDS;Data/hora de criação;Local do fato;Latitude  do local;Longitude do local;Natureza;Unidade Responsável;Recursos empenhados;Alerta;Destaque;Envolve autoridade;Tipo de classificação;Situação;Data/hora da situação atual;Evento associado
2025-41763904-2;(BM) 2025-045534194-001;01/10/2025 05:24;RUA DAS CEREJEIRAS, Nº 470 - PARQUE TROPICAL - PASSOS;-207.205.692;-466.405.341;S06001 - SALVAMENTO DE ANIMAL EM RISCO / PERIGO (C) (Prioridade: 2 - Média);1CIA IND/2CIA/1PEL(PASSOS);ASL06087;Não;Não;Não;BOLETIM DE OCORRENCIA;Classificada;01/10/2025 07:41;Não
2025-41764986-2;(BM) 2025-045543496-001;01/10/2025 08:22;AVENIDA COMENDADOR FRANCISCO A MAIA, Nº 1860 - SANTA CASA - PASSOS;-20.715.025;-466.128.689;P01002 - VISTORIA DE LIBERACAO / EMISSAO DE AVCB (C) (Prioridade: 2 - Média);1CIA IND/2CIA/PEL PREV E VIST(PASSOS);ASL00063;Não;Não;Não;BOLETIM DE OCORRENCIA;Classificada;02/10/2025 08:15;Não
2025-41765511-0;(BM) 2025-045693104-001;01/10/2025 09:07;LUGAREJO BRU0005 - CORREGO DO FEIJAO, Nº S/N - BRUMADINHO;-201.361.111;-441.136.111;X03000 - EMPENHO ADMINISTRATIVO (C) (Prioridade: 2 - Média);1CIA IND/2CIA/1PEL(PASSOS);BM1430719 / VOB00480;Não;Não;Não;BOLETIM DE OCORRENCIA;Classificada;10/10/2025 07:14;Não
2025-41765592-2;(BM) 2025-045553435-002;01/10/2025 09:13;RUA ANA CANDIDA DE JESUS, Nº 251 - JARDIM CANADA - PASSOS;-207.510.164;-466.068.449;P02011 - VISTORIA EM ENXAME DE INSETOS (C) (Prioridade: 2 - Média);1CIA IND/2CIA/1PEL(PASSOS);ASL06087;Não;Não;Não;BOLETIM DE OCORRENCIA;Classificada;02/10/2025 08:15;Não
2025-41767305-0;(BM) 2025-045576204-001;01/10/2025 11:31;RUA DOUTOR CARVALHO, Nº 1455 - NOSSA SENHORA DAS GRAÇAS - PASSOS;-207.352.269;-466.037.303;V02408 - VITIMA DE COLISAO ENTRE AUTOMOVEL X MOTOCICLETA (C) (Prioridade: 1 - Alta);1CIA IND/2CIA/1PEL(PASSOS);UR05480;Não;Não;Não;BOLETIM DE OCORRENCIA;Classificada;02/10/2025 08:15;Não
2025-41767547-9;(BM) 2025-045573003-001;01/10/2025 11:49;RUA JAPAO, Nº 302 - NOVO MUNDO - PASSOS;-207.262.175;-465.895.676;S06001 - SALVAMENTO DE ANIMAL EM RISCO / PERIGO (C) (Prioridade: 2 - Média);1CIA IND/2CIA/1PEL(PASSOS);ASL06087;Não;Não;Não;BOLETIM DE OCORRENCIA;Classificada;02/10/2025 08:15;Não
2025-41767849-8;(BM) 2025-045585365-001;01/10/2025 12:18;RUA JURANDIR LEANDRO VIEIRA, Nº 830 - RESIDENCIAL VILLAGIO DI ITALIA - PASSOS;;;O04011 - INCENDIO EM AREA URBANA NAO PROTEGIDA (C) (Prioridade: 2 - Média);1CIA IND/2CIA/1PEL(PASSOS);ASL07161;Não;Não;Não;BOLETIM DE OCORRENCIA;Classificada;02/10/2025 08:15;PERÍODO DE ESTIAGEM
2025-41768399-9;;01/10/2025 13:08;ESTRADA SBG0156 - CANTEIROS, Nº S/N - SAO JOAO BATISTA GLORIA;-205.328.354;-463.936.664;S06001 - SALVAMENTO DE ANIMAL EM RISCO / PERIGO (C) (Prioridade: 2 - Média);1CIA IND/2CIA/1PEL(PASSOS);;Não;Não;Não;ORIENTAÇÃO;Classificada;01/10/2025 13:38;Não
2025-41768857-1;(BM) 2025-045586946-001;01/10/2025 13:43;RUA SALDANHA DA GAMA, Nº S/N - SANTA CASA - PASSOS;-207.122.441;-466.143.484;O04011 - INCENDIO EM AREA URBANA NAO PROTEGIDA (C) (Prioridade: 2 - Média);1CIA IND/2CIA/1PEL(PASSOS);VOB00480;Não;Não;Não;BOLETIM DE OCORRENCIA;Classificada;02/10/2025 08:15;PERÍODO DE ESTIAGEM
2025-41768936-6;;01/10/2025 13:50;AVENIDA PERIMETRAL, Nº 50 - SANTA CASA - PASSOS;-20.710.761;-466.137.776;W98011 - SOLICITACAO DE APOIO (C) (Prioridade: 1 - Alta);1CIA IND/2CIA/1PEL(PASSOS);;Não;Não;Não;DUPLICADA;Classificada;01/10/2025 13:57;Não
2025-41772106-2;(BM) 2025-045627762-001;01/10/2025 16:49;RUA JACUI, Nº 62 - CANDEIAS - PASSOS;-207.211.225;-466.157.732;V01007 - VITIMA COM DISPNEIA (FALTA DE AR) (C) (Prioridade: 1 - Alta);1CIA IND/2CIA/1PEL(PASSOS);UR05480;Não;Não;Não;BOLETIM DE OCORRENCIA;Classificada;02/10/2025 08:15;Não
2025-41772805-1;(BM) 2025-045633625-001;01/10/2025 17:29;RUA SANTA CASA, Nº 164 - SANTA CASA - PASSOS;-207.129.746;-466.123.199;V01999 - OUTROS TIPOS DE APH CLINICO (C) (Prioridade: 1 - Alta);1CIA IND/2CIA/1PEL(PASSOS);UR05480;Não;Não;Não;BOLETIM DE OCORRENCIA;Classificada;02/10/2025 08:15;Não
2025-41774399-3;(BM) 2025-045659441-001;01/10/2025 19:05;RUA ATENAS, Nº 144 - PANORAMA - PASSOS;-207.081.661;-466.137.826;V03018 - VITIMA DE QUEDA DA PROPRIA ALTURA (C) (Prioridade: 1 - Alta);1CIA IND/2CIA/1PEL(PASSOS);UR05480;Não;Não;Não;BOLETIM DE OCORRENCIA;Classificada;02/10/2025 08:15;Não
2025-41774700-4;;01/10/2025 19:23;RODOVIA MG 050, Km 361 - PASSOS;-207.369.433;-466.596.676;W98011 - SOLICITACAO DE APOIO (C) (Prioridade: 1 - Alta);1CIA IND/2CIA/1PEL(PASSOS);;Não;Não;Não;SOLICITANTE ENCONTRADO - PROVIDÊNCIA DISPENSADA;Classificada;01/10/2025 20:03;Não
2025-41774937-3;;01/10/2025 19:39;RUA ESTEVAM PARENTI, Nº 120 - PENHA 2 - PASSOS;-207.124.171;-466.277.516;V01008 - VITIMA COM DOR ABDOMINAL (ABDOME AGUDO) (C) (Prioridade: 1 - Alta);1CIA IND/2CIA/1PEL(PASSOS);;Não;Não;Não;ATENDIDA PELO SAMU;Classificada;01/10/2025 19:53;Não
2025-41775778-7;(BM) 2025-045670034-001;01/10/2025 20:37;RUA ESTEVAM PARENTI, Nº 120 - PENHA 2 - PASSOS;-207.124.171;-466.277.516;V01008 - VITIMA COM DOR ABDOMINAL (ABDOME AGUDO) (C) (Prioridade: 1 - Alta);1CIA IND/2CIA/1PEL(PASSOS);UR05480;Não;Não;Não;BOLETIM DE OCORRENCIA;Classificada;02/10/2025 08:15;Não
2025-41777409-1;(BM) 2025-045681090-001;01/10/2025 22:28;AVENIDA ESTACAO, Nº 332 - PARQUE DA ESTACAO - PASSOS;-207.080.759;-466.112.171;O02003 - INCENDIO EM EDIFICACAO COMERCIAL (C) (Prioridade: 1 - Alta);1CIA IND/2CIA/1PEL(PASSOS);VOB00480;Não;Não;Não;BOLETIM DE OCORRENCIA;Classificada;02/10/2025 08:15;Não
2025-41777463-7;;01/10/2025 22:30;AVENIDA ESTACAO, Nº 332 - PARQUE DA ESTACAO - PASSOS;-207.080.759;-466.112.171;W98011 - SOLICITACAO DE APOIO (C) (Prioridade: 1 - Alta);1CIA IND/2CIA/1PEL(PASSOS);;Não;Não;Não;DUPLICADA;Classificada;01/10/2025 22:34;Não
2025-41778198-3;(PM) 2025-045694936-001 / (BM) 2025-045694936-002;01/10/2025 23:23;RUA GUAPORE, Nº 3125 - RECANTO DA HARMONIA - PASSOS;-20.702.307;-465.908.373;W98011 - SOLICITACAO DE APOIO (C) (Prioridade: 1 - Alta);1CIA IND/2CIA/1PEL(PASSOS);UR05480;Não;Não;Não;BOLETIM DE OCORRENCIA;Classificada;02/10/2025 08:13;Não
2025-41778640-6;(BM) 2025-045689500-001;01/10/2025 23:56;RUA BARAO DO RIO BRANCO, Nº S/N - HARMONIA - PASSOS;;;O04011 - INCENDIO EM AREA URBANA NAO PROTEGIDA (C) (Prioridade: 2 - Média);1CIA IND/2CIA/1PEL(PASSOS);ASL06087;Não;Não;Não;BOLETIM DE OCORRENCIA;Classificada;02/10/2025 08:15;Não
2025-41781462-8;(BM) 2025-045732523-001;02/10/2025 08:37;RUA DOUTOR CARVALHO, Nº 1561 - BELO HORIZONTE - PASSOS;-207.329.352;-466.040.812;S06007 - CORTE / PODA DE ARVORE COM RISCO IMINENTE DE QUEDA (C) (Prioridade: 2 - Média);1CIA IND/2CIA/1PEL(PASSOS);VOB00480;Não;Não;Não;BOLETIM DE OCORRENCIA;Classificada;03/10/2025 07:36;Não
2025-41782161-7;(BM) 2025-045729100-001;02/10/2025 09:37;AVENIDA ARLINDO FIGUEIREDO, Nº S/N - JARDIM PINHEIROS 2 - PASSOS;-207.262.479;-466.225.308;O04012 - INCENDIO EM LOTE VAGO (AREA URBANA) (C) (Prioridade: 2 - Média);1CIA IND/2CIA/1PEL(PASSOS);VOB00480;Não;Não;Não;BOLETIM DE OCORRENCIA;Classificada;03/10/2025 07:37;Não
2025-41782603-3;(BM) 2025-045729194-001;02/10/2025 10:13;AVENIDA COMENDADOR FRANCISCO A MAIA, Nº 1870 - SANTA CASA - PASSOS;-207.150.494;-466.128.561;O04012 - INCENDIO EM LOTE VAGO (AREA URBANA) (C) (Prioridade: 2 - Média);1CIA IND/2CIA/1PEL(PASSOS);VOB00480;Não;Não;Não;BOLETIM DE OCORRENCIA;Classificada;03/10/2025 07:37;Não
2025-41783393-8;(BM) 2025-045739159-001;02/10/2025 11:13;RUA TURMALINA, Nº 1532 - PASSOS;-207.545.282;-466.003.473;V01013 - VITIMA DE EMERGENCIAS PSIQUIATRICAS (C) (Prioridade: 1 - Alta);1CIA IND/2CIA/1PEL(PASSOS);UR05480;Não;Não;Não;BOLETIM DE OCORRENCIA;Classificada;03/10/2025 07:37;Não
2025-41785137-9;(BM) 2025-045755675-001;02/10/2025 13:41;RUA MINAS GERAIS, Nº S/N - CENTRO - SAO JOAO BATISTA GLORIA;-206.451.528;-465.059.426;X03000 - EMPENHO ADMINISTRATIVO (C) (Prioridade: 2 - Média);1CIA IND/2CIA/PEL PREV E VIST(PASSOS);APV06243;Não;Não;Não;BOLETIM DE OCORRENCIA;Classificada;03/10/2025 07:37;Não
2025-41785190-1;(BM) 2025-045822383-001;02/10/2025 13:44;RUA DOUTOR CARVALHO, Nº 1455 - NOSSA SENHORA DAS GRAÇAS - PASSOS;-207.352.269;-466.037.303;Q03999 - OUTROS TIPOS DE TREINAMENTO (C) (Prioridade: 2 - Média);1CIA IND/2CIA/1PEL(PASSOS);BM1206671;Não;Não;Não;BOLETIM DE OCORRENCIA;Classificada;03/10/2025 07:37;Não
2025-41785444-8;(BM) 2025-045822314-001;02/10/2025 14:01;RUA CARAVELAS, Nº 30 - NOVO HORIZONTE - PASSOS;-207.313.972;-466.004.907;V01005 - VITIMA COM CRISE HIPERTENSIVA/HIPOTENSAO (C) (Prioridade: 1 - Alta);1CIA IND/2CIA/1PEL(PASSOS);UR05480;Não;Não;Não;BOLETIM DE OCORRENCIA;Classificada;03/10/2025 07:37;Não
2025-41787032-1;(BM) 2025-045819715-001;02/10/2025 15:23;RUA EVARISTO ALVES DA CRUZ, Nº 118 - RESIDENCIAL MONSENHOR UBIRAJARA CABRAL - ALPINOPOLIS;-208.536.399;-463.938.323;O04013 - INCENDIO EM PASTO (C) (Prioridade: 2 - Média);1CIA IND/2CIA/1PEL(PASSOS);ASL07161;Não;Não;Não;BOLETIM DE OCORRENCIA;Classificada;03/10/2025 07:37;PERÍODO DE ESTIAGEM
2025-41787421-3;;02/10/2025 15:45;ESTRADA PSS0144 - ESTRADA DA FORTALEZA DE MINAS, Nº S/N - PASSOS;-207.380.751;-466.520.002;O04013 - INCENDIO EM PASTO (C) (Prioridade: 2 - Média);1CIA IND/2CIA/1PEL(PASSOS);;Não;Não;Não;DISPENSADA PELO SOLICITANTE;Classificada;02/10/2025 17:53;Não
2025-41793227-5;(BM) 2025-045842280-001;02/10/2025 21:24;RUA AMOS D BORSARI, Nº S/N - NOVA PASSOS - PASSOS;-207.068.241;-466.340.805;S06002 - CAPTURA DE ANIMAL SILVESTRE PERIGOSO / AGRESSIVO (C) (Prioridade: 2 - Média);1CIA IND/2CIA/1PEL(PASSOS);ASL06087;Não;Não;Não;BOLETIM DE OCORRENCIA;Classificada;03/10/2025 07:37;Não
2025-41793378-0;;02/10/2025 21:35;RUA TURMALINA, Nº S/N - ACLIMACAO - PASSOS;-207.543.276;-466.029.164;O04013 - INCENDIO EM PASTO (C) (Prioridade: 2 - Média);1CIA IND/2CIA/1PEL(PASSOS);ASL07161;Não;Não;Não;DISPENSADA PELO SOLICITANTE;Classificada;02/10/2025 21:56;Não
2025-41794920-3;(BM) 2025-045869803-001;02/10/2025 23:14;RUA ESPIRITO SANTO, Nº 360 - BOM JESUS - FORTALEZA DE MINAS;-208.524.006;-467.148.463;O02001 - INCENDIO EM RESIDENCIA/HABITACAO UNIFAMILIAR (CASA) (C) (Prioridade: 1 - Alta);1CIA IND/2CIA/1PEL(PASSOS);VOB00480 / ASL06087;Não;Não;Não;BOLETIM DE OCORRENCIA;Classificada;03/10/2025 07:37;Não
2025-41798067-8;;03/10/2025 08:06;PRACA JOAO BARBOSA SOBRINHO, Nº S/N - CENTRO - CONCEICAO DA APARECIDA;-210.936.447;-462.045.168;P01003 - VISTORIA EM EVENTOS TEMPORARIOS (C) (Prioridade: 1 - Alta);1CIA IND/2CIA/1PEL(PASSOS);;Não;Não;Não;TESTE;Classificada;03/10/2025 08:07;Não
2025-41798087-5;(BM) 2025-045886870-001;03/10/2025 08:08;RUA DOUTOR CARVALHO, Nº 1455 - NOSSA SENHORA DAS GRAÇAS - PASSOS;-207.352.269;-466.037.303;Q03006 - TREINAMENTO DE FORMACAO DE BRIGADAS (C) (Prioridade: 2 - Média);1CIA IND/2CIA/PEL PREV E VIST(PASSOS);BM1636356;Não;Não;Não;BOLETIM DE OCORRENCIA;Classificada;04/10/2025 08:14;Não
2025-41801151-4;(BM) 2025-045926910-001;03/10/2025 12:25;RODOVIA MG 050, Nº S/N - MARIA PARREIRA - ITAU DE MINAS;-20.747.495;-467.514.113;O04007 - INCENDIO EM PROPRIEDADE RURAL PARTICULAR (C) (Prioridade: 2 - Média);1CIA IND/2CIA/1PEL(PASSOS);ASL07161;Não;Não;Não;BOLETIM DE OCORRENCIA;Classificada;04/10/2025 06:49;PERÍODO DE ESTIAGEM
2025-41801339-8;;03/10/2025 12:45;AVENIDA EXPEDICIONARIOS, Nº 97 - CENTRO - PASSOS;-207.213.655;-46.606.969;S03008 - SALVAMENTO DE PESSOA PRESA EM ELEVADOR (C) (Prioridade: 1 - Alta);1CIA IND/2CIA/1PEL(PASSOS);;Não;Não;Não;DISPENSADA PELO SOLICITANTE;Classificada;03/10/2025 13:08;Não
2025-41801374-9;(BM) 2025-045924664-001;03/10/2025 12:47;PRACA DONA MARIA GOULART, Nº S/N - CENTRO - CARMO DO RIO CLARO;-209.733.925;-461.178.405;P01003 - VISTORIA EM EVENTOS TEMPORARIOS (C) (Prioridade: 1 - Alta);1CIA IND/2CIA/PEL PREV E VIST(PASSOS);APV06243;Não;Não;Não;BOLETIM DE OCORRENCIA;Classificada;04/10/2025 08:14;Não
2025-41801412-6;;03/10/2025 12:51;ESTRADA IDM0063 - SANTANA, Nº S/N - ITAU DE MINAS;-207.483.696;-467.934.966;O04008 - INCENDIO EM AREA RURAL NAO PROTEGIDA (C) (Prioridade: 2 - Média);1CIA IND/2CIA/1PEL(PASSOS);;Não;Não;Não;DUPLICADA;Classificada;03/10/2025 13:06;Não
2025-41801492-5;(BM) 2025-045925706-001;03/10/2025 12:57;RUA DOUTOR CARVALHO, Nº 1455 - NOSSA SENHORA DAS GRAÇAS - PASSOS;-207.352.269;-466.037.303;Q03006 - TREINAMENTO DE FORMACAO DE BRIGADAS (C) (Prioridade: 2 - Média);1CIA IND/2CIA/1PEL(PASSOS);BM1787365;Não;Não;Não;BOLETIM DE OCORRENCIA;Classificada;04/10/2025 08:14;Não
2025-41802614-6;(BM) 2025-045937375-001;03/10/2025 14:18;RUA SEBASTIAO CARDOSO, Nº S/N - BAEPENDI - ALPINOPOLIS;-208.690.502;-463.892.369;P01003 - VISTORIA EM EVENTOS TEMPORARIOS (C) (Prioridade: 1 - Alta);1CIA IND/2CIA/PEL PREV E VIST(PASSOS);APV06243;Não;Não;Não;BOLETIM DE OCORRENCIA;Classificada;04/10/2025 08:14;Não
2025-41805102-0;(BM) 2025-045972440-001;03/10/2025 16:26;RUA SALINAS, Nº 509 - COHAB 2 - PASSOS;-207.118.898;-466.321.796;S06001 - SALVAMENTO DE ANIMAL EM RISCO / PERIGO (C) (Prioridade: 2 - Média);1CIA IND/2CIA/1PEL(PASSOS);ASL06087;Não;Não;Não;BOLETIM DE OCORRENCIA;Classificada;04/10/2025 08:14;Não
2025-41805196-4;;03/10/2025 16:32;RODOVIA MG 050, Nº S/N - PASSOS;-207.379.186;-46.618.731;S04008 - SALVAMENTO DE PESSOA ILHADA (C) (Prioridade: 2 - Média);1CIA IND/2CIA/1PEL(PASSOS);;Não;Não;Não;DISPENSADA PELO SOLICITANTE;Classificada;03/10/2025 16:55;Não
2025-41805631-1;(BM) 2025-045985802-001;03/10/2025 16:56;RUA JOAO OSORIO PROENCA, Nº 198 - PASSOS;-207.272.336;-465.816.872;P02011 - VISTORIA EM ENXAME DE INSETOS (C) (Prioridade: 2 - Média);1CIA IND/2CIA/1PEL(PASSOS);ASL06087;Não;Não;Não;BOLETIM DE OCORRENCIA;Classificada;04/10/2025 07:28;Não
2025-41806122-3;(BM) 2025-045978070-001;03/10/2025 17:24;AVENIDA CHICO XAVIER, Nº S/N - JARDIM PLANALTO - PASSOS;-207.197.803;-466.285.997;S05302 - COLISAO ENTRE MOTOCICLETAS (C) (Prioridade: 1 - Alta);1CIA IND/2CIA/1PEL(PASSOS);ASL06087;Não;Não;Não;BOLETIM DE OCORRENCIA;Classificada;04/10/2025 07:06;Não
2025-41807376-7;(BM) 2025-046032435-001;03/10/2025 18:38;RODOVIA MG 050, Nº S/N - PASSOS;-207.379.186;-46.618.731;S04008 - SALVAMENTO DE PESSOA ILHADA (C) (Prioridade: 2 - Média);1CIA IND/2CIA/1PEL(PASSOS);ASL06087;Não;Não;Não;BOLETIM DE OCORRENCIA;Classificada;04/10/2025 08:14;Não
2025-41814422-2;(BM) 2025-046053051-001;04/10/2025 01:48;RUA CANTO DA PENHA, Nº 23 - PENHA - PASSOS;-207.146.764;-466.227.055;O02001 - INCENDIO EM RESIDENCIA/HABITACAO UNIFAMILIAR (CASA) (C) (Prioridade: 1 - Alta);1CIA IND/2CIA/1PEL(PASSOS);VOB00480;Não;Não;Não;BOLETIM DE OCORRENCIA;Classificada;04/10/2025 07:40;Não
2025-41815731-2;(BM) 2025-046061346-001;04/10/2025 06:13;AVENIDA ARLINDO FIGUEIREDO, Nº 2211 - JARDIM CIDADE - PASSOS;-207.320.493;-466.302.434;V02502 - VITIMA DE QUEDA (MOTOCICLISTA) (C) (Prioridade: 1 - Alta);1CIA IND/2CIA/1PEL(PASSOS);UR05480;Não;Não;Não;BOLETIM DE OCORRENCIA;Classificada;04/10/2025 08:14;Não
2025-41817391-7;(BM) 2025-046077806-001;04/10/2025 09:54;RUA DOUTOR CARVALHO, Nº 1455 - NOSSA SENHORA DAS GRAÇAS - PASSOS;-207.352.269;-466.037.303;Q03019 - TREINAMENTO DE MERGULHO AUTONOMO (C) (Prioridade: 2 - Média);1CIA IND/2CIA/1PEL(PASSOS);BM1644855;Não;Não;Não;BOLETIM DE OCORRENCIA;Classificada;05/10/2025 08:12;Não
2025-41817410-0;(BM) 2025-046079517-001;04/10/2025 09:55;RUA MISSISSIPI, Nº 85 - RESIDENCIAL ELDORADO - PASSOS;-207.320.175;-466.238.167;P02011 - VISTORIA EM ENXAME DE INSETOS (C) (Prioridade: 2 - Média);1CIA IND/2CIA/1PEL(PASSOS);ASL06087;Não;Não;Não;BOLETIM DE OCORRENCIA;Classificada;05/10/2025 08:12;Não
2025-41818084-3;(BM) 2025-046079560-001;04/10/2025 11:01;RUA SEBASTIAO TEOFILO, Nº 661 - NOVA CALIFORNIA - PASSOS;-206.978.076;-466.239.145;V01003 - VITIMA COM CRISE CONVULSIVA (C) (Prioridade: 1 - Alta);1CIA IND/2CIA/1PEL(PASSOS);UR04360;Não;Não;Não;BOLETIM DE OCORRENCIA;Classificada;05/10/2025 08:19;Não
2025-41818087-1;(BM) 2025-046079545-001;04/10/2025 11:01;AVENIDA JUPITER, Nº 29 - JARDIM SATELITE - PASSOS;-207.146.915;-466.156.967;S06001 - SALVAMENTO DE ANIMAL EM RISCO / PERIGO (C) (Prioridade: 2 - Média);1CIA IND/2CIA/1PEL(PASSOS);ASL06087;Não;Não;Não;BOLETIM DE OCORRENCIA;Classificada;05/10/2025 08:12;Não
2025-41818781-7;(BM) 2025-046085358-001;04/10/2025 12:16;RUA GOIANIA, Nº 104 - JARDIM COLEGIO DE PASSOS - PASSOS;-207.219.644;-465.946.372;V01010 - VITIMA COM DOR TORACICA/SUSPEITA DE INFARTO (IAM) (C) (Prioridade: 1 - Alta);1CIA IND/2CIA/1PEL(PASSOS);UR04360;Não;Não;Não;BOLETIM DE OCORRENCIA;Classificada;05/10/2025 08:19;Não
2025-41819104-4;(BM) 2025-046088299-001;04/10/2025 12:52;RUA SAO PAULO, Nº 1067 - JARDIM COLEGIO DE PASSOS - PASSOS;-207.228.958;-465.949.146;V02108 - VITIMA DE ATROPELAMENTO DE MOTOCICLETA X ANIMAL (C) (Prioridade: 1 - Alta);1CIA IND/2CIA/1PEL(PASSOS);UR04360;Não;Não;Não;BOLETIM DE OCORRENCIA;Classificada;05/10/2025 08:20;Não
2025-41819492-5;(BM) 2025-046092560-001;04/10/2025 13:28;RUA CARAVELAS, Nº 30 - NOVO HORIZONTE - PASSOS;-207.313.972;-466.004.907;V01018 - VITIMA DE MAL NAO DEFINIDO (DISTURBIO) (C) (Prioridade: 1 - Alta);1CIA IND/2CIA/1PEL(PASSOS);UR04360;Não;Não;Não;BOLETIM DE OCORRENCIA;Classificada;05/10/2025 08:20;Não
2025-41819600-6;(BM) 2025-046092350-001;04/10/2025 13:38;AVENIDA BARRA VELHA, Nº S/N - CENTRO - SAO JOSE DA BARRA;-207.170.305;-463.165.532;O04008 - INCENDIO EM AREA RURAL NAO PROTEGIDA (C) (Prioridade: 2 - Média);1CIA IND/2CIA/1PEL(PASSOS);ASL07161;Não;Não;Não;BOLETIM DE OCORRENCIA;Classificada;05/10/2025 08:13;Não
2025-41819955-1;(BM) 2025-046097848-001;04/10/2025 14:07;RUA AMETISTA, Nº S/N - ACLIMACAO - PASSOS;-207.518.491;-46.601.633;O04011 - INCENDIO EM AREA URBANA NAO PROTEGIDA (C) (Prioridade: 2 - Média);1CIA IND/2CIA/1PEL(PASSOS);VOB00480;Não;Não;Não;BOLETIM DE OCORRENCIA;Classificada;05/10/2025 08:13;PERÍODO DE ESTIAGEM
2025-41821473-3;(BM) 2025-046126209-001;04/10/2025 15:44;RUA SEBASTIAO TEOFILO, Nº 661 - NOVA CALIFORNIA - PASSOS;-206.978.076;-466.239.145;V03021 - VITIMA DE SUICIDIO (TENTATIVA) - APH TRAUMA (C) (Prioridade: 1 - Alta);1CIA IND/2CIA/1PEL(PASSOS);UR04360;Não;Não;Não;BOLETIM DE OCORRENCIA;Classificada;05/10/2025 08:20;Não
2025-41823024-0;(PM) 2025-046126146-002 / (BM) 2025-046126146-001;04/10/2025 17:21;RUA ALBERTINO FERREIRA ROSA, Nº 139 - NOVA SUÍCA - PASSOS;-207.469.636;-466.084.475;V02202 - VITIMA DE CHOQUE DE MOTOCICLETA (C) (Prioridade: 1 - Alta);1CIA IND/2CIA/1PEL(PASSOS);UR04360;Não;Não;Não;BOLETIM DE OCORRENCIA;Classificada;05/10/2025 08:20;Não
2025-41824057-5;(BM) 2025-046133990-001;04/10/2025 18:26;RODOVIA MG 050, Km 364 - PASSOS;-207.357.243;-466.916.083;O04014 - INCENDIO AS MARGENS DE RODOVIA (C) (Prioridade: 2 - Média);1CIA IND/2CIA/1PEL(PASSOS);ASL07161;Não;Não;Não;BOLETIM DE OCORRENCIA;Classificada;05/10/2025 08:13;PERÍODO DE ESTIAGEM
2025-41824386-7;(BM) 2025-046144661-001;04/10/2025 18:46;SITIO IDM0012 - CARAS ALTAS, Nº S/N - ITAU DE MINAS;-207.537.949;-467.587.079;O04013 - INCENDIO EM PASTO (C) (Prioridade: 2 - Média);1CIA IND/2CIA/1PEL(PASSOS);ASL06087;Não;Não;Não;BOLETIM DE OCORRENCIA;Classificada;05/10/2025 08:13;PERÍODO DE ESTIAGEM
2025-41824651-6;;04/10/2025 19:01;RUA SAULO CARVALHO BUENO, Nº 145 - PARQUE DA ESTACAO - PASSOS;-207.054.437;-466.119.296;S06001 - SALVAMENTO DE ANIMAL EM RISCO / PERIGO (C) (Prioridade: 2 - Média);1CIA IND/2CIA/1PEL(PASSOS);VOB00480;Não;Não;Não;DISPENSADA PELO SOLICITANTE;Classificada;04/10/2025 19:52;Não
2025-41824882-9;(BM) 2025-046145218-001;04/10/2025 19:15;RODOVIA - MG-050, Nº S/N - ITAU DE MINAS;-207.623.077;-467.638.022;O04014 - INCENDIO AS MARGENS DE RODOVIA (C) (Prioridade: 2 - Média);1CIA IND/2CIA/1PEL(PASSOS);ASL07161;Não;Não;Não;BOLETIM DE OCORRENCIA;Classificada;05/10/2025 08:13;PERÍODO DE ESTIAGEM
2025-41825306-3;(BM) 2025-046176996-001;04/10/2025 19:40;RODOVIA MG 184, Km 12 - CARMO DO RIO CLARO;-210.030.361;-461.417.375;S06008 - CORTE DE ARVORE CAIDA EM VIA PUBLICA (C) (Prioridade: 2 - Média);1CIA IND/2CIA/1PEL(PASSOS);ASL07161;Não;Não;Não;BOLETIM DE OCORRENCIA;Classificada;05/10/2025 08:19;Não
2025-41829672-3;(BM) 2025-046176968-001;04/10/2025 23:41;RUA DANIELA LIMA BORSARI, Nº 29 - PASSOS;-20.697.523;-466.328.466;V01008 - VITIMA COM DOR ABDOMINAL (ABDOME AGUDO) (C) (Prioridade: 1 - Alta);1CIA IND/2CIA/1PEL(PASSOS);UR04360;Não;Não;Não;BOLETIM DE OCORRENCIA;Classificada;05/10/2025 08:20;Não
2025-41832913-6;(BM) 2025-046200250-001;05/10/2025 05:07;RUA RIO DOCE, Nº 2017 - PASSOS;-207.016.389;-465.956.582;V01025 - VITIMA DE USO / ABUSO / DEPENDENCIA DE DROGAS / ALCOOL (C) (Prioridade: 1 - Alta);1CIA IND/2CIA/1PEL(PASSOS);UR04360;Não;Não;Não;BOLETIM DE OCORRENCIA;Classificada;05/10/2025 08:20;Não
2025-41833779-0;(BM) 2025-046204274-001;05/10/2025 08:14;RUA DOUTOR CARVALHO, Nº 1455 - NOSSA SENHORA DAS GRAÇAS - PASSOS;-207.352.269;-466.037.303;V03012 - VITIMA COM OBJETO PRESO AO CORPO (C) (Prioridade: 1 - Alta);1CIA IND/2CIA/1PEL(PASSOS);BM1551159;Não;Não;Não;BOLETIM DE OCORRENCIA;Classificada;06/10/2025 07:37;Não
2025-41833960-1;(BM) 2025-046291098-001;05/10/2025 08:31;RUA PAULO BRUNO DA SILVEIRA SOBRINHO, Nº 110 - FLAMBOYANT - PASSOS;-207.552.941;-466.048.322;A03000 - AUTO EXTERMINIO (SUICIDIO) (C) (Prioridade: 1 - Alta);1CIA IND/2CIA/1PEL(PASSOS);UR04360;Não;Não;Não;BOLETIM DE OCORRENCIA;Classificada;06/10/2025 07:37;Não
2025-41835320-0;(BM) 2025-046218707-001;05/10/2025 11:08;RUA SANTO ANIBALE MARIE DI FRANCIA, Nº 43 - CENTRO - PASSOS;-207.238.379;-466.072.457;P03009 - PREVENCAO EM PONTO-BASE / FERIADOS PROLONGADOS (C) (Prioridade: 2 - Média);1CIA IND/2CIA/1PEL(PASSOS);UR04360;Não;Não;Não;BOLETIM DE OCORRENCIA;Classificada;06/10/2025 07:37;Não
2025-41835323-9;(BM) 2025-046290996-001;05/10/2025 11:08;RUA ESTUDANTES, Nº 351 - PENHA - PASSOS;-207.168.876;-466.175.929;P03009 - PREVENCAO EM PONTO-BASE / FERIADOS PROLONGADOS (C) (Prioridade: 2 - Média);1CIA IND/2CIA/1PEL(PASSOS);ASL06087;Não;Não;Não;BOLETIM DE OCORRENCIA;Classificada;06/10/2025 07:37;Não
2025-41835873-0;(BM) 2025-046222811-001;05/10/2025 12:01;RUA PSS0760 - RIO DOCE, Nº 2020 - PASSOS;-206.993.353;-465.932.202;O04008 - INCENDIO EM AREA RURAL NAO PROTEGIDA (C) (Prioridade: 2 - Média);1CIA IND/2CIA/1PEL(PASSOS);VOB00480;Não;Não;Não;BOLETIM DE OCORRENCIA;Classificada;06/10/2025 07:37;PERÍODO DE ESTIAGEM
2025-41835985-3;;05/10/2025 12:17;RUA desconhecido - POCOS DE CALDAS;;;V03018 - VITIMA DE QUEDA DA PROPRIA ALTURA (C) (Prioridade: 1 - Alta);1CIA IND (POCOS DE CALDAS);;Não;Não;Não;NÃO ATENDIDA: FALTA DE EFETIVO;Classificada;05/10/2025 12:17;Não
2025-41836030-6;(BM) 2025-046242104-001;05/10/2025 12:21;RODOVIA - MG-050, Km 377 - ITAU DE MINAS;;;O04014 - INCENDIO AS MARGENS DE RODOVIA (C) (Prioridade: 2 - Média);1CIA IND/2CIA/1PEL(PASSOS);VOB00480;Não;Não;Não;BOLETIM DE OCORRENCIA;Classificada;06/10/2025 07:38;PERÍODO DE ESTIAGEM
2025-41836194-3;(BM) 2025-046333125-001;05/10/2025 12:39;RUA CANJERANUS, Nº 3020 - RECANTO DA HARMONIA - PASSOS;-207.006.122;-465.983.776;W98011 - SOLICITACAO DE APOIO (C) (Prioridade: 1 - Alta);1CIA IND/2CIA/1PEL(PASSOS);ASL07161;Não;Não;Não;BOLETIM DE OCORRENCIA;Classificada;06/10/2025 07:37;Não
2025-41837405-2;(BM) 2025-046235836-001;05/10/2025 14:28;RUA SANTA INES, Nº 361 - BELO HORIZONTE - PASSOS;-207.276.145;-466.079.276;V01018 - VITIMA DE MAL NAO DEFINIDO (DISTURBIO) (C) (Prioridade: 1 - Alta);1CIA IND/2CIA/1PEL(PASSOS);UR04360;Não;Não;Não;BOLETIM DE OCORRENCIA;Classificada;06/10/2025 07:37;Não
2025-41840374-9;(BM) 2025-046260617-001;05/10/2025 17:34;RUA CUIABA, Nº 441 - JARDIM COLEGIO DE PASSOS - PASSOS;-207.210.164;-465.918.812;S06002 - CAPTURA DE ANIMAL SILVESTRE PERIGOSO / AGRESSIVO (C) (Prioridade: 2 - Média);1CIA IND/2CIA/1PEL(PASSOS);ASL06087;Não;Não;Não;BOLETIM DE OCORRENCIA;Classificada;06/10/2025 07:37;Não
2025-41840532-8;(BM) 2025-046284763-001;05/10/2025 17:43;RUA ORLANDO ADAO CARNEIRO, Nº 673 - RECANTO DA TEKA - PASSOS;-207.460.892;-465.975.427;V01025 - VITIMA DE USO / ABUSO / DEPENDENCIA DE DROGAS / ALCOOL (C) (Prioridade: 1 - Alta);1CIA IND/2CIA/1PEL(PASSOS);UR04360;Não;Não;Não;BOLETIM DE OCORRENCIA;Classificada;06/10/2025 07:37;Não
2025-41843293-5;(BM) 2025-046334903-001;05/10/2025 20:16;RUA ONOFRE R TEIXEIRA, Nº 230 - PENHA 2 - PASSOS;-207.151.587;-466.292.541;V01023 - VITIMA DE SINCOPE (DESMAIO)/VERTIGEM (C) (Prioridade: 1 - Alta);1CIA IND/2CIA/1PEL(PASSOS);UR04360;Não;Não;Não;ATENDIDA PELO SAMU;Classificada;06/10/2025 07:37;Não
2025-41844714-7;(BM) 2025-046303289-001;05/10/2025 21:33;RUA DOUTOR CARVALHO, Nº 4309 - BELO HORIZONTE - PASSOS;-207.330.658;-466.042.478;V01025 - VITIMA DE USO / ABUSO / DEPENDENCIA DE DROGAS / ALCOOL (C) (Prioridade: 1 - Alta);1CIA IND/2CIA/1PEL(PASSOS);UR04360;Não;Não;Não;BOLETIM DE OCORRENCIA;Classificada;06/10/2025 07:37;Não
2025-41850426-7;(BM) 2025-046353167-001;06/10/2025 09:12;AVENIDA DONA LIQUINHA SILVEIRA, Nº 770 - Penha - PASSOS;;;V03018 - VITIMA DE QUEDA DA PROPRIA ALTURA (C) (Prioridade: 1 - Alta);1CIA IND/2CIA/1PEL(PASSOS);UR04360;Não;Não;Não;BOLETIM DE OCORRENCIA;Classificada;07/10/2025 07:40;Não
2025-41851455-0;(BM) 2025-046365434-001;06/10/2025 10:28;AVENIDA JK, Nº 570 - SAO BENEDITO - PASSOS;-207.232.685;-465.995.548;V02408 - VITIMA DE COLISAO ENTRE AUTOMOVEL X MOTOCICLETA (C) (Prioridade: 1 - Alta);1CIA IND/2CIA/1PEL(PASSOS);UR04360;Não;Não;Não;BOLETIM DE OCORRENCIA;Classificada;07/10/2025 07:40;Não
2025-41853548-0;(BM) 2025-046381318-001;06/10/2025 13:22;RUA SANTO ANTONIO, Nº 16 - CENTRO - PASSOS;-207.171.964;-466.100.451;P01001 - VISTORIA DE FISCALIZACAO (C) (Prioridade: 2 - Média);1CIA IND/2CIA/PEL PREV E VIST(PASSOS);APV06243;Não;Não;Não;BOLETIM DE OCORRENCIA;Classificada;07/10/2025 07:40;Não
2025-41854089-0;(BM) 2025-046394542-001;06/10/2025 14:02;RUA CACHOEIRAS, Nº 244 - NOVO HORIZONTE - PASSOS;-207.319.171;-465.999.151;V01022 - VITIMA PARTURIENTE / EMERGENCIAS OBSTETRICAS (C) (Prioridade: 1 - Alta);1CIA IND/2CIA/1PEL(PASSOS);UR04360;Não;Não;Não;BOLETIM DE OCORRENCIA;Classificada;07/10/2025 07:40;Não
2025-41854846-4;(BM) 2025-046466751-001;06/10/2025 14:47;SITIO PSS0899 - PRIMAVERA, Nº S/N - PASSOS;-206.561.098;-466.033.895;O04008 - INCENDIO EM AREA RURAL NAO PROTEGIDA (C) (Prioridade: 2 - Média);1CIA IND/2CIA/1PEL(PASSOS);ASL07161;Não;Não;Não;BOLETIM DE OCORRENCIA;Classificada;07/10/2025 07:40;PERÍODO DE ESTIAGEM
2025-41855420-8;(BM) 2025-046409570-001;06/10/2025 15:17;RUA MARANHAO, Nº 1105 - PASSOS;-207.106.178;-465.968.054;V02408 - VITIMA DE COLISAO ENTRE AUTOMOVEL X MOTOCICLETA (C) (Prioridade: 1 - Alta);1CIA IND/2CIA/1PEL(PASSOS);UR04360;Não;Não;Não;BOLETIM DE OCORRENCIA;Classificada;07/10/2025 07:40;Não
2025-41858157-0;(PM) 2025-046439790-001 / (BM) 2025-046439790-002;06/10/2025 17:43;RUA JESO RIBEIRO DE ABREU, Nº S/N - NOVA CALIFORNIA - PASSOS;-206.997.408;-466.221.251;V03003 - VITIMA DE AGRESSAO FISICA COM ARMA BRANCA (C) (Prioridade: 1 - Alta);1CIA IND/2CIA/1PEL(PASSOS);UR04360;Sim;Não;Não;BOLETIM DE OCORRENCIA;Classificada;07/10/2025 07:40;Não
2025-41859364-0;;06/10/2025 18:54;RUA APAE, Nº 90 - FAZENDA BAETA - POCOS DE CALDAS;;;O04011 - INCENDIO EM AREA URBANA NAO PROTEGIDA (C) (Prioridade: 2 - Média);1CIA IND (POCOS DE CALDAS);;Não;Não;Não;DUPLICADA;Classificada;06/10/2025 19:55;Não
2025-41862944-9;;06/10/2025 22:30;RUA desconhecido - POCOS DE CALDAS;;;V01013 - VITIMA DE EMERGENCIAS PSIQUIATRICAS (C) (Prioridade: 1 - Alta);1CIA IND (POCOS DE CALDAS);;Não;Não;Não;NÃO ATENDIDA: FALTA DE EFETIVO;Classificada;06/10/2025 22:30;Não
2025-41865560-3;(BM) 2025-046501871-001;07/10/2025 04:03;RUA SARGENTO JOSE EMIDIO DE OLIVEIRA, Nº 76 - JARDIM SATELITE - PASSOS;-207.135.956;-466.207.761;V01010 - VITIMA COM DOR TORACICA/SUSPEITA DE INFARTO (IAM) (C) (Prioridade: 1 - Alta);1CIA IND/2CIA/1PEL(PASSOS);UR04360;Não;Não;Não;BOLETIM DE OCORRENCIA;Classificada;07/10/2025 07:40;Não
2025-41868214-9;(BM) 2025-046528846-001;07/10/2025 10:10;RUA ROQUE ORLANDO RIBEIRO, Nº 5 - RECANTO DO BOSQUE - PASSOS;;;S06002 - CAPTURA DE ANIMAL SILVESTRE PERIGOSO / AGRESSIVO (C) (Prioridade: 2 - Média);1CIA IND/2CIA/1PEL(PASSOS);ASL06087;Não;Não;Não;BOLETIM DE OCORRENCIA;Classificada;08/10/2025 06:21;Não
2025-41869822-0;;07/10/2025 12:22;RUA TROVADOR, Nº 26 - NOVO HORIZONTE - PASSOS;-207.343.404;-466.002.697;S06003 - CAPTURA DE CAO PERIGOSO / AGRESSIVO (C) (Prioridade: 2 - Média);1CIA IND/2CIA/1PEL(PASSOS);;Não;Não;Não;DISPENSADA PELO SOLICITANTE;Classificada;07/10/2025 13:59;Não
2025-41869858-7;(BM) 2025-046588695-001;07/10/2025 12:27;AVENIDA JUPITER, Nº 420 - PANORAMA - PASSOS;-20.711.594;-46.616.998;V01009 - VITIMA COM DOR NA COLUNA VERTEBRAL (COSTAS) (C) (Prioridade: 1 - Alta);1CIA IND/2CIA/1PEL(PASSOS);UR04360;Não;Não;Não;BOLETIM DE OCORRENCIA;Classificada;08/10/2025 06:20;Não
2025-41870538-3;(BM) 2025-046578044-001;07/10/2025 13:26;AVENIDA JUCA STOCKLER, Nº 944 - BELO HORIZONTE - PASSOS;-207.321.743;-466.041.981;P01001 - VISTORIA DE FISCALIZACAO (C) (Prioridade: 2 - Média);1CIA IND/2CIA/PEL PREV E VIST(PASSOS);APV06243;Não;Não;Não;BOLETIM DE OCORRENCIA;Classificada;08/10/2025 06:21;Não
2025-41871584-6;(BM) 2025-046581260-001;07/10/2025 14:33;AVENIDA ANTONIO ADAO DA SILVA, Nº 111 - PENHA 2 - PASSOS;-207.189.598;-466.322.189;V01024 - VITIMA DE SUICIDIO (TENTATIVA) - APH CLINICO (C) (Prioridade: 1 - Alta);1CIA IND/2CIA/1PEL(PASSOS);UR04360;Não;Não;Não;BOLETIM DE OCORRENCIA;Classificada;08/10/2025 06:20;Não
2025-41873261-8;;07/10/2025 15:53;RUA JAIME GOMES, Nº 394 - CENTRO - PASSOS;;;V03020 - VITIMA DE QUEIMADURA (C) (Prioridade: 1 - Alta);1CIA IND/2CIA/1PEL(PASSOS);UR04360;Não;Não;Não;DISPENSADA PELO SOLICITANTE;Classificada;07/10/2025 16:40;Não
2025-41873402-8;;07/10/2025 15:59;RUA CARLOS MAGNO VIEIRA LEAL, Nº 199 - FLAMBOYANT - PASSOS;-207.560.569;-46.604.616;V03005 - VITIMA DE AGRESSAO FISICA SEM USO DE ARMA (C) (Prioridade: 1 - Alta);1CIA IND/2CIA/1PEL(PASSOS);UR04360;Não;Não;Não;ATENDIDA PELO SAMU;Classificada;08/10/2025 06:20;Não
2025-41874259-1;(BM) 2025-046608475-001;07/10/2025 16:44;RUA ATENAS, Nº 454 - PANORAMA - PASSOS;-207.067.369;-466.162.963;V01001 - VITIMA DE ACIDENTE VASCULAR CEREBRAL (AVC) (C) (Prioridade: 1 - Alta);1CIA IND/2CIA/1PEL(PASSOS);UR04360;Não;Não;Não;BOLETIM DE OCORRENCIA;Classificada;08/10/2025 06:20;Não
2025-41874649-6;;07/10/2025 17:08;RUA PALMAS, Nº 290 - SAO JOSE - CASSIA;;;P02011 - VISTORIA EM ENXAME DE INSETOS (C) (Prioridade: 2 - Média);1CIA IND/2CIA/1PEL(PASSOS);;Não;Não;Não;SOLICITANTE NÃO ENCONTRADO;Classificada;07/10/2025 22:47;Não
2025-41876131-9;;07/10/2025 18:23;ESTRADA PSS0213 - BOA VISTA, Nº S/N - PASSOS;-20.823.889;-464.625;O04008 - INCENDIO EM AREA RURAL NAO PROTEGIDA (C) (Prioridade: 2 - Média);1CIA IND/2CIA/1PEL(PASSOS);ASL07161;Não;Não;Não;NADA CONSTATADO;Classificada;08/10/2025 07:07;Não
2025-41876179-5;;07/10/2025 18:27;RUA GOIANIA, Nº 154 - JARDIM COLEGIO DE PASSOS - PASSOS;-207.216.135;-465.942.648;V03018 - VITIMA DE QUEDA DA PROPRIA ALTURA (C) (Prioridade: 1 - Alta);1CIA IND/2CIA/1PEL(PASSOS);;Não;Não;Não;NÃO ATENDIDA: FALTA DE EFETIVO;Classificada;07/10/2025 20:28;Não
2025-41884041-3;(BM) 2025-046724960-001;08/10/2025 07:51;RUA OURO PRETO, Nº 741 - CENTRO - PASSOS;;;V01006 - VITIMA COM DIFICULDADE DE LOCOMOCAO (C) (Prioridade: 1 - Alta);1CIA IND/2CIA/1PEL(PASSOS);UR04360;Não;Não;Não;BOLETIM DE OCORRENCIA;Classificada;09/10/2025 07:58;Não
2025-41884677-8;(BM) 2025-046696512-001;08/10/2025 08:51;RUA MADRE PAULINA, Nº 8 - MARIA PARREIRA - ITAU DE MINAS;-207.463.402;-46.749.572;P01001 - VISTORIA DE FISCALIZACAO (C) (Prioridade: 2 - Média);1CIA IND/2CIA/PEL PREV E VIST(PASSOS);APV06243;Não;Não;Não;BOLETIM DE OCORRENCIA;Classificada;09/10/2025 07:59;Não
2025-41885068-5;(BM) 2025-046703770-001;08/10/2025 09:29;#NOME?;;;O02027 - INCENDIO VEIC. AUTOMOTOR (EXCETO TANQUE/ONIBUS/MICRO-ONIBUS) (C) (Prioridade: 1 - Alta);1CIA IND/2CIA/1PEL(PASSOS);VOB00480;Não;Não;Não;BOLETIM DE OCORRENCIA;Classificada;09/10/2025 07:58;Não
2025-41885218-6;(BM) 2025-046718304-001;08/10/2025 09:39;PRACA MONSENHOR MESSIAS BRAGANCA, Nº 50 - CENTRO - PASSOS;-207.178.905;-466.097.885;V01999 - OUTROS TIPOS DE APH CLINICO (C) (Prioridade: 1 - Alta);1CIA IND/2CIA/1PEL(PASSOS);UR04360;Não;Não;Não;BOLETIM DE OCORRENCIA;Classificada;09/10/2025 07:58;Não
2025-41886993-9;(BM) 2025-046724903-001;08/10/2025 11:55;RUA CACHOEIRAS, Nº 495 - NOVO HORIZONTE - PASSOS;-20.733.757;-46.598.465;V01023 - VITIMA DE SINCOPE (DESMAIO)/VERTIGEM (C) (Prioridade: 1 - Alta);1CIA IND/2CIA/1PEL(PASSOS);UR04360;Não;Não;Não;BOLETIM DE OCORRENCIA;Classificada;09/10/2025 07:58;Não
2025-41890938-4;(BM) 2025-046770160-001;08/10/2025 16:10;RUA PEDRO TEIXEIRA MENDES, Nº 298 - JARDIM ITALIA - PASSOS;-207.454.463;-466.028.311;V03018 - VITIMA DE QUEDA DA PROPRIA ALTURA (C) (Prioridade: 1 - Alta);1CIA IND/2CIA/1PEL(PASSOS);UR04360;Não;Não;Não;BOLETIM DE OCORRENCIA;Classificada;09/10/2025 07:58;Não
2025-41891907-6;;08/10/2025 16:58;ALAMEDA NOVA ESPERANCA, Nº 431 - JARDIM NOVA APARECIDA - POCOS DE CALDAS;;;V01018 - VITIMA DE MAL NAO DEFINIDO (DISTURBIO) (C) (Prioridade: 1 - Alta);1CIA IND (POCOS DE CALDAS);;Não;Não;Não;ATENDIDA PELO SAMU;Classificada;08/10/2025 17:04;Não
2025-41892341-2;(BM) 2025-046786491-001;08/10/2025 17:22;AVENIDA ARLINDO FIGUEIREDO, Nº 33 - PASSOS;-207.281.671;-466.134.106;V02407 - VITIMA DE COLISAO ENTRE AUTOMOVEL X BICICLETA (C) (Prioridade: 1 - Alta);1CIA IND/2CIA/1PEL(PASSOS);UR04360;Não;Não;Não;BOLETIM DE OCORRENCIA;Classificada;09/10/2025 07:58;Não
2025-41893632-0;(BM) 2025-046798546-001;08/10/2025 18:32;RUA PERNAMBUCO, Nº 131 - BELA VISTA - PASSOS;-207.177.314;-465.999.218;S06002 - CAPTURA DE ANIMAL SILVESTRE PERIGOSO / AGRESSIVO (C) (Prioridade: 2 - Média);1CIA IND/2CIA/1PEL(PASSOS);ASL06087;Não;Não;Não;BOLETIM DE OCORRENCIA;Classificada;09/10/2025 07:59;Não
2025-41902830-9;(BM) 2025-046889905-001;09/10/2025 10:01;RUA LEAO, Nº 395 - SERRA VERDE - PASSOS;-207.399.122;-465.940.617;V01003 - VITIMA COM CRISE CONVULSIVA (C) (Prioridade: 1 - Alta);1CIA IND/2CIA/1PEL(PASSOS);UR04360;Não;Não;Não;BOLETIM DE OCORRENCIA;Classificada;10/10/2025 11:07;Não
2025-41904841-6;(BM) 2025-046910508-001;09/10/2025 12:46;RUA MATO GROSSO, Nº 1785 - JARDIM COLEGIO DE PASSOS - PASSOS;-207.132.296;-465.958.807;V01003 - VITIMA COM CRISE CONVULSIVA (C) (Prioridade: 1 - Alta);1CIA IND/2CIA/1PEL(PASSOS);UR04360;Não;Não;Não;BOLETIM DE OCORRENCIA;Classificada;10/10/2025 11:07;Não
2025-41907706-7;(BM) 2025-046943339-001;09/10/2025 15:34;AVENIDA LIBERDADE, Nº S/N - UNIVERSITARIO - ITAU DE MINAS;-20.743.677;-467.560.843;P01003 - VISTORIA EM EVENTOS TEMPORARIOS (C) (Prioridade: 1 - Alta);1CIA IND/2CIA/PEL PREV E VIST(PASSOS);APV06243;Não;Não;Não;BOLETIM DE OCORRENCIA;Classificada;10/10/2025 11:07;Não
2025-41909385-6;(BM) 2025-046963524-001;09/10/2025 17:03;RUA CANJERANUS, Nº 1174 - CANJERANUS - PASSOS;-207.101.406;-466.074.619;V03018 - VITIMA DE QUEDA DA PROPRIA ALTURA (C) (Prioridade: 1 - Alta);1CIA IND/2CIA/1PEL(PASSOS);UR04360;Não;Não;Não;BOLETIM DE OCORRENCIA;Classificada;10/10/2025 11:07;Não
2025-41910241-3;(BM) 2025-046971217-001;09/10/2025 17:50;RUA FIGUEIRA, Nº S/N - SERRA DAS BRISAS - PASSOS;-207.360.531;-46.595.828;S06001 - SALVAMENTO DE ANIMAL EM RISCO / PERIGO (C) (Prioridade: 2 - Média);1CIA IND/2CIA/1PEL(PASSOS);VOB00480;Não;Não;Não;BOLETIM DE OCORRENCIA;Classificada;10/10/2025 11:07;Não
2025-41911028-1;(BM) 2025-046986152-001;09/10/2025 18:38;AVENIDA JUCA STOCKLER, Nº 1562 - NOSSA SENHORA DAS GRAÇAS - PASSOS;-207.372.766;-466.025.301;V02502 - VITIMA DE QUEDA (MOTOCICLISTA) (C) (Prioridade: 1 - Alta);1CIA IND/2CIA/1PEL(PASSOS);UR04360;Não;Não;Não;BOLETIM DE OCORRENCIA;Classificada;10/10/2025 11:07;Não
2025-41913037-3;(BM) 2025-046998984-001;09/10/2025 20:40;RUA JOAO TEIXEIRA MENDES, Nº 1080 - JARDIM CANADA - PASSOS;-207.513.968;-466.064.141;V02502 - VITIMA DE QUEDA (MOTOCICLISTA) (C) (Prioridade: 1 - Alta);1CIA IND/2CIA/1PEL(PASSOS);UR04360;Não;Não;Não;BOLETIM DE OCORRENCIA;Classificada;10/10/2025 11:07;Não
2025-41915013-6;(BM) 2025-047040911-001;09/10/2025 22:40;AVENIDA AROUCA, Nº 999 - CENTRO - PASSOS;-207.204.477;-466.046.317;V01023 - VITIMA DE SINCOPE (DESMAIO)/VERTIGEM (C) (Prioridade: 1 - Alta);1CIA IND/2CIA/1PEL(PASSOS);UR04360;Não;Não;Não;BOLETIM DE OCORRENCIA;Classificada;10/10/2025 11:07;Não
2025-41920047-7;(BM) 2025-047074643-001;10/10/2025 09:55;RUA DOUTOR CARVALHO, Nº 1455 - NOSSA SENHORA DAS GRAÇAS - PASSOS;-207.352.269;-466.037.303;Q03005 - TREINAMENTO DE SALVAMENTO TERRESTRE (C) (Prioridade: 2 - Média);1CIA IND/2CIA/1PEL(PASSOS);BM1206671;Não;Não;Não;BOLETIM DE OCORRENCIA;Classificada;11/10/2025 07:51;Não
2025-41921450-5;(BM) 2025-047084623-001;10/10/2025 11:43;RUA BARAO DE PASSOS, Nº S/N - CENTRO - PASSOS;-207.194.995;-466.074.223;S06001 - SALVAMENTO DE ANIMAL EM RISCO / PERIGO (C) (Prioridade: 2 - Média);1CIA IND/2CIA/1PEL(PASSOS);ASL06087;Não;Não;Não;BOLETIM DE OCORRENCIA;Classificada;11/10/2025 07:51;Não
2025-41921688-7;(BM) 2025-047084608-001;10/10/2025 12:11;RUA CAMPANARIO, Nº 241 - COHAB 2 - PASSOS;-207.088.743;-466.289.324;V01023 - VITIMA DE SINCOPE (DESMAIO)/VERTIGEM (C) (Prioridade: 1 - Alta);1CIA IND/2CIA/1PEL(PASSOS);UR04360;Não;Não;Não;BOLETIM DE OCORRENCIA;Classificada;11/10/2025 07:51;Não
2025-41922335-2;(BM) 2025-047091142-001;10/10/2025 13:10;RUA AURORA, Nº 358 - BELO HORIZONTE - PASSOS;-207.256.478;-466.039.336;V02408 - VITIMA DE COLISAO ENTRE AUTOMOVEL X MOTOCICLETA (C) (Prioridade: 1 - Alta);1CIA IND/2CIA/1PEL(PASSOS);UR04360;Não;Não;Não;BOLETIM DE OCORRENCIA;Classificada;11/10/2025 07:51;Não
2025-41922383-5;(BM) 2025-047090241-001;10/10/2025 13:12;AVENIDA COMENDADOR FRANCISCO A MAIA, Nº 4050 - EXPOSICAO - PASSOS;-207.333.293;-466.060.067;P01001 - VISTORIA DE FISCALIZACAO (C) (Prioridade: 2 - Média);1CIA IND/2CIA/PEL PREV E VIST(PASSOS);APV06243;Não;Não;Não;BOLETIM DE OCORRENCIA;Classificada;11/10/2025 07:51;Não
2025-41932218-5;(BM) 2025-047207009-002;10/10/2025 22:44;RUA JOAQUIM RODRIGUES, Nº 160 - COHAB 3 - PASSOS;-207.023.897;-466.259.372;O02001 - INCENDIO EM RESIDENCIA/HABITACAO UNIFAMILIAR (CASA) (C) (Prioridade: 1 - Alta);1CIA IND/2CIA/1PEL(PASSOS);VOB00480 / ASL06087;Não;Não;Não;BOLETIM DE OCORRENCIA;Classificada;11/10/2025 07:51;Não
2025-41937294-0;(BM) 2025-047231666-001;11/10/2025 08:34;RUA WALDOMIRO CAETANO MACHADO, Nº 500 - NOVA CALIFORNIA - PASSOS;-206.989.303;-466.232.983;R01999 - OUTROS TIPOS DE ACOES DE APOIO A COMUNIDADE   (C) (Prioridade: 2 - Média);1CIA IND/2CIA/1PEL(PASSOS);VOB00480;Não;Não;Não;BOLETIM DE OCORRENCIA;Classificada;12/10/2025 07:05;Não
2025-41937913-0;(BM) 2025-047234118-001;11/10/2025 09:41;PRACA GERALDO DA SILVA MAIA, Nº S/N - CENTRO - PASSOS;-207.208.941;-46.609.005;R01999 - OUTROS TIPOS DE ACOES DE APOIO A COMUNIDADE   (C) (Prioridade: 2 - Média);1CIA IND/2CIA/1PEL(PASSOS);VOB00480;Não;Não;Não;BOLETIM DE OCORRENCIA;Classificada;12/10/2025 07:05;Não
2025-41938064-6;(BM) 2025-047237689-001;11/10/2025 09:54;RUA CORONEL NECA MEDEIROS / PRACA GERALDO DA SILVA MAIA - CENTRO - PASSOS;-207.211.649;-466.097.163;S06002 - CAPTURA DE ANIMAL SILVESTRE PERIGOSO / AGRESSIVO (C) (Prioridade: 2 - Média);1CIA IND/2CIA/1PEL(PASSOS);VOB00480;Não;Não;Não;BOLETIM DE OCORRENCIA;Classificada;12/10/2025 07:05;Não
2025-41938378-4;(BM) 2025-047238969-001;11/10/2025 10:28;RUA RIO PIRACICABA / RUA GOIAS - SANTA LUZIA - PASSOS;-20.709.831;-466.021.499;R01999 - OUTROS TIPOS DE ACOES DE APOIO A COMUNIDADE   (C) (Prioridade: 2 - Média);1CIA IND/2CIA/1PEL(PASSOS);VOB00480;Não;Não;Não;BOLETIM DE OCORRENCIA;Classificada;12/10/2025 07:04;Não
2025-41939200-8;(BM) 2025-047245369-001;11/10/2025 11:47;AVENIDA CANADA - JARDIM CANADA II - PASSOS;;;S06001 - SALVAMENTO DE ANIMAL EM RISCO / PERIGO (C) (Prioridade: 2 - Média);1CIA IND/2CIA/1PEL(PASSOS);ASL06087;Não;Não;Não;BOLETIM DE OCORRENCIA;Classificada;12/10/2025 07:04;Não
2025-41941854-7;(BM) 2025-047265777-001;11/10/2025 15:19;RUA RIO TIETE, Nº S/N - SANTA LUZIA - PASSOS;-207.080.913;-466.013.901;R01999 - OUTROS TIPOS DE ACOES DE APOIO A COMUNIDADE   (C) (Prioridade: 2 - Média);1CIA IND/2CIA/1PEL(PASSOS);VOB00480;Não;Não;Não;BOLETIM DE OCORRENCIA;Classificada;12/10/2025 07:04;Não
2025-41951676-7;(BM) 2025-047348500-001;12/10/2025 00:40;RUA TOCANTINS, Nº 615 - NOSSA SENHORA APARECIDA - PASSOS;-207.459.076;-466.078.375;V01008 - VITIMA COM DOR ABDOMINAL (ABDOME AGUDO) (C) (Prioridade: 1 - Alta);1CIA IND/2CIA/1PEL(PASSOS);UR04360;Não;Não;Não;BOLETIM DE OCORRENCIA;Classificada;12/10/2025 07:04;Não
2025-41955925-1;(BM) 2025-047373949-001;12/10/2025 10:15;AVENIDA JUPITER, Nº 488 - PANORAMA - PASSOS;-207.113.762;-466.172.602;O04011 - INCENDIO EM AREA URBANA NAO PROTEGIDA (C) (Prioridade: 2 - Média);1CIA IND/2CIA/1PEL(PASSOS);ASL07161;Não;Não;Não;BOLETIM DE OCORRENCIA;Classificada;13/10/2025 07:42;Não
2025-41955995-7;(BM) 2025-047374250-001;12/10/2025 10:20;RUA COIMBRAS, Nº S/N - NOSSA SENHORA DE LOURDES - PASSOS;-206.987.548;-466.163.657;R01999 - OUTROS TIPOS DE ACOES DE APOIO A COMUNIDADE   (C) (Prioridade: 2 - Média);1CIA IND/2CIA/1PEL(PASSOS);VOB00480;Não;Não;Não;BOLETIM DE OCORRENCIA;Classificada;13/10/2025 07:42;Não
2025-41956087-3;;12/10/2025 10:28;AVENIDA POCOS DE CALDAS, Nº S/N - COHAB 2 - PASSOS;-207.104.463;-466.259.895;V02402 - VITIMA DE COLISAO ENTRE MOTOCICLETAS (C) (Prioridade: 1 - Alta);1CIA IND/2CIA/1PEL(PASSOS);;Não;Não;Não;NÃO ATENDIDA: FALTA DE EFETIVO;Classificada;12/10/2025 10:29;Não
2025-41957071-9;(BM) 2025-047382272-001;12/10/2025 12:19;RUA CANOAS, Nº S/N - NOVO HORIZONTE - PASSOS;-207.335.074;-466.020.721;R01999 - OUTROS TIPOS DE ACOES DE APOIO A COMUNIDADE   (C) (Prioridade: 2 - Média);1CIA IND/2CIA/1PEL(PASSOS);VOB00480;Não;Não;Não;BOLETIM DE OCORRENCIA;Classificada;13/10/2025 07:43;Não
2025-41957804-8;(BM) 2025-047389430-001;12/10/2025 13:34;RUA TURMALINA, Nº S/N - ACLIMACAO - PASSOS;-207.543.276;-466.029.164;O04013 - INCENDIO EM PASTO (C) (Prioridade: 2 - Média);1CIA IND/2CIA/1PEL(PASSOS);ASL07161;Não;Não;Não;BOLETIM DE OCORRENCIA;Classificada;13/10/2025 07:43;Não
2025-41958440-9;(BM) 2025-047399568-001;12/10/2025 14:25;RUA MONSENHOR MESSIAS BRAGANCA, Nº 3302 - JARDIM PINHEIROS 2 - PASSOS;-207.266.101;-466.249.884;O04011 - INCENDIO EM AREA URBANA NAO PROTEGIDA (C) (Prioridade: 2 - Média);1CIA IND/2CIA/1PEL(PASSOS);ASL07161;Não;Não;Não;BOLETIM DE OCORRENCIA;Classificada;13/10/2025 07:43;Não
2025-41958492-2;(BM) 2025-047409041-001;12/10/2025 14:29;RUA DA PRAIA, Nº 325 - PENHA - PASSOS;-207.160.924;-466.156.866;S06002 - CAPTURA DE ANIMAL SILVESTRE PERIGOSO / AGRESSIVO (C) (Prioridade: 2 - Média);1CIA IND/2CIA/1PEL(PASSOS);ASL07161;Não;Não;Não;BOLETIM DE OCORRENCIA;Classificada;13/10/2025 07:43;Não
2025-41958504-0;(BM) 2025-047399527-001;12/10/2025 14:30;RUA RIO TIETE, Nº S/N - SANTA LUZIA - PASSOS;-207.080.913;-466.013.901;R01999 - OUTROS TIPOS DE ACOES DE APOIO A COMUNIDADE   (C) (Prioridade: 2 - Média);1CIA IND/2CIA/1PEL(PASSOS);VOB00480;Não;Não;Não;BOLETIM DE OCORRENCIA;Classificada;13/10/2025 07:43;Não
2025-41959092-0;;12/10/2025 15:04;RUA MONSENHOR MESSIAS BRAGANCA, Nº 415 - JARDIM PINHEIROS 2 - PASSOS;-207.260.692;-466.257.546;O04011 - INCENDIO EM AREA URBANA NAO PROTEGIDA (C) (Prioridade: 2 - Média);1CIA IND/2CIA/1PEL(PASSOS);;Não;Não;Não;DUPLICADA;Classificada;12/10/2025 15:10;Não
2025-41959801-0;(BM) 2025-047435485-001;12/10/2025 15:46;TRAVESSA DIAMANTINA, Nº S/N - CANDEIAS - PASSOS;-207.242.566;-466.175.507;R01999 - OUTROS TIPOS DE ACOES DE APOIO A COMUNIDADE   (C) (Prioridade: 2 - Média);1CIA IND/2CIA/1PEL(PASSOS);VOB00480;Não;Não;Não;BOLETIM DE OCORRENCIA;Classificada;13/10/2025 07:43;Não
2025-41966503-2;(BM) 2025-047463599-001;12/10/2025 21:58;RUA GOIAS, Nº 812 - SANTA LUZIA - PASSOS;-207.092.031;-466.029.564;V02502 - VITIMA DE QUEDA (MOTOCICLISTA) (C) (Prioridade: 1 - Alta);1CIA IND/2CIA/1PEL(PASSOS);UR04360;Não;Não;Não;BOLETIM DE OCORRENCIA;Classificada;13/10/2025 07:43;Não
2025-41969970-4;(BM) 2025-047488250-001;13/10/2025 04:23;RUA PARANA, Nº 153 - SAO BENEDITO - PASSOS;-207.181.424;-466.031.157;V01004 - VITIMA COM CRISE DIABETICA / HIPOGLICEMIA (C) (Prioridade: 1 - Alta);1CIA IND/2CIA/1PEL(PASSOS);UR04360;Não;Não;Não;BOLETIM DE OCORRENCIA;Classificada;13/10/2025 07:43;Não
2025-41970442-3;(BM) 2025-047494170-001;13/10/2025 07:07;RUA AMEIXAS, Nº 37 - NOSSA SENHORA DE LOURDES - PASSOS;;;V01003 - VITIMA COM CRISE CONVULSIVA (C) (Prioridade: 1 - Alta);1CIA IND/2CIA/1PEL(PASSOS);UR04360;Não;Não;Não;BOLETIM DE OCORRENCIA;Classificada;13/10/2025 07:54;Não
2025-41970548-4;(BM) 2025-047494126-001;13/10/2025 07:18;RUA DOUTOR CARVALHO, Nº 1455 - NOSSA SENHORA DAS GRAÇAS - PASSOS;-207.352.269;-466.037.303;Q03999 - OUTROS TIPOS DE TREINAMENTO (C) (Prioridade: 2 - Média);1CIA IND/2CIA/COMANDANTE(PASSOS);BM1235613;Não;Não;Não;BOLETIM DE OCORRENCIA;Classificada;14/10/2025 07:08;Não
2025-41970591-3;;13/10/2025 07:25;AVENIDA ARLINDO FIGUEIREDO, Nº S/N - SAO FRANCISCO - PASSOS;;;V04004 - PRIMEIRO-ATENDIMENTO DO SALVAMENTO (C) (Prioridade: 1 - Alta);1CIA IND/2CIA/1PEL(PASSOS);ASL06087;Não;Não;Não;DISPENSADA PELO SOLICITANTE;Classificada;13/10/2025 07:49;Não
2025-41971086-6;(BM) 2025-047497277-001;13/10/2025 08:22;AVENIDA DONA LIQUINHA SILVEIRA, Nº 407 - COHAB 1 - PASSOS;-2.071.224;-466.247.804;V01018 - VITIMA DE MAL NAO DEFINIDO (DISTURBIO) (C) (Prioridade: 1 - Alta);1CIA IND/2CIA/1PEL(PASSOS);UR04360;Não;Não;Não;BOLETIM DE OCORRENCIA;Classificada;14/10/2025 07:00;Não
2025-41971434-0;(BM) 2025-047504528-001;13/10/2025 08:52;RUA DOS LIRIOS, Nº 197 - JARDIM PANORAMA - PASSOS;;;S06008 - CORTE DE ARVORE CAIDA EM VIA PUBLICA (C) (Prioridade: 2 - Média);1CIA IND/2CIA/1PEL(PASSOS);ASL06087;Não;Não;Não;BOLETIM DE OCORRENCIA;Classificada;14/10/2025 07:00;Não
2025-41973001-4;(BM) 2025-047521293-001;13/10/2025 11:02;AVENIDA CHAFARIZ, Nº 2255 - SERRA DAS BRISAS - PASSOS;-20.733.667;-465.941.143;V01023 - VITIMA DE SINCOPE (DESMAIO)/VERTIGEM (C) (Prioridade: 1 - Alta);1CIA IND/2CIA/1PEL(PASSOS);UR04360;Não;Não;Não;BOLETIM DE OCORRENCIA;Classificada;14/10/2025 07:00;Não
2025-41973568-8;(BM) 2025-047535795-001;13/10/2025 11:48;RUA TEREZA LIMA MAIA, Nº 230 - PENHA 2 - PASSOS;-207.152.058;-466.303.002;V01018 - VITIMA DE MAL NAO DEFINIDO (DISTURBIO) (C) (Prioridade: 1 - Alta);1CIA IND/2CIA/1PEL(PASSOS);UR04360;Não;Não;Não;BOLETIM DE OCORRENCIA;Classificada;14/10/2025 07:00;Não
2025-41974599-7;;13/10/2025 13:27;AVENIDA JOSE CAETANO DE ANDRADE, Nº 281 - MARIO MAGALHAES - PASSOS;-207.241.241;-466.137.708;S06001 - SALVAMENTO DE ANIMAL EM RISCO / PERIGO (C) (Prioridade: 2 - Média);1CIA IND/2CIA/1PEL(PASSOS);;Não;Não;Não;SOLICITANTE ENCONTRADO - PROVIDÊNCIA DISPENSADA;Classificada;13/10/2025 13:48;Não
2025-41974755-0;;13/10/2025 13:38;AVENIDA A, Nº S/N - CENTRO - POCOS DE CALDAS;;;S06001 - SALVAMENTO DE ANIMAL EM RISCO / PERIGO (C) (Prioridade: 2 - Média);1CIA IND (POCOS DE CALDAS);;Não;Não;Não;ORIENTAÇÃO;Classificada;13/10/2025 13:39;Não
2025-41977248-9;(BM) 2025-047571942-001;13/10/2025 15:53;AVENIDA POCOS DE CALDAS, Nº S/N - COHAB 2 - PASSOS;-207.104.463;-466.259.895;V01018 - VITIMA DE MAL NAO DEFINIDO (DISTURBIO) (C) (Prioridade: 1 - Alta);1CIA IND/2CIA/1PEL(PASSOS);UR04360;Não;Não;Não;BOLETIM DE OCORRENCIA;Classificada;14/10/2025 07:01;Não
2025-41978204-9;(BM) 2025-047584130-001;13/10/2025 16:47;RUA SANTO ANTONIO, Nº 16 - CENTRO - PASSOS;-207.171.964;-466.100.451;V03018 - VITIMA DE QUEDA DA PROPRIA ALTURA (C) (Prioridade: 1 - Alta);1CIA IND/2CIA/1PEL(PASSOS);UR04360;Não;Não;Não;BOLETIM DE OCORRENCIA;Classificada;14/10/2025 07:01;Não
2025-41978750-9;;13/10/2025 17:17;RUA JOSE MARIANO NEGRINHO, Nº 424 - COHAB 5 - PASSOS;-207.181.969;-466.373.767;V01018 - VITIMA DE MAL NAO DEFINIDO (DISTURBIO) (C) (Prioridade: 1 - Alta);1CIA IND/2CIA/1PEL(PASSOS);;Não;Não;Não;NÃO ATENDIDA: FALTA DE VIATURA;Classificada;13/10/2025 17:18;Não
2025-41983682-0;(BM) 2025-047638271-001;13/10/2025 22:37;RUA NOSSO SENHOR PASSOS, Nº 136 - NOVA PASSOS - PASSOS;-207.039.087;-466.495.452;S06002 - CAPTURA DE ANIMAL SILVESTRE PERIGOSO / AGRESSIVO (C) (Prioridade: 2 - Média);1CIA IND/2CIA/1PEL(PASSOS);ASL06087;Não;Não;Não;BOLETIM DE OCORRENCIA;Classificada;14/10/2025 07:00;Não
2025-41984398-1;(BM) 2025-047652880-001;13/10/2025 23:25;RUA ORLANDO ADAO CARNEIRO, Nº 514 - RECANTO DA TEKA - PASSOS;-207.452.066;-465.980.763;V01010 - VITIMA COM DOR TORACICA/SUSPEITA DE INFARTO (IAM) (C) (Prioridade: 1 - Alta);1CIA IND/2CIA/1PEL(PASSOS);UR04360;Não;Não;Não;BOLETIM DE OCORRENCIA;Classificada;14/10/2025 07:01;Não
2025-41985474-3;(BM) 2025-047664189-005;14/10/2025 01:43;RODOVIA BR 146, Nº S/N - DISTRITO INDUSTRIAL 1 - PASSOS;-207.020.967;-465.895.427;S05202 - CAPOTAMENTO DE CAMINHAO / CARRETA (C) (Prioridade: 1 - Alta);1CIA IND/2CIA/1PEL(PASSOS);UR04360 / ASL06087 / VOB00480;Não;Não;Não;BOLETIM DE OCORRENCIA;Classificada;14/10/2025 07:01;Não
2025-41986614-6;(BM) 2025-047667126-001;14/10/2025 07:22;RUA DOUTOR CARVALHO, Nº 1455 - NOSSA SENHORA DAS GRAÇAS - PASSOS;-207.352.269;-466.037.303;Q03999 - OUTROS TIPOS DE TREINAMENTO (C) (Prioridade: 2 - Média);1CIA IND/2CIA/PEL PREV E VIST(PASSOS);BM1636356;Não;Não;Não;BOLETIM DE OCORRENCIA;Classificada;15/10/2025 08:02;Não
2025-41986687-0;(BM) 2025-047665941-001;14/10/2025 07:31;RUA ITAJUBA, Nº 82 - MARIO MAGALHAES - PASSOS;-207.262.471;-46.614.008;V01023 - VITIMA DE SINCOPE (DESMAIO)/VERTIGEM (C) (Prioridade: 1 - Alta);1CIA IND/2CIA/1PEL(PASSOS);UR04360;Não;Não;Não;BOLETIM DE OCORRENCIA;Classificada;14/10/2025 08:25;Não
2025-41989416-9;(BM) 2025-047697423-001;14/10/2025 11:30;RUA ESCORPIAO, Nº S/N - SERRA VERDE - PASSOS;-207.422.696;-465.928.119;S06002 - CAPTURA DE ANIMAL SILVESTRE PERIGOSO / AGRESSIVO (C) (Prioridade: 2 - Média);1CIA IND/2CIA/1PEL(PASSOS);ASL06087;Não;Não;Não;BOLETIM DE OCORRENCIA;Classificada;15/10/2025 08:02;Não
2025-41990542-0;(BM) 2025-047711115-001;14/10/2025 13:22;AVENIDA AROUCA, Nº 35 - CENTRO - PASSOS;-207.137.741;-466.093.739;V01007 - VITIMA COM DISPNEIA (FALTA DE AR) (C) (Prioridade: 1 - Alta);1CIA IND/2CIA/1PEL(PASSOS);UR04360;Não;Não;Não;BOLETIM DE OCORRENCIA;Classificada;15/10/2025 08:03;Não
2025-41992851-6;(BM) 2025-047756191-001;14/10/2025 15:28;AVENIDA NACOES, Nº 733 - PASSOS;-207.138.293;-465.918.156;S06002 - CAPTURA DE ANIMAL SILVESTRE PERIGOSO / AGRESSIVO (C) (Prioridade: 2 - Média);1CIA IND/2CIA/1PEL(PASSOS);ASL06087;Não;Não;Não;BOLETIM DE OCORRENCIA;Classificada;15/10/2025 08:02;Não
2025-41994084-0;(BM) 2025-047752350-001;14/10/2025 16:29;PRACA GERALDO DA SILVA MAIA, Nº 175 - CENTRO - PASSOS;-207.217.853;-466.085.971;P01001 - VISTORIA DE FISCALIZACAO (C) (Prioridade: 2 - Média);1CIA IND/2CIA/PEL PREV E VIST(PASSOS);APV06243;Não;Não;Não;BOLETIM DE OCORRENCIA;Classificada;15/10/2025 08:02;Não
2025-41994152-8;(BM) 2025-047756135-001;14/10/2025 16:31;RUA GUAPE, Nº 824 - RESIDENCIAL PORTAL DAS PALMEIRAS - PASSOS;-206.994.642;-46.610.203;V01006 - VITIMA COM DIFICULDADE DE LOCOMOCAO (C) (Prioridade: 1 - Alta);1CIA IND/2CIA/1PEL(PASSOS);UR04360;Não;Não;Não;BOLETIM DE OCORRENCIA;Classificada;15/10/2025 08:03;Não
2025-41995365-4;(BM) 2025-047770784-001;14/10/2025 17:41;AVENIDA EXPEDICIONARIOS, Nº 483 - CENTRO - PASSOS;;;P02011 - VISTORIA EM ENXAME DE INSETOS (C) (Prioridade: 2 - Média);1CIA IND/2CIA/1PEL(PASSOS);ASL06087;Não;Não;Não;BOLETIM DE OCORRENCIA;Classificada;15/10/2025 08:03;Não
2025-41996185-8;(BM) 2025-047777472-001;14/10/2025 18:30;RUA GUANABARA, Nº 1703 - RECANTO DA HARMONIA - PASSOS;-207.082.387;-465.967.202;V01006 - VITIMA COM DIFICULDADE DE LOCOMOCAO (C) (Prioridade: 1 - Alta);1CIA IND/2CIA/1PEL(PASSOS);UR04360;Não;Não;Não;BOLETIM DE OCORRENCIA;Classificada;15/10/2025 08:03;Não
2025-41996651-9;(BM) 2025-047779287-001;14/10/2025 18:56;AVENIDA EXPEDICIONARIOS, Nº 483 - SAO BENEDITO - PASSOS;-2.072.216;-466.033.497;S06005 - CAPTURA DE INSETOS (C) (Prioridade: 2 - Média);1CIA IND/2CIA/1PEL(PASSOS);ASL06087;Não;Não;Não;BOLETIM DE OCORRENCIA;Classificada;15/10/2025 08:03;Não
2025-41999052-0;(BM) 2025-047808748-001;14/10/2025 21:26;RUA FURNAS, Nº 35 - JARDIM COLEGIO DE PASSOS - PASSOS;-207.223.747;-465.975.575;V01004 - VITIMA COM CRISE DIABETICA / HIPOGLICEMIA (C) (Prioridade: 1 - Alta);1CIA IND/2CIA/1PEL(PASSOS);UR04360;Não;Não;Não;BOLETIM DE OCORRENCIA;Classificada;15/10/2025 08:03;Não
2025-42002549-6;(BM) 2025-047837828-001;15/10/2025 04:07;RUA CAMBUQUIRA, Nº 217 - MUARAMA - PASSOS;;;S06001 - SALVAMENTO DE ANIMAL EM RISCO / PERIGO (C) (Prioridade: 2 - Média);1CIA IND/2CIA/1PEL(PASSOS);ASL06087;Não;Não;Não;BOLETIM DE OCORRENCIA;Classificada;15/10/2025 08:03;Não
2025-42003059-2;(BM) 2025-047842348-001;15/10/2025 07:01;RUA OSVALDO BATISTA BONFIM, Nº 674 - SERRA VERDE - PASSOS;-207.433.107;-465.918.523;S06003 - CAPTURA DE CAO PERIGOSO / AGRESSIVO (C) (Prioridade: 2 - Média);1CIA IND/2CIA/1PEL(PASSOS);ASL06087;Não;Não;Não;BOLETIM DE OCORRENCIA;Classificada;15/10/2025 08:03;Não
2025-42003093-0;(BM) 2025-047842194-001;15/10/2025 07:05;RODOVIA MG 050, Nº S/N - PASSOS;-207.379.186;-46.618.731;V02301 - VITIMA DE CAPOTAMENTO DE AUTOMOVEL (CARRO / CAMINHONETE) (C) (Prioridade: 1 - Alta);1CIA IND/2CIA/1PEL(PASSOS);UR04360;Não;Não;Não;BOLETIM DE OCORRENCIA;Classificada;15/10/2025 08:03;Não
2025-42003429-0;(BM) 2025-047846361-001;15/10/2025 07:56;RUA ITAIPU, Nº 99 - VILA RICA - PASSOS;;;S06001 - SALVAMENTO DE ANIMAL EM RISCO / PERIGO (C) (Prioridade: 2 - Média);1CIA IND/2CIA/1PEL(PASSOS);ASL06087;Não;Não;Não;BOLETIM DE OCORRENCIA;Classificada;16/10/2025 06:38;Não
2025-42003622-0;(BM) 2025-048010953-001;15/10/2025 08:12;AVENIDA MONTESE, Nº 285 - VILA RICA - PASSOS;-207.264.428;-465.956.426;P02011 - VISTORIA EM ENXAME DE INSETOS (C) (Prioridade: 2 - Média);1CIA IND/2CIA/1PEL(PASSOS);ASL06087;Não;Não;Não;BOLETIM DE OCORRENCIA;Classificada;16/10/2025 06:38;Não
2025-42003914-5;(BM) 2025-047849638-001;15/10/2025 08:39;RUA MONSENHOR GERALDO, Nº S/N - CENTRO - CASSIA;-20.583.532;-469.211.361;P01002 - VISTORIA DE LIBERACAO / EMISSAO DE AVCB (C) (Prioridade: 2 - Média);1CIA IND/2CIA/PEL PREV E VIST(PASSOS);APV06243;Não;Não;Não;BOLETIM DE OCORRENCIA;Classificada;16/10/2025 06:38;Não
2025-42004690-5;(BM) 2025-048010850-001;15/10/2025 09:44;AVENIDA ANTONIO ADAO DA SILVA, Nº S/N - PENHA 2 - PASSOS;-207.191.081;-466.319.509;R01999 - OUTROS TIPOS DE ACOES DE APOIO A COMUNIDADE   (C) (Prioridade: 2 - Média);1CIA IND/2CIA/1PEL(PASSOS);VOB00480;Não;Não;Não;BOLETIM DE OCORRENCIA;Classificada;16/10/2025 06:38;Não
2025-42006492-2;;15/10/2025 12:12;RUA JOSE DONABELLA, Nº 583 - NOVA PASSOS - PASSOS;-207.028.971;-466.317.432;V01008 - VITIMA COM DOR ABDOMINAL (ABDOME AGUDO) (C) (Prioridade: 1 - Alta);1CIA IND/2CIA/1PEL(PASSOS);;Não;Não;Não;DISPENSADA PELO SOLICITANTE;Classificada;15/10/2025 12:36;Não
2025-42007216-0;(BM) 2025-047889809-001;15/10/2025 13:26;RUA COIMBRAS, Nº 542 - NOSSA SENHORA DE FATIMA - PASSOS;-207.038.554;-466.143.081;V03018 - VITIMA DE QUEDA DA PROPRIA ALTURA (C) (Prioridade: 1 - Alta);1CIA IND/2CIA/1PEL(PASSOS);UR04360;Não;Não;Não;BOLETIM DE OCORRENCIA;Classificada;16/10/2025 06:38;Não
2025-42008006-3;(BM) 2025-048011042-001;15/10/2025 14:23;CHACARA BELA VISTA, Nº S/N - JARDIM AEROPORTO - PASSOS;;;V01018 - VITIMA DE MAL NAO DEFINIDO (DISTURBIO) (C) (Prioridade: 1 - Alta);1CIA IND/2CIA/1PEL(PASSOS);UR04360;Não;Não;Não;BOLETIM DE OCORRENCIA;Classificada;16/10/2025 06:38;Não
2025-42011495-0;(BM) 2025-047944120-001;15/10/2025 17:33;RUA FORMIGA, Nº 177 - MARIO MAGALHAES - PASSOS;-207.257.386;-466.128.732;O04012 - INCENDIO EM LOTE VAGO (AREA URBANA) (C) (Prioridade: 2 - Média);1CIA IND/2CIA/1PEL(PASSOS);VOB00480;Não;Não;Não;BOLETIM DE OCORRENCIA;Classificada;16/10/2025 06:38;Não
2025-42013787-6;;15/10/2025 19:45;AVENIDA MONTESE, Nº 285 - VILA RICA - PASSOS;-207.264.428;-465.956.426;S06005 - CAPTURA DE INSETOS (C) (Prioridade: 2 - Média);1CIA IND/2CIA/1PEL(PASSOS);ASL06087;Não;Não;Não;DISPENSADA PELO SOLICITANTE;Classificada;15/10/2025 20:21;Não
2025-42016282-6;(BM) 2025-048010590-001;15/10/2025 22:29;RODOVIA MG 050, Nº S/N - PASSOS;-207.379.186;-46.618.731;S05309 - COLISAO ENTRE AUTOMOVEL X CAMINHAO / CARRETA (C) (Prioridade: 1 - Alta);1CIA IND/2CIA/1PEL(PASSOS);UR04360 / ASL06087;Não;Não;Não;BOLETIM DE OCORRENCIA;Classificada;16/10/2025 06:38;Não
2025-42022108-3;(BM) 2025-048045755-001;16/10/2025 10:51;RUA ACRE, Nº 1290 - RECANTO DA HARMONIA - PASSOS;-207.065.707;-465.966.494;S06001 - SALVAMENTO DE ANIMAL EM RISCO / PERIGO (C) (Prioridade: 2 - Média);1CIA IND/2CIA/1PEL(PASSOS);ASL06087;Não;Não;Não;BOLETIM DE OCORRENCIA;Classificada;17/10/2025 07:59;Não
2025-42022126-5;;16/10/2025 10:52;RUA ACRE, Nº 1290 - RECANTO DA HARMONIA - PASSOS;-207.065.707;-465.966.494;S06001 - SALVAMENTO DE ANIMAL EM RISCO / PERIGO (C) (Prioridade: 2 - Média);1CIA IND/2CIA/1PEL(PASSOS);;Não;Não;Não;DUPLICADA;Classificada;16/10/2025 10:53;Não
2025-42023529-7;(BM) 2025-048061040-001;16/10/2025 13:08;AVENIDA DOUTOR BRENO SOARES MAIA, Nº 2105 - RECANTO DA TEKA - PASSOS;-20.741.391;-465.999.943;S06002 - CAPTURA DE ANIMAL SILVESTRE PERIGOSO / AGRESSIVO (C) (Prioridade: 2 - Média);1CIA IND/2CIA/1PEL(PASSOS);ASL06087;Não;Não;Não;BOLETIM DE OCORRENCIA;Classificada;17/10/2025 07:59;Não
2025-42023676-1;(BM) 2025-048060528-001;16/10/2025 13:18;RUA SILVERIA MARIA CONCEICAO, Nº 160 - SANTA RITA - PASSOS;-20.731.471;-466.090.794;S06002 - CAPTURA DE ANIMAL SILVESTRE PERIGOSO / AGRESSIVO (C) (Prioridade: 2 - Média);1CIA IND/2CIA/1PEL(PASSOS);VOB00480;Não;Não;Não;BOLETIM DE OCORRENCIA;Classificada;17/10/2025 07:59;Não
2025-42023678-7;(BM) 2025-048060543-001;16/10/2025 13:19;RUA DOUTOR CARVALHO, Nº 1410 - NOSSA SENHORA DAS GRAÇAS - PASSOS;-207.351.364;-466.042.024;S06001 - SALVAMENTO DE ANIMAL EM RISCO / PERIGO (C) (Prioridade: 2 - Média);1CIA IND/2CIA/1PEL(PASSOS);BM1525005;Não;Não;Não;BOLETIM DE OCORRENCIA;Classificada;17/10/2025 07:59;Não
2025-42023994-7;(BM) 2025-048059523-001;16/10/2025 13:39;RUA JANGADA, Nº 82 - NOVO HORIZONTE - PASSOS;-207.329.722;-466.001.014;P01002 - VISTORIA DE LIBERACAO / EMISSAO DE AVCB (C) (Prioridade: 2 - Média);1CIA IND/2CIA/PEL PREV E VIST(PASSOS);APV06243;Não;Não;Não;BOLETIM DE OCORRENCIA;Classificada;17/10/2025 07:59;Não
2025-42028256-3;(BM) 2025-048118103-001;16/10/2025 17:43;RUA GONCALVES DIAS, Nº 1764 - CENTRO - PASSOS;;;S06001 - SALVAMENTO DE ANIMAL EM RISCO / PERIGO (C) (Prioridade: 2 - Média);1CIA IND/2CIA/1PEL(PASSOS);VOB00480;Não;Não;Não;BOLETIM DE OCORRENCIA;Classificada;17/10/2025 07:59;Não
2025-42031163-2;(BM) 2025-048139193-001;16/10/2025 20:36;RUA COIMBRAS, Nº S/N - JARDIM FLORENCA - PASSOS;;;V02502 - VITIMA DE QUEDA (MOTOCICLISTA) (C) (Prioridade: 1 - Alta);1CIA IND/2CIA/1PEL(PASSOS);UR04360;Não;Não;Não;BOLETIM DE OCORRENCIA;Classificada;17/10/2025 07:59;Não
2025-42035417-0;(BM) 2025-048185753-001;17/10/2025 02:24;RUA SANTA LUZIA, Nº 228 - CANDEIAS - PASSOS;-207.235.921;-466.164.084;V01015 - VITIMA COM HEMORRAGIA (C) (Prioridade: 1 - Alta);1CIA IND/2CIA/1PEL(PASSOS);UR04360;Não;Não;Não;BOLETIM DE OCORRENCIA;Classificada;17/10/2025 07:58;Não
2025-42036437-3;(BM) 2025-048190336-001;17/10/2025 07:22;RUA JACUI, Nº 52 - CANDEIAS - PASSOS;-207.210.521;-466.156.617;P02011 - VISTORIA EM ENXAME DE INSETOS (C) (Prioridade: 2 - Média);1CIA IND/2CIA/1PEL(PASSOS);ASL06087;Não;Não;Não;BOLETIM DE OCORRENCIA;Classificada;18/10/2025 07:27;Não
2025-42037326-8;(BM) 2025-048193762-001;17/10/2025 08:52;AVENIDA CAETANO CASTALDI, Nº S/N - NOVO MUNDO - CASSIA;-205.851.954;-469.313.914;P01003 - VISTORIA EM EVENTOS TEMPORARIOS (C) (Prioridade: 1 - Alta);1CIA IND/2CIA/PEL PREV E VIST(PASSOS);ASL00063;Não;Não;Não;BOLETIM DE OCORRENCIA;Classificada;18/10/2025 07:26;Não
2025-42037415-6;(PM) 2025-048201102-001;17/10/2025 08:58;RUA GOIAS, Nº 1627 - BELA VISTA - PASSOS;-207.144.841;-465.969.482;W10000 - DISPENSADA POR DUPLICIDADE DE EMPENHO COM OUTROS ORGAOS (C) (Prioridade: 1 - Alta);1CIA IND/2CIA/1PEL(PASSOS);;Não;Não;Não;ATENDIDA PELO SAMU;Classificada;17/10/2025 10:35;Não
2025-42037530-4;(BM) 2025-048198107-001;17/10/2025 09:08;RUA ANTONIO VITORINO, Nº 75 - CENTRO - SAO JOSE DA BARRA;-207.163.076;-463.099.947;S06002 - CAPTURA DE ANIMAL SILVESTRE PERIGOSO / AGRESSIVO (C) (Prioridade: 2 - Média);1CIA IND/2CIA/1PEL(PASSOS);ASL06087;Não;Não;Não;BOLETIM DE OCORRENCIA;Classificada;18/10/2025 07:27;Não
2025-42037871-5;(BM) 2025-048199982-001;17/10/2025 09:37;RUA UNAI, Nº 206 - CALIFORNIA - PASSOS;-207.031.636;-466.168.026;V01018 - VITIMA DE MAL NAO DEFINIDO (DISTURBIO) (C) (Prioridade: 1 - Alta);1CIA IND/2CIA/1PEL(PASSOS);UR04360;Não;Não;Não;BOLETIM DE OCORRENCIA;Classificada;18/10/2025 07:26;Não
2025-42037887-5;;17/10/2025 09:40;RUA AURORA, Nº 205 - BELO HORIZONTE - PASSOS;-207.244.384;-466.032.204;V02502 - VITIMA DE QUEDA (MOTOCICLISTA) (C) (Prioridade: 1 - Alta);1CIA IND/2CIA/1PEL(PASSOS);;Não;Não;Não;NADA CONSTATADO;Classificada;17/10/2025 11:10;Não
2025-42039425-0;(BM) 2025-048217826-001;17/10/2025 11:41;AVENIDA ARLINDO FIGUEIREDO, Nº 850 - JARDIM PINHEIROS - PASSOS;-207.248.365;-466.210.844;S06001 - SALVAMENTO DE ANIMAL EM RISCO / PERIGO (C) (Prioridade: 2 - Média);1CIA IND/2CIA/1PEL(PASSOS);ASL06087;Não;Não;Não;BOLETIM DE OCORRENCIA;Classificada;18/10/2025 07:27;Não
2025-42040293-9;(BM) 2025-048226513-001;17/10/2025 13:17;RUA JANGADA, Nº 82 - NOVO HORIZONTE - PASSOS;-207.329.722;-466.001.014;P01002 - VISTORIA DE LIBERACAO / EMISSAO DE AVCB (C) (Prioridade: 2 - Média);1CIA IND/2CIA/PEL PREV E VIST(PASSOS);APV06243;Não;Não;Não;BOLETIM DE OCORRENCIA;Classificada;18/10/2025 07:27;Não
2025-42043941-3;(BM) 2025-048279399-001;17/10/2025 16:48;RODOVIA - MG-050, Nº S/N - ITAU DE MINAS;-207.623.077;-467.638.022;O04014 - INCENDIO AS MARGENS DE RODOVIA (C) (Prioridade: 2 - Média);1CIA IND/2CIA/1PEL(PASSOS);ASL07161;Não;Não;Não;BOLETIM DE OCORRENCIA;Classificada;18/10/2025 07:27;Não
2025-42045288-6;(BM) 2025-048283105-001;17/10/2025 18:16;RUA TENENTE VASCONCELOS, Nº S/N - CENTRO - PASSOS;-207.154.541;-466.119.867;V02408 - VITIMA DE COLISAO ENTRE AUTOMOVEL X MOTOCICLETA (C) (Prioridade: 1 - Alta);1CIA IND/2CIA/1PEL(PASSOS);UR04360;Não;Não;Não;BOLETIM DE OCORRENCIA;Classificada;18/10/2025 07:26;Não
2025-42045725-9;(BM) 2025-048289591-001;17/10/2025 18:40;RODOVIA MG 050, Nº S/N - PASSOS;-207.379.186;-46.618.731;X03000 - EMPENHO ADMINISTRATIVO (C) (Prioridade: 2 - Média);1CIA IND/2CIA/1PEL(PASSOS);ASL06087 / ASL07161;Não;Não;Não;BOLETIM DE OCORRENCIA;Classificada;18/10/2025 07:27;Não
2025-42047229-8;(BM) 2025-048309895-001;17/10/2025 20:09;AVENIDA JUCA STOCKLER, Nº 3158 - ACLIMACAO - PASSOS;-207.523.928;-465.982.915;V01007 - VITIMA COM DISPNEIA (FALTA DE AR) (C) (Prioridade: 1 - Alta);1CIA IND/2CIA/1PEL(PASSOS);UR04360;Não;Não;Não;BOLETIM DE OCORRENCIA;Classificada;18/10/2025 07:26;Não
2025-42051037-0;(BM) 2025-048341590-001;17/10/2025 23:46;RUA BARAO DE PASSOS, Nº 1785 - SANTA LUZIA - PASSOS;-207.098.843;-465.978.186;R01001 - ABASTECIMENTO DE AGUA (C) (Prioridade: 2 - Média);1CIA IND/2CIA/1PEL(PASSOS);VOB00480;Não;Não;Não;BOLETIM DE OCORRENCIA;Classificada;18/10/2025 07:26;Não
2025-42054994-1;(BM) 2025-048370927-001;18/10/2025 08:27;RUA ANDORINHA, Nº 180 - NOSSA SENHORA DAS GRAÇAS - PASSOS;-207.396.307;-466.052.724;S06003 - CAPTURA DE CAO PERIGOSO / AGRESSIVO (C) (Prioridade: 2 - Média);1CIA IND/2CIA/1PEL(PASSOS);ASL06087;Não;Não;Não;BOLETIM DE OCORRENCIA;Classificada;19/10/2025 08:01;Não
2025-42056048-4;(BM) 2025-048384279-001;18/10/2025 10:18;RUA FAZENDEIROS, Nº 113 - MONSENHOR MESSIAS - PASSOS;-207.373.224;-466.009.138;S06001 - SALVAMENTO DE ANIMAL EM RISCO / PERIGO (C) (Prioridade: 2 - Média);1CIA IND/2CIA/1PEL(PASSOS);ASL06087;Não;Não;Não;BOLETIM DE OCORRENCIA;Classificada;19/10/2025 08:01;Não
2025-42059250-1;(BM) 2025-048455258-001;18/10/2025 15:08;RUA CARAJAS, Nº 1058 - VILA ROMANA - PASSOS;-207.435.296;-466.120.811;S06001 - SALVAMENTO DE ANIMAL EM RISCO / PERIGO (C) (Prioridade: 2 - Média);1CIA IND/2CIA/1PEL(PASSOS);VOB00480;Não;Não;Não;BOLETIM DE OCORRENCIA;Classificada;19/10/2025 08:01;Não
2025-42059730-7;(PM) 2025-048415980-002 / (BM) 2025-048415980-001;18/10/2025 15:39;RODOVIA MGC 265, Km 533 - ALPINOPOLIS;-208.924.265;-462.764.991;S05303 - COLISAO ENTRE AUTOMOVEIS (CARRO, CAMIONETA, CAMINHONETE) (C) (Prioridade: 1 - Alta);1CIA IND/2CIA/1PEL(PASSOS);ASL06087;Não;Não;Não;BOLETIM DE OCORRENCIA;Classificada;19/10/2025 08:01;Não
2025-42060659-1;(BM) 2025-048415770-001;18/10/2025 16:40;AVENIDA JUCA STOCKLER, Nº 128 - CENTRO - PASSOS;;;V01018 - VITIMA DE MAL NAO DEFINIDO (DISTURBIO) (C) (Prioridade: 1 - Alta);1CIA IND/2CIA/1PEL(PASSOS);UR04360;Não;Não;Não;BOLETIM DE OCORRENCIA;Classificada;19/10/2025 08:01;Não
2025-42062420-8;(BM) 2025-048427984-001;18/10/2025 18:31;RODOVIA MG 050, Nº 608 - PASSOS;;;V01022 - VITIMA PARTURIENTE / EMERGENCIAS OBSTETRICAS (C) (Prioridade: 1 - Alta);1CIA IND/2CIA/1PEL(PASSOS);UR04360;Não;Não;Não;BOLETIM DE OCORRENCIA;Classificada;19/10/2025 08:01;Não
2025-42064056-8;(BM) 2025-048441633-001;18/10/2025 20:16;RUA BOIADEIROS, Nº 303 - CANDEIAS - PASSOS;-207.254.207;-466.168.207;V01003 - VITIMA COM CRISE CONVULSIVA (C) (Prioridade: 1 - Alta);1CIA IND/2CIA/1PEL(PASSOS);UR04360;Não;Não;Não;BOLETIM DE OCORRENCIA;Classificada;19/10/2025 08:01;Não
2025-42064566-4;(BM) 2025-048449040-001;18/10/2025 20:48;RUA RIO GRANDE DO SUL, Nº 688 - BELA VISTA - PASSOS;-207.137.965;-465.964.627;V01018 - VITIMA DE MAL NAO DEFINIDO (DISTURBIO) (C) (Prioridade: 1 - Alta);1CIA IND/2CIA/1PEL(PASSOS);UR04360;Não;Não;Não;BOLETIM DE OCORRENCIA;Classificada;19/10/2025 08:01;Não
2025-42072216-8;;19/10/2025 09:44;RUA BANCARIOS, Nº S/N - NOSSA SENHORA DAS GRAÇAS - PASSOS;-207.349.277;-46.605.441;P02011 - VISTORIA EM ENXAME DE INSETOS (C) (Prioridade: 2 - Média);1CIA IND/2CIA/1PEL(PASSOS);ASL06087;Não;Não;Não;NADA CONSTATADO;Classificada;19/10/2025 09:51;Não
2025-42072362-0;(BM) 2025-048505470-001;19/10/2025 10:03;AVENIDA JK, Nº S/N - MONSENHOR MESSIAS - PASSOS;-207.342.178;-465.979.772;P03999 - OUTROS TIPOS DE PCI / PCA   (C) (Prioridade: 2 - Média);1CIA IND/2CIA/1PEL(PASSOS);UR04360;Não;Não;Não;BOLETIM DE OCORRENCIA;Classificada;20/10/2025 07:21;Não
2025-42073568-0;(BM) 2025-048577239-001;19/10/2025 12:23;RUA NOVA RESENDE, Nº 306 - NOSSA SENHORA DE FATIMA - PASSOS;-206.999.565;-466.127.394;V01003 - VITIMA COM CRISE CONVULSIVA (C) (Prioridade: 1 - Alta);1CIA IND/2CIA/1PEL(PASSOS);UR04360;Não;Não;Não;BOLETIM DE OCORRENCIA;Classificada;20/10/2025 07:21;Não
2025-42074535-7;(BM) 2025-048528095-001;19/10/2025 14:06;RUA GOIAS, Nº 1268 - BELA VISTA - PASSOS;-207.121.191;-465.997.572;V03018 - VITIMA DE QUEDA DA PROPRIA ALTURA (C) (Prioridade: 1 - Alta);1CIA IND/2CIA/1PEL(PASSOS);UR04360;Não;Não;Não;BOLETIM DE OCORRENCIA;Classificada;20/10/2025 07:21;Não
2025-42074625-8;(BM) 2025-048528132-001;19/10/2025 14:14;RUA AGUAS MARINHAS, Nº S/N - ACLIMACAO - PASSOS;-207.525.916;-466.051.022;R01999 - OUTROS TIPOS DE ACOES DE APOIO A COMUNIDADE   (C) (Prioridade: 2 - Média);1CIA IND/2CIA/1PEL(PASSOS);VOB00480;Não;Não;Não;BOLETIM DE OCORRENCIA;Classificada;20/10/2025 07:21;Não
2025-42074759-4;(PM) 2025-048531857-001;19/10/2025 14:25;RUA DOM INACIO DALMONT, Nº 585 - CARMELO - PASSOS;-207.174.334;-466.029.565;W98011 - SOLICITACAO DE APOIO (C) (Prioridade: 1 - Alta);1CIA IND/2CIA/1PEL(PASSOS);;Não;Não;Não;DISPENSADA PELO SOLICITANTE;Classificada;19/10/2025 14:35;Não
2025-42075091-0;(BM) 2025-048529228-001;19/10/2025 14:44;RUA JESO RIBEIRO DE ABREU, Nº 361 - NOVA CALIFORNIA - PASSOS;-207.002.018;-466.216.775;R01999 - OUTROS TIPOS DE ACOES DE APOIO A COMUNIDADE   (C) (Prioridade: 2 - Média);1CIA IND/2CIA/1PEL(PASSOS);VOB00480;Não;Não;Não;BOLETIM DE OCORRENCIA;Classificada;20/10/2025 07:21;Não
2025-42077554-8;;19/10/2025 17:27;RUA DA PRAIA / AVENIDA COMENDADOR FRANCISCO A MAIA - PENHA - PASSOS;-207.159.482;-466.127.317;V02408 - VITIMA DE COLISAO ENTRE AUTOMOVEL X MOTOCICLETA (C) (Prioridade: 1 - Alta);1CIA IND/2CIA/1PEL(PASSOS);UR04360;Não;Não;Não;ATENDIDA PELO SAMU;Classificada;19/10/2025 17:45;Não
2025-42081846-7;(BM) 2025-048595481-001;19/10/2025 22:09;RUA JOAO DAHER, Nº 72 - PARQUE DA ESTACAO - PASSOS;-207.020.937;-466.106.484;V01008 - VITIMA COM DOR ABDOMINAL (ABDOME AGUDO) (C) (Prioridade: 1 - Alta);1CIA IND/2CIA/1PEL(PASSOS);UR04360;Não;Não;Não;BOLETIM DE OCORRENCIA;Classificada;20/10/2025 07:21;Não
2025-42083248-6;(BM) 2025-048607854-001;19/10/2025 23:42;RUA MACAPA, Nº S/N - JARDIM COLEGIO DE PASSOS - PASSOS;-207.219.669;-465.983.269;V01024 - VITIMA DE SUICIDIO (TENTATIVA) - APH CLINICO (C) (Prioridade: 1 - Alta);1CIA IND/2CIA/1PEL(PASSOS);UR04360;Não;Não;Não;BOLETIM DE OCORRENCIA;Classificada;20/10/2025 07:21;Não
2025-42083777-7;;20/10/2025 00:32;RUA desconhecido - PASSOS;;;V01018 - VITIMA DE MAL NAO DEFINIDO (DISTURBIO) (C) (Prioridade: 1 - Alta);1CIA IND/2CIA/1PEL(PASSOS);;Não;Não;Não;NÃO ATENDIDA: FALTA DE EFETIVO;Classificada;20/10/2025 00:32;Não
2025-42084795-4;;20/10/2025 04:18;RUA ORLANDO ADAO CARNEIRO, Nº 514 - RECANTO DA TEKA - PASSOS;-207.452.066;-465.980.763;V01018 - VITIMA DE MAL NAO DEFINIDO (DISTURBIO) (C) (Prioridade: 1 - Alta);1CIA IND/2CIA/1PEL(PASSOS);UR04360;Não;Não;Não;NADA CONSTATADO;Classificada;20/10/2025 06:31;Não
2025-42086236-3;(BM) 2025-048627463-001;20/10/2025 08:46;RUA MADRE PAULINA, Nº 8 - MARIA PARREIRA - ITAU DE MINAS;-207.463.402;-46.749.572;P01001 - VISTORIA DE FISCALIZACAO (C) (Prioridade: 2 - Média);1CIA IND/2CIA/PEL PREV E VIST(PASSOS);ASL00063;Não;Não;Não;BOLETIM DE OCORRENCIA;Classificada;21/10/2025 08:05;Não
2025-42086409-0;(BM) 2025-048638435-001;20/10/2025 09:01;RUA DOUTOR CARVALHO, Nº 1455 - NOSSA SENHORA DAS GRAÇAS - PASSOS;-207.352.269;-466.037.303;Q03999 - OUTROS TIPOS DE TREINAMENTO (C) (Prioridade: 2 - Média);1CIA IND/2CIA/1PEL(PASSOS);BM1525005;Não;Não;Não;BOLETIM DE OCORRENCIA;Classificada;21/10/2025 08:05;Não
2025-42087126-0;(BM) 2025-048638463-002;20/10/2025 09:57;RUA DOUTOR CARVALHO, Nº 1455 - NOSSA SENHORA DAS GRAÇAS - PASSOS;-207.352.269;-466.037.303;Q05002 - PROJETO DE DIVULGACAO DA NATACAO (C) (Prioridade: 1 - Alta);1CIA IND/2CIA/PEL PREV E VIST(PASSOS);BM1797554;Não;Não;Não;BOLETIM DE OCORRENCIA;Classificada;21/10/2025 08:05;Não
2025-42087569-1;(BM) 2025-048646403-001;20/10/2025 10:29;RUA ENGENHEIROS, Nº S/N - BELO HORIZONTE - PASSOS;-207.294.706;-466.069.895;X03000 - EMPENHO ADMINISTRATIVO (C) (Prioridade: 2 - Média);1CIA IND/2CIA/PEL PREV E VIST(PASSOS);ASL00063;Não;Não;Não;BOLETIM DE OCORRENCIA;Classificada;21/10/2025 08:05;Não
2025-42089641-8;(BM) 2025-048694940-001;20/10/2025 13:58;RUA DOUTOR CARVALHO, Nº 1461 - PASSOS;-207.329.352;-466.040.812;S06007 - CORTE / PODA DE ARVORE COM RISCO IMINENTE DE QUEDA (C) (Prioridade: 2 - Média);1CIA IND/2CIA/1PEL(PASSOS);ASL06087;Não;Não;Não;BOLETIM DE OCORRENCIA;Classificada;21/10/2025 08:05;Não
2025-42094061-7;;20/10/2025 17:46;RUA CARAMBOLA, Nº 164 - NOSSA SENHORA DE LOURDES - PASSOS;-206.994.328;-466.195.714;V02201 - VITIMA DE CHOQUE DE BICICLETA (C) (Prioridade: 1 - Alta);1CIA IND/2CIA/1PEL(PASSOS);;Não;Não;Não;ATENDIDA PELO SAMU;Classificada;20/10/2025 17:47;Não
2025-42094820-6;(BM) 2025-048728583-001;20/10/2025 18:29;RUA JOSE MARIANO NEGRINHO, Nº 424 - COHAB 5 - PASSOS;-207.181.969;-466.373.767;V01007 - VITIMA COM DISPNEIA (FALTA DE AR) (C) (Prioridade: 1 - Alta);1CIA IND/2CIA/1PEL(PASSOS);UR04360;Não;Não;Não;BOLETIM DE OCORRENCIA;Classificada;21/10/2025 08:05;Não
2025-42096040-8;(BM) 2025-048780499-001;20/10/2025 19:48;RUA JOSE PEREIRA LEMOS, Nº 423 - NOVA PASSOS - PASSOS;-207.045.768;-466.320.002;O04011 - INCENDIO EM AREA URBANA NAO PROTEGIDA (C) (Prioridade: 2 - Média);1CIA IND/2CIA/1PEL(PASSOS);VOB00480;Não;Não;Não;BOLETIM DE OCORRENCIA;Classificada;21/10/2025 08:05;Não
2025-42096788-6;(BM) 2025-048747956-001;20/10/2025 20:40;RUA MISSISSIPI, Nº 85 - RESIDENCIAL ELDORADO - PASSOS;-207.320.175;-466.238.167;S06004 - CAPTURA DE OUTROS ANIMAIS DOMESTICOS PERIGOSOS / AGRESSIVOS (C) (Prioridade: 2 - Média);1CIA IND/2CIA/1PEL(PASSOS);ASL06087;Não;Não;Não;BOLETIM DE OCORRENCIA;Classificada;21/10/2025 08:05;Não
2025-42101119-9;(BM) 2025-048792073-001;21/10/2025 07:27;PRACA EZEQUIAS MARQUES DA SILVA, Nº 60 - SAO BENEDITO - PASSOS;-207.224.712;-466.019.307;V01006 - VITIMA COM DIFICULDADE DE LOCOMOCAO (C) (Prioridade: 1 - Alta);1CIA IND/2CIA/1PEL(PASSOS);UR04360;Não;Não;Não;BOLETIM DE OCORRENCIA;Classificada;22/10/2025 07:30;Não
2025-42101313-1;;21/10/2025 07:48;AVENIDA LISBOA, Nº 943 - JARDIM EUROPA - POCOS DE CALDAS;;;V02502 - VITIMA DE QUEDA (MOTOCICLISTA) (C) (Prioridade: 1 - Alta);1CIA IND (POCOS DE CALDAS);;Não;Não;Não;ATENDIDA PELO SAMU;Classificada;21/10/2025 07:50;Não
2025-42101405-8;(BM) 2025-048793247-001;21/10/2025 08:00;RUA DOUTOR CARVALHO, Nº 1455 - NOSSA SENHORA DAS GRAÇAS - PASSOS;-207.352.269;-466.037.303;Q03005 - TREINAMENTO DE SALVAMENTO TERRESTRE (C) (Prioridade: 2 - Média);1CIA IND/2CIA/1PEL(PASSOS);BM1224443;Não;Não;Não;BOLETIM DE OCORRENCIA;Classificada;22/10/2025 07:30;Não
2025-42101711-4;(BM) 2025-048795519-001;21/10/2025 08:25;AVENIDA COMENDADOR FRANCISCO A MAIA, Nº 2395 - CENTRO - PASSOS;-207.198.173;-466.131.276;V03018 - VITIMA DE QUEDA DA PROPRIA ALTURA (C) (Prioridade: 1 - Alta);1CIA IND/2CIA/1PEL(PASSOS);UR04360;Não;Não;Não;BOLETIM DE OCORRENCIA;Classificada;22/10/2025 07:30;Não
2025-42101891-8;(BM) 2025-048797574-001;21/10/2025 08:42;RUA DOUTOR CARVALHO, Nº 1455 - NOSSA SENHORA DAS GRAÇAS - PASSOS;-207.352.269;-466.037.303;Q05002 - PROJETO DE DIVULGACAO DA NATACAO (C) (Prioridade: 1 - Alta);1CIA IND/2CIA/1PEL(PASSOS);BM1822634;Não;Não;Não;BOLETIM DE OCORRENCIA;Classificada;22/10/2025 07:30;Não
2025-42102012-0;(BM) 2025-048799138-001;21/10/2025 08:55;CONDOMINIO PSS0234 - 10026 - CONDOMINIO TAGUAUNA, Nº S/N - PASSOS;-207.021.487;-466.707.699;S06008 - CORTE DE ARVORE CAIDA EM VIA PUBLICA (C) (Prioridade: 2 - Média);1CIA IND/2CIA/1PEL(PASSOS);ASL06087;Não;Não;Não;BOLETIM DE OCORRENCIA;Classificada;22/10/2025 07:30;Não
2025-42103599-7;(BM) 2025-048823953-001;21/10/2025 11:04;AVENIDA JK, Nº S/N - SAO BENEDITO - PASSOS;;;V01013 - VITIMA DE EMERGENCIAS PSIQUIATRICAS (C) (Prioridade: 1 - Alta);1CIA IND/2CIA/1PEL(PASSOS);UR04360;Não;Não;Não;BOLETIM DE OCORRENCIA;Classificada;22/10/2025 07:30;Não
2025-42104421-0;(BM) 2025-048828902-001;21/10/2025 12:18;RUA MISSOES, Nº 750 - PENHA - PASSOS;-207.173.058;-466.255.423;O02036 - INCENDIO EM AMONTOADO DE MADEIRA (C) (Prioridade: 2 - Média);1CIA IND/2CIA/1PEL(PASSOS);VOB00480;Não;Não;Não;BOLETIM DE OCORRENCIA;Classificada;22/10/2025 07:30;Não
2025-42105297-9;(BM) 2025-048836664-001;21/10/2025 13:34;AVENIDA DOS INDUSTRIAIS, Nº 255 - MONSENHOR MESSIAS - PASSOS;-207.380.433;-465.983.271;P01002 - VISTORIA DE LIBERACAO / EMISSAO DE AVCB (C) (Prioridade: 2 - Média);1CIA IND/2CIA/PEL PREV E VIST(PASSOS);APV06243;Não;Não;Não;BOLETIM DE OCORRENCIA;Classificada;22/10/2025 07:30;Não
2025-42105758-0;(BM) 2025-048862387-001;21/10/2025 14:03;RUA RIO DE JANEIRO, Nº 2 - MUNDO NOVO - ALPINOPOLIS;-208.546.732;-463.828.783;O02027 - INCENDIO VEIC. AUTOMOTOR (EXCETO TANQUE/ONIBUS/MICRO-ONIBUS) (C) (Prioridade: 1 - Alta);1CIA IND/2CIA/1PEL(PASSOS);VOB00480;Não;Não;Não;BOLETIM DE OCORRENCIA;Classificada;22/10/2025 07:30;Não
2025-42105894-8;(BM) 2025-048862136-001;21/10/2025 14:12;RUA DOUTOR CARVALHO, Nº S/N - CENTRO - PASSOS;-207.218.279;-466.083.676;S06007 - CORTE / PODA DE ARVORE COM RISCO IMINENTE DE QUEDA (C) (Prioridade: 2 - Média);1CIA IND/2CIA/1PEL(PASSOS);ASL06087;Não;Não;Não;BOLETIM DE OCORRENCIA;Classificada;22/10/2025 07:30;Não
2025-42107264-0;(BM) 2025-048876340-001;21/10/2025 15:19;RUA OURO FINO, Nº 140 - NOSSA SENHORA DE FATIMA - PASSOS;-206.984.858;-466.149.981;V03018 - VITIMA DE QUEDA DA PROPRIA ALTURA (C) (Prioridade: 1 - Alta);1CIA IND/2CIA/1PEL(PASSOS);UR04360;Não;Não;Não;BOLETIM DE OCORRENCIA;Classificada;22/10/2025 07:30;Não
2025-42109049-9;(BM) 2025-048895411-001;21/10/2025 16:48;RODOVIA MG 050, Nº S/N - PASSOS;-207.379.186;-46.618.731;V03999 - OUTROS TIPOS DE APH DE TRAUMAS DIVERSOS   (C) (Prioridade: 1 - Alta);1CIA IND/2CIA/1PEL(PASSOS);UR04360;Não;Não;Não;BOLETIM DE OCORRENCIA;Classificada;22/10/2025 07:30;Não
2025-42117511-4;(BM) 2025-048962223-001;22/10/2025 07:37;RUA BOROROS, Nº 1802 - VILA ROMANA - PASSOS;-207.423.029;-466.085.345;V03005 - VITIMA DE AGRESSAO FISICA SEM USO DE ARMA (C) (Prioridade: 1 - Alta);1CIA IND/2CIA/1PEL(PASSOS);UR04360;Não;Não;Não;BOLETIM DE OCORRENCIA;Classificada;23/10/2025 06:57;Não
2025-42118072-1;(BM) 2025-048976634-001;22/10/2025 08:33;RUA DOUTOR CARVALHO, Nº 1455 - NOSSA SENHORA DAS GRAÇAS - PASSOS;-207.352.269;-466.037.303;Q03004 - TREINAMENTO DE SALVAMENTO EM ALTURA (C) (Prioridade: 2 - Média);1CIA IND/2CIA/1PEL(PASSOS);BM1206671;Não;Não;Não;BOLETIM DE OCORRENCIA;Classificada;23/10/2025 06:56;Não
2025-42118737-2;(BM) 2025-048976725-001;22/10/2025 09:30;RUA CARAJAS / RUA CAICARAS - NOSSA SENHORA APARECIDA - PASSOS;-207.419.725;-466.054.004;V02408 - VITIMA DE COLISAO ENTRE AUTOMOVEL X MOTOCICLETA (C) (Prioridade: 1 - Alta);1CIA IND/2CIA/1PEL(PASSOS);UR04360;Não;Não;Não;BOLETIM DE OCORRENCIA;Classificada;23/10/2025 06:57;Não
2025-42122271-1;(BM) 2025-049018630-001;22/10/2025 14:23;RODOVIA MG 050, Nº S/N - PASSOS;-207.379.186;-46.618.731;V01026 - TRANSPORTE INTER-HOSPITALAR (C) (Prioridade: 2 - Média);1CIA IND/2CIA/1PEL(PASSOS);UR04360;Não;Não;Não;BOLETIM DE OCORRENCIA;Classificada;23/10/2025 06:57;Não
2025-42123351-4;(BM) 2025-049033221-001;22/10/2025 15:16;RODOVIA MG 050, Nº S/N - PASSOS;-207.379.186;-46.618.731;O04014 - INCENDIO AS MARGENS DE RODOVIA (C) (Prioridade: 2 - Média);1CIA IND/2CIA/1PEL(PASSOS);VOB00480;Não;Não;Não;BOLETIM DE OCORRENCIA;Classificada;23/10/2025 06:57;Não
2025-42123727-8;(BM) 2025-049039692-001;22/10/2025 15:37;AVENIDA BRASIL, Nº 184 - JARDIM SATELITE - PASSOS;-207.157.976;-466.181.472;V01007 - VITIMA COM DISPNEIA (FALTA DE AR) (C) (Prioridade: 1 - Alta);1CIA IND/2CIA/1PEL(PASSOS);UR04360;Não;Não;Não;BOLETIM DE OCORRENCIA;Classificada;23/10/2025 06:57;Não
2025-42133114-5;(BM) 2025-049130302-001;23/10/2025 06:33;AVENIDA ELDORADO, Nº S/N - JARDIM CIDADE - PASSOS;-207.288.849;-466.238.387;S06002 - CAPTURA DE ANIMAL SILVESTRE PERIGOSO / AGRESSIVO (C) (Prioridade: 2 - Média);1CIA IND/2CIA/1PEL(PASSOS);ASL06087;Não;Não;Não;BOLETIM DE OCORRENCIA;Classificada;23/10/2025 07:46;Não
2025-42134316-5;;23/10/2025 08:53;AVENIDA CHAFARIZ, Nº S/N - SERRA DAS BRISAS - PASSOS;-207.361.137;-465.905.646;V01018 - VITIMA DE MAL NAO DEFINIDO (DISTURBIO) (C) (Prioridade: 1 - Alta);1CIA IND/2CIA/1PEL(PASSOS);UR04360;Não;Não;Não;NADA CONSTATADO;Classificada;23/10/2025 09:50;Não
2025-42134801-0;(BM) 2025-049148869-001;23/10/2025 09:31;CHACARA PSS0491 - SAO VICENTE DE PAULA, Nº 300 - VILA SAO JOSE - PASSOS;;;S06002 - CAPTURA DE ANIMAL SILVESTRE PERIGOSO / AGRESSIVO (C) (Prioridade: 2 - Média);1CIA IND/2CIA/1PEL(PASSOS);ASL06087;Não;Não;Não;BOLETIM DE OCORRENCIA;Classificada;24/10/2025 07:56;Não
2025-42135860-5;(BM) 2025-049161736-001;23/10/2025 10:54;RUA DOS BANCARIOS, Nº 485 - EXPOSICAO - PASSOS;;;P02011 - VISTORIA EM ENXAME DE INSETOS (C) (Prioridade: 2 - Média);1CIA IND/2CIA/1PEL(PASSOS);ASL06087;Não;Não;Não;BOLETIM DE OCORRENCIA;Classificada;24/10/2025 07:57;Não
2025-42135915-5;(BM) 2025-049161777-001;23/10/2025 10:57;RUA JUAREZ FRANCISCO DUARTE, Nº 575 - JARDIM SATELITE - PASSOS;-207.106.034;-466.224.621;V02408 - VITIMA DE COLISAO ENTRE AUTOMOVEL X MOTOCICLETA (C) (Prioridade: 1 - Alta);1CIA IND/2CIA/1PEL(PASSOS);UR04360;Não;Não;Não;BOLETIM DE OCORRENCIA;Classificada;24/10/2025 07:58;Não
2025-42137122-5;;23/10/2025 12:51;RUA desconhecido - CAMPESTRE;;;P02011 - VISTORIA EM ENXAME DE INSETOS (C) (Prioridade: 2 - Média);1CIA IND (POCOS DE CALDAS);;Não;Não;Não;ORIENTAÇÃO;Classificada;23/10/2025 12:52;Não
2025-42137515-8;(BM) 2025-049179675-001;23/10/2025 13:25;RUA JOAQUIM OZORIO DE SOUZA, Nº 351 - CENTRO - CAPETINGA;-206.219.751;-470.569.609;P01001 - VISTORIA DE FISCALIZACAO (C) (Prioridade: 2 - Média);1CIA IND/2CIA/PEL PREV E VIST(PASSOS);APV06243;Não;Não;Não;BOLETIM DE OCORRENCIA;Classificada;24/10/2025 07:57;Não
2025-42137592-9;(BM) 2025-049181752-001;23/10/2025 13:30;RUA VARGINHA, Nº 89 - COHAB 1 - PASSOS;-207.093.244;-466.251.836;V03018 - VITIMA DE QUEDA DA PROPRIA ALTURA (C) (Prioridade: 1 - Alta);1CIA IND/2CIA/1PEL(PASSOS);UR04360;Não;Não;Não;BOLETIM DE OCORRENCIA;Classificada;24/10/2025 07:58;Não
2025-42139001-1;(BM) 2025-049197495-001;23/10/2025 14:52;PRACA GERALDO DA SILVA MAIA, Nº 213 - CENTRO - PASSOS;-20.721.877;-466.088.457;P02001 - VISTORIA EM HIDRANTE (C) (Prioridade: 2 - Média);1CIA IND/2CIA/1PEL(PASSOS);ASL06087;Não;Não;Não;BOLETIM DE OCORRENCIA;Classificada;24/10/2025 07:57;Não
2025-42139443-0;(BM) 2025-049202734-001;23/10/2025 15:12;RUA CORONEL NECA MEDEIROS, Nº 181 - CENTRO - PASSOS;-207.196.229;-466.103.928;S06002 - CAPTURA DE ANIMAL SILVESTRE PERIGOSO / AGRESSIVO (C) (Prioridade: 2 - Média);1CIA IND/2CIA/1PEL(PASSOS);ASL07161;Não;Não;Não;BOLETIM DE OCORRENCIA;Classificada;24/10/2025 07:57;Não
2025-42139444-2;(BM) 2025-049202985-001;23/10/2025 15:13;RUA MANOEL DE OLIVEIRA MARTINS, Nº 34 - JOAQUIM JULIO - CAPETINGA;-206.248.686;-470.610.488;P02001 - VISTORIA EM HIDRANTE (C) (Prioridade: 2 - Média);1CIA IND/2CIA/PEL PREV E VIST(PASSOS);APV06243;Não;Não;Não;BOLETIM DE OCORRENCIA;Classificada;24/10/2025 07:57;Não
2025-42139448-3;(BM) 2025-049203152-001;23/10/2025 15:14;RUA BONSUCESSO, Nº 888 - PENHA - PASSOS;-20.721.233;-466.188.426;P02001 - VISTORIA EM HIDRANTE (C) (Prioridade: 2 - Média);1CIA IND/2CIA/1PEL(PASSOS);ASL06087;Não;Não;Não;BOLETIM DE OCORRENCIA;Classificada;24/10/2025 07:57;Não
2025-42139753-7;(BM) 2025-049206996-001;23/10/2025 15:28;AVENIDA COMENDADOR FRANCISCO A MAIA, Nº S/N - SANTA CASA - PASSOS;-207.146.788;-466.127.072;X03000 - EMPENHO ADMINISTRATIVO (C) (Prioridade: 2 - Média);1CIA IND/2CIA/1PEL(PASSOS);BM1271204;Não;Não;Não;BOLETIM DE OCORRENCIA;Classificada;24/10/2025 07:57;Não
2025-42140075-5;(BM) 2025-049210797-001;23/10/2025 15:45;PRACA BARAO CAMBUI, Nº 78 - CENTRO - CASSIA;-205.829.322;-469.233.518;P02001 - VISTORIA EM HIDRANTE (C) (Prioridade: 2 - Média);1CIA IND/2CIA/PEL PREV E VIST(PASSOS);APV06243;Não;Não;Não;BOLETIM DE OCORRENCIA;Classificada;24/10/2025 07:57;Não
2025-42140292-3;(BM) 2025-049215720-001;23/10/2025 15:55;RUA JULIA BORSARI CARDOSO, Nº 100 - NOVA PASSOS II - PASSOS;-206.987.295;-466.333.263;P02001 - VISTORIA EM HIDRANTE (C) (Prioridade: 2 - Média);1CIA IND/2CIA/1PEL(PASSOS);ASL06087;Não;Não;Não;BOLETIM DE OCORRENCIA;Classificada;24/10/2025 07:57;Não
2025-42140335-4;(BM) 2025-049214109-001;23/10/2025 15:58;RUA DEPUTADO DELSON SCARANO, Nº 418 - PEIXOTO - CASSIA;-20.589.491;-469.199.103;P02001 - VISTORIA EM HIDRANTE (C) (Prioridade: 2 - Média);1CIA IND/2CIA/PEL PREV E VIST(PASSOS);APV06243;Não;Não;Não;BOLETIM DE OCORRENCIA;Classificada;24/10/2025 07:57;Não
2025-42141500-4;(BM) 2025-049227950-001;23/10/2025 16:57;RUA DOUTOR CARVALHO, Nº 1455 - NOSSA SENHORA DAS GRAÇAS - PASSOS;-207.352.269;-466.037.303;Q03004 - TREINAMENTO DE SALVAMENTO EM ALTURA (C) (Prioridade: 2 - Média);1CIA IND/2CIA/1PEL(PASSOS);BM1274612;Não;Não;Não;BOLETIM DE OCORRENCIA;Classificada;24/10/2025 07:58;Não
2025-42144398-6;(BM) 2025-049256307-001;23/10/2025 19:43;AVENIDA CANADA, Nº S/N - JARDIM CANADA II - PASSOS;-207.533.453;-466.124.556;S06002 - CAPTURA DE ANIMAL SILVESTRE PERIGOSO / AGRESSIVO (C) (Prioridade: 2 - Média);1CIA IND/2CIA/1PEL(PASSOS);ASL06087;Não;Não;Não;BOLETIM DE OCORRENCIA;Classificada;24/10/2025 07:58;Não
2025-42149238-7;(BM) 2025-049303945-001;24/10/2025 03:02;RUA PRATAPOLIS, Nº 1080 - NOSSA SENHORA DE FATIMA - PASSOS;-206.974.885;-466.126.502;V01018 - VITIMA DE MAL NAO DEFINIDO (DISTURBIO) (C) (Prioridade: 1 - Alta);1CIA IND/2CIA/1PEL(PASSOS);UR04360;Não;Não;Não;BOLETIM DE OCORRENCIA;Classificada;24/10/2025 07:58;Não
2025-42150012-1;(BM) 2025-049309247-001;24/10/2025 07:05;RUA JAIME GOMES, Nº 543 - CANDEIAS - PASSOS;-207.207.448;-466.155.937;V03018 - VITIMA DE QUEDA DA PROPRIA ALTURA (C) (Prioridade: 1 - Alta);1CIA IND/2CIA/1PEL(PASSOS);UR04360;Não;Não;Não;BOLETIM DE OCORRENCIA;Classificada;24/10/2025 07:58;Não
2025-42151236-4;(BM) 2025-049321530-001;24/10/2025 09:08;RUA PARA, Nº S/N - POLIVALENTE - PASSOS;-207.065.593;-466.081.424;P02001 - VISTORIA EM HIDRANTE (C) (Prioridade: 2 - Média);1CIA IND/2CIA/1PEL(PASSOS);ASL06087;Não;Não;Não;BOLETIM DE OCORRENCIA;Classificada;25/10/2025 10:22;Não
2025-42151458-6;(BM) 2025-049323883-001;24/10/2025 09:26;AVENIDA COMENDADOR FRANCISCO A MAIA, Nº 3584 - MARIO MAGALHAES - PASSOS;-207.292.606;-466.097.058;P01001 - VISTORIA DE FISCALIZACAO (C) (Prioridade: 2 - Média);1CIA IND/2CIA/PEL PREV E VIST(PASSOS);APV06243;Não;Não;Não;BOLETIM DE OCORRENCIA;Classificada;25/10/2025 10:22;Não
2025-42151706-6;(BM) 2025-049327236-001;24/10/2025 09:46;AVENIDA AROUCA, Nº 140 - CENTRO - PASSOS;-207.152.685;-466.093.884;P02001 - VISTORIA EM HIDRANTE (C) (Prioridade: 2 - Média);1CIA IND/2CIA/1PEL(PASSOS);ASL06087;Não;Não;Não;BOLETIM DE OCORRENCIA;Classificada;25/10/2025 10:22;Não
2025-42152399-4;(BM) 2025-049336406-001;24/10/2025 10:40;RUA DOUTOR CARVALHO, Nº 1455 - NOSSA SENHORA DAS GRAÇAS - PASSOS;-207.352.269;-466.037.303;P02001 - VISTORIA EM HIDRANTE (C) (Prioridade: 2 - Média);1CIA IND/2CIA/1PEL(PASSOS);ASL06087;Não;Não;Não;BOLETIM DE OCORRENCIA;Classificada;25/10/2025 10:23;Não
2025-42154095-0;(BM) 2025-049372319-001;24/10/2025 13:12;PRACA PRAÇA DERVAL RAMOS FILHO, Nº S/N - IBIRACI;;;P01003 - VISTORIA EM EVENTOS TEMPORARIOS (C) (Prioridade: 1 - Alta);1CIA IND/2CIA/1PEL(PASSOS);ASL07161;Não;Não;Não;BOLETIM DE OCORRENCIA;Classificada;25/10/2025 10:23;Não
2025-42155891-1;(BM) 2025-049377155-001;24/10/2025 14:57;RUA JOAO JACINTO DA SILVA, Nº 805 - ROSARIO - IBIRACI;-204.674.688;-471.184.517;P02001 - VISTORIA EM HIDRANTE (C) (Prioridade: 2 - Média);1CIA IND/2CIA/1PEL(PASSOS);ASL07161;Não;Não;Não;BOLETIM DE OCORRENCIA;Classificada;25/10/2025 10:23;Não
2025-42157114-0;(BM) 2025-049403534-001;24/10/2025 16:03;RUA DOUTOR CARVALHO, Nº 1455 - NOSSA SENHORA DAS GRAÇAS - PASSOS;-207.352.269;-466.037.303;Q03999 - OUTROS TIPOS DE TREINAMENTO (C) (Prioridade: 2 - Média);1CIA IND/2CIA/1PEL(PASSOS);BM1525005;Não;Não;Não;BOLETIM DE OCORRENCIA;Classificada;25/10/2025 10:23;Não
2025-42160167-4;(BM) 2025-049438611-001;24/10/2025 18:55;SITIO PSS0899 - PRIMAVERA, Nº S/N - PASSOS;-206.561.098;-466.033.895;O02036 - INCENDIO EM AMONTOADO DE MADEIRA (C) (Prioridade: 2 - Média);1CIA IND/2CIA/1PEL(PASSOS);VOB00480;Não;Não;Não;BOLETIM DE OCORRENCIA;Classificada;25/10/2025 10:23;Não
2025-42161487-0;(BM) 2025-049442910-001;24/10/2025 20:13;RODOVIA 23 KM DO PRESIDIO SENTIDO BOM JESUS - PASSOS;;;O04014 - INCENDIO AS MARGENS DE RODOVIA (C) (Prioridade: 2 - Média);1CIA IND/2CIA/1PEL(PASSOS);VOB00480;Não;Não;Não;BOLETIM DE OCORRENCIA;Classificada;25/10/2025 10:23;Não
2025-42164616-8;(BM) 2025-049468410-001;24/10/2025 23:24;RUA IBIRACI, Nº 37 - PENHA - PASSOS;-207.140.575;-466.236.328;S04012 - BUSCA E SALVAMENTO EM LOCAL DE DIFICIL ACESSO (C) (Prioridade: 1 - Alta);1CIA IND/2CIA/1PEL(PASSOS);ASL06087;Não;Não;Não;BOLETIM DE OCORRENCIA;Classificada;25/10/2025 10:23;Não
2025-42168335-0;(BM) 2025-049492188-001;25/10/2025 07:28;RUA DOUTOR CARVALHO, Nº 1455 - NOSSA SENHORA DAS GRAÇAS - PASSOS;-207.352.269;-466.037.303;S04014 - SALVAMENTO DE PESSOA COM OBJETO PRESO AO CORPO (C) (Prioridade: 1 - Alta);1CIA IND/2CIA/1PEL(PASSOS);BM1551159;Não;Não;Não;BOLETIM DE OCORRENCIA;Classificada;25/10/2025 10:24;Não
2025-42168343-9;(BM) 2025-049505239-001;25/10/2025 07:32;AVENIDA SABIA, Nº 750 - MUARAMA 2 - PASSOS;-207.353.885;-466.132.902;O04013 - INCENDIO EM PASTO (C) (Prioridade: 2 - Média);1CIA IND/2CIA/1PEL(PASSOS);VOB00480;Não;Não;Não;BOLETIM DE OCORRENCIA;Classificada;26/10/2025 07:12;Não
2025-42169264-0;(BM) 2025-049554019-001;25/10/2025 09:26;RUA DOUTOR CARVALHO, Nº 1455 - NOSSA SENHORA DAS GRAÇAS - PASSOS;-207.352.269;-466.037.303;Q03004 - TREINAMENTO DE SALVAMENTO EM ALTURA (C) (Prioridade: 2 - Média);1CIA IND/2CIA/1PEL(PASSOS);BM1224443;Não;Não;Não;BOLETIM DE OCORRENCIA;Classificada;26/10/2025 07:12;Não
2025-42169799-7;(BM) 2025-049505122-001;25/10/2025 10:22;RUA FORMIGA, Nº S/N - MARIO MAGALHAES - PASSOS;-207.259.568;-466.127.797;P02001 - VISTORIA EM HIDRANTE (C) (Prioridade: 2 - Média);1CIA IND/2CIA/1PEL(PASSOS);VOB00480;Não;Não;Não;BOLETIM DE OCORRENCIA;Classificada;26/10/2025 07:12;Não
2025-42169910-2;(BM) 2025-049505724-001;25/10/2025 10:28;AVENIDA JOSE CAETANO DE ANDRADE, Nº S/N - MUARAMA - PASSOS;-207.301.976;-466.154.665;P02001 - VISTORIA EM HIDRANTE (C) (Prioridade: 2 - Média);1CIA IND/2CIA/1PEL(PASSOS);VOB00480;Não;Não;Não;BOLETIM DE OCORRENCIA;Classificada;26/10/2025 07:12;Não
2025-42169988-0;(BM) 2025-049506590-001;25/10/2025 10:38;AVENIDA OTTO KRAKAUER, Nº 914 - SANTA CASA - PASSOS;-207.113.149;-466.112.597;P02001 - VISTORIA EM HIDRANTE (C) (Prioridade: 2 - Média);1CIA IND/2CIA/1PEL(PASSOS);VOB00480;Não;Não;Não;BOLETIM DE OCORRENCIA;Classificada;26/10/2025 07:12;Não
2025-42170138-2;(BM) 2025-049507896-001;25/10/2025 10:51;PRACA NOSSA SENHORA DA PENHA, Nº S/N - PENHA - PASSOS;-20.714.946;-46.625.907;P02001 - VISTORIA EM HIDRANTE (C) (Prioridade: 2 - Média);1CIA IND/2CIA/1PEL(PASSOS);VOB00480;Não;Não;Não;BOLETIM DE OCORRENCIA;Classificada;26/10/2025 07:12;Não
2025-42170308-0;(BM) 2025-049509657-001;25/10/2025 11:07;RUA GUAPE, Nº 1128 - RESIDENCIAL PORTAL DAS PALMEIRAS - PASSOS;-206.965.607;-466.108.352;R01999 - OUTROS TIPOS DE ACOES DE APOIO A COMUNIDADE   (C) (Prioridade: 2 - Média);1CIA IND/2CIA/1PEL(PASSOS);VOB00480;Não;Não;Não;BOLETIM DE OCORRENCIA;Classificada;26/10/2025 07:12;Não
2025-42171048-7;(BM) 2025-049516828-001;25/10/2025 12:33;RUA VENEZUELA, Nº S/N - POLIVALENTE - PASSOS;-207.022.211;-466.028.496;P02011 - VISTORIA EM ENXAME DE INSETOS (C) (Prioridade: 2 - Média);1CIA IND/2CIA/1PEL(PASSOS);ASL06087;Não;Não;Não;BOLETIM DE OCORRENCIA;Classificada;26/10/2025 07:12;Não
2025-42172298-0;;25/10/2025 14:26;LOGRADOURO DESCONHECIDO - POCOS DE CALDAS;;;V03003 - VITIMA DE AGRESSAO FISICA COM ARMA BRANCA (C) (Prioridade: 1 - Alta);1CIA IND (POCOS DE CALDAS);;Não;Não;Não;NÃO ATENDIDA: FALTA DE EFETIVO;Classificada;25/10/2025 14:26;Não
2025-42173866-6;(BM) 2025-049546276-001;25/10/2025 15:56;AVENIDA EXPEDICIONARIOS, Nº 186 - CENTRO - PASSOS;;;V03013 - VITIMA DE ELETROCUSSAO (C) (Prioridade: 1 - Alta);1CIA IND/2CIA/1PEL(PASSOS);UR04360 / VOB00480;Não;Não;Não;BOLETIM DE OCORRENCIA;Classificada;26/10/2025 07:12;Não
2025-42173974-9;;25/10/2025 16:01;RUA JOAO PINHEIRO / AVENIDA EXPEDICIONARIOS - CENTRO - PASSOS;-20.721.594;-466.062.872;W98011 - SOLICITACAO DE APOIO (C) (Prioridade: 1 - Alta);1CIA IND/2CIA/1PEL(PASSOS);;Não;Não;Não;DUPLICADA;Classificada;25/10/2025 16:20;Não
2025-42176632-1;;25/10/2025 18:42;RUA TRES, Nº S/N - CACHOEIRA DA LAJE - SAO JOSE DA BARRA;;;O04013 - INCENDIO EM PASTO (C) (Prioridade: 2 - Média);1CIA IND/2CIA/1PEL(PASSOS);;Não;Não;Não;DISPENSADA PELO SOLICITANTE;Classificada;25/10/2025 20:49;Não
2025-42179387-6;;25/10/2025 21:26;- parque primaveira, Nº S/N - POCOS DE CALDAS;;;O04008 - INCENDIO EM AREA RURAL NAO PROTEGIDA (C) (Prioridade: 2 - Média);1CIA IND (POCOS DE CALDAS);;Não;Não;Não;DUPLICADA;Classificada;25/10/2025 21:35;Não
2025-42183280-6;(BM) 2025-049616811-001;26/10/2025 00:54;RUA CARAMBOLA, Nº 383 - JARDIM SANTO ANTONIO - PASSOS;;;V01010 - VITIMA COM DOR TORACICA/SUSPEITA DE INFARTO (IAM) (C) (Prioridade: 1 - Alta);1CIA IND/2CIA/1PEL(PASSOS);UR04360;Não;Não;Não;BOLETIM DE OCORRENCIA;Classificada;26/10/2025 07:12;Não
2025-42185667-7;(BM) 2025-049634055-001;26/10/2025 06:26;RUA JOSE MARIANO NEGRINHO, Nº 424 - COHAB 5 - PASSOS;-207.181.969;-466.373.767;V03026 - VITIMA COM ENTORSE/ESTIRAMENTO/LUXACAO (C) (Prioridade: 1 - Alta);1CIA IND/2CIA/1PEL(PASSOS);UR04360;Não;Não;Não;BOLETIM DE OCORRENCIA;Classificada;26/10/2025 07:28;Não
2025-42186245-1;(BM) 2025-049637820-001;26/10/2025 08:02;RUA DOUTOR CARVALHO, Nº 1455 - NOSSA SENHORA DAS GRAÇAS - PASSOS;-207.352.269;-466.037.303;Q03017 - TREINAMENTO DE PRIMEIROS SOCORROS (C) (Prioridade: 2 - Média);1CIA IND/2CIA/1PEL(PASSOS);BM1206671;Não;Não;Não;BOLETIM DE OCORRENCIA;Classificada;27/10/2025 07:17;Não
2025-42186712-5;(BM) 2025-049640009-001;26/10/2025 09:00;RUA DOUTOR CARVALHO, Nº 1455 - NOSSA SENHORA DAS GRAÇAS - PASSOS;-207.352.269;-466.037.303;Q03005 - TREINAMENTO DE SALVAMENTO TERRESTRE (C) (Prioridade: 2 - Média);1CIA IND/2CIA/1PEL(PASSOS);BM1206671;Não;Não;Não;BOLETIM DE OCORRENCIA;Classificada;27/10/2025 07:17;Não
2025-42186997-7;(BM) 2025-049642681-001;26/10/2025 09:34;RUA MATOZINHOS, Nº 213 - PASSOS;-207.296.736;-466.319.981;V03018 - VITIMA DE QUEDA DA PROPRIA ALTURA (C) (Prioridade: 1 - Alta);1CIA IND/2CIA/1PEL(PASSOS);UR04360;Não;Não;Não;BOLETIM DE OCORRENCIA;Classificada;27/10/2025 07:18;Não
2025-42187228-8;(BM) 2025-049647509-001;26/10/2025 10:01;RUA DOUTOR CARVALHO, Nº 1455 - NOSSA SENHORA DAS GRAÇAS - PASSOS;-207.352.269;-466.037.303;V01018 - VITIMA DE MAL NAO DEFINIDO (DISTURBIO) (C) (Prioridade: 1 - Alta);1CIA IND/2CIA/1PEL(PASSOS);ASL06087;Não;Não;Não;BOLETIM DE OCORRENCIA;Classificada;27/10/2025 07:18;Não
2025-42188888-2;(BM) 2025-049657805-001;26/10/2025 13:01;RUA ANTONIO CELESTINO, Nº 909 - CENTRO - PASSOS;-207.134.344;-466.084.749;P03009 - PREVENCAO EM PONTO-BASE / FERIADOS PROLONGADOS (C) (Prioridade: 2 - Média);1CIA IND/2CIA/1PEL(PASSOS);UR04360;Não;Não;Não;BOLETIM DE OCORRENCIA;Classificada;27/10/2025 07:17;Não
2025-42190347-5;(BM) 2025-049683045-001;26/10/2025 14:56;RUA LAVRAS, Nº 288 - FURNAS - SAO JOSE DA BARRA;-20.679.014;-463.342.384;S02007 - BUSCA E RECUPERACAO DE EQUIPAMENTOS / BENS SUBMERSOS (C) (Prioridade: 2 - Média);1CIA IND/2CIA/1PEL(PASSOS);ASL06087;Não;Não;Não;BOLETIM DE OCORRENCIA;Classificada;27/10/2025 07:17;Não
2025-42190806-0;(BM) 2025-049691368-001;26/10/2025 15:22;RUA SEBASTIAO PINTO COELHO, Nº 71 - MIRANTE DO VALE - PASSOS;-207.234.684;-46.580.079;S06001 - SALVAMENTO DE ANIMAL EM RISCO / PERIGO (C) (Prioridade: 2 - Média);1CIA IND/2CIA/1PEL(PASSOS);VOB00480;Não;Não;Não;BOLETIM DE OCORRENCIA;Classificada;27/10/2025 07:17;Não
2025-42194245-7;(BM) 2025-049716244-001;26/10/2025 18:53;RUA TURQUESA, Nº 1899 - ACLIMACAO - PASSOS;-207.549.902;-465.967.695;S06002 - CAPTURA DE ANIMAL SILVESTRE PERIGOSO / AGRESSIVO (C) (Prioridade: 2 - Média);1CIA IND/2CIA/1PEL(PASSOS);ASL06087;Não;Não;Não;BOLETIM DE OCORRENCIA;Classificada;27/10/2025 07:17;Não
2025-42194356-8;;26/10/2025 18:59;RUA RIO TIETE / RUA GUANABARA - SANTA LUZIA - PASSOS;-207.061.332;-465.992.107;V03003 - VITIMA DE AGRESSAO FISICA COM ARMA BRANCA (C) (Prioridade: 1 - Alta);1CIA IND/2CIA/1PEL(PASSOS);UR04360;Não;Não;Não;NÃO ATENDIDA: FALTA DE EFETIVO;Classificada;26/10/2025 20:00;Não
2025-42194621-7;(BM) 2025-049717866-001;26/10/2025 19:13;RUA DOUTOR CARVALHO, Nº 1561 - BELO HORIZONTE - PASSOS;-207.329.352;-466.040.812;V01018 - VITIMA DE MAL NAO DEFINIDO (DISTURBIO) (C) (Prioridade: 1 - Alta);1CIA IND/2CIA/1PEL(PASSOS);UR04360;Não;Não;Não;BOLETIM DE OCORRENCIA;Classificada;27/10/2025 07:19;Não
2025-42195468-7;(BM) 2025-049715867-001;26/10/2025 20:05;RUA PIRAPORA, Nº S/N - NOSSA SENHORA DE FATIMA - PASSOS;-206.995.844;-46.615.761;P02001 - VISTORIA EM HIDRANTE (C) (Prioridade: 2 - Média);1CIA IND/2CIA/1PEL(PASSOS);ASL06087;Não;Não;Não;BOLETIM DE OCORRENCIA;Classificada;27/10/2025 07:18;Não
2025-42195778-4;(BM) 2025-049715813-001;26/10/2025 20:24;AVENIDA PROJETADA, Nº S/N - JARDIM FLORENCA - PASSOS;-206.924.763;-466.115.051;P02001 - VISTORIA EM HIDRANTE (C) (Prioridade: 2 - Média);1CIA IND/2CIA/1PEL(PASSOS);ASL06087;Não;Não;Não;BOLETIM DE OCORRENCIA;Classificada;27/10/2025 07:18;Não
2025-42196062-8;(BM) 2025-049717838-001;26/10/2025 20:40;AVENIDA PROJETADA, Nº S/N - JARDIM FLORENCA - PASSOS;-206.924.763;-466.115.051;P02001 - VISTORIA EM HIDRANTE (C) (Prioridade: 2 - Média);1CIA IND/2CIA/1PEL(PASSOS);ASL06087;Não;Não;Não;BOLETIM DE OCORRENCIA;Classificada;27/10/2025 07:18;Não
2025-42196405-2;(BM) 2025-049741824-001;26/10/2025 21:01;RUA ETIOPIA, Nº 233 - CENTRO - PASSOS;-207.207.806;-46.603.572;P02001 - VISTORIA EM HIDRANTE (C) (Prioridade: 2 - Média);1CIA IND/2CIA/1PEL(PASSOS);ASL06087;Não;Não;Não;BOLETIM DE OCORRENCIA;Classificada;27/10/2025 07:18;Não
2025-42197136-8;(BM) 2025-049738680-001;26/10/2025 21:48;RUA PADRE PIRES, Nº 339 - SAO FRANCISCO - PASSOS;-207.275.195;-466.200.985;V01013 - VITIMA DE EMERGENCIAS PSIQUIATRICAS (C) (Prioridade: 1 - Alta);1CIA IND/2CIA/1PEL(PASSOS);UR04360;Não;Não;Não;BOLETIM DE OCORRENCIA;Classificada;27/10/2025 07:47;Não
2025-42201238-5;(BM) 2025-049761957-001;27/10/2025 07:23;RUA DOUTOR SEPULVEDA, Nº S/N - SANTA CASA - PASSOS;-207.105.701;-466.129.292;X03000 - EMPENHO ADMINISTRATIVO (C) (Prioridade: 2 - Média);1CIA IND/2CIA/PEL PREV E VIST(PASSOS);ASL00063;Não;Não;Não;BOLETIM DE OCORRENCIA;Classificada;31/10/2025 06:07;Não
2025-42201408-3;(BM) 2025-049763915-001;27/10/2025 07:41;RUA TURQUESA, Nº 1367 - PASSOS;-207.381.155;-465.771.518;S06004 - CAPTURA DE OUTROS ANIMAIS DOMESTICOS PERIGOSOS / AGRESSIVOS (C) (Prioridade: 2 - Média);1CIA IND/2CIA/1PEL(PASSOS);VOB00480;Não;Não;Não;BOLETIM DE OCORRENCIA;Classificada;28/10/2025 07:08;Não
2025-42203275-2;;27/10/2025 10:29;AVENIDA MODA, Nº S/N - PASSOS;;;V01003 - VITIMA COM CRISE CONVULSIVA (C) (Prioridade: 1 - Alta);1CIA IND/2CIA/1PEL(PASSOS);UR04360;Não;Não;Não;NADA CONSTATADO;Classificada;27/10/2025 11:03;Não
2025-42203914-0;(BM) 2025-049786058-001;27/10/2025 11:16;RUA DOUTOR CARVALHO, Nº 1455 - NOSSA SENHORA DAS GRAÇAS - PASSOS;-207.352.269;-466.037.303;Q05002 - PROJETO DE DIVULGACAO DA NATACAO (C) (Prioridade: 1 - Alta);1CIA IND/2CIA/1PEL(PASSOS);BM1787365;Não;Não;Não;BOLETIM DE OCORRENCIA;Classificada;11/11/2025 05:19;Não
2025-42204556-7;(BM) 2025-049792660-001;27/10/2025 12:18;RUA CRISTAIS, Nº S/N - FURNAS - SAO JOSE DA BARRA;-206.790.355;-46.330.929;Q03004 - TREINAMENTO DE SALVAMENTO EM ALTURA (C) (Prioridade: 2 - Média);1CIA IND/2CIA/1PEL(PASSOS);ASL06087;Não;Não;Não;BOLETIM DE OCORRENCIA;Classificada;28/10/2025 07:09;Não
2025-42207674-0;(BM) 2025-049912041-001;27/10/2025 15:40;RUA DOUTOR CARVALHO, Nº 1455 - NOSSA SENHORA DAS GRAÇAS - PASSOS;-207.352.269;-466.037.303;Q03005 - TREINAMENTO DE SALVAMENTO TERRESTRE (C) (Prioridade: 2 - Média);1CIA IND/2CIA/1PEL(PASSOS);BM1430719;Não;Não;Não;ATENDIDA PELO SAMU;Classificada;28/10/2025 07:09;Não
2025-42209127-8;(BM) 2025-049890394-001;27/10/2025 17:04;RUA TICO TICO, Nº 124 - SAO JOAO - PASSOS;-207.360.843;-466.079.991;V02203 - VITIMA DE CHOQUE DE AUTOMOVEL (CARRO / CAMINHONETE) (C) (Prioridade: 1 - Alta);1CIA IND/2CIA/1PEL(PASSOS);UR04360;Não;Não;Não;BOLETIM DE OCORRENCIA;Classificada;28/10/2025 07:09;Não
2025-42213373-8;;27/10/2025 21:35;RUA E, Nº 50 - CANTA GALO - CASSIA;-205.696.626;-469.286.301;O02001 - INCENDIO EM RESIDENCIA/HABITACAO UNIFAMILIAR (CASA) (C) (Prioridade: 1 - Alta);1CIA IND/2CIA/1PEL(PASSOS);VOB00480;Não;Não;Não;DISPENSADA PELO SOLICITANTE;Classificada;27/10/2025 23:38;Não
2025-42217240-6;;28/10/2025 07:43;RUA SEBASTIAO TEOFILO, Nº 581 - NOVA CALIFORNIA - PASSOS;-206.992.499;-466.238.321;S06001 - SALVAMENTO DE ANIMAL EM RISCO / PERIGO (C) (Prioridade: 2 - Média);1CIA IND/2CIA/1PEL(PASSOS);ASL06087;Não;Não;Não;DISPENSADA PELO SOLICITANTE;Classificada;28/10/2025 08:03;Não
2025-42217623-5;(BM) 2025-049917410-001;28/10/2025 08:22;RUA ARISTEU INACIO ANDRADE ROSA, Nº 46 - JARDIM CANADA - PASSOS;-207.481;-466.082.058;V01023 - VITIMA DE SINCOPE (DESMAIO)/VERTIGEM (C) (Prioridade: 1 - Alta);1CIA IND/2CIA/1PEL(PASSOS);UR04360;Não;Não;Não;BOLETIM DE OCORRENCIA;Classificada;29/10/2025 07:35;Não
2025-42218027-4;(BM) 2025-049955244-001;28/10/2025 09:03;RUA DOUTOR CARVALHO, Nº 1455 - NOSSA SENHORA DAS GRAÇAS - PASSOS;-207.352.269;-466.037.303;Q05002 - PROJETO DE DIVULGACAO DA NATACAO (C) (Prioridade: 1 - Alta);1CIA IND/2CIA/1PEL(PASSOS);BM1787357;Não;Não;Não;BOLETIM DE OCORRENCIA;Classificada;29/10/2025 07:35;Não
2025-42220934-3;(BM) 2025-049955940-001;28/10/2025 13:06;RUA DOUTOR CARVALHO, Nº 1455 - NOSSA SENHORA DAS GRAÇAS - PASSOS;-207.352.269;-466.037.303;Q03999 - OUTROS TIPOS DE TREINAMENTO (C) (Prioridade: 2 - Média);1CIA IND/2CIA/1PEL(PASSOS);BM1525005;Não;Não;Não;BOLETIM DE OCORRENCIA;Classificada;29/10/2025 07:33;Não
2025-42221000-6;(BM) 2025-049957739-001;28/10/2025 13:11;PRACA MONSENHOR MESSIAS BRAGANCA, Nº 50 - CENTRO - PASSOS;-207.178.905;-466.097.885;V01002 - VITIMA COM CEFALEIA AGUDA / ENXAQUECA (C) (Prioridade: 1 - Alta);1CIA IND/2CIA/1PEL(PASSOS);UR04360;Não;Não;Não;BOLETIM DE OCORRENCIA;Classificada;29/10/2025 07:35;Não
2025-42221025-7;(BM) 2025-049957873-001;28/10/2025 13:14;RUA GUAPE, Nº 805 - SAO JOSE DA BARRA;-206.816.197;-463.339.749;P02001 - VISTORIA EM HIDRANTE (C) (Prioridade: 2 - Média);1CIA IND/2CIA/1PEL(PASSOS);ASL06087;Não;Não;Não;BOLETIM DE OCORRENCIA;Classificada;29/10/2025 07:33;Não
2025-42221060-8;(BM) 2025-049957438-001;28/10/2025 13:15;AVENIDA DOS INDUSTRIAIS, Nº 255 - MONSENHOR MESSIAS - PASSOS;-207.380.433;-465.983.271;P01002 - VISTORIA DE LIBERACAO / EMISSAO DE AVCB (C) (Prioridade: 2 - Média);1CIA IND/2CIA/PEL PREV E VIST(PASSOS);APV06243;Não;Não;Não;BOLETIM DE OCORRENCIA;Classificada;29/10/2025 07:34;Não
2025-42221242-5;;28/10/2025 13:30;RUA MOGIANA, Nº S/N - PARQUE DA ESTACAO - PASSOS;-207.075.521;-466.105.246;W06000 - TESTE (C) (Prioridade: 3 - Baixa);1CIA IND/2CIA/1PEL(PASSOS);;Não;Não;Não;TESTE;Classificada;28/10/2025 13:38;Não
2025-42221358-0;(BM) 2025-049970058-001;28/10/2025 13:40;RUA MOGIANA, Nº S/N - PARQUE DA ESTACAO - PASSOS;-207.075.521;-466.105.246;Q03009 - TREINAMENTO DE ATENDIMENTO EM ACIDENTES DE MASSA (C) (Prioridade: 2 - Média);1CIA IND/2CIA/1PEL(PASSOS);UR04360;Não;Não;Não;BOLETIM DE OCORRENCIA;Classificada;29/10/2025 07:34;Não
2025-42221510-2;(BM) 2025-050050379-001;28/10/2025 13:52;RUA GUAPE, Nº 513 - SAO JOSE DA BARRA;-206.828.147;-463.343.153;P02001 - VISTORIA EM HIDRANTE (C) (Prioridade: 2 - Média);1CIA IND/2CIA/1PEL(PASSOS);ASL06087;Não;Não;Não;BOLETIM DE OCORRENCIA;Classificada;29/10/2025 07:34;Não
2025-42221683-0;(BM) 2025-050095830-001;28/10/2025 14:07;RUA PERDOES, Nº S/N - SAO JOSE DA BARRA;-206.980.704;-463.382.021;P02001 - VISTORIA EM HIDRANTE (C) (Prioridade: 2 - Média);1CIA IND/2CIA/1PEL(PASSOS);ASL06087;Não;Não;Não;BOLETIM DE OCORRENCIA;Classificada;29/10/2025 07:34;Não
2025-42221820-0;(BM) 2025-049964834-001;28/10/2025 14:20;RUA BRASIEL FERREIRA AMORIM, Nº 765 - UNIVERSITARIO - ITAU DE MINAS;-207.462.276;-467.585.136;P01002 - VISTORIA DE LIBERACAO / EMISSAO DE AVCB (C) (Prioridade: 2 - Média);1CIA IND/2CIA/PEL PREV E VIST(PASSOS);APV06243;Não;Não;Não;BOLETIM DE OCORRENCIA;Classificada;29/10/2025 07:34;Não
2025-42221828-1;(BM) 2025-050079264-001;28/10/2025 14:21;RUA CAPITAO JOAQUIM BENTO, Nº 520 - ALPINOPOLIS;-208.642.863;-46.381.339;P02001 - VISTORIA EM HIDRANTE (C) (Prioridade: 2 - Média);1CIA IND/2CIA/1PEL(PASSOS);ASL06087;Não;Não;Não;BOLETIM DE OCORRENCIA;Classificada;29/10/2025 07:34;Não
2025-42221980-6;(BM) 2025-049966216-001;28/10/2025 14:34;RUA DOUTOR CARVALHO, Nº 1455 - NOSSA SENHORA DAS GRAÇAS - PASSOS;-207.352.269;-466.037.303;Q05002 - PROJETO DE DIVULGACAO DA NATACAO (C) (Prioridade: 1 - Alta);1CIA IND/2CIA/PEL PREV E VIST(PASSOS);BM1797554;Não;Não;Não;BOLETIM DE OCORRENCIA;Classificada;29/10/2025 07:35;Não
2025-42222307-4;(BM) 2025-049970230-001;28/10/2025 14:49;AVENIDA GOVERNADOR VALADARES, Nº 787 - ALPINOPOLIS;-208.636.417;-46.384.967;P02001 - VISTORIA EM HIDRANTE (C) (Prioridade: 2 - Média);1CIA IND/2CIA/1PEL(PASSOS);ASL06087;Não;Não;Não;BOLETIM DE OCORRENCIA;Classificada;29/10/2025 07:34;Não
2025-42222454-9;(BM) 2025-049971955-001;28/10/2025 14:56;RUA QUIRINO DOS REIS, Nº S/N - JARDIM DO TREVO - ALPINOPOLIS;-208.624.079;-463.858.225;P02001 - VISTORIA EM HIDRANTE (C) (Prioridade: 2 - Média);1CIA IND/2CIA/1PEL(PASSOS);ASL06087;Não;Não;Não;BOLETIM DE OCORRENCIA;Classificada;29/10/2025 07:34;Não
2025-42222579-4;(BM) 2025-049974281-001;28/10/2025 15:05;RUA SANTISSIMA TRINDADE, Nº S/N - CLUBE ESPORTIVO ALPINOPOLENSE - ALPINOPOLIS;-208.620.969;-463.952.153;P02001 - VISTORIA EM HIDRANTE (C) (Prioridade: 2 - Média);1CIA IND/2CIA/1PEL(PASSOS);ASL06087;Não;Não;Não;BOLETIM DE OCORRENCIA;Classificada;29/10/2025 07:34;Não
2025-42223030-8;(BM) 2025-049978461-001;28/10/2025 15:29;AVENIDA BENEDITO DAMASCENO DA SILVA, Nº 76 - ITAU DE MINAS;-207.451.151;-467.461.311;P02001 - VISTORIA EM HIDRANTE (C) (Prioridade: 2 - Média);1CIA IND/2CIA/PEL PREV E VIST(PASSOS);APV06243;Não;Não;Não;BOLETIM DE OCORRENCIA;Classificada;29/10/2025 07:34;Não
2025-42223077-1;(BM) 2025-049979741-001;28/10/2025 15:34;RUA DUDUCA VILELA, Nº 4 - JARDIM AMERICA - CARMO DO RIO CLARO;-209.738.405;-461.229.963;P02001 - VISTORIA EM HIDRANTE (C) (Prioridade: 2 - Média);1CIA IND/2CIA/1PEL(PASSOS);ASL06087;Não;Não;Não;BOLETIM DE OCORRENCIA;Classificada;29/10/2025 07:34;Não
2025-42223271-4;(BM) 2025-049981227-001;28/10/2025 15:49;RUA CAMILO ASCHAR, Nº 355 - CENTRO - CARMO DO RIO CLARO;-209.711.471;-461.189.651;P02001 - VISTORIA EM HIDRANTE (C) (Prioridade: 2 - Média);1CIA IND/2CIA/1PEL(PASSOS);ASL06087;Não;Não;Não;BOLETIM DE OCORRENCIA;Classificada;29/10/2025 07:34;Não
2025-42223314-5;(BM) 2025-049981963-001;28/10/2025 15:52;PRACA MONSENHOR ERNESTO CAVICHIOLLI, Nº 340 - CENTRO - ITAU DE MINAS;-207.391.167;-46.751.799;P02001 - VISTORIA EM HIDRANTE (C) (Prioridade: 2 - Média);1CIA IND/2CIA/PEL PREV E VIST(PASSOS);APV06243;Não;Não;Não;BOLETIM DE OCORRENCIA;Classificada;29/10/2025 07:34;Não
2025-42223596-9;(BM) 2025-049985567-001;28/10/2025 16:10;RUA PADRE ENIO ROMAGNOLI, Nº 204 - CARMO DO RIO CLARO;-20.966.358;-461.178.171;P02001 - VISTORIA EM HIDRANTE (C) (Prioridade: 2 - Média);1CIA IND/2CIA/1PEL(PASSOS);ASL06087;Não;Não;Não;BOLETIM DE OCORRENCIA;Classificada;29/10/2025 07:34;Não
2025-42223694-8;(BM) 2025-049986715-001;28/10/2025 16:15;PRACA MONSENHOR ERNESTO CAVICHIOLLI, Nº 340 - CENTRO - ITAU DE MINAS;-207.391.167;-46.751.799;P02001 - VISTORIA EM HIDRANTE (C) (Prioridade: 2 - Média);1CIA IND/2CIA/PEL PREV E VIST(PASSOS);APV06243;Não;Não;Não;BOLETIM DE OCORRENCIA;Classificada;29/10/2025 07:34;Não
2025-42223813-5;(BM) 2025-049987882-001;28/10/2025 16:21;RUA senhor vicente alves de morais, Nº 10 - ITAU DE MINAS;;;P02001 - VISTORIA EM HIDRANTE (C) (Prioridade: 2 - Média);1CIA IND/2CIA/PEL PREV E VIST(PASSOS);APV06243;Não;Não;Não;BOLETIM DE OCORRENCIA;Classificada;29/10/2025 07:35;Não
2025-42223834-5;(BM) 2025-049988216-001;28/10/2025 16:22;RUA CORONEL JOAQUIM ANTONIO DE CARVALHO, Nº S/N - JARDIM PLANALTO II - CARMO DO RIO CLARO;-209.629.617;-46.118.882;P02001 - VISTORIA EM HIDRANTE (C) (Prioridade: 2 - Média);1CIA IND/2CIA/1PEL(PASSOS);ASL06087;Não;Não;Não;BOLETIM DE OCORRENCIA;Classificada;29/10/2025 07:35;Não
2025-42223908-0;(BM) 2025-049989236-001;28/10/2025 16:26;AVENIDA BENEDITO DAMASCENO DA SILVA, Nº 73 - MARIA PARREIRA - ITAU DE MINAS;-207.448.862;-467.463.949;P02001 - VISTORIA EM HIDRANTE (C) (Prioridade: 2 - Média);1CIA IND/2CIA/PEL PREV E VIST(PASSOS);APV06243;Não;Não;Não;BOLETIM DE OCORRENCIA;Classificada;29/10/2025 07:35;Não
2025-42223948-4;(BM) 2025-049989985-002;28/10/2025 16:29;RUA PROFESSORA ALDA SILVA, Nº S/N - JARDIM NOSSA SENHORA DO CARMO - CARMO DO RIO CLARO;-209.654.312;-461.136.557;P02001 - VISTORIA EM HIDRANTE (C) (Prioridade: 2 - Média);1CIA IND/2CIA/1PEL(PASSOS);ASL06087;Não;Não;Não;BOLETIM DE OCORRENCIA;Classificada;29/10/2025 07:35;Não
2025-42224287-0;(BM) 2025-049993695-001;28/10/2025 16:46;RUA RACHID DAVID, Nº S/N - PORTO RICO - CARMO DO RIO CLARO;-209.658.553;-461.265.412;P02001 - VISTORIA EM HIDRANTE (C) (Prioridade: 2 - Média);1CIA IND/2CIA/1PEL(PASSOS);ASL06087;Não;Não;Não;BOLETIM DE OCORRENCIA;Classificada;29/10/2025 07:35;Não
2025-42233036-0;(BM) 2025-050079929-001;29/10/2025 07:33;RUA BOTELHOS, Nº 1216 - COIMBRA - PASSOS;;;V01008 - VITIMA COM DOR ABDOMINAL (ABDOME AGUDO) (C) (Prioridade: 1 - Alta);1CIA IND/2CIA/1PEL(PASSOS);UR04360;Não;Não;Não;BOLETIM DE OCORRENCIA;Classificada;30/10/2025 07:27;Não
2025-42233494-5;(BM) 2025-050097920-001;29/10/2025 08:19;RUA DOUTOR CARVALHO, Nº 1455 - NOSSA SENHORA DAS GRAÇAS - PASSOS;-207.352.269;-466.037.303;Q03017 - TREINAMENTO DE PRIMEIROS SOCORROS (C) (Prioridade: 2 - Média);1CIA IND/2CIA/1PEL(PASSOS);BM1224443;Não;Não;Não;BOLETIM DE OCORRENCIA;Classificada;30/10/2025 07:26;Não
2025-42233510-0;(BM) 2025-050083591-001;29/10/2025 08:20;RUA DOUTOR CARVALHO, Nº 1410 - NOSSA SENHORA DAS GRAÇAS - PASSOS;-207.351.364;-466.042.024;S06002 - CAPTURA DE ANIMAL SILVESTRE PERIGOSO / AGRESSIVO (C) (Prioridade: 2 - Média);1CIA IND/2CIA/1PEL(PASSOS);BM1637099;Não;Não;Não;BOLETIM DE OCORRENCIA;Classificada;30/10/2025 07:26;Não
2025-42233915-1;(BM) 2025-050086331-001;29/10/2025 08:57;RUA DOUTOR CARVALHO, Nº 1455 - NOSSA SENHORA DAS GRAÇAS - PASSOS;-207.352.269;-466.037.303;Q05002 - PROJETO DE DIVULGACAO DA NATACAO (C) (Prioridade: 1 - Alta);1CIA IND/2CIA/1PEL(PASSOS);BM1787365;Não;Não;Não;BOLETIM DE OCORRENCIA;Classificada;30/10/2025 07:27;Não
2025-42235037-4;(BM) 2025-050100443-001;29/10/2025 10:21;AVENIDA JUCA STOCKLER, Nº 1530 - NOSSA SENHORA DAS GRAÇAS - PASSOS;-207.365.885;-466.027.501;P02001 - VISTORIA EM HIDRANTE (C) (Prioridade: 2 - Média);1CIA IND/2CIA/PEL PREV E VIST(PASSOS);BM1636356;Não;Não;Não;BOLETIM DE OCORRENCIA;Classificada;30/10/2025 07:27;Não
2025-42235525-8;(BM) 2025-050119374-001;29/10/2025 11:03;RUA VEREADOR ANTONIO CAETANO ANDRADE, Nº 341 - COHAB 5 - PASSOS;-207.186.764;-466.383.116;S06003 - CAPTURA DE CAO PERIGOSO / AGRESSIVO (C) (Prioridade: 2 - Média);1CIA IND/2CIA/1PEL(PASSOS);ASL06087;Não;Não;Não;BOLETIM DE OCORRENCIA;Classificada;30/10/2025 07:27;Não
2025-42236226-2;;29/10/2025 12:01;RUA DESCONHECIDO - POCOS DE CALDAS;;;V01003 - VITIMA COM CRISE CONVULSIVA (C) (Prioridade: 1 - Alta);1CIA IND (POCOS DE CALDAS);;Não;Não;Não;NÃO ATENDIDA: FALTA DE EFETIVO;Classificada;29/10/2025 12:01;Não
2025-42236349-2;(BM) 2025-050119230-001;29/10/2025 12:12;RUA NEBRASKA, Nº S/N - RESIDENCIAL ELDORADO - PASSOS;-207.307.933;-466.232.401;S06002 - CAPTURA DE ANIMAL SILVESTRE PERIGOSO / AGRESSIVO (C) (Prioridade: 2 - Média);1CIA IND/2CIA/1PEL(PASSOS);ASL06087;Não;Não;Não;BOLETIM DE OCORRENCIA;Classificada;30/10/2025 07:27;Não
2025-42236422-0;(BM) 2025-050119318-001;29/10/2025 12:20;RUA BOIADEIROS, Nº 128 - CANDEIAS - PASSOS;-207.232.913;-466.167.679;V01018 - VITIMA DE MAL NAO DEFINIDO (DISTURBIO) (C) (Prioridade: 1 - Alta);1CIA IND/2CIA/1PEL(PASSOS);UR04360;Não;Não;Não;BOLETIM DE OCORRENCIA;Classificada;30/10/2025 07:27;Não
2025-42240207-1;(BM) 2025-050177064-001;29/10/2025 16:17;RUA JOSE BELMIRO LIMA, Nº 87 - RESIDENCIAL MONTE BELO - PASSOS;-207.291.227;-465.844.146;P02011 - VISTORIA EM ENXAME DE INSETOS (C) (Prioridade: 2 - Média);1CIA IND/2CIA/1PEL(PASSOS);ASL06087;Não;Não;Não;BOLETIM DE OCORRENCIA;Classificada;30/10/2025 07:27;Não
2025-42243452-1;(BM) 2025-050196781-001;29/10/2025 19:23;RUA SAO MIGUEL, Nº 397 - JARDIM PLANALTO - PASSOS;-20.720.016;-466.223.489;S06004 - CAPTURA DE OUTROS ANIMAIS DOMESTICOS PERIGOSOS / AGRESSIVOS (C) (Prioridade: 2 - Média);1CIA IND/2CIA/1PEL(PASSOS);ASL06087;Não;Não;Não;BOLETIM DE OCORRENCIA;Classificada;30/10/2025 07:27;Não
2025-42243831-0;(BM) 2025-050200844-001;29/10/2025 19:50;RUA MIGUEL ALCOCER, Nº S/N - VILA ROMANA - PASSOS;-207.432.841;-466.106.934;V03019 - VITIMA DE QUEDA DE ALTURA (C) (Prioridade: 1 - Alta);1CIA IND/2CIA/1PEL(PASSOS);UR04360;Não;Não;Não;BOLETIM DE OCORRENCIA;Classificada;30/10/2025 07:27;Não
2025-42244190-2;(BM) 2025-050203127-001;29/10/2025 20:13;RUA JOSE BELMIRO LIMA, Nº 87 - PASSOS;-207.291.227;-465.844.146;S06005 - CAPTURA DE INSETOS (C) (Prioridade: 2 - Média);1CIA IND/2CIA/1PEL(PASSOS);ASL06087;Não;Não;Não;BOLETIM DE OCORRENCIA;Classificada;30/10/2025 07:26;Não
2025-42250418-3;(BM) 2025-050261566-001;30/10/2025 08:59;RUA LAVRAS, Nº 288 - FURNAS - SAO JOSE DA BARRA;-20.679.014;-463.342.384;X03000 - EMPENHO ADMINISTRATIVO (C) (Prioridade: 2 - Média);1CIA IND/2CIA/1PEL(PASSOS);ASL06087;Não;Não;Não;BOLETIM DE OCORRENCIA;Classificada;31/10/2025 06:13;Não
2025-42250460-0;(BM) 2025-050261553-001;30/10/2025 09:03;RUA DOUTOR CARVALHO, Nº 1455 - NOSSA SENHORA DAS GRAÇAS - PASSOS;-207.352.269;-466.037.303;Q05002 - PROJETO DE DIVULGACAO DA NATACAO (C) (Prioridade: 1 - Alta);1CIA IND/2CIA/1PEL(PASSOS);BM1797331;Não;Não;Não;BOLETIM DE OCORRENCIA;Classificada;31/10/2025 06:08;Não
2025-42252698-2;(BM) 2025-050292686-001;30/10/2025 12:05;RODOVIA MG 050, Km 334 - PASSOS;-207.233.932;-464.046.505;V02409 - VITIMA DE COLISAO ENTRE AUTOMOVEL X CAMINHAO / CARRETA (C) (Prioridade: 1 - Alta);1CIA IND/2CIA/1PEL(PASSOS);UR04360;Não;Não;Não;BOLETIM DE OCORRENCIA;Classificada;31/10/2025 06:23;Não
2025-42253211-1;(BM) 2025-050297481-001;30/10/2025 12:55;AVENIDA PERIMETRAL, Nº 2960 - SAO FRANCISCO - PASSOS;;;O04013 - INCENDIO EM PASTO (C) (Prioridade: 2 - Média);1CIA IND/2CIA/1PEL(PASSOS);ASL07161;Não;Não;Não;BOLETIM DE OCORRENCIA;Classificada;31/10/2025 06:26;Não
2025-42253573-2;(BM) 2025-050298417-001;30/10/2025 13:25;RUA PARDAL, Nº 151 - NOSSA SENHORA DAS GRAÇAS - PASSOS;-20.735.899;-466.043.311;P01002 - VISTORIA DE LIBERACAO / EMISSAO DE AVCB (C) (Prioridade: 2 - Média);1CIA IND/2CIA/PEL PREV E VIST(PASSOS);APV06243;Não;Não;Não;BOLETIM DE OCORRENCIA;Classificada;31/10/2025 06:08;Não
2025-42254218-6;(BM) 2025-050314242-001;30/10/2025 14:09;RUA DOUTOR CARVALHO, Nº 1455 - NOSSA SENHORA DAS GRAÇAS - PASSOS;-207.352.269;-466.037.303;Q02009 - PALESTRA DE PRIMEIROS SOCORROS (C) (Prioridade: 2 - Média);1CIA IND/2CIA/PEL PREV E VIST(PASSOS);BM1636356;Não;Não;Não;BOLETIM DE OCORRENCIA;Classificada;31/10/2025 06:08;Não
2025-42258057-0;(BM) 2025-050356059-001;30/10/2025 17:44;RUA DOUTOR CARVALHO, Nº 2524 - SAO JOAQUIM - PASSOS;-207.435.296;-4.660.077;V02502 - VITIMA DE QUEDA (MOTOCICLISTA) (C) (Prioridade: 1 - Alta);1CIA IND/2CIA/1PEL(PASSOS);UR04360;Não;Não;Não;BOLETIM DE OCORRENCIA;Classificada;31/10/2025 06:23;Não
2025-42258610-4;(PM) 2025-050359732-002 / (BM) 2025-050359732-001;30/10/2025 18:16;RUA SEXTA CHAPADA, Nº 305 - BELO HORIZONTE - PASSOS;-207.269.487;-466.019.366;W03000 - SOLICITANTE ENCONTRADO - PROVIDENCIA DISPENSADA (C) (Prioridade: 3 - Baixa);1CIA IND/2CIA/1PEL(PASSOS);UR04360;Não;Não;Não;BOLETIM DE OCORRENCIA;Classificada;31/10/2025 06:23;Não
2025-42258913-6;(BM) 2025-050407695-001;30/10/2025 18:37;RUA CURITIBA, Nº 450 - JARDIM COLEGIO DE PASSOS - PASSOS;-207.188.649;-465.942.415;P02011 - VISTORIA EM ENXAME DE INSETOS (C) (Prioridade: 2 - Média);1CIA IND/2CIA/1PEL(PASSOS);ASL06087;Não;Não;Não;BOLETIM DE OCORRENCIA;Classificada;31/10/2025 06:13;Não
2025-42259547-5;(BM) 2025-050374888-001;30/10/2025 19:21;AVENIDA NACOES, Nº 199 - VILA RICA - PASSOS;;;V01025 - VITIMA DE USO / ABUSO / DEPENDENCIA DE DROGAS / ALCOOL (C) (Prioridade: 1 - Alta);1CIA IND/2CIA/1PEL(PASSOS);UR04360;Não;Não;Não;BOLETIM DE OCORRENCIA;Classificada;31/10/2025 06:23;Não
2025-42260599-6;(BM) 2025-050392394-001;30/10/2025 20:37;RUA DAVID BALDINI, Nº 748 - VILA RICA - PASSOS;-207.262.819;-465.993.178;V02408 - VITIMA DE COLISAO ENTRE AUTOMOVEL X MOTOCICLETA (C) (Prioridade: 1 - Alta);1CIA IND/2CIA/1PEL(PASSOS);UR04360;Não;Não;Não;BOLETIM DE OCORRENCIA;Classificada;31/10/2025 06:22;Não
2025-42262557-7;(BM) 2025-050402573-001;30/10/2025 23:07;RUA JOSE DELFRARO, Nº 293 - FLAMBOYANT - PASSOS;-20.755.864;-466.068.617;V01013 - VITIMA DE EMERGENCIAS PSIQUIATRICAS (C) (Prioridade: 1 - Alta);1CIA IND/2CIA/1PEL(PASSOS);UR04360;Não;Não;Não;BOLETIM DE OCORRENCIA;Classificada;31/10/2025 06:22;Não
2025-42265475-0;(BM) 2025-050423278-001;31/10/2025 08:20;AVENIDA QUEROBINO MOURAO FILHO, Nº 889 - BELA VISTA - PIUMHI;-204.622.914;-459.456.346;X03000 - EMPENHO ADMINISTRATIVO (C) (Prioridade: 2 - Média);1CIA IND/2CIA/COMANDANTE(PASSOS);BM1603695;Não;Não;Não;BOLETIM DE OCORRENCIA;Classificada;02/11/2025 07:33;Não
2025-42265544-1;(BM) 2025-050423644-001;31/10/2025 08:26;RUA DOUTOR CARVALHO, Nº 1455 - NOSSA SENHORA DAS GRAÇAS - PASSOS;-207.352.269;-466.037.303;Q03017 - TREINAMENTO DE PRIMEIROS SOCORROS (C) (Prioridade: 2 - Média);1CIA IND/2CIA/1PEL(PASSOS);BM1274612;Não;Não;Não;BOLETIM DE OCORRENCIA;Classificada;01/11/2025 05:32;Não
2025-42265666-9;(BM) 2025-050429171-001;31/10/2025 08:37;RUA RIO GRANDE DO NORTE, Nº 550 - BELA VISTA - PASSOS;-207.172.219;-465.957.956;V03018 - VITIMA DE QUEDA DA PROPRIA ALTURA (C) (Prioridade: 1 - Alta);1CIA IND/2CIA/1PEL(PASSOS);UR04360;Não;Não;Não;BOLETIM DE OCORRENCIA;Classificada;01/11/2025 05:32;Não
2025-42267948-1;(BM) 2025-050462670-001;31/10/2025 11:51;RUA BARTOLOMEU DE GUSMAO, Nº 64 - BELO HORIZONTE - PASSOS;-20.726.452;-466.063.983;V03018 - VITIMA DE QUEDA DA PROPRIA ALTURA (C) (Prioridade: 1 - Alta);1CIA IND/2CIA/1PEL(PASSOS);UR04360;Não;Não;Não;BOLETIM DE OCORRENCIA;Classificada;01/11/2025 05:32;Não
2025-42270017-5;(BM) 2025-050526932-001;31/10/2025 14:42;RUA DIAMANTE, Nº 1678 - ACLIMACAO - PASSOS;-207.539.964;-465.991.648;S06008 - CORTE DE ARVORE CAIDA EM VIA PUBLICA (C) (Prioridade: 2 - Média);1CIA IND/2CIA/1PEL(PASSOS);ASL06087;Não;Não;Não;BOLETIM DE OCORRENCIA;Classificada;01/11/2025 05:32;Não
2025-42270117-0;;31/10/2025 14:46;AVENIDA NACOES, Nº 850 - CONDOMÍNIO DAS NAÇÕES. - PASSOS;-207.288.915;-465.910.828;S06008 - CORTE DE ARVORE CAIDA EM VIA PUBLICA (C) (Prioridade: 2 - Média);1CIA IND/2CIA/1PEL(PASSOS);;Não;Não;Não;NADA CONSTATADO;Classificada;31/10/2025 15:53;Não
2025-42270915-0;(BM) 2025-050486534-001;31/10/2025 15:28;RUA BRASIEL FERREIRA AMORIM, Nº 765 - UNIVERSITARIO - ITAU DE MINAS;-207.462.276;-467.585.136;P01001 - VISTORIA DE FISCALIZACAO (C) (Prioridade: 2 - Média);1CIA IND/2CIA/PEL PREV E VIST(PASSOS);APV06243;Não;Não;Não;BOLETIM DE OCORRENCIA;Classificada;01/11/2025 05:32;Não
2025-42271310-5;(BM) 2025-050491509-001;31/10/2025 15:50;RUA GERALDO ALVES PEREIRA, Nº 289 - DISTRITO INDUSTRIAL 2 - PASSOS;-207.311.928;-466.480.298;P01001 - VISTORIA DE FISCALIZACAO (C) (Prioridade: 2 - Média);1CIA IND/2CIA/PEL PREV E VIST(PASSOS);APV06243;Não;Não;Não;BOLETIM DE OCORRENCIA;Classificada;01/11/2025 05:32;Não
2025-42272427-8;(BM) 2025-050509255-001;31/10/2025 16:54;RUA DOUTOR CARVALHO, Nº 1455 - NOSSA SENHORA DAS GRAÇAS - PASSOS;-207.352.269;-466.037.303;X03000 - EMPENHO ADMINISTRATIVO (C) (Prioridade: 2 - Média);1CIA IND/2CIA/1PEL(PASSOS);1193;Não;Não;Não;BOLETIM DE OCORRENCIA;Classificada;01/11/2025 05:32;Não
2025-42274664-4;(BM) 2025-050527021-001;31/10/2025 19:13;RODOVIA BR 146, Nº S/N - DISTRITO INDUSTRIAL 1 - PASSOS;-207.020.967;-465.895.427;S06008 - CORTE DE ARVORE CAIDA EM VIA PUBLICA (C) (Prioridade: 2 - Média);1CIA IND/2CIA/1PEL(PASSOS);ASL06087;Não;Não;Não;BOLETIM DE OCORRENCIA;Classificada;01/11/2025 05:32;Não
2025-42275374-0;;31/10/2025 20:03;RUA CLODOALDO FERREIRA DA SILVA, Nº 325 - ALTO DO GLORIA - SAO JOAO BATISTA GLORIA;-206.292.389;-465.072.191;O02038 - INCENDIO EM REDE ELETRICA / POSTE / CURTO-CIRCUITO (C) (Prioridade: 2 - Média);1CIA IND/2CIA/1PEL(PASSOS);;Não;Não;Não;NADA CONSTATADO;Classificada;31/10/2025 21:12;Não
2025-42275455-0;;31/10/2025 20:07;RUA CLODOALDO FERREIRA DA SILVA, Nº 325 - ALTO DO GLORIA - SAO JOAO BATISTA GLORIA;-206.292.389;-465.072.191;S06008 - CORTE DE ARVORE CAIDA EM VIA PUBLICA (C) (Prioridade: 2 - Média);1CIA IND/2CIA/1PEL(PASSOS);;Não;Não;Não;REPASSADA A OUTROS ÓRGAOS;Classificada;31/10/2025 21:12;Não
2025-42275884-6;(BM) 2025-050537895-001;31/10/2025 20:38;RUA LEQUE, Nº S/N - RESIDENCIAL PORTAL DAS PALMEIRAS - PASSOS;-206.979.662;-466.098.228;P02001 - VISTORIA EM HIDRANTE (C) (Prioridade: 2 - Média);1CIA IND/2CIA/1PEL(PASSOS);ASL07161;Não;Não;Não;BOLETIM DE OCORRENCIA;Classificada;01/11/2025 05:32;Não
