Nº chamada;Nº REDS;Data/hora de criação;Local do fato;Latitude  do local;Longitude do local;Natureza;Unidade Responsável;Recursos empenhados;Alerta;Destaque;Envolve autoridade;Tipo de classificação;Situação;Data/hora da situação atual;Evento associado
2023-27548149-5;(BM) 2023-020387356-001;01/05/2023 07:39;RODOVIA MG 050, Km 306 - CAPITOLIO;-206.541.637;-462.162.524;P03003 - PREVENCAO AQUATICA / OPERACAO VERANICO (C) (Prioridade: 2 - Média);1CIA IND/2CIA/1PEL(PASSOS);ASL00064;Não;Não;Não;BOLETIM DE OCORRENCIA;Classificada;02/05/2023 08:00;Não
2023-27549063-7;(BM) 2023-020395168-001;01/05/2023 09:41;AVENIDA COMENDADOR FRANCISCO A MAIA, Nº 3300 - MARIO MAGALHAES - PASSOS;-207.275.447;-466.107.271;V01007 - VITIMA COM DISPNEIA (FALTA DE AR) (C) (Prioridade: 1 - Alta);1CIA IND/2CIA/1PEL(PASSOS);UR04360;Não;Não;Não;BOLETIM DE OCORRENCIA;Classificada;02/05/2023 07:59;Não
2023-27549275-5;(BM) 2023-020397035-001;01/05/2023 10:05;RUA DOUTOR CARVALHO, Nº 1455 - NOSSA SENHORA DAS GRAÇAS - PASSOS;-207.352.269;-466.037.303;Q03005 - TREINAMENTO DE SALVAMENTO TERRESTRE (C) (Prioridade: 2 - Média);1CIA IND/2CIA/1PEL(PASSOS);BM1796358;Não;Não;Não;BOLETIM DE OCORRENCIA;Classificada;02/05/2023 08:00;Não
2023-27549506-6;(BM) 2023-020399389-001;01/05/2023 10:32;AVENIDA JUCA STOCKLER, Nº S/N - SAO JOAQUIM - PASSOS;-207.420.993;-46.600.964;P02003 - VISTORIA EM LOTE VAGO (C) (Prioridade: 2 - Média);1CIA IND/2CIA/1PEL(PASSOS);ABTS0495;Não;Não;Não;BOLETIM DE OCORRENCIA;Classificada;02/05/2023 08:00;Não
2023-27549643-7;(BM) 2023-020401483-001;01/05/2023 10:48;AVENIDA JUCA STOCKLER, Nº S/N - SAO JOAQUIM - PASSOS;-207.420.993;-46.600.964;P02003 - VISTORIA EM LOTE VAGO (C) (Prioridade: 2 - Média);1CIA IND/2CIA/1PEL(PASSOS);ABTS0495;Não;Não;Não;BOLETIM DE OCORRENCIA;Classificada;02/05/2023 08:00;Não
2023-27549647-8;(BM) 2023-020400814-001;01/05/2023 10:49;AVENIDA JUCA STOCKLER, Nº S/N - SAO JOAQUIM - PASSOS;-207.420.993;-46.600.964;P02003 - VISTORIA EM LOTE VAGO (C) (Prioridade: 2 - Média);1CIA IND/2CIA/1PEL(PASSOS);ABTS0495;Não;Não;Não;BOLETIM DE OCORRENCIA;Classificada;02/05/2023 08:00;Não
2023-27549698-9;(BM) 2023-020401455-001;01/05/2023 10:56;RUA JOAO TEIXEIRA MENDES, Nº S/N - FLAMBOYANT - PASSOS;-207.548.252;-466.033.392;P02003 - VISTORIA EM LOTE VAGO (C) (Prioridade: 2 - Média);1CIA IND/2CIA/1PEL(PASSOS);ABTS0495;Não;Não;Não;BOLETIM DE OCORRENCIA;Classificada;02/05/2023 08:00;Não
2023-27549751-0;(BM) 2023-020401680-001;01/05/2023 10:58;RUA ANA CANDIDA DE JESUS, Nº S/N - JARDIM CANADA - PASSOS;-207.510.973;-466.073.324;P02003 - VISTORIA EM LOTE VAGO (C) (Prioridade: 2 - Média);1CIA IND/2CIA/1PEL(PASSOS);ABTS0495;Não;Não;Não;BOLETIM DE OCORRENCIA;Classificada;02/05/2023 07:59;Não
2023-27549827-0;(BM) 2023-020409687-001;01/05/2023 11:07;RUA PEDRO TEIXEIRA MENDES, Nº 70 - JARDIM ITALIA - PASSOS;-207.457.618;-466.050.037;V01018 - VITIMA DE MAL NAO DEFINIDO (DISTURBIO) (C) (Prioridade: 1 - Alta);1CIA IND/2CIA/1PEL(PASSOS);UR04360;Não;Não;Não;BOLETIM DE OCORRENCIA;Classificada;02/05/2023 07:59;Não
2023-27553042-0;(BM) 2023-020445217-001;01/05/2023 15:58;RUA BUENOS AIRES, Nº 130 - CALIFORNIA - PASSOS;-207.073.742;-466.139.721;V01009 - VITIMA COM DOR NA COLUNA VERTEBRAL (COSTAS) (C) (Prioridade: 1 - Alta);1CIA IND/2CIA/1PEL(PASSOS);UR04360;Não;Não;Não;BOLETIM DE OCORRENCIA;Classificada;02/05/2023 07:59;Não
2023-27555300-5;(BM) 2023-020457105-001;01/05/2023 18:28;RODOVIA MG 050, Km 355 - PASSOS;-207.388.237;-466.163.847;V02301 - VITIMA DE CAPOTAMENTO DE AUTOMOVEL (CARRO / CAMINHONETE) (C) (Prioridade: 1 - Alta);1CIA IND/2CIA/1PEL(PASSOS);UR04360;Não;Não;Não;BOLETIM DE OCORRENCIA;Classificada;02/05/2023 07:59;Não
2023-27556872-4;(BM) 2023-020475057-001;01/05/2023 20:21;RODOVIA MG 050, Nº S/N - PASSOS;-207.371.492;-466.395.925;V02103 - VITIMA DE ATROPELAMENTO POR AUTOMOVEL (CARRO / CAMINHONETE) (C) (Prioridade: 1 - Alta);1CIA IND/2CIA/1PEL(PASSOS);UR04360;Não;Não;Não;BOLETIM DE OCORRENCIA;Classificada;02/05/2023 07:58;Não
2023-27558149-1;(BM) 2023-020487772-001;01/05/2023 22:01;AVENIDA EXPEDICIONARIOS, Nº 2743 - MIRANTE DO VALE - PASSOS;-207.263.907;-465.810.813;V01018 - VITIMA DE MAL NAO DEFINIDO (DISTURBIO) (C) (Prioridade: 1 - Alta);1CIA IND/2CIA/1PEL(PASSOS);UR04360;Não;Não;Não;BOLETIM DE OCORRENCIA;Classificada;02/05/2023 07:58;Não
2023-27561768-1;(BM) 2023-020516371-001;02/05/2023 07:56;AVENIDA AROUCA, Nº 600 - CENTRO - PASSOS;-207.181.694;-466.077.523;V01023 - VITIMA DE SINCOPE (DESMAIO)/VERTIGEM (C) (Prioridade: 1 - Alta);1CIA IND/2CIA/1PEL(PASSOS);UR04360;Não;Não;Não;BOLETIM DE OCORRENCIA;Classificada;03/05/2023 08:10;Não
2023-27561955-9;(BM) 2023-020517911-001;02/05/2023 08:13;RUA SETE DE SETEMBRO, Nº 722 - BELO HORIZONTE - PASSOS;-207.289.145;-466.069.449;S06001 - SALVAMENTO DE ANIMAL EM RISCO / PERIGO (C) (Prioridade: 2 - Média);1CIA IND/2CIA/1PEL(PASSOS);ASL00064;Não;Não;Não;BOLETIM DE OCORRENCIA;Classificada;03/05/2023 08:11;Não
2023-27562467-0;(BM) 2023-020524941-001;02/05/2023 09:00;RUA DOUTOR CARVALHO, Nº 1455 - NOSSA SENHORA DAS GRAÇAS - PASSOS;-207.352.269;-466.037.303;Q05002 - PROJETO DE DIVULGACAO DA NATACAO (C) (Prioridade: 1 - Alta);1CIA IND/2CIA/PEL PREV E VIST(PASSOS);BM1637305;Não;Não;Não;BOLETIM DE OCORRENCIA;Classificada;03/05/2023 08:10;Não
2023-27562667-0;(BM) 2023-020530440-001;02/05/2023 09:16;RUA CORONEL JOAO DE BARROS, Nº 554 - CENTRO - PASSOS;-207.220.444;-46.610.637;P01002 - VISTORIA DE LIBERACAO / EMISSAO DE AVCB (C) (Prioridade: 2 - Média);1CIA IND/2CIA/1PEL(PASSOS);ASL00064;Não;Não;Não;BOLETIM DE OCORRENCIA;Classificada;03/05/2023 08:11;Não
2023-27562957-0;(BM) 2023-020530503-001;02/05/2023 09:39;RUA TEREZA LIMA MAIA, Nº 567 - PASSOS;;;P01001 - VISTORIA DE FISCALIZACAO (C) (Prioridade: 2 - Média);1CIA IND/2CIA/1PEL(PASSOS);ASL00064;Não;Não;Não;BOLETIM DE OCORRENCIA;Classificada;03/05/2023 08:11;Não
2023-27563294-0;(BM) 2023-020533914-001;02/05/2023 10:05;RUA ITAJAI, Nº 361 - VILA RICA - PASSOS;-207.275.042;-46.594.676;P01001 - VISTORIA DE FISCALIZACAO (C) (Prioridade: 2 - Média);1CIA IND/2CIA/1PEL(PASSOS);ASL00064;Não;Não;Não;BOLETIM DE OCORRENCIA;Classificada;03/05/2023 08:11;Não
2023-27563615-1;(BM) 2023-020540158-001;02/05/2023 10:27;RUA ISBELA LEMOS DE MORAIS, Nº 20 - PASSOS;;;P01001 - VISTORIA DE FISCALIZACAO (C) (Prioridade: 2 - Média);1CIA IND/2CIA/1PEL(PASSOS);ASL00064;Não;Não;Não;BOLETIM DE OCORRENCIA;Classificada;03/05/2023 08:11;Não
2023-27563908-0;(BM) 2023-020541795-001;02/05/2023 10:50;RUA BOA VISTA, Nº S/N - PENHA - PASSOS;-207.148.272;-466.151.251;P02011 - VISTORIA EM ENXAME DE INSETOS (C) (Prioridade: 2 - Média);1CIA IND/2CIA/1PEL(PASSOS);ASL00064;Não;Não;Não;BOLETIM DE OCORRENCIA;Classificada;03/05/2023 08:11;Não
2023-27564764-7;(BM) 2023-020560631-001;02/05/2023 12:00;RUA PROFESSORA EUNICE S SILVEIRA, Nº 20 - COHAB 3 - PASSOS;-207.027.939;-4.662.808;V01018 - VITIMA DE MAL NAO DEFINIDO (DISTURBIO) (C) (Prioridade: 1 - Alta);1CIA IND/2CIA/1PEL(PASSOS);UR04360;Não;Não;Não;BOLETIM DE OCORRENCIA;Classificada;03/05/2023 08:10;Não
2023-27565517-3;(BM) 2023-020560917-001;02/05/2023 13:16;RUA GOIAS, Nº S/N - SANTA LUZIA - PASSOS;-207.077.147;-466.045.927;P02003 - VISTORIA EM LOTE VAGO (C) (Prioridade: 2 - Média);1CIA IND/2CIA/1PEL(PASSOS);ASL00064;Não;Não;Não;BOLETIM DE OCORRENCIA;Classificada;03/05/2023 08:11;Não
2023-27565556-5;(BM) 2023-020561112-001;02/05/2023 13:18;RUA GOIAS, Nº S/N - SANTA LUZIA - PASSOS;-207.077.147;-466.045.927;P02003 - VISTORIA EM LOTE VAGO (C) (Prioridade: 2 - Média);1CIA IND/2CIA/1PEL(PASSOS);ASL00064;Não;Não;Não;BOLETIM DE OCORRENCIA;Classificada;03/05/2023 08:11;Não
2023-27565559-3;(BM) 2023-020561216-001;02/05/2023 13:19;RUA GOIAS, Nº S/N - SANTA LUZIA - PASSOS;-207.077.147;-466.045.927;P02003 - VISTORIA EM LOTE VAGO (C) (Prioridade: 2 - Média);1CIA IND/2CIA/1PEL(PASSOS);ASL00064;Não;Não;Não;BOLETIM DE OCORRENCIA;Classificada;03/05/2023 08:11;Não
2023-27565622-8;(BM) 2023-020561610-001;02/05/2023 13:23;RUA GOIAS, Nº S/N - SANTA LUZIA - PASSOS;-207.077.147;-466.045.927;P02003 - VISTORIA EM LOTE VAGO (C) (Prioridade: 2 - Média);1CIA IND/2CIA/1PEL(PASSOS);ASL00064;Não;Não;Não;BOLETIM DE OCORRENCIA;Classificada;03/05/2023 08:11;Não
2023-27565624-3;(BM) 2023-020561680-001;02/05/2023 13:24;RUA GOIAS, Nº S/N - SANTA LUZIA - PASSOS;-207.077.147;-466.045.927;P02003 - VISTORIA EM LOTE VAGO (C) (Prioridade: 2 - Média);1CIA IND/2CIA/1PEL(PASSOS);ASL00064;Não;Não;Não;BOLETIM DE OCORRENCIA;Classificada;03/05/2023 08:11;Não
2023-27565629-7;(BM) 2023-020561980-001;02/05/2023 13:25;RUA ALMENARA, Nº 131 - CALIFORNIA - PASSOS;-207.001.585;-466.172.905;V03018 - VITIMA DE QUEDA DA PROPRIA ALTURA (C) (Prioridade: 1 - Alta);1CIA IND/2CIA/1PEL(PASSOS);UR04360;Não;Não;Não;BOLETIM DE OCORRENCIA;Classificada;03/05/2023 08:10;Não
2023-27566818-5;(BM) 2023-020576346-001;02/05/2023 14:36;PRACA CORONEL FRANCISCO GOMES, Nº 46 - CENTRO - PASSOS;-207.164.972;-466.070.682;X03000 - EMPENHO ADMINISTRATIVO (C) (Prioridade: 2 - Média);1CIA IND/2CIA/1PEL(PASSOS);ASL00064;Não;Não;Não;BOLETIM DE OCORRENCIA;Classificada;03/05/2023 08:10;Não
2023-27569654-6;(BM) 2023-020613149-001;02/05/2023 17:03;RUA DOUTOR CARVALHO, Nº 1455 - NOSSA SENHORA DAS GRAÇAS - PASSOS;-207.352.269;-466.037.303;Q03017 - TREINAMENTO DE PRIMEIROS SOCORROS (C) (Prioridade: 2 - Média);1CIA IND/2CIA/1PEL(PASSOS);BM1797331;Não;Não;Não;BOLETIM DE OCORRENCIA;Classificada;03/05/2023 08:10;Não
2023-27570385-3;(BM) 2023-020625472-001;02/05/2023 17:46;AVENIDA ANTONIO ADAO DA SILVA, Nº 719 - COHAB 4 - PASSOS;-207.176.859;-466.358.957;V01018 - VITIMA DE MAL NAO DEFINIDO (DISTURBIO) (C) (Prioridade: 1 - Alta);1CIA IND/2CIA/1PEL(PASSOS);UR04360;Não;Não;Não;BOLETIM DE OCORRENCIA;Classificada;03/05/2023 08:10;Não
2023-27572126-6;(BM) 2023-020639617-001;02/05/2023 19:31;RUA GEMEOS, Nº 121 - SERRA VERDE - PASSOS;-207.404.725;-4.659.334;P02011 - VISTORIA EM ENXAME DE INSETOS (C) (Prioridade: 2 - Média);1CIA IND/2CIA/1PEL(PASSOS);ASL00064;Não;Não;Não;BOLETIM DE OCORRENCIA;Classificada;03/05/2023 08:10;Não
2023-27572266-5;(BM) 2023-020640875-001;02/05/2023 19:39;RUA CAXAMBU, Nº 1200 - MUARAMA - PASSOS;-207.307.264;-466.146.238;S06005 - CAPTURA DE INSETOS (C) (Prioridade: 2 - Média);1CIA IND/2CIA/1PEL(PASSOS);ASL00064;Não;Não;Não;BOLETIM DE OCORRENCIA;Classificada;03/05/2023 08:10;Não
2023-27573191-3;(BM) 2023-020668922-001;02/05/2023 20:45;RUA FRANCISCO VENANCIO, Nº 171 - COHAB 3 - PASSOS;-207.021.251;-466.257.219;V01001 - VITIMA DE ACIDENTE VASCULAR CEREBRAL (AVC) (C) (Prioridade: 1 - Alta);1CIA IND/2CIA/1PEL(PASSOS);UR04360;Não;Não;Não;BOLETIM DE OCORRENCIA;Classificada;03/05/2023 08:09;Não
2023-27574894-9;(BM) 2023-020668872-001;02/05/2023 22:45;AVENIDA JUCA STOCKLER, Nº S/N - NOVO HORIZONTE - PASSOS;-207.366.397;-466.024.583;W03000 - SOLICITANTE ENCONTRADO - PROVIDENCIA DISPENSADA (C) (Prioridade: 3 - Baixa);1CIA IND/2CIA/1PEL(PASSOS);UR04360;Não;Não;Não;BOLETIM DE OCORRENCIA;Classificada;03/05/2023 08:12;Não
2023-27575160-0;(BM) 2023-020670950-001;02/05/2023 23:01;RUA SETE DE SETEMBRO, Nº 722 - BELO HORIZONTE - PASSOS;-207.289.145;-466.069.449;S06001 - SALVAMENTO DE ANIMAL EM RISCO / PERIGO (C) (Prioridade: 2 - Média);1CIA IND/2CIA/1PEL(PASSOS);ASL00064;Não;Não;Não;BOLETIM DE OCORRENCIA;Classificada;03/05/2023 08:10;Não
2023-27578481-0;;03/05/2023 08:58;PRACA GERALDO DA SILVA MAIA, Nº 175 - CENTRO - PASSOS;-207.217.853;-466.085.971;Y30007 - APOIO A ORGAOS MUNICIPAIS (C) (Prioridade: 3 - Baixa);1CIA IND/2CIA/1PEL(PASSOS);ABTS0495;Não;Não;Não;DUPLICADA;Classificada;03/05/2023 09:17;Não
2023-27578650-6;(BM) 2023-020708051-001;03/05/2023 09:12;PRACA GERALDO DA SILVA MAIA, Nº 175 - CENTRO - PASSOS;-207.217.853;-466.085.971;R01001 - ABASTECIMENTO DE AGUA (C) (Prioridade: 2 - Média);1CIA IND/2CIA/1PEL(PASSOS);ABTS0495;Não;Não;Não;BOLETIM DE OCORRENCIA;Classificada;04/05/2023 07:01;Não
2023-27578779-2;(BM) 2023-020709240-001;03/05/2023 09:24;RUA SANTA INES, Nº 903 - BELO HORIZONTE - PASSOS;-20.732.545;-466.061.665;P01002 - VISTORIA DE LIBERACAO / EMISSAO DE AVCB (C) (Prioridade: 2 - Média);1CIA IND/2CIA/1PEL(PASSOS);ASL00064;Não;Não;Não;BOLETIM DE OCORRENCIA;Classificada;04/05/2023 07:01;Não
2023-27579045-4;(BM) 2023-020712818-001;03/05/2023 09:45;RUA DOUTOR CARVALHO, Nº 1455 - NOSSA SENHORA DAS GRAÇAS - PASSOS;-207.352.269;-466.037.303;W06000 - TESTE (C) (Prioridade: 3 - Baixa);1CIA IND/2CIA/1PEL(PASSOS);1193;Não;Não;Não;BOLETIM DE OCORRENCIA;Classificada;03/05/2023 09:59;Não
2023-27579072-7;(BM) 2023-020713054-001;03/05/2023 09:48;RUA DOUTOR CARVALHO, Nº 1455 - NOSSA SENHORA DAS GRAÇAS - PASSOS;-207.352.269;-466.037.303;W06000 - TESTE (C) (Prioridade: 3 - Baixa);1CIA IND/2CIA/1PEL(PASSOS);1193;Não;Não;Não;BOLETIM DE OCORRENCIA;Classificada;03/05/2023 09:59;Não
2023-27579111-7;(BM) 2023-020713788-001;03/05/2023 09:52;RUA DOUTOR CARVALHO, Nº 1455 - NOSSA SENHORA DAS GRAÇAS - PASSOS;-207.352.269;-466.037.303;Q05002 - PROJETO DE DIVULGACAO DA NATACAO (C) (Prioridade: 1 - Alta);1CIA IND/2CIA/PEL PREV E VIST(PASSOS);BM1637305;Não;Não;Não;BOLETIM DE OCORRENCIA;Classificada;04/05/2023 07:06;Não
2023-27579164-3;(BM) 2023-020714817-001;03/05/2023 09:57;RUA RIO SAPUCAI, Nº 541 - SANTA LUZIA - PASSOS;-207.069.427;-466.021.298;P01002 - VISTORIA DE LIBERACAO / EMISSAO DE AVCB (C) (Prioridade: 2 - Média);1CIA IND/2CIA/1PEL(PASSOS);ASL00064;Não;Não;Não;BOLETIM DE OCORRENCIA;Classificada;04/05/2023 07:02;Não
2023-27579372-0;(BM) 2023-020717444-001;03/05/2023 10:13;RUA PRESIDENTE ANTONIO CARLOS, Nº 267 - CENTRO - PASSOS;-207.185.643;-466.096.727;V01003 - VITIMA COM CRISE CONVULSIVA (C) (Prioridade: 1 - Alta);1CIA IND/2CIA/1PEL(PASSOS);UR04360;Não;Não;Não;BOLETIM DE OCORRENCIA;Classificada;04/05/2023 07:03;Não
2023-27579447-8;(BM) 2023-020718661-001;03/05/2023 10:20;RUA PITANGUI, Nº 118 - COHAB 2 - PASSOS;-207.115.225;-466.272.892;P01002 - VISTORIA DE LIBERACAO / EMISSAO DE AVCB (C) (Prioridade: 2 - Média);1CIA IND/2CIA/1PEL(PASSOS);ASL00064;Não;Não;Não;BOLETIM DE OCORRENCIA;Classificada;04/05/2023 07:02;Não
2023-27580340-1;(BM) 2023-020736820-001;03/05/2023 11:29;AVENIDA NACOES, Nº S/N - VILA RICA - PASSOS;-207.276.808;-46.600.861;P02001 - VISTORIA EM HIDRANTE (C) (Prioridade: 2 - Média);1CIA IND/2CIA/1PEL(PASSOS);ASL00064;Não;Não;Não;BOLETIM DE OCORRENCIA;Classificada;04/05/2023 07:02;Não
2023-27581006-5;(BM) 2023-020738556-001;03/05/2023 12:30;RUA SEBASTIAO PINTO COELHO, Nº 282 - MIRANTE DO VALE - PASSOS;-207.183.213;-465.806.647;S06002 - CAPTURA DE ANIMAL SILVESTRE PERIGOSO / AGRESSIVO (C) (Prioridade: 2 - Média);1CIA IND/2CIA/1PEL(PASSOS);ASL00064;Não;Não;Não;BOLETIM DE OCORRENCIA;Classificada;04/05/2023 07:02;Não
2023-27581890-8;(BM) 2023-020748185-001;03/05/2023 13:46;AVENIDA PAULO ESPER PIMENTA, Nº 151 - PANORAMA - PASSOS;-207.092.421;-466.125.297;X03000 - EMPENHO ADMINISTRATIVO (C) (Prioridade: 2 - Média);1CIA IND/2CIA/1PEL(PASSOS);ASL00064;Não;Não;Não;BOLETIM DE OCORRENCIA;Classificada;04/05/2023 07:02;Não
2023-27581966-8;(BM) 2023-020749017-001;03/05/2023 13:54;AVENIDA NACOES, Nº 1086 - NOVO MUNDO 4 - PASSOS;-207.291.885;-465.882.335;V01006 - VITIMA COM DIFICULDADE DE LOCOMOCAO (C) (Prioridade: 1 - Alta);1CIA IND/2CIA/1PEL(PASSOS);UR04360;Não;Não;Não;BOLETIM DE OCORRENCIA;Classificada;04/05/2023 07:03;Não
2023-27583471-6;(BM) 2023-020767993-001;03/05/2023 15:16;RUA DOUTOR CARVALHO, Nº 1455 - NOSSA SENHORA DAS GRAÇAS - PASSOS;-207.352.269;-466.037.303;Q03005 - TREINAMENTO DE SALVAMENTO TERRESTRE (C) (Prioridade: 2 - Média);1CIA IND/2CIA/1PEL(PASSOS);BM1795095;Não;Não;Não;BOLETIM DE OCORRENCIA;Classificada;04/05/2023 07:02;Não
2023-27583540-7;(BM) 2023-020769820-001;03/05/2023 15:19;RUA JOAO XXIII, Nº 1308 - NOSSA SENHORA DAS GRAÇAS - PASSOS;-207.380.164;-466.051.985;P02002 - VISTORIA EM RISCO DE QUEDA DE ARVORE (C) (Prioridade: 2 - Média);1CIA IND/2CIA/1PEL(PASSOS);UR04360;Não;Não;Não;BOLETIM DE OCORRENCIA;Classificada;04/05/2023 07:02;Não
2023-27593022-9;(BM) 2023-020875143-001;04/05/2023 06:33;RUA ARAPONGA, Nº 328 - SAO JOAO - PASSOS;-207.370.638;-466.098.173;S06001 - SALVAMENTO DE ANIMAL EM RISCO / PERIGO (C) (Prioridade: 2 - Média);1CIA IND/2CIA/1PEL(PASSOS);ASL00064;Não;Não;Não;BOLETIM DE OCORRENCIA;Classificada;04/05/2023 07:02;Não
2023-27593298-0;(BM) 2023-020878119-001;04/05/2023 07:19;RUA CANOAS, Nº 17 - NOVO HORIZONTE - PASSOS;-207.306.262;-466.010.812;V01018 - VITIMA DE MAL NAO DEFINIDO (DISTURBIO) (C) (Prioridade: 1 - Alta);1CIA IND/2CIA/1PEL(PASSOS);UR04360;Não;Não;Não;BOLETIM DE OCORRENCIA;Classificada;04/05/2023 07:47;Não
2023-27594256-5;(BM) 2023-020889279-001;04/05/2023 08:57;RUA DOUTOR CARVALHO, Nº 1455 - NOSSA SENHORA DAS GRAÇAS - PASSOS;-207.352.269;-466.037.303;V01018 - VITIMA DE MAL NAO DEFINIDO (DISTURBIO) (C) (Prioridade: 1 - Alta);1CIA IND/2CIA/1PEL(PASSOS);UR04360;Não;Não;Não;BOLETIM DE OCORRENCIA;Classificada;05/05/2023 13:26;Não
2023-27594346-6;(BM) 2023-020889281-001;04/05/2023 09:00;RUA DOUTOR CARVALHO, Nº 1455 - NOSSA SENHORA DAS GRAÇAS - PASSOS;-207.352.269;-466.037.303;Q05002 - PROJETO DE DIVULGACAO DA NATACAO (C) (Prioridade: 1 - Alta);1CIA IND/2CIA/PEL PREV E VIST(PASSOS);BM1637305;Não;Não;Não;BOLETIM DE OCORRENCIA;Classificada;05/05/2023 13:26;Não
2023-27594653-5;(BM) 2023-020893041-001;04/05/2023 09:27;RUA LAVRAS, Nº 288 - FURNAS - SAO JOSE DA BARRA;-20.679.014;-463.342.384;X03000 - EMPENHO ADMINISTRATIVO (C) (Prioridade: 2 - Média);1CIA IND/2CIA/1PEL(PASSOS);ASL00064;Não;Não;Não;BOLETIM DE OCORRENCIA;Classificada;05/05/2023 13:25;Não
2023-27594713-5;(BM) 2023-020900976-001;04/05/2023 09:31;RUA TEOFILO OTTONI, Nº 84 - COHAB 3 - PASSOS;-207.082.293;-466.244.116;O02001 - INCENDIO EM RESIDENCIA/HABITACAO UNIFAMILIAR (CASA) (C) (Prioridade: 1 - Alta);1CIA IND/2CIA/1PEL(PASSOS);ABTS0495;Não;Não;Não;BOLETIM DE OCORRENCIA;Classificada;05/05/2023 13:27;Não
2023-27595583-7;(BM) 2023-020904920-001;04/05/2023 10:40;RUA RIO SAPUCAI, Nº 759 - SANTA LUZIA - PASSOS;-207.055.201;-466.006.361;V01018 - VITIMA DE MAL NAO DEFINIDO (DISTURBIO) (C) (Prioridade: 1 - Alta);1CIA IND/2CIA/1PEL(PASSOS);UR04360;Não;Não;Não;BOLETIM DE OCORRENCIA;Classificada;05/05/2023 13:27;Não
2023-27596773-8;(BM) 2023-020920033-001;04/05/2023 12:22;RUA JOSE MERCHIORATO, Nº 793 - CANJERANUS - PASSOS;-207.105.996;-46.608.639;O04012 - INCENDIO EM LOTE VAGO (AREA URBANA) (C) (Prioridade: 2 - Média);1CIA IND/2CIA/1PEL(PASSOS);ABTS0495;Não;Não;Não;BOLETIM DE OCORRENCIA;Classificada;05/05/2023 13:25;Não
2023-27597330-2;(BM) 2023-020926150-001;04/05/2023 13:17;RUA CHILE, Nº 780 - POLIVALENTE - PASSOS;-207.016.131;-466.027.825;P01001 - VISTORIA DE FISCALIZACAO (C) (Prioridade: 2 - Média);1CIA IND/2CIA/1PEL(PASSOS);ASL00064;Não;Não;Não;BOLETIM DE OCORRENCIA;Classificada;05/05/2023 13:25;Não
2023-27597636-2;(BM) 2023-020929467-001;04/05/2023 13:37;RUA MARANHAO, Nº 126 - BELA VISTA - PASSOS;-207.160.297;-466.021.177;P01001 - VISTORIA DE FISCALIZACAO (C) (Prioridade: 2 - Média);1CIA IND/2CIA/1PEL(PASSOS);ASL00064;Não;Não;Não;BOLETIM DE OCORRENCIA;Classificada;05/05/2023 13:25;Não
2023-27598163-8;(BM) 2023-020936008-001;04/05/2023 14:11;RUA AMAPA, Nº 1204 - BELA VISTA - PASSOS;-207.115.322;-466.009.626;P01001 - VISTORIA DE FISCALIZACAO (C) (Prioridade: 2 - Média);1CIA IND/2CIA/1PEL(PASSOS);ASL00064;Não;Não;Não;BOLETIM DE OCORRENCIA;Classificada;05/05/2023 13:25;Não
2023-27598322-0;(BM) 2023-020938323-001;04/05/2023 14:19;RUA RIO NEGRO, Nº 890 - RECANTO DA HARMONIA - PASSOS;-207.058.971;-465.969.051;P01001 - VISTORIA DE FISCALIZACAO (C) (Prioridade: 2 - Média);1CIA IND/2CIA/1PEL(PASSOS);ASL00064;Não;Não;Não;BOLETIM DE OCORRENCIA;Classificada;05/05/2023 13:25;Não
2023-27598378-4;(BM) 2023-020938819-001;04/05/2023 14:23;RUA PITANGUI, Nº 118 - COHAB 2 - PASSOS;-207.115.225;-466.272.892;P01002 - VISTORIA DE LIBERACAO / EMISSAO DE AVCB (C) (Prioridade: 2 - Média);1CIA IND/2CIA/1PEL(PASSOS);ASL00064;Não;Não;Não;BOLETIM DE OCORRENCIA;Classificada;05/05/2023 13:25;Não
2023-27598455-3;(BM) 2023-020949850-001;04/05/2023 14:27;RUA JASPE, Nº 345 - ACLIMACAO - PASSOS;-207.521.621;-46.598.662;V03012 - VITIMA COM OBJETO PRESO AO CORPO (C) (Prioridade: 1 - Alta);1CIA IND/2CIA/1PEL(PASSOS);UR04360;Não;Não;Não;BOLETIM DE OCORRENCIA;Classificada;05/05/2023 13:27;Não
2023-27598828-9;(BM) 2023-020944255-001;04/05/2023 14:43;RUA GONCALVES DIAS, Nº 827 - SAO BENEDITO - PASSOS;-207.213.418;-466.036.118;P01002 - VISTORIA DE LIBERACAO / EMISSAO DE AVCB (C) (Prioridade: 2 - Média);1CIA IND/2CIA/1PEL(PASSOS);ASL00064;Não;Não;Não;BOLETIM DE OCORRENCIA;Classificada;05/05/2023 13:25;Não
2023-27600315-0;(BM) 2023-020963960-001;04/05/2023 16:00;RUA MOGIANA, Nº 401 - POLIVALENTE - PASSOS;-207.090.308;-466.081.006;P01001 - VISTORIA DE FISCALIZACAO (C) (Prioridade: 2 - Média);1CIA IND/2CIA/1PEL(PASSOS);ASL00064;Não;Não;Não;BOLETIM DE OCORRENCIA;Classificada;05/05/2023 13:25;Não
2023-27600486-3;(BM) 2023-020972698-001;04/05/2023 16:07;RUA PRATAPOLIS, Nº S/N - NOSSA SENHORA DE FATIMA - PASSOS;-206.981.623;-466.127.098;V01003 - VITIMA COM CRISE CONVULSIVA (C) (Prioridade: 1 - Alta);1CIA IND/2CIA/1PEL(PASSOS);UR04360;Não;Não;Não;BOLETIM DE OCORRENCIA;Classificada;05/05/2023 13:27;Não
2023-27603007-5;(BM) 2023-020994867-001;04/05/2023 18:31;RUA DOUTOR CARVALHO, Nº 1455 - NOSSA SENHORA DAS GRAÇAS - PASSOS;-207.352.269;-466.037.303;Q03005 - TREINAMENTO DE SALVAMENTO TERRESTRE (C) (Prioridade: 2 - Média);1CIA IND/2CIA/1PEL(PASSOS);BM1791219;Não;Não;Não;BOLETIM DE OCORRENCIA;Classificada;05/05/2023 13:25;Não
2023-27609772-1;(BM) 2023-021064557-001;05/05/2023 06:39;RUA COIMBRAS, Nº 74 - PARQUE DA ESTACAO - PASSOS;-207.055.945;-466.121.917;V03026 - VITIMA COM ENTORSE/ESTIRAMENTO/LUXACAO (C) (Prioridade: 1 - Alta);1CIA IND/2CIA/1PEL(PASSOS);UR04360;Não;Não;Não;BOLETIM DE OCORRENCIA;Classificada;05/05/2023 13:28;Não
2023-27610504-0;(BM) 2023-021089930-001;05/05/2023 08:19;RUA DOUTOR CARVALHO, Nº 1455 - NOSSA SENHORA DAS GRAÇAS - PASSOS;-207.352.269;-466.037.303;Q03017 - TREINAMENTO DE PRIMEIROS SOCORROS (C) (Prioridade: 2 - Média);1CIA IND/2CIA/1PEL(PASSOS);BM1637099;Não;Não;Não;BOLETIM DE OCORRENCIA;Classificada;06/05/2023 09:05;Não
2023-27610773-1;(BM) 2023-021073890-001;05/05/2023 08:39;RUA LARGO SAO JOSE, Nº S/N - CALIFORNIA - PASSOS;-207.063.559;-466.141.388;P01003 - VISTORIA EM EVENTOS TEMPORARIOS (C) (Prioridade: 1 - Alta);1CIA IND/2CIA/1PEL(PASSOS);ASL00064;Não;Não;Não;BOLETIM DE OCORRENCIA;Classificada;06/05/2023 09:04;Não
2023-27611133-5;(BM) 2023-021078522-001;05/05/2023 09:09;RUA GUANABARA, Nº 1708 - POLIVALENTE - PASSOS;-207.080.887;-465.971.892;P01002 - VISTORIA DE LIBERACAO / EMISSAO DE AVCB (C) (Prioridade: 2 - Média);1CIA IND/2CIA/1PEL(PASSOS);ASL00064;Não;Não;Não;BOLETIM DE OCORRENCIA;Classificada;06/05/2023 09:05;Não
2023-27611406-6;(BM) 2023-021081780-001;05/05/2023 09:36;RUA BAHIA, Nº 409 - BELA VISTA - PASSOS;-207.149.364;-465.995.796;P01001 - VISTORIA DE FISCALIZACAO (C) (Prioridade: 2 - Média);1CIA IND/2CIA/1PEL(PASSOS);ASL00064;Não;Não;Não;BOLETIM DE OCORRENCIA;Classificada;06/05/2023 09:05;Não
2023-27611642-9;(BM) 2023-021084890-001;05/05/2023 09:53;PRACA GERALDO DA SILVA MAIA, Nº S/N - CENTRO - PASSOS;-207.208.941;-46.609.005;X03000 - EMPENHO ADMINISTRATIVO (C) (Prioridade: 2 - Média);1CIA IND/2CIA/1PEL(PASSOS);ASL00064;Não;Não;Não;BOLETIM DE OCORRENCIA;Classificada;06/05/2023 09:05;Não
2023-27611740-8;(BM) 2023-021090332-001;05/05/2023 09:59;RUA ARAGUARI, Nº 109 - MARIO MAGALHAES - PASSOS;-207.262.242;-466.147.686;P01001 - VISTORIA DE FISCALIZACAO (C) (Prioridade: 2 - Média);1CIA IND/2CIA/1PEL(PASSOS);ASL00064;Não;Não;Não;BOLETIM DE OCORRENCIA;Classificada;06/05/2023 09:05;Não
2023-27613132-3;(BM) 2023-021103619-001;05/05/2023 11:49;RUA DOS MEDICOS / AVENIDA JUCA STOCKLER - BELO HORIZONTE - PASSOS;-20.729.754;-466.049.233;V03018 - VITIMA DE QUEDA DA PROPRIA ALTURA (C) (Prioridade: 1 - Alta);1CIA IND/2CIA/1PEL(PASSOS);UR04360;Não;Não;Não;BOLETIM DE OCORRENCIA;Classificada;06/05/2023 09:04;Não
2023-27615649-0;(BM) 2023-021134557-001;05/05/2023 15:03;AVENIDA EXPEDICIONARIOS, Nº S/N - MIRANTE DO VALE - PASSOS;-207.256.744;-465.818.365;S06002 - CAPTURA DE ANIMAL SILVESTRE PERIGOSO / AGRESSIVO (C) (Prioridade: 2 - Média);1CIA IND/2CIA/1PEL(PASSOS);ASL00064;Não;Não;Não;BOLETIM DE OCORRENCIA;Classificada;06/05/2023 09:05;Não
2023-27616886-0;(BM) 2023-021171107-001;05/05/2023 16:07;RUA SANTA CASA, Nº 164 - SANTA CASA - PASSOS;-207.129.746;-466.123.199;X03000 - EMPENHO ADMINISTRATIVO (C) (Prioridade: 2 - Média);1CIA IND/2CIA/1PEL(PASSOS);UR04360;Não;Não;Não;BOLETIM DE OCORRENCIA;Classificada;06/05/2023 09:05;Não
2023-27618612-6;(BM) 2023-021173372-001;05/05/2023 17:45;RUA FARMACEUTICOS, Nº 133 - NOVO HORIZONTE - PASSOS;-207.296.244;-466.031.183;W03000 - SOLICITANTE ENCONTRADO - PROVIDENCIA DISPENSADA (C) (Prioridade: 3 - Baixa);1CIA IND/2CIA/1PEL(PASSOS);UR04360;Não;Não;Não;BOLETIM DE OCORRENCIA;Classificada;06/05/2023 09:05;Não
2023-27621840-9;(BM) 2023-021204560-001;05/05/2023 21:03;RUA RIO GRANDE DO NORTE, Nº 103 - SAO BENEDITO - PASSOS;-20.720.059;-465.990.096;S06002 - CAPTURA DE ANIMAL SILVESTRE PERIGOSO / AGRESSIVO (C) (Prioridade: 2 - Média);1CIA IND/2CIA/1PEL(PASSOS);ASL00064;Não;Não;Não;BOLETIM DE OCORRENCIA;Classificada;06/05/2023 09:04;Não
2023-27621961-3;(BM) 2023-021207498-001;05/05/2023 21:11;PRACA DO CRUZEIRO, Nº S/N - CENTRO - SAO JOAO BATISTA GLORIA;-206.353.164;-465.058.173;W03000 - SOLICITANTE ENCONTRADO - PROVIDENCIA DISPENSADA (C) (Prioridade: 3 - Baixa);1CIA IND/2CIA/1PEL(PASSOS);ABTS0495;Não;Não;Não;BOLETIM DE OCORRENCIA;Classificada;06/05/2023 09:05;Não
2023-27628683-0;;06/05/2023 08:58;RUA DOUTOR CARVALHO, Nº 1455 - NOSSA SENHORA DAS GRAÇAS - PASSOS;-207.352.269;-466.037.303;R01999 - OUTROS TIPOS DE ACOES DE APOIO A COMUNIDADE   (C) (Prioridade: 2 - Média);1CIA IND/2CIA/1PEL(PASSOS);;Não;Não;Não;CANCELADA PELO COORDENADOR DO COBOM;Classificada;06/05/2023 09:04;Não
2023-27628732-4;(BM) 2023-021268272-001;06/05/2023 09:02;RUA LAVRAS, Nº S/N - MARIO MAGALHAES - PASSOS;-207.234.829;-46.613.301;R01999 - OUTROS TIPOS DE ACOES DE APOIO A COMUNIDADE   (C) (Prioridade: 2 - Média);1CIA IND/2CIA/1PEL(PASSOS);ABTS0495;Não;Não;Não;BOLETIM DE OCORRENCIA;Classificada;07/05/2023 07:54;Não
2023-27629013-3;(BM) 2023-021268231-001;06/05/2023 09:36;RUA GAIVOTA, Nº 167 - NOSSA SENHORA DAS GRAÇAS - PASSOS;-207.385.088;-46.605.117;S06002 - CAPTURA DE ANIMAL SILVESTRE PERIGOSO / AGRESSIVO (C) (Prioridade: 2 - Média);1CIA IND/2CIA/1PEL(PASSOS);ASL00064;Não;Não;Não;BOLETIM DE OCORRENCIA;Classificada;07/05/2023 07:56;Não
2023-27629403-8;(BM) 2023-021273877-001;06/05/2023 10:17;AVENIDA ANTONIO ADAO DA SILVA, Nº 719 - COHAB 4 - PASSOS;-207.176.859;-466.358.957;V01020 - VITIMA COM PARADA CARDIORRESPIRATORIA (C) (Prioridade: 1 - Alta);1CIA IND/2CIA/1PEL(PASSOS);UR04360;Não;Não;Não;BOLETIM DE OCORRENCIA;Classificada;07/05/2023 07:55;Não
2023-27630807-4;(BM) 2023-021284639-001;06/05/2023 12:57;RUA GEMEOS, Nº 121 - SERRA VERDE - PASSOS;-207.404.725;-4.659.334;P02011 - VISTORIA EM ENXAME DE INSETOS (C) (Prioridade: 2 - Média);1CIA IND/2CIA/1PEL(PASSOS);ASL00064;Não;Não;Não;BOLETIM DE OCORRENCIA;Classificada;07/05/2023 07:56;Não
2023-27631373-1;(BM) 2023-021290088-001;06/05/2023 13:54;AVENIDA PERIMETRAL, Nº S/N - PARQUE DA ESTACAO - PASSOS;-207.057.771;-466.097.547;S06002 - CAPTURA DE ANIMAL SILVESTRE PERIGOSO / AGRESSIVO (C) (Prioridade: 2 - Média);1CIA IND/2CIA/1PEL(PASSOS);ASL00064;Não;Não;Não;BOLETIM DE OCORRENCIA;Classificada;07/05/2023 07:56;Não
2023-27634479-9;(BM) 2023-021322674-001;06/05/2023 17:13;TRAVESSA BELO HORIZONTE, Nº 229 - BELO HORIZONTE - PASSOS;-207.285.681;-466.067.703;V01006 - VITIMA COM DIFICULDADE DE LOCOMOCAO (C) (Prioridade: 1 - Alta);1CIA IND/2CIA/1PEL(PASSOS);UR04360;Não;Não;Não;BOLETIM DE OCORRENCIA;Classificada;07/05/2023 07:55;Não
2023-27635679-3;(BM) 2023-021331844-001;06/05/2023 18:29;RUA GEMEOS, Nº 121 - SERRA VERDE - PASSOS;-207.404.725;-4.659.334;S06005 - CAPTURA DE INSETOS (C) (Prioridade: 2 - Média);1CIA IND/2CIA/1PEL(PASSOS);ASL00064;Não;Não;Não;BOLETIM DE OCORRENCIA;Classificada;07/05/2023 07:56;Não
2023-27637829-5;(BM) 2023-021351350-001;06/05/2023 20:47;RUA DOUTOR CARVALHO, Nº 1455 - NOSSA SENHORA DAS GRAÇAS - PASSOS;-207.352.269;-466.037.303;Q03999 - OUTROS TIPOS DE TREINAMENTO (C) (Prioridade: 2 - Média);1CIA IND/2CIA/1PEL(PASSOS);BM1178490;Não;Não;Não;BOLETIM DE OCORRENCIA;Classificada;07/05/2023 07:56;Não
2023-27638816-9;(BM) 2023-021370629-001;06/05/2023 21:48;RUA JOAQUIM DE MELO LEMOS, Nº S/N - FLAMBOYANT - PASSOS;-207.565.531;-466.069.531;V01006 - VITIMA COM DIFICULDADE DE LOCOMOCAO (C) (Prioridade: 1 - Alta);1CIA IND/2CIA/1PEL(PASSOS);UR04360;Não;Não;Não;BOLETIM DE OCORRENCIA;Classificada;07/05/2023 07:55;Não
2023-27643344-0;(BM) 2023-021393677-001;07/05/2023 02:42;RUA PERNAMBUCO, Nº 458 - BELA VISTA - PASSOS;-207.157.365;-465.975.674;V01007 - VITIMA COM DISPNEIA (FALTA DE AR) (C) (Prioridade: 1 - Alta);1CIA IND/2CIA/1PEL(PASSOS);UR04360;Não;Não;Não;BOLETIM DE OCORRENCIA;Classificada;07/05/2023 07:54;Não
2023-27644742-9;(BM) 2023-021406728-001;07/05/2023 07:06;RUA DOUTOR CARVALHO, Nº 1455 - NOSSA SENHORA DAS GRAÇAS - PASSOS;-207.352.269;-466.037.303;Q03017 - TREINAMENTO DE PRIMEIROS SOCORROS (C) (Prioridade: 2 - Média);1CIA IND/2CIA/1PEL(PASSOS);BM1797554;Não;Não;Não;BOLETIM DE OCORRENCIA;Classificada;07/05/2023 07:56;Não
2023-27645142-7;(BM) 2023-021407707-001;07/05/2023 08:09;RUA DOUTOR CARVALHO, Nº 1455 - NOSSA SENHORA DAS GRAÇAS - PASSOS;-207.352.269;-466.037.303;Q03999 - OUTROS TIPOS DE TREINAMENTO (C) (Prioridade: 2 - Média);1CIA IND/2CIA/1PEL(PASSOS);BM1274612;Não;Não;Não;BOLETIM DE OCORRENCIA;Classificada;08/05/2023 07:53;Não
2023-27645658-0;(BM) 2023-021414057-001;07/05/2023 09:27;AVENIDA JK, Nº 31 - JARDIM COLEGIO DE PASSOS - PASSOS;-207.198.784;-465.963.325;P03009 - PREVENCAO EM PONTO-BASE / FERIADOS PROLONGADOS (C) (Prioridade: 2 - Média);1CIA IND/2CIA/1PEL(PASSOS);UR04360;Não;Não;Não;BOLETIM DE OCORRENCIA;Classificada;08/05/2023 07:53;Não
2023-27645684-0;(BM) 2023-021413851-001;07/05/2023 09:31;RUA DOUTOR CARVALHO, Nº 1455 - NOSSA SENHORA DAS GRAÇAS - PASSOS;-207.352.269;-466.037.303;Q03005 - TREINAMENTO DE SALVAMENTO TERRESTRE (C) (Prioridade: 2 - Média);1CIA IND/2CIA/1PEL(PASSOS);BM1787365;Não;Não;Não;BOLETIM DE OCORRENCIA;Classificada;08/05/2023 07:53;Não
2023-27646539-6;(BM) 2023-021493554-001;07/05/2023 11:13;AVENIDA COMENDADOR FRANCISCO A MAIA, Nº 4050 - EXPOSICAO - PASSOS;-207.333.293;-466.060.067;P03006 - PREVENCAO EM EVENTO RELIGIOSO (C) (Prioridade: 2 - Média);1CIA IND/2CIA/1PEL(PASSOS);UR04360;Não;Não;Não;BOLETIM DE OCORRENCIA;Classificada;08/05/2023 07:52;Não
2023-27648260-0;;07/05/2023 14:25;RODOVIA BR 459, Km 17 - POCOS DE CALDAS;;;S06001 - SALVAMENTO DE ANIMAL EM RISCO / PERIGO (C) (Prioridade: 2 - Média);1CIA IND (POCOS DE CALDAS);;Não;Não;Não;CANCELADA PELO COORDENADOR DO COBOM;Classificada;08/05/2023 06:41;Não
2023-27649048-0;(BM) 2023-021444131-001;07/05/2023 15:18;AVENIDA CHICO XAVIER, Nº S/N - JARDIM PLANALTO - PASSOS;-207.197.803;-466.285.997;S06002 - CAPTURA DE ANIMAL SILVESTRE PERIGOSO / AGRESSIVO (C) (Prioridade: 2 - Média);1CIA IND/2CIA/1PEL(PASSOS);ASL00064;Não;Não;Não;BOLETIM DE OCORRENCIA;Classificada;08/05/2023 07:52;Não
2023-27649152-2;(BM) 2023-021445227-001;07/05/2023 15:23;AVENIDA ANTONIO ADAO DA SILVA, Nº 415 - VILA BETINHO - PASSOS;-207.178.261;-466.342.695;V02502 - VITIMA DE QUEDA (MOTOCICLISTA) (C) (Prioridade: 1 - Alta);1CIA IND/2CIA/1PEL(PASSOS);UR04360;Não;Não;Não;BOLETIM DE OCORRENCIA;Classificada;08/05/2023 07:52;Não
2023-27650429-1;(BM) 2023-021458200-001;07/05/2023 16:52;RUA PENHA, Nº 242 - PENHA 2 - PASSOS;-207.146.262;-466.269.214;O04012 - INCENDIO EM LOTE VAGO (AREA URBANA) (C) (Prioridade: 2 - Média);1CIA IND/2CIA/1PEL(PASSOS);ABTS0495;Não;Não;Não;BOLETIM DE OCORRENCIA;Classificada;08/05/2023 07:52;Não
2023-27651864-6;(BM) 2023-021470807-001;07/05/2023 18:17;AVENIDA OTTO KRAKAUER, Nº S/N - SANTA CASA - PASSOS;-207.116.545;-466.111.371;P02001 - VISTORIA EM HIDRANTE (C) (Prioridade: 2 - Média);1CIA IND/2CIA/1PEL(PASSOS);ASL00064;Não;Não;Não;BOLETIM DE OCORRENCIA;Classificada;08/05/2023 07:52;Não
2023-27655687-4;(BM) 2023-021506332-001;07/05/2023 22:22;RUA FARMACEUTICOS, Nº 391 - NOVO HORIZONTE - PASSOS;-207.319.944;-466.022.842;W10000 - DISPENSADA POR DUPLICIDADE DE EMPENHO COM OUTROS ORGAOS (C) (Prioridade: 1 - Alta);1CIA IND/2CIA/1PEL(PASSOS);UR04360;Não;Não;Não;BOLETIM DE OCORRENCIA;Classificada;08/05/2023 07:50;Não
2023-27658978-3;(BM) 2023-021537857-001;08/05/2023 06:55;AVENIDA MONTESE, Nº 33 - VILA RICA - PASSOS;-207.244.164;-465.951.849;O02033 - INCENDIO EM AMONTOADO DE LIXO (C) (Prioridade: 2 - Média);1CIA IND/2CIA/1PEL(PASSOS);ABTS0495;Não;Não;Não;BOLETIM DE OCORRENCIA;Classificada;08/05/2023 07:52;Não
2023-27660193-3;(BM) 2023-021638425-001;08/05/2023 08:51;RUA DOUTOR CARVALHO, Nº 1455 - NOSSA SENHORA DAS GRAÇAS - PASSOS;-207.352.269;-466.037.303;Q05002 - PROJETO DE DIVULGACAO DA NATACAO (C) (Prioridade: 1 - Alta);1CIA IND/2CIA/PEL PREV E VIST(PASSOS);BM1637305;Não;Não;Não;BOLETIM DE OCORRENCIA;Classificada;09/05/2023 06:34;Não
2023-27660383-9;(BM) 2023-021551101-001;08/05/2023 09:07;RUA FRANCISCO VENANCIO, Nº 171 - COHAB 3 - PASSOS;-207.021.251;-466.257.219;V01018 - VITIMA DE MAL NAO DEFINIDO (DISTURBIO) (C) (Prioridade: 1 - Alta);1CIA IND/2CIA/1PEL(PASSOS);UR04360;Não;Não;Não;BOLETIM DE OCORRENCIA;Classificada;09/05/2023 06:35;Não
2023-27660470-1;(BM) 2023-021552281-001;08/05/2023 09:13;RUA PARDAL, Nº 151 - NOSSA SENHORA DAS GRAÇAS - PASSOS;-20.735.899;-466.043.311;S06007 - CORTE / PODA DE ARVORE COM RISCO IMINENTE DE QUEDA (C) (Prioridade: 2 - Média);1CIA IND/2CIA/1PEL(PASSOS);ASL00064;Não;Não;Não;BOLETIM DE OCORRENCIA;Classificada;09/05/2023 06:35;Não
2023-27661018-9;(BM) 2023-021563567-001;08/05/2023 10:02;RUA DOUTOR CARVALHO, Nº 1455 - NOSSA SENHORA DAS GRAÇAS - PASSOS;-207.352.269;-466.037.303;S04014 - SALVAMENTO DE PESSOA COM OBJETO PRESO AO CORPO (C) (Prioridade: 1 - Alta);1CIA IND/2CIA/1PEL(PASSOS);UR04360;Não;Não;Não;BOLETIM DE OCORRENCIA;Classificada;09/05/2023 06:35;Não
2023-27661828-9;(BM) 2023-021571011-001;08/05/2023 11:00;AVENIDA COMENDADOR FRANCISCO A MAIA, Nº 1031 - CANJERANUS - PASSOS;-207.121.898;-466.085.158;V03018 - VITIMA DE QUEDA DA PROPRIA ALTURA (C) (Prioridade: 1 - Alta);1CIA IND/2CIA/1PEL(PASSOS);UR04360;Não;Não;Não;BOLETIM DE OCORRENCIA;Classificada;09/05/2023 06:35;Não
2023-27662499-4;(BM) 2023-021683382-001;08/05/2023 11:47;AVENIDA COMENDADOR FRANCISCO A MAIA, Nº S/N - SANTA CASA - PASSOS;-207.146.788;-466.127.072;Y40035 - APOIO DE SOLO EM OPERACOES AEREAS (C) (Prioridade: 2 - Média);1CIA IND/2CIA/1PEL(PASSOS);UR04360;Não;Não;Não;BOLETIM DE OCORRENCIA;Classificada;09/05/2023 06:35;Não
2023-27663528-6;(BM) 2023-021610889-001;08/05/2023 13:24;RODOVIA MG 050, Nº S/N - PASSOS;-207.351.074;-465.719.703;X03000 - EMPENHO ADMINISTRATIVO (C) (Prioridade: 2 - Média);1CIA IND/2CIA/1PEL(PASSOS);UR04360;Não;Não;Não;BOLETIM DE OCORRENCIA;Classificada;09/05/2023 06:35;Não
2023-27663881-2;(BM) 2023-021610600-001;08/05/2023 13:45;RUA DOUTOR BERNARDINO VIEIRA, Nº 172 - PASSOS;-207.169.991;-466.088.281;P01001 - VISTORIA DE FISCALIZACAO (C) (Prioridade: 2 - Média);1CIA IND/2CIA/1PEL(PASSOS);ASL00064;Não;Não;Não;BOLETIM DE OCORRENCIA;Classificada;09/05/2023 06:35;Não
2023-27666515-0;(BM) 2023-021630403-001;08/05/2023 15:57;RUA ONOFRE R TEIXEIRA, Nº 254 - PENHA 2 - PASSOS;-207.152.652;-466.292.836;V01018 - VITIMA DE MAL NAO DEFINIDO (DISTURBIO) (C) (Prioridade: 1 - Alta);1CIA IND/2CIA/1PEL(PASSOS);UR04360;Não;Não;Não;BOLETIM DE OCORRENCIA;Classificada;09/05/2023 06:35;Não
2023-27667085-9;(BM) 2023-021637931-001;08/05/2023 16:26;RUA DOUTOR CARVALHO, Nº 1455 - NOSSA SENHORA DAS GRAÇAS - PASSOS;-207.352.269;-466.037.303;Q03017 - TREINAMENTO DE PRIMEIROS SOCORROS (C) (Prioridade: 2 - Média);1CIA IND/2CIA/1PEL(PASSOS);BM1797430;Não;Não;Não;BOLETIM DE OCORRENCIA;Classificada;09/05/2023 06:34;Não
2023-27667861-7;(BM) 2023-021649481-001;08/05/2023 17:08;RUA VIA LACTEA, Nº 196 - JARDIM SATELITE - PASSOS;-207.128.652;-466.172.821;V03018 - VITIMA DE QUEDA DA PROPRIA ALTURA (C) (Prioridade: 1 - Alta);1CIA IND/2CIA/1PEL(PASSOS);UR04360;Não;Não;Não;BOLETIM DE OCORRENCIA;Classificada;09/05/2023 06:35;Não
2023-27670314-2;(BM) 2023-021674760-001;08/05/2023 19:30;RUA SEBASTIAO MONTEIRO, Nº 52 - PARQUE DAS AROEIRAS - PASSOS;-207.216.035;-4.662.881;S06002 - CAPTURA DE ANIMAL SILVESTRE PERIGOSO / AGRESSIVO (C) (Prioridade: 2 - Média);1CIA IND/2CIA/1PEL(PASSOS);ASL00064;Não;Não;Não;BOLETIM DE OCORRENCIA;Classificada;09/05/2023 06:35;Não
2023-27671061-4;(BM) 2023-021683157-001;08/05/2023 20:15;RUA DOUTOR CARVALHO, Nº 1455 - NOSSA SENHORA DAS GRAÇAS - PASSOS;-207.352.269;-466.037.303;Q03999 - OUTROS TIPOS DE TREINAMENTO (C) (Prioridade: 2 - Média);1CIA IND/2CIA/1PEL(PASSOS);BM1235779;Não;Não;Não;BOLETIM DE OCORRENCIA;Classificada;09/05/2023 06:35;Não
2023-27671422-0;(BM) 2023-021688500-001;08/05/2023 20:40;RUA ODILON LEMOS DE MELO, Nº 61 - FLAMBOYANT - PASSOS;-207.546.847;-466.047.817;W03000 - SOLICITANTE ENCONTRADO - PROVIDENCIA DISPENSADA (C) (Prioridade: 3 - Baixa);1CIA IND/2CIA/1PEL(PASSOS);UR04360;Não;Não;Não;BOLETIM DE OCORRENCIA;Classificada;09/05/2023 06:34;Não
2023-27676560-1;(BM) 2023-021761363-001;09/05/2023 08:30;AVENIDA ENGENHEIRO WASHINGTON MARTONI, Nº 160 - PARQUE INDUSTRIAL II - SAO SEBASTIAO PARAISO;-209.036.231;-469.675.964;X03000 - EMPENHO ADMINISTRATIVO (C) (Prioridade: 2 - Média);1CIA IND/2CIA/1PEL(PASSOS);UR04360 / ASL00064;Não;Não;Não;BOLETIM DE OCORRENCIA;Classificada;10/05/2023 07:57;Não
2023-27678167-3;(BM) 2023-021766548-001;09/05/2023 10:49;AVENIDA JK, Nº 795 - VILA RICA - PASSOS;-207.270.286;-466.011.711;S04012 - BUSCA E SALVAMENTO EM LOCAL DE DIFICIL ACESSO (C) (Prioridade: 1 - Alta);1CIA IND/2CIA/1PEL(PASSOS);ASL00064;Não;Não;Não;BOLETIM DE OCORRENCIA;Classificada;10/05/2023 07:59;Não
2023-27679137-8;(BM) 2023-021774111-001;09/05/2023 12:08;RUA AURORA, Nº 379 - BELO HORIZONTE - PASSOS;-207.259.855;-466.038.685;V01020 - VITIMA COM PARADA CARDIORRESPIRATORIA (C) (Prioridade: 1 - Alta);1CIA IND/2CIA/1PEL(PASSOS);ASL00064;Não;Não;Não;BOLETIM DE OCORRENCIA;Classificada;10/05/2023 07:59;Não
2023-27680057-8;(BM) 2023-021786313-001;09/05/2023 13:31;RUA DOUTOR SATURNINO, Nº 300 - CENTRO - PASSOS;-207.223.944;-466.123.876;P01001 - VISTORIA DE FISCALIZACAO (C) (Prioridade: 2 - Média);1CIA IND/2CIA/1PEL(PASSOS);ASL00064;Não;Não;Não;BOLETIM DE OCORRENCIA;Classificada;10/05/2023 07:57;Não
2023-27681011-2;(BM) 2023-021796390-001;09/05/2023 14:32;RUA HORTENCIAS, Nº 702 - CALIFORNIA - PASSOS;;;P01001 - VISTORIA DE FISCALIZACAO (C) (Prioridade: 2 - Média);1CIA IND/2CIA/1PEL(PASSOS);ASL00064;Não;Não;Não;BOLETIM DE OCORRENCIA;Classificada;10/05/2023 07:57;Não
2023-27681551-0;(BM) 2023-021802740-001;09/05/2023 14:56;RUA LEAO, Nº 22 - RECANTO DA TEKA - PASSOS;-20.740.658;-465.975.828;P01001 - VISTORIA DE FISCALIZACAO (C) (Prioridade: 2 - Média);1CIA IND/2CIA/1PEL(PASSOS);ASL00064;Não;Não;Não;BOLETIM DE OCORRENCIA;Classificada;10/05/2023 07:57;Não
2023-27682722-6;(BM) 2023-021818217-001;09/05/2023 15:56;RUA DOUTOR CARVALHO, Nº 1455 - NOSSA SENHORA DAS GRAÇAS - PASSOS;-207.352.269;-466.037.303;Q03017 - TREINAMENTO DE PRIMEIROS SOCORROS (C) (Prioridade: 2 - Média);1CIA IND/2CIA/1PEL(PASSOS);BM1637750;Não;Não;Não;BOLETIM DE OCORRENCIA;Classificada;10/05/2023 07:58;Não
2023-27682867-9;(BM) 2023-021820692-001;09/05/2023 16:06;RUA DOUTOR CARVALHO, Nº 1455 - NOSSA SENHORA DAS GRAÇAS - PASSOS;-207.352.269;-466.037.303;Q03999 - OUTROS TIPOS DE TREINAMENTO (C) (Prioridade: 2 - Média);1CIA IND/2CIA/1PEL(PASSOS);BM1315175;Não;Não;Não;BOLETIM DE OCORRENCIA;Classificada;10/05/2023 07:58;Não
2023-27682908-4;(BM) 2023-021821013-001;09/05/2023 16:09;RUA AGUAS MARINHAS, Nº 1312 - ACLIMACAO - PASSOS;-207.528.219;-466.023.079;P01001 - VISTORIA DE FISCALIZACAO (C) (Prioridade: 2 - Média);1CIA IND/2CIA/1PEL(PASSOS);ASL00064;Não;Não;Não;BOLETIM DE OCORRENCIA;Classificada;10/05/2023 07:58;Não
2023-27683072-8;(BM) 2023-021822503-001;09/05/2023 16:15;RUA DOUTOR CARVALHO, Nº 1455 - NOSSA SENHORA DAS GRAÇAS - PASSOS;-207.352.269;-466.037.303;Q05002 - PROJETO DE DIVULGACAO DA NATACAO (C) (Prioridade: 1 - Alta);1CIA IND/2CIA/PEL PREV E VIST(PASSOS);BM1637305;Não;Não;Não;BOLETIM DE OCORRENCIA;Classificada;10/05/2023 07:59;Não
2023-27685370-7;(BM) 2023-021849729-001;09/05/2023 18:23;RUA CANJERANUS, Nº 2139 - POLIVALENTE - PASSOS;-207.032.355;-466.013.875;S06003 - CAPTURA DE CAO PERIGOSO / AGRESSIVO (C) (Prioridade: 2 - Média);1CIA IND/2CIA/1PEL(PASSOS);ASL00064;Não;Não;Não;BOLETIM DE OCORRENCIA;Classificada;10/05/2023 07:58;Não
2023-27686147-1;(BM) 2023-021869823-001;09/05/2023 19:13;RUA ADELIA FERREIRA DE SOUZA, Nº 1375 - JARDIM CANADA II - PASSOS;-207.505.278;-466.122.635;O04012 - INCENDIO EM LOTE VAGO (AREA URBANA) (C) (Prioridade: 2 - Média);1CIA IND/2CIA/1PEL(PASSOS);ABTS0495;Não;Não;Não;BOLETIM DE OCORRENCIA;Classificada;10/05/2023 07:58;Não
2023-27686471-0;;09/05/2023 19:32;AVENIDA JUCA STOCKLER, Nº S/N - NOVO HORIZONTE - PASSOS;-207.366.397;-466.024.583;Q03017 - TREINAMENTO DE PRIMEIROS SOCORROS (C) (Prioridade: 2 - Média);1CIA IND/2CIA/1PEL(PASSOS);BM1637099;Não;Não;Não;ATENDIDA PELO SAMU;Classificada;10/05/2023 07:58;Não
2023-27687318-8;(BM) 2023-021870200-001;09/05/2023 20:32;RUA BUENOS AIRES, Nº S/N - COHAB 3 - PASSOS;-207.024.574;-466.241.103;S06002 - CAPTURA DE ANIMAL SILVESTRE PERIGOSO / AGRESSIVO (C) (Prioridade: 2 - Média);1CIA IND/2CIA/1PEL(PASSOS);ABTS0495;Não;Não;Não;BOLETIM DE OCORRENCIA;Classificada;10/05/2023 08:02;Não
2023-27692555-2;(BM) 2023-021958388-001;10/05/2023 08:03;RUA DOUTOR CARVALHO, Nº 1455 - NOSSA SENHORA DAS GRAÇAS - PASSOS;-207.352.269;-466.037.303;P01002 - VISTORIA DE LIBERACAO / EMISSAO DE AVCB (C) (Prioridade: 2 - Média);1CIA IND/2CIA/1PEL(PASSOS);ASL00064;Não;Não;Não;BOLETIM DE OCORRENCIA;Classificada;11/05/2023 07:31;Não
2023-27693214-7;(BM) 2023-021934112-001;10/05/2023 09:01;RUA DOUTOR CARVALHO, Nº 1455 - NOSSA SENHORA DAS GRAÇAS - PASSOS;-207.352.269;-466.037.303;Q05002 - PROJETO DE DIVULGACAO DA NATACAO (C) (Prioridade: 1 - Alta);1CIA IND/2CIA/PEL PREV E VIST(PASSOS);BM1637305;Não;Não;Não;BOLETIM DE OCORRENCIA;Classificada;11/05/2023 07:33;Não
2023-27693317-0;(BM) 2023-021942385-001;10/05/2023 09:10;RUA DOUTOR CARVALHO, Nº 1455 - NOSSA SENHORA DAS GRAÇAS - PASSOS;-207.352.269;-466.037.303;Q03005 - TREINAMENTO DE SALVAMENTO TERRESTRE (C) (Prioridade: 2 - Média);1CIA IND/2CIA/1PEL(PASSOS);BM1178490;Não;Não;Não;BOLETIM DE OCORRENCIA;Classificada;11/05/2023 07:31;Não
2023-27695984-5;(BM) 2023-021972682-001;10/05/2023 12:50;RUA PRATAPOLIS, Nº 1281 - JARDIM ELAINE - PASSOS;-206.958.688;-466.132.048;W04000 - NADA CONSTATADO (C) (Prioridade: 3 - Baixa);1CIA IND/2CIA/1PEL(PASSOS);ASL00064;Não;Não;Não;BOLETIM DE OCORRENCIA;Classificada;11/05/2023 07:31;Não
2023-27696612-6;(BM) 2023-021975407-001;10/05/2023 13:39;RUA JURANDIR LEANDRO VIEIRA, Nº S/N - RESIDENCIAL VILLAGIO DI ITALIA - PASSOS;-207.345.147;-465.913.156;P02003 - VISTORIA EM LOTE VAGO (C) (Prioridade: 2 - Média);1CIA IND/2CIA/1PEL(PASSOS);ABTS0495;Não;Não;Não;BOLETIM DE OCORRENCIA;Classificada;11/05/2023 07:32;Não
2023-27696785-4;(BM) 2023-021977330-001;10/05/2023 13:52;RUA VENEZUELA, Nº 858 - PASSOS;-207.016.438;-466.020.068;P01001 - VISTORIA DE FISCALIZACAO (C) (Prioridade: 2 - Média);1CIA IND/2CIA/1PEL(PASSOS);ASL00064;Não;Não;Não;BOLETIM DE OCORRENCIA;Classificada;11/05/2023 07:32;Não
2023-27697018-0;(BM) 2023-021980350-001;10/05/2023 14:10;RUA JURANDIR LEANDRO VIEIRA, Nº S/N - RESIDENCIAL VILLAGIO DI ITALIA - PASSOS;-207.345.147;-465.913.156;P02003 - VISTORIA EM LOTE VAGO (C) (Prioridade: 2 - Média);1CIA IND/2CIA/1PEL(PASSOS);ABTS0495;Não;Não;Não;BOLETIM DE OCORRENCIA;Classificada;11/05/2023 07:32;Não
2023-27697187-8;(BM) 2023-022011105-001;10/05/2023 14:22;RUA JURANDIR LEANDRO VIEIRA, Nº S/N - RESIDENCIAL VILLAGIO DI ITALIA - PASSOS;-207.345.147;-465.913.156;P02003 - VISTORIA EM LOTE VAGO (C) (Prioridade: 2 - Média);1CIA IND/2CIA/1PEL(PASSOS);ABTS0495;Não;Não;Não;BOLETIM DE OCORRENCIA;Classificada;11/05/2023 07:32;Não
2023-27697226-8;(BM) 2023-021983403-001;10/05/2023 14:24;RUA JASPE, Nº 559 - ACLIMACAO - PASSOS;-207.521.638;-465.965.849;P01001 - VISTORIA DE FISCALIZACAO (C) (Prioridade: 2 - Média);1CIA IND/2CIA/1PEL(PASSOS);ASL00064;Não;Não;Não;BOLETIM DE OCORRENCIA;Classificada;11/05/2023 07:32;Não
2023-27697602-8;(BM) 2023-022010979-001;10/05/2023 14:41;RUA IRLANDA, Nº 376 - NOVO MUNDO 4 - PASSOS;-207.264.492;-465.879.267;O02001 - INCENDIO EM RESIDENCIA/HABITACAO UNIFAMILIAR (CASA) (C) (Prioridade: 1 - Alta);1CIA IND/2CIA/1PEL(PASSOS);ABTS0495;Não;Não;Não;BOLETIM DE OCORRENCIA;Classificada;11/05/2023 07:33;Não
2023-27697880-0;(BM) 2023-021991284-001;10/05/2023 14:53;AVENIDA JK, Nº 2245 - SERRA DAS BRISAS - PASSOS;-207.370.363;-465.962.778;P01001 - VISTORIA DE FISCALIZACAO (C) (Prioridade: 2 - Média);1CIA IND/2CIA/1PEL(PASSOS);ASL00064;Não;Não;Não;BOLETIM DE OCORRENCIA;Classificada;11/05/2023 07:32;Não
2023-27698995-8;(BM) 2023-022020294-001;10/05/2023 15:55;AVENIDA OLIVEIRA REZENDE, Nº 1217 - CENTRO - SAO SEBASTIAO PARAISO;-209.098.609;-469.961.759;X03000 - EMPENHO ADMINISTRATIVO (C) (Prioridade: 2 - Média);1CIA IND/2CIA/1PEL(PASSOS);ASL00064;Não;Não;Não;BOLETIM DE OCORRENCIA;Classificada;11/05/2023 07:32;Não
2023-27699354-9;(BM) 2023-022020450-001;10/05/2023 16:15;RUA JURANDIR LEANDRO VIEIRA, Nº S/N - RESIDENCIAL VILLAGIO DI ITALIA - PASSOS;-207.345.147;-465.913.156;P02003 - VISTORIA EM LOTE VAGO (C) (Prioridade: 2 - Média);1CIA IND/2CIA/1PEL(PASSOS);ABTS0495;Não;Não;Não;BOLETIM DE OCORRENCIA;Classificada;11/05/2023 07:32;Não
2023-27699358-0;(BM) 2023-022020385-001;10/05/2023 16:15;RUA JURANDIR LEANDRO VIEIRA, Nº S/N - RESIDENCIAL VILLAGIO DI ITALIA - PASSOS;-207.345.147;-465.913.156;P02003 - VISTORIA EM LOTE VAGO (C) (Prioridade: 2 - Média);1CIA IND/2CIA/1PEL(PASSOS);ABTS0495;Não;Não;Não;BOLETIM DE OCORRENCIA;Classificada;11/05/2023 07:32;Não
2023-27699461-9;(BM) 2023-022012021-001;10/05/2023 16:19;RUA FRANCISCO BARBOSA NASCIMENTO, Nº S/N - RESIDENCIAL VILLAGIO DI ITALIA - PASSOS;-207.304.765;-465.859.341;S06001 - SALVAMENTO DE ANIMAL EM RISCO / PERIGO (C) (Prioridade: 2 - Média);1CIA IND/2CIA/1PEL(PASSOS);ABTS0495;Não;Não;Não;BOLETIM DE OCORRENCIA;Classificada;11/05/2023 07:32;Não
2023-27706844-1;(BM) 2023-022094431-001;11/05/2023 00:29;RUA ALFA, Nº 676 - JARDIM SATELITE - PASSOS;-207.114.046;-466.204.986;S06002 - CAPTURA DE ANIMAL SILVESTRE PERIGOSO / AGRESSIVO (C) (Prioridade: 2 - Média);1CIA IND/2CIA/1PEL(PASSOS);ASL00064;Não;Não;Não;BOLETIM DE OCORRENCIA;Classificada;11/05/2023 07:33;Não
2023-27709589-2;(BM) 2023-022120040-001;11/05/2023 08:32;RUA JOSE MAERSON, Nº 72 - PASSOS;;;P01001 - VISTORIA DE FISCALIZACAO (C) (Prioridade: 2 - Média);1CIA IND/2CIA/1PEL(PASSOS);ASL00064;Não;Não;Não;BOLETIM DE OCORRENCIA;Classificada;12/05/2023 06:27;Não
2023-27709949-6;(BM) 2023-022123699-001;11/05/2023 08:56;RUA ONOFRE R TEIXEIRA, Nº 173 - PASSOS;;;P01001 - VISTORIA DE FISCALIZACAO (C) (Prioridade: 2 - Média);1CIA IND/2CIA/1PEL(PASSOS);ASL00064;Não;Não;Não;BOLETIM DE OCORRENCIA;Classificada;12/05/2023 06:27;Não
2023-27710093-4;(BM) 2023-022190048-001;11/05/2023 09:06;RUA DOUTOR CARVALHO, Nº 1455 - NOSSA SENHORA DAS GRAÇAS - PASSOS;-207.352.269;-466.037.303;Q05002 - PROJETO DE DIVULGACAO DA NATACAO (C) (Prioridade: 1 - Alta);1CIA IND/2CIA/PEL PREV E VIST(PASSOS);BM1637305;Não;Não;Não;BOLETIM DE OCORRENCIA;Classificada;12/05/2023 06:30;Não
2023-27710293-3;(BM) 2023-022128350-001;11/05/2023 09:17;RUA HUGO GOMES, Nº 180 - VILA BETINHO - PASSOS;-207.157.594;-466.355.812;P01001 - VISTORIA DE FISCALIZACAO (C) (Prioridade: 2 - Média);1CIA IND/2CIA/1PEL(PASSOS);ASL00064;Não;Não;Não;BOLETIM DE OCORRENCIA;Classificada;12/05/2023 06:28;Não
2023-27710696-0;(BM) 2023-022132659-001;11/05/2023 09:43;RUA DOUTOR CARVALHO, Nº S/N - CENTRO - PASSOS;-207.218.279;-466.083.676;W06000 - TESTE (C) (Prioridade: 3 - Baixa);1CIA IND/2CIA/1PEL(PASSOS);ABTS0495;Não;Não;Não;BOLETIM DE OCORRENCIA;Classificada;12/05/2023 06:27;Não
2023-27710817-2;(BM) 2023-022134360-001;11/05/2023 09:52;RUA MISSOES, Nº 800 - JARDIM PLANALTO - PASSOS;-207.175.849;-466.262.671;P01001 - VISTORIA DE FISCALIZACAO (C) (Prioridade: 2 - Média);1CIA IND/2CIA/1PEL(PASSOS);ASL00064;Não;Não;Não;BOLETIM DE OCORRENCIA;Classificada;12/05/2023 06:28;Não
2023-27711036-6;(BM) 2023-022137112-001;11/05/2023 10:06;RUA MISSOES, Nº 1061 - PASSOS;;;P01001 - VISTORIA DE FISCALIZACAO (C) (Prioridade: 2 - Média);1CIA IND/2CIA/1PEL(PASSOS);ASL00064;Não;Não;Não;BOLETIM DE OCORRENCIA;Classificada;12/05/2023 06:28;Não
2023-27711380-1;(BM) 2023-022141898-001;11/05/2023 10:27;RUA CARATINGA, Nº 92 - NOSSA SENHORA DE FATIMA - PASSOS;-207.020.998;-466.142.304;P01001 - VISTORIA DE FISCALIZACAO (C) (Prioridade: 2 - Média);1CIA IND/2CIA/1PEL(PASSOS);ASL00064;Não;Não;Não;BOLETIM DE OCORRENCIA;Classificada;12/05/2023 06:28;Não
2023-27711683-3;(BM) 2023-022145974-001;11/05/2023 10:48;RUA NOSSA SENHORA DE FATIMA, Nº 806 - NOSSA SENHORA DE FATIMA - PASSOS;-206.976.865;-466.155.477;P01001 - VISTORIA DE FISCALIZACAO (C) (Prioridade: 2 - Média);1CIA IND/2CIA/1PEL(PASSOS);ASL00064;Não;Não;Não;BOLETIM DE OCORRENCIA;Classificada;12/05/2023 06:28;Não
2023-27712008-6;(BM) 2023-022150074-001;11/05/2023 11:08;RUA GOIAS, Nº 11 - POLIVALENTE - PASSOS;-207.050.563;-466.071.122;P01001 - VISTORIA DE FISCALIZACAO (C) (Prioridade: 2 - Média);1CIA IND/2CIA/1PEL(PASSOS);ASL00064;Não;Não;Não;BOLETIM DE OCORRENCIA;Classificada;12/05/2023 06:28;Não
2023-27712381-0;(BM) 2023-022155080-001;11/05/2023 11:33;RUA ACEROLAS, Nº 229 - NOSSA SENHORA DE LOURDES - PASSOS;-206.984.613;-466.193.753;P01001 - VISTORIA DE FISCALIZACAO (C) (Prioridade: 2 - Média);1CIA IND/2CIA/1PEL(PASSOS);ASL00064;Não;Não;Não;BOLETIM DE OCORRENCIA;Classificada;12/05/2023 06:28;Não
2023-27712601-4;(BM) 2023-022157245-001;11/05/2023 11:47;RUA NOSSA SENHORA DE FATIMA, Nº 530 - PASSOS;-207.004.304;-466.149.583;P01001 - VISTORIA DE FISCALIZACAO (C) (Prioridade: 2 - Média);1CIA IND/2CIA/1PEL(PASSOS);ASL00064;Não;Não;Não;BOLETIM DE OCORRENCIA;Classificada;12/05/2023 06:28;Não
2023-27712680-0;(BM) 2023-022158369-001;11/05/2023 11:55;RUA COIMBRAS, Nº 648 - NOSSA SENHORA DE FATIMA - PASSOS;-207.027.603;-466.148.119;P01001 - VISTORIA DE FISCALIZACAO (C) (Prioridade: 2 - Média);1CIA IND/2CIA/1PEL(PASSOS);ASL00064;Não;Não;Não;BOLETIM DE OCORRENCIA;Classificada;12/05/2023 06:28;Não
2023-27713886-1;(BM) 2023-022171775-001;11/05/2023 13:38;AVENIDA OTTO KRAKAUER, Nº 1166 - SANTA CASA - PASSOS;-207.091.256;-466.119.607;P01001 - VISTORIA DE FISCALIZACAO (C) (Prioridade: 2 - Média);1CIA IND/2CIA/1PEL(PASSOS);ASL00064;Não;Não;Não;BOLETIM DE OCORRENCIA;Classificada;12/05/2023 06:28;Não
2023-27714286-0;(BM) 2023-022176304-001;11/05/2023 14:02;RUA DOM INACIO DALMONT, Nº 156 - CARMELO - PASSOS;-207.151.678;-466.060.684;P01001 - VISTORIA DE FISCALIZACAO (C) (Prioridade: 2 - Média);1CIA IND/2CIA/1PEL(PASSOS);ASL00064;Não;Não;Não;BOLETIM DE OCORRENCIA;Classificada;12/05/2023 06:28;Não
2023-27714448-0;(BM) 2023-022178868-001;11/05/2023 14:13;AVENIDA JK, Nº S/N - MONSENHOR MESSIAS - PASSOS;-207.342.178;-465.979.772;O04012 - INCENDIO EM LOTE VAGO (AREA URBANA) (C) (Prioridade: 2 - Média);1CIA IND/2CIA/1PEL(PASSOS);ABTS0495;Não;Não;Não;BOLETIM DE OCORRENCIA;Classificada;12/05/2023 06:29;Não
2023-27714514-2;(BM) 2023-022179518-001;11/05/2023 14:16;RUA VIRGINIA, Nº 222 - COHAB 2 - PASSOS;-207.109.304;-466.303.021;P01001 - VISTORIA DE FISCALIZACAO (C) (Prioridade: 2 - Média);1CIA IND/2CIA/1PEL(PASSOS);ASL00064;Não;Não;Não;BOLETIM DE OCORRENCIA;Classificada;12/05/2023 06:29;Não
2023-27714847-5;(BM) 2023-022183873-001;11/05/2023 14:36;RUA CRISTALINA, Nº 167 - JARDIM PLANALTO - PASSOS;-207.187.439;-466.236.362;P01001 - VISTORIA DE FISCALIZACAO (C) (Prioridade: 2 - Média);1CIA IND/2CIA/1PEL(PASSOS);ASL00064;Não;Não;Não;BOLETIM DE OCORRENCIA;Classificada;12/05/2023 06:29;Não
2023-27715172-6;(BM) 2023-022188575-001;11/05/2023 14:52;RUA PITANGUI, Nº 353 - COHAB 2 - PASSOS;-207.115.327;-466.299.875;P01001 - VISTORIA DE FISCALIZACAO (C) (Prioridade: 2 - Média);1CIA IND/2CIA/1PEL(PASSOS);ASL00064;Não;Não;Não;BOLETIM DE OCORRENCIA;Classificada;12/05/2023 06:29;Não
2023-27715223-5;(BM) 2023-022189990-001;11/05/2023 14:55;RUA JOAQUIM PIANTINO, Nº 83 - SAO BENEDITO - PASSOS;-207.189.479;-466.006.443;V01003 - VITIMA COM CRISE CONVULSIVA (C) (Prioridade: 1 - Alta);1CIA IND/2CIA/1PEL(PASSOS);UR04360;Não;Não;Não;BOLETIM DE OCORRENCIA;Classificada;12/05/2023 06:30;Não
2023-27715265-5;(BM) 2023-022189868-001;11/05/2023 14:58;PRACA GERALDO DA SILVA MAIA, Nº S/N - CENTRO - PASSOS;-207.208.941;-46.609.005;P03010 - PREVENCAO EM FESTA POPULAR (C) (Prioridade: 2 - Média);1CIA IND/2CIA/1PEL(PASSOS);ABTS0495;Não;Não;Não;BOLETIM DE OCORRENCIA;Classificada;12/05/2023 06:29;Não
2023-27716588-0;(BM) 2023-022207125-001;11/05/2023 16:06;RUA COIMBRAS, Nº S/N - NOSSA SENHORA DE LOURDES - PASSOS;-206.987.548;-466.163.657;O04013 - INCENDIO EM PASTO (C) (Prioridade: 2 - Média);1CIA IND/2CIA/1PEL(PASSOS);ABTS0495;Não;Não;Não;BOLETIM DE OCORRENCIA;Classificada;12/05/2023 06:29;Não
2023-27716851-3;(BM) 2023-022210172-001;11/05/2023 16:18;RUA JOSE LUIZ FIGUEIREDO PIRUA, Nº 41 - PARQUE DA ESTACAO - PASSOS;-207.048.086;-466.108.787;V02408 - VITIMA DE COLISAO ENTRE AUTOMOVEL X MOTOCICLETA (C) (Prioridade: 1 - Alta);1CIA IND/2CIA/1PEL(PASSOS);UR04360;Não;Não;Não;BOLETIM DE OCORRENCIA;Classificada;12/05/2023 06:30;Não
2023-27722584-3;(BM) 2023-022310599-001;11/05/2023 22:13;RUA MARIANA, Nº S/N - CALIFORNIA - PASSOS;-207.049.366;-466.168.442;V01018 - VITIMA DE MAL NAO DEFINIDO (DISTURBIO) (C) (Prioridade: 1 - Alta);1CIA IND/2CIA/1PEL(PASSOS);UR04360;Não;Não;Não;ATENDIDA PELO SAMU;Classificada;12/05/2023 06:30;Não
2023-27723228-4;(BM) 2023-022279464-001;11/05/2023 22:58;RUA JULIANA LIMA BORSARI, Nº 211 - PASSOS;;;S06001 - SALVAMENTO DE ANIMAL EM RISCO / PERIGO (C) (Prioridade: 2 - Média);1CIA IND/2CIA/1PEL(PASSOS);ASL00064;Não;Não;Não;BOLETIM DE OCORRENCIA;Classificada;12/05/2023 06:29;Não
2023-27726543-8;(BM) 2023-022312243-001;12/05/2023 07:52;AVENIDA JOSE EVARISTO SANTANA, Nº 6 - CARMO DO RIO CLARO;-209.707.856;-461.254.099;P01003 - VISTORIA EM EVENTOS TEMPORARIOS (C) (Prioridade: 1 - Alta);1CIA IND/2CIA/1PEL(PASSOS);ASL00064;Não;Não;Não;BOLETIM DE OCORRENCIA;Classificada;13/05/2023 08:01;Não
2023-27727187-0;(BM) 2023-022318751-001;12/05/2023 08:50;RUA PROFESSOR TEODORO CORREA SINTRA, Nº 41 - COHAB 4 - PASSOS;-207.181.568;-466.352.109;V01018 - VITIMA DE MAL NAO DEFINIDO (DISTURBIO) (C) (Prioridade: 1 - Alta);1CIA IND/2CIA/1PEL(PASSOS);UR04360;Não;Não;Não;BOLETIM DE OCORRENCIA;Classificada;13/05/2023 08:01;Não
2023-27728235-7;(BM) 2023-022338358-001;12/05/2023 10:17;RUA DOS PROFESSORES, Nº 120 - NOSSA SENHORA DAS GRAÇAS - PASSOS;-207.372.816;-466.042.545;V03018 - VITIMA DE QUEDA DA PROPRIA ALTURA (C) (Prioridade: 1 - Alta);1CIA IND/2CIA/1PEL(PASSOS);UR04360;Não;Não;Não;BOLETIM DE OCORRENCIA;Classificada;13/05/2023 08:01;Não
2023-27728600-0;(BM) 2023-022338254-001;12/05/2023 10:45;RODOVIA MG 050, Km 352 - SERRA DAS BRISAS - PASSOS;-207.369.273;-465.907.132;P01001 - VISTORIA DE FISCALIZACAO (C) (Prioridade: 2 - Média);1CIA IND/2CIA/1PEL(PASSOS);ASL00064;Não;Não;Não;BOLETIM DE OCORRENCIA;Classificada;13/05/2023 08:02;Não
2023-27729960-1;(BM) 2023-022353159-001;12/05/2023 12:49;RUA DOUTOR CARVALHO, Nº 1455 - NOSSA SENHORA DAS GRAÇAS - PASSOS;-207.352.269;-466.037.303;Q03006 - TREINAMENTO DE FORMACAO DE BRIGADAS (C) (Prioridade: 2 - Média);1CIA IND/2CIA/COMANDANTE(PASSOS);BM1235613;Não;Não;Não;BOLETIM DE OCORRENCIA;Classificada;13/05/2023 08:02;Não
2023-27730145-9;(BM) 2023-022355734-001;12/05/2023 13:09;RUA QUEBEC, Nº 361 - JARDIM CANADA II - PASSOS;-207.543.788;-466.115.416;P01001 - VISTORIA DE FISCALIZACAO (C) (Prioridade: 2 - Média);1CIA IND/2CIA/1PEL(PASSOS);ASL00064;Não;Não;Não;BOLETIM DE OCORRENCIA;Classificada;13/05/2023 08:02;Não
2023-27730148-7;(BM) 2023-022355750-001;12/05/2023 13:10;RUA TURQUESA, Nº 1316 - PASSOS;-207.550.548;-466.025.079;P01001 - VISTORIA DE FISCALIZACAO (C) (Prioridade: 2 - Média);1CIA IND/2CIA/1PEL(PASSOS);ASL00064;Não;Não;Não;BOLETIM DE OCORRENCIA;Classificada;13/05/2023 08:02;Não
2023-27730341-7;(BM) 2023-022357774-001;12/05/2023 13:22;RUA MINAS GERAIS, Nº S/N - CENTRO - SAO JOAO BATISTA GLORIA;-206.451.528;-465.059.426;X03000 - EMPENHO ADMINISTRATIVO (C) (Prioridade: 2 - Média);1CIA IND/2CIA/1PEL(PASSOS);ASL00064;Não;Não;Não;BOLETIM DE OCORRENCIA;Classificada;13/05/2023 08:02;Não
2023-27731643-1;(BM) 2023-022374380-001;12/05/2023 14:53;RUA ACRE, Nº 496 - SANTA LUZIA - PASSOS;-207.118.393;-466.021.639;P02001 - VISTORIA EM HIDRANTE (C) (Prioridade: 2 - Média);1CIA IND/2CIA/1PEL(PASSOS);ASL00064;Não;Não;Não;BOLETIM DE OCORRENCIA;Classificada;13/05/2023 08:02;Não
2023-27733285-4;(BM) 2023-022395463-001;12/05/2023 16:22;RUA PARATI, Nº S/N - RECANTO DA HARMONIA - PASSOS;-207.073.395;-465.954.095;V01018 - VITIMA DE MAL NAO DEFINIDO (DISTURBIO) (C) (Prioridade: 1 - Alta);1CIA IND/2CIA/1PEL(PASSOS);UR04360;Não;Não;Não;BOLETIM DE OCORRENCIA;Classificada;13/05/2023 08:01;Não
2023-27734051-9;(BM) 2023-022404691-001;12/05/2023 17:04;AVENIDA NACOES, Nº 259 - VILA RICA - PASSOS;-20.727.933;-465.984.176;P02001 - VISTORIA EM HIDRANTE (C) (Prioridade: 2 - Média);1CIA IND/2CIA/1PEL(PASSOS);ASL00064;Não;Não;Não;BOLETIM DE OCORRENCIA;Classificada;13/05/2023 08:02;Não
2023-27734123-8;(BM) 2023-022405774-001;12/05/2023 17:09;RUA LEQUE, Nº S/N - RESIDENCIAL PORTAL DAS PALMEIRAS - PASSOS;-206.979.662;-466.098.228;O04012 - INCENDIO EM LOTE VAGO (AREA URBANA) (C) (Prioridade: 2 - Média);1CIA IND/2CIA/1PEL(PASSOS);ABTS0495;Não;Não;Não;BOLETIM DE OCORRENCIA;Classificada;13/05/2023 08:02;Não
2023-27734209-1;(BM) 2023-022406584-001;12/05/2023 17:14;AVENIDA OTTO KRAKAUER, Nº 914 - SANTA CASA - PASSOS;-207.113.149;-466.112.597;P02001 - VISTORIA EM HIDRANTE (C) (Prioridade: 2 - Média);1CIA IND/2CIA/1PEL(PASSOS);ASL00064;Não;Não;Não;BOLETIM DE OCORRENCIA;Classificada;13/05/2023 08:01;Não
2023-27734668-9;(BM) 2023-022411953-001;12/05/2023 17:42;RUA JOSE MERCHIORATO, Nº S/N - SANTA CASA - PASSOS;-207.115.647;-466.110.439;P02001 - VISTORIA EM HIDRANTE (C) (Prioridade: 2 - Média);1CIA IND/2CIA/1PEL(PASSOS);ASL00064;Não;Não;Não;BOLETIM DE OCORRENCIA;Classificada;13/05/2023 08:01;Não
2023-27737589-0;(BM) 2023-022441200-001;12/05/2023 20:44;RUA DOUTOR CARVALHO, Nº 1455 - NOSSA SENHORA DAS GRAÇAS - PASSOS;-207.352.269;-466.037.303;Q03017 - TREINAMENTO DE PRIMEIROS SOCORROS (C) (Prioridade: 2 - Média);1CIA IND/2CIA/1PEL(PASSOS);BM1787357;Não;Não;Não;BOLETIM DE OCORRENCIA;Classificada;13/05/2023 08:01;Não
2023-27740870-4;(BM) 2023-022472502-001;13/05/2023 00:00;RUA CRISTALINA, Nº 167 - JARDIM PLANALTO - PASSOS;-207.187.439;-466.236.362;V01018 - VITIMA DE MAL NAO DEFINIDO (DISTURBIO) (C) (Prioridade: 1 - Alta);1CIA IND/2CIA/1PEL(PASSOS);UR04360;Não;Não;Não;BOLETIM DE OCORRENCIA;Classificada;13/05/2023 08:01;Não
2023-27744202-9;(BM) 2023-022500304-001;13/05/2023 08:07;RUA DOUTOR CARVALHO, Nº 1455 - NOSSA SENHORA DAS GRAÇAS - PASSOS;-207.352.269;-466.037.303;W06000 - TESTE (C) (Prioridade: 3 - Baixa);1CIA IND/2CIA/1PEL(PASSOS);1193;Não;Não;Não;BOLETIM DE OCORRENCIA;Classificada;14/05/2023 05:52;Não
2023-27744926-9;(BM) 2023-022509907-001;13/05/2023 09:37;RUA CAIAPOS, Nº 253 - SAO BENEDITO - PASSOS;-207.189.804;-466.026.501;V01023 - VITIMA DE SINCOPE (DESMAIO)/VERTIGEM (C) (Prioridade: 1 - Alta);1CIA IND/2CIA/1PEL(PASSOS);UR04360;Não;Não;Não;BOLETIM DE OCORRENCIA;Classificada;14/05/2023 05:53;Não
2023-27745591-8;(BM) 2023-022524777-001;13/05/2023 10:48;RUA DOUTOR CARVALHO, Nº 222 - CENTRO - PASSOS;-207.237.706;-46.607.898;X03000 - EMPENHO ADMINISTRATIVO (C) (Prioridade: 2 - Média);1CIA IND/2CIA/1PEL(PASSOS);UR04360;Não;Não;Não;BOLETIM DE OCORRENCIA;Classificada;14/05/2023 05:52;Não
2023-27745597-4;(BM) 2023-022512982-001;13/05/2023 10:50;RUA DOUTOR CARVALHO, Nº 1455 - NOSSA SENHORA DAS GRAÇAS - PASSOS;-207.352.269;-466.037.303;Q03003 - TREINAMENTO DE SALVAMENTO AQUATICO (C) (Prioridade: 2 - Média);1CIA IND/2CIA/1PEL(PASSOS);BM1636836;Não;Não;Não;BOLETIM DE OCORRENCIA;Classificada;14/05/2023 05:52;Não
2023-27752819-4;(BM) 2023-022583721-001;13/05/2023 19:50;PRACA DONA MARIA GOULART, Nº S/N - CENTRO - CARMO DO RIO CLARO;-209.733.925;-461.178.405;P01001 - VISTORIA DE FISCALIZACAO (C) (Prioridade: 2 - Média);1CIA IND/2CIA/1PEL(PASSOS);ASL00064;Não;Não;Não;BOLETIM DE OCORRENCIA;Classificada;14/05/2023 05:52;Não
2023-27753001-8;(BM) 2023-022585116-001;13/05/2023 20:00;RUA ESTUDANTES, Nº S/N - PENHA - PASSOS;-207.167.482;-466.178.153;O04012 - INCENDIO EM LOTE VAGO (AREA URBANA) (C) (Prioridade: 2 - Média);1CIA IND/2CIA/1PEL(PASSOS);ABTS0495;Não;Não;Não;BOLETIM DE OCORRENCIA;Classificada;14/05/2023 05:53;Não
2023-27756244-6;;13/05/2023 23:12;AVENIDA SABIA, Nº S/N - MUARAMA 2 - PASSOS;-207.330.855;-466.157.928;W06000 - TESTE (C) (Prioridade: 3 - Baixa);1CIA IND/2CIA/1PEL(PASSOS);;Não;Não;Não;TESTE;Classificada;13/05/2023 23:26;Não
2023-27758343-9;(BM) 2023-022633696-001;14/05/2023 01:20;AVENIDA COMENDADOR FRANCISCO A MAIA, Nº 386 - EXPOSICAO - PASSOS;-207.315.083;-466.057.255;V02202 - VITIMA DE CHOQUE DE MOTOCICLETA (C) (Prioridade: 1 - Alta);1CIA IND/2CIA/1PEL(PASSOS);UR04360;Não;Não;Não;BOLETIM DE OCORRENCIA;Classificada;14/05/2023 05:53;Não
2023-27759713-1;(BM) 2023-022642762-001;14/05/2023 03:57;RUA ELZA DA COSTA FIGUEIREDO, Nº 263 - JARDIM PLANALTO - PASSOS;-207.227.905;-466.261.784;V03018 - VITIMA DE QUEDA DA PROPRIA ALTURA (C) (Prioridade: 1 - Alta);1CIA IND/2CIA/1PEL(PASSOS);UR04360;Não;Não;Não;BOLETIM DE OCORRENCIA;Classificada;14/05/2023 05:53;Não
2023-27760383-6;(BM) 2023-022655460-001;14/05/2023 07:07;PRACA MONSENHOR MESSIAS BRAGANCA, Nº S/N - MONSENHOR MESSIAS - PASSOS;-207.375.852;-465.986.645;P03013 - PREVENCAO EM DESFILE (C) (Prioridade: 2 - Média);1CIA IND/2CIA/1PEL(PASSOS);ABTS0495 / ASL00064 / UR04360;Não;Não;Não;BOLETIM DE OCORRENCIA;Classificada;15/05/2023 18:00;Não
2023-27761228-9;(BM) 2023-022656177-001;14/05/2023 09:24;PRACA MONSENHOR MESSIAS BRAGANCA, Nº S/N - MONSENHOR MESSIAS - PASSOS;-207.375.852;-465.986.645;X03000 - EMPENHO ADMINISTRATIVO (C) (Prioridade: 2 - Média);1CIA IND/2CIA/1PEL(PASSOS);BM1797331;Não;Não;Não;BOLETIM DE OCORRENCIA;Classificada;19/05/2023 06:38;Não
2023-27761463-9;(BM) 2023-022658122-001;14/05/2023 09:56;RUA CANOAS, Nº S/N - NOVO HORIZONTE - PASSOS;-207.335.074;-466.020.721;V03018 - VITIMA DE QUEDA DA PROPRIA ALTURA (C) (Prioridade: 1 - Alta);1CIA IND/2CIA/1PEL(PASSOS);UR04360;Não;Não;Não;BOLETIM DE OCORRENCIA;Classificada;15/05/2023 18:01;Não
2023-27762000-6;(BM) 2023-022663216-001;14/05/2023 11:04;AVENIDA JK, Nº S/N - MONSENHOR MESSIAS - PASSOS;-207.342.178;-465.979.772;P03010 - PREVENCAO EM FESTA POPULAR (C) (Prioridade: 2 - Média);1CIA IND/2CIA/1PEL(PASSOS);ASL00064;Não;Não;Não;BOLETIM DE OCORRENCIA;Classificada;15/05/2023 18:00;Não
2023-27762419-2;(BM) 2023-022666746-001;14/05/2023 12:08;AVENIDA SABIA, Nº S/N - MUARAMA 2 - PASSOS;-207.330.855;-466.157.928;S06002 - CAPTURA DE ANIMAL SILVESTRE PERIGOSO / AGRESSIVO (C) (Prioridade: 2 - Média);1CIA IND/2CIA/1PEL(PASSOS);ASL00064;Não;Não;Não;BOLETIM DE OCORRENCIA;Classificada;15/05/2023 18:00;Não
2023-27764102-7;(BM) 2023-022683940-001;14/05/2023 15:04;RUA JOAO FELICIANO DA SILVEIRA, Nº S/N - PENHA 2 - PASSOS;-207.174.198;-466.312.065;S06002 - CAPTURA DE ANIMAL SILVESTRE PERIGOSO / AGRESSIVO (C) (Prioridade: 2 - Média);1CIA IND/2CIA/1PEL(PASSOS);ASL00064;Não;Não;Não;BOLETIM DE OCORRENCIA;Classificada;15/05/2023 18:00;Não
2023-27764516-0;(BM) 2023-022687622-001;14/05/2023 15:34;RUA DOUTOR CARVALHO, Nº 1455 - NOSSA SENHORA DAS GRAÇAS - PASSOS;-207.352.269;-466.037.303;Q03001 - TREINAMENTO DE COMBATE A INCENDIO (C) (Prioridade: 2 - Média);1CIA IND/2CIA/1PEL(PASSOS);BM1256320;Não;Não;Não;BOLETIM DE OCORRENCIA;Classificada;15/05/2023 18:00;Não
2023-27764584-0;(BM) 2023-022689779-001;14/05/2023 15:37;AVENIDA PERIMETRAL, Nº S/N - PARQUE DA ESTACAO - PASSOS;-207.057.771;-466.097.547;P02003 - VISTORIA EM LOTE VAGO (C) (Prioridade: 2 - Média);1CIA IND/2CIA/1PEL(PASSOS);ASL00064;Não;Não;Não;BOLETIM DE OCORRENCIA;Classificada;15/05/2023 18:00;Não
2023-27764819-1;(BM) 2023-022690591-001;14/05/2023 15:51;AVENIDA PERIMETRAL, Nº S/N - PARQUE DA ESTACAO - PASSOS;-207.057.771;-466.097.547;P02003 - VISTORIA EM LOTE VAGO (C) (Prioridade: 2 - Média);1CIA IND/2CIA/1PEL(PASSOS);ASL00064;Não;Não;Não;BOLETIM DE OCORRENCIA;Classificada;15/05/2023 18:00;Não
2023-27765060-4;(BM) 2023-022698494-001;14/05/2023 16:05;AVENIDA PERIMETRAL, Nº S/N - PARQUE DA ESTACAO - PASSOS;-207.057.771;-466.097.547;P02003 - VISTORIA EM LOTE VAGO (C) (Prioridade: 2 - Média);1CIA IND/2CIA/1PEL(PASSOS);ASL00064;Não;Não;Não;BOLETIM DE OCORRENCIA;Classificada;15/05/2023 18:01;Não
2023-27765190-0;(BM) 2023-022698350-001;14/05/2023 16:15;RUA DOUTOR CARVALHO, Nº 1455 - NOSSA SENHORA DAS GRAÇAS - PASSOS;-207.352.269;-466.037.303;Q03005 - TREINAMENTO DE SALVAMENTO TERRESTRE (C) (Prioridade: 2 - Média);1CIA IND/2CIA/1PEL(PASSOS);BM1730183;Não;Não;Não;BOLETIM DE OCORRENCIA;Classificada;15/05/2023 18:01;Não
2023-27765196-6;(BM) 2023-022698440-001;14/05/2023 16:16;AVENIDA PERIMETRAL, Nº S/N - PARQUE DA ESTACAO - PASSOS;-207.057.771;-466.097.547;P02003 - VISTORIA EM LOTE VAGO (C) (Prioridade: 2 - Média);1CIA IND/2CIA/1PEL(PASSOS);ASL00064;Não;Não;Não;BOLETIM DE OCORRENCIA;Classificada;15/05/2023 18:01;Não
2023-27765428-0;(BM) 2023-022698375-001;14/05/2023 16:30;AVENIDA PERIMETRAL, Nº S/N - PARQUE DA ESTACAO - PASSOS;-207.057.771;-466.097.547;P02003 - VISTORIA EM LOTE VAGO (C) (Prioridade: 2 - Média);1CIA IND/2CIA/1PEL(PASSOS);ASL00064;Não;Não;Não;BOLETIM DE OCORRENCIA;Classificada;15/05/2023 18:01;Não
2023-27766462-3;(BM) 2023-022711818-001;14/05/2023 17:37;RUA BARAO DE PASSOS, Nº S/N - CENTRO - PASSOS;-207.194.995;-466.074.223;V01026 - TRANSPORTE INTER-HOSPITALAR (C) (Prioridade: 2 - Média);1CIA IND/2CIA/1PEL(PASSOS);UR04360;Não;Não;Não;BOLETIM DE OCORRENCIA;Classificada;15/05/2023 18:01;Não
2023-27767039-9;(BM) 2023-022716431-001;14/05/2023 18:15;RUA SANTO ONOFRE / RUA TIRADENTES - CANJERANUS - PASSOS;-207.117.996;-466.030.963;W03000 - SOLICITANTE ENCONTRADO - PROVIDENCIA DISPENSADA (C) (Prioridade: 3 - Baixa);1CIA IND/2CIA/1PEL(PASSOS);UR04360;Não;Não;Não;BOLETIM DE OCORRENCIA;Classificada;15/05/2023 17:59;Não
2023-27768537-1;(BM) 2023-022754904-001;14/05/2023 19:41;RODOVIA BR 265, Km 485 - CARMO DO RIO CLARO;-209.311.346;-459.044.811;W10000 - DISPENSADA POR DUPLICIDADE DE EMPENHO COM OUTROS ORGAOS (C) (Prioridade: 1 - Alta);1CIA IND/2CIA/1PEL(PASSOS);ABTS0495;Não;Não;Não;BOLETIM DE OCORRENCIA;Classificada;15/05/2023 18:01;Não
2023-27769008-6;(BM) 2023-022735610-001;14/05/2023 20:13;ESTRADA PORTO VELHO, Nº S/N - PASSOS;-20.669.863;-465.313.596;S05103 - CHOQUE DE AUTOMOVEL (CARRO, CAMIONETA, CAMINHONETE) (C) (Prioridade: 1 - Alta);1CIA IND/2CIA/1PEL(PASSOS);UR04360 / ASL00064;Não;Não;Não;BOLETIM DE OCORRENCIA;Classificada;15/05/2023 18:01;Não
2023-27771867-4;(BM) 2023-022756370-001;14/05/2023 23:08;RUA RONDONIA, Nº 317 - BELA VISTA - PASSOS;-20.718.744;-465.984.687;W04000 - NADA CONSTATADO (C) (Prioridade: 3 - Baixa);1CIA IND/2CIA/1PEL(PASSOS);UR04360;Não;Não;Não;BOLETIM DE OCORRENCIA;Classificada;15/05/2023 18:00;Não
2023-27774482-6;(BM) 2023-022779804-001;15/05/2023 06:56;RUA MACHADO DE ASSIS, Nº 416 - SAO FRANCISCO - PASSOS;-207.250.762;-466.175.586;V01018 - VITIMA DE MAL NAO DEFINIDO (DISTURBIO) (C) (Prioridade: 1 - Alta);1CIA IND/2CIA/1PEL(PASSOS);UR04360;Não;Não;Não;BOLETIM DE OCORRENCIA;Classificada;15/05/2023 18:02;Não
2023-27774843-2;(BM) 2023-022783304-001;15/05/2023 07:41;RUA JOAO PESSOA, Nº S/N - CENTRO - SAO JOAO BATISTA GLORIA;-206.405.797;-465.065.334;X03000 - EMPENHO ADMINISTRATIVO (C) (Prioridade: 2 - Média);1CIA IND/2CIA/1PEL(PASSOS);ASL00064;Não;Não;Não;BOLETIM DE OCORRENCIA;Classificada;15/05/2023 18:02;Não
2023-27774936-1;(BM) 2023-022901724-001;15/05/2023 07:57;RUA DOUTOR CARVALHO, Nº 1455 - NOSSA SENHORA DAS GRAÇAS - PASSOS;-207.352.269;-466.037.303;Q03006 - TREINAMENTO DE FORMACAO DE BRIGADAS (C) (Prioridade: 2 - Média);1CIA IND/2CIA/COMANDANTE(PASSOS);BM1235613;Não;Não;Não;BOLETIM DE OCORRENCIA;Classificada;17/05/2023 08:01;Não
2023-27775186-9;(BM) 2023-022786442-001;15/05/2023 08:21;RUA DOUTOR CARVALHO, Nº 1455 - NOSSA SENHORA DAS GRAÇAS - PASSOS;-207.352.269;-466.037.303;Q03017 - TREINAMENTO DE PRIMEIROS SOCORROS (C) (Prioridade: 2 - Média);1CIA IND/2CIA/1PEL(PASSOS);BM1551159;Não;Não;Não;BOLETIM DE OCORRENCIA;Classificada;17/05/2023 08:01;Não
2023-27775791-6;(BM) 2023-022793641-001;15/05/2023 09:14;RUA AURORA, Nº 59 - SAO BENEDITO - PASSOS;-207.230.284;-466.023.035;V03018 - VITIMA DE QUEDA DA PROPRIA ALTURA (C) (Prioridade: 1 - Alta);1CIA IND/2CIA/1PEL(PASSOS);UR04360;Não;Não;Não;BOLETIM DE OCORRENCIA;Classificada;17/05/2023 07:59;Não
2023-27776104-0;(BM) 2023-022798068-001;15/05/2023 09:37;TRAVESSA ARY BRASILEIRO DE CASTRO, Nº 272 - CENTRO - SAO JOSE DA BARRA;-207.163.701;-463.132.678;Q02010 - PALESTRA DE DEFESA CIVIL (C) (Prioridade: 2 - Média);1CIA IND/2CIA/1PEL(PASSOS);BM1274612;Não;Não;Não;BOLETIM DE OCORRENCIA;Classificada;17/05/2023 08:01;Não
2023-27777796-0;(BM) 2023-022821337-001;15/05/2023 11:51;RUA NITEROI, Nº 753 - RECANTO DA HARMONIA - PASSOS;-207.033.142;-465.990.558;S06002 - CAPTURA DE ANIMAL SILVESTRE PERIGOSO / AGRESSIVO (C) (Prioridade: 2 - Média);1CIA IND/2CIA/1PEL(PASSOS);UR04360;Não;Não;Não;BOLETIM DE OCORRENCIA;Classificada;17/05/2023 08:00;Não
2023-27780159-5;(BM) 2023-022849691-001;15/05/2023 14:42;AVENIDA FLORIANOPOLIS, Nº 2 - NOVO HORIZONTE - SAO JOAO BATISTA GLORIA;-206.299.742;-465.053.599;X03000 - EMPENHO ADMINISTRATIVO (C) (Prioridade: 2 - Média);1CIA IND/2CIA/1PEL(PASSOS);ASL00064;Não;Não;Não;BOLETIM DE OCORRENCIA;Classificada;17/05/2023 08:00;Não
2023-27780847-8;(BM) 2023-022880322-001;15/05/2023 15:13;RODOVIA MG 050, Nº S/N - SANTA TEREZINHA - ITAU DE MINAS;-207.498.551;-467.534.723;O04014 - INCENDIO AS MARGENS DE RODOVIA (C) (Prioridade: 2 - Média);1CIA IND/2CIA/1PEL(PASSOS);ABTS0495;Não;Não;Não;BOLETIM DE OCORRENCIA;Classificada;17/05/2023 08:00;Não
2023-27781049-2;(BM) 2023-022970195-001;15/05/2023 15:24;RUA DOUTOR DARCY DE PAULA SILVEIRA, Nº 10 - COHAB 3 - PASSOS;-207.047.379;-466.213.609;V01018 - VITIMA DE MAL NAO DEFINIDO (DISTURBIO) (C) (Prioridade: 1 - Alta);1CIA IND/2CIA/1PEL(PASSOS);UR04360;Não;Não;Não;BOLETIM DE OCORRENCIA;Classificada;17/05/2023 07:59;Não
2023-27782237-8;(BM) 2023-022876982-001;15/05/2023 16:26;RUA DOUTOR CARVALHO, Nº 1455 - NOSSA SENHORA DAS GRAÇAS - PASSOS;-207.352.269;-466.037.303;Q05002 - PROJETO DE DIVULGACAO DA NATACAO (C) (Prioridade: 1 - Alta);1CIA IND/2CIA/PEL PREV E VIST(PASSOS);BM1637305;Não;Não;Não;BOLETIM DE OCORRENCIA;Classificada;17/05/2023 07:58;Não
2023-27782542-1;(BM) 2023-022970217-001;15/05/2023 16:41;RUA MOGIANA, Nº S/N - PARQUE DA ESTACAO - PASSOS;-207.075.521;-466.105.246;Y40035 - APOIO DE SOLO EM OPERACOES AEREAS (C) (Prioridade: 2 - Média);1CIA IND/2CIA/1PEL(PASSOS);ABTS0495;Não;Não;Não;BOLETIM DE OCORRENCIA;Classificada;17/05/2023 08:00;Não
2023-27784002-5;(BM) 2023-022898469-001;15/05/2023 17:57;RUA PRESIDENTE ANTONIO CARLOS, Nº 267 - CENTRO - PASSOS;-207.185.643;-466.096.727;V03005 - VITIMA DE AGRESSAO FISICA SEM USO DE ARMA (C) (Prioridade: 1 - Alta);1CIA IND/2CIA/1PEL(PASSOS);UR04360;Não;Não;Não;BOLETIM DE OCORRENCIA;Classificada;17/05/2023 07:58;Não
2023-27787541-6;(BM) 2023-022970170-001;15/05/2023 21:52;RUA SANTOS DUMONT, Nº S/N - MARIO MAGALHAES - PASSOS;-207.288.895;-466.105.692;S06002 - CAPTURA DE ANIMAL SILVESTRE PERIGOSO / AGRESSIVO (C) (Prioridade: 2 - Média);1CIA IND/2CIA/1PEL(PASSOS);ASL00064;Não;Não;Não;BOLETIM DE OCORRENCIA;Classificada;17/05/2023 07:59;Não
2023-27788716-3;(BM) 2023-022954781-001;15/05/2023 23:18;TRAVESSA BELO HORIZONTE, Nº 229 - BELO HORIZONTE - PASSOS;-207.285.681;-466.067.703;V01018 - VITIMA DE MAL NAO DEFINIDO (DISTURBIO) (C) (Prioridade: 1 - Alta);1CIA IND/2CIA/1PEL(PASSOS);UR04360;Não;Não;Não;BOLETIM DE OCORRENCIA;Classificada;17/05/2023 07:58;Não
2023-27791019-8;(BM) 2023-022973706-001;16/05/2023 07:36;RUA LAVRAS, Nº 288 - FURNAS - SAO JOSE DA BARRA;-20.679.014;-463.342.384;X03000 - EMPENHO ADMINISTRATIVO (C) (Prioridade: 2 - Média);1CIA IND/2CIA/1PEL(PASSOS);ASL00064;Não;Não;Não;BOLETIM DE OCORRENCIA;Classificada;17/05/2023 07:59;Não
2023-27791220-6;(BM) 2023-022976268-001;16/05/2023 07:59;RUA DOUTOR CARVALHO, Nº 1455 - NOSSA SENHORA DAS GRAÇAS - PASSOS;-207.352.269;-466.037.303;Q03006 - TREINAMENTO DE FORMACAO DE BRIGADAS (C) (Prioridade: 2 - Média);1CIA IND/2CIA/COMANDANTE(PASSOS);BM1235613;Não;Não;Não;BOLETIM DE OCORRENCIA;Classificada;17/05/2023 07:59;Não
2023-27791576-4;(BM) 2023-022979183-002;16/05/2023 08:34;RUA DOUTOR SEPULVEDA, Nº S/N - SANTA CASA - PASSOS;-207.105.701;-466.129.292;P03014 - PREVENCAO EM POUSO E DECOLAGEM DE AERONAVE (C) (Prioridade: 2 - Média);1CIA IND/2CIA/1PEL(PASSOS);ABTS0495 / UR04360;Não;Não;Não;BOLETIM DE OCORRENCIA;Classificada;17/05/2023 07:59;Não
2023-27791798-6;(BM) 2023-022981890-001;16/05/2023 08:57;RUA DOUTOR CARVALHO, Nº 1455 - NOSSA SENHORA DAS GRAÇAS - PASSOS;-207.352.269;-466.037.303;Q05002 - PROJETO DE DIVULGACAO DA NATACAO (C) (Prioridade: 1 - Alta);1CIA IND/2CIA/PEL PREV E VIST(PASSOS);BM1637305;Não;Não;Não;BOLETIM DE OCORRENCIA;Classificada;17/05/2023 07:58;Não
2023-27794087-4;(BM) 2023-023017257-001;16/05/2023 12:14;RUA PITANGUI, Nº 384 - COHAB 2 - PASSOS;-207.113.774;-466.303.274;W03000 - SOLICITANTE ENCONTRADO - PROVIDENCIA DISPENSADA (C) (Prioridade: 3 - Baixa);1CIA IND/2CIA/1PEL(PASSOS);UR04360;Não;Não;Não;BOLETIM DE OCORRENCIA;Classificada;17/05/2023 08:01;Não
2023-27794199-8;(BM) 2023-023028140-001;16/05/2023 12:25;RODOVIA MG 050, Km 283 - CAPITOLIO;-205.849.929;-460.560.529;X03000 - EMPENHO ADMINISTRATIVO (C) (Prioridade: 2 - Média);1CIA IND/2CIA/1PEL(PASSOS);ASL00064;Não;Não;Não;BOLETIM DE OCORRENCIA;Classificada;17/05/2023 07:59;Não
2023-27794555-0;(BM) 2023-023041152-002;16/05/2023 13:02;RODOVIA MG 050, Km 361 - PASSOS;-207.369.433;-466.596.676;Q03999 - OUTROS TIPOS DE TREINAMENTO (C) (Prioridade: 2 - Média);1CIA IND/2CIA/1PEL(PASSOS);ABTS0495 / UR04360;Não;Não;Não;BOLETIM DE OCORRENCIA;Classificada;17/05/2023 07:59;Não
2023-27796154-0;(BM) 2023-023036360-001;16/05/2023 14:43;RUA LOULOU, Nº 170 - SAO BENEDITO - PASSOS;-207.242.414;-466.016.724;V03018 - VITIMA DE QUEDA DA PROPRIA ALTURA (C) (Prioridade: 1 - Alta);1CIA IND/2CIA/1PEL(PASSOS);UR04360;Não;Não;Não;BOLETIM DE OCORRENCIA;Classificada;17/05/2023 07:58;Não
2023-27797169-3;(BM) 2023-023064840-001;16/05/2023 15:32;RODOVIA LMG 837, Km 5 - PASSOS;-207.626.549;-466.554.706;V01018 - VITIMA DE MAL NAO DEFINIDO (DISTURBIO) (C) (Prioridade: 1 - Alta);1CIA IND/2CIA/1PEL(PASSOS);UR04360;Não;Não;Não;BOLETIM DE OCORRENCIA;Classificada;17/05/2023 07:58;Não
2023-27798319-0;(BM) 2023-023073327-001;16/05/2023 16:26;RUA PITANGUI, Nº 384 - COHAB 2 - PASSOS;-207.113.774;-466.303.274;V03018 - VITIMA DE QUEDA DA PROPRIA ALTURA (C) (Prioridade: 1 - Alta);1CIA IND/2CIA/1PEL(PASSOS);UR04360;Não;Não;Não;BOLETIM DE OCORRENCIA;Classificada;17/05/2023 07:58;Não
2023-27799928-3;(BM) 2023-023083768-001;16/05/2023 17:54;AVENIDA JUPITER / RUA MARTE - JARDIM SATELITE - PASSOS;-207.088.837;-466.207.617;O04012 - INCENDIO EM LOTE VAGO (AREA URBANA) (C) (Prioridade: 2 - Média);1CIA IND/2CIA/1PEL(PASSOS);ABTS0495;Não;Não;Não;BOLETIM DE OCORRENCIA;Classificada;17/05/2023 07:59;Não
2023-27801257-6;(BM) 2023-023097250-001;16/05/2023 19:05;RUA LIBRA, Nº 100 - SERRA VERDE - PASSOS;-207.393.298;-465.938.845;O04011 - INCENDIO EM AREA URBANA NAO PROTEGIDA (C) (Prioridade: 2 - Média);1CIA IND/2CIA/1PEL(PASSOS);ABTS0495;Não;Não;Não;BOLETIM DE OCORRENCIA;Classificada;17/05/2023 07:59;Não
2023-27807246-2;(BM) 2023-023161710-001;17/05/2023 06:58;RUA LOULOU, Nº 164 - SAO BENEDITO - PASSOS;-207.241.849;-466.016.374;V01003 - VITIMA COM CRISE CONVULSIVA (C) (Prioridade: 1 - Alta);1CIA IND/2CIA/1PEL(PASSOS);UR04360;Não;Não;Não;BOLETIM DE OCORRENCIA;Classificada;17/05/2023 07:58;Não
2023-27808108-4;(BM) 2023-023169773-001;17/05/2023 08:29;RUA MINAS GERAIS, Nº S/N - CENTRO - SAO JOAO BATISTA GLORIA;-206.451.528;-465.059.426;X03000 - EMPENHO ADMINISTRATIVO (C) (Prioridade: 2 - Média);1CIA IND/2CIA/1PEL(PASSOS);ASL00064;Não;Não;Não;BOLETIM DE OCORRENCIA;Classificada;18/05/2023 05:28;Não
2023-27809680-0;(BM) 2023-023189157-001;17/05/2023 10:32;RODOVIA MG 050, Nº S/N - PASSOS;-207.371.492;-466.395.925;V02408 - VITIMA DE COLISAO ENTRE AUTOMOVEL X MOTOCICLETA (C) (Prioridade: 1 - Alta);1CIA IND/2CIA/1PEL(PASSOS);UR04360;Não;Não;Não;BOLETIM DE OCORRENCIA;Classificada;18/05/2023 05:26;Não
2023-27810194-9;(BM) 2023-023204103-001;17/05/2023 11:14;RUA CANJERANUS, Nº 1325 - POLIVALENTE - PASSOS;-207.079.415;-466.063.407;P01001 - VISTORIA DE FISCALIZACAO (C) (Prioridade: 2 - Média);1CIA IND/2CIA/1PEL(PASSOS);ASL00064;Não;Não;Não;BOLETIM DE OCORRENCIA;Classificada;18/05/2023 05:28;Não
2023-27810411-5;(BM) 2023-023198697-001;17/05/2023 11:31;RUA DOUTOR CARVALHO, Nº 1455 - NOSSA SENHORA DAS GRAÇAS - PASSOS;-207.352.269;-466.037.303;Q05002 - PROJETO DE DIVULGACAO DA NATACAO (C) (Prioridade: 1 - Alta);1CIA IND/2CIA/PEL PREV E VIST(PASSOS);BM1637305;Não;Não;Não;BOLETIM DE OCORRENCIA;Classificada;18/05/2023 05:26;Não
2023-27810508-5;(BM) 2023-023202511-001;17/05/2023 11:39;RUA DOUTOR CARVALHO, Nº 1455 - NOSSA SENHORA DAS GRAÇAS - PASSOS;-207.352.269;-466.037.303;Q03005 - TREINAMENTO DE SALVAMENTO TERRESTRE (C) (Prioridade: 2 - Média);1CIA IND/2CIA/1PEL(PASSOS);BM1638089;Não;Não;Não;BOLETIM DE OCORRENCIA;Classificada;18/05/2023 05:27;Não
2023-27810552-7;(BM) 2023-023200406-001;17/05/2023 11:41;RUA CANJERANUS, Nº S/N - CANJERANUS - PASSOS;-207.089.894;-466.069.659;P01001 - VISTORIA DE FISCALIZACAO (C) (Prioridade: 2 - Média);1CIA IND/2CIA/1PEL(PASSOS);ASL00064;Não;Não;Não;BOLETIM DE OCORRENCIA;Classificada;18/05/2023 05:27;Não
2023-27810693-9;(BM) 2023-023202132-001;17/05/2023 11:54;RUA RIO PIRACICABA, Nº S/N - RECANTO DA HARMONIA - PASSOS;-207.053.449;-465.973.068;P01001 - VISTORIA DE FISCALIZACAO (C) (Prioridade: 2 - Média);1CIA IND/2CIA/1PEL(PASSOS);ASL00064;Não;Não;Não;BOLETIM DE OCORRENCIA;Classificada;18/05/2023 05:27;Não
2023-27810757-0;(BM) 2023-023203109-001;17/05/2023 12:03;RUA RIO BRANCO, Nº 1199 - SANTA LUZIA - PASSOS;-207.061.952;-4.660.136;P01001 - VISTORIA DE FISCALIZACAO (C) (Prioridade: 2 - Média);1CIA IND/2CIA/1PEL(PASSOS);ASL00064;Não;Não;Não;BOLETIM DE OCORRENCIA;Classificada;18/05/2023 05:27;Não
2023-27811662-0;(BM) 2023-023213643-001;17/05/2023 13:27;RUA ODILON NOGUEIRA, Nº 472 - BOM JESUS DA PENHA;-210.125.902;-465.142.588;P01002 - VISTORIA DE LIBERACAO / EMISSAO DE AVCB (C) (Prioridade: 2 - Média);1CIA IND/2CIA/1PEL(PASSOS);ASL00064;Não;Não;Não;BOLETIM DE OCORRENCIA;Classificada;18/05/2023 05:27;Não
2023-27811717-0;(BM) 2023-023214319-001;17/05/2023 13:33;RUA DOUTOR CARVALHO, Nº 1455 - NOSSA SENHORA DAS GRAÇAS - PASSOS;-207.352.269;-466.037.303;V01007 - VITIMA COM DISPNEIA (FALTA DE AR) (C) (Prioridade: 1 - Alta);1CIA IND/2CIA/1PEL(PASSOS);UR04360;Não;Não;Não;BOLETIM DE OCORRENCIA;Classificada;18/05/2023 05:25;Não
2023-27811761-2;(BM) 2023-023249452-001;17/05/2023 13:35;RODOVIA MG 446, Km 16 - ALPINOPOLIS;-208.388.731;-463.654.106;P01002 - VISTORIA DE LIBERACAO / EMISSAO DE AVCB (C) (Prioridade: 2 - Média);1CIA IND/2CIA/1PEL(PASSOS);ASL00064;Não;Não;Não;BOLETIM DE OCORRENCIA;Classificada;18/05/2023 05:26;Não
2023-27811763-8;(BM) 2023-023249950-001;17/05/2023 13:35;RODOVIA MG 446, Km 18 - CIDADE JARDIM - ALPINOPOLIS;-208.526.128;-463.833.701;P01002 - VISTORIA DE LIBERACAO / EMISSAO DE AVCB (C) (Prioridade: 2 - Média);1CIA IND/2CIA/1PEL(PASSOS);ASL00064;Não;Não;Não;BOLETIM DE OCORRENCIA;Classificada;18/05/2023 05:26;Não
2023-27813800-3;(BM) 2023-023241261-001;17/05/2023 15:36;RUA PITANGUI, Nº 423 - COHAB 2 - PASSOS;-207.114.965;-466.307.988;V03003 - VITIMA DE AGRESSAO FISICA COM ARMA BRANCA (C) (Prioridade: 1 - Alta);1CIA IND/2CIA/1PEL(PASSOS);UR04360;Não;Não;Não;BOLETIM DE OCORRENCIA;Classificada;18/05/2023 05:25;Não
2023-27814615-7;(BM) 2023-023254204-001;17/05/2023 16:16;RUA ADVOGADOS / RUA SETE DE SETEMBRO - BELO HORIZONTE - PASSOS;-207.330.036;-466.053.172;W10000 - DISPENSADA POR DUPLICIDADE DE EMPENHO COM OUTROS ORGAOS (C) (Prioridade: 1 - Alta);1CIA IND/2CIA/1PEL(PASSOS);UR04360;Não;Não;Não;BOLETIM DE OCORRENCIA;Classificada;18/05/2023 05:25;Não
2023-27815023-3;(BM) 2023-023281370-001;17/05/2023 16:38;RUA SANTA CASA, Nº 164 - SANTA CASA - PASSOS;-207.129.746;-466.123.199;X03000 - EMPENHO ADMINISTRATIVO (C) (Prioridade: 2 - Média);1CIA IND/2CIA/1PEL(PASSOS);UR04360;Não;Não;Não;BOLETIM DE OCORRENCIA;Classificada;18/05/2023 05:26;Não
2023-27815147-6;(BM) 2023-023260976-001;17/05/2023 16:46;RUA DOUTOR CARVALHO, Nº 1455 - NOSSA SENHORA DAS GRAÇAS - PASSOS;-207.352.269;-466.037.303;Q03006 - TREINAMENTO DE FORMACAO DE BRIGADAS (C) (Prioridade: 2 - Média);1CIA IND/2CIA/COMANDANTE(PASSOS);BM1235613;Não;Não;Não;BOLETIM DE OCORRENCIA;Classificada;18/05/2023 05:26;Não
2023-27816815-7;(BM) 2023-023280980-001;17/05/2023 18:19;RUA PARDAL, Nº S/N - PARQUE DA FAZENDA - PASSOS;-207.383.312;-466.113.382;V01018 - VITIMA DE MAL NAO DEFINIDO (DISTURBIO) (C) (Prioridade: 1 - Alta);1CIA IND/2CIA/1PEL(PASSOS);UR04360;Não;Não;Não;BOLETIM DE OCORRENCIA;Classificada;18/05/2023 05:25;Não
2023-27817221-8;(BM) 2023-023281094-001;17/05/2023 18:42;RUA GUANABARA, Nº 1534 - SANTA LUZIA - PASSOS;-207.072.433;-46.598.121;V03019 - VITIMA DE QUEDA DE ALTURA (C) (Prioridade: 1 - Alta);1CIA IND/2CIA/1PEL(PASSOS);UR04360;Não;Não;Não;BOLETIM DE OCORRENCIA;Classificada;18/05/2023 05:25;Não
2023-27817878-2;(BM) 2023-023344259-001;17/05/2023 19:25;RUA DOUTOR CARVALHO / RUA SANTO ANIBALE MARIE DI FRANCIA - CENTRO - PASSOS;-207.238.876;-466.077.786;X03000 - EMPENHO ADMINISTRATIVO (C) (Prioridade: 2 - Média);1CIA IND/2CIA/1PEL(PASSOS);ABTS0495;Não;Não;Não;BOLETIM DE OCORRENCIA;Classificada;18/05/2023 05:26;Não
2023-27818486-8;(BM) 2023-023295163-001;17/05/2023 20:04;RUA ANTONIO MILTON DE FARIA, Nº 253 - JARDIM CANADA - PASSOS;-207.498.521;-466.070.247;S07001 - VAZAMENTO DE GLP/GAS NATURAL (COZINHA) (C) (Prioridade: 1 - Alta);1CIA IND/2CIA/1PEL(PASSOS);ABTS0495;Não;Não;Não;BOLETIM DE OCORRENCIA;Classificada;18/05/2023 05:25;Não
2023-27819470-3;(BM) 2023-023304090-001;17/05/2023 21:14;RUA SANTA CASA, Nº S/N - JARDIM SATELITE - PASSOS;-207.148.353;-466.201.644;X03000 - EMPENHO ADMINISTRATIVO (C) (Prioridade: 2 - Média);1CIA IND/2CIA/1PEL(PASSOS);UR04360;Não;Não;Não;BOLETIM DE OCORRENCIA;Classificada;18/05/2023 05:26;Não
2023-27823382-1;(BM) 2023-023347118-001;18/05/2023 06:57;RUA CORONEL JOAO LOURENCO, Nº 122 - PARQUE DA ESTACAO - PASSOS;-207.078.162;-46.613.048;V03019 - VITIMA DE QUEDA DE ALTURA (C) (Prioridade: 1 - Alta);1CIA IND/2CIA/1PEL(PASSOS);UR04360;Não;Não;Não;BOLETIM DE OCORRENCIA;Classificada;18/05/2023 07:44;Não
2023-27824379-2;(BM) 2023-023357310-001;18/05/2023 08:36;PRACA BELO HORIZONTE, Nº 22 - CENTRO - SAO JOAO BATISTA GLORIA;-206.407.259;-465.051.515;X03000 - EMPENHO ADMINISTRATIVO (C) (Prioridade: 2 - Média);1CIA IND/2CIA/1PEL(PASSOS);ASL00064;Não;Não;Não;BOLETIM DE OCORRENCIA;Classificada;19/05/2023 08:08;Não
2023-27824564-4;(BM) 2023-023359400-001;18/05/2023 08:53;RUA DOUTOR CARVALHO, Nº 1455 - NOSSA SENHORA DAS GRAÇAS - PASSOS;-207.352.269;-466.037.303;Q05002 - PROJETO DE DIVULGACAO DA NATACAO (C) (Prioridade: 1 - Alta);1CIA IND/2CIA/PEL PREV E VIST(PASSOS);BM1637305;Não;Não;Não;BOLETIM DE OCORRENCIA;Classificada;19/05/2023 08:09;Não
2023-27825900-5;(BM) 2023-023376332-001;18/05/2023 10:39;RUA DOUTOR CARVALHO, Nº 1455 - NOSSA SENHORA DAS GRAÇAS - PASSOS;-207.352.269;-466.037.303;Q03006 - TREINAMENTO DE FORMACAO DE BRIGADAS (C) (Prioridade: 2 - Média);1CIA IND/2CIA/COMANDANTE(PASSOS);BM1235613;Não;Não;Não;BOLETIM DE OCORRENCIA;Classificada;19/05/2023 08:08;Não
2023-27826076-1;(BM) 2023-023379050-001;18/05/2023 10:56;RUA RIO VERDE, Nº 461 - SANTA LUZIA - PASSOS;-207.067.772;-466.038.978;V01018 - VITIMA DE MAL NAO DEFINIDO (DISTURBIO) (C) (Prioridade: 1 - Alta);1CIA IND/2CIA/1PEL(PASSOS);UR04360;Não;Não;Não;BOLETIM DE OCORRENCIA;Classificada;19/05/2023 08:09;Não
2023-27827330-0;(BM) 2023-023393719-001;18/05/2023 12:40;RUA MADRE CARMEN SALLES, Nº 410 - CENTRO - PASSOS;-207.211.055;-466.052.979;S06002 - CAPTURA DE ANIMAL SILVESTRE PERIGOSO / AGRESSIVO (C) (Prioridade: 2 - Média);1CIA IND/2CIA/1PEL(PASSOS);ASL00064;Não;Não;Não;BOLETIM DE OCORRENCIA;Classificada;19/05/2023 08:08;Não
2023-27827694-6;(BM) 2023-023413950-001;18/05/2023 13:14;RUA MAIAS, Nº 503 - CANDEIAS - PASSOS;-207.205.152;-466.135.507;V03018 - VITIMA DE QUEDA DA PROPRIA ALTURA (C) (Prioridade: 1 - Alta);1CIA IND/2CIA/1PEL(PASSOS);UR04360;Não;Não;Não;BOLETIM DE OCORRENCIA;Classificada;19/05/2023 08:09;Não
2023-27827816-1;(BM) 2023-023399010-001;18/05/2023 13:22;AVENIDA COMENDADOR FRANCISCO A MAIA, Nº 4050 - EXPOSICAO - PASSOS;-207.333.293;-466.060.067;P01003 - VISTORIA EM EVENTOS TEMPORARIOS (C) (Prioridade: 1 - Alta);1CIA IND/2CIA/1PEL(PASSOS);ASL00064;Não;Não;Não;BOLETIM DE OCORRENCIA;Classificada;19/05/2023 08:09;Não
2023-27828284-0;(BM) 2023-023404372-001;18/05/2023 14:00;RUA DOUTOR CARVALHO, Nº 1455 - NOSSA SENHORA DAS GRAÇAS - PASSOS;-207.352.269;-466.037.303;Q03005 - TREINAMENTO DE SALVAMENTO TERRESTRE (C) (Prioridade: 2 - Média);1CIA IND/2CIA/1PEL(PASSOS);BM1256320;Não;Não;Não;BOLETIM DE OCORRENCIA;Classificada;19/05/2023 08:08;Não
2023-27828569-0;(BM) 2023-023408552-001;18/05/2023 14:17;RUA RONDONIA, Nº 379 - BELA VISTA - PASSOS;-207.183.584;-465.980.648;P01001 - VISTORIA DE FISCALIZACAO (C) (Prioridade: 2 - Média);1CIA IND/2CIA/1PEL(PASSOS);ASL00064;Não;Não;Não;BOLETIM DE OCORRENCIA;Classificada;19/05/2023 08:08;Não
2023-27828744-8;(BM) 2023-023410551-001;18/05/2023 14:25;RUA LEAO, Nº 22 - RECANTO DA TEKA - PASSOS;-20.740.658;-465.975.828;P01001 - VISTORIA DE FISCALIZACAO (C) (Prioridade: 2 - Média);1CIA IND/2CIA/1PEL(PASSOS);ASL00064;Não;Não;Não;BOLETIM DE OCORRENCIA;Classificada;19/05/2023 08:08;Não
2023-27829436-1;(BM) 2023-023419251-001;18/05/2023 14:55;RUA SEBASTIAO BENEDITO DE ANDRADE, Nº 599 - PASSOS;-207.491.953;-466.039.324;P01001 - VISTORIA DE FISCALIZACAO (C) (Prioridade: 2 - Média);1CIA IND/2CIA/1PEL(PASSOS);ASL00064;Não;Não;Não;BOLETIM DE OCORRENCIA;Classificada;19/05/2023 08:08;Não
2023-27830471-0;(BM) 2023-023432420-001;18/05/2023 15:44;AVENIDA COMENDADOR FRANCISCO A MAIA, Nº 4050 - EXPOSICAO - PASSOS;-207.333.293;-466.060.067;R01999 - OUTROS TIPOS DE ACOES DE APOIO A COMUNIDADE   (C) (Prioridade: 2 - Média);1CIA IND/2CIA/1PEL(PASSOS);ASL00064;Não;Não;Não;BOLETIM DE OCORRENCIA;Classificada;19/05/2023 08:09;Não
2023-27832451-3;(BM) 2023-023457709-001;18/05/2023 17:28;AVENIDA ARLINDO FIGUEIREDO, Nº 850 - JARDIM PINHEIROS - PASSOS;-207.248.365;-466.210.844;S06002 - CAPTURA DE ANIMAL SILVESTRE PERIGOSO / AGRESSIVO (C) (Prioridade: 2 - Média);1CIA IND/2CIA/1PEL(PASSOS);ASL00064;Não;Não;Não;BOLETIM DE OCORRENCIA;Classificada;19/05/2023 08:09;Não
2023-27832727-2;(BM) 2023-023461027-001;18/05/2023 17:44;RUA FARMACEUTICOS, Nº S/N - MONSENHOR MESSIAS - PASSOS;-207.367.934;-466.008.761;S05104 - CHOQUE DE CAMINHAO / CARRETA (C) (Prioridade: 1 - Alta);1CIA IND/2CIA/1PEL(PASSOS);ABTS0495;Não;Não;Não;BOLETIM DE OCORRENCIA;Classificada;19/05/2023 08:09;Não
2023-27836968-0;(BM) 2023-023505107-001;18/05/2023 22:16;RUA PARA, Nº 1726 - BELA VISTA - PASSOS;-207.177.877;-465.959.989;S06002 - CAPTURA DE ANIMAL SILVESTRE PERIGOSO / AGRESSIVO (C) (Prioridade: 2 - Média);1CIA IND/2CIA/1PEL(PASSOS);ASL00064;Não;Não;Não;BOLETIM DE OCORRENCIA;Classificada;19/05/2023 08:09;Não
2023-27840550-0;(BM) 2023-023632071-001;19/05/2023 07:47;AVENIDA ARLINDO FIGUEIREDO, Nº 850 - JARDIM PINHEIROS - PASSOS;-207.248.365;-466.210.844;Q03006 - TREINAMENTO DE FORMACAO DE BRIGADAS (C) (Prioridade: 2 - Média);1CIA IND/2CIA/COMANDANTE(PASSOS);BM1235613;Não;Não;Não;BOLETIM DE OCORRENCIA;Classificada;20/05/2023 07:36;Não
2023-27840648-3;(BM) 2023-023580515-001;19/05/2023 08:02;PRACA BARAO CAMBUI, Nº S/N - CENTRO - CASSIA;-205.832.488;-469.211.507;P01003 - VISTORIA EM EVENTOS TEMPORARIOS (C) (Prioridade: 1 - Alta);1CIA IND/2CIA/1PEL(PASSOS);TPO00155;Não;Não;Não;BOLETIM DE OCORRENCIA;Classificada;20/05/2023 07:37;Não
2023-27841637-2;(BM) 2023-023553791-001;19/05/2023 09:29;RUA SANTA CASA, Nº 460 - JARDIM SATELITE - PASSOS;-207.140.709;-466.152.762;S06002 - CAPTURA DE ANIMAL SILVESTRE PERIGOSO / AGRESSIVO (C) (Prioridade: 2 - Média);1CIA IND/2CIA/1PEL(PASSOS);ASL00064;Não;Não;Não;BOLETIM DE OCORRENCIA;Classificada;20/05/2023 07:36;Não
2023-27842321-4;(BM) 2023-023561982-001;19/05/2023 10:26;RUA LAJINHA, Nº 122 - COHAB 2 - PASSOS;-207.097.514;-466.301.182;P01001 - VISTORIA DE FISCALIZACAO (C) (Prioridade: 2 - Média);1CIA IND/2CIA/1PEL(PASSOS);ASL00064;Não;Não;Não;BOLETIM DE OCORRENCIA;Classificada;20/05/2023 07:36;Não
2023-27842324-2;(BM) 2023-023562316-001;19/05/2023 10:28;RUA HORTENCIAS, Nº 702 - PASSOS;-207.069.253;-466.205.197;P01001 - VISTORIA DE FISCALIZACAO (C) (Prioridade: 2 - Média);1CIA IND/2CIA/1PEL(PASSOS);ASL00064;Não;Não;Não;BOLETIM DE OCORRENCIA;Classificada;20/05/2023 07:36;Não
2023-27842452-2;(BM) 2023-023564187-001;19/05/2023 10:37;RUA ACRE, Nº 739 - SANTA LUZIA - PASSOS;-207.101.189;-46.600.596;P01001 - VISTORIA DE FISCALIZACAO (C) (Prioridade: 2 - Média);1CIA IND/2CIA/1PEL(PASSOS);ASL00064;Não;Não;Não;BOLETIM DE OCORRENCIA;Classificada;20/05/2023 07:37;Não
2023-27842458-9;(BM) 2023-023564488-001;19/05/2023 10:39;RUA AIMORES, Nº S/N - VILA ROMANA - PASSOS;-207.423.199;-466.097.608;X03000 - EMPENHO ADMINISTRATIVO (C) (Prioridade: 2 - Média);1CIA IND/2CIA/1PEL(PASSOS);ABTS0495;Não;Não;Não;BOLETIM DE OCORRENCIA;Classificada;20/05/2023 07:37;Não
2023-27842644-3;(BM) 2023-023566998-001;19/05/2023 10:53;RUA DOUTOR CARVALHO, Nº 1455 - NOSSA SENHORA DAS GRAÇAS - PASSOS;-207.352.269;-466.037.303;Q03999 - OUTROS TIPOS DE TREINAMENTO (C) (Prioridade: 2 - Média);1CIA IND/2CIA/1PEL(PASSOS);BM1526367;Não;Não;Não;BOLETIM DE OCORRENCIA;Classificada;20/05/2023 07:37;Não
2023-27842800-7;(BM) 2023-023580725-001;19/05/2023 11:04;RUA BOLIVIA, Nº 203 - PASSOS;-207.063.643;-466.054.727;P01001 - VISTORIA DE FISCALIZACAO (C) (Prioridade: 2 - Média);1CIA IND/2CIA/1PEL(PASSOS);ASL00064 / TPO00155;Não;Não;Não;BOLETIM DE OCORRENCIA;Classificada;20/05/2023 07:37;Não
2023-27843308-1;(BM) 2023-023575932-001;19/05/2023 11:51;RODOVIA MG 050, Nº 569 - PARQUE DA FAZENDA - PASSOS;-207.404.707;-466.068.851;O02012 - INCENDIO EM OFICINA / SERVICO AUTOMOTIVO / GARAGEM (C) (Prioridade: 1 - Alta);1CIA IND/2CIA/1PEL(PASSOS);ABTS0495;Não;Não;Não;BOLETIM DE OCORRENCIA;Classificada;20/05/2023 07:37;Não
2023-27847072-9;(BM) 2023-023650230-001;19/05/2023 16:06;RODOVIA MG 050, Km 360 - PASSOS;-207.370.641;-46.646.356;X03000 - EMPENHO ADMINISTRATIVO (C) (Prioridade: 2 - Média);1CIA IND/2CIA/1PEL(PASSOS);ASL00064;Não;Não;Não;BOLETIM DE OCORRENCIA;Classificada;20/05/2023 07:37;Não
2023-27849933-9;(BM) 2023-023652555-001;19/05/2023 18:56;RUA SAULO CARVALHO BUENO, Nº S/N - PARQUE DA ESTACAO - PASSOS;-207.054.049;-466.115.081;S06001 - SALVAMENTO DE ANIMAL EM RISCO / PERIGO (C) (Prioridade: 2 - Média);1CIA IND/2CIA/1PEL(PASSOS);ASL00064;Não;Não;Não;BOLETIM DE OCORRENCIA;Classificada;20/05/2023 07:37;Não
2023-27851187-4;(BM) 2023-023664982-001;19/05/2023 20:16;RODOVIA MG 050, Nº S/N - PASSOS;-207.351.074;-465.719.703;P01001 - VISTORIA DE FISCALIZACAO (C) (Prioridade: 2 - Média);1CIA IND/2CIA/1PEL(PASSOS);TPO00155;Não;Não;Não;BOLETIM DE OCORRENCIA;Classificada;20/05/2023 07:37;Não
2023-27851332-1;(BM) 2023-023666505-001;19/05/2023 20:24;AVENIDA AROUCA, Nº 140 - CENTRO - PASSOS;-207.152.685;-466.093.884;P02001 - VISTORIA EM HIDRANTE (C) (Prioridade: 2 - Média);1CIA IND/2CIA/1PEL(PASSOS);ABTS0495;Não;Não;Não;BOLETIM DE OCORRENCIA;Classificada;20/05/2023 07:37;Não
2023-27852605-8;(BM) 2023-023679088-001;19/05/2023 21:41;RUA PARA / RUA ACRE - SANTA LUZIA - PASSOS;-207.118.983;-466.023.322;P02001 - VISTORIA EM HIDRANTE (C) (Prioridade: 2 - Média);1CIA IND/2CIA/1PEL(PASSOS);ABTS0495;Não;Não;Não;BOLETIM DE OCORRENCIA;Classificada;20/05/2023 07:37;Não
2023-27858415-5;(BM) 2023-023732011-001;20/05/2023 09:06;RUA GERALDO SILVA MAIA, Nº S/N - VILA ROMANA - PASSOS;-207.419.675;-466.117.471;P02001 - VISTORIA EM HIDRANTE (C) (Prioridade: 2 - Média);1CIA IND/2CIA/1PEL(PASSOS);ASL00064;Não;Não;Não;BOLETIM DE OCORRENCIA;Classificada;21/05/2023 07:38;Não
2023-27858644-2;(BM) 2023-023734023-001;20/05/2023 09:35;RUA ETIOPIA, Nº 233 - CENTRO - PASSOS;-207.207.806;-46.603.572;P02001 - VISTORIA EM HIDRANTE (C) (Prioridade: 2 - Média);1CIA IND/2CIA/1PEL(PASSOS);ASL00064;Não;Não;Não;BOLETIM DE OCORRENCIA;Classificada;21/05/2023 07:39;Não
2023-27858731-5;(BM) 2023-023734835-001;20/05/2023 09:46;RUA BONSUCESSO, Nº 888 - PENHA - PASSOS;-20.721.233;-466.188.426;P02001 - VISTORIA EM HIDRANTE (C) (Prioridade: 2 - Média);1CIA IND/2CIA/1PEL(PASSOS);ASL00064;Não;Não;Não;BOLETIM DE OCORRENCIA;Classificada;21/05/2023 07:41;Não
2023-27859298-9;(BM) 2023-023739866-001;20/05/2023 10:48;AVENIDA PENHA, Nº 96 - JARDIM SATELITE - PASSOS;-207.158.495;-466.213.536;P02001 - VISTORIA EM HIDRANTE (C) (Prioridade: 2 - Média);1CIA IND/2CIA/1PEL(PASSOS);ASL00064;Não;Não;Não;BOLETIM DE OCORRENCIA;Classificada;21/05/2023 07:42;Não
2023-27860009-7;(BM) 2023-023746360-001;20/05/2023 12:10;AVENIDA ARLINDO FIGUEIREDO, Nº 850 - JARDIM PINHEIROS - PASSOS;-207.248.365;-466.210.844;P03999 - OUTROS TIPOS DE PCI / PCA   (C) (Prioridade: 2 - Média);1CIA IND/2CIA/1PEL(PASSOS);ASL00064;Não;Não;Não;BOLETIM DE OCORRENCIA;Classificada;21/05/2023 12:06;Não
2023-27864872-1;(BM) 2023-023794104-001;20/05/2023 18:02;RUA DOUTOR CARVALHO, Nº 1455 - NOSSA SENHORA DAS GRAÇAS - PASSOS;-207.352.269;-466.037.303;Q03004 - TREINAMENTO DE SALVAMENTO EM ALTURA (C) (Prioridade: 2 - Média);1CIA IND/2CIA/1PEL(PASSOS);BM1644855;Não;Não;Não;BOLETIM DE OCORRENCIA;Classificada;21/05/2023 12:06;Não
2023-27864937-5;(BM) 2023-023794762-001;20/05/2023 18:07;RUA GUAXUPE, Nº S/N - COHAB 2 - PASSOS;-207.080.213;-466.291.416;O04011 - INCENDIO EM AREA URBANA NAO PROTEGIDA (C) (Prioridade: 2 - Média);1CIA IND/2CIA/1PEL(PASSOS);ABTS0495;Não;Não;Não;BOLETIM DE OCORRENCIA;Classificada;21/05/2023 07:35;Não
2023-27867018-6;(BM) 2023-023814295-001;20/05/2023 20:16;RODOVIA MG 050, Nº 358 - NOSSA SENHORA DAS GRAÇAS - PASSOS;-207.404.774;-466.048.073;P01001 - VISTORIA DE FISCALIZACAO (C) (Prioridade: 2 - Média);1CIA IND/2CIA/1PEL(PASSOS);ASL00064;Não;Não;Não;BOLETIM DE OCORRENCIA;Classificada;21/05/2023 12:07;Não
2023-27874335-9;(BM) 2023-023876018-002;21/05/2023 08:24;RUA JOSE ARISTIDES BARBOSA, Nº 97 - PARQUE DA ESTACAO - PASSOS;-207.051.304;-466.113.207;O02001 - INCENDIO EM RESIDENCIA/HABITACAO UNIFAMILIAR (CASA) (C) (Prioridade: 1 - Alta);1CIA IND/2CIA/1PEL(PASSOS);ABTS0495 / ASL00064;Não;Não;Não;BOLETIM DE OCORRENCIA;Classificada;22/05/2023 06:46;Não
2023-27874939-7;(BM) 2023-023878857-001;21/05/2023 09:59;RUA JOAO TEIXEIRA MENDES, Nº S/N - FLAMBOYANT - PASSOS;-207.548.252;-466.033.392;X03000 - EMPENHO ADMINISTRATIVO (C) (Prioridade: 2 - Média);1CIA IND/2CIA/1PEL(PASSOS);ASL00064;Não;Não;Não;BOLETIM DE OCORRENCIA;Classificada;22/05/2023 06:43;Não
2023-27875820-0;(BM) 2023-023887453-001;21/05/2023 11:43;RUA DOUTOR CARVALHO, Nº 1455 - NOSSA SENHORA DAS GRAÇAS - PASSOS;-207.352.269;-466.037.303;Q03001 - TREINAMENTO DE COMBATE A INCENDIO (C) (Prioridade: 2 - Média);1CIA IND/2CIA/1PEL(PASSOS);BM1317692;Não;Não;Não;BOLETIM DE OCORRENCIA;Classificada;22/05/2023 06:44;Não
2023-27876816-8;(BM) 2023-023899837-001;21/05/2023 13:59;RODOVIA MG 050, Km 358 - PASSOS;-20.738.097;-466.350.443;S05308 - COLISAO ENTRE AUTOMOVEL X MOTOCICLETA (C) (Prioridade: 1 - Alta);1CIA IND/2CIA/1PEL(PASSOS);ABTS0495;Não;Não;Não;BOLETIM DE OCORRENCIA;Classificada;22/05/2023 06:46;Não
2023-27877647-8;(BM) 2023-023904478-001;21/05/2023 14:56;RUA CAMPOS ALTOS / RUA PRATAPOLIS - JARDIM ELAINE - PASSOS;-206.953.206;-466.132.376;O04013 - INCENDIO EM PASTO (C) (Prioridade: 2 - Média);1CIA IND/2CIA/1PEL(PASSOS);ABTS0495;Não;Não;Não;BOLETIM DE OCORRENCIA;Classificada;22/05/2023 06:44;Não
2023-27879154-1;(BM) 2023-023918311-001;21/05/2023 16:32;RUA GERALDO DE OLIVEIRA LIMA, Nº 18 - JARDIM PLANALTO - PASSOS;-207.224.477;-466.246.634;O04012 - INCENDIO EM LOTE VAGO (AREA URBANA) (C) (Prioridade: 2 - Média);1CIA IND/2CIA/1PEL(PASSOS);ABTS0495;Não;Não;Não;BOLETIM DE OCORRENCIA;Classificada;22/05/2023 06:45;Não
2023-27879534-2;(BM) 2023-023921512-001;21/05/2023 16:56;RUA GOIAS, Nº 665 - SANTA LUZIA - PASSOS;-207.081.875;-466.038.095;S06002 - CAPTURA DE ANIMAL SILVESTRE PERIGOSO / AGRESSIVO (C) (Prioridade: 2 - Média);1CIA IND/2CIA/1PEL(PASSOS);ASL00064;Não;Não;Não;BOLETIM DE OCORRENCIA;Classificada;22/05/2023 06:45;Não
2023-27879575-0;(BM) 2023-023927275-001;21/05/2023 16:59;RUA DO MEIO, Nº 350 - NOVO HORIZONTE - PASSOS;-207.352.171;-466.018.283;O04013 - INCENDIO EM PASTO (C) (Prioridade: 2 - Média);1CIA IND/2CIA/1PEL(PASSOS);ABTS0495;Não;Não;Não;BOLETIM DE OCORRENCIA;Classificada;22/05/2023 06:46;Não
2023-27883556-9;(BM) 2023-023960040-001;21/05/2023 21:11;RUA OSORIO JOSE LEMOS, Nº 241 - PARQUE DAS AROEIRAS - PASSOS;-207.233.597;-466.284.548;S06002 - CAPTURA DE ANIMAL SILVESTRE PERIGOSO / AGRESSIVO (C) (Prioridade: 2 - Média);1CIA IND/2CIA/1PEL(PASSOS);ASL00064;Não;Não;Não;BOLETIM DE OCORRENCIA;Classificada;22/05/2023 06:46;Não
2023-27887295-9;(BM) 2023-023996489-001;22/05/2023 04:10;AVENIDA ARLINDO FIGUEIREDO, Nº S/N - JARDIM PINHEIROS 2 - PASSOS;-207.262.479;-466.225.308;X03000 - EMPENHO ADMINISTRATIVO (C) (Prioridade: 2 - Média);1CIA IND/2CIA/1PEL(PASSOS);ASL00064;Não;Não;Não;BOLETIM DE OCORRENCIA;Classificada;22/05/2023 06:46;Não
2023-27888750-9;(BM) 2023-024009351-001;22/05/2023 08:46;RUA DOUTOR CARVALHO, Nº 1455 - NOSSA SENHORA DAS GRAÇAS - PASSOS;-207.352.269;-466.037.303;Q03001 - TREINAMENTO DE COMBATE A INCENDIO (C) (Prioridade: 2 - Média);1CIA IND/2CIA/1PEL(PASSOS);BM1206671;Não;Não;Não;BOLETIM DE OCORRENCIA;Classificada;23/05/2023 07:36;Não
2023-27889372-9;(BM) 2023-024020167-001;22/05/2023 09:41;RUA JOSE NACIF CHERAIN, Nº 57 - PASSOS;-207.238.348;-466.270.123;P01001 - VISTORIA DE FISCALIZACAO (C) (Prioridade: 2 - Média);1CIA IND/2CIA/1PEL(PASSOS);TPO00155;Não;Não;Não;BOLETIM DE OCORRENCIA;Classificada;23/05/2023 07:35;Não
2023-27889399-5;(BM) 2023-024018469-001;22/05/2023 09:47;RUA SAFIRA, Nº 413 - PASSOS;-207.510.544;-465.966.792;S06002 - CAPTURA DE ANIMAL SILVESTRE PERIGOSO / AGRESSIVO (C) (Prioridade: 2 - Média);1CIA IND/2CIA/1PEL(PASSOS);ASL00064;Não;Não;Não;BOLETIM DE OCORRENCIA;Classificada;23/05/2023 07:35;Não
2023-27889571-5;(BM) 2023-024050869-001;22/05/2023 09:56;AVENIDA POCOS DE CALDAS, Nº 68 - PENHA - PASSOS;-20.714.469;-466.260.801;P01001 - VISTORIA DE FISCALIZACAO (C) (Prioridade: 2 - Média);1CIA IND/2CIA/1PEL(PASSOS);TPO00155;Não;Não;Não;BOLETIM DE OCORRENCIA;Classificada;23/05/2023 07:35;Não
2023-27889991-0;(BM) 2023-024030253-001;22/05/2023 10:28;RUA VESPASIANO, Nº 763 - PASSOS;-207.327.049;-466.260.667;P01001 - VISTORIA DE FISCALIZACAO (C) (Prioridade: 2 - Média);1CIA IND/2CIA/1PEL(PASSOS);TPO00155;Não;Não;Não;BOLETIM DE OCORRENCIA;Classificada;23/05/2023 07:35;Não
2023-27890243-3;(BM) 2023-024029850-001;22/05/2023 10:49;AVENIDA POCOS DE CALDAS, Nº 193 - COHAB 2 - PASSOS;-20.713.176;-466.261.145;P01001 - VISTORIA DE FISCALIZACAO (C) (Prioridade: 2 - Média);1CIA IND/2CIA/1PEL(PASSOS);TPO00155;Não;Não;Não;BOLETIM DE OCORRENCIA;Classificada;23/05/2023 07:35;Não
2023-27891554-9;;22/05/2023 12:47;RUA PEDRO LOPES, NO. 80, RESIDENCIAL AJS, Nº S/N - GUARANESIA;-213.071.281;-468.044.469;O04012 - INCENDIO EM LOTE VAGO (AREA URBANA) (C) (Prioridade: 2 - Média);1CIA IND (POCOS DE CALDAS);;Não;Não;Não;NÃO ATENDIDA: FALTA DE EFETIVO;Classificada;22/05/2023 12:49;Não
2023-27892695-6;(BM) 2023-024099993-001;22/05/2023 14:15;RUA DOUTOR CARVALHO, Nº 1455 - NOSSA SENHORA DAS GRAÇAS - PASSOS;-207.352.269;-466.037.303;Q05002 - PROJETO DE DIVULGACAO DA NATACAO (C) (Prioridade: 1 - Alta);1CIA IND/2CIA/1PEL(PASSOS);BM1797554;Não;Não;Não;BOLETIM DE OCORRENCIA;Classificada;23/05/2023 07:34;Não
2023-27893105-6;(BM) 2023-024068585-001;22/05/2023 14:37;AVENIDA JUPITER, Nº S/N - JARDIM SATELITE - PASSOS;-207.087.452;-466.208.573;P02003 - VISTORIA EM LOTE VAGO (C) (Prioridade: 2 - Média);1CIA IND/2CIA/1PEL(PASSOS);ABTS0495;Não;Não;Não;BOLETIM DE OCORRENCIA;Classificada;23/05/2023 07:35;Não
2023-27893505-4;(BM) 2023-024103651-001;22/05/2023 14:55;AVENIDA FLORIANOPOLIS, Nº S/N - JARDIM PLANALTO - SAO JOAO BATISTA GLORIA;-206.285.069;-465.129.388;X03000 - EMPENHO ADMINISTRATIVO (C) (Prioridade: 2 - Média);1CIA IND/2CIA/1PEL(PASSOS);ASL00064;Não;Não;Não;BOLETIM DE OCORRENCIA;Classificada;23/05/2023 07:35;Não
2023-27893556-5;(BM) 2023-024072304-001;22/05/2023 14:59;AVENIDA JUPITER, Nº S/N - JARDIM SATELITE - PASSOS;-207.087.452;-466.208.573;P02003 - VISTORIA EM LOTE VAGO (C) (Prioridade: 2 - Média);1CIA IND/2CIA/1PEL(PASSOS);ABTS0495;Não;Não;Não;BOLETIM DE OCORRENCIA;Classificada;23/05/2023 07:35;Não
2023-27893767-0;(BM) 2023-024077335-001;22/05/2023 15:10;AVENIDA JUPITER, Nº S/N - JARDIM SATELITE - PASSOS;-207.087.452;-466.208.573;P02003 - VISTORIA EM LOTE VAGO (C) (Prioridade: 2 - Média);1CIA IND/2CIA/1PEL(PASSOS);ABTS0495;Não;Não;Não;BOLETIM DE OCORRENCIA;Classificada;23/05/2023 07:35;Não
2023-27894059-6;(BM) 2023-024081359-001;22/05/2023 15:24;AVENIDA JUPITER, Nº S/N - JARDIM SATELITE - PASSOS;-207.087.452;-466.208.573;P02003 - VISTORIA EM LOTE VAGO (C) (Prioridade: 2 - Média);1CIA IND/2CIA/1PEL(PASSOS);ABTS0495;Não;Não;Não;BOLETIM DE OCORRENCIA;Classificada;23/05/2023 07:35;Não
2023-27894281-4;(BM) 2023-024084967-001;22/05/2023 15:34;AVENIDA JUPITER, Nº S/N - JARDIM SATELITE - PASSOS;-207.087.452;-466.208.573;P02003 - VISTORIA EM LOTE VAGO (C) (Prioridade: 2 - Média);1CIA IND/2CIA/1PEL(PASSOS);ABTS0495;Não;Não;Não;BOLETIM DE OCORRENCIA;Classificada;23/05/2023 07:35;Não
2023-27895888-6;(BM) 2023-024103075-001;22/05/2023 17:02;RUA ORLANDO ADAO CARNEIRO, Nº 322 - RECANTO DA TEKA - PASSOS;-207.439.666;-465.985.268;O04012 - INCENDIO EM LOTE VAGO (AREA URBANA) (C) (Prioridade: 2 - Média);1CIA IND/2CIA/1PEL(PASSOS);ABTS0495;Não;Não;Não;BOLETIM DE OCORRENCIA;Classificada;23/05/2023 07:35;Não
2023-27896308-0;(BM) 2023-024108262-001;22/05/2023 17:26;RUA CAIAPOS, Nº 236 - SAO BENEDITO - PASSOS;-207.188.538;-466.024.901;S06002 - CAPTURA DE ANIMAL SILVESTRE PERIGOSO / AGRESSIVO (C) (Prioridade: 2 - Média);1CIA IND/2CIA/1PEL(PASSOS);ASL00064;Não;Não;Não;BOLETIM DE OCORRENCIA;Classificada;23/05/2023 07:34;Não
2023-27898572-9;(BM) 2023-024130983-001;22/05/2023 19:40;RUA PARAGUACU, Nº S/N - RECANTO DEL REI - PASSOS;-207.301.299;-465.948.194;S06005 - CAPTURA DE INSETOS (C) (Prioridade: 2 - Média);1CIA IND/2CIA/1PEL(PASSOS);ASL00064;Não;Não;Não;BOLETIM DE OCORRENCIA;Classificada;23/05/2023 07:34;Não
2023-27903246-8;(BM) 2023-024184283-001;23/05/2023 04:47;RODOVIA MG 050, Nº S/N - PASSOS;-207.371.492;-466.395.925;V02501 - VITIMA DE QUEDA (CICLISTA) (C) (Prioridade: 1 - Alta);1CIA IND/2CIA/1PEL(PASSOS);BM1206671 / ASL00064;Não;Não;Não;BOLETIM DE OCORRENCIA;Classificada;23/05/2023 07:34;Não
2023-27904881-1;(BM) 2023-024201358-001;23/05/2023 09:13;RUA DOUTOR CARVALHO, Nº 1455 - NOSSA SENHORA DAS GRAÇAS - PASSOS;-207.352.269;-466.037.303;Q05002 - PROJETO DE DIVULGACAO DA NATACAO (C) (Prioridade: 1 - Alta);1CIA IND/2CIA/1PEL(PASSOS);BM1526367;Não;Não;Não;BOLETIM DE OCORRENCIA;Classificada;25/05/2023 12:25;Não
2023-27905053-5;(BM) 2023-024204245-001;23/05/2023 09:31;AVENIDA CHAFARIZ, Nº S/N - SERRA DAS BRISAS - PASSOS;-207.361.137;-465.905.646;X03000 - EMPENHO ADMINISTRATIVO (C) (Prioridade: 2 - Média);1CIA IND/2CIA/1PEL(PASSOS);ASL00064;Não;Não;Não;BOLETIM DE OCORRENCIA;Classificada;25/05/2023 12:19;Não
2023-27905392-0;(BM) 2023-024247030-001;23/05/2023 09:57;PRACA PATRIARCA, Nº 53 - SAO BENEDITO - PASSOS;-207.226.199;-466.004.082;P01001 - VISTORIA DE FISCALIZACAO (C) (Prioridade: 2 - Média);1CIA IND/2CIA/1PEL(PASSOS);TPO00155;Não;Não;Não;BOLETIM DE OCORRENCIA;Classificada;25/05/2023 12:19;Não
2023-27905691-1;(BM) 2023-024216252-001;23/05/2023 10:18;RUA PIANTINOS, Nº S/N - CENTRO - PASSOS;-207.265.484;-466.101.522;P01001 - VISTORIA DE FISCALIZACAO (C) (Prioridade: 2 - Média);1CIA IND/2CIA/1PEL(PASSOS);TPO00155;Não;Não;Não;BOLETIM DE OCORRENCIA;Classificada;25/05/2023 12:19;Não
2023-27905848-1;(BM) 2023-024213926-001;23/05/2023 10:32;RUA RIO GRANDE DO SUL, Nº 871 - BELA VISTA 2 - PASSOS;-207.123.884;-465.952.955;P01001 - VISTORIA DE FISCALIZACAO (C) (Prioridade: 2 - Média);1CIA IND/2CIA/1PEL(PASSOS);TPO00155;Não;Não;Não;BOLETIM DE OCORRENCIA;Classificada;25/05/2023 12:19;Não
2023-27906015-1;(BM) 2023-024216187-001;23/05/2023 10:47;RUA DOUTOR JOSE MENDES, Nº 549 - PASSOS;-207.355.939;-46.610.609;P01001 - VISTORIA DE FISCALIZACAO (C) (Prioridade: 2 - Média);1CIA IND/2CIA/1PEL(PASSOS);TPO00155;Não;Não;Não;BOLETIM DE OCORRENCIA;Classificada;25/05/2023 12:19;Não
2023-27908133-9;(BM) 2023-024242339-001;23/05/2023 13:50;RUA DOUTOR CARVALHO, Nº 1455 - NOSSA SENHORA DAS GRAÇAS - PASSOS;-207.352.269;-466.037.303;Q03017 - TREINAMENTO DE PRIMEIROS SOCORROS (C) (Prioridade: 2 - Média);1CIA IND/2CIA/1PEL(PASSOS);BM1728724;Não;Não;Não;BOLETIM DE OCORRENCIA;Classificada;25/05/2023 12:20;Não
2023-27908475-2;(BM) 2023-024254478-001;23/05/2023 14:15;AVENIDA PERIMETRAL, Nº S/N - PARQUE DA ESTACAO - PASSOS;-207.057.771;-466.097.547;O04012 - INCENDIO EM LOTE VAGO (AREA URBANA) (C) (Prioridade: 2 - Média);1CIA IND/2CIA/1PEL(PASSOS);ABTS0495;Não;Não;Não;BOLETIM DE OCORRENCIA;Classificada;25/05/2023 12:20;Não
2023-27908913-8;(BM) 2023-024254390-001;23/05/2023 14:40;RODOVIA PASSOS / GLORIA, Nº S/N - PASSOS;-20.700.737;-46.586.887;O04014 - INCENDIO AS MARGENS DE RODOVIA (C) (Prioridade: 2 - Média);1CIA IND/2CIA/1PEL(PASSOS);ABTS0495;Não;Não;Não;BOLETIM DE OCORRENCIA;Classificada;25/05/2023 12:20;Não
2023-27909526-7;(BM) 2023-024260371-001;23/05/2023 15:08;RUA COIMBRAS, Nº S/N - NOSSA SENHORA DE LOURDES - PASSOS;-206.987.548;-466.163.657;O04012 - INCENDIO EM LOTE VAGO (AREA URBANA) (C) (Prioridade: 2 - Média);1CIA IND/2CIA/1PEL(PASSOS);ABTS0495;Não;Não;Não;BOLETIM DE OCORRENCIA;Classificada;25/05/2023 12:20;Não
2023-27910122-5;(BM) 2023-024267605-001;23/05/2023 15:37;RUA BONSUCESSO, Nº S/N - CANDEIAS - PASSOS;-207.213.791;-466.187.394;S06002 - CAPTURA DE ANIMAL SILVESTRE PERIGOSO / AGRESSIVO (C) (Prioridade: 2 - Média);1CIA IND/2CIA/1PEL(PASSOS);ABTS0495;Não;Não;Não;BOLETIM DE OCORRENCIA;Classificada;25/05/2023 12:20;Não
2023-27910159-5;(BM) 2023-024269119-001;23/05/2023 15:39;RUA DOUTOR CARVALHO, Nº 1455 - NOSSA SENHORA DAS GRAÇAS - PASSOS;-207.352.269;-466.037.303;Q03005 - TREINAMENTO DE SALVAMENTO TERRESTRE (C) (Prioridade: 2 - Média);1CIA IND/2CIA/1PEL(PASSOS);BM1272152;Não;Não;Não;BOLETIM DE OCORRENCIA;Classificada;25/05/2023 12:20;Não
2023-27913672-2;(BM) 2023-024308735-001;23/05/2023 19:06;RUA TIMOTEO, Nº 208 - COHAB 2 - PASSOS;-207.093.202;-466.286.583;S06002 - CAPTURA DE ANIMAL SILVESTRE PERIGOSO / AGRESSIVO (C) (Prioridade: 2 - Média);1CIA IND/2CIA/1PEL(PASSOS);ASL00064;Não;Não;Não;BOLETIM DE OCORRENCIA;Classificada;25/05/2023 12:21;Não
2023-27914567-3;(BM) 2023-024319174-001;23/05/2023 20:07;RUA ANTONIO CHAGAS, Nº 62 - PARQUE DAS AROEIRAS - PASSOS;-207.212.144;-466.278.771;S04009 - SALVAMENTO DE PESSOA PRESA EM IMOVEL (C) (Prioridade: 2 - Média);1CIA IND/2CIA/1PEL(PASSOS);ASL00064;Não;Não;Não;BOLETIM DE OCORRENCIA;Classificada;25/05/2023 12:21;Não
2023-27920755-8;(BM) 2023-024381659-001;24/05/2023 08:17;RUA DOUTOR CARVALHO, Nº 1455 - NOSSA SENHORA DAS GRAÇAS - PASSOS;-207.352.269;-466.037.303;Q03004 - TREINAMENTO DE SALVAMENTO EM ALTURA (C) (Prioridade: 2 - Média);1CIA IND/2CIA/1PEL(PASSOS);ASL00064;Não;Não;Não;BOLETIM DE OCORRENCIA;Classificada;25/05/2023 12:22;Não
2023-27921134-6;(BM) 2023-024380849-001;24/05/2023 08:48;RODOVIA MG 344, Nº S/N - CASSIA;-206.059.151;-468.965.632;P01002 - VISTORIA DE LIBERACAO / EMISSAO DE AVCB (C) (Prioridade: 2 - Média);1CIA IND/2CIA/1PEL(PASSOS);TPO00155;Não;Não;Não;BOLETIM DE OCORRENCIA;Classificada;25/05/2023 12:22;Não
2023-27921336-0;(BM) 2023-024383686-001;24/05/2023 09:10;RODOVIA MG 050, Nº S/N - PASSOS;-207.371.492;-466.395.925;V02302 - VITIMA DE CAPOTAMENTO DE CAMINHAO / CARRETA (C) (Prioridade: 1 - Alta);1CIA IND/2CIA/1PEL(PASSOS);ABTS0495;Não;Não;Não;BOLETIM DE OCORRENCIA;Classificada;25/05/2023 12:25;Não
2023-27922912-5;(BM) 2023-024403228-001;24/05/2023 11:37;RODOVIA MG 344, Nº S/N - CASSIA;-206.059.151;-468.965.632;P01002 - VISTORIA DE LIBERACAO / EMISSAO DE AVCB (C) (Prioridade: 2 - Média);1CIA IND/2CIA/1PEL(PASSOS);TPO00155;Não;Não;Não;BOLETIM DE OCORRENCIA;Classificada;25/05/2023 12:22;Não
2023-27923510-7;(BM) 2023-024409751-001;24/05/2023 12:28;RUA GOIAS, Nº S/N - SANTA LUZIA - PASSOS;-207.077.147;-466.045.927;O04013 - INCENDIO EM PASTO (C) (Prioridade: 2 - Média);1CIA IND/2CIA/1PEL(PASSOS);ABTS0495;Não;Não;Não;BOLETIM DE OCORRENCIA;Classificada;25/05/2023 12:22;Não
2023-27924185-3;(BM) 2023-024417550-001;24/05/2023 13:33;RUA JUCA VIANA, Nº 22 - NOSSA SENHORA APARECIDA - FORTALEZA DE MINAS;-20.846.773;-467.090.434;P01002 - VISTORIA DE LIBERACAO / EMISSAO DE AVCB (C) (Prioridade: 2 - Média);1CIA IND/2CIA/1PEL(PASSOS);TPO00155;Não;Não;Não;BOLETIM DE OCORRENCIA;Classificada;25/05/2023 12:23;Não
2023-27924727-4;(BM) 2023-024424853-001;24/05/2023 14:14;RUA DOUTOR CARVALHO, Nº 1455 - NOSSA SENHORA DAS GRAÇAS - PASSOS;-207.352.269;-466.037.303;Q05002 - PROJETO DE DIVULGACAO DA NATACAO (C) (Prioridade: 1 - Alta);1CIA IND/2CIA/1PEL(PASSOS);BM1787357;Não;Não;Não;BOLETIM DE OCORRENCIA;Classificada;25/05/2023 12:25;Não
2023-27928415-3;(BM) 2023-024461760-001;24/05/2023 16:48;RODOVIA MG 050, Nº 360 - PASSOS;-207.363.353;-466.533.308;P03014 - PREVENCAO EM POUSO E DECOLAGEM DE AERONAVE (C) (Prioridade: 2 - Média);1CIA IND/2CIA/1PEL(PASSOS);ABTS0495;Não;Não;Não;BOLETIM DE OCORRENCIA;Classificada;25/05/2023 12:23;Não
2023-27929082-8;(BM) 2023-024469350-001;24/05/2023 17:26;RODOVIA MG050, Nº 360 - PASSOS;-207.356.964;-466.563.864;X03000 - EMPENHO ADMINISTRATIVO (C) (Prioridade: 2 - Média);1CIA IND/2CIA/1PEL(PASSOS);TPO00155;Não;Não;Não;BOLETIM DE OCORRENCIA;Classificada;25/05/2023 12:23;Não
2023-27930104-6;(BM) 2023-024507865-001;24/05/2023 18:28;RUA DOUTOR CARVALHO, Nº 1455 - NOSSA SENHORA DAS GRAÇAS - PASSOS;-207.352.269;-466.037.303;V01003 - VITIMA COM CRISE CONVULSIVA (C) (Prioridade: 1 - Alta);1CIA IND/2CIA/1PEL(PASSOS);ASL00064;Não;Não;Não;BOLETIM DE OCORRENCIA;Classificada;25/05/2023 12:25;Não
2023-27930584-3;(BM) 2023-024488343-001;24/05/2023 19:00;RUA DOUTOR CARVALHO, Nº 1455 - NOSSA SENHORA DAS GRAÇAS - PASSOS;-207.352.269;-466.037.303;Q03003 - TREINAMENTO DE SALVAMENTO AQUATICO (C) (Prioridade: 2 - Média);1CIA IND/2CIA/1PEL(PASSOS);BM1637099;Não;Não;Não;BOLETIM DE OCORRENCIA;Classificada;25/05/2023 12:23;Não
2023-27931942-7;(BM) 2023-024499672-001;24/05/2023 20:34;ESTRADA JULIEIRA, Nº S/N - NOVA CALIFORNIA - PASSOS;-207.018.793;-466.242.379;O04012 - INCENDIO EM LOTE VAGO (AREA URBANA) (C) (Prioridade: 2 - Média);1CIA IND/2CIA/1PEL(PASSOS);ABTS0495;Não;Não;Não;BOLETIM DE OCORRENCIA;Classificada;25/05/2023 12:23;Não
2023-27935863-4;(BM) 2023-024542460-001;25/05/2023 04:18;RUA DOUTOR CARVALHO, Nº 1455 - NOSSA SENHORA DAS GRAÇAS - PASSOS;-207.352.269;-466.037.303;X03000 - EMPENHO ADMINISTRATIVO (C) (Prioridade: 2 - Média);1CIA IND/2CIA/1PEL(PASSOS);ASL00064;Não;Não;Não;BOLETIM DE OCORRENCIA;Classificada;26/05/2023 07:54;Não
2023-27936730-6;(BM) 2023-024604645-001;25/05/2023 07:46;RODOVIA PASSOS / GLORIA, Nº S/N - PASSOS;-20.700.737;-46.586.887;X03000 - EMPENHO ADMINISTRATIVO (C) (Prioridade: 2 - Média);1CIA IND/2CIA/1PEL(PASSOS);TPO00155;Não;Não;Não;BOLETIM DE OCORRENCIA;Classificada;26/05/2023 07:54;Não
2023-27936897-1;(BM) 2023-024552948-001;25/05/2023 08:07;RUA DOUTOR CARVALHO, Nº 1455 - NOSSA SENHORA DAS GRAÇAS - PASSOS;-207.352.269;-466.037.303;Q03001 - TREINAMENTO DE COMBATE A INCENDIO (C) (Prioridade: 2 - Média);1CIA IND/2CIA/1PEL(PASSOS);BM1178508;Não;Não;Não;BOLETIM DE OCORRENCIA;Classificada;26/05/2023 07:55;Não
2023-27937174-0;(BM) 2023-024555939-001;25/05/2023 08:31;RUA PADRE PIRES, Nº 340 - SAO FRANCISCO - PASSOS;-207.273.406;-466.200.658;O02001 - INCENDIO EM RESIDENCIA/HABITACAO UNIFAMILIAR (CASA) (C) (Prioridade: 1 - Alta);1CIA IND/2CIA/1PEL(PASSOS);ABTS0495;Não;Não;Não;BOLETIM DE OCORRENCIA;Classificada;26/05/2023 07:55;Não
2023-27937442-7;(BM) 2023-024557981-001;25/05/2023 08:54;RUA DOUTOR CARVALHO, Nº 1455 - NOSSA SENHORA DAS GRAÇAS - PASSOS;-207.352.269;-466.037.303;Q05002 - PROJETO DE DIVULGACAO DA NATACAO (C) (Prioridade: 1 - Alta);1CIA IND/2CIA/PEL PREV E VIST(PASSOS);BM1637305;Não;Não;Não;BOLETIM DE OCORRENCIA;Classificada;26/05/2023 07:55;Não
2023-27937955-1;(BM) 2023-024564510-001;25/05/2023 09:40;RODOVIA MG 050, Nº 360 - PASSOS;-207.363.353;-466.533.308;Y40035 - APOIO DE SOLO EM OPERACOES AEREAS (C) (Prioridade: 2 - Média);1CIA IND/2CIA/1PEL(PASSOS);ABTS0495;Não;Não;Não;BOLETIM DE OCORRENCIA;Classificada;26/05/2023 07:55;Não
2023-27940532-6;(BM) 2023-024595655-001;25/05/2023 13:26;RUA DOUTOR BERNARDINO VIEIRA, Nº S/N - CENTRO - CONCEICAO DA APARECIDA;-210.940.153;-462.035.979;P01002 - VISTORIA DE LIBERACAO / EMISSAO DE AVCB (C) (Prioridade: 2 - Média);1CIA IND/2CIA/1PEL(PASSOS);TPO00155;Não;Não;Não;BOLETIM DE OCORRENCIA;Classificada;26/05/2023 07:55;Não
2023-27941011-9;(BM) 2023-024601431-001;25/05/2023 14:02;RUA PIRAPORA, Nº 171 - NOSSA SENHORA DE FATIMA - PASSOS;-206.992.173;-466.150.654;P01001 - VISTORIA DE FISCALIZACAO (C) (Prioridade: 2 - Média);1CIA IND/2CIA/PEL PREV E VIST(PASSOS);APF01362;Não;Não;Não;BOLETIM DE OCORRENCIA;Classificada;26/05/2023 07:55;Não
2023-27941082-7;(BM) 2023-024602674-001;25/05/2023 14:07;RUA PIUMHI, Nº 730 - JARDIM PLANALTO - PASSOS;-207.193.925;-466.247.312;P01001 - VISTORIA DE FISCALIZACAO (C) (Prioridade: 2 - Média);1CIA IND/2CIA/PEL PREV E VIST(PASSOS);APF01362;Não;Não;Não;BOLETIM DE OCORRENCIA;Classificada;26/05/2023 07:55;Não
2023-27941088-3;(BM) 2023-024602765-001;25/05/2023 14:08;AVENIDA JUPITER, Nº 168 - PANORAMA - PASSOS;-207.134.632;-466.161.421;P01001 - VISTORIA DE FISCALIZACAO (C) (Prioridade: 2 - Média);1CIA IND/2CIA/PEL PREV E VIST(PASSOS);APF01362;Não;Não;Não;BOLETIM DE OCORRENCIA;Classificada;26/05/2023 07:55;Não
2023-27941125-8;(BM) 2023-024602919-001;25/05/2023 14:09;RUA DA PRAIA, Nº 798 - PASSOS;-207.167.233;-466.191.509;P01001 - VISTORIA DE FISCALIZACAO (C) (Prioridade: 2 - Média);1CIA IND/2CIA/PEL PREV E VIST(PASSOS);APF01362;Não;Não;Não;BOLETIM DE OCORRENCIA;Classificada;26/05/2023 07:55;Não
2023-27941327-2;(BM) 2023-024627260-001;25/05/2023 14:21;AVENIDA SAO VICENTE DE PAULO, Nº 839 - VILA SAO JOSE - PASSOS;-207.049.577;-466.435.419;S06002 - CAPTURA DE ANIMAL SILVESTRE PERIGOSO / AGRESSIVO (C) (Prioridade: 2 - Média);1CIA IND/2CIA/1PEL(PASSOS);ABTS0495;Não;Não;Não;BOLETIM DE OCORRENCIA;Classificada;26/05/2023 07:55;Não
2023-27941939-9;(BM) 2023-024613950-001;25/05/2023 14:53;RUA DA PRAIA, Nº 793 - PENHA - PASSOS;-207.177.443;-466.202.024;V03018 - VITIMA DE QUEDA DA PROPRIA ALTURA (C) (Prioridade: 1 - Alta);1CIA IND/2CIA/PEL PREV E VIST(PASSOS);APF01362;Não;Não;Não;BOLETIM DE OCORRENCIA;Classificada;26/05/2023 07:55;Não
2023-27943232-9;;25/05/2023 15:57;RUA MATOZINHOS, Nº 210 - COHAB 2 - PASSOS;-207.104.272;-46.631.105;W98011 - SOLICITACAO DE APOIO (C) (Prioridade: 1 - Alta);1CIA IND/2CIA/1PEL(PASSOS);;Não;Não;Não;TESTE;Classificada;26/05/2023 07:54;Não
2023-27953668-0;(BM) 2023-024743075-001;26/05/2023 09:30;RUA PONTALINA, Nº 221 - JARDIM PLANALTO - PASSOS;-207.190.586;-466.229.506;P01001 - VISTORIA DE FISCALIZACAO (C) (Prioridade: 2 - Média);1CIA IND/2CIA/1PEL(PASSOS);TPO00155;Não;Não;Não;BOLETIM DE OCORRENCIA;Classificada;27/05/2023 07:42;Não
2023-27953743-4;(BM) 2023-024755446-001;26/05/2023 09:37;RUA CANJERANUS, Nº S/N - CANJERANUS - PASSOS;-207.089.894;-466.069.659;S06002 - CAPTURA DE ANIMAL SILVESTRE PERIGOSO / AGRESSIVO (C) (Prioridade: 2 - Média);1CIA IND/2CIA/1PEL(PASSOS);ASL00064;Não;Não;Não;BOLETIM DE OCORRENCIA;Classificada;27/05/2023 07:42;Não
2023-27954059-8;(BM) 2023-024747922-001;26/05/2023 10:11;RUA GERALDA L DA SILVA, Nº 32 - PARQUE DAS AROEIRAS - PASSOS;-207.244.429;-466.279.441;P01001 - VISTORIA DE FISCALIZACAO (C) (Prioridade: 2 - Média);1CIA IND/2CIA/1PEL(PASSOS);TPO00155;Não;Não;Não;BOLETIM DE OCORRENCIA;Classificada;27/05/2023 07:41;Não
2023-27954332-5;(BM) 2023-024751830-001;26/05/2023 10:31;RUA MISSOES, Nº 846 - JARDIM PLANALTO - PASSOS;-207.178.561;-466.266.044;P01001 - VISTORIA DE FISCALIZACAO (C) (Prioridade: 2 - Média);1CIA IND/2CIA/1PEL(PASSOS);TPO00155;Não;Não;Não;BOLETIM DE OCORRENCIA;Classificada;27/05/2023 07:41;Não
2023-27954585-0;(BM) 2023-024754179-001;26/05/2023 10:53;RUA ODELIO BALDINI, Nº 124 - JARDIM SATELITE - PASSOS;-207.115.192;-466.229.845;P01001 - VISTORIA DE FISCALIZACAO (C) (Prioridade: 2 - Média);1CIA IND/2CIA/1PEL(PASSOS);TPO00155;Não;Não;Não;BOLETIM DE OCORRENCIA;Classificada;27/05/2023 07:41;Não
2023-27957030-2;(BM) 2023-024782332-001;26/05/2023 14:22;RUA SAFIRA, Nº 67 - ACLIMACAO - PASSOS;-207.510.111;-465.998.201;V03006 - VITIMA DE ATAQUE DE ANIMAIS PECONHENTOS (C) (Prioridade: 1 - Alta);1CIA IND/2CIA/1PEL(PASSOS);ASL00064;Não;Não;Não;BOLETIM DE OCORRENCIA;Classificada;30/05/2023 11:07;Não
2023-27957912-1;(BM) 2023-024793869-001;26/05/2023 15:08;RUA ADOLFO COELHO LEMOS, Nº S/N - JARDIM PINHEIROS - PASSOS;-207.232.123;-466.219.862;P02003 - VISTORIA EM LOTE VAGO (C) (Prioridade: 2 - Média);1CIA IND/2CIA/1PEL(PASSOS);ASL00064;Não;Não;Não;BOLETIM DE OCORRENCIA;Classificada;27/05/2023 07:41;Não
2023-27958054-6;(BM) 2023-024797001-001;26/05/2023 15:16;RUA ADOLFO COELHO LEMOS, Nº S/N - JARDIM PINHEIROS - PASSOS;-207.232.123;-466.219.862;P02003 - VISTORIA EM LOTE VAGO (C) (Prioridade: 2 - Média);1CIA IND/2CIA/1PEL(PASSOS);ASL00064;Não;Não;Não;BOLETIM DE OCORRENCIA;Classificada;27/05/2023 07:41;Não
2023-27958056-1;(BM) 2023-024799879-001;26/05/2023 15:17;RUA ADOLFO COELHO LEMOS, Nº S/N - JARDIM PINHEIROS - PASSOS;-207.232.123;-466.219.862;P02003 - VISTORIA EM LOTE VAGO (C) (Prioridade: 2 - Média);1CIA IND/2CIA/1PEL(PASSOS);ASL00064;Não;Não;Não;BOLETIM DE OCORRENCIA;Classificada;27/05/2023 07:41;Não
2023-27958059-0;(BM) 2023-024802495-001;26/05/2023 15:17;RUA ADOLFO COELHO LEMOS, Nº S/N - JARDIM PINHEIROS - PASSOS;-207.232.123;-466.219.862;P02003 - VISTORIA EM LOTE VAGO (C) (Prioridade: 2 - Média);1CIA IND/2CIA/1PEL(PASSOS);ASL00064;Não;Não;Não;BOLETIM DE OCORRENCIA;Classificada;27/05/2023 07:41;Não
2023-27958092-5;(BM) 2023-024803775-001;26/05/2023 15:17;RUA ADOLFO COELHO LEMOS, Nº S/N - JARDIM PINHEIROS - PASSOS;-207.232.123;-466.219.862;P02003 - VISTORIA EM LOTE VAGO (C) (Prioridade: 2 - Média);1CIA IND/2CIA/1PEL(PASSOS);ASL00064;Não;Não;Não;BOLETIM DE OCORRENCIA;Classificada;27/05/2023 07:41;Não
2023-27958649-3;(BM) 2023-024803684-001;26/05/2023 15:47;RUA DOUTOR CARVALHO, Nº 1455 - NOSSA SENHORA DAS GRAÇAS - PASSOS;-207.352.269;-466.037.303;Q03017 - TREINAMENTO DE PRIMEIROS SOCORROS (C) (Prioridade: 2 - Média);1CIA IND/2CIA/1PEL(PASSOS);BM1206671;Não;Não;Não;BOLETIM DE OCORRENCIA;Classificada;27/05/2023 07:40;Não
2023-27959210-5;(BM) 2023-024811232-001;26/05/2023 16:17;RUA VEREADOR MARCOS JOELI, Nº 105 - COHAB 5 - PASSOS;-207.205.439;-466.392.303;V01019 - VITIMA COM OBSTRUCAO DE VIAS AEREAS POR CORPOS ESTRANHOS (C) (Prioridade: 1 - Alta);1CIA IND/2CIA/1PEL(PASSOS);ASL00064;Não;Não;Não;BOLETIM DE OCORRENCIA;Classificada;27/05/2023 07:40;Não
2023-27961537-8;(BM) 2023-024836292-001;26/05/2023 18:38;AVENIDA JK, Nº S/N - MONSENHOR MESSIAS - PASSOS;-207.342.178;-465.979.772;S06005 - CAPTURA DE INSETOS (C) (Prioridade: 2 - Média);1CIA IND/2CIA/1PEL(PASSOS);ASL00064;Não;Não;Não;BOLETIM DE OCORRENCIA;Classificada;27/05/2023 07:40;Não
2023-27961733-6;(BM) 2023-024845280-001;26/05/2023 18:50;RUA ETIOPIA / RUA CASSIA - SAO BENEDITO - PASSOS;-207.216.621;-466.018.164;V04999 - OUTROS TIPOS DE VIATURAS OPERACIONAIS PRIMEIRO-ATENDIMENTO   (C) (Prioridade: 1 - Alta);1CIA IND/2CIA/1PEL(PASSOS);ASL00064;Não;Não;Não;BOLETIM DE OCORRENCIA;Classificada;27/05/2023 07:40;Não
2023-27962794-6;(BM) 2023-024853939-001;26/05/2023 20:01;AVENIDA COMENDADOR FRANCISCO A MAIA, Nº 1061 - CANJERANUS - PASSOS;-207.125.715;-466.084.197;O04012 - INCENDIO EM LOTE VAGO (AREA URBANA) (C) (Prioridade: 2 - Média);1CIA IND/2CIA/1PEL(PASSOS);ABTS0495 / ASL00064;Não;Não;Não;BOLETIM DE OCORRENCIA;Classificada;27/05/2023 07:40;Não
2023-27964692-7;(BM) 2023-024867490-001;26/05/2023 22:06;RODOVIA BR-265, Nº S/N - ALPINOPOLIS;-208.940.287;-46.432.443;W04000 - NADA CONSTATADO (C) (Prioridade: 3 - Baixa);1CIA IND/2CIA/1PEL(PASSOS);ASL00064;Não;Não;Não;BOLETIM DE OCORRENCIA;Classificada;27/05/2023 07:43;Não
2023-27970138-3;(BM) 2023-024915540-001;27/05/2023 09:28;RODOVIA BR 146, Km 368, Nº S/N - PASSOS;;;Q01002 - DEMONSTRACAO MISTA / CONJUNTA (C) (Prioridade: 2 - Média);1CIA IND/2CIA/1PEL(PASSOS);ASL00064;Não;Não;Não;BOLETIM DE OCORRENCIA;Classificada;28/05/2023 08:24;Não
2023-27970336-7;(BM) 2023-024917208-001;27/05/2023 09:50;RUA ACRE, Nº 906 - SANTA LUZIA - PASSOS;-207.090.453;-465.992.409;Q02009 - PALESTRA DE PRIMEIROS SOCORROS (C) (Prioridade: 2 - Média);1CIA IND/2CIA/1PEL(PASSOS);TPO00155;Não;Não;Não;BOLETIM DE OCORRENCIA;Classificada;28/05/2023 08:24;Não
2023-27970400-4;(BM) 2023-024917929-001;27/05/2023 09:56;RUA DOUTOR CARVALHO, Nº 1455 - NOSSA SENHORA DAS GRAÇAS - PASSOS;-207.352.269;-466.037.303;Q02008 - PALESTRA DE COMBATE A INCENDIO (C) (Prioridade: 2 - Média);1CIA IND/2CIA/1PEL(PASSOS);BM1123223;Não;Não;Não;BOLETIM DE OCORRENCIA;Classificada;28/05/2023 08:24;Não
2023-27973426-4;(BM) 2023-024975346-001;27/05/2023 15:03;RODOVIA MG 050, Nº S/N - PASSOS;-207.371.492;-466.395.925;P03014 - PREVENCAO EM POUSO E DECOLAGEM DE AERONAVE (C) (Prioridade: 2 - Média);1CIA IND/2CIA/1PEL(PASSOS);ABTS0495;Não;Não;Não;BOLETIM DE OCORRENCIA;Classificada;28/05/2023 08:24;Não
2023-27977547-0;(BM) 2023-024985893-001;27/05/2023 19:32;RUA DOUTOR CARVALHO, Nº 1455 - NOSSA SENHORA DAS GRAÇAS - PASSOS;-207.352.269;-466.037.303;Q03017 - TREINAMENTO DE PRIMEIROS SOCORROS (C) (Prioridade: 2 - Média);1CIA IND/2CIA/1PEL(PASSOS);BM1224443;Não;Não;Não;BOLETIM DE OCORRENCIA;Classificada;28/05/2023 08:24;Não
2023-27977904-6;(BM) 2023-024989064-001;27/05/2023 19:53;RUA JOAO DE MELO PIANTINO, Nº S/N - RESIDENCIAL VILLAGIO DI ITALIA - PASSOS;-207.318.661;-465.909.206;P02003 - VISTORIA EM LOTE VAGO (C) (Prioridade: 2 - Média);1CIA IND/2CIA/1PEL(PASSOS);ABTS0495;Não;Não;Não;BOLETIM DE OCORRENCIA;Classificada;28/05/2023 08:24;Não
2023-27978707-0;(BM) 2023-024996670-001;27/05/2023 20:42;AVENIDA COMENDADOR FRANCISCO A MAIA, Nº 1701 - CENTRO - PASSOS;-207.145.296;-466.122.266;S03002 - SALVAMENTO EM GALERIA / ESGOTO (C) (Prioridade: 1 - Alta);1CIA IND/2CIA/1PEL(PASSOS);ABTS0495;Não;Não;Não;BOLETIM DE OCORRENCIA;Classificada;28/05/2023 08:24;Não
2023-27979198-4;(BM) 2023-025001051-001;27/05/2023 21:12;RUA JOAO DE MELO PIANTINO, Nº S/N - RESIDENCIAL VILLAGIO DI ITALIA - PASSOS;-207.318.661;-465.909.206;P02003 - VISTORIA EM LOTE VAGO (C) (Prioridade: 2 - Média);1CIA IND/2CIA/1PEL(PASSOS);ABTS0495;Não;Não;Não;BOLETIM DE OCORRENCIA;Classificada;28/05/2023 08:24;Não
2023-27980030-3;(BM) 2023-025020283-001;27/05/2023 22:06;RODOVIA BR 146 KM 06, Nº S/N - PASSOS;-207.831.405;-466.011.368;S05308 - COLISAO ENTRE AUTOMOVEL X MOTOCICLETA (C) (Prioridade: 1 - Alta);1CIA IND/2CIA/1PEL(PASSOS);ASL00064;Não;Não;Não;BOLETIM DE OCORRENCIA;Classificada;28/05/2023 08:24;Não
2023-27985702-7;(BM) 2023-025070750-001;28/05/2023 08:21;REPRESA DE FURNAS - TURVO, Nº S/N - CAPITOLIO;-206.697.525;-462.219.762;P03003 - PREVENCAO AQUATICA / OPERACAO VERANICO (C) (Prioridade: 2 - Média);1CIA IND/2CIA/1PEL(PASSOS);ASL00064;Não;Não;Não;BOLETIM DE OCORRENCIA;Classificada;29/05/2023 10:42;Não
2023-27990080-8;(BM) 2023-025092791-001;28/05/2023 16:02;RUA DOUTOR CARVALHO, Nº 1455 - NOSSA SENHORA DAS GRAÇAS - PASSOS;-207.352.269;-466.037.303;Q03005 - TREINAMENTO DE SALVAMENTO TERRESTRE (C) (Prioridade: 2 - Média);1CIA IND/2CIA/1PEL(PASSOS);BM1549013;Não;Não;Não;BOLETIM DE OCORRENCIA;Classificada;29/05/2023 10:42;Não
2023-27991648-8;(BM) 2023-025107594-001;28/05/2023 17:50;RUA PEDRO SICAR ROMANELLI, Nº 61 - COHAB 3 - PASSOS;-207.024.212;-466.247.623;S06002 - CAPTURA DE ANIMAL SILVESTRE PERIGOSO / AGRESSIVO (C) (Prioridade: 2 - Média);1CIA IND/2CIA/1PEL(PASSOS);ASL00064;Não;Não;Não;BOLETIM DE OCORRENCIA;Classificada;29/05/2023 10:43;Não
2023-27992162-1;(BM) 2023-025117875-001;28/05/2023 18:20;RODOVIA MG 050, Nº S/N - PASSOS;-207.371.492;-466.395.925;W03000 - SOLICITANTE ENCONTRADO - PROVIDENCIA DISPENSADA (C) (Prioridade: 3 - Baixa);1CIA IND/2CIA/1PEL(PASSOS);ABTS0495;Não;Não;Não;BOLETIM DE OCORRENCIA;Classificada;29/05/2023 10:42;Não
2023-27992216-9;(BM) 2023-025113197-001;28/05/2023 18:23;RUA JULIA BORSARI CARDOSO, Nº S/N - NOVA PASSOS II - PASSOS;-206.997.417;-466.316.048;P02001 - VISTORIA EM HIDRANTE (C) (Prioridade: 2 - Média);1CIA IND/2CIA/1PEL(PASSOS);ASL00064;Não;Não;Não;BOLETIM DE OCORRENCIA;Classificada;29/05/2023 10:43;Não
2023-27992681-9;(BM) 2023-025116868-001;28/05/2023 18:51;AVENIDA PROFESSORA MARIA VALERIA LEMOS BORSARI, Nº S/N - NOVA PASSOS II - PASSOS;-206.991.285;-466.304.102;P02001 - VISTORIA EM HIDRANTE (C) (Prioridade: 2 - Média);1CIA IND/2CIA/1PEL(PASSOS);ASL00064;Não;Não;Não;BOLETIM DE OCORRENCIA;Classificada;29/05/2023 10:43;Não
2023-27992820-3;(BM) 2023-025118055-001;28/05/2023 19:02;AVENIDA AROUCA, Nº 140 - CENTRO - PASSOS;-207.152.685;-466.093.884;P02001 - VISTORIA EM HIDRANTE (C) (Prioridade: 2 - Média);1CIA IND/2CIA/1PEL(PASSOS);ASL00064;Não;Não;Não;BOLETIM DE OCORRENCIA;Classificada;29/05/2023 10:43;Não
2023-27994607-7;(BM) 2023-025136618-001;28/05/2023 21:02;AVENIDA JOSE CAETANO DE ANDRADE, Nº S/N - MUARAMA - PASSOS;-207.301.976;-466.154.665;O04012 - INCENDIO EM LOTE VAGO (AREA URBANA) (C) (Prioridade: 2 - Média);1CIA IND/2CIA/1PEL(PASSOS);ABTS0495;Não;Não;Não;BOLETIM DE OCORRENCIA;Classificada;29/05/2023 10:42;Não
2023-28000052-8;(BM) 2023-025206122-001;29/05/2023 09:00;RUA DOUTOR CARVALHO, Nº 1455 - NOSSA SENHORA DAS GRAÇAS - PASSOS;-207.352.269;-466.037.303;Q05002 - PROJETO DE DIVULGACAO DA NATACAO (C) (Prioridade: 1 - Alta);1CIA IND/2CIA/PEL PREV E VIST(PASSOS);BM1637305;Não;Não;Não;BOLETIM DE OCORRENCIA;Classificada;30/05/2023 07:29;Não
2023-28000389-1;(BM) 2023-025206163-001;29/05/2023 09:37;RUA DOUTOR CARVALHO, Nº 1455 - NOSSA SENHORA DAS GRAÇAS - PASSOS;-207.352.269;-466.037.303;Q03005 - TREINAMENTO DE SALVAMENTO TERRESTRE (C) (Prioridade: 2 - Média);1CIA IND/2CIA/1PEL(PASSOS);BM1315175;Não;Não;Não;BOLETIM DE OCORRENCIA;Classificada;30/05/2023 07:30;Não
2023-28001494-1;(BM) 2023-025206239-001;29/05/2023 11:07;RUA GARCA, Nº 104 - NOSSA SENHORA DAS GRAÇAS - PASSOS;-207.386.659;-46.604.329;S06005 - CAPTURA DE INSETOS (C) (Prioridade: 2 - Média);1CIA IND/2CIA/1PEL(PASSOS);ASL00064;Não;Não;Não;BOLETIM DE OCORRENCIA;Classificada;30/05/2023 07:30;Não
2023-28002874-8;(BM) 2023-025223026-001;29/05/2023 13:17;RODOVIA LMG 846, Nº S/N - BOM JESUS DA PENHA;-210.280.284;-465.084.699;P01002 - VISTORIA DE LIBERACAO / EMISSAO DE AVCB (C) (Prioridade: 2 - Média);1CIA IND/2CIA/1PEL(PASSOS);TPO00155;Não;Não;Não;BOLETIM DE OCORRENCIA;Classificada;30/05/2023 07:30;Não
2023-28003339-0;(BM) 2023-025230526-001;29/05/2023 13:53;PRACA FRANCISCO SALLES, Nº 73 - PASSOS;-207.261.225;-466.043.918;P01001 - VISTORIA DE FISCALIZACAO (C) (Prioridade: 2 - Média);1CIA IND/2CIA/1PEL(PASSOS);TPO00155;Não;Não;Não;BOLETIM DE OCORRENCIA;Classificada;30/05/2023 07:30;Não
2023-28003741-0;(BM) 2023-025258809-001;29/05/2023 14:17;AVENIDA ANTONIO DIAS MACHADO, Nº 830 - DISTRITO INDUSTRIAL 2 - PASSOS;-207.304.016;-466.454.137;P01001 - VISTORIA DE FISCALIZACAO (C) (Prioridade: 2 - Média);1CIA IND/2CIA/1PEL(PASSOS);TPO00155;Não;Não;Não;BOLETIM DE OCORRENCIA;Classificada;30/05/2023 07:30;Não
2023-28003841-4;(BM) 2023-025233623-001;29/05/2023 14:23;RUA DOUTOR CARVALHO, Nº 1455 - NOSSA SENHORA DAS GRAÇAS - PASSOS;-207.352.269;-466.037.303;P02001 - VISTORIA EM HIDRANTE (C) (Prioridade: 2 - Média);1CIA IND/2CIA/1PEL(PASSOS);ABTS0495;Não;Não;Não;BOLETIM DE OCORRENCIA;Classificada;30/05/2023 07:30;Não
2023-28005285-3;(BM) 2023-025254343-001;29/05/2023 15:38;RUA SANTOS DUMONT, Nº 342 - BELO HORIZONTE - PASSOS;-20.727.962;-466.083.108;P01001 - VISTORIA DE FISCALIZACAO (C) (Prioridade: 2 - Média);1CIA IND/2CIA/1PEL(PASSOS);TPO00155;Não;Não;Não;BOLETIM DE OCORRENCIA;Classificada;30/05/2023 07:29;Não
2023-28005493-0;;29/05/2023 15:50;RODOVIA MG 050, Nº S/N - PASSOS;-207.371.492;-466.395.925;P03001 - PERIGO DE DERRAPAGEM (C) (Prioridade: 2 - Média);1CIA IND/2CIA/1PEL(PASSOS);;Não;Não;Não;CANCELADA PELO COORDENADOR DO COBOM;Classificada;29/05/2023 16:00;Não
2023-28006358-0;(BM) 2023-025269172-001;29/05/2023 16:41;RUA GOIAS, Nº S/N - SANTA LUZIA - PASSOS;-207.077.147;-466.045.927;S06005 - CAPTURA DE INSETOS (C) (Prioridade: 2 - Média);1CIA IND/2CIA/1PEL(PASSOS);ASL00064;Não;Não;Não;BOLETIM DE OCORRENCIA;Classificada;30/05/2023 07:29;Não
2023-28014158-7;(BM) 2023-025355097-001;30/05/2023 07:37;RODOVIA MG 050, Km 306 - CAPITOLIO;-206.541.637;-462.162.524;Q03019 - TREINAMENTO DE MERGULHO AUTONOMO (C) (Prioridade: 2 - Média);1CIA IND/2CIA/1PEL(PASSOS);ASL00064;Não;Não;Não;BOLETIM DE OCORRENCIA;Classificada;31/05/2023 07:17;Não
2023-28014707-3;(BM) 2023-025361878-001;30/05/2023 08:38;AVENIDA PERIMETRAL, Nº S/N - PARQUE DA ESTACAO - PASSOS;-207.057.771;-466.097.547;P02003 - VISTORIA EM LOTE VAGO (C) (Prioridade: 2 - Média);1CIA IND/2CIA/1PEL(PASSOS);ABTS0495;Não;Não;Não;BOLETIM DE OCORRENCIA;Classificada;31/05/2023 07:17;Não
2023-28014887-7;(BM) 2023-025362766-001;30/05/2023 08:53;AVENIDA PERIMETRAL, Nº S/N - PARQUE DA ESTACAO - PASSOS;-207.057.771;-466.097.547;P02003 - VISTORIA EM LOTE VAGO (C) (Prioridade: 2 - Média);1CIA IND/2CIA/1PEL(PASSOS);ABTS0495;Não;Não;Não;BOLETIM DE OCORRENCIA;Classificada;31/05/2023 07:18;Não
2023-28015063-8;(BM) 2023-025364975-001;30/05/2023 09:09;AVENIDA PERIMETRAL, Nº S/N - PARQUE DA ESTACAO - PASSOS;-207.057.771;-466.097.547;P02003 - VISTORIA EM LOTE VAGO (C) (Prioridade: 2 - Média);1CIA IND/2CIA/1PEL(PASSOS);ABTS0495;Não;Não;Não;BOLETIM DE OCORRENCIA;Classificada;31/05/2023 07:18;Não
2023-28015211-3;(BM) 2023-025366699-001;30/05/2023 09:21;AVENIDA PERIMETRAL, Nº S/N - PARQUE DA ESTACAO - PASSOS;-207.057.771;-466.097.547;P02003 - VISTORIA EM LOTE VAGO (C) (Prioridade: 2 - Média);1CIA IND/2CIA/1PEL(PASSOS);ABTS0495;Não;Não;Não;BOLETIM DE OCORRENCIA;Classificada;31/05/2023 07:18;Não
2023-28015339-7;(BM) 2023-025368710-001;30/05/2023 09:37;AVENIDA PERIMETRAL, Nº S/N - PARQUE DA ESTACAO - PASSOS;-207.057.771;-466.097.547;P02003 - VISTORIA EM LOTE VAGO (C) (Prioridade: 2 - Média);1CIA IND/2CIA/1PEL(PASSOS);ABTS0495;Não;Não;Não;BOLETIM DE OCORRENCIA;Classificada;31/05/2023 07:18;Não
2023-28015621-5;(BM) 2023-025444078-001;30/05/2023 10:01;RUA DOUTOR CARVALHO, Nº 1455 - NOSSA SENHORA DAS GRAÇAS - PASSOS;-207.352.269;-466.037.303;Q05002 - PROJETO DE DIVULGACAO DA NATACAO (C) (Prioridade: 1 - Alta);1CIA IND/2CIA/1PEL(PASSOS);BM1797554;Não;Não;Não;BOLETIM DE OCORRENCIA;Classificada;31/05/2023 07:20;Não
2023-28016320-4;(BM) 2023-025381314-001;30/05/2023 10:56;RUA DOUTOR CARVALHO, Nº 1455 - NOSSA SENHORA DAS GRAÇAS - PASSOS;-207.352.269;-466.037.303;Q03017 - TREINAMENTO DE PRIMEIROS SOCORROS (C) (Prioridade: 2 - Média);1CIA IND/2CIA/1PEL(PASSOS);BM1206671;Não;Não;Não;BOLETIM DE OCORRENCIA;Classificada;31/05/2023 07:18;Não
2023-28018032-0;(BM) 2023-025402415-001;30/05/2023 13:41;RUA TUPIS, Nº 26 - CANDEIAS - PASSOS;-207.204.056;-466.157.863;P01001 - VISTORIA DE FISCALIZACAO (C) (Prioridade: 2 - Média);1CIA IND/2CIA/1PEL(PASSOS);TPO00155;Não;Não;Não;BOLETIM DE OCORRENCIA;Classificada;31/05/2023 07:18;Não
2023-28018841-8;(BM) 2023-025412711-001;30/05/2023 14:34;RUA NEVADA, Nº 234 - RESIDENCIAL ELDORADO - PASSOS;-207.304.111;-466.203.818;P01001 - VISTORIA DE FISCALIZACAO (C) (Prioridade: 2 - Média);1CIA IND/2CIA/1PEL(PASSOS);TPO00155;Não;Não;Não;BOLETIM DE OCORRENCIA;Classificada;31/05/2023 07:18;Não
2023-28018863-0;(BM) 2023-025530735-001;30/05/2023 14:35;RUA MONSENHOR JOSE MARIA MATHIAS DA SILVA, Nº 167 - PASSOS;-207.326.455;-466.282.332;P01001 - VISTORIA DE FISCALIZACAO (C) (Prioridade: 2 - Média);1CIA IND/2CIA/1PEL(PASSOS);TPO00155;Não;Não;Não;BOLETIM DE OCORRENCIA;Classificada;31/05/2023 07:19;Não
2023-28019068-3;(BM) 2023-025416330-001;30/05/2023 14:45;RUA SAO PEDRO, Nº 116 - CANDEIAS - PASSOS;-207.198.242;-466.155.939;P01001 - VISTORIA DE FISCALIZACAO (C) (Prioridade: 2 - Média);1CIA IND/2CIA/1PEL(PASSOS);TPO00155;Não;Não;Não;BOLETIM DE OCORRENCIA;Classificada;31/05/2023 07:20;Não
2023-28019201-1;(BM) 2023-025417680-001;30/05/2023 14:50;AVENIDA DOUTOR BRENO SOARES MAIA, Nº 238 - BELO HORIZONTE - PASSOS;-207.285.965;-466.044.611;P02002 - VISTORIA EM RISCO DE QUEDA DE ARVORE (C) (Prioridade: 2 - Média);1CIA IND/2CIA/1PEL(PASSOS);ABTS0495;Não;Não;Não;BOLETIM DE OCORRENCIA;Classificada;31/05/2023 07:20;Não
2023-28023720-2;(BM) 2023-025470715-001;30/05/2023 18:58;RUA MANUELA BALDINI BORSARI, Nº 49 - PASSOS;-207.007.694;-466.323.671;S06005 - CAPTURA DE INSETOS (C) (Prioridade: 2 - Média);1CIA IND/2CIA/1PEL(PASSOS);ASL00064;Não;Não;Não;BOLETIM DE OCORRENCIA;Classificada;31/05/2023 07:20;Não
2023-28025507-6;(BM) 2023-025499219-001;30/05/2023 21:12;AVENIDA EXPEDICIONARIOS, Nº 23 - CENTRO - PASSOS;-207.212.282;-466.076.471;S06002 - CAPTURA DE ANIMAL SILVESTRE PERIGOSO / AGRESSIVO (C) (Prioridade: 2 - Média);1CIA IND/2CIA/1PEL(PASSOS);ASL00064;Não;Não;Não;BOLETIM DE OCORRENCIA;Classificada;31/05/2023 07:20;Não
2023-28030603-9;(BM) 2023-025544321-001;31/05/2023 09:30;AVENIDA PADRE IVO SOARES MATOS, Nº S/N - CENTRO - DELFINOPOLIS;-203.464.276;-468.582.628;P01003 - VISTORIA EM EVENTOS TEMPORARIOS (C) (Prioridade: 1 - Alta);1CIA IND/2CIA/PEL PREV E VIST(PASSOS);APF01362;Não;Não;Não;BOLETIM DE OCORRENCIA;Classificada;01/06/2023 07:31;Não
2023-28030793-6;(BM) 2023-025548828-001;31/05/2023 09:48;RUA RIO DOCE, Nº 978 - RECANTO DA HARMONIA - PASSOS;-207.035.531;-46.597.351;X03000 - EMPENHO ADMINISTRATIVO (C) (Prioridade: 2 - Média);1CIA IND/2CIA/1PEL(PASSOS);ASL00064;Não;Não;Não;BOLETIM DE OCORRENCIA;Classificada;01/06/2023 07:31;Não
2023-28032153-5;(BM) 2023-025564768-001;31/05/2023 11:44;RUA SEBASTIAO CESAR ANASTACIO, Nº 382 - PASSOS;;;P02011 - VISTORIA EM ENXAME DE INSETOS (C) (Prioridade: 2 - Média);1CIA IND/2CIA/1PEL(PASSOS);ASL00064;Não;Não;Não;BOLETIM DE OCORRENCIA;Classificada;01/06/2023 07:31;Não
2023-28033263-9;(BM) 2023-025576972-001;31/05/2023 13:31;AVENIDA PADRE IVO SOARES MATOS, Nº S/N - CENTRO - DELFINOPOLIS;-203.464.276;-468.582.628;P01001 - VISTORIA DE FISCALIZACAO (C) (Prioridade: 2 - Média);1CIA IND/2CIA/1PEL(PASSOS);TPO00155;Não;Não;Não;BOLETIM DE OCORRENCIA;Classificada;01/06/2023 07:31;Não
2023-28034386-4;(BM) 2023-025591221-001;31/05/2023 14:46;RUA BAHIA, Nº 47 - BELA VISTA - PASSOS;-20.717.235;-466.019.477;S04004 - DESABAMENTO / DESMORONAMENTO / COLAPSO DE ESTRUTURAS (C) (Prioridade: 1 - Alta);1CIA IND/2CIA/1PEL(PASSOS);ASL00064;Não;Não;Não;BOLETIM DE OCORRENCIA;Classificada;01/06/2023 07:31;Não
2023-28038578-7;(BM) 2023-025640988-001;31/05/2023 19:02;RUA NORIVAL SEVERIANO DA SILVA, Nº 345 - PASSOS;;;P02011 - VISTORIA EM ENXAME DE INSETOS (C) (Prioridade: 2 - Média);1CIA IND/2CIA/1PEL(PASSOS);ASL00064;Não;Não;Não;BOLETIM DE OCORRENCIA;Classificada;01/06/2023 07:31;Não
