Nº chamada;Nº REDS;Data/hora de criação;Local do fato;Latitude  do local;Longitude do local;Natureza;Unidade Responsável;Recursos empenhados;Alerta;Destaque;Envolve autoridade;Tipo de classificação;Situação;Data/hora da situação atual;Evento associado
2023-28512360-3;(BM) 2023-030688780-001;01/07/2023 07:25;RUA CRUZEIRO DO SUL, Nº 198 - PANORAMA - PASSOS;-207.104.929;-466.173.866;V03019 - VITIMA DE QUEDA DE ALTURA (C) (Prioridade: 1 - Alta);1CIA IND/2CIA/1PEL(PASSOS);UR0565;Não;Não;Não;BOLETIM DE OCORRENCIA;Classificada;01/07/2023 11:47;Não
2023-28513668-4;(BM) 2023-030703605-001;01/07/2023 10:22;RUA IMACULADA CONCEICAO, Nº 805 - COHAB 4 - PASSOS;-207.223.776;-46.632.085;S06002 - CAPTURA DE ANIMAL SILVESTRE PERIGOSO / AGRESSIVO (C) (Prioridade: 2 - Média);1CIA IND/2CIA/1PEL(PASSOS);ASL00064;Não;Não;Não;BOLETIM DE OCORRENCIA;Classificada;02/07/2023 06:44;Não
2023-28514805-9;(BM) 2023-030712296-001;01/07/2023 12:38;RODOVIA MG 050, Km 359 - PASSOS;-20.737.051;-466.411.331;S05302 - COLISAO ENTRE MOTOCICLETAS (C) (Prioridade: 1 - Alta);1CIA IND/2CIA/1PEL(PASSOS);UR0565;Não;Não;Não;BOLETIM DE OCORRENCIA;Classificada;02/07/2023 06:45;Não
2023-28516082-4;(BM) 2023-030722185-001;01/07/2023 14:41;RUA DOUTOR CARVALHO, Nº 1455 - NOSSA SENHORA DAS GRAÇAS - PASSOS;-207.352.269;-466.037.303;Q03017 - TREINAMENTO DE PRIMEIROS SOCORROS (C) (Prioridade: 2 - Média);1CIA IND/2CIA/1PEL(PASSOS);BM1797331;Não;Não;Não;BOLETIM DE OCORRENCIA;Classificada;02/07/2023 06:44;Não
2023-28518504-4;(BM) 2023-030746877-001;01/07/2023 17:27;AVENIDA DONA LIQUINHA SILVEIRA, Nº 909 - COHAB 3 - PASSOS;-207.079.502;-466.232.898;V02408 - VITIMA DE COLISAO ENTRE AUTOMOVEL X MOTOCICLETA (C) (Prioridade: 1 - Alta);1CIA IND/2CIA/1PEL(PASSOS);UR0565;Não;Não;Não;BOLETIM DE OCORRENCIA;Classificada;02/07/2023 06:45;Não
2023-28519229-7;(BM) 2023-030754005-001;01/07/2023 18:16;RUA DOUTOR BORSARI, Nº 508 - COHAB 3 - PASSOS;-207.043.949;-466.270.672;S06002 - CAPTURA DE ANIMAL SILVESTRE PERIGOSO / AGRESSIVO (C) (Prioridade: 2 - Média);1CIA IND/2CIA/1PEL(PASSOS);ASL00064;Não;Não;Não;BOLETIM DE OCORRENCIA;Classificada;02/07/2023 06:44;Não
2023-28519380-9;(BM) 2023-030755263-001;01/07/2023 18:24;AVENIDA ANTONIO ADAO DA SILVA, Nº 200 - PENHA 2 - PASSOS;-207.188.563;-466.324.042;V03005 - VITIMA DE AGRESSAO FISICA SEM USO DE ARMA (C) (Prioridade: 1 - Alta);1CIA IND/2CIA/1PEL(PASSOS);UR0565;Não;Não;Não;BOLETIM DE OCORRENCIA;Classificada;02/07/2023 06:50;Não
2023-28520710-9;(BM) 2023-030766984-001;01/07/2023 19:48;RUA SANTA INES, Nº 440 - BELO HORIZONTE - PASSOS;-207.285.792;-466.077.885;V01018 - VITIMA DE MAL NAO DEFINIDO (DISTURBIO) (C) (Prioridade: 1 - Alta);1CIA IND/2CIA/1PEL(PASSOS);UR0565;Não;Não;Não;BOLETIM DE OCORRENCIA;Classificada;02/07/2023 06:50;Não
2023-28522051-5;(BM) 2023-030783204-001;01/07/2023 21:17;RUA IPATINGA, Nº S/N - CALIFORNIA - PASSOS;-207.039.657;-466.182.868;S06001 - SALVAMENTO DE ANIMAL EM RISCO / PERIGO (C) (Prioridade: 2 - Média);1CIA IND/2CIA/1PEL(PASSOS);ASL00064;Não;Não;Não;BOLETIM DE OCORRENCIA;Classificada;02/07/2023 06:45;Não
2023-28522113-0;(BM) 2023-030783349-001;01/07/2023 21:22;RUA DA PRAIA, Nº 515 - PENHA - PASSOS;-207.162.757;-466.175.201;V03018 - VITIMA DE QUEDA DA PROPRIA ALTURA (C) (Prioridade: 1 - Alta);1CIA IND/2CIA/1PEL(PASSOS);UR0565;Não;Não;Não;BOLETIM DE OCORRENCIA;Classificada;02/07/2023 06:51;Não
2023-28523246-0;(BM) 2023-030794652-001;01/07/2023 22:31;RUA RIO PIRACICABA, Nº 433 - PASSOS;-20.708.594;-466.009.471;P03001 - PERIGO DE DERRAPAGEM (C) (Prioridade: 2 - Média);1CIA IND/2CIA/1PEL(PASSOS);ASL00064;Não;Não;Não;BOLETIM DE OCORRENCIA;Classificada;02/07/2023 06:45;Não
2023-28526720-5;(BM) 2023-030814865-001;02/07/2023 02:25;RUA SANTO ANIBALE MARIE DI FRANCIA, Nº 181 - CENTRO - PASSOS;-207.242.516;-466.087.032;V01023 - VITIMA DE SINCOPE (DESMAIO)/VERTIGEM (C) (Prioridade: 1 - Alta);1CIA IND/2CIA/1PEL(PASSOS);UR0565;Não;Não;Não;BOLETIM DE OCORRENCIA;Classificada;02/07/2023 06:51;Não
2023-28528640-9;(BM) 2023-030837950-001;02/07/2023 08:52;RUA DOUTOR CARVALHO, Nº 1455 - NOSSA SENHORA DAS GRAÇAS - PASSOS;-207.352.269;-466.037.303;Q03004 - TREINAMENTO DE SALVAMENTO EM ALTURA (C) (Prioridade: 2 - Média);1CIA IND/2CIA/1PEL(PASSOS);BM1795095;Não;Não;Não;BOLETIM DE OCORRENCIA;Classificada;03/07/2023 07:43;Não
2023-28529149-6;(BM) 2023-030834446-002;02/07/2023 10:06;PRACA SANTA RITA, Nº 60 - SANTA RITA - PASSOS;-207.320.729;-466.099.714;V01003 - VITIMA COM CRISE CONVULSIVA (C) (Prioridade: 1 - Alta);1CIA IND/2CIA/1PEL(PASSOS);UR0565;Não;Não;Não;BOLETIM DE OCORRENCIA;Classificada;03/07/2023 07:42;Não
2023-28530713-3;(BM) 2023-030847289-001;02/07/2023 13:24;RUA JOSE PIMENTA DE MELO, Nº S/N - JARDIM FLORENCA - PASSOS;-206.911.508;-466.168.107;V03005 - VITIMA DE AGRESSAO FISICA SEM USO DE ARMA (C) (Prioridade: 1 - Alta);1CIA IND/2CIA/1PEL(PASSOS);UR0565;Não;Não;Não;BOLETIM DE OCORRENCIA;Classificada;03/07/2023 07:41;Não
2023-28533171-9;(BM) 2023-030876488-001;02/07/2023 16:18;RUA SETE DE SETEMBRO, Nº 920 - BELO HORIZONTE - PASSOS;-207.303.264;-466.064.106;W03000 - SOLICITANTE ENCONTRADO - PROVIDENCIA DISPENSADA (C) (Prioridade: 3 - Baixa);1CIA IND/2CIA/1PEL(PASSOS);UR0565;Não;Não;Não;BOLETIM DE OCORRENCIA;Classificada;03/07/2023 07:43;Não
2023-28536508-7;(BM) 2023-030901847-001;02/07/2023 19:55;AVENIDA JUPITER, Nº S/N - JARDIM SATELITE - PASSOS;-207.087.452;-466.208.573;S06005 - CAPTURA DE INSETOS (C) (Prioridade: 2 - Média);1CIA IND/2CIA/1PEL(PASSOS);ASL00064;Não;Não;Não;BOLETIM DE OCORRENCIA;Classificada;03/07/2023 07:42;Não
2023-28541142-6;(BM) 2023-030946330-001;03/07/2023 03:51;RUA DOS PROFESSORES, Nº 276 - NOSSA SENHORA DAS GRAÇAS - PASSOS;-207.394.407;-466.030.428;V01025 - VITIMA DE USO / ABUSO / DEPENDENCIA DE DROGAS / ALCOOL (C) (Prioridade: 1 - Alta);1CIA IND/2CIA/1PEL(PASSOS);UR0565;Não;Não;Não;BOLETIM DE OCORRENCIA;Classificada;03/07/2023 07:41;Não
2023-28541548-0;(BM) 2023-030950592-001;03/07/2023 06:51;RUA SAO SEBASTIAO, Nº 272 - CARMELO - PASSOS;-207.145.123;-466.031.699;V01007 - VITIMA COM DISPNEIA (FALTA DE AR) (C) (Prioridade: 1 - Alta);1CIA IND/2CIA/1PEL(PASSOS);UR0565;Não;Não;Não;BOLETIM DE OCORRENCIA;Classificada;03/07/2023 07:41;Não
2023-28541591-0;(BM) 2023-030950655-001;03/07/2023 06:53;RUA BUENOS AIRES, Nº S/N - COHAB 3 - PASSOS;-207.024.574;-466.241.103;S06001 - SALVAMENTO DE ANIMAL EM RISCO / PERIGO (C) (Prioridade: 2 - Média);1CIA IND/2CIA/1PEL(PASSOS);ASL00064;Não;Não;Não;BOLETIM DE OCORRENCIA;Classificada;03/07/2023 07:42;Não
2023-28542791-4;(BM) 2023-030984803-001;03/07/2023 09:10;RUA DONA ALZIRA DE CARVALHO, Nº 605 - CENTRO - CAPETINGA;-206.207.342;-470.598.813;P01002 - VISTORIA DE LIBERACAO / EMISSAO DE AVCB (C) (Prioridade: 2 - Média);1CIA IND/2CIA/PEL PREV E VIST(PASSOS);APF01362;Não;Não;Não;BOLETIM DE OCORRENCIA;Classificada;04/07/2023 16:14;Não
2023-28543137-7;(BM) 2023-030967590-002;03/07/2023 09:44;RODOVIA MGC 146, Km 351 - PASSOS;-206.607.622;-465.393.082;V03021 - VITIMA DE SUICIDIO (TENTATIVA) - APH TRAUMA (C) (Prioridade: 1 - Alta);1CIA IND/2CIA/1PEL(PASSOS);ASL00064 / UR0565;Não;Não;Não;BOLETIM DE OCORRENCIA;Classificada;04/07/2023 16:14;Não
2023-28544434-8;(BM) 2023-030985498-001;03/07/2023 11:22;RODOVIA MG 344, Km 15 - CLARAVAL;-203.980.184;-471.920.306;P01002 - VISTORIA DE LIBERACAO / EMISSAO DE AVCB (C) (Prioridade: 2 - Média);1CIA IND/2CIA/PEL PREV E VIST(PASSOS);APF01362;Não;Não;Não;BOLETIM DE OCORRENCIA;Classificada;04/07/2023 16:14;Não
2023-28544496-5;(BM) 2023-030991978-002 / (PM) 2023-030991978-001;03/07/2023 11:25;RUA MANUEL DA SILVEIRA MAIA, Nº 82 - PENHA 2 - PASSOS;-207.168.154;-46.632.431;W03000 - SOLICITANTE ENCONTRADO - PROVIDENCIA DISPENSADA (C) (Prioridade: 3 - Baixa);1CIA IND/2CIA/1PEL(PASSOS);UR0565;Não;Não;Não;BOLETIM DE OCORRENCIA;Classificada;06/07/2023 16:18;Não
2023-28545011-0;(BM) 2023-031003924-001;03/07/2023 12:15;AVENIDA ESTACAO, Nº S/N - PARQUE DA ESTACAO - PASSOS;-207.073.243;-466.109.132;Y40034 - TRANSPORTE AEREO INTER-HOSPITALAR SUS FACIL (C) (Prioridade: 1 - Alta);1CIA IND/2CIA/1PEL(PASSOS);UR0565;Não;Não;Não;BOLETIM DE OCORRENCIA;Classificada;03/07/2023 17:20;Não
2023-28545924-2;(BM) 2023-031003532-001;03/07/2023 13:38;AVENIDA AROUCA, Nº 555 - CENTRO - PASSOS;-207.176.272;-466.079.507;P01002 - VISTORIA DE LIBERACAO / EMISSAO DE AVCB (C) (Prioridade: 2 - Média);1CIA IND/2CIA/PEL PREV E VIST(PASSOS);APF01362;Não;Não;Não;BOLETIM DE OCORRENCIA;Classificada;04/07/2023 16:14;Não
2023-28546402-2;(BM) 2023-031008968-001;03/07/2023 14:08;RUA FLORIDA, Nº 96 - RESIDENCIAL ELDORADO - PASSOS;-207.316.122;-46.623.181;P01001 - VISTORIA DE FISCALIZACAO (C) (Prioridade: 2 - Média);1CIA IND/2CIA/PEL PREV E VIST(PASSOS);APF01362;Não;Não;Não;BOLETIM DE OCORRENCIA;Classificada;04/07/2023 16:14;Não
2023-28546949-9;(BM) 2023-031016061-001;03/07/2023 14:36;RUA NEVADA, Nº 514 - RESIDENCIAL ELDORADO - PASSOS;-207.290.047;-466.226.664;P01002 - VISTORIA DE LIBERACAO / EMISSAO DE AVCB (C) (Prioridade: 2 - Média);1CIA IND/2CIA/PEL PREV E VIST(PASSOS);APF01362;Não;Não;Não;BOLETIM DE OCORRENCIA;Classificada;04/07/2023 16:14;Não
2023-28547538-0;(BM) 2023-031023414-001;03/07/2023 15:07;RUA PARA, Nº 374 - CANJERANUS - PASSOS;-207.084.933;-466.060.511;P01002 - VISTORIA DE LIBERACAO / EMISSAO DE AVCB (C) (Prioridade: 2 - Média);1CIA IND/2CIA/PEL PREV E VIST(PASSOS);APF01362;Não;Não;Não;BOLETIM DE OCORRENCIA;Classificada;04/07/2023 16:14;Não
2023-28547883-8;(BM) 2023-031028040-001;03/07/2023 15:24;RUA TUPIS, Nº 26 - CANDEIAS - PASSOS;-207.204.056;-466.157.863;P01002 - VISTORIA DE LIBERACAO / EMISSAO DE AVCB (C) (Prioridade: 2 - Média);1CIA IND/2CIA/PEL PREV E VIST(PASSOS);APF01362;Não;Não;Não;BOLETIM DE OCORRENCIA;Classificada;04/07/2023 16:14;Não
2023-28549569-4;(BM) 2023-031060782-001;03/07/2023 16:54;RUA CAPITAO LIMIRIO, Nº 55 - SANTA RITA - PASSOS;-207.317.458;-466.096.914;V02408 - VITIMA DE COLISAO ENTRE AUTOMOVEL X MOTOCICLETA (C) (Prioridade: 1 - Alta);1CIA IND/2CIA/1PEL(PASSOS);UR0565;Não;Não;Não;BOLETIM DE OCORRENCIA;Classificada;04/07/2023 16:15;Não
2023-28550717-7;(BM) 2023-031076259-001;03/07/2023 18:01;RUA SAO JORGE, Nº 360 - CARMELO - PASSOS;-207.149.324;-466.031.549;V03018 - VITIMA DE QUEDA DA PROPRIA ALTURA (C) (Prioridade: 1 - Alta);1CIA IND/2CIA/1PEL(PASSOS);UR0565;Não;Não;Não;BOLETIM DE OCORRENCIA;Classificada;04/07/2023 16:15;Não
2023-28553594-5;(BM) 2023-031098233-001;03/07/2023 21:21;AVENIDA ANTONIO ADAO DA SILVA, Nº 111 - PENHA 2 - PASSOS;-207.189.598;-466.322.189;W03000 - SOLICITANTE ENCONTRADO - PROVIDENCIA DISPENSADA (C) (Prioridade: 3 - Baixa);1CIA IND/2CIA/1PEL(PASSOS);UR0565;Não;Não;Não;BOLETIM DE OCORRENCIA;Classificada;04/07/2023 16:13;Não
2023-28554068-8;(BM) 2023-031102324-001;03/07/2023 21:57;RUA SAO PAULO, Nº 262 - SAO BENEDITO - PASSOS;-207.178.838;-466.005.063;W03000 - SOLICITANTE ENCONTRADO - PROVIDENCIA DISPENSADA (C) (Prioridade: 3 - Baixa);1CIA IND/2CIA/1PEL(PASSOS);UR0565;Não;Não;Não;BOLETIM DE OCORRENCIA;Classificada;04/07/2023 16:13;Não
2023-28557909-6;(BM) 2023-031147604-001;04/07/2023 08:50;RUA ONOFRE R TEIXEIRA, Nº 42 - PASSOS;-20.730.411;-466.276.273;V01018 - VITIMA DE MAL NAO DEFINIDO (DISTURBIO) (C) (Prioridade: 1 - Alta);1CIA IND/2CIA/1PEL(PASSOS);UR0565;Não;Não;Não;BOLETIM DE OCORRENCIA;Classificada;05/07/2023 02:24;Não
2023-28558440-9;(BM) 2023-031147658-001;04/07/2023 09:32;RUA DOUTOR CARVALHO, Nº 1455 - NOSSA SENHORA DAS GRAÇAS - PASSOS;-207.352.269;-466.037.303;Q03005 - TREINAMENTO DE SALVAMENTO TERRESTRE (C) (Prioridade: 2 - Média);1CIA IND/2CIA/1PEL(PASSOS);BM1796358;Não;Não;Não;BOLETIM DE OCORRENCIA;Classificada;05/07/2023 02:23;Não
2023-28558836-0;(BM) 2023-031153000-001;04/07/2023 10:11;RUA PRESCILIANO DE BRITO, Nº 386 - PATRIMONIO - CASSIA;-205.739.281;-469.290.051;O02001 - INCENDIO EM RESIDENCIA/HABITACAO UNIFAMILIAR (CASA) (C) (Prioridade: 1 - Alta);1CIA IND/2CIA/1PEL(PASSOS);ABTS0495;Não;Não;Não;BOLETIM DE OCORRENCIA;Classificada;05/07/2023 02:24;Não
2023-28560919-8;(BM) 2023-031177955-001;04/07/2023 13:16;RUA ILICINIA, Nº S/N - FURNAS - SAO JOSE DA BARRA;-206.756.959;-463.327.498;P01002 - VISTORIA DE LIBERACAO / EMISSAO DE AVCB (C) (Prioridade: 2 - Média);1CIA IND/2CIA/PEL PREV E VIST(PASSOS);APF01362;Não;Não;Não;BOLETIM DE OCORRENCIA;Classificada;05/07/2023 02:24;Não
2023-28562006-6;(BM) 2023-031191188-001;04/07/2023 14:29;AVENIDA EXPEDICIONARIOS, Nº S/N - MIRANTE DO VALE - PASSOS;-207.256.744;-465.818.365;X03000 - EMPENHO ADMINISTRATIVO (C) (Prioridade: 2 - Média);1CIA IND/2CIA/1PEL(PASSOS);ASL00064;Não;Não;Não;BOLETIM DE OCORRENCIA;Classificada;05/07/2023 02:24;Não
2023-28562697-9;(BM) 2023-031200018-001;04/07/2023 15:02;TRAVESSA BELO HORIZONTE, Nº 400 - BELO HORIZONTE - PASSOS;-207.289.836;-466.086.347;P02011 - VISTORIA EM ENXAME DE INSETOS (C) (Prioridade: 2 - Média);1CIA IND/2CIA/1PEL(PASSOS);ASL00064;Não;Não;Não;BOLETIM DE OCORRENCIA;Classificada;05/07/2023 02:24;Não
2023-28562782-6;(BM) 2023-031200936-001;04/07/2023 15:06;AVENIDA PALMARES, Nº S/N - VILA RICA - PASSOS;-207.251.667;-465.923.663;O04013 - INCENDIO EM PASTO (C) (Prioridade: 2 - Média);1CIA IND/2CIA/1PEL(PASSOS);ABTS0495;Não;Não;Não;BOLETIM DE OCORRENCIA;Classificada;05/07/2023 02:24;Não
2023-28565592-7;(BM) 2023-031235515-001;04/07/2023 17:30;RUA AMAPA, Nº 3033 - RECANTO DA HARMONIA - PASSOS;-20.702.187;-465.915.502;O04008 - INCENDIO EM AREA RURAL NAO PROTEGIDA (C) (Prioridade: 2 - Média);1CIA IND/2CIA/1PEL(PASSOS);ABTS0495;Não;Não;Não;BOLETIM DE OCORRENCIA;Classificada;05/07/2023 02:24;Não
2023-28566230-1;(BM) 2023-031242112-001;04/07/2023 18:06;TRAVESSA DEZOITO DE SETEMBRO, Nº 155 - JARDIM SATELITE - PASSOS;-207.146.851;-466.209.312;S03999 - OUTROS TIPOS DE SALVAMENTO EM ALTURA   (C) (Prioridade: 1 - Alta);1CIA IND/2CIA/1PEL(PASSOS);ASL00064;Não;Não;Não;BOLETIM DE OCORRENCIA;Classificada;05/07/2023 02:24;Não
2023-28568850-7;(BM) 2023-031271023-001;04/07/2023 20:58;RUA SETE DE SETEMBRO, Nº 865 - BELO HORIZONTE - PASSOS;-207.314.504;-466.059.916;S06001 - SALVAMENTO DE ANIMAL EM RISCO / PERIGO (C) (Prioridade: 2 - Média);1CIA IND/2CIA/1PEL(PASSOS);ASL00064;Não;Não;Não;BOLETIM DE OCORRENCIA;Classificada;05/07/2023 02:24;Não
2023-28570313-0;(BM) 2023-031287697-001;04/07/2023 22:48;RUA JASPE, Nº 345 - ACLIMACAO - PASSOS;-207.521.621;-46.598.662;W03000 - SOLICITANTE ENCONTRADO - PROVIDENCIA DISPENSADA (C) (Prioridade: 3 - Baixa);1CIA IND/2CIA/1PEL(PASSOS);UR0565;Não;Não;Não;BOLETIM DE OCORRENCIA;Classificada;05/07/2023 02:23;Não
2023-28574067-8;(BM) 2023-031334260-001;05/07/2023 09:26;RUA DOUTOR CARVALHO, Nº 1455 - NOSSA SENHORA DAS GRAÇAS - PASSOS;-207.352.269;-466.037.303;Q03005 - TREINAMENTO DE SALVAMENTO TERRESTRE (C) (Prioridade: 2 - Média);1CIA IND/2CIA/1PEL(PASSOS);BM1797554;Não;Não;Não;BOLETIM DE OCORRENCIA;Classificada;06/07/2023 07:27;Não
2023-28574101-4;(BM) 2023-031334179-001;05/07/2023 09:27;RUA GONCALVES DIAS, Nº 727 - SAO BENEDITO - PASSOS;-207.205.422;-466.032.741;V01003 - VITIMA COM CRISE CONVULSIVA (C) (Prioridade: 1 - Alta);1CIA IND/2CIA/1PEL(PASSOS);UR0565;Não;Não;Não;BOLETIM DE OCORRENCIA;Classificada;06/07/2023 07:26;Não
2023-28574377-5;(BM) 2023-031334322-001;05/07/2023 09:56;RUA CATEDRAL, Nº 259 - JARDIM SATELITE - PASSOS;-207.143.736;-466.204.322;P01001 - VISTORIA DE FISCALIZACAO (C) (Prioridade: 2 - Média);1CIA IND/2CIA/PEL PREV E VIST(PASSOS);APF01362;Não;Não;Não;BOLETIM DE OCORRENCIA;Classificada;06/07/2023 07:27;Não
2023-28574783-6;(BM) 2023-031340934-001;05/07/2023 10:27;RUA DAS CANELAS, Nº 260 - PASSOS;-207.201.806;-466.430.918;P01001 - VISTORIA DE FISCALIZACAO (C) (Prioridade: 2 - Média);1CIA IND/2CIA/PEL PREV E VIST(PASSOS);APF01362;Não;Não;Não;BOLETIM DE OCORRENCIA;Classificada;06/07/2023 07:27;Não
2023-28574812-2;(BM) 2023-031348116-001;05/07/2023 10:29;RODOVIA MG 050, Km 334 - PASSOS;-207.233.932;-464.046.505;V02409 - VITIMA DE COLISAO ENTRE AUTOMOVEL X CAMINHAO / CARRETA (C) (Prioridade: 1 - Alta);1CIA IND/2CIA/1PEL(PASSOS);UR0565;Não;Não;Não;BOLETIM DE OCORRENCIA;Classificada;06/07/2023 07:26;Não
2023-28574879-3;(BM) 2023-031348157-001;05/07/2023 10:37;PRACA BELO HORIZONTE, Nº S/N - CENTRO - SAO JOAO BATISTA GLORIA;-206.406.279;-465.057.883;X03000 - EMPENHO ADMINISTRATIVO (C) (Prioridade: 2 - Média);1CIA IND/2CIA/1PEL(PASSOS);ASL00064;Não;Não;Não;BOLETIM DE OCORRENCIA;Classificada;06/07/2023 07:27;Não
2023-28574994-1;(BM) 2023-031343182-001;05/07/2023 10:45;RUA MARIA DA FE, Nº 192 - COHAB 1 - PASSOS;-207.125.445;-466.250.441;P01001 - VISTORIA DE FISCALIZACAO (C) (Prioridade: 2 - Média);1CIA IND/2CIA/PEL PREV E VIST(PASSOS);APF01362;Não;Não;Não;BOLETIM DE OCORRENCIA;Classificada;06/07/2023 07:27;Não
2023-28575165-2;(BM) 2023-031346790-001;05/07/2023 11:00;RUA VEREADOR PROF OSVALDO L NEGRAO, Nº 94 - COHAB 4 - PASSOS;-207.215.687;-466.361.053;P01001 - VISTORIA DE FISCALIZACAO (C) (Prioridade: 2 - Média);1CIA IND/2CIA/PEL PREV E VIST(PASSOS);APF01362;Não;Não;Não;BOLETIM DE OCORRENCIA;Classificada;06/07/2023 07:27;Não
2023-28576588-1;(BM) 2023-031360099-001;05/07/2023 13:10;RUA RIO BRANCO, Nº S/N - POLIVALENTE - PASSOS;-2.070.339;-466.045.609;V03018 - VITIMA DE QUEDA DA PROPRIA ALTURA (C) (Prioridade: 1 - Alta);1CIA IND/2CIA/1PEL(PASSOS);UR0565;Não;Não;Não;BOLETIM DE OCORRENCIA;Classificada;06/07/2023 07:26;Não
2023-28577048-0;(BM) 2023-031365940-001;05/07/2023 13:50;AVENIDA COMENDADOR FRANCISCO A MAIA, Nº 2010 - PENHA - PASSOS;-207.165.559;-466.128.006;V03019 - VITIMA DE QUEDA DE ALTURA (C) (Prioridade: 1 - Alta);1CIA IND/2CIA/1PEL(PASSOS);UR0565;Não;Não;Não;BOLETIM DE OCORRENCIA;Classificada;06/07/2023 07:26;Não
2023-28579076-6;(BM) 2023-031391689-001;05/07/2023 15:37;RUA FAZENDEIROS, Nº S/N - MONSENHOR MESSIAS - PASSOS;-207.372.124;-466.011.293;O04012 - INCENDIO EM LOTE VAGO (AREA URBANA) (C) (Prioridade: 2 - Média);1CIA IND/2CIA/1PEL(PASSOS);ABTS0495;Não;Não;Não;BOLETIM DE OCORRENCIA;Classificada;06/07/2023 07:27;Não
2023-28581690-7;(BM) 2023-031422393-001;05/07/2023 18:07;RUA BELMIRA OSORIO LEMOS, Nº 81 - SAO JOAQUIM - PASSOS;-207.449.442;-466.009.432;S06002 - CAPTURA DE ANIMAL SILVESTRE PERIGOSO / AGRESSIVO (C) (Prioridade: 2 - Média);1CIA IND/2CIA/1PEL(PASSOS);ASL00064;Não;Não;Não;BOLETIM DE OCORRENCIA;Classificada;06/07/2023 07:27;Não
2023-28582570-0;(BM) 2023-031431810-001;05/07/2023 19:03;RUA PLUTAO, Nº S/N - PANORAMA - PASSOS;-207.079.809;-46.620.205;O02033 - INCENDIO EM AMONTOADO DE LIXO (C) (Prioridade: 2 - Média);1CIA IND/2CIA/1PEL(PASSOS);ABTS0495;Não;Não;Não;BOLETIM DE OCORRENCIA;Classificada;06/07/2023 07:27;Não
2023-28583464-9;(BM) 2023-031440956-001;05/07/2023 20:02;RUA ANAPOLIS, Nº S/N - JARDIM PLANALTO - PASSOS;-207.193.931;-466.254.705;P02011 - VISTORIA EM ENXAME DE INSETOS (C) (Prioridade: 2 - Média);1CIA IND/2CIA/1PEL(PASSOS);ASL00064;Não;Não;Não;BOLETIM DE OCORRENCIA;Classificada;06/07/2023 07:26;Não
2023-28585200-8;(BM) 2023-031460236-001;05/07/2023 22:02;RUA IMACULADA CONCEICAO, Nº 297 - JARDIM PLANALTO - PASSOS;-207.186.579;-466.280.191;V02408 - VITIMA DE COLISAO ENTRE AUTOMOVEL X MOTOCICLETA (C) (Prioridade: 1 - Alta);1CIA IND/2CIA/1PEL(PASSOS);UR0565;Não;Não;Não;BOLETIM DE OCORRENCIA;Classificada;06/07/2023 07:26;Não
2023-28585995-6;;05/07/2023 22:56;RUA GERALDO PANISSA, Nº 201 - CHACARA TAQUARAL - GUARANESIA;;;W08000 - CANCELADA POR INDISPONIBILIDADE DE VIATURA (C) (Prioridade: 3 - Baixa);1CIA IND (POCOS DE CALDAS);;Não;Não;Não;NÃO ATENDIDA: FALTA DE EFETIVO;Classificada;05/07/2023 22:59;Não
2023-28586105-2;(BM) 2023-031482459-002;05/07/2023 23:02;RODOVIA MG050, Km 366 - PASSOS;;;V02409 - VITIMA DE COLISAO ENTRE AUTOMOVEL X CAMINHAO / CARRETA (C) (Prioridade: 1 - Alta);1CIA IND/2CIA/1PEL(PASSOS);UR0565 / ABTS0495;Não;Não;Não;BOLETIM DE OCORRENCIA;Classificada;06/07/2023 07:26;Não
2023-28587648-3;(BM) 2023-031487780-001;06/07/2023 02:18;AVENIDA AMAZONAS, Nº 209 - BELA VISTA - PASSOS;-207.165.247;-466.003.647;V01010 - VITIMA COM DOR TORACICA/SUSPEITA DE INFARTO (IAM) (C) (Prioridade: 1 - Alta);1CIA IND/2CIA/1PEL(PASSOS);UR0565;Não;Não;Não;BOLETIM DE OCORRENCIA;Classificada;06/07/2023 07:25;Não
2023-28589254-9;(BM) 2023-031503588-001;06/07/2023 08:39;RUA DOUTOR CARVALHO, Nº 1455 - NOSSA SENHORA DAS GRAÇAS - PASSOS;-207.352.269;-466.037.303;W06000 - TESTE (C) (Prioridade: 3 - Baixa);1CIA IND/2CIA/1PEL(PASSOS);ASL00064;Não;Não;Não;BOLETIM DE OCORRENCIA;Classificada;07/07/2023 07:27;Não
2023-28589285-2;(BM) 2023-031503995-001;06/07/2023 08:42;RUA DOUTOR CARVALHO, Nº 1455 - NOSSA SENHORA DAS GRAÇAS - PASSOS;-207.352.269;-466.037.303;Q03017 - TREINAMENTO DE PRIMEIROS SOCORROS (C) (Prioridade: 2 - Média);1CIA IND/2CIA/1PEL(PASSOS);BM1787365;Não;Não;Não;BOLETIM DE OCORRENCIA;Classificada;07/07/2023 07:27;Não
2023-28589354-3;(BM) 2023-031509481-001;06/07/2023 08:51;RUA DOS PROFESSORES, Nº 286 - NOSSA SENHORA DAS GRAÇAS - PASSOS;-207.395.103;-466.030.093;V01009 - VITIMA COM DOR NA COLUNA VERTEBRAL (COSTAS) (C) (Prioridade: 1 - Alta);1CIA IND/2CIA/1PEL(PASSOS);UR0565;Não;Não;Não;BOLETIM DE OCORRENCIA;Classificada;07/07/2023 07:26;Não
2023-28589743-5;(BM) 2023-031509557-001;06/07/2023 09:28;RUA DOUTOR CARVALHO, Nº 222 - CENTRO - PASSOS;-207.237.706;-46.607.898;X03000 - EMPENHO ADMINISTRATIVO (C) (Prioridade: 2 - Média);1CIA IND/2CIA/1PEL(PASSOS);UR0565;Não;Não;Não;BOLETIM DE OCORRENCIA;Classificada;07/07/2023 07:27;Não
2023-28590332-8;(BM) 2023-031517120-001;06/07/2023 10:20;RUA PITANGAS, Nº 80 - NOSSA SENHORA DE LOURDES - PASSOS;-206.993.031;-466.176.397;S06001 - SALVAMENTO DE ANIMAL EM RISCO / PERIGO (C) (Prioridade: 2 - Média);1CIA IND/2CIA/1PEL(PASSOS);ABTS0495;Não;Não;Não;BOLETIM DE OCORRENCIA;Classificada;07/07/2023 07:26;Não
2023-28590890-7;(BM) 2023-031524869-001;06/07/2023 11:07;AVENIDA AROUCA, Nº 504 - CENTRO - PASSOS;-207.175.814;-466.082.738;V01005 - VITIMA COM CRISE HIPERTENSIVA/HIPOTENSAO (C) (Prioridade: 1 - Alta);1CIA IND/2CIA/1PEL(PASSOS);UR0565;Não;Não;Não;BOLETIM DE OCORRENCIA;Classificada;07/07/2023 07:26;Não
2023-28591417-4;(BM) 2023-031530750-001;06/07/2023 11:55;RODOVIA MG 050, Nº S/N - PASSOS;-207.371.492;-466.395.925;P02003 - VISTORIA EM LOTE VAGO (C) (Prioridade: 2 - Média);1CIA IND/2CIA/1PEL(PASSOS);ASL00064;Não;Não;Não;BOLETIM DE OCORRENCIA;Classificada;07/07/2023 07:26;Não
2023-28591913-6;(BM) 2023-031535527-001;06/07/2023 12:48;RUA MONTE SANTO, Nº 187 - COHAB 3 - PASSOS;-207.071.384;-466.245.139;V01018 - VITIMA DE MAL NAO DEFINIDO (DISTURBIO) (C) (Prioridade: 1 - Alta);1CIA IND/2CIA/1PEL(PASSOS);UR0565;Não;Não;Não;BOLETIM DE OCORRENCIA;Classificada;07/07/2023 07:26;Não
2023-28592535-6;;06/07/2023 13:44;RODOVIA BR 459, Nº S/N - POCOS DE CALDAS;;;P02011 - VISTORIA EM ENXAME DE INSETOS (C) (Prioridade: 2 - Média);1CIA IND (POCOS DE CALDAS);;Não;Não;Não;TESTE;Classificada;17/07/2023 16:01;Não
2023-28592660-8;(BM) 2023-031544227-001;06/07/2023 13:53;AVENIDA COMENDADOR FRANCISCO A MAIA, Nº 2680 - MARIO MAGALHAES - PASSOS;-207.228.672;-466.128.293;V01006 - VITIMA COM DIFICULDADE DE LOCOMOCAO (C) (Prioridade: 1 - Alta);1CIA IND/2CIA/1PEL(PASSOS);UR0565;Não;Não;Não;BOLETIM DE OCORRENCIA;Classificada;07/07/2023 07:25;Não
2023-28593888-1;(BM) 2023-031560258-001;06/07/2023 15:00;FAZENDA SANTA MARIA - SAO JOAO BATISTA DO GLORIA - FUMAL -  ESTRADA SBG 124, Nº S/N - SAO JOAO BATISTA GLORIA;-20.636.201;-464.740.297;P01003 - VISTORIA EM EVENTOS TEMPORARIOS (C) (Prioridade: 1 - Alta);1CIA IND/2CIA/PEL PREV E VIST(PASSOS);APF01362;Não;Não;Não;BOLETIM DE OCORRENCIA;Classificada;07/07/2023 07:25;Não
2023-28594739-7;(BM) 2023-031571609-001;06/07/2023 15:45;RUA ACEROLAS, Nº 124 - NOSSA SENHORA DE LOURDES - PASSOS;-206.988.534;-466.187.764;V03018 - VITIMA DE QUEDA DA PROPRIA ALTURA (C) (Prioridade: 1 - Alta);1CIA IND/2CIA/1PEL(PASSOS);UR0565;Não;Não;Não;BOLETIM DE OCORRENCIA;Classificada;07/07/2023 07:25;Não
2023-28594862-3;(BM) 2023-031573257-001;06/07/2023 15:51;AVENIDA PROJETADA, Nº 1240 - RESIDENCIAL PORTAL DAS PALMEIRAS - PASSOS;-20.698.296;-466.097.632;O04011 - INCENDIO EM AREA URBANA NAO PROTEGIDA (C) (Prioridade: 2 - Média);1CIA IND/2CIA/1PEL(PASSOS);ABTS0495;Não;Não;Não;BOLETIM DE OCORRENCIA;Classificada;07/07/2023 07:26;Não
2023-28595006-1;(BM) 2023-031579449-001;06/07/2023 15:58;RODOVIA MG 050, Km 356 - VILA ROMANA - PASSOS;-207.387.797;-4.661.397;W08000 - CANCELADA POR INDISPONIBILIDADE DE VIATURA (C) (Prioridade: 3 - Baixa);1CIA IND/2CIA/1PEL(PASSOS);BM1274612;Não;Não;Não;BOLETIM DE OCORRENCIA;Classificada;07/07/2023 07:27;Não
2023-28595240-9;(BM) 2023-031577528-001;06/07/2023 16:09;PRACA CONEGO VICENTE BIANCHI, Nº 107 - CENTRO - ALPINOPOLIS;-208.637.482;-463.918.898;X03000 - EMPENHO ADMINISTRATIVO (C) (Prioridade: 2 - Média);1CIA IND/2CIA/1PEL(PASSOS);ASL00064;Não;Não;Não;BOLETIM DE OCORRENCIA;Classificada;10/07/2023 07:06;Não
2023-28596555-5;(BM) 2023-031593414-001;06/07/2023 17:24;RUA JOAO BORGES DE FIGUEIREDO, Nº 94 - NOSSA SENHORA DE LOURDES - PASSOS;-206.970.318;-466.186.746;V01011 - VITIMA COM DOR RENAL (COLICA) (C) (Prioridade: 1 - Alta);1CIA IND/2CIA/1PEL(PASSOS);UR0565;Não;Não;Não;BOLETIM DE OCORRENCIA;Classificada;07/07/2023 07:25;Não
2023-28596839-2;(BM) 2023-031596894-001;06/07/2023 17:40;AVENIDA SABIA, Nº S/N - MUARAMA 2 - PASSOS;-207.330.855;-466.157.928;O04012 - INCENDIO EM LOTE VAGO (AREA URBANA) (C) (Prioridade: 2 - Média);1CIA IND/2CIA/1PEL(PASSOS);ABTS0495;Não;Não;Não;BOLETIM DE OCORRENCIA;Classificada;07/07/2023 07:26;Não
2023-28597768-1;(BM) 2023-031608496-001;06/07/2023 18:34;RUA SANTO ANTONIO, Nº 150 - CENTRO - PASSOS;-207.158.777;-466.105.266;W10000 - DISPENSADA POR DUPLICIDADE DE EMPENHO COM OUTROS ORGAOS (C) (Prioridade: 1 - Alta);1CIA IND/2CIA/1PEL(PASSOS);UR0565;Não;Não;Não;BOLETIM DE OCORRENCIA;Classificada;07/07/2023 07:25;Não
2023-28604737-1;(BM) 2023-031721513-001;07/07/2023 08:08;RUA DOUTOR CARVALHO, Nº 1455 - NOSSA SENHORA DAS GRAÇAS - PASSOS;-207.352.269;-466.037.303;Q03017 - TREINAMENTO DE PRIMEIROS SOCORROS (C) (Prioridade: 2 - Média);1CIA IND/2CIA/1PEL(PASSOS);BM1791219;Não;Não;Não;BOLETIM DE OCORRENCIA;Classificada;08/07/2023 07:56;Não
2023-28605165-5;(BM) 2023-031709835-001;07/07/2023 08:53;RUA DIAMANTE, Nº 1875 - ACLIMACAO - PASSOS;-207.538.639;-465.969.865;S05404 - ATROPELAMENTO DE CAMINHAO / CARRETA X ANIMAL (C) (Prioridade: 1 - Alta);1CIA IND/2CIA/1PEL(PASSOS);UR0565;Não;Não;Não;BOLETIM DE OCORRENCIA;Classificada;08/07/2023 07:59;Não
2023-28605520-5;(BM) 2023-031701027-001;07/07/2023 09:19;RUA DOUTOR CARVALHO, Nº 896 - BELO HORIZONTE - PASSOS;-207.296.253;-466.059.298;V02408 - VITIMA DE COLISAO ENTRE AUTOMOVEL X MOTOCICLETA (C) (Prioridade: 1 - Alta);1CIA IND/2CIA/1PEL(PASSOS);UR0565;Não;Não;Não;BOLETIM DE OCORRENCIA;Classificada;08/07/2023 07:59;Não
2023-28605755-9;(BM) 2023-031691032-001;07/07/2023 09:44;RUA COLORADO, Nº 110 - SAO FRANCISCO - PASSOS;-207.282.767;-466.208.986;P01001 - VISTORIA DE FISCALIZACAO (C) (Prioridade: 2 - Média);1CIA IND/2CIA/PEL PREV E VIST(PASSOS);APF01362;Não;Não;Não;BOLETIM DE OCORRENCIA;Classificada;08/07/2023 07:56;Não
2023-28605973-0;(BM) 2023-031696518-001;07/07/2023 10:03;RUA AIRES DE MELO VASCONCELOS, Nº 72 - JARDIM CIDADE - PASSOS;-207.319.607;-466.277.604;P01001 - VISTORIA DE FISCALIZACAO (C) (Prioridade: 2 - Média);1CIA IND/2CIA/PEL PREV E VIST(PASSOS);APF01362;Não;Não;Não;BOLETIM DE OCORRENCIA;Classificada;08/07/2023 07:56;Não
2023-28606217-2;(BM) 2023-031696587-001;07/07/2023 10:23;RUA PADRE PIRES, Nº 515 - SAO FRANCISCO - PASSOS;-207.279.491;-466.215.253;P01001 - VISTORIA DE FISCALIZACAO (C) (Prioridade: 2 - Média);1CIA IND/2CIA/PEL PREV E VIST(PASSOS);APF01362;Não;Não;Não;BOLETIM DE OCORRENCIA;Classificada;08/07/2023 07:56;Não
2023-28606414-3;(BM) 2023-031698770-001;07/07/2023 10:39;RUA PENSILVANIA, Nº 210 - RESIDENCIAL ELDORADO - PASSOS;-207.307.719;-466.201.742;P01001 - VISTORIA DE FISCALIZACAO (C) (Prioridade: 2 - Média);1CIA IND/2CIA/PEL PREV E VIST(PASSOS);APF01362;Não;Não;Não;BOLETIM DE OCORRENCIA;Classificada;08/07/2023 07:56;Não
2023-28606624-6;(BM) 2023-031865431-001;07/07/2023 10:58;RUA NEVADA, Nº 514 - RESIDENCIAL ELDORADO - PASSOS;-207.290.047;-466.226.664;P01001 - VISTORIA DE FISCALIZACAO (C) (Prioridade: 2 - Média);1CIA IND/2CIA/PEL PREV E VIST(PASSOS);APF01362;Não;Não;Não;BOLETIM DE OCORRENCIA;Classificada;08/07/2023 08:53;Não
2023-28606780-1;(BM) 2023-031703931-001;07/07/2023 11:09;RUA BELMIRA OSORIO LEMOS, Nº 81 - SAO JOAQUIM - PASSOS;-207.449.442;-466.009.432;S06003 - CAPTURA DE CAO PERIGOSO / AGRESSIVO (C) (Prioridade: 2 - Média);1CIA IND/2CIA/1PEL(PASSOS);ASL00064;Não;Não;Não;BOLETIM DE OCORRENCIA;Classificada;08/07/2023 07:57;Não
2023-28606827-3;(BM) 2023-031705222-001;07/07/2023 11:16;RUA FIGUEIRA, Nº S/N - SERRA DAS BRISAS - PASSOS;-207.360.531;-46.595.828;V01003 - VITIMA COM CRISE CONVULSIVA (C) (Prioridade: 1 - Alta);1CIA IND/2CIA/1PEL(PASSOS);UR0565;Não;Não;Não;BOLETIM DE OCORRENCIA;Classificada;08/07/2023 07:59;Não
2023-28607949-6;(BM) 2023-031722035-001;07/07/2023 13:11;RUA VEREADOR ANTONIO M SILVEIRA, Nº 239 - COHAB 5 - PASSOS;-207.195.853;-466.365.267;V01018 - VITIMA DE MAL NAO DEFINIDO (DISTURBIO) (C) (Prioridade: 1 - Alta);1CIA IND/2CIA/1PEL(PASSOS);UR0565;Não;Não;Não;BOLETIM DE OCORRENCIA;Classificada;08/07/2023 07:59;Não
2023-28611647-0;(BM) 2023-031785633-001;07/07/2023 16:54;RUA NITEROI, Nº S/N - RECANTO DA HARMONIA - PASSOS;-207.026.424;-466.000.024;S06002 - CAPTURA DE ANIMAL SILVESTRE PERIGOSO / AGRESSIVO (C) (Prioridade: 2 - Média);1CIA IND/2CIA/1PEL(PASSOS);ASL00064;Não;Não;Não;BOLETIM DE OCORRENCIA;Classificada;08/07/2023 07:57;Não
2023-28611967-1;(BM) 2023-031856694-001;07/07/2023 17:11;RUA DOUTOR CARVALHO, Nº 1455 - NOSSA SENHORA DAS GRAÇAS - PASSOS;-207.352.269;-466.037.303;Q03001 - TREINAMENTO DE COMBATE A INCENDIO (C) (Prioridade: 2 - Média);1CIA IND/2CIA/1PEL(PASSOS);BM1797430;Não;Não;Não;BOLETIM DE OCORRENCIA;Classificada;08/07/2023 07:58;Não
2023-28615959-5;(BM) 2023-031808370-001;07/07/2023 21:16;RUA DOUTOR CARVALHO, Nº 1130 - BELO HORIZONTE - PASSOS;-207.320.366;-466.050.438;V03026 - VITIMA COM ENTORSE/ESTIRAMENTO/LUXACAO (C) (Prioridade: 1 - Alta);1CIA IND/2CIA/1PEL(PASSOS);UR0565;Não;Não;Não;BOLETIM DE OCORRENCIA;Classificada;08/07/2023 08:00;Não
2023-28620776-4;(BM) 2023-031855408-001;08/07/2023 04:44;RUA SANTA EFIGENIA, Nº 116 - SAO BENEDITO - PASSOS;-207.194.004;-466.021.721;V01018 - VITIMA DE MAL NAO DEFINIDO (DISTURBIO) (C) (Prioridade: 1 - Alta);1CIA IND/2CIA/1PEL(PASSOS);UR0565;Não;Não;Não;BOLETIM DE OCORRENCIA;Classificada;08/07/2023 08:00;Não
2023-28621953-3;(BM) 2023-031866358-001;08/07/2023 08:56;RUA DOUTOR CARVALHO, Nº 1455 - NOSSA SENHORA DAS GRAÇAS - PASSOS;-207.352.269;-466.037.303;Q03017 - TREINAMENTO DE PRIMEIROS SOCORROS (C) (Prioridade: 2 - Média);1CIA IND/2CIA/1PEL(PASSOS);BM1728724;Não;Não;Não;BOLETIM DE OCORRENCIA;Classificada;09/07/2023 07:27;Não
2023-28623353-7;(BM) 2023-031877988-001;08/07/2023 11:35;RUA GARCA, Nº 114 - NOSSA SENHORA DAS GRAÇAS - PASSOS;-207.386.978;-466.044.144;S06001 - SALVAMENTO DE ANIMAL EM RISCO / PERIGO (C) (Prioridade: 2 - Média);1CIA IND/2CIA/1PEL(PASSOS);ASL00064;Não;Não;Não;BOLETIM DE OCORRENCIA;Classificada;09/07/2023 07:27;Não
2023-28623706-5;(BM) 2023-031880888-001;08/07/2023 12:16;RUA DOUTOR CARVALHO, Nº 842 - BELO HORIZONTE - PASSOS;-207.289.963;-466.061.799;X03000 - EMPENHO ADMINISTRATIVO (C) (Prioridade: 2 - Média);1CIA IND/2CIA/1PEL(PASSOS);ASL00064;Não;Não;Não;BOLETIM DE OCORRENCIA;Classificada;09/07/2023 07:27;Não
2023-28627180-2;(BM) 2023-031914135-001;08/07/2023 16:32;RODOVIA MG 050, Nº S/N - PASSOS;-207.371.492;-466.395.925;O04013 - INCENDIO EM PASTO (C) (Prioridade: 2 - Média);1CIA IND/2CIA/1PEL(PASSOS);ABTS0495;Não;Não;Não;BOLETIM DE OCORRENCIA;Classificada;09/07/2023 07:28;Não
2023-28627366-0;(BM) 2023-031915612-002;08/07/2023 16:47;AVENIDA JUCA STOCKLER, Nº 884 - BELO HORIZONTE - PASSOS;-20.731.601;-466.044.639;V01018 - VITIMA DE MAL NAO DEFINIDO (DISTURBIO) (C) (Prioridade: 1 - Alta);1CIA IND/2CIA/1PEL(PASSOS);UR0565;Não;Não;Não;BOLETIM DE OCORRENCIA;Classificada;09/07/2023 07:28;Não
2023-28628222-6;(BM) 2023-031922746-001;08/07/2023 17:44;RUA CANARINHO, Nº S/N - PARQUE DA FAZENDA - PASSOS;-20.739.359;-466.097.492;O04013 - INCENDIO EM PASTO (C) (Prioridade: 2 - Média);1CIA IND/2CIA/1PEL(PASSOS);ABTS0495;Não;Não;Não;BOLETIM DE OCORRENCIA;Classificada;09/07/2023 07:27;Não
2023-28631099-0;(BM) 2023-031943964-001;08/07/2023 21:07;RUA DELFINOPOLIS, Nº 469 - JARDIM PLANALTO - PASSOS;-207.186.247;-466.254.347;S06001 - SALVAMENTO DE ANIMAL EM RISCO / PERIGO (C) (Prioridade: 2 - Média);1CIA IND/2CIA/1PEL(PASSOS);ASL00064;Não;Não;Não;BOLETIM DE OCORRENCIA;Classificada;09/07/2023 07:28;Não
2023-28633336-4;(BM) 2023-031959807-001;08/07/2023 23:30;RUA FRANCISCO VENANCIO, Nº 56 - CENTRO - CAPETINGA;-20.615.621;-470.544.142;W03000 - SOLICITANTE ENCONTRADO - PROVIDENCIA DISPENSADA (C) (Prioridade: 3 - Baixa);1CIA IND/2CIA/1PEL(PASSOS);ABTS0495;Não;Não;Não;BOLETIM DE OCORRENCIA;Classificada;09/07/2023 07:28;Não
2023-28642079-4;(BM) 2023-031975706-001;09/07/2023 07:18;RUA TOCANTINS, Nº 459 - NOSSA SENHORA APARECIDA - PASSOS;-207.446.597;-466.082.471;X03000 - EMPENHO ADMINISTRATIVO (C) (Prioridade: 2 - Média);1CIA IND/2CIA/1PEL(PASSOS);UR0565;Não;Não;Não;BOLETIM DE OCORRENCIA;Classificada;09/07/2023 07:28;Não
2023-28642397-0;(BM) 2023-031977878-001;09/07/2023 08:17;RUA DOUTOR CARVALHO, Nº 1455 - NOSSA SENHORA DAS GRAÇAS - PASSOS;-207.352.269;-466.037.303;Q03004 - TREINAMENTO DE SALVAMENTO EM ALTURA (C) (Prioridade: 2 - Média);1CIA IND/2CIA/1PEL(PASSOS);BM1787076;Não;Não;Não;BOLETIM DE OCORRENCIA;Classificada;10/07/2023 07:05;Não
2023-28642804-1;(BM) 2023-031980661-001;09/07/2023 09:20;RUA JERONIMO NETO, Nº 584 - BELO HORIZONTE - PASSOS;-207.261.273;-466.019.577;V03026 - VITIMA COM ENTORSE/ESTIRAMENTO/LUXACAO (C) (Prioridade: 1 - Alta);1CIA IND/2CIA/1PEL(PASSOS);UR0565;Não;Não;Não;BOLETIM DE OCORRENCIA;Classificada;10/07/2023 07:05;Não
2023-28643892-4;(BM) 2023-031990626-001;09/07/2023 11:41;RUA JOSE DONABELLA, Nº 41 - NOVA PASSOS - PASSOS;-20.706.919;-466.328.348;S06002 - CAPTURA DE ANIMAL SILVESTRE PERIGOSO / AGRESSIVO (C) (Prioridade: 2 - Média);1CIA IND/2CIA/1PEL(PASSOS);ASL00064;Não;Não;Não;BOLETIM DE OCORRENCIA;Classificada;10/07/2023 07:05;Não
2023-28646185-3;;09/07/2023 15:08;RUA PEDRO LOPES, 71, RESIDENCIAL AJS, Nº S/N - GUARANESIA;-213.075.654;-468.042.564;W08000 - CANCELADA POR INDISPONIBILIDADE DE VIATURA (C) (Prioridade: 3 - Baixa);1CIA IND (POCOS DE CALDAS);;Não;Não;Não;NÃO ATENDIDA: FALTA DE EFETIVO;Classificada;09/07/2023 15:09;Não
2023-28647767-4;(BM) 2023-032032873-001;09/07/2023 16:42;RUA CAPRICORNIO, Nº 326 - SERRA VERDE - PASSOS;-207.415.718;-465.945.913;V01006 - VITIMA COM DIFICULDADE DE LOCOMOCAO (C) (Prioridade: 1 - Alta);1CIA IND/2CIA/1PEL(PASSOS);UR0565;Não;Não;Não;BOLETIM DE OCORRENCIA;Classificada;10/07/2023 07:05;Não
2023-28649116-7;(BM) 2023-032056935-001;09/07/2023 18:00;AVENIDA PERIMETRAL, Nº S/N - PARQUE DA ESTACAO - PASSOS;-207.057.771;-466.097.547;O04012 - INCENDIO EM LOTE VAGO (AREA URBANA) (C) (Prioridade: 2 - Média);1CIA IND/2CIA/1PEL(PASSOS);ABTS0495;Não;Não;Não;BOLETIM DE OCORRENCIA;Classificada;10/07/2023 07:05;Não
2023-28650515-0;(BM) 2023-032058451-001;09/07/2023 19:15;RUA UNIMED, Nº S/N - MIRANTE DO VALE - PASSOS;-207.215.211;-465.754.861;P02001 - VISTORIA EM HIDRANTE (C) (Prioridade: 2 - Média);1CIA IND/2CIA/1PEL(PASSOS);ABTS0495;Não;Não;Não;BOLETIM DE OCORRENCIA;Classificada;10/07/2023 07:05;Não
2023-28650706-8;(BM) 2023-032077291-001;09/07/2023 19:24;RUA JOAO XXIII, Nº 640 - MUARAMA 2 - PASSOS;-207.332.367;-466.094.718;W04000 - NADA CONSTATADO (C) (Prioridade: 3 - Baixa);1CIA IND/2CIA/1PEL(PASSOS);ASL00064 / ABTS0495;Não;Não;Não;BOLETIM DE OCORRENCIA;Classificada;10/07/2023 07:05;Não
2023-28651136-7;(BM) 2023-032064208-001;09/07/2023 19:49;RUA AIMORES, Nº S/N - VILA ROMANA - PASSOS;-207.423.199;-466.097.608;O02039 - INCENDIO EM TRONCO DE ARVORE (C) (Prioridade: 2 - Média);1CIA IND/2CIA/1PEL(PASSOS);ABTS0495 / ASL00064;Não;Não;Não;BOLETIM DE OCORRENCIA;Classificada;10/07/2023 07:05;Não
2023-28652235-4;;09/07/2023 20:55;RUA DOUTOR CARVALHO, Nº 1455 - NOSSA SENHORA DAS GRAÇAS - PASSOS;-207.352.269;-466.037.303;W06000 - TESTE (C) (Prioridade: 3 - Baixa);1CIA IND/2CIA/1PEL(PASSOS);ABTS0495;Não;Não;Não;TESTE;Classificada;09/07/2023 21:13;Não
2023-28658171-6;(BM) 2023-032133937-001;10/07/2023 09:00;AVENIDA FLORIANOPOLIS, Nº S/N - JARDIM PLANALTO - SAO JOAO BATISTA GLORIA;-206.285.069;-465.129.388;X03000 - EMPENHO ADMINISTRATIVO (C) (Prioridade: 2 - Média);1CIA IND/2CIA/1PEL(PASSOS);ASL00064;Não;Não;Não;BOLETIM DE OCORRENCIA;Classificada;11/07/2023 06:44;Não
2023-28658257-0;(BM) 2023-032135243-001;10/07/2023 09:08;RUA PABLO RODRIGUES VASCONCELOS, Nº 515 - PASSOS;;;V01018 - VITIMA DE MAL NAO DEFINIDO (DISTURBIO) (C) (Prioridade: 1 - Alta);1CIA IND/2CIA/1PEL(PASSOS);UR0565;Não;Não;Não;BOLETIM DE OCORRENCIA;Classificada;11/07/2023 06:46;Não
2023-28658771-3;(BM) 2023-032141777-001;10/07/2023 09:50;AVENIDA AMAZONAS, Nº 328 - BELA VISTA - PASSOS;-207.158.418;-465.994.335;P01001 - VISTORIA DE FISCALIZACAO (C) (Prioridade: 2 - Média);1CIA IND/2CIA/1PEL(PASSOS);TPO00155;Não;Não;Não;BOLETIM DE OCORRENCIA;Classificada;11/07/2023 06:44;Não
2023-28659115-0;(BM) 2023-032146531-001;10/07/2023 10:19;RUA IPIRANGA, Nº 185 - VILA RICA - PASSOS;-207.255.406;-465.969.627;P01001 - VISTORIA DE FISCALIZACAO (C) (Prioridade: 2 - Média);1CIA IND/2CIA/1PEL(PASSOS);TPO00155;Não;Não;Não;BOLETIM DE OCORRENCIA;Classificada;11/07/2023 06:45;Não
2023-28659262-5;(BM) 2023-032148543-003;10/07/2023 10:32;AVENIDA OTTO KRAKAUER, Nº S/N - SANTA CASA - PASSOS;-207.116.545;-466.111.371;S04012 - BUSCA E SALVAMENTO EM LOCAL DE DIFICIL ACESSO (C) (Prioridade: 1 - Alta);1CIA IND/2CIA/1PEL(PASSOS);ABTS0495 / UR0565;Não;Não;Não;BOLETIM DE OCORRENCIA;Classificada;11/07/2023 06:46;Não
2023-28659389-6;(BM) 2023-032150555-001;10/07/2023 10:44;RUA BASTILHA, Nº 223 - RECANTO DEL REI - PASSOS;-207.285.519;-466.001.635;P01001 - VISTORIA DE FISCALIZACAO (C) (Prioridade: 2 - Média);1CIA IND/2CIA/1PEL(PASSOS);TPO00155;Não;Não;Não;BOLETIM DE OCORRENCIA;Classificada;11/07/2023 06:45;Não
2023-28659658-6;(BM) 2023-032154211-001;10/07/2023 11:04;RUA ITAJAI, Nº 509 - RECANTO DEL REI - PASSOS;-207.287.788;-465.949.907;P01001 - VISTORIA DE FISCALIZACAO (C) (Prioridade: 2 - Média);1CIA IND/2CIA/1PEL(PASSOS);TPO00155;Não;Não;Não;BOLETIM DE OCORRENCIA;Classificada;11/07/2023 06:45;Não
2023-28660315-7;(BM) 2023-032163764-001;10/07/2023 12:02;RUA RIO VERDE, Nº 254 - SANTA LUZIA - PASSOS;-207.082.055;-466.051.911;P02011 - VISTORIA EM ENXAME DE INSETOS (C) (Prioridade: 2 - Média);1CIA IND/2CIA/1PEL(PASSOS);UR0565;Não;Não;Não;BOLETIM DE OCORRENCIA;Classificada;11/07/2023 06:45;Não
2023-28661191-1;(BM) 2023-032172690-001;10/07/2023 13:29;AVENIDA EXPEDICIONARIOS, Nº 1964 - PASSOS;-20.724.863;-465.884.146;P01002 - VISTORIA DE LIBERACAO / EMISSAO DE AVCB (C) (Prioridade: 2 - Média);1CIA IND/2CIA/PEL PREV E VIST(PASSOS);APF01362;Não;Não;Não;BOLETIM DE OCORRENCIA;Classificada;11/07/2023 06:45;Não
2023-28661928-1;(BM) 2023-032182810-001;10/07/2023 14:24;RUA SANTOS DUMONT, Nº 342 - BELO HORIZONTE - PASSOS;-20.727.962;-466.083.108;P01002 - VISTORIA DE LIBERACAO / EMISSAO DE AVCB (C) (Prioridade: 2 - Média);1CIA IND/2CIA/PEL PREV E VIST(PASSOS);APF01362;Não;Não;Não;BOLETIM DE OCORRENCIA;Classificada;11/07/2023 06:45;Não
2023-28662207-5;(BM) 2023-032186496-001;10/07/2023 14:37;RODOVIA MG 050, Km 361 - PASSOS;-207.369.433;-466.596.676;O04014 - INCENDIO AS MARGENS DE RODOVIA (C) (Prioridade: 2 - Média);1CIA IND/2CIA/1PEL(PASSOS);ABTS0495;Não;Não;Não;BOLETIM DE OCORRENCIA;Classificada;11/07/2023 06:45;Não
2023-28662939-3;(BM) 2023-032196920-001;10/07/2023 15:11;RUA CURIO, Nº S/N - PARQUE DA FAZENDA - PASSOS;-20.738.727;-466.074.193;V01018 - VITIMA DE MAL NAO DEFINIDO (DISTURBIO) (C) (Prioridade: 1 - Alta);1CIA IND/2CIA/1PEL(PASSOS);UR0565;Não;Não;Não;BOLETIM DE OCORRENCIA;Classificada;11/07/2023 06:46;Não
2023-28663438-3;(BM) 2023-032232290-001;10/07/2023 15:33;RUA DOUTOR CARVALHO, Nº 1455 - NOSSA SENHORA DAS GRAÇAS - PASSOS;-207.352.269;-466.037.303;Q03017 - TREINAMENTO DE PRIMEIROS SOCORROS (C) (Prioridade: 2 - Média);1CIA IND/2CIA/1PEL(PASSOS);BM1637099;Não;Não;Não;BOLETIM DE OCORRENCIA;Classificada;11/07/2023 06:45;Não
2023-28665938-7;(BM) 2023-032234364-001;10/07/2023 17:49;AVENIDA JOSE CAETANO DE ANDRADE, Nº S/N - MUARAMA - PASSOS;-207.301.976;-466.154.665;S06001 - SALVAMENTO DE ANIMAL EM RISCO / PERIGO (C) (Prioridade: 2 - Média);1CIA IND/2CIA/1PEL(PASSOS);ASL00064;Não;Não;Não;BOLETIM DE OCORRENCIA;Classificada;11/07/2023 06:45;Não
2023-28666635-0;(BM) 2023-032241444-001;10/07/2023 18:31;RUA JOAO PIMENTA, Nº S/N - SAO BENEDITO - PASSOS;-207.205.282;-465.980.666;S06002 - CAPTURA DE ANIMAL SILVESTRE PERIGOSO / AGRESSIVO (C) (Prioridade: 2 - Média);1CIA IND/2CIA/1PEL(PASSOS);ASL00064;Não;Não;Não;BOLETIM DE OCORRENCIA;Classificada;11/07/2023 06:46;Não
2023-28666904-0;(BM) 2023-032244422-001;10/07/2023 18:48;RUA ALBERTINO FERREIRA ROSA, Nº S/N - JARDIM CANADA - PASSOS;-207.477.042;-466.095.863;O04011 - INCENDIO EM AREA URBANA NAO PROTEGIDA (C) (Prioridade: 2 - Média);1CIA IND/2CIA/1PEL(PASSOS);ABTS0495;Não;Não;Não;BOLETIM DE OCORRENCIA;Classificada;11/07/2023 06:46;Não
2023-28667455-4;(BM) 2023-032249980-001;10/07/2023 19:21;RODOVIA BR 146, Km 363 - PASSOS;-208.941.378;-465.942.951;V02301 - VITIMA DE CAPOTAMENTO DE AUTOMOVEL (CARRO / CAMINHONETE) (C) (Prioridade: 1 - Alta);1CIA IND/2CIA/1PEL(PASSOS);UR0565;Não;Não;Não;BOLETIM DE OCORRENCIA;Classificada;11/07/2023 06:46;Não
2023-28672278-0;(BM) 2023-032305895-001;11/07/2023 02:25;RUA DAS CAMELIAS, Nº 114 - CONDOMINIO JARDIM DAS ACACIAS - PASSOS;-207.131.609;-466.538.909;V03004 - VITIMA DE AGRESSAO FISICA COM ARMA DE FOGO (C) (Prioridade: 1 - Alta);1CIA IND/2CIA/1PEL(PASSOS);UR0565;Não;Não;Não;BOLETIM DE OCORRENCIA;Classificada;11/07/2023 06:46;Não
2023-28673416-7;(BM) 2023-032316343-001;11/07/2023 07:55;RUA ALPINOPOLIS, Nº 422 - CANJERANUS - PASSOS;-207.114.997;-466.035.043;S06002 - CAPTURA DE ANIMAL SILVESTRE PERIGOSO / AGRESSIVO (C) (Prioridade: 2 - Média);1CIA IND/2CIA/1PEL(PASSOS);ASL00064;Não;Não;Não;BOLETIM DE OCORRENCIA;Classificada;12/07/2023 05:12;Não
2023-28673547-5;(BM) 2023-032316603-001;11/07/2023 08:07;RUA RIO VERDE, Nº 554 - SANTA LUZIA - PASSOS;-207.063.039;-46.603.159;V01007 - VITIMA COM DISPNEIA (FALTA DE AR) (C) (Prioridade: 1 - Alta);1CIA IND/2CIA/1PEL(PASSOS);UR0565;Não;Não;Não;BOLETIM DE OCORRENCIA;Classificada;12/07/2023 05:14;Não
2023-28674029-6;(BM) 2023-032323254-001;11/07/2023 08:55;RUA DOUTOR CARVALHO, Nº 1455 - NOSSA SENHORA DAS GRAÇAS - PASSOS;-207.352.269;-466.037.303;Q03001 - TREINAMENTO DE COMBATE A INCENDIO (C) (Prioridade: 2 - Média);1CIA IND/2CIA/1PEL(PASSOS);BM1728633;Não;Não;Não;BOLETIM DE OCORRENCIA;Classificada;12/07/2023 05:12;Não
2023-28674222-6;(BM) 2023-032365346-001;11/07/2023 09:08;RUA TIMOTEO, Nº 338 - COHAB 2 - PASSOS;-207.087.814;-466.299.658;V01018 - VITIMA DE MAL NAO DEFINIDO (DISTURBIO) (C) (Prioridade: 1 - Alta);1CIA IND/2CIA/1PEL(PASSOS);UR0565;Não;Não;Não;BOLETIM DE OCORRENCIA;Classificada;12/07/2023 05:14;Não
2023-28674756-0;(BM) 2023-032455650-001;11/07/2023 09:56;RUA ITAIPU, Nº 649 - VILA RICA - PASSOS;-207.253.192;-465.931.331;S06001 - SALVAMENTO DE ANIMAL EM RISCO / PERIGO (C) (Prioridade: 2 - Média);1CIA IND/2CIA/1PEL(PASSOS);ASL00064;Não;Não;Não;BOLETIM DE OCORRENCIA;Classificada;12/07/2023 05:12;Não
2023-28675507-1;(BM) 2023-032347134-001;11/07/2023 10:55;RUA JERONIMO NETO, Nº 337 - BELO HORIZONTE - PASSOS;-207.253.696;-466.041.001;V03018 - VITIMA DE QUEDA DA PROPRIA ALTURA (C) (Prioridade: 1 - Alta);1CIA IND/2CIA/1PEL(PASSOS);UR0565;Não;Não;Não;BOLETIM DE OCORRENCIA;Classificada;12/07/2023 05:15;Não
2023-28676266-2;(BM) 2023-032351160-001;11/07/2023 12:02;RODOVIA PASSOS / GLORIA, Nº S/N - PASSOS;-20.700.737;-46.586.887;X03000 - EMPENHO ADMINISTRATIVO (C) (Prioridade: 2 - Média);1CIA IND/2CIA/1PEL(PASSOS);ASL00064;Não;Não;Não;BOLETIM DE OCORRENCIA;Classificada;12/07/2023 05:12;Não
2023-28676305-2;(BM) 2023-032351158-001;11/07/2023 12:04;ESTRADA PRINCIPAL LINHA DOS CAMPOS KM12, Nº S/N - PASSOS;-20.800.556;-46.512.222;V01013 - VITIMA DE EMERGENCIAS PSIQUIATRICAS (C) (Prioridade: 1 - Alta);1CIA IND/2CIA/1PEL(PASSOS);UR0565;Não;Não;Não;BOLETIM DE OCORRENCIA;Classificada;12/07/2023 07:30;Não
2023-28676346-0;(BM) 2023-032494710-001;11/07/2023 12:09;RUA GERALDO ANTONIO CAMARA, Nº S/N - COHAB 3 - PASSOS;-207.032.732;-466.232.985;W08000 - CANCELADA POR INDISPONIBILIDADE DE VIATURA (C) (Prioridade: 3 - Baixa);1CIA IND/2CIA/1PEL(PASSOS);BM1787357;Não;Não;Não;BOLETIM DE OCORRENCIA;Classificada;12/07/2023 07:30;Não
2023-28677475-8;(BM) 2023-032364774-001;11/07/2023 13:50;RUA DOUTOR SATURNINO, Nº 63 - PASSOS;-207.275.207;-465.991.865;X03000 - EMPENHO ADMINISTRATIVO (C) (Prioridade: 2 - Média);1CIA IND/2CIA/1PEL(PASSOS);TPO00155;Não;Não;Não;BOLETIM DE OCORRENCIA;Classificada;12/07/2023 05:13;Não
2023-28677479-9;(BM) 2023-032365164-001;11/07/2023 13:51;RUA DOUTOR CARVALHO, Nº 1455 - NOSSA SENHORA DAS GRAÇAS - PASSOS;-207.352.269;-466.037.303;S04014 - SALVAMENTO DE PESSOA COM OBJETO PRESO AO CORPO (C) (Prioridade: 1 - Alta);1CIA IND/2CIA/1PEL(PASSOS);BM1549013;Não;Não;Não;BOLETIM DE OCORRENCIA;Classificada;12/07/2023 05:15;Não
2023-28677533-2;(BM) 2023-032365136-001;11/07/2023 13:55;RUA IRLANDA, Nº 497 - PASSOS;-207.257.875;-465.878.074;P01001 - VISTORIA DE FISCALIZACAO (C) (Prioridade: 2 - Média);1CIA IND/2CIA/PEL PREV E VIST(PASSOS);APF01362;Não;Não;Não;BOLETIM DE OCORRENCIA;Classificada;12/07/2023 05:13;Não
2023-28679007-0;(BM) 2023-032384173-001;11/07/2023 15:15;RUA CORONEL JOAO DE BARROS, Nº 1502 - BELO HORIZONTE - PASSOS;-207.301.318;-46.607.748;P01001 - VISTORIA DE FISCALIZACAO (C) (Prioridade: 2 - Média);1CIA IND/2CIA/PEL PREV E VIST(PASSOS);APF01362;Não;Não;Não;BOLETIM DE OCORRENCIA;Classificada;12/07/2023 05:13;Não
2023-28679710-7;(BM) 2023-032393159-001;11/07/2023 15:47;RUA ROUXINOL, Nº 1079 - SAO JOAO - PASSOS;-207.366.481;-466.085.853;P01001 - VISTORIA DE FISCALIZACAO (C) (Prioridade: 2 - Média);1CIA IND/2CIA/PEL PREV E VIST(PASSOS);APF01362;Não;Não;Não;BOLETIM DE OCORRENCIA;Classificada;12/07/2023 05:13;Não
2023-28679953-9;(BM) 2023-032396899-001;11/07/2023 16:02;RUA PICA PAU, Nº 1851 - NOSSA SENHORA APARECIDA - PASSOS;-207.419.293;-466.059.763;P01001 - VISTORIA DE FISCALIZACAO (C) (Prioridade: 2 - Média);1CIA IND/2CIA/PEL PREV E VIST(PASSOS);APF01362;Não;Não;Não;BOLETIM DE OCORRENCIA;Classificada;12/07/2023 05:13;Não
2023-28680331-6;(BM) 2023-032402099-001;11/07/2023 16:21;RUA BARTOLOMEU DE GUSMAO, Nº 376 - BELO HORIZONTE - PASSOS;-20.727.229;-466.089.443;P01001 - VISTORIA DE FISCALIZACAO (C) (Prioridade: 2 - Média);1CIA IND/2CIA/PEL PREV E VIST(PASSOS);APF01362;Não;Não;Não;BOLETIM DE OCORRENCIA;Classificada;12/07/2023 05:13;Não
2023-28682937-0;(BM) 2023-032444243-001;11/07/2023 18:48;RUA JOSE DONABELLA, Nº 985 - NOVA PASSOS II - PASSOS;-206.997.983;-466.298.606;O04011 - INCENDIO EM AREA URBANA NAO PROTEGIDA (C) (Prioridade: 2 - Média);1CIA IND/2CIA/1PEL(PASSOS);ABTS0495;Não;Não;Não;BOLETIM DE OCORRENCIA;Classificada;12/07/2023 05:14;Não
2023-28684610-1;(BM) 2023-032455453-001;11/07/2023 20:39;RUA CANTO DA PENHA, Nº 21 - PENHA - PASSOS;-207.146.902;-466.225.972;V01018 - VITIMA DE MAL NAO DEFINIDO (DISTURBIO) (C) (Prioridade: 1 - Alta);1CIA IND/2CIA/1PEL(PASSOS);UR0565;Não;Não;Não;BOLETIM DE OCORRENCIA;Classificada;12/07/2023 05:15;Não
2023-28689695-1;(BM) 2023-032507345-001;12/07/2023 08:13;RUA LOULOU, Nº 398 - BELO HORIZONTE - PASSOS;-207.261.484;-466.028.628;S03015 - SALVAMENTO DE SUICIDA (C) (Prioridade: 1 - Alta);1CIA IND/2CIA/1PEL(PASSOS);UR0565;Não;Não;Não;BOLETIM DE OCORRENCIA;Classificada;13/07/2023 00:08;Não
2023-28690017-8;(BM) 2023-032507408-001;12/07/2023 08:45;RUA ILICINIA, Nº S/N - FURNAS - SAO JOSE DA BARRA;-206.756.959;-463.327.498;P01002 - VISTORIA DE LIBERACAO / EMISSAO DE AVCB (C) (Prioridade: 2 - Média);1CIA IND/2CIA/PEL PREV E VIST(PASSOS);APF01362;Não;Não;Não;BOLETIM DE OCORRENCIA;Classificada;13/07/2023 00:09;Não
2023-28690762-4;(BM) 2023-032516515-001;12/07/2023 09:56;RUA JOSE HERCULANO FREIRE, Nº S/N - ALPINOPOLIS;;;P01003 - VISTORIA EM EVENTOS TEMPORARIOS (C) (Prioridade: 1 - Alta);1CIA IND/2CIA/PEL PREV E VIST(PASSOS);APF01362;Não;Não;Não;BOLETIM DE OCORRENCIA;Classificada;13/07/2023 00:09;Não
2023-28691241-7;(BM) 2023-032522538-001;12/07/2023 10:35;RUA ITAJAI, Nº 557 - PASSOS;-20.716.294;-465.931.378;P02011 - VISTORIA EM ENXAME DE INSETOS (C) (Prioridade: 2 - Média);1CIA IND/2CIA/1PEL(PASSOS);ASL00064;Não;Não;Não;BOLETIM DE OCORRENCIA;Classificada;13/07/2023 00:09;Não
2023-28691423-4;(BM) 2023-032525111-001;12/07/2023 10:50;RUA JORGE BACIL, Nº 350 - NOVA CALIFORNIA - PASSOS;-207.008.887;-466.226.383;V03018 - VITIMA DE QUEDA DA PROPRIA ALTURA (C) (Prioridade: 1 - Alta);1CIA IND/2CIA/1PEL(PASSOS);UR0565;Não;Não;Não;BOLETIM DE OCORRENCIA;Classificada;13/07/2023 00:09;Não
2023-28692809-7;(BM) 2023-032543574-001;12/07/2023 13:04;AVENIDA PAULO ESPER PIMENTA, Nº 538 - PANORAMA - PASSOS;-207.093.617;-466.129.084;W03000 - SOLICITANTE ENCONTRADO - PROVIDENCIA DISPENSADA (C) (Prioridade: 3 - Baixa);1CIA IND/2CIA/1PEL(PASSOS);ABTS0495;Não;Não;Não;BOLETIM DE OCORRENCIA;Classificada;13/07/2023 00:14;Não
2023-28693109-0;(BM) 2023-032545389-001;12/07/2023 13:31;RUA DOUTOR CARVALHO, Nº 1455 - NOSSA SENHORA DAS GRAÇAS - PASSOS;-207.352.269;-466.037.303;Q03005 - TREINAMENTO DE SALVAMENTO TERRESTRE (C) (Prioridade: 2 - Média);1CIA IND/2CIA/1PEL(PASSOS);BM1638089;Não;Não;Não;BOLETIM DE OCORRENCIA;Classificada;13/07/2023 00:14;Não
2023-28695120-4;(BM) 2023-032572403-002;12/07/2023 15:25;RODOVIA MGC 146, Km 351 - PASSOS;-206.607.622;-465.393.082;V02403 - VITIMA DE COLISAO ENTRE AUTOMOVEIS (CARRO / CAMINHONETE) (C) (Prioridade: 1 - Alta);1CIA IND/2CIA/1PEL(PASSOS);ASL00064 / UR0565;Não;Não;Não;BOLETIM DE OCORRENCIA;Classificada;13/07/2023 00:14;Não
2023-28696780-9;(BM) 2023-032592144-001;12/07/2023 16:55;AVENIDA EXPEDICIONARIOS, Nº 7 - CENTRO - PASSOS;-207.211.827;-466.078.898;V01018 - VITIMA DE MAL NAO DEFINIDO (DISTURBIO) (C) (Prioridade: 1 - Alta);1CIA IND/2CIA/1PEL(PASSOS);UR0565;Não;Não;Não;BOLETIM DE OCORRENCIA;Classificada;13/07/2023 00:14;Não
2023-28697277-7;(BM) 2023-032598680-001;12/07/2023 17:26;RUA SELENITA, Nº 459 - ACLIMACAO - PASSOS;-207.516.046;-465.964.986;O04013 - INCENDIO EM PASTO (C) (Prioridade: 2 - Média);1CIA IND/2CIA/1PEL(PASSOS);ABTS0495;Não;Não;Não;BOLETIM DE OCORRENCIA;Classificada;13/07/2023 00:14;Não
2023-28697866-8;(BM) 2023-032614631-001;12/07/2023 18:03;RUA ACRE, Nº 1185 - RECANTO DA HARMONIA - PASSOS;-207.071.558;-465.974.938;V03018 - VITIMA DE QUEDA DA PROPRIA ALTURA (C) (Prioridade: 1 - Alta);1CIA IND/2CIA/1PEL(PASSOS);UR0565;Não;Não;Não;BOLETIM DE OCORRENCIA;Classificada;13/07/2023 00:13;Não
2023-28699879-0;(BM) 2023-032624574-001;12/07/2023 20:11;RUA VEREADOR ANTONIO CAETANO ANDRADE, Nº 141 - COHAB 5 - PASSOS;-207.205.278;-466.387.282;V03018 - VITIMA DE QUEDA DA PROPRIA ALTURA (C) (Prioridade: 1 - Alta);1CIA IND/2CIA/1PEL(PASSOS);UR0565;Não;Não;Não;BOLETIM DE OCORRENCIA;Classificada;13/07/2023 00:13;Não
2023-28701908-3;(BM) 2023-032646050-001;12/07/2023 22:33;AVENIDA COMENDADOR FRANCISCO A MAIA, Nº S/N - SANTA CASA - PASSOS;-207.146.788;-466.127.072;W03000 - SOLICITANTE ENCONTRADO - PROVIDENCIA DISPENSADA (C) (Prioridade: 3 - Baixa);1CIA IND/2CIA/1PEL(PASSOS);UR0565;Não;Não;Não;BOLETIM DE OCORRENCIA;Classificada;13/07/2023 00:14;Não
2023-28705633-9;(BM) 2023-032696712-001;13/07/2023 08:12;RUA ELVIRA SILVEIRA COIMBRA, Nº 15 - CENTRO - PASSOS;-207.222.869;-466.078.239;P01001 - VISTORIA DE FISCALIZACAO (C) (Prioridade: 2 - Média);1CIA IND/2CIA/PEL PREV E VIST(PASSOS);APF01362;Não;Não;Não;BOLETIM DE OCORRENCIA;Classificada;14/07/2023 07:53;Não
2023-28705761-9;(BM) 2023-032684811-001;13/07/2023 08:21;AVENIDA FLORIANOPOLIS, Nº S/N - JARDIM PLANALTO - SAO JOAO BATISTA GLORIA;-206.285.069;-465.129.388;X03000 - EMPENHO ADMINISTRATIVO (C) (Prioridade: 2 - Média);1CIA IND/2CIA/1PEL(PASSOS);ASL00064;Não;Não;Não;BOLETIM DE OCORRENCIA;Classificada;14/07/2023 07:53;Não
2023-28705927-0;(BM) 2023-032696766-001;13/07/2023 08:32;AVENIDA COMENDADOR FRANCISCO A MAIA, Nº 2592 - MARIO MAGALHAES - PASSOS;-207.217.863;-466.130.714;P01001 - VISTORIA DE FISCALIZACAO (C) (Prioridade: 2 - Média);1CIA IND/2CIA/PEL PREV E VIST(PASSOS);APF01362;Não;Não;Não;BOLETIM DE OCORRENCIA;Classificada;14/07/2023 07:53;Não
2023-28706549-0;(BM) 2023-032696857-001;13/07/2023 09:14;RUA SAO JOSE OPERARIO, Nº 130 - BELO HORIZONTE - PASSOS;-207.266.477;-466.020.984;P01001 - VISTORIA DE FISCALIZACAO (C) (Prioridade: 2 - Média);1CIA IND/2CIA/PEL PREV E VIST(PASSOS);APF01362;Não;Não;Não;BOLETIM DE OCORRENCIA;Classificada;14/07/2023 07:54;Não
2023-28706960-0;(BM) 2023-032699036-001;13/07/2023 09:42;RUA DOUTOR CARVALHO, Nº 1455 - NOSSA SENHORA DAS GRAÇAS - PASSOS;-207.352.269;-466.037.303;Q03005 - TREINAMENTO DE SALVAMENTO TERRESTRE (C) (Prioridade: 2 - Média);1CIA IND/2CIA/1PEL(PASSOS);BM1730183;Não;Não;Não;BOLETIM DE OCORRENCIA;Classificada;14/07/2023 07:54;Não
2023-28707002-9;(BM) 2023-032699588-001;13/07/2023 09:44;RODOVIA MG 050, Nº 236 - NOSSA SENHORA DAS GRAÇAS - PASSOS;-207.402.728;-46.603.598;P01001 - VISTORIA DE FISCALIZACAO (C) (Prioridade: 2 - Média);1CIA IND/2CIA/PEL PREV E VIST(PASSOS);APF01362;Não;Não;Não;BOLETIM DE OCORRENCIA;Classificada;14/07/2023 07:54;Não
2023-28708694-0;(BM) 2023-032722020-001;13/07/2023 11:46;RUA ACRE, Nº 1750 - RECANTO DA HARMONIA - PASSOS;-20.703.433;-465.933.827;P01001 - VISTORIA DE FISCALIZACAO (C) (Prioridade: 2 - Média);1CIA IND/2CIA/PEL PREV E VIST(PASSOS);APF01362;Não;Não;Não;BOLETIM DE OCORRENCIA;Classificada;14/07/2023 07:54;Não
2023-28708715-8;(BM) 2023-032724270-001;13/07/2023 11:49;RUA MANUELA BALDINI BORSARI, Nº S/N - NOVA PASSOS II - PASSOS;-207.006.618;-4.663.216;W04000 - NADA CONSTATADO (C) (Prioridade: 3 - Baixa);1CIA IND/2CIA/1PEL(PASSOS);UR0565;Não;Não;Não;BOLETIM DE OCORRENCIA;Classificada;14/07/2023 07:53;Não
2023-28708796-0;(BM) 2023-032723115-001;13/07/2023 11:55;AVENIDA AROUCA, Nº S/N - CENTRO - PASSOS;-20.715.228;-466.094.169;P02001 - VISTORIA EM HIDRANTE (C) (Prioridade: 2 - Média);1CIA IND/2CIA/1PEL(PASSOS);ABTS0495;Não;Não;Não;BOLETIM DE OCORRENCIA;Classificada;14/07/2023 07:54;Não
2023-28708903-8;(BM) 2023-032724373-001;13/07/2023 12:05;AVENIDA EXPEDICIONARIOS, Nº S/N - MIRANTE DO VALE - PASSOS;-207.256.744;-465.818.365;P02001 - VISTORIA EM HIDRANTE (C) (Prioridade: 2 - Média);1CIA IND/2CIA/1PEL(PASSOS);ABTS0495;Não;Não;Não;BOLETIM DE OCORRENCIA;Classificada;14/07/2023 07:54;Não
2023-28708959-2;(BM) 2023-032725290-001;13/07/2023 12:14;AVENIDA EXPEDICIONARIOS, Nº 1831 - PASSOS;-207.247.637;-465.905.948;P01001 - VISTORIA DE FISCALIZACAO (C) (Prioridade: 2 - Média);1CIA IND/2CIA/PEL PREV E VIST(PASSOS);APF01362;Não;Não;Não;BOLETIM DE OCORRENCIA;Classificada;14/07/2023 07:54;Não
2023-28709031-8;(BM) 2023-032725625-001;13/07/2023 12:18;RUA BONSUCESSO, Nº S/N - CANDEIAS - PASSOS;-207.213.791;-466.187.394;P02001 - VISTORIA EM HIDRANTE (C) (Prioridade: 2 - Média);1CIA IND/2CIA/1PEL(PASSOS);ABTS0495;Não;Não;Não;BOLETIM DE OCORRENCIA;Classificada;14/07/2023 07:54;Não
2023-28709199-6;(BM) 2023-032728278-001;13/07/2023 12:41;RUA RIO DOCE, Nº 1393 - RECANTO DA HARMONIA - PASSOS;-207.017.253;-465.957.507;P01001 - VISTORIA DE FISCALIZACAO (C) (Prioridade: 2 - Média);1CIA IND/2CIA/PEL PREV E VIST(PASSOS);APF01362;Não;Não;Não;BOLETIM DE OCORRENCIA;Classificada;14/07/2023 07:54;Não
2023-28709489-6;(BM) 2023-032731074-001;13/07/2023 13:04;RUA IMPRENSA, Nº 215 - MONSENHOR MESSIAS - PASSOS;-207.372.701;-465.991.836;O04012 - INCENDIO EM LOTE VAGO (AREA URBANA) (C) (Prioridade: 2 - Média);1CIA IND/2CIA/1PEL(PASSOS);ABTS0495;Não;Não;Não;BOLETIM DE OCORRENCIA;Classificada;14/07/2023 07:54;Não
2023-28709671-0;(BM) 2023-032732601-001;13/07/2023 13:16;RUA BARAO DE PASSOS, Nº 1360 - BELA VISTA - PASSOS;-207.130.268;-466.007.346;P01001 - VISTORIA DE FISCALIZACAO (C) (Prioridade: 2 - Média);1CIA IND/2CIA/PEL PREV E VIST(PASSOS);APF01362;Não;Não;Não;BOLETIM DE OCORRENCIA;Classificada;14/07/2023 07:54;Não
2023-28710144-1;(BM) 2023-032737827-001;13/07/2023 13:51;RUA ETIOPIA, Nº 511 - SAO BENEDITO - PASSOS;-207.217.874;-466.013.112;V01018 - VITIMA DE MAL NAO DEFINIDO (DISTURBIO) (C) (Prioridade: 1 - Alta);1CIA IND/2CIA/1PEL(PASSOS);UR0565;Não;Não;Não;BOLETIM DE OCORRENCIA;Classificada;14/07/2023 07:56;Não
2023-28710502-0;(BM) 2023-032742059-001;13/07/2023 14:13;RUA SAO VICENTE, Nº S/N - MARCILIO DINIZ - CAPETINGA;-206.152.598;-470.604.631;P01003 - VISTORIA EM EVENTOS TEMPORARIOS (C) (Prioridade: 1 - Alta);1CIA IND/2CIA/PEL PREV E VIST(PASSOS);APF01362;Não;Não;Não;BOLETIM DE OCORRENCIA;Classificada;14/07/2023 07:56;Não
2023-28711006-3;(BM) 2023-032748281-001;13/07/2023 14:38;RUA DOUTOR SATURNINO, Nº 63 - PASSOS;-207.275.207;-465.991.865;X03000 - EMPENHO ADMINISTRATIVO (C) (Prioridade: 2 - Média);1CIA IND/2CIA/1PEL(PASSOS);TPO00155;Não;Não;Não;BOLETIM DE OCORRENCIA;Classificada;14/07/2023 07:54;Não
2023-28711971-6;(BM) 2023-032824103-001;13/07/2023 15:21;AVENIDA PAULO ESPER PIMENTA, Nº 3919 - PASSOS;-207.092.421;-466.125.297;O04011 - INCENDIO EM AREA URBANA NAO PROTEGIDA (C) (Prioridade: 2 - Média);1CIA IND/2CIA/1PEL(PASSOS);ABTS0495;Não;Não;Não;BOLETIM DE OCORRENCIA;Classificada;14/07/2023 07:55;Não
2023-28714819-8;(BM) 2023-032794512-001;13/07/2023 17:58;RUA CONTAGEM, Nº 38 - PENHA - PASSOS;-207.150.879;-466.274.585;V01018 - VITIMA DE MAL NAO DEFINIDO (DISTURBIO) (C) (Prioridade: 1 - Alta);1CIA IND/2CIA/1PEL(PASSOS);UR0565;Não;Não;Não;BOLETIM DE OCORRENCIA;Classificada;14/07/2023 07:56;Não
2023-28716301-0;(BM) 2023-032808834-001;13/07/2023 19:32;RUA JACARANDA, Nº S/N - SERRA DAS BRISAS - PASSOS;-207.375.349;-465.941.731;O04012 - INCENDIO EM LOTE VAGO (AREA URBANA) (C) (Prioridade: 2 - Média);1CIA IND/2CIA/1PEL(PASSOS);ABTS0495;Não;Não;Não;BOLETIM DE OCORRENCIA;Classificada;14/07/2023 07:55;Não
2023-28717619-5;(BM) 2023-032823111-001;13/07/2023 21:01;RUA ESPERANCA, Nº 1330 - MUARAMA 2 - PASSOS;;;S06005 - CAPTURA DE INSETOS (C) (Prioridade: 2 - Média);1CIA IND/2CIA/1PEL(PASSOS);ABTS0495;Não;Não;Não;BOLETIM DE OCORRENCIA;Classificada;14/07/2023 07:55;Não
2023-28718344-4;(BM) 2023-032838633-001;13/07/2023 21:49;RODOVIA MG 050, Nº S/N - SANTA TEREZINHA - ITAU DE MINAS;-207.498.551;-467.534.723;S06008 - CORTE DE ARVORE CAIDA EM VIA PUBLICA (C) (Prioridade: 2 - Média);1CIA IND/2CIA/1PEL(PASSOS);ABTS0495;Não;Não;Não;BOLETIM DE OCORRENCIA;Classificada;14/07/2023 07:55;Não
2023-28721784-5;(BM) 2023-032865545-001;14/07/2023 05:05;RODOVIA MG 050, Km 351, Nº 351 - MONSENHOR MESSIAS - PASSOS;-207.382.849;-465.968.089;S05304 - COLISAO ENTRE CAMINHOES / CARRETAS (C) (Prioridade: 1 - Alta);1CIA IND/2CIA/1PEL(PASSOS);ABTS0495 / UR0565;Não;Não;Não;BOLETIM DE OCORRENCIA;Classificada;14/07/2023 07:56;Não
2023-28722347-6;(BM) 2023-032870535-001;14/07/2023 07:30;AVENIDA COMENDADOR FRANCISCO A MAIA, Nº S/N - SANTA CASA - PASSOS;-207.146.788;-466.127.072;V02408 - VITIMA DE COLISAO ENTRE AUTOMOVEL X MOTOCICLETA (C) (Prioridade: 1 - Alta);1CIA IND/2CIA/1PEL(PASSOS);UR0565;Não;Não;Não;BOLETIM DE OCORRENCIA;Classificada;14/07/2023 07:56;Não
2023-28723470-8;(BM) 2023-032880794-001;14/07/2023 09:28;RUA AGUAS DE SAO PEDRO, Nº 424 - MUARAMA - PASSOS;-207.311.454;-466.148.277;P01001 - VISTORIA DE FISCALIZACAO (C) (Prioridade: 2 - Média);1CIA IND/2CIA/PEL PREV E VIST(PASSOS);APF01362;Não;Não;Não;BOLETIM DE OCORRENCIA;Classificada;15/07/2023 07:42;Não
2023-28723664-4;(BM) 2023-032883246-001;14/07/2023 09:51;RUA SAO JOAO DEL REI, Nº 626 - PANORAMA - PASSOS;-207.063.085;-466.195.375;P01001 - VISTORIA DE FISCALIZACAO (C) (Prioridade: 2 - Média);1CIA IND/2CIA/PEL PREV E VIST(PASSOS);APF01362;Não;Não;Não;BOLETIM DE OCORRENCIA;Classificada;15/07/2023 07:42;Não
2023-28723807-0;(BM) 2023-032885089-001;14/07/2023 10:06;RUA AMERICA CENTRAL, Nº 59 - CANDEIAS - PASSOS;-207.228.013;-466.154.031;P01001 - VISTORIA DE FISCALIZACAO (C) (Prioridade: 2 - Média);1CIA IND/2CIA/PEL PREV E VIST(PASSOS);APF01362;Não;Não;Não;BOLETIM DE OCORRENCIA;Classificada;15/07/2023 07:42;Não
2023-28724714-6;(BM) 2023-032897384-001;14/07/2023 11:27;RUA BARAO DE PASSOS, Nº 691 - CENTRO - PASSOS;-207.172.406;-466.053.505;V01003 - VITIMA COM CRISE CONVULSIVA (C) (Prioridade: 1 - Alta);1CIA IND/2CIA/1PEL(PASSOS);UR0565;Não;Não;Não;BOLETIM DE OCORRENCIA;Classificada;15/07/2023 07:43;Não
2023-28725036-2;(BM) 2023-032900862-001;14/07/2023 11:56;RUA PRESIDENTE GETULIO VARGAS, Nº S/N - CENTRO - IBIRACI;-204.607.818;-471.212.729;P01003 - VISTORIA EM EVENTOS TEMPORARIOS (C) (Prioridade: 1 - Alta);1CIA IND/2CIA/PEL PREV E VIST(PASSOS);APF01362;Não;Não;Não;BOLETIM DE OCORRENCIA;Classificada;15/07/2023 07:43;Não
2023-28725353-5;(BM) 2023-032904607-001;14/07/2023 12:36;RUA DOIS DE NOVEMBRO, Nº 93 - CENTRO - PASSOS;-20.722.187;-466.067.159;V01023 - VITIMA DE SINCOPE (DESMAIO)/VERTIGEM (C) (Prioridade: 1 - Alta);1CIA IND/2CIA/1PEL(PASSOS);UR0565;Não;Não;Não;BOLETIM DE OCORRENCIA;Classificada;15/07/2023 07:43;Não
2023-28725750-5;(BM) 2023-032908360-001;14/07/2023 13:12;RUA BUENOS AIRES, Nº 139 - PANORAMA - PASSOS;-207.074.357;-466.141.563;V01009 - VITIMA COM DOR NA COLUNA VERTEBRAL (COSTAS) (C) (Prioridade: 1 - Alta);1CIA IND/2CIA/1PEL(PASSOS);UR0565;Não;Não;Não;BOLETIM DE OCORRENCIA;Classificada;15/07/2023 07:43;Não
2023-28726128-4;(BM) 2023-032912698-001;14/07/2023 13:45;RODOVIA MG 050, Nº 360 - PASSOS;-207.363.353;-466.533.308;Y40035 - APOIO DE SOLO EM OPERACOES AEREAS (C) (Prioridade: 2 - Média);1CIA IND/2CIA/1PEL(PASSOS);UR0565;Não;Não;Não;BOLETIM DE OCORRENCIA;Classificada;15/07/2023 07:42;Não
2023-28726168-9;;14/07/2023 13:49;RODOVIA BR 459 - POCOS DE CALDAS;;;P02011 - VISTORIA EM ENXAME DE INSETOS (C) (Prioridade: 2 - Média);1CIA IND (POCOS DE CALDAS);;Não;Não;Não;DISPENSADA PELO SOLICITANTE;Classificada;15/07/2023 18:33;Não
2023-28726569-0;(BM) 2023-032919213-001;14/07/2023 14:18;RUA LIBERDADE, Nº S/N - SANTA CASA - PASSOS;-207.147.647;-466.143.191;W08000 - CANCELADA POR INDISPONIBILIDADE DE VIATURA (C) (Prioridade: 3 - Baixa);1CIA IND/2CIA/1PEL(PASSOS);BM1526367;Não;Não;Não;BOLETIM DE OCORRENCIA;Classificada;15/07/2023 07:42;Não
2023-28726786-8;(BM) 2023-032921476-001;14/07/2023 14:30;AVENIDA FLORIANOPOLIS, Nº S/N - JARDIM PLANALTO - SAO JOAO BATISTA GLORIA;-206.285.069;-465.129.388;X03000 - EMPENHO ADMINISTRATIVO (C) (Prioridade: 2 - Média);1CIA IND/2CIA/1PEL(PASSOS);TPO00155;Não;Não;Não;BOLETIM DE OCORRENCIA;Classificada;15/07/2023 07:43;Não
2023-28731950-9;(BM) 2023-032986772-001;14/07/2023 19:32;RUA CRISTAIS, Nº S/N - CALIFORNIA - PASSOS;-207.007.912;-466.171.976;O02027 - INCENDIO VEIC. AUTOMOTOR (EXCETO TANQUE/ONIBUS/MICRO-ONIBUS) (C) (Prioridade: 1 - Alta);1CIA IND/2CIA/1PEL(PASSOS);ABTS0495;Não;Não;Não;BOLETIM DE OCORRENCIA;Classificada;15/07/2023 07:44;Não
2023-28732195-6;(BM) 2023-032983543-001;14/07/2023 19:51;RUA CAETES, Nº 406 - NOSSA SENHORA APARECIDA - PASSOS;-207.429.223;-466.046.906;S06003 - CAPTURA DE CAO PERIGOSO / AGRESSIVO (C) (Prioridade: 2 - Média);1CIA IND/2CIA/1PEL(PASSOS);ASL00064;Não;Não;Não;BOLETIM DE OCORRENCIA;Classificada;15/07/2023 07:43;Não
2023-28738207-6;(BM) 2023-033177386-001;15/07/2023 06:25;RUA DOUTOR CARVALHO, Nº 1561 - PASSOS;-207.352.269;-466.037.303;A18001 - EMPENHO DE AMBULANCIA DO IPSM (C) (Prioridade: 2 - Média);1CIA IND/2CIA/1PEL(PASSOS);1193;Não;Não;Não;BOLETIM DE OCORRENCIA;Classificada;16/07/2023 07:18;Não
2023-28738386-7;(BM) 2023-033042287-001;15/07/2023 07:12;AVENIDA BRASIL, Nº 284 - JARDIM SATELITE - PASSOS;-2.071.622;-466.191.338;V01020 - VITIMA COM PARADA CARDIORRESPIRATORIA (C) (Prioridade: 1 - Alta);1CIA IND/2CIA/1PEL(PASSOS);UR0565;Não;Não;Não;BOLETIM DE OCORRENCIA;Classificada;15/07/2023 07:44;Não
2023-28738415-3;(BM) 2023-033041605-001;15/07/2023 07:17;RUA DOUTOR CARVALHO, Nº 1455 - NOSSA SENHORA DAS GRAÇAS - PASSOS;-207.352.269;-466.037.303;Q03004 - TREINAMENTO DE SALVAMENTO EM ALTURA (C) (Prioridade: 2 - Média);1CIA IND/2CIA/1PEL(PASSOS);BM1123223;Não;Não;Não;BOLETIM DE OCORRENCIA;Classificada;15/07/2023 07:43;Não
2023-28738976-0;(BM) 2023-033049577-001;15/07/2023 08:36;PRACA CRUZEIRO, Nº S/N - PENHA - PASSOS;-207.161.866;-466.205.947;W10000 - DISPENSADA POR DUPLICIDADE DE EMPENHO COM OUTROS ORGAOS (C) (Prioridade: 1 - Alta);1CIA IND/2CIA/1PEL(PASSOS);UR0565;Não;Não;Não;BOLETIM DE OCORRENCIA;Classificada;16/07/2023 06:17;Não
2023-28739470-7;(BM) 2023-033050320-001;15/07/2023 09:42;RUA PARANA, Nº 465 - BELA VISTA - PASSOS;-207.155.825;-466.010.332;V01018 - VITIMA DE MAL NAO DEFINIDO (DISTURBIO) (C) (Prioridade: 1 - Alta);1CIA IND/2CIA/1PEL(PASSOS);UR0565;Não;Não;Não;BOLETIM DE OCORRENCIA;Classificada;16/07/2023 06:17;Não
2023-28740034-2;(BM) 2023-033055756-001;15/07/2023 10:50;FAZENDA BELA VISTA, Nº S/N - DELFINOPOLIS;-204.055.818;-467.830.279;S06001 - SALVAMENTO DE ANIMAL EM RISCO / PERIGO (C) (Prioridade: 2 - Média);1CIA IND/2CIA/1PEL(PASSOS);ASL00064;Não;Não;Não;BOLETIM DE OCORRENCIA;Classificada;16/07/2023 06:16;Não
2023-28741322-2;(BM) 2023-033071012-001;15/07/2023 13:27;RUA GOIAS, Nº 11 - POLIVALENTE - PASSOS;-207.050.563;-466.071.122;V02408 - VITIMA DE COLISAO ENTRE AUTOMOVEL X MOTOCICLETA (C) (Prioridade: 1 - Alta);1CIA IND/2CIA/1PEL(PASSOS);UR0565;Não;Não;Não;BOLETIM DE OCORRENCIA;Classificada;16/07/2023 06:17;Não
2023-28742107-5;(BM) 2023-033123760-001;15/07/2023 14:39;RUA DOUTOR CARVALHO, Nº 1455 - NOSSA SENHORA DAS GRAÇAS - PASSOS;-207.352.269;-466.037.303;Q03005 - TREINAMENTO DE SALVAMENTO TERRESTRE (C) (Prioridade: 2 - Média);1CIA IND/2CIA/1PEL(PASSOS);BM1787357;Não;Não;Não;BOLETIM DE OCORRENCIA;Classificada;16/07/2023 06:16;Não
2023-28744367-7;(BM) 2023-033098357-001;15/07/2023 17:11;TRAVESSA DEZOITO DE SETEMBRO, Nº S/N - JARDIM SATELITE - PASSOS;-207.152.181;-466.208.497;O04012 - INCENDIO EM LOTE VAGO (AREA URBANA) (C) (Prioridade: 2 - Média);1CIA IND/2CIA/1PEL(PASSOS);ABTS0495;Não;Não;Não;BOLETIM DE OCORRENCIA;Classificada;16/07/2023 06:16;Não
2023-28753602-6;(BM) 2023-033174705-001;16/07/2023 04:54;RUA TRAIRA, Nº S/N - SERRA DAS BRISAS - PASSOS;-207.317.396;-465.976.954;O02027 - INCENDIO VEIC. AUTOMOTOR (EXCETO TANQUE/ONIBUS/MICRO-ONIBUS) (C) (Prioridade: 1 - Alta);1CIA IND/2CIA/1PEL(PASSOS);ABTS0495;Não;Não;Não;BOLETIM DE OCORRENCIA;Classificada;16/07/2023 06:16;Não
2023-28754600-6;(BM) 2023-033181187-001;16/07/2023 08:25;RUA DOUTOR CARVALHO, Nº 1455 - NOSSA SENHORA DAS GRAÇAS - PASSOS;-207.352.269;-466.037.303;Q03005 - TREINAMENTO DE SALVAMENTO TERRESTRE (C) (Prioridade: 2 - Média);1CIA IND/2CIA/1PEL(PASSOS);BM1317692;Não;Não;Não;BOLETIM DE OCORRENCIA;Classificada;17/07/2023 07:38;Não
2023-28754698-0;(BM) 2023-033186688-001;16/07/2023 08:40;RUA DOUTOR CARVALHO, Nº 1455 - NOSSA SENHORA DAS GRAÇAS - PASSOS;-207.352.269;-466.037.303;X03000 - EMPENHO ADMINISTRATIVO (C) (Prioridade: 2 - Média);1CIA IND/2CIA/1PEL(PASSOS);ASL00064;Não;Não;Não;BOLETIM DE OCORRENCIA;Classificada;17/07/2023 07:38;Não
2023-28754901-2;(BM) 2023-033186712-001;16/07/2023 09:09;AVENIDA JK, Nº S/N - MONSENHOR MESSIAS - PASSOS;-207.342.178;-465.979.772;P03999 - OUTROS TIPOS DE PCI / PCA   (C) (Prioridade: 2 - Média);1CIA IND/2CIA/1PEL(PASSOS);ASL00064;Não;Não;Não;BOLETIM DE OCORRENCIA;Classificada;17/07/2023 07:38;Não
2023-28755509-1;(BM) 2023-033189365-001;16/07/2023 10:38;RUA PECUARIA, Nº 383 - SAO FRANCISCO - PASSOS;-207.283.252;-466.183.626;W03000 - SOLICITANTE ENCONTRADO - PROVIDENCIA DISPENSADA (C) (Prioridade: 3 - Baixa);1CIA IND/2CIA/1PEL(PASSOS);UR0565;Não;Não;Não;BOLETIM DE OCORRENCIA;Classificada;17/07/2023 07:37;Não
2023-28755982-0;(BM) 2023-033193181-001;16/07/2023 11:30;AVENIDA COMENDADOR FRANCISCO A MAIA, Nº 4309 - BELO HORIZONTE - PASSOS;-207.338.181;-466.045.798;V03018 - VITIMA DE QUEDA DA PROPRIA ALTURA (C) (Prioridade: 1 - Alta);1CIA IND/2CIA/1PEL(PASSOS);UR0565;Não;Não;Não;BOLETIM DE OCORRENCIA;Classificada;17/07/2023 07:37;Não
2023-28756704-2;(BM) 2023-033199583-001;16/07/2023 13:13;RUA VEREADOR ANTONIO MENDES PEIXOTO, Nº 339 - COHAB 5 - PASSOS;-207.187.755;-46.637.837;V01023 - VITIMA DE SINCOPE (DESMAIO)/VERTIGEM (C) (Prioridade: 1 - Alta);1CIA IND/2CIA/1PEL(PASSOS);UR0565;Não;Não;Não;BOLETIM DE OCORRENCIA;Classificada;17/07/2023 07:37;Não
2023-28757542-8;(BM) 2023-033209041-001;16/07/2023 14:31;AVENIDA COMENDADOR FRANCISCO A MAIA, Nº 4362 - NOVO HORIZONTE - PASSOS;-207.336.262;-4.660.305;V03009 - VITIMA DE ATAQUE DE DEMAIS ANIMAIS DOMESTICOS (C) (Prioridade: 1 - Alta);1CIA IND/2CIA/1PEL(PASSOS);UR0565;Não;Não;Não;BOLETIM DE OCORRENCIA;Classificada;17/07/2023 07:37;Não
2023-28762108-0;(BM) 2023-033252911-001;16/07/2023 19:32;RODOVIA MG 050, Nº S/N - PASSOS;-207.371.492;-466.395.925;O04014 - INCENDIO AS MARGENS DE RODOVIA (C) (Prioridade: 2 - Média);1CIA IND/2CIA/1PEL(PASSOS);ABTS0495;Não;Não;Não;BOLETIM DE OCORRENCIA;Classificada;17/07/2023 07:38;Não
2023-28762916-5;(BM) 2023-033261141-001;16/07/2023 20:27;RUA CAMPOS ALTOS, Nº 393 - JARDIM ELAINE - PASSOS;-206.953.234;-466.137.649;W03000 - SOLICITANTE ENCONTRADO - PROVIDENCIA DISPENSADA (C) (Prioridade: 3 - Baixa);1CIA IND/2CIA/1PEL(PASSOS);UR0565;Não;Não;Não;BOLETIM DE OCORRENCIA;Classificada;17/07/2023 07:38;Não
2023-28765560-5;(BM) 2023-033281142-001;16/07/2023 23:19;RUA CAPRICORNIO, Nº 326 - SERRA VERDE - PASSOS;-207.415.718;-465.945.913;V01018 - VITIMA DE MAL NAO DEFINIDO (DISTURBIO) (C) (Prioridade: 1 - Alta);1CIA IND/2CIA/1PEL(PASSOS);UR0565;Não;Não;Não;BOLETIM DE OCORRENCIA;Classificada;17/07/2023 07:37;Não
2023-28768738-1;(BM) 2023-033314473-001;17/07/2023 08:47;FAZENDA SOLEDADE - USINA ITAIQUARA, Nº S/N - PASSOS;-206.612.242;-465.539.428;P01002 - VISTORIA DE LIBERACAO / EMISSAO DE AVCB (C) (Prioridade: 2 - Média);1CIA IND/2CIA/PEL PREV E VIST(PASSOS);APF01362;Não;Não;Não;BOLETIM DE OCORRENCIA;Classificada;18/07/2023 08:08;Não
2023-28769301-9;(BM) 2023-033321419-001;17/07/2023 09:40;RUA DOUTOR CARVALHO, Nº 1455 - NOSSA SENHORA DAS GRAÇAS - PASSOS;-207.352.269;-466.037.303;Q03006 - TREINAMENTO DE FORMACAO DE BRIGADAS (C) (Prioridade: 2 - Média);1CIA IND/2CIA/COMANDANTE(PASSOS);BM1235613;Não;Não;Não;BOLETIM DE OCORRENCIA;Classificada;18/07/2023 08:09;Não
2023-28769994-7;(BM) 2023-033328527-001;17/07/2023 10:36;AVENIDA JUCA STOCKLER, Nº 957 - PASSOS;;;V01023 - VITIMA DE SINCOPE (DESMAIO)/VERTIGEM (C) (Prioridade: 1 - Alta);1CIA IND/2CIA/1PEL(PASSOS);UR0565;Não;Não;Não;BOLETIM DE OCORRENCIA;Classificada;18/07/2023 08:11;Não
2023-28770489-1;(BM) 2023-033337346-001;17/07/2023 11:15;RUA DIVA STOCKLER PORTUGUAL, Nº S/N - RESIDENCIAL MONTE BELO - PASSOS;-207.275.809;-465.830.721;S06002 - CAPTURA DE ANIMAL SILVESTRE PERIGOSO / AGRESSIVO (C) (Prioridade: 2 - Média);1CIA IND/2CIA/1PEL(PASSOS);ASL00064;Não;Não;Não;BOLETIM DE OCORRENCIA;Classificada;18/07/2023 08:09;Não
2023-28772111-1;(BM) 2023-033354603-001;17/07/2023 13:50;AVENIDA JOSE CAETANO DE ANDRADE, Nº 135 - MARIO MAGALHAES - PASSOS;-207.230.717;-466.139.688;P01002 - VISTORIA DE LIBERACAO / EMISSAO DE AVCB (C) (Prioridade: 2 - Média);1CIA IND/2CIA/PEL PREV E VIST(PASSOS);APF01362;Não;Não;Não;BOLETIM DE OCORRENCIA;Classificada;18/07/2023 08:09;Não
2023-28772630-9;(BM) 2023-033361110-001;17/07/2023 14:23;AVENIDA JUCA STOCKLER, Nº 2474 - SAO JOAQUIM - PASSOS;-207.461.621;-465.996.881;P01002 - VISTORIA DE LIBERACAO / EMISSAO DE AVCB (C) (Prioridade: 2 - Média);1CIA IND/2CIA/PEL PREV E VIST(PASSOS);APF01362;Não;Não;Não;BOLETIM DE OCORRENCIA;Classificada;18/07/2023 08:09;Não
2023-28773312-9;(BM) 2023-033370004-001;17/07/2023 14:56;RUA JOAO XXIII, Nº 1070 - SAO JOAO - PASSOS;-207.360.668;-466.061.587;P01001 - VISTORIA DE FISCALIZACAO (C) (Prioridade: 2 - Média);1CIA IND/2CIA/PEL PREV E VIST(PASSOS);APF01362;Não;Não;Não;BOLETIM DE OCORRENCIA;Classificada;18/07/2023 08:11;Não
2023-28774556-9;(BM) 2023-033386349-001;17/07/2023 15:54;RUA DOIS DE NOVEMBRO, Nº 80 - CENTRO - PASSOS;-207.223.767;-466.067.633;V01010 - VITIMA COM DOR TORACICA/SUSPEITA DE INFARTO (IAM) (C) (Prioridade: 1 - Alta);1CIA IND/2CIA/1PEL(PASSOS);UR0565;Não;Não;Não;BOLETIM DE OCORRENCIA;Classificada;18/07/2023 08:11;Não
2023-28775448-1;(BM) 2023-033397401-001;17/07/2023 16:42;AVENIDA PAULO ESPER PIMENTA, Nº 151 - PANORAMA - PASSOS;-207.092.421;-466.125.297;X03000 - EMPENHO ADMINISTRATIVO (C) (Prioridade: 2 - Média);1CIA IND/2CIA/PEL PREV E VIST(PASSOS);APF01362;Não;Não;Não;BOLETIM DE OCORRENCIA;Classificada;18/07/2023 08:11;Não
2023-28776098-7;;17/07/2023 17:22;RUA DOUTOR SATURNINO, Nº 63 - PASSOS;-207.275.207;-465.991.865;P02001 - VISTORIA EM HIDRANTE (C) (Prioridade: 2 - Média);1CIA IND/2CIA/1PEL(PASSOS);ABTS0495;Não;Não;Não;ATENDIDA PELO SAMU;Classificada;18/07/2023 08:10;Não
2023-28777277-1;(BM) 2023-033479265-001;17/07/2023 18:32;AVENIDA NACOES, Nº S/N - VILA RICA - PASSOS;-207.276.808;-46.600.861;P02001 - VISTORIA EM HIDRANTE (C) (Prioridade: 2 - Média);1CIA IND/2CIA/1PEL(PASSOS);ABTS0495;Não;Não;Não;BOLETIM DE OCORRENCIA;Classificada;18/07/2023 08:11;Não
2023-28777666-3;(BM) 2023-033422410-001;17/07/2023 18:56;RUA MARGARIDA S SILVEIRA, Nº 97 - PARQUE DA ESTACAO - PASSOS;-207.035.576;-466.112.962;V01024 - VITIMA DE SUICIDIO (TENTATIVA) - APH CLINICO (C) (Prioridade: 1 - Alta);1CIA IND/2CIA/1PEL(PASSOS);UR0565;Não;Não;Não;BOLETIM DE OCORRENCIA;Classificada;18/07/2023 08:11;Não
2023-28778078-0;(BM) 2023-033427817-001;17/07/2023 19:20;RUA CONTABILISTAS, Nº 849 - MONSENHOR MESSIAS - PASSOS;-207.376.568;-465.997.714;V01021 - VITIMA COM PARADA RESPIRATORIA (C) (Prioridade: 1 - Alta);1CIA IND/2CIA/1PEL(PASSOS);UR0565;Não;Não;Não;BOLETIM DE OCORRENCIA;Classificada;18/07/2023 08:11;Não
2023-28779739-6;(BM) 2023-033443900-001;17/07/2023 21:08;RUA FLORIDA, Nº 131 - RESIDENCIAL ELDORADO - PASSOS;-207.320.091;-466.249.291;S06005 - CAPTURA DE INSETOS (C) (Prioridade: 2 - Média);1CIA IND/2CIA/1PEL(PASSOS);ASL00064;Não;Não;Não;BOLETIM DE OCORRENCIA;Classificada;18/07/2023 08:11;Não
2023-28779993-0;(BM) 2023-033445979-001;17/07/2023 21:22;RUA RIO PIRACICABA, Nº 1039 - RECANTO DA HARMONIA - PASSOS;-20.704.206;-465.963.636;V03018 - VITIMA DE QUEDA DA PROPRIA ALTURA (C) (Prioridade: 1 - Alta);1CIA IND/2CIA/1PEL(PASSOS);UR0565;Não;Não;Não;BOLETIM DE OCORRENCIA;Classificada;18/07/2023 08:11;Não
2023-28783438-3;(BM) 2023-033490161-001;18/07/2023 06:23;AVENIDA QUEROBINO MOURAO FILHO, Nº 889 - BELA VISTA - PIUMHI;-204.622.914;-459.456.346;X03000 - EMPENHO ADMINISTRATIVO (C) (Prioridade: 2 - Média);1CIA IND/2CIA/PEL PREV E VIST(PASSOS);APF01362;Não;Não;Não;BOLETIM DE OCORRENCIA;Classificada;19/07/2023 08:01;Não
2023-28783543-8;(BM) 2023-033484346-001;18/07/2023 06:37;RUA ROSAS, Nº 627 - PANORAMA - PASSOS;-207.063.458;-466.190.221;O02027 - INCENDIO VEIC. AUTOMOTOR (EXCETO TANQUE/ONIBUS/MICRO-ONIBUS) (C) (Prioridade: 1 - Alta);1CIA IND/2CIA/1PEL(PASSOS);ABTS0495;Não;Não;Não;BOLETIM DE OCORRENCIA;Classificada;18/07/2023 08:11;Não
2023-28784153-9;(BM) 2023-033489953-001;18/07/2023 08:07;AVENIDA PERIMETRAL, Nº S/N - PARQUE DA ESTACAO - PASSOS;-207.057.771;-466.097.547;S06002 - CAPTURA DE ANIMAL SILVESTRE PERIGOSO / AGRESSIVO (C) (Prioridade: 2 - Média);1CIA IND/2CIA/1PEL(PASSOS);ASL00064;Não;Não;Não;BOLETIM DE OCORRENCIA;Classificada;19/07/2023 08:01;Não
2023-28785258-2;(BM) 2023-033504349-001;18/07/2023 10:00;RUA DOUTOR CARVALHO, Nº 1455 - NOSSA SENHORA DAS GRAÇAS - PASSOS;-207.352.269;-466.037.303;X03000 - EMPENHO ADMINISTRATIVO (C) (Prioridade: 2 - Média);1CIA IND/2CIA/1PEL(PASSOS);UR04360;Não;Não;Não;BOLETIM DE OCORRENCIA;Classificada;20/07/2023 05:09;Não
2023-28785932-0;(BM) 2023-033512295-001;18/07/2023 10:58;AVENIDA NACOES, Nº 49 - VILA RICA - PASSOS;-207.277.188;-466.006.517;P02001 - VISTORIA EM HIDRANTE (C) (Prioridade: 2 - Média);1CIA IND/2CIA/1PEL(PASSOS);ASL00064;Não;Não;Não;BOLETIM DE OCORRENCIA;Classificada;19/07/2023 08:01;Não
2023-28787801-3;(BM) 2023-033533472-001;18/07/2023 13:52;RUA MANTIQUEIRA, Nº 415 - VILA RICA - PASSOS;-207.276.425;-465.953.554;P01001 - VISTORIA DE FISCALIZACAO (C) (Prioridade: 2 - Média);1CIA IND/2CIA/1PEL(PASSOS);TPO00155;Não;Não;Não;BOLETIM DE OCORRENCIA;Classificada;19/07/2023 08:01;Não
2023-28787809-5;(BM) 2023-033540251-001;18/07/2023 13:53;RUA ODILON LEMOS DE MELO, Nº 363 - FLAMBOYANT - PASSOS;-207.567.289;-466.062.817;P01001 - VISTORIA DE FISCALIZACAO (C) (Prioridade: 2 - Média);1CIA IND/2CIA/1PEL(PASSOS);TPO00155;Não;Não;Não;BOLETIM DE OCORRENCIA;Classificada;19/07/2023 08:01;Não
2023-28787812-0;(BM) 2023-033572021-001;18/07/2023 13:54;RUA PRIMAVERA, Nº 70 - SANTA RITA - PASSOS;-207.309.856;-466.094.436;P01001 - VISTORIA DE FISCALIZACAO (C) (Prioridade: 2 - Média);1CIA IND/2CIA/PEL PREV E VIST(PASSOS);APF01362;Não;Não;Não;BOLETIM DE OCORRENCIA;Classificada;19/07/2023 08:01;Não
2023-28787815-8;(BM) 2023-033556003-001;18/07/2023 13:54;RUA AGUAS DE LINDOIA, Nº 543 - MUARAMA 2 - PASSOS;-207.327.403;-466.154.495;P01001 - VISTORIA DE FISCALIZACAO (C) (Prioridade: 2 - Média);1CIA IND/2CIA/PEL PREV E VIST(PASSOS);APF01362;Não;Não;Não;BOLETIM DE OCORRENCIA;Classificada;19/07/2023 08:02;Não
2023-28789460-5;(BM) 2023-033569582-001;18/07/2023 15:20;AVENIDA NACOES, Nº S/N - VILA RICA - PASSOS;-207.276.808;-46.600.861;V03018 - VITIMA DE QUEDA DA PROPRIA ALTURA (C) (Prioridade: 1 - Alta);1CIA IND/2CIA/PEL PREV E VIST(PASSOS);APF01362;Não;Não;Não;BOLETIM DE OCORRENCIA;Classificada;19/07/2023 08:02;Não
2023-28790015-0;(BM) 2023-033561203-001;18/07/2023 15:45;AVENIDA NACOES, Nº S/N - VILA RICA - PASSOS;-207.276.808;-46.600.861;O04012 - INCENDIO EM LOTE VAGO (AREA URBANA) (C) (Prioridade: 2 - Média);1CIA IND/2CIA/1PEL(PASSOS);ABTS0495;Não;Não;Não;BOLETIM DE OCORRENCIA;Classificada;19/07/2023 08:02;Não
2023-28790073-6;(BM) 2023-033567282-001;18/07/2023 15:48;RUA DOUTOR CARVALHO, Nº 2020 - NOSSA SENHORA DAS GRAÇAS - PASSOS;-207.391.674;-466.026.425;S06001 - SALVAMENTO DE ANIMAL EM RISCO / PERIGO (C) (Prioridade: 2 - Média);1CIA IND/2CIA/1PEL(PASSOS);ASL00064;Não;Não;Não;BOLETIM DE OCORRENCIA;Classificada;19/07/2023 08:02;Não
2023-28792971-2;(BM) 2023-033595656-001;18/07/2023 18:37;RUA NANUQUE, Nº S/N - PASSOS;;;S06005 - CAPTURA DE INSETOS (C) (Prioridade: 2 - Média);1CIA IND/2CIA/1PEL(PASSOS);ASL00064;Não;Não;Não;BOLETIM DE OCORRENCIA;Classificada;19/07/2023 08:02;Não
2023-28793030-0;(BM) 2023-033596193-001;18/07/2023 18:39;RUA DOUTOR CARVALHO, Nº 1455 - NOSSA SENHORA DAS GRAÇAS - PASSOS;-207.352.269;-466.037.303;Q03004 - TREINAMENTO DE SALVAMENTO EM ALTURA (C) (Prioridade: 2 - Média);1CIA IND/2CIA/1PEL(PASSOS);BM1526367;Não;Não;Não;BOLETIM DE OCORRENCIA;Classificada;19/07/2023 08:02;Não
2023-28794056-9;(BM) 2023-033611767-001;18/07/2023 19:41;RUA PIUMHI, Nº 249 - PENHA - PASSOS;-207.140.301;-466.234.521;V03018 - VITIMA DE QUEDA DA PROPRIA ALTURA (C) (Prioridade: 1 - Alta);1CIA IND/2CIA/1PEL(PASSOS);UR0565;Não;Não;Não;BOLETIM DE OCORRENCIA;Classificada;19/07/2023 08:02;Não
2023-28800532-1;(BM) 2023-033673693-001;19/07/2023 09:14;RUA JOSE HERCULANO FREIRE, Nº S/N - ALPINOPOLIS;-208.640.859;-46.393.269;P01003 - VISTORIA EM EVENTOS TEMPORARIOS (C) (Prioridade: 1 - Alta);1CIA IND/2CIA/PEL PREV E VIST(PASSOS);APF01362;Não;Não;Não;BOLETIM DE OCORRENCIA;Classificada;20/07/2023 05:12;Não
2023-28801785-2;(BM) 2023-033689696-001;19/07/2023 11:05;RUA GENARO JOELE, Nº 274 - DISTRITO INDUSTRIAL 1 - PASSOS;-207.066.956;-465.933.737;P02001 - VISTORIA EM HIDRANTE (C) (Prioridade: 2 - Média);1CIA IND/2CIA/1PEL(PASSOS);ASL00064;Não;Não;Não;BOLETIM DE OCORRENCIA;Classificada;20/07/2023 05:12;Não
2023-28801866-2;(BM) 2023-033693822-001;19/07/2023 11:11;RUA JOSE HERCULANO FREIRE, Nº S/N - ALPINOPOLIS;-208.640.859;-46.393.269;P01003 - VISTORIA EM EVENTOS TEMPORARIOS (C) (Prioridade: 1 - Alta);1CIA IND/2CIA/PEL PREV E VIST(PASSOS);APF01362;Não;Não;Não;BOLETIM DE OCORRENCIA;Classificada;20/07/2023 05:12;Não
2023-28802332-3;(BM) 2023-033697006-001;19/07/2023 11:55;RUA ALFERES JOSE JUSTINIANO REIS, Nº 320 - VILA BETÂNIA - ALPINOPOLIS;-208.610.481;-463.750.659;P01002 - VISTORIA DE LIBERACAO / EMISSAO DE AVCB (C) (Prioridade: 2 - Média);1CIA IND/2CIA/PEL PREV E VIST(PASSOS);APF01362;Não;Não;Não;BOLETIM DE OCORRENCIA;Classificada;20/07/2023 05:12;Não
2023-28802673-4;(BM) 2023-033700397-001;19/07/2023 12:34;RUA IRLANDA, Nº 311 - NOVO MUNDO 4 - PASSOS;-207.271.705;-465.878.882;V02408 - VITIMA DE COLISAO ENTRE AUTOMOVEL X MOTOCICLETA (C) (Prioridade: 1 - Alta);1CIA IND/2CIA/1PEL(PASSOS);UR0565;Não;Não;Não;BOLETIM DE OCORRENCIA;Classificada;20/07/2023 05:12;Não
2023-28803133-2;(BM) 2023-033705123-001;19/07/2023 13:19;RUA MANUEL ANTONIO SOARES DE SOUZA, Nº 65 - RESIDENCIAL VILLAGIO DI ITALIA - PASSOS;-207.330.993;-465.923.438;O04012 - INCENDIO EM LOTE VAGO (AREA URBANA) (C) (Prioridade: 2 - Média);1CIA IND/2CIA/1PEL(PASSOS);ABTS0495;Não;Não;Não;BOLETIM DE OCORRENCIA;Classificada;20/07/2023 05:12;Não
2023-28804138-1;(BM) 2023-033733631-001;19/07/2023 14:32;RUA JOAQUIM LOPES, Nº S/N - PENHA - PASSOS;-207.164.698;-466.285.663;V02403 - VITIMA DE COLISAO ENTRE AUTOMOVEIS (CARRO / CAMINHONETE) (C) (Prioridade: 1 - Alta);1CIA IND/2CIA/1PEL(PASSOS);UR0565;Não;Não;Não;BOLETIM DE OCORRENCIA;Classificada;20/07/2023 05:13;Não
2023-28805650-5;(BM) 2023-033747795-001;19/07/2023 15:46;RUA MONTES CLAROS, Nº 641 - COHAB 3 - PASSOS;-20.706.008;-466.288.678;V01018 - VITIMA DE MAL NAO DEFINIDO (DISTURBIO) (C) (Prioridade: 1 - Alta);1CIA IND/2CIA/1PEL(PASSOS);UR0565;Não;Não;Não;BOLETIM DE OCORRENCIA;Classificada;20/07/2023 05:13;Não
2023-28807668-1;(PM) 2023-033776888-001;19/07/2023 17:54;RUA TURMALINA, Nº 1700 - ACLIMACAO - PASSOS;-207.545.563;-465.987.215;W98011 - SOLICITACAO DE APOIO (C) (Prioridade: 1 - Alta);1CIA IND/2CIA/1PEL(PASSOS);;Não;Não;Não;ATENDIDA PELO SAMU;Classificada;20/07/2023 06:03;Não
2023-28810538-4;(BM) 2023-033791820-001;19/07/2023 21:00;ESTRADA PRINCIPAL BANANAL, Nº S/N - PASSOS;-20.650.833;-46.740.833;O04013 - INCENDIO EM PASTO (C) (Prioridade: 2 - Média);1CIA IND/2CIA/1PEL(PASSOS);ASL00064;Não;Não;Não;BOLETIM DE OCORRENCIA;Classificada;20/07/2023 05:12;Não
2023-28815470-0;(BM) 2023-033842507-001;20/07/2023 08:23;RUA DOUTOR CARVALHO, Nº 1455 - NOSSA SENHORA DAS GRAÇAS - PASSOS;-207.352.269;-466.037.303;Q03005 - TREINAMENTO DE SALVAMENTO TERRESTRE (C) (Prioridade: 2 - Média);1CIA IND/2CIA/1PEL(PASSOS);BM1178508;Não;Não;Não;BOLETIM DE OCORRENCIA;Classificada;21/07/2023 01:12;Não
2023-28815499-1;(BM) 2023-033843659-001;20/07/2023 08:32;RUA MATO GROSSO, Nº 1699 - BELA VISTA 2 - PASSOS;-207.126.724;-465.964.925;O02001 - INCENDIO EM RESIDENCIA/HABITACAO UNIFAMILIAR (CASA) (C) (Prioridade: 1 - Alta);1CIA IND/2CIA/1PEL(PASSOS);ABTS0495;Não;Não;Não;BOLETIM DE OCORRENCIA;Classificada;21/07/2023 01:12;Não
2023-28817562-7;(BM) 2023-033868875-001;20/07/2023 11:36;RUA ETIOPIA, Nº S/N - CENTRO - PASSOS;-207.204.143;-466.055.443;S06002 - CAPTURA DE ANIMAL SILVESTRE PERIGOSO / AGRESSIVO (C) (Prioridade: 2 - Média);1CIA IND/2CIA/1PEL(PASSOS);ASL00064;Não;Não;Não;BOLETIM DE OCORRENCIA;Classificada;21/07/2023 01:12;Não
2023-28818443-3;(BM) 2023-033878435-001;20/07/2023 13:07;RUA AUSTRIA, Nº 82 - PASSOS;;;V02502 - VITIMA DE QUEDA (MOTOCICLISTA) (C) (Prioridade: 1 - Alta);1CIA IND/2CIA/1PEL(PASSOS);UR0565;Não;Não;Não;BOLETIM DE OCORRENCIA;Classificada;21/07/2023 01:12;Não
2023-28819843-7;(BM) 2023-033894804-001;20/07/2023 14:40;RUA SANTA CATARINA, Nº 580 - BELA VISTA - PASSOS;-207.174.024;-465.951.246;P01001 - VISTORIA DE FISCALIZACAO (C) (Prioridade: 2 - Média);1CIA IND/2CIA/PEL PREV E VIST(PASSOS);APF01362;Não;Não;Não;BOLETIM DE OCORRENCIA;Classificada;21/07/2023 01:13;Não
2023-28820332-5;(BM) 2023-033900675-001;20/07/2023 15:07;RUA CACAMBA, Nº 25 - CASARAO - PASSOS;-207.199.988;-465.893.471;P01001 - VISTORIA DE FISCALIZACAO (C) (Prioridade: 2 - Média);1CIA IND/2CIA/PEL PREV E VIST(PASSOS);APF01362;Não;Não;Não;BOLETIM DE OCORRENCIA;Classificada;21/07/2023 01:13;Não
2023-28820754-6;(BM) 2023-033906278-001;20/07/2023 15:29;RUA VITORIA, Nº 354 - JARDIM COLEGIO DE PASSOS - PASSOS;-207.201.437;-465.936.302;P01001 - VISTORIA DE FISCALIZACAO (C) (Prioridade: 2 - Média);1CIA IND/2CIA/PEL PREV E VIST(PASSOS);APF01362;Não;Não;Não;BOLETIM DE OCORRENCIA;Classificada;21/07/2023 01:13;Não
2023-28820820-9;(BM) 2023-033906999-001;20/07/2023 15:32;RUA AMETISTA, Nº 154 - ACLIMACAO - PASSOS;-207.502.977;-465.996.164;S06002 - CAPTURA DE ANIMAL SILVESTRE PERIGOSO / AGRESSIVO (C) (Prioridade: 2 - Média);1CIA IND/2CIA/1PEL(PASSOS);ASL00064;Não;Não;Não;BOLETIM DE OCORRENCIA;Classificada;21/07/2023 01:18;Não
2023-28821326-8;(BM) 2023-033926266-001;20/07/2023 16:01;RUA LIBANO, Nº 357 - NOVO MUNDO - PASSOS;-207.256.716;-465.883.993;P02004 - VISTORIA EM RISCO DE DESABAMENTO / DESMORONAMENTO (C) (Prioridade: 2 - Média);1CIA IND/2CIA/PEL PREV E VIST(PASSOS);APF01362;Não;Não;Não;BOLETIM DE OCORRENCIA;Classificada;21/07/2023 01:18;Não
2023-28823452-3;(BM) 2023-033938113-001;20/07/2023 18:11;RUA DOUTOR CARVALHO, Nº 1455 - NOSSA SENHORA DAS GRAÇAS - PASSOS;-207.352.269;-466.037.303;V03012 - VITIMA COM OBJETO PRESO AO CORPO (C) (Prioridade: 1 - Alta);1CIA IND/2CIA/1PEL(PASSOS);BM1315175;Não;Não;Não;BOLETIM DE OCORRENCIA;Classificada;21/07/2023 01:13;Não
2023-28823745-1;(BM) 2023-033941249-001;20/07/2023 18:30;RUA ANA CANDIDA DE JESUS, Nº S/N - JARDIM CANADA - PASSOS;-207.510.973;-466.073.324;O04012 - INCENDIO EM LOTE VAGO (AREA URBANA) (C) (Prioridade: 2 - Média);1CIA IND/2CIA/1PEL(PASSOS);ABTS0495;Não;Não;Não;BOLETIM DE OCORRENCIA;Classificada;21/07/2023 01:18;Não
2023-28825556-0;(BM) 2023-033959749-001;20/07/2023 20:39;AVENIDA ANTONIO ADAO DA SILVA, Nº 719 - COHAB 4 - PASSOS;-207.176.859;-466.358.957;S06003 - CAPTURA DE CAO PERIGOSO / AGRESSIVO (C) (Prioridade: 2 - Média);1CIA IND/2CIA/1PEL(PASSOS);ASL00064;Não;Não;Não;BOLETIM DE OCORRENCIA;Classificada;21/07/2023 01:18;Não
2023-28826068-1;(BM) 2023-033967535-001;20/07/2023 21:18;RUA EVARISTO ALCANTARA LEMOS, Nº 152 - EXPOSICAO - PASSOS;-207.332.001;-466.084.263;O02034 - INCENDIO EM CACAMBA DE LIXO / ENTULHO (C) (Prioridade: 2 - Média);1CIA IND/2CIA/1PEL(PASSOS);ABTS0495;Não;Não;Não;BOLETIM DE OCORRENCIA;Classificada;21/07/2023 01:18;Não
2023-28831100-1;(BM) 2023-034024921-001;21/07/2023 08:43;RUA CONTABILISTAS, Nº S/N - MONSENHOR MESSIAS - PASSOS;-2.073.516;-466.007.685;X03000 - EMPENHO ADMINISTRATIVO (C) (Prioridade: 2 - Média);1CIA IND/2CIA/1PEL(PASSOS);ASL00064;Não;Não;Não;BOLETIM DE OCORRENCIA;Classificada;22/07/2023 08:41;Não
2023-28831183-9;(BM) 2023-034016220-001;21/07/2023 08:52;RUA CONGONHAS, Nº 165 - PENHA - PASSOS;-207.171.885;-466.278.725;V01018 - VITIMA DE MAL NAO DEFINIDO (DISTURBIO) (C) (Prioridade: 1 - Alta);1CIA IND/2CIA/1PEL(PASSOS);UR0565;Não;Não;Não;BOLETIM DE OCORRENCIA;Classificada;22/07/2023 08:41;Não
2023-28831211-2;(BM) 2023-034016182-001;21/07/2023 08:54;AVENIDA SANTA RITA, Nº 547 - XANGRILA - CASSIA;-205.802.612;-469.207.093;P01002 - VISTORIA DE LIBERACAO / EMISSAO DE AVCB (C) (Prioridade: 2 - Média);1CIA IND/2CIA/PEL PREV E VIST(PASSOS);APF01362;Não;Não;Não;BOLETIM DE OCORRENCIA;Classificada;22/07/2023 08:41;Não
2023-28831854-2;(BM) 2023-034024501-001;21/07/2023 09:57;AVENIDA DOUTOR ANTONIO PINTO, Nº 13 - CENTRO - DELFINOPOLIS;-203.438.063;-468.519.966;P01002 - VISTORIA DE LIBERACAO / EMISSAO DE AVCB (C) (Prioridade: 2 - Média);1CIA IND/2CIA/PEL PREV E VIST(PASSOS);APF01362;Não;Não;Não;BOLETIM DE OCORRENCIA;Classificada;22/07/2023 08:41;Não
2023-28831931-1;(BM) 2023-034025233-001;21/07/2023 10:02;AVENIDA JUCA STOCKLER, Nº S/N - SAO JOAQUIM - PASSOS;-207.420.993;-46.600.964;X03000 - EMPENHO ADMINISTRATIVO (C) (Prioridade: 2 - Média);1CIA IND/2CIA/1PEL(PASSOS);ASL00064;Não;Não;Não;BOLETIM DE OCORRENCIA;Classificada;22/07/2023 08:41;Não
2023-28833322-4;(BM) 2023-034043038-001;21/07/2023 12:14;RUA MANUEL DA SILVEIRA MAIA, Nº S/N - PENHA 2 - PASSOS;-207.164.716;-466.330.466;V01018 - VITIMA DE MAL NAO DEFINIDO (DISTURBIO) (C) (Prioridade: 1 - Alta);1CIA IND/2CIA/1PEL(PASSOS);UR0565;Não;Não;Não;BOLETIM DE OCORRENCIA;Classificada;22/07/2023 08:42;Não
2023-28834133-7;(BM) 2023-034064466-001;21/07/2023 13:43;RUA PARACATU, Nº 401 - CENTENARIO - PASSOS;-207.327.602;-466.132.675;V01006 - VITIMA COM DIFICULDADE DE LOCOMOCAO (C) (Prioridade: 1 - Alta);1CIA IND/2CIA/1PEL(PASSOS);UR0565;Não;Não;Não;BOLETIM DE OCORRENCIA;Classificada;22/07/2023 08:42;Não
2023-28834200-2;(BM) 2023-034093364-001;21/07/2023 13:47;RUA UNAI, Nº 380 - CALIFORNIA - PASSOS;-20.702.653;-466.186.531;V01007 - VITIMA COM DISPNEIA (FALTA DE AR) (C) (Prioridade: 1 - Alta);1CIA IND/2CIA/1PEL(PASSOS);UR0565;Não;Não;Não;BOLETIM DE OCORRENCIA;Classificada;22/07/2023 08:42;Não
2023-28834390-0;;21/07/2023 14:03;LOTEAMENTO LOTEAMENTO BALEROS, Nº S/N - GUARANESIA;;;W08000 - CANCELADA POR INDISPONIBILIDADE DE VIATURA (C) (Prioridade: 3 - Baixa);1CIA IND (POCOS DE CALDAS);;Não;Não;Não;NÃO ATENDIDA: FALTA DE EFETIVO;Classificada;21/07/2023 14:07;Não
2023-28836693-2;(BM) 2023-034078338-001;21/07/2023 15:48;RODOVIA BR 146, Nº S/N - DISTRITO INDUSTRIAL 1 - PASSOS;-207.020.967;-465.895.427;S03015 - SALVAMENTO DE SUICIDA (C) (Prioridade: 1 - Alta);1CIA IND/2CIA/1PEL(PASSOS);ABTS0495 / UR0565;Não;Não;Não;BOLETIM DE OCORRENCIA;Classificada;22/07/2023 08:42;Não
2023-28839211-6;(BM) 2023-034135499-001;21/07/2023 18:26;RUA DOUTOR CARVALHO, Nº 1455 - NOSSA SENHORA DAS GRAÇAS - PASSOS;-207.352.269;-466.037.303;Q03005 - TREINAMENTO DE SALVAMENTO TERRESTRE (C) (Prioridade: 2 - Média);1CIA IND/2CIA/1PEL(PASSOS);BM1206671;Não;Não;Não;BOLETIM DE OCORRENCIA;Classificada;22/07/2023 08:41;Não
2023-28839616-8;(BM) 2023-034109839-001;21/07/2023 18:50;RUA JOAO DAHER, Nº 96 - PARQUE DA ESTACAO - PASSOS;-207.020.036;-466.109.567;S06005 - CAPTURA DE INSETOS (C) (Prioridade: 2 - Média);1CIA IND/2CIA/1PEL(PASSOS);ASL00064;Não;Não;Não;BOLETIM DE OCORRENCIA;Classificada;22/07/2023 08:41;Não
2023-28842187-1;(BM) 2023-034135733-001;21/07/2023 21:39;RUA IGUACU, Nº 176 - VILA RICA - PASSOS;-207.265.944;-465.960.528;S06002 - CAPTURA DE ANIMAL SILVESTRE PERIGOSO / AGRESSIVO (C) (Prioridade: 2 - Média);1CIA IND/2CIA/1PEL(PASSOS);ASL00064;Não;Não;Não;BOLETIM DE OCORRENCIA;Classificada;22/07/2023 08:41;Não
2023-28846829-9;(BM) 2023-034176062-001;22/07/2023 06:00;AVENIDA QUEROBINO MOURAO FILHO, Nº 889 - BELA VISTA - PIUMHI;-204.622.914;-459.456.346;X03000 - EMPENHO ADMINISTRATIVO (C) (Prioridade: 2 - Média);1CIA IND/2CIA/1PEL(PASSOS);APF01362;Não;Não;Não;BOLETIM DE OCORRENCIA;Classificada;24/07/2023 05:48;Não
2023-28847885-5;(BM) 2023-034185286-001;22/07/2023 08:58;AVENIDA COMENDADOR FRANCISCO A MAIA, Nº 1160 - MARIO MAGALHAES - PASSOS;-207.261.945;-466.113.168;R01999 - OUTROS TIPOS DE ACOES DE APOIO A COMUNIDADE   (C) (Prioridade: 2 - Média);1CIA IND/2CIA/1PEL(PASSOS);ABTS0495;Não;Não;Não;BOLETIM DE OCORRENCIA;Classificada;24/07/2023 05:48;Não
2023-28848088-2;(BM) 2023-034186986-001;22/07/2023 09:22;RUA DOUTOR CARVALHO, Nº 1455 - NOSSA SENHORA DAS GRAÇAS - PASSOS;-207.352.269;-466.037.303;Q03006 - TREINAMENTO DE FORMACAO DE BRIGADAS (C) (Prioridade: 2 - Média);1CIA IND/2CIA/1PEL(PASSOS);BM1123223;Não;Não;Não;BOLETIM DE OCORRENCIA;Classificada;24/07/2023 05:48;Não
2023-28851517-5;(BM) 2023-034218914-001;22/07/2023 15:13;RUA PALMEIRAS, Nº 68 - SERRA DAS BRISAS - PASSOS;-207.315.137;-465.955.648;V03005 - VITIMA DE AGRESSAO FISICA SEM USO DE ARMA (C) (Prioridade: 1 - Alta);1CIA IND/2CIA/1PEL(PASSOS);UR0565;Não;Não;Não;BOLETIM DE OCORRENCIA;Classificada;24/07/2023 05:49;Não
2023-28854374-6;(BM) 2023-034245904-001;22/07/2023 18:29;AVENIDA OTTO KRAKAUER, Nº S/N - SANTA CASA - PASSOS;-207.116.545;-466.111.371;P03001 - PERIGO DE DERRAPAGEM (C) (Prioridade: 2 - Média);1CIA IND/2CIA/1PEL(PASSOS);ASL00064;Não;Não;Não;BOLETIM DE OCORRENCIA;Classificada;24/07/2023 05:48;Não
2023-28854402-0;(BM) 2023-034246231-001;22/07/2023 18:30;RODOVIA MG 050, Km 359 - PASSOS;-20.737.051;-466.411.331;O04014 - INCENDIO AS MARGENS DE RODOVIA (C) (Prioridade: 2 - Média);1CIA IND/2CIA/1PEL(PASSOS);ABTS0495;Não;Não;Não;BOLETIM DE OCORRENCIA;Classificada;24/07/2023 05:48;Não
2023-28854408-6;(BM) 2023-034246714-001;22/07/2023 18:32;RUA DOUTOR CARVALHO, Nº 1455 - NOSSA SENHORA DAS GRAÇAS - PASSOS;-207.352.269;-466.037.303;Q03017 - TREINAMENTO DE PRIMEIROS SOCORROS (C) (Prioridade: 2 - Média);1CIA IND/2CIA/1PEL(PASSOS);BM1637099;Não;Não;Não;BOLETIM DE OCORRENCIA;Classificada;24/07/2023 05:48;Não
2023-28857471-9;(BM) 2023-034276422-001;22/07/2023 21:51;RUA ONIX, Nº 106 - ACLIMACAO - PASSOS;-207.500.935;-465.971.665;V01007 - VITIMA COM DISPNEIA (FALTA DE AR) (C) (Prioridade: 1 - Alta);1CIA IND/2CIA/1PEL(PASSOS);UR0565;Não;Não;Não;BOLETIM DE OCORRENCIA;Classificada;24/07/2023 05:49;Não
2023-28862725-4;(BM) 2023-034318109-002;23/07/2023 05:57;RODOVIA MG 050, Nº S/N - PASSOS;-207.371.492;-466.395.925;V02301 - VITIMA DE CAPOTAMENTO DE AUTOMOVEL (CARRO / CAMINHONETE) (C) (Prioridade: 1 - Alta);1CIA IND/2CIA/1PEL(PASSOS);UR0565 / ABTS0495;Não;Não;Não;BOLETIM DE OCORRENCIA;Classificada;24/07/2023 05:49;Não
2023-28863829-5;(BM) 2023-034326707-001;23/07/2023 09:21;RUA BASTILHA, Nº 298 - RECANTO DEL REI - PASSOS;-207.291.927;-466.001.928;V01018 - VITIMA DE MAL NAO DEFINIDO (DISTURBIO) (C) (Prioridade: 1 - Alta);1CIA IND/2CIA/1PEL(PASSOS);UR0565;Não;Não;Não;BOLETIM DE OCORRENCIA;Classificada;24/07/2023 05:49;Não
2023-28864236-9;(BM) 2023-034330222-001;23/07/2023 10:19;RUA BOLIVIA, Nº S/N - POLIVALENTE - PASSOS;-207.071.243;-466.060.489;O04012 - INCENDIO EM LOTE VAGO (AREA URBANA) (C) (Prioridade: 2 - Média);1CIA IND/2CIA/1PEL(PASSOS);ABTS0495;Não;Não;Não;BOLETIM DE OCORRENCIA;Classificada;24/07/2023 05:48;Não
2023-28865194-6;(BM) 2023-034344107-001;23/07/2023 12:29;RUA AUSTRALIA, Nº 26 - CANDEIAS - PASSOS;-207.218.858;-466.157.033;S06002 - CAPTURA DE ANIMAL SILVESTRE PERIGOSO / AGRESSIVO (C) (Prioridade: 2 - Média);1CIA IND/2CIA/1PEL(PASSOS);ASL00064;Não;Não;Não;BOLETIM DE OCORRENCIA;Classificada;24/07/2023 05:48;Não
2023-28865764-2;(BM) 2023-034344163-001;23/07/2023 13:40;RUA DOUTOR CARVALHO, Nº 1455 - NOSSA SENHORA DAS GRAÇAS - PASSOS;-207.352.269;-466.037.303;Q03005 - TREINAMENTO DE SALVAMENTO TERRESTRE (C) (Prioridade: 2 - Média);1CIA IND/2CIA/1PEL(PASSOS);BM1549013;Não;Não;Não;BOLETIM DE OCORRENCIA;Classificada;24/07/2023 05:49;Não
2023-28870115-9;(BM) 2023-034385601-001;23/07/2023 18:40;AVENIDA CHICO XAVIER, Nº S/N - JARDIM PLANALTO - PASSOS;-207.197.803;-466.285.997;O04012 - INCENDIO EM LOTE VAGO (AREA URBANA) (C) (Prioridade: 2 - Média);1CIA IND/2CIA/1PEL(PASSOS);ABTS0495;Não;Não;Não;BOLETIM DE OCORRENCIA;Classificada;24/07/2023 05:49;Não
2023-28871671-8;(BM) 2023-034399226-001;23/07/2023 20:15;RUA ADOLFO COELHO LEMOS, Nº S/N - JARDIM PINHEIROS - PASSOS;-207.232.123;-466.219.862;O04012 - INCENDIO EM LOTE VAGO (AREA URBANA) (C) (Prioridade: 2 - Média);1CIA IND/2CIA/1PEL(PASSOS);ABTS0495;Não;Não;Não;BOLETIM DE OCORRENCIA;Classificada;24/07/2023 05:49;Não
2023-28873034-5;;23/07/2023 21:51;RUA JOSE OLINTO LOBO, Nº 1170 - ANDRADAS;;;P02003 - VISTORIA EM LOTE VAGO (C) (Prioridade: 2 - Média);1CIA IND (POCOS DE CALDAS);;Não;Não;Não;TESTE;Classificada;23/07/2023 21:53;Não
2023-28874495-3;(BM) 2023-034425464-001;23/07/2023 23:27;RUA ALABAMA, Nº 78 - RESIDENCIAL ELDORADO - PASSOS;-207.305.111;-466.190.635;V03018 - VITIMA DE QUEDA DA PROPRIA ALTURA (C) (Prioridade: 1 - Alta);1CIA IND/2CIA/1PEL(PASSOS);UR0565;Não;Não;Não;BOLETIM DE OCORRENCIA;Classificada;24/07/2023 05:49;Não
2023-28877305-2;(BM) 2023-034606865-001;24/07/2023 08:20;RUA BARAO DE PASSOS, Nº S/N - CENTRO - PASSOS;-207.194.995;-466.074.223;X03000 - EMPENHO ADMINISTRATIVO (C) (Prioridade: 2 - Média);1CIA IND/2CIA/1PEL(PASSOS);ASL00064;Não;Não;Não;BOLETIM DE OCORRENCIA;Classificada;25/07/2023 01:01;Não
2023-28878325-5;(BM) 2023-034461743-001;24/07/2023 10:00;RUA GUARANIS, Nº 361 - NOSSA SENHORA APARECIDA - PASSOS;-207.441.601;-466.059.115;V01024 - VITIMA DE SUICIDIO (TENTATIVA) - APH CLINICO (C) (Prioridade: 1 - Alta);1CIA IND/2CIA/1PEL(PASSOS);UR0565;Não;Não;Não;BOLETIM DE OCORRENCIA;Classificada;25/07/2023 00:59;Não
2023-28878640-2;(BM) 2023-034465087-001;24/07/2023 10:25;RUA DOUTOR CARVALHO, Nº 1455 - NOSSA SENHORA DAS GRAÇAS - PASSOS;-207.352.269;-466.037.303;Q03005 - TREINAMENTO DE SALVAMENTO TERRESTRE (C) (Prioridade: 2 - Média);1CIA IND/2CIA/1PEL(PASSOS);BM1315175;Não;Não;Não;BOLETIM DE OCORRENCIA;Classificada;25/07/2023 01:00;Não
2023-28878797-4;(BM) 2023-034466930-001;24/07/2023 10:42;AVENIDA PINHEIRO, Nº 2013 - PASSOS;-207.212.835;-465.885.857;V01008 - VITIMA COM DOR ABDOMINAL (ABDOME AGUDO) (C) (Prioridade: 1 - Alta);1CIA IND/2CIA/1PEL(PASSOS);UR0565;Não;Não;Não;BOLETIM DE OCORRENCIA;Classificada;25/07/2023 00:59;Não
2023-28880429-3;(BM) 2023-034487531-001;24/07/2023 13:19;AVENIDA JUCA STOCKLER, Nº 1684 - NOSSA SENHORA DAS GRAÇAS - PASSOS;-207.383.932;-466.021.752;S06002 - CAPTURA DE ANIMAL SILVESTRE PERIGOSO / AGRESSIVO (C) (Prioridade: 2 - Média);1CIA IND/2CIA/1PEL(PASSOS);ASL00064;Não;Não;Não;BOLETIM DE OCORRENCIA;Classificada;25/07/2023 01:00;Não
2023-28881214-2;(BM) 2023-034497355-001;24/07/2023 14:19;AVENIDA SABIA, Nº 115 - PARQUE DA FAZENDA - PASSOS;-20.739.616;-466.083.147;V03025 - VITIMA COM FERIMENTO DE CORTE/CONTUSAO (C) (Prioridade: 1 - Alta);1CIA IND/2CIA/1PEL(PASSOS);UR0565;Não;Não;Não;BOLETIM DE OCORRENCIA;Classificada;25/07/2023 00:59;Não
2023-28881271-6;(BM) 2023-034497881-001;24/07/2023 14:21;RUA PITANGUI, Nº 434 - COHAB 2 - PASSOS;-207.113.506;-466.309.046;P02011 - VISTORIA EM ENXAME DE INSETOS (C) (Prioridade: 2 - Média);1CIA IND/2CIA/1PEL(PASSOS);ASL00064;Não;Não;Não;BOLETIM DE OCORRENCIA;Classificada;25/07/2023 01:00;Não
2023-28882602-7;(BM) 2023-034515060-001;24/07/2023 15:26;RUA BOLIVIA, Nº 538 - PASSOS;-20.704.105;-466.028.953;P01001 - VISTORIA DE FISCALIZACAO (C) (Prioridade: 2 - Média);1CIA IND/2CIA/PEL PREV E VIST(PASSOS);APF01362;Não;Não;Não;BOLETIM DE OCORRENCIA;Classificada;25/07/2023 01:00;Não
2023-28882963-5;(BM) 2023-034519764-001;24/07/2023 15:45;RUA MATO GROSSO, Nº 974 - SANTA LUZIA - PASSOS;-207.082.568;-466.016.557;P01001 - VISTORIA DE FISCALIZACAO (C) (Prioridade: 2 - Média);1CIA IND/2CIA/PEL PREV E VIST(PASSOS);APF01362;Não;Não;Não;BOLETIM DE OCORRENCIA;Classificada;25/07/2023 01:00;Não
2023-28883385-6;(BM) 2023-034525458-001;24/07/2023 16:10;RUA RIO GRANDE DO NORTE, Nº 295 - BELA VISTA - PASSOS;-207.187.858;-465.976.649;P01001 - VISTORIA DE FISCALIZACAO (C) (Prioridade: 2 - Média);1CIA IND/2CIA/PEL PREV E VIST(PASSOS);APF01362;Não;Não;Não;BOLETIM DE OCORRENCIA;Classificada;25/07/2023 01:00;Não
2023-28883487-6;(BM) 2023-034526556-001;24/07/2023 16:15;RUA RIO TIETE, Nº 69 - CANJERANUS - PASSOS;-207.106.104;-466.040.609;P01001 - VISTORIA DE FISCALIZACAO (C) (Prioridade: 2 - Média);1CIA IND/2CIA/PEL PREV E VIST(PASSOS);APF01362;Não;Não;Não;BOLETIM DE OCORRENCIA;Classificada;25/07/2023 01:00;Não
2023-28883488-9;(BM) 2023-034526803-001;24/07/2023 16:16;AVENIDA PAULO ESPER PIMENTA, Nº 151 - PANORAMA - PASSOS;-207.092.421;-466.125.297;X03000 - EMPENHO ADMINISTRATIVO (C) (Prioridade: 2 - Média);1CIA IND/2CIA/1PEL(PASSOS);TPO00155;Não;Não;Não;BOLETIM DE OCORRENCIA;Classificada;25/07/2023 00:59;Não
2023-28885411-5;(BM) 2023-034549171-001;24/07/2023 18:08;RUA ELZO CALIXTO MATTAR, Nº 1994 - NOSSA SENHORA APARECIDA - PASSOS;-207.428.318;-466.045.753;V01007 - VITIMA COM DISPNEIA (FALTA DE AR) (C) (Prioridade: 1 - Alta);1CIA IND/2CIA/1PEL(PASSOS);UR0565;Não;Não;Não;BOLETIM DE OCORRENCIA;Classificada;25/07/2023 00:59;Não
2023-28890186-0;(BM) 2023-034600883-001;24/07/2023 23:51;RUA VITALINA ANTONIO CESARIO, Nº S/N - LOTEAMENTO BELVEDERE - ITAU DE MINAS;-20.743.922;-467.644.453;O04012 - INCENDIO EM LOTE VAGO (AREA URBANA) (C) (Prioridade: 2 - Média);1CIA IND/2CIA/1PEL(PASSOS);ABTS0495;Não;Não;Não;BOLETIM DE OCORRENCIA;Classificada;25/07/2023 00:59;Não
2023-28892587-1;(BM) 2023-034655084-001;25/07/2023 08:36;RUA DOUTOR CARVALHO, Nº 1455 - NOSSA SENHORA DAS GRAÇAS - PASSOS;-207.352.269;-466.037.303;Q03999 - OUTROS TIPOS DE TREINAMENTO (C) (Prioridade: 2 - Média);1CIA IND/2CIA/1PEL(PASSOS);BM1206671;Não;Não;Não;BOLETIM DE OCORRENCIA;Classificada;26/07/2023 07:56;Não
2023-28893178-8;(BM) 2023-034655175-001;25/07/2023 09:34;RUA DOUTOR CARVALHO, Nº 1455 - NOSSA SENHORA DAS GRAÇAS - PASSOS;-207.352.269;-466.037.303;Q03004 - TREINAMENTO DE SALVAMENTO EM ALTURA (C) (Prioridade: 2 - Média);1CIA IND/2CIA/1PEL(PASSOS);BM1640390;Não;Não;Não;BOLETIM DE OCORRENCIA;Classificada;26/07/2023 07:56;Não
2023-28893790-0;(BM) 2023-034655212-001;25/07/2023 10:26;RUA CAETES, Nº 406 - NOSSA SENHORA APARECIDA - PASSOS;-207.429.223;-466.046.906;S05308 - COLISAO ENTRE AUTOMOVEL X MOTOCICLETA (C) (Prioridade: 1 - Alta);1CIA IND/2CIA/1PEL(PASSOS);UR0565;Não;Não;Não;BOLETIM DE OCORRENCIA;Classificada;26/07/2023 07:57;Não
2023-28894865-3;;25/07/2023 11:59;RODOVIA BR491 - TREVO DA VIME - GUAXUPE;;;W08000 - CANCELADA POR INDISPONIBILIDADE DE VIATURA (C) (Prioridade: 3 - Baixa);1CIA IND (POCOS DE CALDAS);;Não;Não;Não;NÃO ATENDIDA: FALTA DE EFETIVO;Classificada;25/07/2023 12:10;Não
2023-28895634-6;(BM) 2023-034662844-001;25/07/2023 13:16;PRACA BELO HORIZONTE, Nº 250 - SÃO BENTO - CONCEICAO DA APARECIDA;-21.098.832;-4.620.271;P01002 - VISTORIA DE LIBERACAO / EMISSAO DE AVCB (C) (Prioridade: 2 - Média);1CIA IND/2CIA/1PEL(PASSOS);ASL00064;Não;Não;Não;BOLETIM DE OCORRENCIA;Classificada;26/07/2023 07:56;Não
2023-28896533-4;(BM) 2023-034673073-001;25/07/2023 14:18;RODOVIA MG050, Nº 8 - PASSOS;-207.331.352;-465.723.036;X03000 - EMPENHO ADMINISTRATIVO (C) (Prioridade: 2 - Média);1CIA IND/2CIA/1PEL(PASSOS);TPO00155;Não;Não;Não;BOLETIM DE OCORRENCIA;Classificada;26/07/2023 07:56;Não
2023-28897127-9;(BM) 2023-034680692-001;25/07/2023 14:50;RUA CRISTO REI, Nº 281 - CENTRO - CONCEICAO DA APARECIDA;-210.936.254;-462.075.478;P01002 - VISTORIA DE LIBERACAO / EMISSAO DE AVCB (C) (Prioridade: 2 - Média);1CIA IND/2CIA/1PEL(PASSOS);ASL00064;Não;Não;Não;BOLETIM DE OCORRENCIA;Classificada;26/07/2023 07:56;Não
2023-28897193-3;(BM) 2023-034681117-001;25/07/2023 14:52;RUA ARGEMIRO CELESTINO MARTINS, Nº 120 - NOVA CALIFORNIA - PASSOS;-207.025.377;-466.211.894;S06001 - SALVAMENTO DE ANIMAL EM RISCO / PERIGO (C) (Prioridade: 2 - Média);1CIA IND/2CIA/1PEL(PASSOS);ABTS0495;Não;Não;Não;BOLETIM DE OCORRENCIA;Classificada;26/07/2023 07:56;Não
2023-28897621-5;(BM) 2023-034686226-001;25/07/2023 15:11;ACESSO RURAL MORRO CAVADO, Nº S/N - CONCEICAO DA APARECIDA;-210.293.693;-462.805.721;P01002 - VISTORIA DE LIBERACAO / EMISSAO DE AVCB (C) (Prioridade: 2 - Média);1CIA IND/2CIA/1PEL(PASSOS);ASL00064;Não;Não;Não;BOLETIM DE OCORRENCIA;Classificada;26/07/2023 07:56;Não
2023-28899458-7;(BM) 2023-034709969-001;25/07/2023 16:46;RUA DOUTOR CARVALHO, Nº 1455 - NOSSA SENHORA DAS GRAÇAS - PASSOS;-207.352.269;-466.037.303;Q03004 - TREINAMENTO DE SALVAMENTO EM ALTURA (C) (Prioridade: 2 - Média);1CIA IND/2CIA/1PEL(PASSOS);BM1206671;Não;Não;Não;BOLETIM DE OCORRENCIA;Classificada;26/07/2023 07:56;Não
2023-28899847-9;;25/07/2023 17:05;RUA JOSE FIDELIS DA SILVA, Nº 102 - RESIDENCIAL FAZENDA PLANALTO - GUAXUPE;;;W08000 - CANCELADA POR INDISPONIBILIDADE DE VIATURA (C) (Prioridade: 3 - Baixa);1CIA IND (POCOS DE CALDAS);;Não;Não;Não;NÃO ATENDIDA: FALTA DE EFETIVO;Classificada;25/07/2023 17:07;Não
2023-28900565-8;(BM) 2023-034722247-001;25/07/2023 17:47;RUA TEREZA LIMA MAIA, Nº S/N - PENHA 2 - PASSOS;-207.177.481;-466.307.419;S06001 - SALVAMENTO DE ANIMAL EM RISCO / PERIGO (C) (Prioridade: 2 - Média);1CIA IND/2CIA/1PEL(PASSOS);ABTS0495;Não;Não;Não;BOLETIM DE OCORRENCIA;Classificada;26/07/2023 07:57;Não
2023-28901016-5;(BM) 2023-034728768-001;25/07/2023 18:15;AVENIDA BRASIL, Nº S/N - JARDIM SATELITE - PASSOS;-207.157.766;-46.617.966;P02001 - VISTORIA EM HIDRANTE (C) (Prioridade: 2 - Média);1CIA IND/2CIA/1PEL(PASSOS);ABTS0495;Não;Não;Não;BOLETIM DE OCORRENCIA;Classificada;26/07/2023 07:57;Não
2023-28901437-3;(BM) 2023-034731630-001;25/07/2023 18:39;RUA FORMOSA, Nº S/N - CENTRO - PASSOS;-207.158.024;-466.104.929;P02001 - VISTORIA EM HIDRANTE (C) (Prioridade: 2 - Média);1CIA IND/2CIA/1PEL(PASSOS);ABTS0495;Não;Não;Não;BOLETIM DE OCORRENCIA;Classificada;26/07/2023 07:57;Não
2023-28902152-9;(BM) 2023-034739636-001;25/07/2023 19:29;RUA ITAJAI, Nº 557 - PASSOS;-20.716.294;-465.931.378;O02002 - INCENDIO EM RESIDENCIA/HABITACAO MULTIFAMILIAR (APARTAMENTO) (C) (Prioridade: 1 - Alta);1CIA IND/2CIA/1PEL(PASSOS);ABTS0495 / UR0565;Não;Não;Não;BOLETIM DE OCORRENCIA;Classificada;26/07/2023 07:57;Não
2023-28903596-8;(BM) 2023-034754411-001;25/07/2023 21:08;RODOVIA BR 146, Nº S/N - PASSOS;-20.758.941;-466.023.418;O04014 - INCENDIO AS MARGENS DE RODOVIA (C) (Prioridade: 2 - Média);1CIA IND/2CIA/1PEL(PASSOS);ABTS0495;Não;Não;Não;BOLETIM DE OCORRENCIA;Classificada;26/07/2023 07:57;Não
2023-28905211-2;(BM) 2023-034776634-001;25/07/2023 23:08;RUA VEREADOR OTACILIO BALDINI, Nº 50 - COHAB 4 - PASSOS;-207.216.756;-466.343.764;S04009 - SALVAMENTO DE PESSOA PRESA EM IMOVEL (C) (Prioridade: 2 - Média);1CIA IND/2CIA/1PEL(PASSOS);ABTS0495;Não;Não;Não;BOLETIM DE OCORRENCIA;Classificada;26/07/2023 07:57;Não
2023-28906342-6;(BM) 2023-034784630-001;26/07/2023 01:08;RUA KANSAS, Nº 100 - SAO FRANCISCO - PASSOS;-207.284.384;-466.195.869;S06001 - SALVAMENTO DE ANIMAL EM RISCO / PERIGO (C) (Prioridade: 2 - Média);1CIA IND/2CIA/1PEL(PASSOS);ABTS0495;Não;Não;Não;BOLETIM DE OCORRENCIA;Classificada;26/07/2023 07:57;Não
2023-28907210-0;(BM) 2023-034793932-001;26/07/2023 06:00;AVENIDA QUEROBINO MOURAO FILHO, Nº 889 - BELA VISTA - PIUMHI;-204.622.914;-459.456.346;X03000 - EMPENHO ADMINISTRATIVO (C) (Prioridade: 2 - Média);1CIA IND/2CIA/PEL PREV E VIST(PASSOS);APF01362;Não;Não;Não;BOLETIM DE OCORRENCIA;Classificada;28/07/2023 07:07;Não
2023-28907422-9;(BM) 2023-034798227-001;26/07/2023 06:59;RUA GOIAS, Nº S/N - SANTA LUZIA - PASSOS;-207.077.147;-466.045.927;V02408 - VITIMA DE COLISAO ENTRE AUTOMOVEL X MOTOCICLETA (C) (Prioridade: 1 - Alta);1CIA IND/2CIA/1PEL(PASSOS);UR0565;Não;Não;Não;BOLETIM DE OCORRENCIA;Classificada;26/07/2023 08:00;Não
2023-28908698-5;(BM) 2023-034886194-001;26/07/2023 09:26;RUA DOUTOR CARVALHO, Nº 1455 - NOSSA SENHORA DAS GRAÇAS - PASSOS;-207.352.269;-466.037.303;Q03999 - OUTROS TIPOS DE TREINAMENTO (C) (Prioridade: 2 - Média);1CIA IND/2CIA/1PEL(PASSOS);BM1123223;Não;Não;Não;BOLETIM DE OCORRENCIA;Classificada;27/07/2023 07:05;Não
2023-28909576-3;(BM) 2023-034820181-001;26/07/2023 10:42;RUA VENEZUELA, Nº 455 - POLIVALENTE - PASSOS;-207.044.527;-466.051.749;V01018 - VITIMA DE MAL NAO DEFINIDO (DISTURBIO) (C) (Prioridade: 1 - Alta);1CIA IND/2CIA/1PEL(PASSOS);UR0565;Não;Não;Não;BOLETIM DE OCORRENCIA;Classificada;27/07/2023 07:04;Não
2023-28911259-3;(BM) 2023-034886363-001;26/07/2023 13:28;AVENIDA EXPEDICIONARIOS, Nº S/N - MIRANTE DO VALE - PASSOS;-207.256.744;-465.818.365;O04012 - INCENDIO EM LOTE VAGO (AREA URBANA) (C) (Prioridade: 2 - Média);1CIA IND/2CIA/1PEL(PASSOS);ABTS0495;Não;Não;Não;BOLETIM DE OCORRENCIA;Classificada;27/07/2023 07:05;Não
2023-28912380-0;(BM) 2023-034876013-001;26/07/2023 14:36;RUA DOUTOR CARVALHO, Nº 1455 - NOSSA SENHORA DAS GRAÇAS - PASSOS;-207.352.269;-466.037.303;Q03005 - TREINAMENTO DE SALVAMENTO TERRESTRE (C) (Prioridade: 2 - Média);1CIA IND/2CIA/1PEL(PASSOS);BM1551159;Não;Não;Não;BOLETIM DE OCORRENCIA;Classificada;27/07/2023 07:05;Não
2023-28914077-2;(BM) 2023-034886231-001;26/07/2023 16:08;RUA TEREZA LIMA MAIA, Nº 41 - PASSOS;-207.138.039;-46.629.907;S06001 - SALVAMENTO DE ANIMAL EM RISCO / PERIGO (C) (Prioridade: 2 - Média);1CIA IND/2CIA/1PEL(PASSOS);ASL00064;Não;Não;Não;BOLETIM DE OCORRENCIA;Classificada;27/07/2023 07:04;Não
2023-28916330-3;(BM) 2023-034901586-001;26/07/2023 18:32;PRACA GERALDO DA SILVA MAIA, Nº 175 - CENTRO - PASSOS;-207.217.853;-466.085.971;S06005 - CAPTURA DE INSETOS (C) (Prioridade: 2 - Média);1CIA IND/2CIA/1PEL(PASSOS);ASL00064;Não;Não;Não;BOLETIM DE OCORRENCIA;Classificada;27/07/2023 07:04;Não
2023-28916987-8;(BM) 2023-034913039-001;26/07/2023 19:20;RUA SAO MIGUEL, Nº S/N - JARDIM PLANALTO - PASSOS;-20.722.654;-466.243.921;W04000 - NADA CONSTATADO (C) (Prioridade: 3 - Baixa);1CIA IND/2CIA/1PEL(PASSOS);UR0565;Não;Não;Não;BOLETIM DE OCORRENCIA;Classificada;27/07/2023 07:05;Não
2023-28920125-8;(BM) 2023-034940921-001;26/07/2023 23:08;RUA ESMERALDA, Nº 94 - CANDEIAS - PASSOS;-20.722.584;-466.186.262;V03018 - VITIMA DE QUEDA DA PROPRIA ALTURA (C) (Prioridade: 1 - Alta);1CIA IND/2CIA/1PEL(PASSOS);UR0565;Não;Não;Não;BOLETIM DE OCORRENCIA;Classificada;27/07/2023 07:04;Não
2023-28922282-7;(BM) 2023-034964830-001;27/07/2023 06:22;RUA MORGANITA, Nº 1035 - ACLIMACAO - PASSOS;-207.531.548;-466.051.132;S06002 - CAPTURA DE ANIMAL SILVESTRE PERIGOSO / AGRESSIVO (C) (Prioridade: 2 - Média);1CIA IND/2CIA/1PEL(PASSOS);ASL00064;Não;Não;Não;BOLETIM DE OCORRENCIA;Classificada;27/07/2023 07:04;Não
2023-28922547-0;(BM) 2023-034966252-001;27/07/2023 07:19;RUA DOUTOR CARVALHO, Nº 222 - CENTRO - PASSOS;-207.237.706;-46.607.898;X03000 - EMPENHO ADMINISTRATIVO (C) (Prioridade: 2 - Média);1CIA IND/2CIA/1PEL(PASSOS);ASL00064;Não;Não;Não;BOLETIM DE OCORRENCIA;Classificada;27/07/2023 07:40;Não
2023-28922929-6;(BM) 2023-034969845-001;27/07/2023 08:03;RUA DOUTOR CARVALHO, Nº 1455 - NOSSA SENHORA DAS GRAÇAS - PASSOS;-207.352.269;-466.037.303;Q03999 - OUTROS TIPOS DE TREINAMENTO (C) (Prioridade: 2 - Média);1CIA IND/2CIA/1PEL(PASSOS);BM1525005;Não;Não;Não;BOLETIM DE OCORRENCIA;Classificada;28/07/2023 07:07;Não
2023-28923657-3;(BM) 2023-034977500-001;27/07/2023 09:14;RUA JOAQUIM LOPES, Nº 679 - PENHA - PASSOS;-207.166.861;-466.271.134;V03018 - VITIMA DE QUEDA DA PROPRIA ALTURA (C) (Prioridade: 1 - Alta);1CIA IND/2CIA/1PEL(PASSOS);UR0565;Não;Não;Não;BOLETIM DE OCORRENCIA;Classificada;28/07/2023 07:07;Não
2023-28924995-1;(BM) 2023-034996744-001;27/07/2023 11:21;RUA JOSE MARIANO NEGRINHO, Nº 424 - COHAB 5 - PASSOS;-207.181.969;-466.373.767;W03000 - SOLICITANTE ENCONTRADO - PROVIDENCIA DISPENSADA (C) (Prioridade: 3 - Baixa);1CIA IND/2CIA/1PEL(PASSOS);UR0565;Não;Não;Não;BOLETIM DE OCORRENCIA;Classificada;28/07/2023 07:07;Não
2023-28925198-9;(BM) 2023-035005528-002;27/07/2023 11:39;RODOVIA MG 050, Km 332 - PASSOS;-207.224.754;-463.952.797;V02416 - VITIMA DE COLISAO ENTRE MULTIPLOS VEICULOS / ENGAVETAMENTO (C) (Prioridade: 1 - Alta);1CIA IND/2CIA/1PEL(PASSOS);UR0565 / UR04360;Não;Não;Não;BOLETIM DE OCORRENCIA;Classificada;28/07/2023 07:08;Não
2023-28926366-7;(BM) 2023-035024747-002;27/07/2023 13:40;RUA JOSE MERCHIORATO, Nº S/N - SANTA CASA - PASSOS;-207.115.647;-466.110.439;Q03001 - TREINAMENTO DE COMBATE A INCENDIO (C) (Prioridade: 2 - Média);1CIA IND/2CIA/1PEL(PASSOS);ABTS0495 / APF01362;Não;Não;Não;BOLETIM DE OCORRENCIA;Classificada;28/07/2023 07:07;Não
2023-28929220-8;(BM) 2023-035047412-001;27/07/2023 16:17;RUA CAETES, Nº 1470 - SERRA VERDE - PASSOS;-207.412.796;-465.916.923;O04012 - INCENDIO EM LOTE VAGO (AREA URBANA) (C) (Prioridade: 2 - Média);1CIA IND/2CIA/1PEL(PASSOS);ABTS0495;Não;Não;Não;BOLETIM DE OCORRENCIA;Classificada;28/07/2023 07:07;Não
2023-28931594-0;(BM) 2023-035072641-001;27/07/2023 18:45;RUA RIO BRANCO, Nº 869 - PASSOS;-207.041.509;-466.035.235;S06005 - CAPTURA DE INSETOS (C) (Prioridade: 2 - Média);1CIA IND/2CIA/1PEL(PASSOS);ASL00064;Não;Não;Não;BOLETIM DE OCORRENCIA;Classificada;28/07/2023 07:07;Não
2023-28937851-4;(BM) 2023-035137730-001;28/07/2023 06:18;RUA GUERINO ZAPAROLLI, Nº 47 - DISTRITO INDUSTRIAL 1 - PASSOS;-207.067.606;-465.922.366;W03000 - SOLICITANTE ENCONTRADO - PROVIDENCIA DISPENSADA (C) (Prioridade: 3 - Baixa);1CIA IND/2CIA/1PEL(PASSOS);ABTS0495;Não;Não;Não;BOLETIM DE OCORRENCIA;Classificada;28/07/2023 07:07;Não
2023-28938509-0;(BM) 2023-035142102-001;28/07/2023 08:06;RUA DOUTOR CARVALHO, Nº 1455 - NOSSA SENHORA DAS GRAÇAS - PASSOS;-207.352.269;-466.037.303;Q03999 - OUTROS TIPOS DE TREINAMENTO (C) (Prioridade: 2 - Média);1CIA IND/2CIA/1PEL(PASSOS);BM1315175;Não;Não;Não;BOLETIM DE OCORRENCIA;Classificada;29/07/2023 00:48;Não
2023-28938716-4;(BM) 2023-035144130-001;28/07/2023 08:28;RUA DOUTOR CARVALHO, Nº 1455 - NOSSA SENHORA DAS GRAÇAS - PASSOS;-207.352.269;-466.037.303;X03000 - EMPENHO ADMINISTRATIVO (C) (Prioridade: 2 - Média);1CIA IND/2CIA/1PEL(PASSOS);BM1206671;Não;Não;Não;BOLETIM DE OCORRENCIA;Classificada;29/07/2023 00:48;Não
2023-28938766-2;(BM) 2023-035144547-001;28/07/2023 08:31;SITIO PEROBAS -, Nº S/N - PASSOS;-207.284.624;-465.432.523;P01002 - VISTORIA DE LIBERACAO / EMISSAO DE AVCB (C) (Prioridade: 2 - Média);1CIA IND/2CIA/PEL PREV E VIST(PASSOS);APF01362;Não;Não;Não;BOLETIM DE OCORRENCIA;Classificada;29/07/2023 00:48;Não
2023-28939518-6;(BM) 2023-035153498-001;28/07/2023 09:43;RUA BARAO DE PASSOS, Nº S/N - CENTRO - PASSOS;-207.194.995;-466.074.223;V02408 - VITIMA DE COLISAO ENTRE AUTOMOVEL X MOTOCICLETA (C) (Prioridade: 1 - Alta);1CIA IND/2CIA/1PEL(PASSOS);UR04360;Não;Não;Não;BOLETIM DE OCORRENCIA;Classificada;29/07/2023 00:48;Não
2023-28940406-0;(BM) 2023-035165044-001;28/07/2023 11:01;RUA BARAO DE PASSOS, Nº S/N - CENTRO - PASSOS;-207.194.995;-466.074.223;W03000 - SOLICITANTE ENCONTRADO - PROVIDENCIA DISPENSADA (C) (Prioridade: 3 - Baixa);1CIA IND/2CIA/1PEL(PASSOS);UR04360;Não;Não;Não;BOLETIM DE OCORRENCIA;Classificada;29/07/2023 00:48;Não
2023-28941116-5;(BM) 2023-035174452-001;28/07/2023 12:11;RUA TRES CORACOES, Nº 532 - CENTENARIO - PASSOS;-207.292.267;-466.119.972;S06001 - SALVAMENTO DE ANIMAL EM RISCO / PERIGO (C) (Prioridade: 2 - Média);1CIA IND/2CIA/1PEL(PASSOS);ASL00064;Não;Não;Não;BOLETIM DE OCORRENCIA;Classificada;29/07/2023 00:48;Não
2023-28941668-1;(BM) 2023-035180190-001;28/07/2023 13:14;RODOVIA SBG-010, Nº S/N - SAO JOAO BATISTA GLORIA;-205.149.191;-465.126.101;P01003 - VISTORIA EM EVENTOS TEMPORARIOS (C) (Prioridade: 1 - Alta);1CIA IND/2CIA/PEL PREV E VIST(PASSOS);APF01362;Não;Não;Não;BOLETIM DE OCORRENCIA;Classificada;29/07/2023 00:48;Não
2023-28943199-3;(BM) 2023-035199380-001;28/07/2023 14:58;RUA PARA, Nº 1036 - CANJERANUS - PASSOS;-207.127.818;-466.013.656;V03018 - VITIMA DE QUEDA DA PROPRIA ALTURA (C) (Prioridade: 1 - Alta);1CIA IND/2CIA/1PEL(PASSOS);UR04360;Não;Não;Não;BOLETIM DE OCORRENCIA;Classificada;29/07/2023 00:48;Não
2023-28944368-4;(BM) 2023-035215500-001;28/07/2023 16:04;ESTRADA PRINCIPAL JULIERIA KM 02 - APOS A SAIDA DA CIDADE, Nº S/N - PASSOS;-206.848.703;-466.479.576;O02042 - INCENDIO EM ONIBUS/MICRO-ONIBUS (C) (Prioridade: 2 - Média);1CIA IND/2CIA/1PEL(PASSOS);ABTS0495;Não;Não;Não;BOLETIM DE OCORRENCIA;Classificada;29/07/2023 00:48;Não
2023-28947417-4;(BM) 2023-035246031-001;28/07/2023 19:25;RUA DOUTOR CARVALHO, Nº 1455 - NOSSA SENHORA DAS GRAÇAS - PASSOS;-207.352.269;-466.037.303;Q03004 - TREINAMENTO DE SALVAMENTO EM ALTURA (C) (Prioridade: 2 - Média);1CIA IND/2CIA/1PEL(PASSOS);BM1787365;Não;Não;Não;BOLETIM DE OCORRENCIA;Classificada;29/07/2023 00:48;Não
2023-28949048-0;(BM) 2023-035261789-001;28/07/2023 21:16;RUA MARIA DA FE, Nº 448 - COHAB 1 - PASSOS;-207.103.449;-466.252.152;V01013 - VITIMA DE EMERGENCIAS PSIQUIATRICAS (C) (Prioridade: 1 - Alta);1CIA IND/2CIA/1PEL(PASSOS);UR04360;Não;Não;Não;BOLETIM DE OCORRENCIA;Classificada;29/07/2023 00:47;Não
2023-28954465-7;(BM) 2023-035310532-001;29/07/2023 07:07;RODOVIA PASSOS / GLORIA, Nº S/N - PASSOS;-20.700.737;-46.586.887;V02301 - VITIMA DE CAPOTAMENTO DE AUTOMOVEL (CARRO / CAMINHONETE) (C) (Prioridade: 1 - Alta);1CIA IND/2CIA/1PEL(PASSOS);ABTS0495 / UR04360;Não;Não;Não;BOLETIM DE OCORRENCIA;Classificada;30/07/2023 07:31;Não
2023-28955025-0;(BM) 2023-035313025-001;29/07/2023 08:31;RUA JANAUBA, Nº 116 - COHAB 2 - PASSOS;-207.100.419;-466.281.058;V01018 - VITIMA DE MAL NAO DEFINIDO (DISTURBIO) (C) (Prioridade: 1 - Alta);1CIA IND/2CIA/1PEL(PASSOS);UR04360;Não;Não;Não;BOLETIM DE OCORRENCIA;Classificada;30/07/2023 07:31;Não
2023-28955494-0;(BM) 2023-035317430-001;29/07/2023 09:31;AVENIDA PROJETADA, Nº S/N - JARDIM FLORENCA - PASSOS;-206.924.763;-466.115.051;P02001 - VISTORIA EM HIDRANTE (C) (Prioridade: 2 - Média);1CIA IND/2CIA/1PEL(PASSOS);ASL00064;Não;Não;Não;BOLETIM DE OCORRENCIA;Classificada;30/07/2023 07:30;Não
2023-28956074-0;(BM) 2023-035322800-001;29/07/2023 10:41;RUA LEQUE, Nº S/N - RESIDENCIAL PORTAL DAS PALMEIRAS - PASSOS;-206.979.662;-466.098.228;P02001 - VISTORIA EM HIDRANTE (C) (Prioridade: 2 - Média);1CIA IND/2CIA/1PEL(PASSOS);ASL00064;Não;Não;Não;BOLETIM DE OCORRENCIA;Classificada;30/07/2023 07:30;Não
2023-28956150-7;(BM) 2023-035445293-001;29/07/2023 10:50;RUA TURMALINA, Nº 1310 - ACLIMACAO - PASSOS;-207.544.928;-466.024.638;V01023 - VITIMA DE SINCOPE (DESMAIO)/VERTIGEM (C) (Prioridade: 1 - Alta);1CIA IND/2CIA/1PEL(PASSOS);UR04360;Não;Não;Não;BOLETIM DE OCORRENCIA;Classificada;30/07/2023 07:31;Não
2023-28957295-5;(BM) 2023-035340476-001;29/07/2023 13:12;RUA PORTUGAL, Nº 97 - NOVO MUNDO - PASSOS;-207.277.112;-465.925.297;V01018 - VITIMA DE MAL NAO DEFINIDO (DISTURBIO) (C) (Prioridade: 1 - Alta);1CIA IND/2CIA/1PEL(PASSOS);UR04360;Não;Não;Não;BOLETIM DE OCORRENCIA;Classificada;30/07/2023 07:31;Não
2023-28958107-9;(BM) 2023-035342631-001;29/07/2023 14:30;RUA B, Nº 29 - NOVO HORIZONTE - PASSOS;-207.318.602;-466.004.711;S06001 - SALVAMENTO DE ANIMAL EM RISCO / PERIGO (C) (Prioridade: 2 - Média);1CIA IND/2CIA/1PEL(PASSOS);ASL00064;Não;Não;Não;BOLETIM DE OCORRENCIA;Classificada;30/07/2023 07:31;Não
2023-28959726-6;(BM) 2023-035357852-001;29/07/2023 16:13;AVENIDA ARLINDO FIGUEIREDO, Nº S/N - JARDIM PINHEIROS 2 - PASSOS;-207.262.479;-466.225.308;P02003 - VISTORIA EM LOTE VAGO (C) (Prioridade: 2 - Média);1CIA IND/2CIA/1PEL(PASSOS);ASL00064;Não;Não;Não;BOLETIM DE OCORRENCIA;Classificada;30/07/2023 07:31;Não
2023-28961207-1;(BM) 2023-035373736-001;29/07/2023 17:58;AVENIDA SAUDADE, Nº 247 - SAO BENEDITO - PASSOS;-207.241.976;-466.001.612;V01023 - VITIMA DE SINCOPE (DESMAIO)/VERTIGEM (C) (Prioridade: 1 - Alta);1CIA IND/2CIA/1PEL(PASSOS);UR04360;Não;Não;Não;BOLETIM DE OCORRENCIA;Classificada;30/07/2023 07:31;Não
2023-28961784-5;(BM) 2023-035383170-001;29/07/2023 18:38;RUA TAMOIOS, Nº 80 - CANDEIAS - PASSOS;-207.246.597;-466.161.128;V01020 - VITIMA COM PARADA CARDIORRESPIRATORIA (C) (Prioridade: 1 - Alta);1CIA IND/2CIA/1PEL(PASSOS);UR04360;Não;Não;Não;BOLETIM DE OCORRENCIA;Classificada;30/07/2023 07:31;Não
2023-28963727-2;(BM) 2023-035395961-001;29/07/2023 20:44;RUA CARAJAS / RUA TAPAJOS - NOSSA SENHORA APARECIDA - PASSOS;-207.424.866;-466.071.395;V02403 - VITIMA DE COLISAO ENTRE AUTOMOVEIS (CARRO / CAMINHONETE) (C) (Prioridade: 1 - Alta);1CIA IND/2CIA/1PEL(PASSOS);UR04360;Não;Não;Não;BOLETIM DE OCORRENCIA;Classificada;30/07/2023 07:31;Não
2023-28971388-4;(BM) 2023-035453036-001;30/07/2023 10:10;AVENIDA JK, Nº S/N - MONSENHOR MESSIAS - PASSOS;-207.342.178;-465.979.772;P03009 - PREVENCAO EM PONTO-BASE / FERIADOS PROLONGADOS (C) (Prioridade: 2 - Média);1CIA IND/2CIA/1PEL(PASSOS);UR04360;Não;Não;Não;BOLETIM DE OCORRENCIA;Classificada;31/07/2023 08:45;Não
2023-28971570-8;(BM) 2023-035454357-001;30/07/2023 10:34;RUA JOAQUIM LOPES, Nº 393 - PENHA - PASSOS;-207.167.062;-466.241.766;V02502 - VITIMA DE QUEDA (MOTOCICLISTA) (C) (Prioridade: 1 - Alta);1CIA IND/2CIA/1PEL(PASSOS);UR04360;Não;Não;Não;BOLETIM DE OCORRENCIA;Classificada;31/07/2023 08:46;Não
2023-28971944-6;(BM) 2023-035457742-001;30/07/2023 11:22;RUA PARA, Nº S/N - POLIVALENTE - PASSOS;-207.065.593;-466.081.424;P03004 - PREVENCAO EM EVENTO ESPORTIVO (C) (Prioridade: 2 - Média);1CIA IND/2CIA/1PEL(PASSOS);UR04360;Não;Não;Não;BOLETIM DE OCORRENCIA;Classificada;31/07/2023 08:45;Não
2023-28972029-7;(BM) 2023-035458721-001;30/07/2023 11:39;RODOVIA MG 050, Km 360 - PASSOS;-207.370.641;-46.646.356;V02301 - VITIMA DE CAPOTAMENTO DE AUTOMOVEL (CARRO / CAMINHONETE) (C) (Prioridade: 1 - Alta);1CIA IND/2CIA/1PEL(PASSOS);UR04360;Não;Não;Não;BOLETIM DE OCORRENCIA;Classificada;31/07/2023 08:46;Não
2023-28973014-5;(BM) 2023-035467406-001;30/07/2023 13:52;RUA DOUTOR CARVALHO, Nº 1455 - NOSSA SENHORA DAS GRAÇAS - PASSOS;-207.352.269;-466.037.303;S04014 - SALVAMENTO DE PESSOA COM OBJETO PRESO AO CORPO (C) (Prioridade: 1 - Alta);1CIA IND/2CIA/1PEL(PASSOS);BM1526367;Não;Não;Não;BOLETIM DE OCORRENCIA;Classificada;31/07/2023 08:46;Não
2023-28973070-6;(BM) 2023-035467603-001;30/07/2023 13:55;RUA VESPASIANO, Nº 542 - PENHA 2 - PASSOS;-207.148.465;-466.297.367;P02011 - VISTORIA EM ENXAME DE INSETOS (C) (Prioridade: 2 - Média);1CIA IND/2CIA/1PEL(PASSOS);ASL00064;Não;Não;Não;BOLETIM DE OCORRENCIA;Classificada;31/07/2023 08:45;Não
2023-28975813-0;(BM) 2023-035493811-001;30/07/2023 17:16;RODOVIA MG 050, Km 339 - PASSOS;-20.718.014;-464.595.361;O04014 - INCENDIO AS MARGENS DE RODOVIA (C) (Prioridade: 2 - Média);1CIA IND/2CIA/1PEL(PASSOS);ABTS0495;Não;Não;Não;BOLETIM DE OCORRENCIA;Classificada;31/07/2023 08:45;Não
2023-28976586-5;(BM) 2023-035501497-001;30/07/2023 18:08;AVENIDA PERIMETRAL, Nº S/N - PARQUE DA ESTACAO - PASSOS;-207.057.771;-466.097.547;O04012 - INCENDIO EM LOTE VAGO (AREA URBANA) (C) (Prioridade: 2 - Média);1CIA IND/2CIA/1PEL(PASSOS);ABTS0495;Não;Não;Não;BOLETIM DE OCORRENCIA;Classificada;31/07/2023 08:46;Não
2023-28976924-6;(BM) 2023-035510197-001;30/07/2023 18:28;RUA SANTA CASA, Nº S/N - JARDIM SATELITE - PASSOS;-207.148.353;-466.201.644;O04011 - INCENDIO EM AREA URBANA NAO PROTEGIDA (C) (Prioridade: 2 - Média);1CIA IND/2CIA/1PEL(PASSOS);ABTS0495;Não;Não;Não;BOLETIM DE OCORRENCIA;Classificada;31/07/2023 08:46;Não
2023-28977698-4;(BM) 2023-035510130-001;30/07/2023 19:18;RUA MANTIQUEIRA, Nº 228 - VILA RICA - PASSOS;-207.260.668;-465.951.189;S06005 - CAPTURA DE INSETOS (C) (Prioridade: 2 - Média);1CIA IND/2CIA/1PEL(PASSOS);ASL00064;Não;Não;Não;BOLETIM DE OCORRENCIA;Classificada;31/07/2023 08:46;Não
2023-28979032-0;(BM) 2023-035532009-001;30/07/2023 20:49;RUA JESO RIBEIRO DE ABREU, Nº 181 - NOVA CALIFORNIA - PASSOS;-207.009.708;-466.206.973;V01015 - VITIMA COM HEMORRAGIA (C) (Prioridade: 1 - Alta);1CIA IND/2CIA/1PEL(PASSOS);UR04360;Não;Não;Não;BOLETIM DE OCORRENCIA;Classificada;31/07/2023 08:46;Não
2023-28979257-0;(BM) 2023-035531781-001;30/07/2023 21:05;RUA DIVA STOCKLER PORTUGUAL, Nº 185 - PASSOS;;;S06005 - CAPTURA DE INSETOS (C) (Prioridade: 2 - Média);1CIA IND/2CIA/1PEL(PASSOS);ASL00064;Não;Não;Não;BOLETIM DE OCORRENCIA;Classificada;31/07/2023 08:46;Não
2023-28984511-1;(BM) 2023-035572960-001;31/07/2023 09:19;RUA BANCARIOS, Nº S/N - NOSSA SENHORA DAS GRAÇAS - PASSOS;-207.349.277;-46.605.441;P01002 - VISTORIA DE LIBERACAO / EMISSAO DE AVCB (C) (Prioridade: 2 - Média);1CIA IND/2CIA/PEL PREV E VIST(PASSOS);APF01362;Não;Não;Não;BOLETIM DE OCORRENCIA;Classificada;01/08/2023 13:49;Não
2023-28984594-9;(BM) 2023-035573400-001;31/07/2023 09:30;RUA CONSTITUICAO, Nº S/N - SAO BENEDITO - PASSOS;-207.212.563;-465.989.434;V01018 - VITIMA DE MAL NAO DEFINIDO (DISTURBIO) (C) (Prioridade: 1 - Alta);1CIA IND/2CIA/1PEL(PASSOS);UR04360;Não;Não;Não;BOLETIM DE OCORRENCIA;Classificada;01/08/2023 13:48;Não
2023-28984908-5;(BM) 2023-035576851-001;31/07/2023 10:01;RUA FORMIGA, Nº S/N - MARIO MAGALHAES - PASSOS;-207.259.568;-466.127.797;P02001 - VISTORIA EM HIDRANTE (C) (Prioridade: 2 - Média);1CIA IND/2CIA/1PEL(PASSOS);ASL00064;Não;Não;Não;BOLETIM DE OCORRENCIA;Classificada;01/08/2023 13:49;Não
2023-28984942-3;(BM) 2023-035577200-001;31/07/2023 10:03;AVENIDA DOS INDUSTRIAIS, Nº 267 - MONSENHOR MESSIAS - PASSOS;-207.378.889;-465.987.811;P01002 - VISTORIA DE LIBERACAO / EMISSAO DE AVCB (C) (Prioridade: 2 - Média);1CIA IND/2CIA/PEL PREV E VIST(PASSOS);APF01362;Não;Não;Não;BOLETIM DE OCORRENCIA;Classificada;01/08/2023 13:49;Não
2023-28985039-3;(BM) 2023-035578428-001;31/07/2023 10:23;RUA LEQUE, Nº S/N - RESIDENCIAL PORTAL DAS PALMEIRAS - PASSOS;-206.979.662;-466.098.228;P02001 - VISTORIA EM HIDRANTE (C) (Prioridade: 2 - Média);1CIA IND/2CIA/1PEL(PASSOS);ASL00064;Não;Não;Não;BOLETIM DE OCORRENCIA;Classificada;01/08/2023 13:49;Não
2023-28985209-1;(BM) 2023-035585840-001;31/07/2023 10:34;RUA RONDONIA, Nº 329 - BELA VISTA - PASSOS;-207.185.809;-465.983.295;P01001 - VISTORIA DE FISCALIZACAO (C) (Prioridade: 2 - Média);1CIA IND/2CIA/PEL PREV E VIST(PASSOS);APF01362;Não;Não;Não;BOLETIM DE OCORRENCIA;Classificada;01/08/2023 13:49;Não
2023-28986140-2;(BM) 2023-035590673-001;31/07/2023 12:10;RUA PONTA PORA, Nº S/N - BELA VISTA - PASSOS;-207.136.696;-466.005.601;P02011 - VISTORIA EM ENXAME DE INSETOS (C) (Prioridade: 2 - Média);1CIA IND/2CIA/1PEL(PASSOS);ASL00064;Não;Não;Não;BOLETIM DE OCORRENCIA;Classificada;01/08/2023 13:49;Não
2023-28986205-6;(BM) 2023-035591455-001;31/07/2023 12:18;RODOVIA MG 050, Nº S/N - PASSOS;-207.371.492;-466.395.925;P03001 - PERIGO DE DERRAPAGEM (C) (Prioridade: 2 - Média);1CIA IND/2CIA/1PEL(PASSOS);ABTS0495;Não;Não;Não;BOLETIM DE OCORRENCIA;Classificada;01/08/2023 13:48;Não
2023-28987085-1;(BM) 2023-035602498-001;31/07/2023 13:42;AVENIDA JUCA STOCKLER, Nº 710 - BELO HORIZONTE - PASSOS;-207.301.546;-466.048.796;W03000 - SOLICITANTE ENCONTRADO - PROVIDENCIA DISPENSADA (C) (Prioridade: 3 - Baixa);1CIA IND/2CIA/1PEL(PASSOS);UR04360;Não;Não;Não;BOLETIM DE OCORRENCIA;Classificada;01/08/2023 13:49;Não
2023-28988210-7;(BM) 2023-035616360-001;31/07/2023 14:48;RUA RIO TIETE, Nº 166 - SANTA LUZIA - PASSOS;-207.099.945;-466.031.844;P01001 - VISTORIA DE FISCALIZACAO (C) (Prioridade: 2 - Média);1CIA IND/2CIA/PEL PREV E VIST(PASSOS);APF01362;Não;Não;Não;BOLETIM DE OCORRENCIA;Classificada;01/08/2023 13:48;Não
2023-28988958-5;(BM) 2023-035634177-001;31/07/2023 15:28;RUA SEBASTIAO PINTO COELHO, Nº S/N - MIRANTE DO VALE - PASSOS;-207.178.187;-465.818.515;O04011 - INCENDIO EM AREA URBANA NAO PROTEGIDA (C) (Prioridade: 2 - Média);1CIA IND/2CIA/1PEL(PASSOS);ABTS0495;Não;Não;Não;BOLETIM DE OCORRENCIA;Classificada;01/08/2023 13:48;Não
2023-28989775-0;(BM) 2023-035647451-001;31/07/2023 16:12;RUA JANAUBA, Nº 116 - COHAB 2 - PASSOS;-207.100.419;-466.281.058;V01018 - VITIMA DE MAL NAO DEFINIDO (DISTURBIO) (C) (Prioridade: 1 - Alta);1CIA IND/2CIA/1PEL(PASSOS);UR04360;Não;Não;Não;BOLETIM DE OCORRENCIA;Classificada;01/08/2023 13:48;Não
2023-28991673-3;(BM) 2023-035660357-001;31/07/2023 18:09;RUA CRISTAL, Nº 1002 - ACLIMACAO - PASSOS;-207.555.398;-465.978.842;V03018 - VITIMA DE QUEDA DA PROPRIA ALTURA (C) (Prioridade: 1 - Alta);1CIA IND/2CIA/1PEL(PASSOS);UR04360;Não;Não;Não;BOLETIM DE OCORRENCIA;Classificada;01/08/2023 13:48;Não
2023-28992744-5;(BM) 2023-035670995-001;31/07/2023 19:20;RUA PALMAS, Nº 119 - PANORAMA - PASSOS;-207.105.738;-466.145.383;O04012 - INCENDIO EM LOTE VAGO (AREA URBANA) (C) (Prioridade: 2 - Média);1CIA IND/2CIA/1PEL(PASSOS);ABTS0495;Não;Não;Não;BOLETIM DE OCORRENCIA;Classificada;01/08/2023 13:48;Não
2023-28994026-2;(BM) 2023-035685006-001;31/07/2023 20:55;RUA PONTA PORA, Nº S/N - BELA VISTA - PASSOS;-207.136.696;-466.005.601;S06005 - CAPTURA DE INSETOS (C) (Prioridade: 2 - Média);1CIA IND/2CIA/1PEL(PASSOS);ASL00064;Não;Não;Não;BOLETIM DE OCORRENCIA;Classificada;01/08/2023 13:48;Não
