Nº chamada;Nº REDS;Data/hora de criação;Local do fato;Latitude  do local;Longitude do local;Natureza;Unidade Responsável;Recursos empenhados;Alerta;Destaque;Envolve autoridade;Tipo de classificação;Situação;Data/hora da situação atual;Evento associado
2023-26098607-5;(BM) 2023-005057203-001;01/02/2023 03:35;ESTRADA SBG 010 - POUSADA MIRANTE, Nº S/N - SAO JOAO BATISTA GLORIA;-20.515.919;-464.734.993;V01007 - VITIMA COM DISPNEIA (FALTA DE AR) (C) (Prioridade: 1 - Alta);1CIA IND/2CIA/1PEL(PASSOS);ASL00064;Não;Não;Não;BOLETIM DE OCORRENCIA;Classificada;01/02/2023 08:55;Não
2023-26100525-9;(BM) 2023-005077113-001;01/02/2023 09:26;RUA FARMACEUTICOS, Nº 133 - NOVO HORIZONTE - PASSOS;-207.296.244;-466.031.183;V01018 - VITIMA DE MAL NAO DEFINIDO (DISTURBIO) (C) (Prioridade: 1 - Alta);1CIA IND/2CIA/1PEL(PASSOS);UR04360;Não;Não;Não;BOLETIM DE OCORRENCIA;Classificada;01/02/2023 20:39;Não
2023-26100646-3;(BM) 2023-005078187-001;01/02/2023 09:37;AVENIDA BRASIL, Nº S/N - JARDIM SATELITE - PASSOS;-207.157.766;-46.617.966;X03000 - EMPENHO ADMINISTRATIVO (C) (Prioridade: 2 - Média);1CIA IND/2CIA/PEL PREV E VIST(PASSOS);APF01362;Não;Não;Não;BOLETIM DE OCORRENCIA;Classificada;01/02/2023 20:40;Não
2023-26100740-1;(BM) 2023-005079181-001;01/02/2023 09:46;RUA CANAPE, Nº 238 - CASARAO - PASSOS;-207.217.572;-465.897.162;V01018 - VITIMA DE MAL NAO DEFINIDO (DISTURBIO) (C) (Prioridade: 1 - Alta);1CIA IND/2CIA/1PEL(PASSOS);UR04360;Não;Não;Não;BOLETIM DE OCORRENCIA;Classificada;01/02/2023 20:39;Não
2023-26101381-6;(BM) 2023-005087645-001;01/02/2023 10:38;RUA AGUAS, Nº 550 - RECANTO DA TEKA - PASSOS;-207.452.157;-465.926.092;S06003 - CAPTURA DE CAO PERIGOSO / AGRESSIVO (C) (Prioridade: 2 - Média);1CIA IND/2CIA/1PEL(PASSOS);UR04360;Não;Não;Não;BOLETIM DE OCORRENCIA;Classificada;01/02/2023 20:40;Não
2023-26101460-0;(BM) 2023-005088533-001;01/02/2023 10:44;RUA DOUTOR CARVALHO, Nº 1455 - NOSSA SENHORA DAS GRAÇAS - PASSOS;-207.352.269;-466.037.303;X03000 - EMPENHO ADMINISTRATIVO (C) (Prioridade: 2 - Média);1CIA IND/2CIA/1PEL(PASSOS);ABS01122 / ASL00064;Não;Não;Não;BOLETIM DE OCORRENCIA;Classificada;01/02/2023 20:40;Não
2023-26103051-2;(BM) 2023-005155029-001;01/02/2023 13:12;RUA OPERARIOS, Nº 373 - SANTA RITA - PASSOS;-207.319.923;-466.106.302;V01023 - VITIMA DE SINCOPE (DESMAIO)/VERTIGEM (C) (Prioridade: 1 - Alta);1CIA IND/2CIA/1PEL(PASSOS);UR04360;Não;Não;Não;BOLETIM DE OCORRENCIA;Classificada;01/02/2023 20:38;Não
2023-26103557-1;(BM) 2023-005113188-001;01/02/2023 13:57;RUA JOSE ARISTIDES BARBOSA, Nº 192 - PARQUE DA ESTACAO - PASSOS;-207.047.498;-466.120.893;P01001 - VISTORIA DE FISCALIZACAO (C) (Prioridade: 2 - Média);1CIA IND/2CIA/PEL PREV E VIST(PASSOS);APF01362;Não;Não;Não;BOLETIM DE OCORRENCIA;Classificada;01/02/2023 20:39;Não
2023-26103750-1;(BM) 2023-005115594-001;01/02/2023 14:09;RUA ALFA, Nº 748 - JARDIM SATELITE - PASSOS;-207.119.193;-46.620.943;P01001 - VISTORIA DE FISCALIZACAO (C) (Prioridade: 2 - Média);1CIA IND/2CIA/PEL PREV E VIST(PASSOS);APF01362;Não;Não;Não;BOLETIM DE OCORRENCIA;Classificada;01/02/2023 20:39;Não
2023-26103895-4;(BM) 2023-005118018-001;01/02/2023 14:20;RUA RIO NEGRO, Nº 183 - SANTA LUZIA - PASSOS;-207.106.471;-466.021.619;P01001 - VISTORIA DE FISCALIZACAO (C) (Prioridade: 2 - Média);1CIA IND/2CIA/PEL PREV E VIST(PASSOS);APF01362;Não;Não;Não;BOLETIM DE OCORRENCIA;Classificada;01/02/2023 20:39;Não
2023-26104213-8;(BM) 2023-005121695-001;01/02/2023 14:36;RUA GUAPORE, Nº 447 - SANTA LUZIA - PASSOS;-207.094.305;-465.981.589;P01001 - VISTORIA DE FISCALIZACAO (C) (Prioridade: 2 - Média);1CIA IND/2CIA/PEL PREV E VIST(PASSOS);APF01362;Não;Não;Não;BOLETIM DE OCORRENCIA;Classificada;01/02/2023 20:39;Não
2023-26104863-3;(BM) 2023-005129795-001;01/02/2023 15:09;RUA TIMOTEO, Nº 237 - COHAB 2 - PASSOS;-207.093.159;-466.290.449;V03021 - VITIMA DE SUICIDIO (TENTATIVA) - APH TRAUMA (C) (Prioridade: 1 - Alta);1CIA IND/2CIA/1PEL(PASSOS);UR04360;Não;Não;Não;BOLETIM DE OCORRENCIA;Classificada;01/02/2023 20:38;Não
2023-26108484-7;(BM) 2023-005172879-001;01/02/2023 19:01;RUA IPIRANGA, Nº 200 - VILA RICA - PASSOS;-207.255.388;-46.597.117;S06002 - CAPTURA DE ANIMAL SILVESTRE PERIGOSO / AGRESSIVO (C) (Prioridade: 2 - Média);1CIA IND/2CIA/1PEL(PASSOS);ASL00064;Não;Não;Não;BOLETIM DE OCORRENCIA;Classificada;01/02/2023 20:39;Não
2023-26114274-9;(BM) 2023-005231750-001;02/02/2023 06:15;RUA ELZO CALIXTO MATTAR, Nº 530 - CENTENARIO - PASSOS;-207.318.296;-466.126.611;V01018 - VITIMA DE MAL NAO DEFINIDO (DISTURBIO) (C) (Prioridade: 1 - Alta);1CIA IND/2CIA/1PEL(PASSOS);UR04360;Não;Não;Não;BOLETIM DE OCORRENCIA;Classificada;03/02/2023 01:56;Não
2023-26114948-0;(BM) 2023-005247295-001;02/02/2023 08:06;RUA PERNAMBUCO, Nº 244 - CENTRO - CLARAVAL;-204.038.975;-472.837.964;P01002 - VISTORIA DE LIBERACAO / EMISSAO DE AVCB (C) (Prioridade: 2 - Média);1CIA IND/2CIA/PEL PREV E VIST(PASSOS);APF01362;Não;Não;Não;BOLETIM DE OCORRENCIA;Classificada;03/02/2023 01:55;Não
2023-26115731-4;(BM) 2023-005249281-001;02/02/2023 09:20;AVENIDA COMENDADOR FRANCISCO A MAIA, Nº 4309 - BELO HORIZONTE - PASSOS;-207.338.181;-466.045.798;W03000 - SOLICITANTE ENCONTRADO - PROVIDENCIA DISPENSADA (C) (Prioridade: 3 - Baixa);1CIA IND/2CIA/1PEL(PASSOS);ASL00064;Não;Não;Não;BOLETIM DE OCORRENCIA;Classificada;03/02/2023 01:55;Não
2023-26116473-6;(BM) 2023-005256465-001;02/02/2023 10:25;PRACA FRANCISCO SALLES, Nº S/N - BELO HORIZONTE - PASSOS;-207.264.675;-466.045.971;V01023 - VITIMA DE SINCOPE (DESMAIO)/VERTIGEM (C) (Prioridade: 1 - Alta);1CIA IND/2CIA/1PEL(PASSOS);UR04360;Não;Não;Não;BOLETIM DE OCORRENCIA;Classificada;03/02/2023 01:57;Não
2023-26116808-2;(BM) 2023-005261113-001;02/02/2023 10:55;RUA ONOFRE R TEIXEIRA, Nº 143 - PENHA - PASSOS;-207.144.303;-466.289.975;P01001 - VISTORIA DE FISCALIZACAO (C) (Prioridade: 2 - Média);1CIA IND/2CIA/PEL PREV E VIST(PASSOS);APF01362;Não;Não;Não;BOLETIM DE OCORRENCIA;Classificada;03/02/2023 01:56;Não
2023-26117120-1;(BM) 2023-005264461-001;02/02/2023 11:15;RUA CABO ALBERTO RODRIGUES DA SILVA, Nº 129 - COHAB 2 - PASSOS;-207.124.873;-466.305.486;P01001 - VISTORIA DE FISCALIZACAO (C) (Prioridade: 2 - Média);1CIA IND/2CIA/PEL PREV E VIST(PASSOS);APF01362;Não;Não;Não;BOLETIM DE OCORRENCIA;Classificada;03/02/2023 01:55;Não
2023-26117262-6;(BM) 2023-005266354-001;02/02/2023 11:27;AVENIDA ANTONIO ADAO DA SILVA, Nº 51 - COHAB 4 - PASSOS;-207.201.096;-46.630.505;V01010 - VITIMA COM DOR TORACICA/SUSPEITA DE INFARTO (IAM) (C) (Prioridade: 1 - Alta);1CIA IND/2CIA/1PEL(PASSOS);UR04360;Não;Não;Não;BOLETIM DE OCORRENCIA;Classificada;03/02/2023 01:57;Não
2023-26117268-2;(BM) 2023-005266759-001;02/02/2023 11:29;RUA CAETES, Nº S/N - NOSSA SENHORA APARECIDA - PASSOS;-20.743.907;-466.081.916;P01001 - VISTORIA DE FISCALIZACAO (C) (Prioridade: 2 - Média);1CIA IND/2CIA/PEL PREV E VIST(PASSOS);APF01362;Não;Não;Não;BOLETIM DE OCORRENCIA;Classificada;03/02/2023 01:55;Não
2023-26118075-4;;02/02/2023 12:48;AVENIDA AROUCA, Nº 260 - CENTRO - PASSOS;-207.164.007;-46.609.049;S06005 - CAPTURA DE INSETOS (C) (Prioridade: 2 - Média);1CIA IND/2CIA/1PEL(PASSOS);ASL00064;Não;Não;Não;ATENDIDA PELO SAMU;Classificada;03/02/2023 01:56;Não
2023-26119635-2;(BM) 2023-005295748-001;02/02/2023 14:47;RODOVIA MG 444, Km 23 - CAPETINGA;-206.313.267;-470.966.266;S05304 - COLISAO ENTRE CAMINHOES / CARRETAS (C) (Prioridade: 1 - Alta);1CIA IND/2CIA/1PEL(PASSOS);ASL00064;Não;Não;Não;BOLETIM DE OCORRENCIA;Classificada;03/02/2023 01:57;Não
2023-26120338-4;(BM) 2023-005315829-001;02/02/2023 15:23;RODOVIA MG050, Nº 360 - PASSOS;-207.356.964;-466.563.864;W04000 - NADA CONSTATADO (C) (Prioridade: 3 - Baixa);1CIA IND/2CIA/1PEL(PASSOS);UR04360;Não;Não;Não;BOLETIM DE OCORRENCIA;Classificada;03/02/2023 01:55;Não
2023-26120602-0;(BM) 2023-005308188-001;02/02/2023 15:36;RUA PARAGUACU, Nº 40 - VILA RICA - PASSOS;-207.247.327;-465.935.874;P01001 - VISTORIA DE FISCALIZACAO (C) (Prioridade: 2 - Média);1CIA IND/2CIA/PEL PREV E VIST(PASSOS);APF01362;Não;Não;Não;BOLETIM DE OCORRENCIA;Classificada;03/02/2023 01:56;Não
2023-26120862-1;(BM) 2023-005311890-001;02/02/2023 15:53;RUA COIMBRAS, Nº 785 - CALIFORNIA - PASSOS;-207.013.787;-466.155.606;P01001 - VISTORIA DE FISCALIZACAO (C) (Prioridade: 2 - Média);1CIA IND/2CIA/PEL PREV E VIST(PASSOS);APF01362;Não;Não;Não;BOLETIM DE OCORRENCIA;Classificada;03/02/2023 01:56;Não
2023-26120901-1;(BM) 2023-005312578-001;02/02/2023 15:55;RUA ORLANDO ADAO CARNEIRO, Nº 190 - PASSOS;-207.280.781;-465.847.153;P01001 - VISTORIA DE FISCALIZACAO (C) (Prioridade: 2 - Média);1CIA IND/2CIA/PEL PREV E VIST(PASSOS);APF01362;Não;Não;Não;BOLETIM DE OCORRENCIA;Classificada;03/02/2023 01:56;Não
2023-26121062-0;(BM) 2023-005319435-001;02/02/2023 16:05;RUA ESTEVAM PARENTI, Nº 135 - PENHA 2 - PASSOS;-207.125.747;-466.277.865;P01001 - VISTORIA DE FISCALIZACAO (C) (Prioridade: 2 - Média);1CIA IND/2CIA/PEL PREV E VIST(PASSOS);APF01362;Não;Não;Não;BOLETIM DE OCORRENCIA;Classificada;03/02/2023 01:56;Não
2023-26122268-1;(BM) 2023-005329876-001;02/02/2023 17:12;RUA ZE MACHADO, Nº 96 - FLAMBOYANT - PASSOS;-20.755.618;-466.032.685;O02001 - INCENDIO EM RESIDENCIA/HABITACAO UNIFAMILIAR (CASA) (C) (Prioridade: 1 - Alta);1CIA IND/2CIA/1PEL(PASSOS);ABTS0495;Não;Não;Não;BOLETIM DE OCORRENCIA;Classificada;03/02/2023 01:57;Não
2023-26129806-0;(BM) 2023-005406627-001;03/02/2023 04:28;RUA JOAO PIMENTA, Nº 611 - BELA VISTA - PASSOS;-207.190.621;-465.963.164;S06999 - OUTROS TIPOS DE SALVAMENTOS TERRESTRES DIVERSOS   (C) (Prioridade: 2 - Média);1CIA IND/2CIA/1PEL(PASSOS);ASL00064;Não;Não;Não;BOLETIM DE OCORRENCIA;Classificada;03/02/2023 08:12;Não
2023-26131280-8;(BM) 2023-005421233-001;03/02/2023 08:53;RUA SAO LUIZ, Nº 500 - NOVO HORIZONTE - SAO JOAO BATISTA GLORIA;-206.358.578;-465.038.013;P01002 - VISTORIA DE LIBERACAO / EMISSAO DE AVCB (C) (Prioridade: 2 - Média);1CIA IND/2CIA/PEL PREV E VIST(PASSOS);APF01362;Não;Não;Não;BOLETIM DE OCORRENCIA;Classificada;04/02/2023 08:28;Não
2023-26132999-3;(BM) 2023-005443995-001;03/02/2023 11:20;AVENIDA JK, Nº S/N - MONSENHOR MESSIAS - PASSOS;-207.342.178;-465.979.772;S06002 - CAPTURA DE ANIMAL SILVESTRE PERIGOSO / AGRESSIVO (C) (Prioridade: 2 - Média);1CIA IND/2CIA/1PEL(PASSOS);ASL00064;Não;Não;Não;BOLETIM DE OCORRENCIA;Classificada;04/02/2023 08:28;Não
2023-26133037-0;(BM) 2023-005445850-001;03/02/2023 11:22;RUA SALVADOR, Nº 125 - JARDIM COLEGIO DE PASSOS - PASSOS;-207.232.337;-465.932.739;P01001 - VISTORIA DE FISCALIZACAO (C) (Prioridade: 2 - Média);1CIA IND/2CIA/PEL PREV E VIST(PASSOS);APF01362;Não;Não;Não;BOLETIM DE OCORRENCIA;Classificada;04/02/2023 08:28;Não
2023-26133053-7;(BM) 2023-005446105-001;03/02/2023 11:23;RUA NOSSA SENHORA DE FATIMA, Nº 806 - NOSSA SENHORA DE FATIMA - PASSOS;-206.976.865;-466.155.477;P01001 - VISTORIA DE FISCALIZACAO (C) (Prioridade: 2 - Média);1CIA IND/2CIA/PEL PREV E VIST(PASSOS);APF01362;Não;Não;Não;BOLETIM DE OCORRENCIA;Classificada;04/02/2023 08:28;Não
2023-26133162-2;(BM) 2023-005446735-001;03/02/2023 11:31;RUA ALTAMIRO GORZATO, Nº 143 - PARQUE DA ESTACAO - PASSOS;-20.704.451;-46.611.974;P01001 - VISTORIA DE FISCALIZACAO (C) (Prioridade: 2 - Média);1CIA IND/2CIA/PEL PREV E VIST(PASSOS);APF01362;Não;Não;Não;BOLETIM DE OCORRENCIA;Classificada;04/02/2023 08:28;Não
2023-26134021-6;(BM) 2023-005457594-001;03/02/2023 13:06;RUA MISSOES, Nº 588 - PENHA - PASSOS;-20.717.465;-466.238.539;V03018 - VITIMA DE QUEDA DA PROPRIA ALTURA (C) (Prioridade: 1 - Alta);1CIA IND/2CIA/1PEL(PASSOS);UR04360;Não;Não;Não;BOLETIM DE OCORRENCIA;Classificada;04/02/2023 08:28;Não
2023-26134796-7;(BM) 2023-005484662-001;03/02/2023 14:09;RUA SAO LUIZ, Nº 459 - NOVO HORIZONTE - SAO JOAO BATISTA GLORIA;-206.360.657;-465.041.955;V01006 - VITIMA COM DIFICULDADE DE LOCOMOCAO (C) (Prioridade: 1 - Alta);1CIA IND/2CIA/1PEL(PASSOS);UR04360;Não;Não;Não;BOLETIM DE OCORRENCIA;Classificada;04/02/2023 08:28;Não
2023-26139762-2;(BM) 2023-005523830-001;03/02/2023 18:59;AVENIDA BRASILIA, Nº S/N - JARDIM PLANALTO - PASSOS;-207.188.862;-466.241.602;V01018 - VITIMA DE MAL NAO DEFINIDO (DISTURBIO) (C) (Prioridade: 1 - Alta);1CIA IND/2CIA/1PEL(PASSOS);UR04360;Não;Não;Não;BOLETIM DE OCORRENCIA;Classificada;04/02/2023 08:29;Não
2023-26148272-4;(BM) 2023-005598361-001;04/02/2023 08:29;RUA MEMPHIS / AVENIDA ARLINDO FIGUEIREDO - JARDIM CIDADE - PASSOS;-207.306.483;-466.268.377;X03000 - EMPENHO ADMINISTRATIVO (C) (Prioridade: 2 - Média);1CIA IND/2CIA/1PEL(PASSOS);ASL00064;Não;Não;Não;BOLETIM DE OCORRENCIA;Classificada;05/02/2023 07:16;Não
2023-26150019-5;(BM) 2023-005615690-001;04/02/2023 11:40;RUA DOUTOR CARVALHO, Nº 1455 - NOSSA SENHORA DAS GRAÇAS - PASSOS;-207.352.269;-466.037.303;Q03999 - OUTROS TIPOS DE TREINAMENTO (C) (Prioridade: 2 - Média);1CIA IND/2CIA/1PEL(PASSOS);BM1274612;Não;Não;Não;BOLETIM DE OCORRENCIA;Classificada;05/02/2023 07:16;Não
2023-26150273-0;(BM) 2023-005617751-001;04/02/2023 12:10;RUA VEREADOR ANTONIO M SILVEIRA, Nº 179 - COHAB 5 - PASSOS;-207.201.054;-466.366.475;O02038 - INCENDIO EM REDE ELETRICA / POSTE / CURTO-CIRCUITO (C) (Prioridade: 2 - Média);1CIA IND/2CIA/1PEL(PASSOS);ABTS0495;Não;Não;Não;BOLETIM DE OCORRENCIA;Classificada;05/02/2023 07:16;Não
2023-26150653-0;;04/02/2023 12:58;FAZENDA  CRUZEIRO , Nº S/N - POCOS DE CALDAS;;;S06002 - CAPTURA DE ANIMAL SILVESTRE PERIGOSO / AGRESSIVO (C) (Prioridade: 2 - Média);1CIA IND (POCOS DE CALDAS);;Não;Não;Não;CANCELADA PELO COORDENADOR DO COBOM;Classificada;04/02/2023 20:29;Não
2023-26152601-8;;04/02/2023 15:27;RUA carlito roberto almeida  - POCOS DE CALDAS;;;P02011 - VISTORIA EM ENXAME DE INSETOS (C) (Prioridade: 3 - Baixa);1CIA IND (POCOS DE CALDAS);;Não;Não;Não;REPASSADA A OUTROS ÓRGAOS;Classificada;04/02/2023 17:24;Não
2023-26153976-6;(BM) 2023-005654160-001;04/02/2023 16:56;AVENIDA SABIA, Nº S/N - MUARAMA 2 - PASSOS;-207.330.855;-466.157.928;S06001 - SALVAMENTO DE ANIMAL EM RISCO / PERIGO (C) (Prioridade: 2 - Média);1CIA IND/2CIA/1PEL(PASSOS);ABTS0495;Não;Não;Não;BOLETIM DE OCORRENCIA;Classificada;05/02/2023 07:16;Não
2023-26156866-4;(BM) 2023-005681267-001;04/02/2023 19:57;RUA JAIME GOMES, Nº 170 - CANDEIAS - PASSOS;-207.211.272;-46.616.862;S06005 - CAPTURA DE INSETOS (C) (Prioridade: 2 - Média);1CIA IND/2CIA/1PEL(PASSOS);ASL00064;Não;Não;Não;BOLETIM DE OCORRENCIA;Classificada;05/02/2023 07:16;Não
2023-26159015-3;(BM) 2023-005699375-001;04/02/2023 21:58;RUA VIA LACTEA, Nº S/N - JARDIM SATELITE - PASSOS;-207.121.508;-466.177.301;S06002 - CAPTURA DE ANIMAL SILVESTRE PERIGOSO / AGRESSIVO (C) (Prioridade: 2 - Média);1CIA IND/2CIA/1PEL(PASSOS);ASL00064;Não;Não;Não;BOLETIM DE OCORRENCIA;Classificada;05/02/2023 07:16;Não
2023-26160824-8;(BM) 2023-005713540-001;04/02/2023 23:36;RUA CEARA, Nº 922 - BELA VISTA - PASSOS;-207.179.335;-465.981.337;V01007 - VITIMA COM DISPNEIA (FALTA DE AR) (C) (Prioridade: 1 - Alta);1CIA IND/2CIA/1PEL(PASSOS);UR04360;Não;Não;Não;BOLETIM DE OCORRENCIA;Classificada;05/02/2023 07:16;Não
2023-26161479-7;(BM) 2023-005718176-001;05/02/2023 00:15;AVENIDA DONA LIQUINHA SILVEIRA, Nº 1078 - JARDIM SATELITE - PASSOS;-207.074.214;-466.217.984;V01010 - VITIMA COM DOR TORACICA/SUSPEITA DE INFARTO (IAM) (C) (Prioridade: 1 - Alta);1CIA IND/2CIA/1PEL(PASSOS);UR04360;Não;Não;Não;BOLETIM DE OCORRENCIA;Classificada;05/02/2023 07:16;Não
2023-26163903-9;(BM) 2023-005734244-001;05/02/2023 03:32;AVENIDA ANTONIO ADAO DA SILVA, Nº S/N - PENHA 2 - PASSOS;-207.191.081;-466.319.509;V03018 - VITIMA DE QUEDA DA PROPRIA ALTURA (C) (Prioridade: 1 - Alta);1CIA IND/2CIA/1PEL(PASSOS);UR04360;Não;Não;Não;BOLETIM DE OCORRENCIA;Classificada;05/02/2023 07:16;Não
2023-26165651-9;(BM) 2023-005748852-001;05/02/2023 09:15;TRAVESSA XANGRILA, Nº 51 - XANGRILA - CASSIA;-205.796.105;-469.192.022;S06001 - SALVAMENTO DE ANIMAL EM RISCO / PERIGO (C) (Prioridade: 2 - Média);1CIA IND/2CIA/1PEL(PASSOS);ASL00064;Não;Não;Não;BOLETIM DE OCORRENCIA;Classificada;06/02/2023 07:53;Não
2023-26165711-9;(BM) 2023-005749409-001;05/02/2023 09:24;RUA RIO GRANDE DO SUL, Nº 737 - BELA VISTA - PASSOS;-207.133.026;-465.962.299;V03018 - VITIMA DE QUEDA DA PROPRIA ALTURA (C) (Prioridade: 1 - Alta);1CIA IND/2CIA/1PEL(PASSOS);UR04360;Não;Não;Não;BOLETIM DE OCORRENCIA;Classificada;06/02/2023 07:52;Não
2023-26166377-4;(BM) 2023-005755791-001;05/02/2023 10:50;RUA SEBASTIAO CESAR ANASTACIO, Nº 443 - PENHA 2 - PASSOS;-207.165.693;-466.313.908;V01018 - VITIMA DE MAL NAO DEFINIDO (DISTURBIO) (C) (Prioridade: 1 - Alta);1CIA IND/2CIA/1PEL(PASSOS);UR04360;Não;Não;Não;BOLETIM DE OCORRENCIA;Classificada;06/02/2023 07:52;Não
2023-26168804-4;(BM) 2023-005778244-001;05/02/2023 14:59;RUA SEBASTIAO TEOFILO, Nº 500 - NOVA CALIFORNIA - PASSOS;-20.699.564;-466.232.753;V01022 - VITIMA PARTURIENTE / EMERGENCIAS OBSTETRICAS (C) (Prioridade: 1 - Alta);1CIA IND/2CIA/1PEL(PASSOS);UR04360;Não;Não;Não;BOLETIM DE OCORRENCIA;Classificada;06/02/2023 07:52;Não
2023-26170070-5;(BM) 2023-005790669-001;05/02/2023 16:27;RUA TURMALINA, Nº 1628 - ACLIMACAO - PASSOS;-207.545.432;-465.994.027;V03021 - VITIMA DE SUICIDIO (TENTATIVA) - APH TRAUMA (C) (Prioridade: 1 - Alta);1CIA IND/2CIA/1PEL(PASSOS);UR04360;Não;Não;Não;BOLETIM DE OCORRENCIA;Classificada;06/02/2023 07:52;Não
2023-26170731-5;(BM) 2023-005796703-001;05/02/2023 17:10;RUA PENSILVANIA, Nº 154 - RESIDENCIAL ELDORADO - PASSOS;-207.300.307;-466.196.629;S06001 - SALVAMENTO DE ANIMAL EM RISCO / PERIGO (C) (Prioridade: 2 - Média);1CIA IND/2CIA/1PEL(PASSOS);ABTS0495;Não;Não;Não;BOLETIM DE OCORRENCIA;Classificada;06/02/2023 07:53;Não
2023-26172706-9;(BM) 2023-005815112-001;05/02/2023 19:21;AVENIDA PROJETADA, Nº 1230 - RESIDENCIAL PORTAL DAS PALMEIRAS - PASSOS;-206.982.032;-466.097.954;S06006 - EXTERMINIO DE INSETOS (C) (Prioridade: 2 - Média);1CIA IND/2CIA/1PEL(PASSOS);ASL00064;Não;Não;Não;BOLETIM DE OCORRENCIA;Classificada;06/02/2023 07:53;Não
2023-26176055-4;(BM) 2023-005871840-001;05/02/2023 22:44;RUA JOSE MARIANO NEGRINHO, Nº 288 - COHAB 4 - PASSOS;-207.184.574;-466.359.796;V01003 - VITIMA COM CRISE CONVULSIVA (C) (Prioridade: 1 - Alta);1CIA IND/2CIA/1PEL(PASSOS);UR04360;Não;Não;Não;BOLETIM DE OCORRENCIA;Classificada;06/02/2023 07:52;Não
2023-26180158-0;(BM) 2023-005884116-001;06/02/2023 09:01;RUA DOUTOR CARVALHO, Nº 1455 - NOSSA SENHORA DAS GRAÇAS - PASSOS;-207.352.269;-466.037.303;Q03005 - TREINAMENTO DE SALVAMENTO TERRESTRE (C) (Prioridade: 2 - Média);1CIA IND/2CIA/1PEL(PASSOS);BM1637305;Não;Não;Não;BOLETIM DE OCORRENCIA;Classificada;07/02/2023 08:07;Não
2023-26180197-2;(BM) 2023-005883691-001;06/02/2023 09:03;RUA JOAO TEIXEIRA MENDES, Nº 672 - JARDIM CANADA - PASSOS;-207.480.579;-466.062.693;P01001 - VISTORIA DE FISCALIZACAO (C) (Prioridade: 2 - Média);1CIA IND/2CIA/PEL PREV E VIST(PASSOS);APF01362;Não;Não;Não;BOLETIM DE OCORRENCIA;Classificada;07/02/2023 08:07;Não
2023-26180383-7;(BM) 2023-005885829-001;06/02/2023 09:16;RUA SALDANHA DA GAMA, Nº 97 - SANTA CASA - PASSOS;-207.132.556;-466.141.426;P01001 - VISTORIA DE FISCALIZACAO (C) (Prioridade: 2 - Média);1CIA IND/2CIA/PEL PREV E VIST(PASSOS);APF01362;Não;Não;Não;BOLETIM DE OCORRENCIA;Classificada;07/02/2023 08:06;Não
2023-26180525-0;(BM) 2023-005888127-001;06/02/2023 09:32;AVENIDA AROUCA, Nº 999 - CENTRO - PASSOS;-207.204.477;-466.046.317;V03018 - VITIMA DE QUEDA DA PROPRIA ALTURA (C) (Prioridade: 1 - Alta);1CIA IND/2CIA/1PEL(PASSOS);UR04360;Não;Não;Não;BOLETIM DE OCORRENCIA;Classificada;07/02/2023 08:06;Não
2023-26180765-3;(BM) 2023-005891240-001;06/02/2023 09:51;RUA DOUTOR SATURNINO, Nº 63 - PASSOS;-207.275.207;-465.991.865;X03000 - EMPENHO ADMINISTRATIVO (C) (Prioridade: 2 - Média);1CIA IND/2CIA/1PEL(PASSOS);TPO00155;Não;Não;Não;BOLETIM DE OCORRENCIA;Classificada;07/02/2023 08:06;Não
2023-26183080-1;(BM) 2023-005927637-001;06/02/2023 12:57;AVENIDA BRASILIA, Nº 549 - JARDIM PLANALTO - PASSOS;-207.194.211;-466.228.406;V02415 - VITIMA DE COLISAO ENTRE ONIBUS / MICRO-ONIBUS X MOTOCICLETA (C) (Prioridade: 1 - Alta);1CIA IND/2CIA/1PEL(PASSOS);UR04360;Não;Não;Não;BOLETIM DE OCORRENCIA;Classificada;07/02/2023 08:06;Não
2023-26184226-0;(BM) 2023-005935150-001;06/02/2023 14:24;RUA SANTA CASA, Nº 36 - SANTA CASA - PASSOS;-207.127.098;-466.112.801;P01001 - VISTORIA DE FISCALIZACAO (C) (Prioridade: 2 - Média);1CIA IND/2CIA/PEL PREV E VIST(PASSOS);APF01362;Não;Não;Não;BOLETIM DE OCORRENCIA;Classificada;07/02/2023 08:06;Não
2023-26184385-4;(BM) 2023-005943131-002;06/02/2023 14:33;RUA ANTONIO CELESTINO, Nº 909 - CENTRO - PASSOS;-207.134.344;-466.084.749;V03021 - VITIMA DE SUICIDIO (TENTATIVA) - APH TRAUMA (C) (Prioridade: 1 - Alta);1CIA IND/2CIA/1PEL(PASSOS);ASL00064 / UR04360;Não;Não;Não;BOLETIM DE OCORRENCIA;Classificada;07/02/2023 08:06;Não
2023-26184609-0;(BM) 2023-005939999-001;06/02/2023 14:43;RUA TOCANTINS, Nº 211 - VILA ROMANA - PASSOS;-207.420.634;-466.090.518;P01001 - VISTORIA DE FISCALIZACAO (C) (Prioridade: 2 - Média);1CIA IND/2CIA/PEL PREV E VIST(PASSOS);APF01362;Não;Não;Não;BOLETIM DE OCORRENCIA;Classificada;07/02/2023 08:06;Não
2023-26186680-5;(BM) 2023-005967930-001;06/02/2023 16:27;RUA ALABAMA, Nº 154 - RESIDENCIAL ELDORADO - PASSOS;-207.300.416;-466.198.349;S06001 - SALVAMENTO DE ANIMAL EM RISCO / PERIGO (C) (Prioridade: 2 - Média);1CIA IND/2CIA/1PEL(PASSOS);ASL00064;Não;Não;Não;BOLETIM DE OCORRENCIA;Classificada;07/02/2023 08:06;Não
2023-26190041-0;(BM) 2023-006005468-001;06/02/2023 19:45;RUA ITABIRA, Nº 115 - CALIFORNIA - PASSOS;-207.044.239;-466.150.978;V01018 - VITIMA DE MAL NAO DEFINIDO (DISTURBIO) (C) (Prioridade: 1 - Alta);1CIA IND/2CIA/1PEL(PASSOS);UR04360;Não;Não;Não;BOLETIM DE OCORRENCIA;Classificada;07/02/2023 08:06;Não
2023-26191490-9;(BM) 2023-006021250-001;06/02/2023 21:29;RUA MONTES CLAROS, Nº 500 - COHAB 3 - PASSOS;-207.063.106;-46.627.637;O02033 - INCENDIO EM AMONTOADO DE LIXO (C) (Prioridade: 2 - Média);1CIA IND/2CIA/1PEL(PASSOS);ABTS0495;Não;Não;Não;BOLETIM DE OCORRENCIA;Classificada;07/02/2023 08:06;Não
2023-26194703-4;(BM) 2023-006056851-001;07/02/2023 05:12;RUA DAVID BALDINI, Nº 369 - VILA RICA - PASSOS;-207.248.818;-46.603.098;V01999 - OUTROS TIPOS DE APH CLINICO (C) (Prioridade: 1 - Alta);1CIA IND/2CIA/1PEL(PASSOS);UR04360;Não;Não;Não;BOLETIM DE OCORRENCIA;Classificada;07/02/2023 08:06;Não
2023-26195634-9;(BM) 2023-006064873-001;07/02/2023 08:09;RUA PERNAMBUCO, Nº 735 - BELA VISTA - PASSOS;-207.137.585;-465.958.126;V01006 - VITIMA COM DIFICULDADE DE LOCOMOCAO (C) (Prioridade: 1 - Alta);1CIA IND/2CIA/1PEL(PASSOS);UR04360;Não;Não;Não;BOLETIM DE OCORRENCIA;Classificada;08/02/2023 07:39;Não
2023-26196115-7;(BM) 2023-006069913-001;07/02/2023 08:52;PRACA LUCIO BITENCOURT, Nº 131 - CANDEIAS - PASSOS;-207.212.811;-466.148.815;P01001 - VISTORIA DE FISCALIZACAO (C) (Prioridade: 2 - Média);1CIA IND/2CIA/PEL PREV E VIST(PASSOS);APF01362;Não;Não;Não;BOLETIM DE OCORRENCIA;Classificada;08/02/2023 07:38;Não
2023-26196504-9;(BM) 2023-006074186-001;07/02/2023 09:22;RUA PAPOULAS, Nº 142 - PANORAMA - PASSOS;-207.108.674;-466.152.837;P01001 - VISTORIA DE FISCALIZACAO (C) (Prioridade: 2 - Média);1CIA IND/2CIA/PEL PREV E VIST(PASSOS);APF01362;Não;Não;Não;BOLETIM DE OCORRENCIA;Classificada;08/02/2023 07:38;Não
2023-26198196-0;(BM) 2023-006098928-001;07/02/2023 11:37;RUA JESO RIBEIRO DE ABREU, Nº 590 - PASSOS;-207.158.592;-466.365;W03000 - SOLICITANTE ENCONTRADO - PROVIDENCIA DISPENSADA (C) (Prioridade: 3 - Baixa);1CIA IND/2CIA/1PEL(PASSOS);ASL00064;Não;Não;Não;BOLETIM DE OCORRENCIA;Classificada;08/02/2023 07:38;Não
2023-26199065-7;(BM) 2023-006123689-001;07/02/2023 13:05;AVENIDA JK, Nº 633 - VILA RICA - PASSOS;-207.248.009;-466.001.834;V01023 - VITIMA DE SINCOPE (DESMAIO)/VERTIGEM (C) (Prioridade: 1 - Alta);1CIA IND/2CIA/1PEL(PASSOS);UR04360;Não;Não;Não;BOLETIM DE OCORRENCIA;Classificada;08/02/2023 07:39;Não
2023-26199473-3;(BM) 2023-006109553-001;07/02/2023 13:45;RUA DELFINOPOLIS, Nº 22 - PENHA - PASSOS;-207.143.098;-466.247.147;V03018 - VITIMA DE QUEDA DA PROPRIA ALTURA (C) (Prioridade: 1 - Alta);1CIA IND/2CIA/1PEL(PASSOS);UR04360;Não;Não;Não;BOLETIM DE OCORRENCIA;Classificada;08/02/2023 07:39;Não
2023-26199478-7;(BM) 2023-006109839-001;07/02/2023 13:48;RODOVIA MG 050, Nº S/N - PASSOS;-207.371.492;-466.395.925;P01001 - VISTORIA DE FISCALIZACAO (C) (Prioridade: 2 - Média);1CIA IND/2CIA/PEL PREV E VIST(PASSOS);APF01362;Não;Não;Não;BOLETIM DE OCORRENCIA;Classificada;08/02/2023 07:38;Não
2023-26199993-3;(BM) 2023-006123585-001;07/02/2023 14:23;RUA MATO GROSSO, Nº 486 - POLIVALENTE - PASSOS;-207.051.136;-466.051.182;P01001 - VISTORIA DE FISCALIZACAO (C) (Prioridade: 2 - Média);1CIA IND/2CIA/PEL PREV E VIST(PASSOS);APF01362;Não;Não;Não;BOLETIM DE OCORRENCIA;Classificada;08/02/2023 07:38;Não
2023-26200037-2;(BM) 2023-006123516-001;07/02/2023 14:29;RUA SAO GABRIEL, Nº 160 - PASSOS;-207.191.925;-465.941.579;V01013 - VITIMA DE EMERGENCIAS PSIQUIATRICAS (C) (Prioridade: 1 - Alta);1CIA IND/2CIA/1PEL(PASSOS);UR04360;Não;Não;Não;BOLETIM DE OCORRENCIA;Classificada;08/02/2023 07:39;Não
2023-26200197-9;(BM) 2023-006123137-001;07/02/2023 14:35;RUA FARMACEUTICOS, Nº S/N - MONSENHOR MESSIAS - PASSOS;-207.367.934;-466.008.761;S07004 - VAZAMENTO DE PRODUTO QBRN (C) (Prioridade: 1 - Alta);1CIA IND/2CIA/1PEL(PASSOS);ABTS0495;Não;Não;Não;BOLETIM DE OCORRENCIA;Classificada;08/02/2023 07:39;Não
2023-26200918-9;(BM) 2023-006129357-001;07/02/2023 15:11;RODOVIA MG 050, Nº S/N - PASSOS;-207.371.492;-466.395.925;X03000 - EMPENHO ADMINISTRATIVO (C) (Prioridade: 2 - Média);1CIA IND/2CIA/1PEL(PASSOS);ASL00064;Não;Não;Não;BOLETIM DE OCORRENCIA;Classificada;08/02/2023 07:38;Não
2023-26200946-4;(BM) 2023-006129303-001;07/02/2023 15:13;RUA VEREADOR NADRA ESPER KALLAS, Nº 240 - COHAB 4 - PASSOS;-207.211.685;-466.336.863;V03005 - VITIMA DE AGRESSAO FISICA SEM USO DE ARMA (C) (Prioridade: 1 - Alta);1CIA IND/2CIA/1PEL(PASSOS);UR04360;Não;Não;Não;BOLETIM DE OCORRENCIA;Classificada;08/02/2023 07:39;Não
2023-26202036-0;(BM) 2023-006141743-001;07/02/2023 16:10;RUA NATAL, Nº 20 - CENTRO - SAO JOAO BATISTA GLORIA;-206.346.283;-465.074.331;S06003 - CAPTURA DE CAO PERIGOSO / AGRESSIVO (C) (Prioridade: 2 - Média);1CIA IND/2CIA/1PEL(PASSOS);ASL00064;Não;Não;Não;BOLETIM DE OCORRENCIA;Classificada;08/02/2023 07:38;Não
2023-26202264-5;(BM) 2023-006243225-001;07/02/2023 16:21;AVENIDA COMENDADOR FRANCISCO A MAIA, Nº 3374 - MARIO MAGALHAES - PASSOS;-207.282.784;-466.104.099;V01013 - VITIMA DE EMERGENCIAS PSIQUIATRICAS (C) (Prioridade: 1 - Alta);1CIA IND/2CIA/1PEL(PASSOS);UR04360;Não;Não;Não;ATENDIDA PELO SAMU;Classificada;08/02/2023 07:39;Não
2023-26206099-2;(BM) 2023-006184570-001;07/02/2023 20:13;RUA JOAQUIM LOPES, Nº S/N - PENHA - PASSOS;-207.164.698;-466.285.663;V02103 - VITIMA DE ATROPELAMENTO POR AUTOMOVEL (CARRO / CAMINHONETE) (C) (Prioridade: 1 - Alta);1CIA IND/2CIA/1PEL(PASSOS);UR04360;Não;Não;Não;BOLETIM DE OCORRENCIA;Classificada;08/02/2023 07:39;Não
2023-26206782-1;(BM) 2023-006192312-001;07/02/2023 21:00;RUA JOAQUIM LOPES, Nº 635 - PENHA - PASSOS;-207.166.813;-466.275.017;V01010 - VITIMA COM DOR TORACICA/SUSPEITA DE INFARTO (IAM) (C) (Prioridade: 1 - Alta);1CIA IND/2CIA/1PEL(PASSOS);UR04360;Não;Não;Não;BOLETIM DE OCORRENCIA;Classificada;08/02/2023 07:38;Não
2023-26206849-0;(BM) 2023-006192206-001;07/02/2023 21:04;AVENIDA NACOES, Nº S/N - VILA RICA - PASSOS;-207.276.808;-46.600.861;S06005 - CAPTURA DE INSETOS (C) (Prioridade: 2 - Média);1CIA IND/2CIA/1PEL(PASSOS);ASL00064;Não;Não;Não;BOLETIM DE OCORRENCIA;Classificada;08/02/2023 07:38;Não
2023-26212088-0;(BM) 2023-006247280-001;08/02/2023 08:58;RUA JOSE DONABELLA, Nº 294 - NOVA PASSOS - PASSOS;-207.051.638;-466.326.056;V01018 - VITIMA DE MAL NAO DEFINIDO (DISTURBIO) (C) (Prioridade: 1 - Alta);1CIA IND/2CIA/1PEL(PASSOS);UR04360;Não;Não;Não;BOLETIM DE OCORRENCIA;Classificada;09/02/2023 03:36;Não
2023-26212242-9;(BM) 2023-006248350-001;08/02/2023 09:05;AVENIDA JUCA STOCKLER, Nº 1973 - JARDIM EMBRATEL - PASSOS;-207.408.052;-466.010.684;P01001 - VISTORIA DE FISCALIZACAO (C) (Prioridade: 2 - Média);1CIA IND/2CIA/PEL PREV E VIST(PASSOS);APF01362;Não;Não;Não;BOLETIM DE OCORRENCIA;Classificada;09/02/2023 07:58;Não
2023-26212739-7;(BM) 2023-006254855-001;08/02/2023 09:46;LUGAREJO CORREGO DO FEIJAO, Nº S/N - BRUMADINHO;-201.361.111;-441.136.111;X03000 - EMPENHO ADMINISTRATIVO (C) (Prioridade: 2 - Média);1CIA IND/2CIA/1PEL(PASSOS);BM1795095;Não;Não;Não;BOLETIM DE OCORRENCIA;Classificada;16/02/2023 07:35;Não
2023-26213067-6;(BM) 2023-006343460-001;08/02/2023 10:08;RUA CURITIBA, Nº 66 - JARDIM COLEGIO DE PASSOS - PASSOS;-207.210.382;-465.965.714;W04000 - NADA CONSTATADO (C) (Prioridade: 3 - Baixa);1CIA IND/2CIA/1PEL(PASSOS);UR04360;Não;Não;Não;BOLETIM DE OCORRENCIA;Classificada;09/02/2023 03:37;Não
2023-26213393-0;(BM) 2023-006264183-001;08/02/2023 10:29;RUA JOAO TEIXEIRA MENDES, Nº 648 - JARDIM CANADA - PASSOS;-207.478.786;-46.606.237;P01002 - VISTORIA DE LIBERACAO / EMISSAO DE AVCB (C) (Prioridade: 2 - Média);1CIA IND/2CIA/PEL PREV E VIST(PASSOS);APF01362;Não;Não;Não;BOLETIM DE OCORRENCIA;Classificada;09/02/2023 07:56;Não
2023-26213534-0;(BM) 2023-006423387-001;08/02/2023 10:38;RUA MOINHO, Nº 300 - CASARAO - PASSOS;-207.225.065;-465.905.138;P02011 - VISTORIA EM ENXAME DE INSETOS (C) (Prioridade: 2 - Média);1CIA IND/2CIA/1PEL(PASSOS);ASL00064;Não;Não;Não;BOLETIM DE OCORRENCIA;Classificada;09/02/2023 07:57;Não
2023-26214108-7;(BM) 2023-006271222-001;08/02/2023 11:14;RUA SAO LUIZ, Nº 459 - NOVO HORIZONTE - SAO JOAO BATISTA GLORIA;-206.360.657;-465.041.955;V01006 - VITIMA COM DIFICULDADE DE LOCOMOCAO (C) (Prioridade: 1 - Alta);1CIA IND/2CIA/1PEL(PASSOS);UR04360;Não;Não;Não;BOLETIM DE OCORRENCIA;Classificada;09/02/2023 08:00;Não
2023-26214701-5;(BM) 2023-006278209-001;08/02/2023 11:58;RUA DOUTORA IRMA DONABELLA, Nº S/N - NOVA PASSOS - PASSOS;-207.042.432;-466.341.132;S06002 - CAPTURA DE ANIMAL SILVESTRE PERIGOSO / AGRESSIVO (C) (Prioridade: 2 - Média);1CIA IND/2CIA/1PEL(PASSOS);ASL00064;Não;Não;Não;BOLETIM DE OCORRENCIA;Classificada;09/02/2023 07:57;Não
2023-26214880-6;(BM) 2023-006280931-001;08/02/2023 12:15;AVENIDA PENHA, Nº 185 - PENHA - PASSOS;-207.159.218;-466.222.033;P01001 - VISTORIA DE FISCALIZACAO (C) (Prioridade: 2 - Média);1CIA IND/2CIA/PEL PREV E VIST(PASSOS);APF01362;Não;Não;Não;BOLETIM DE OCORRENCIA;Classificada;09/02/2023 07:58;Não
2023-26214940-6;(BM) 2023-006280511-001;08/02/2023 12:20;RUA BABILONIA, Nº 19 - JARDIM COLEGIO DE PASSOS - PASSOS;-207.226.938;-465.955.621;V01024 - VITIMA DE SUICIDIO (TENTATIVA) - APH CLINICO (C) (Prioridade: 1 - Alta);1CIA IND/2CIA/1PEL(PASSOS);UR04360;Não;Não;Não;BOLETIM DE OCORRENCIA;Classificada;09/02/2023 04:05;Não
2023-26214986-7;(BM) 2023-006281180-001;08/02/2023 12:26;RUA CARLOS GOMES, Nº S/N - CANDEIAS - PASSOS;-207.248.825;-466.154.936;P01001 - VISTORIA DE FISCALIZACAO (C) (Prioridade: 2 - Média);1CIA IND/2CIA/PEL PREV E VIST(PASSOS);APF01362;Não;Não;Não;BOLETIM DE OCORRENCIA;Classificada;09/02/2023 07:57;Não
2023-26215724-6;(BM) 2023-006290047-001;08/02/2023 13:35;RUA PARA, Nº 740 - PASSOS;-207.107.009;-466.036.344;Q02009 - PALESTRA DE PRIMEIROS SOCORROS (C) (Prioridade: 2 - Média);1CIA IND/2CIA/1PEL(PASSOS);BM1797331;Não;Não;Não;BOLETIM DE OCORRENCIA;Classificada;09/02/2023 07:59;Não
2023-26216084-1;;08/02/2023 14:06;RUA JOAO CASIMIRO, Nº 511 - VILA EUCLIDES CASSIMIRO - ANDRADAS;;;S06002 - CAPTURA DE ANIMAL SILVESTRE PERIGOSO / AGRESSIVO (C) (Prioridade: 2 - Média);1CIA IND (POCOS DE CALDAS);;Não;Não;Não;DISPENSADA PELO SOLICITANTE;Classificada;08/02/2023 14:31;Não
2023-26217281-8;(BM) 2023-006315685-001;08/02/2023 15:09;RUA CANAPE, Nº 238 - CASARAO - PASSOS;-207.217.572;-465.897.162;V01023 - VITIMA DE SINCOPE (DESMAIO)/VERTIGEM (C) (Prioridade: 1 - Alta);1CIA IND/2CIA/1PEL(PASSOS);UR04360;Não;Não;Não;BOLETIM DE OCORRENCIA;Classificada;09/02/2023 08:00;Não
2023-26220434-5;(BM) 2023-006347349-001;08/02/2023 18:03;RUA FORMIGA, Nº 372 - PASSOS;;;V01018 - VITIMA DE MAL NAO DEFINIDO (DISTURBIO) (C) (Prioridade: 1 - Alta);1CIA IND/2CIA/1PEL(PASSOS);UR04360;Não;Não;Não;BOLETIM DE OCORRENCIA;Classificada;09/02/2023 03:37;Não
2023-26222582-3;(BM) 2023-006369821-001;08/02/2023 20:15;RUA CANAPE, Nº S/N - CASARAO - PASSOS;-207.205.622;-46.590.585;S06005 - CAPTURA DE INSETOS (C) (Prioridade: 2 - Média);1CIA IND/2CIA/1PEL(PASSOS);ASL00064;Não;Não;Não;BOLETIM DE OCORRENCIA;Classificada;09/02/2023 03:45;Não
2023-26222600-3;(BM) 2023-006370001-001;08/02/2023 20:16;RUA CAIAPOS, Nº 236 - SAO BENEDITO - PASSOS;-207.188.538;-466.024.901;V01018 - VITIMA DE MAL NAO DEFINIDO (DISTURBIO) (C) (Prioridade: 1 - Alta);1CIA IND/2CIA/1PEL(PASSOS);UR04360;Não;Não;Não;BOLETIM DE OCORRENCIA;Classificada;09/02/2023 08:00;Não
2023-26223175-5;(BM) 2023-006423192-001;08/02/2023 20:57;RUA ESPIRITO SANTO, Nº 131 - BELA VISTA - PASSOS;-207.182.892;-465.996.684;W02000 - ENDERECO NAO LOCALIZADO (C) (Prioridade: 3 - Baixa);1CIA IND/2CIA/1PEL(PASSOS);ABTS0495;Não;Não;Não;BOLETIM DE OCORRENCIA;Classificada;09/02/2023 07:55;Não
2023-26223373-9;(BM) 2023-006378428-001;08/02/2023 21:09;RUA BOTELHOS, Nº 1092 - NOSSA SENHORA DE FATIMA - PASSOS;-206.983.739;-466.114.339;S06002 - CAPTURA DE ANIMAL SILVESTRE PERIGOSO / AGRESSIVO (C) (Prioridade: 2 - Média);1CIA IND/2CIA/1PEL(PASSOS);ASL00064;Não;Não;Não;BOLETIM DE OCORRENCIA;Classificada;09/02/2023 03:36;Não
2023-26224878-0;(BM) 2023-006414856-001;08/02/2023 23:05;RUA PEDRO PONCIANO DE FREITAS, Nº 200 - JARDIM PINHEIROS 2 - PASSOS;-207.267.115;-466.237.301;V01024 - VITIMA DE SUICIDIO (TENTATIVA) - APH CLINICO (C) (Prioridade: 1 - Alta);1CIA IND/2CIA/1PEL(PASSOS);UR04360;Não;Não;Não;BOLETIM DE OCORRENCIA;Classificada;09/02/2023 08:00;Não
2023-26226120-0;(BM) 2023-006408348-001;09/02/2023 01:02;RUA CARAMBOLA, Nº 24 - NOSSA SENHORA DE LOURDES - PASSOS;-207.003.834;-466.186.949;V01018 - VITIMA DE MAL NAO DEFINIDO (DISTURBIO) (C) (Prioridade: 1 - Alta);1CIA IND/2CIA/1PEL(PASSOS);UR04360;Não;Não;Não;BOLETIM DE OCORRENCIA;Classificada;09/02/2023 08:00;Não
2023-26227377-1;(BM) 2023-006421598-001;09/02/2023 07:04;RUA CRISTIANO STOCKLER, Nº 71 - CENTRO - PASSOS;-20.719.219;-466.081.112;S06001 - SALVAMENTO DE ANIMAL EM RISCO / PERIGO (C) (Prioridade: 2 - Média);1CIA IND/2CIA/1PEL(PASSOS);ASL00064;Não;Não;Não;BOLETIM DE OCORRENCIA;Classificada;09/02/2023 07:59;Não
2023-26227786-0;(BM) 2023-006433129-001;09/02/2023 07:48;RUA CORONEL TIMOTEO, Nº S/N - CENTRO - IBIRACI;-204.641.094;-471.235.549;P01002 - VISTORIA DE LIBERACAO / EMISSAO DE AVCB (C) (Prioridade: 2 - Média);1CIA IND/2CIA/1PEL(PASSOS);TPO00155;Não;Não;Não;BOLETIM DE OCORRENCIA;Classificada;10/02/2023 10:30;Não
2023-26228514-6;(BM) 2023-006433160-001;09/02/2023 08:55;AVENIDA SABIA, Nº 750 - MUARAMA 2 - PASSOS;-207.353.885;-466.132.902;X03000 - EMPENHO ADMINISTRATIVO (C) (Prioridade: 2 - Média);1CIA IND/2CIA/1PEL(PASSOS);ASL00064;Não;Não;Não;BOLETIM DE OCORRENCIA;Classificada;10/02/2023 10:31;Não
2023-26229178-6;(BM) 2023-006444000-001;09/02/2023 09:52;RUA BARAO DE PASSOS, Nº 69 - CENTRO - PASSOS;-207.205.571;-466.103.344;X03000 - EMPENHO ADMINISTRATIVO (C) (Prioridade: 2 - Média);1CIA IND/2CIA/1PEL(PASSOS);ASL00064;Não;Não;Não;BOLETIM DE OCORRENCIA;Classificada;10/02/2023 10:31;Não
2023-26229870-6;(BM) 2023-006457130-001;09/02/2023 10:46;RUA JOSE VALADAO, Nº 77 - COHAB 3 - PASSOS;-207.044.014;-466.259.655;V01004 - VITIMA COM CRISE DIABETICA / HIPOGLICEMIA (C) (Prioridade: 1 - Alta);1CIA IND/2CIA/1PEL(PASSOS);UR04360 / TPO00155;Não;Não;Não;BOLETIM DE OCORRENCIA;Classificada;10/02/2023 10:32;Não
2023-26230750-1;(BM) 2023-006461483-001;09/02/2023 11:56;RUA TEOFILO OTTONI, Nº 476 - COHAB 3 - PASSOS;-207.069.235;-46.627.674;P01001 - VISTORIA DE FISCALIZACAO (C) (Prioridade: 2 - Média);1CIA IND/2CIA/1PEL(PASSOS);TPO00155;Não;Não;Não;BOLETIM DE OCORRENCIA;Classificada;10/02/2023 10:31;Não
2023-26230752-7;(BM) 2023-006461518-001;09/02/2023 11:57;RUA TEOFILO OTTONI, Nº 500 - COHAB 3 - PASSOS;-207.068.439;-466.278.677;P01001 - VISTORIA DE FISCALIZACAO (C) (Prioridade: 2 - Média);1CIA IND/2CIA/1PEL(PASSOS);TPO00155;Não;Não;Não;BOLETIM DE OCORRENCIA;Classificada;10/02/2023 10:31;Não
2023-26230754-2;(BM) 2023-006461693-001;09/02/2023 11:57;RUA TEOFILO OTTONI, Nº 600 - COHAB 3 - PASSOS;-207.064.598;-466.288.046;P01001 - VISTORIA DE FISCALIZACAO (C) (Prioridade: 2 - Média);1CIA IND/2CIA/1PEL(PASSOS);TPO00155;Não;Não;Não;BOLETIM DE OCORRENCIA;Classificada;10/02/2023 10:31;Não
2023-26231908-0;(BM) 2023-006474467-001;09/02/2023 13:50;RUA GLORIA, Nº 66 - SAO BENEDITO - PASSOS;-207.208.232;-466.007.703;P01002 - VISTORIA DE LIBERACAO / EMISSAO DE AVCB (C) (Prioridade: 2 - Média);1CIA IND/2CIA/1PEL(PASSOS);TPO00155;Não;Não;Não;BOLETIM DE OCORRENCIA;Classificada;10/02/2023 10:31;Não
2023-26233275-6;(BM) 2023-006495211-001;09/02/2023 15:02;RUA ARAGUARI, Nº 70 - MARIO MAGALHAES - PASSOS;-207.265.559;-466.144.495;P01001 - VISTORIA DE FISCALIZACAO (C) (Prioridade: 2 - Média);1CIA IND/2CIA/1PEL(PASSOS);TPO00155;Não;Não;Não;BOLETIM DE OCORRENCIA;Classificada;10/02/2023 10:31;Não
2023-26233407-5;(BM) 2023-006495161-001;09/02/2023 15:08;RUA TREZE DE MAIO, Nº 47 - PENHA - PASSOS;-207.175.119;-466.155.486;O04012 - INCENDIO EM LOTE VAGO (AREA URBANA) (C) (Prioridade: 2 - Média);1CIA IND/2CIA/1PEL(PASSOS);ABTS0495;Não;Não;Não;BOLETIM DE OCORRENCIA;Classificada;10/02/2023 10:31;Não
2023-26233538-3;(BM) 2023-006495068-001;09/02/2023 15:14;RUA ENGENHEIROS, Nº 426 - BELO HORIZONTE - PASSOS;-207.288.941;-466.045.743;X03000 - EMPENHO ADMINISTRATIVO (C) (Prioridade: 2 - Média);1CIA IND/2CIA/1PEL(PASSOS);ASL00064;Não;Não;Não;BOLETIM DE OCORRENCIA;Classificada;10/02/2023 10:31;Não
2023-26233667-6;(BM) 2023-006497524-001;09/02/2023 15:19;RUA PITANGUI, Nº 353 - COHAB 2 - PASSOS;-207.115.327;-466.299.875;P01001 - VISTORIA DE FISCALIZACAO (C) (Prioridade: 2 - Média);1CIA IND/2CIA/1PEL(PASSOS);TPO00155;Não;Não;Não;BOLETIM DE OCORRENCIA;Classificada;10/02/2023 10:31;Não
2023-26233966-7;(BM) 2023-006500298-001;09/02/2023 15:35;RUA UNAI, Nº 265 - CALIFORNIA - PASSOS;-20.703.217;-466.172.295;P02002 - VISTORIA EM RISCO DE QUEDA DE ARVORE (C) (Prioridade: 2 - Média);1CIA IND/2CIA/1PEL(PASSOS);ASL00064;Não;Não;Não;BOLETIM DE OCORRENCIA;Classificada;10/02/2023 10:31;Não
2023-26234270-8;(BM) 2023-006503943-001;09/02/2023 15:47;RUA ANTONIO CHAGAS, Nº S/N - PARQUE DAS AROEIRAS - PASSOS;-207.215.819;-466.277.864;P01001 - VISTORIA DE FISCALIZACAO (C) (Prioridade: 2 - Média);1CIA IND/2CIA/1PEL(PASSOS);TPO00155;Não;Não;Não;BOLETIM DE OCORRENCIA;Classificada;10/02/2023 10:31;Não
2023-26235746-1;(BM) 2023-006523301-001;09/02/2023 17:05;RUA CAXAMBU, Nº S/N - CENTENARIO - PASSOS;-207.284.308;-466.133.711;O04012 - INCENDIO EM LOTE VAGO (AREA URBANA) (C) (Prioridade: 2 - Média);1CIA IND/2CIA/1PEL(PASSOS);ABTS0495;Não;Não;Não;BOLETIM DE OCORRENCIA;Classificada;10/02/2023 10:31;Não
2023-26237540-7;(BM) 2023-006542938-001;09/02/2023 18:40;RODOVIA MG 444, Km 23 - CAPETINGA;-206.313.267;-470.966.266;P03001 - PERIGO DE DERRAPAGEM (C) (Prioridade: 2 - Média);1CIA IND/2CIA/1PEL(PASSOS);ABTS0495;Não;Não;Não;BOLETIM DE OCORRENCIA;Classificada;10/02/2023 10:32;Não
2023-26244942-0;(BM) 2023-006628339-001;10/02/2023 08:13;RUA SANTA MARTA, Nº 213 - CARMELO - PASSOS;-207.150.388;-466.052.419;V01999 - OUTROS TIPOS DE APH CLINICO (C) (Prioridade: 1 - Alta);1CIA IND/2CIA/1PEL(PASSOS);UR04360;Não;Não;Não;BOLETIM DE OCORRENCIA;Classificada;10/02/2023 10:32;Não
2023-26246546-4;(BM) 2023-006639081-001;10/02/2023 10:30;RUA CANADA, Nº 214 - NOVO MUNDO - PASSOS;-207.266.824;-465.902.858;S06002 - CAPTURA DE ANIMAL SILVESTRE PERIGOSO / AGRESSIVO (C) (Prioridade: 2 - Média);1CIA IND/2CIA/1PEL(PASSOS);ASL00064;Não;Não;Não;BOLETIM DE OCORRENCIA;Classificada;11/02/2023 10:12;Não
2023-26247435-9;(BM) 2023-006649648-001;10/02/2023 11:36;RUA TEOFILO OTTONI, Nº 476 - COHAB 3 - PASSOS;;;P01001 - VISTORIA DE FISCALIZACAO (C) (Prioridade: 2 - Média);1CIA IND/2CIA/1PEL(PASSOS);TPO00155;Não;Não;Não;BOLETIM DE OCORRENCIA;Classificada;11/02/2023 10:12;Não
2023-26248330-6;(BM) 2023-006658755-001;10/02/2023 13:12;AVENIDA ENGENHEIRO MANOEL BATISTA, Nº S/N - MARIA PARREIRA - ITAU DE MINAS;-207.414.385;-467.442.979;P01003 - VISTORIA EM EVENTOS TEMPORARIOS (C) (Prioridade: 1 - Alta);1CIA IND/2CIA/1PEL(PASSOS);TPO00155;Não;Não;Não;BOLETIM DE OCORRENCIA;Classificada;11/02/2023 10:12;Não
2023-26248733-2;(BM) 2023-006663219-001;10/02/2023 13:45;RUA CARATINGA, Nº 92 - NOSSA SENHORA DE FATIMA - PASSOS;-207.020.998;-466.142.304;P01001 - VISTORIA DE FISCALIZACAO (C) (Prioridade: 2 - Média);1CIA IND/2CIA/1PEL(PASSOS);TPO00155;Não;Não;Não;BOLETIM DE OCORRENCIA;Classificada;11/02/2023 10:12;Não
2023-26249006-3;(BM) 2023-006666344-001;10/02/2023 14:06;RUA TEREZA LIMA MAIA, Nº 549 - PENHA 2 - PASSOS;-207.177.257;-46.630.582;P01001 - VISTORIA DE FISCALIZACAO (C) (Prioridade: 2 - Média);1CIA IND/2CIA/1PEL(PASSOS);TPO00155;Não;Não;Não;BOLETIM DE OCORRENCIA;Classificada;11/02/2023 10:12;Não
2023-26249192-0;(BM) 2023-006671284-001;10/02/2023 14:17;RUA GUANABARA, Nº 875 - POLIVALENTE - PASSOS;-207.024.429;-466.012.967;W03000 - SOLICITANTE ENCONTRADO - PROVIDENCIA DISPENSADA (C) (Prioridade: 3 - Baixa);1CIA IND/2CIA/1PEL(PASSOS);UR04360;Não;Não;Não;BOLETIM DE OCORRENCIA;Classificada;11/02/2023 10:12;Não
2023-26249722-1;(BM) 2023-006675254-001;10/02/2023 14:42;RODOVIA BR 146, Nº S/N - DISTRITO INDUSTRIAL 1 - PASSOS;-207.020.967;-465.895.427;S06001 - SALVAMENTO DE ANIMAL EM RISCO / PERIGO (C) (Prioridade: 2 - Média);1CIA IND/2CIA/1PEL(PASSOS);ASL00064;Não;Não;Não;BOLETIM DE OCORRENCIA;Classificada;11/02/2023 10:12;Não
2023-26252000-5;(BM) 2023-006707396-001;10/02/2023 16:51;RUA CESARINO ANACLETO MAIA, Nº 101 - JARDIM PLANALTO - PASSOS;-207.215.479;-466.245.763;V03018 - VITIMA DE QUEDA DA PROPRIA ALTURA (C) (Prioridade: 1 - Alta);1CIA IND/2CIA/1PEL(PASSOS);UR04360;Não;Não;Não;BOLETIM DE OCORRENCIA;Classificada;11/02/2023 10:12;Não
2023-26252412-2;(BM) 2023-006710740-001;10/02/2023 17:16;RUA DIAMANTINA, Nº 297 - CANDEIAS - PASSOS;-207.221.451;-466.178.919;P03002 - PERIGO DE ELETROCUSSAO (C) (Prioridade: 2 - Média);1CIA IND/2CIA/1PEL(PASSOS);ASL00064;Não;Não;Não;BOLETIM DE OCORRENCIA;Classificada;11/02/2023 10:12;Não
2023-26252772-8;(BM) 2023-006738867-001;10/02/2023 17:36;AVENIDA COMENDADOR FRANCISCO A MAIA, Nº 3660 - MARIO MAGALHAES - PASSOS;-207.298.301;-466.091.727;S06006 - EXTERMINIO DE INSETOS (C) (Prioridade: 2 - Média);1CIA IND/2CIA/1PEL(PASSOS);ASL00064;Não;Não;Não;BOLETIM DE OCORRENCIA;Classificada;11/02/2023 10:12;Não
2023-26252972-7;(BM) 2023-006738839-001;10/02/2023 17:48;RUA VEREADOR ANTONIO CAETANO ANDRADE, Nº 60 - COHAB 5 - PASSOS;-207.212.568;-466.387.334;S06006 - EXTERMINIO DE INSETOS (C) (Prioridade: 2 - Média);1CIA IND/2CIA/1PEL(PASSOS);ASL00064;Não;Não;Não;BOLETIM DE OCORRENCIA;Classificada;11/02/2023 10:12;Não
2023-26254262-2;(BM) 2023-006738917-001;10/02/2023 19:07;AVENIDA COMENDADOR FRANCISCO A MAIA, Nº 3200 - MARIO MAGALHAES - PASSOS;-207.264.789;-466.111.894;S06008 - CORTE DE ARVORE CAIDA EM VIA PUBLICA (C) (Prioridade: 2 - Média);1CIA IND/2CIA/1PEL(PASSOS);ASL00064;Não;Não;Não;BOLETIM DE OCORRENCIA;Classificada;11/02/2023 10:12;Não
2023-26254664-6;(BM) 2023-006738707-001;10/02/2023 19:32;RUA FLORIPES NOGUEIRA MENDES, Nº 201 - JARDIM ITALIA - PASSOS;-207.445.541;-466.032.112;V01007 - VITIMA COM DISPNEIA (FALTA DE AR) (C) (Prioridade: 1 - Alta);1CIA IND/2CIA/1PEL(PASSOS);UR04360;Não;Não;Não;BOLETIM DE OCORRENCIA;Classificada;11/02/2023 10:13;Não
2023-26255883-5;(BM) 2023-006746757-001;10/02/2023 20:46;AVENIDA EXPEDICIONARIOS, Nº 259 - CENTRO - PASSOS;-207.216.962;-466.054.475;S06001 - SALVAMENTO DE ANIMAL EM RISCO / PERIGO (C) (Prioridade: 2 - Média);1CIA IND/2CIA/1PEL(PASSOS);ASL00064;Não;Não;Não;BOLETIM DE OCORRENCIA;Classificada;11/02/2023 10:12;Não
2023-26263074-3;(BM) 2023-006817604-001;11/02/2023 09:08;PRACA FRANCISCO SALLES, Nº S/N - BELO HORIZONTE - PASSOS;-207.264.675;-466.045.971;P03999 - OUTROS TIPOS DE PCI / PCA   (C) (Prioridade: 2 - Média);1CIA IND/2CIA/1PEL(PASSOS);ASL00064;Não;Não;Não;BOLETIM DE OCORRENCIA;Classificada;13/02/2023 16:10;Não
2023-26263325-1;(BM) 2023-006817582-001;11/02/2023 09:35;RUA DOUTOR CARVALHO, Nº 1455 - NOSSA SENHORA DAS GRAÇAS - PASSOS;-207.352.269;-466.037.303;V01018 - VITIMA DE MAL NAO DEFINIDO (DISTURBIO) (C) (Prioridade: 1 - Alta);1CIA IND/2CIA/1PEL(PASSOS);UR04360;Não;Não;Não;BOLETIM DE OCORRENCIA;Classificada;13/02/2023 16:10;Não
2023-26264057-0;(BM) 2023-006831911-001;11/02/2023 10:53;AVENIDA CHICO XAVIER, Nº S/N - JARDIM PLANALTO - PASSOS;-207.197.803;-466.285.997;S06002 - CAPTURA DE ANIMAL SILVESTRE PERIGOSO / AGRESSIVO (C) (Prioridade: 2 - Média);1CIA IND/2CIA/1PEL(PASSOS);ASL00064;Não;Não;Não;BOLETIM DE OCORRENCIA;Classificada;13/02/2023 16:10;Não
2023-26268420-0;(BM) 2023-006865509-001;11/02/2023 16:53;AVENIDA ELDORADO, Nº S/N - JARDIM CIDADE - PASSOS;-207.288.849;-466.238.387;P02002 - VISTORIA EM RISCO DE QUEDA DE ARVORE (C) (Prioridade: 2 - Média);1CIA IND/2CIA/1PEL(PASSOS);ASL00064;Não;Não;Não;BOLETIM DE OCORRENCIA;Classificada;13/02/2023 16:10;Não
2023-26270719-7;(BM) 2023-006887067-002;11/02/2023 19:18;RUA DOUTOR CARVALHO, Nº 1455 - NOSSA SENHORA DAS GRAÇAS - PASSOS;-207.352.269;-466.037.303;V01003 - VITIMA COM CRISE CONVULSIVA (C) (Prioridade: 1 - Alta);1CIA IND/2CIA/1PEL(PASSOS);UR04360;Não;Não;Não;BOLETIM DE OCORRENCIA;Classificada;13/02/2023 16:11;Não
2023-26279370-5;(BM) 2023-006957355-001;12/02/2023 06:52;RODOVIA MG050, Nº 8 - PASSOS;-207.331.352;-465.723.036;V02403 - VITIMA DE COLISAO ENTRE AUTOMOVEIS (CARRO / CAMINHONETE) (C) (Prioridade: 1 - Alta);1CIA IND/2CIA/1PEL(PASSOS);UR04360 / ABTS0495 / ASL00064;Não;Não;Não;BOLETIM DE OCORRENCIA;Classificada;13/02/2023 16:11;Não
2023-26281761-5;(BM) 2023-006979630-001;12/02/2023 12:05;RUA COIMBRAS, Nº 785 - CALIFORNIA - PASSOS;-207.013.787;-466.155.606;V01018 - VITIMA DE MAL NAO DEFINIDO (DISTURBIO) (C) (Prioridade: 1 - Alta);1CIA IND/2CIA/1PEL(PASSOS);UR04360;Não;Não;Não;BOLETIM DE OCORRENCIA;Classificada;13/02/2023 16:11;Não
2023-26287488-0;(BM) 2023-007035355-001;12/02/2023 19:19;RUA DONA CANDIDA DONABELLA BORSARI, Nº S/N - COHAB 3 - PASSOS;-20.702.104;-466.275.638;V01017 - VITIMA DE INTOXICACAO / ENVENENAMENTO (C) (Prioridade: 1 - Alta);1CIA IND/2CIA/1PEL(PASSOS);UR04360;Não;Não;Não;BOLETIM DE OCORRENCIA;Classificada;13/02/2023 16:11;Não
2023-26288378-8;(BM) 2023-007046405-001;12/02/2023 20:13;RUA GERALDO ANTONIO CAMARA, Nº S/N - COHAB 3 - PASSOS;-207.032.732;-466.232.985;V01020 - VITIMA COM PARADA CARDIORRESPIRATORIA (C) (Prioridade: 1 - Alta);1CIA IND/2CIA/1PEL(PASSOS);BM1272152;Não;Não;Não;BOLETIM DE OCORRENCIA;Classificada;13/02/2023 16:11;Não
2023-26291580-7;(BM) 2023-007074261-001;12/02/2023 23:50;ESTRADA DELFINOPOLIS/OLHOS D'AGUA, Nº S/N - DELFINOPOLIS;-203.372.195;-468.398.534;S04012 - BUSCA E SALVAMENTO EM LOCAL DE DIFICIL ACESSO (C) (Prioridade: 1 - Alta);1CIA IND/2CIA/1PEL(PASSOS);ASL00064;Não;Não;Não;BOLETIM DE OCORRENCIA;Classificada;13/02/2023 16:11;Não
2023-26293282-0;(BM) 2023-007091754-001;13/02/2023 06:10;RUA CANJERANUS, Nº 194 - CANJERANUS - PASSOS;-20.713.179;-46.606.533;S06001 - SALVAMENTO DE ANIMAL EM RISCO / PERIGO (C) (Prioridade: 2 - Média);1CIA IND/2CIA/1PEL(PASSOS);ASL00064;Não;Não;Não;BOLETIM DE OCORRENCIA;Classificada;14/02/2023 07:15;Não
2023-26293497-6;(BM) 2023-007097175-001;13/02/2023 07:01;AVENIDA COMENDADOR FRANCISCO A MAIA, Nº S/N - SANTA CASA - PASSOS;-207.146.788;-466.127.072;V02501 - VITIMA DE QUEDA (CICLISTA) (C) (Prioridade: 1 - Alta);1CIA IND/2CIA/1PEL(PASSOS);UR04360;Não;Não;Não;BOLETIM DE OCORRENCIA;Classificada;14/02/2023 14:41;Não
2023-26293575-8;(BM) 2023-007094600-001;13/02/2023 07:13;RUA DOUTOR CARVALHO, Nº 1455 - NOSSA SENHORA DAS GRAÇAS - PASSOS;-207.352.269;-466.037.303;V01018 - VITIMA DE MAL NAO DEFINIDO (DISTURBIO) (C) (Prioridade: 1 - Alta);1CIA IND/2CIA/1PEL(PASSOS);ASL00064;Não;Não;Não;BOLETIM DE OCORRENCIA;Classificada;14/02/2023 14:41;Não
2023-26293913-9;(BM) 2023-007097539-001;13/02/2023 07:49;RUA PARANA, Nº 703 - BELA VISTA - PASSOS;-20.713.984;-46.599.427;V03003 - VITIMA DE AGRESSAO FISICA COM ARMA BRANCA (C) (Prioridade: 1 - Alta);1CIA IND/2CIA/1PEL(PASSOS);ASL00064;Não;Não;Não;BOLETIM DE OCORRENCIA;Classificada;14/02/2023 14:41;Não
2023-26294840-2;(BM) 2023-007109416-001;13/02/2023 09:09;RUA GUANABARA, Nº 1111 - RECANTO DA HARMONIA - PASSOS;-207.045.526;-466.008.262;P01001 - VISTORIA DE FISCALIZACAO (C) (Prioridade: 2 - Média);1CIA IND/2CIA/1PEL(PASSOS);TPO00155;Não;Não;Não;BOLETIM DE OCORRENCIA;Classificada;14/02/2023 14:40;Não
2023-26294875-7;(BM) 2023-007114854-001;13/02/2023 09:12;RUA MARANHAO, Nº 536 - BELA VISTA - PASSOS;-207.132.381;-465.992.588;V01018 - VITIMA DE MAL NAO DEFINIDO (DISTURBIO) (C) (Prioridade: 1 - Alta);1CIA IND/2CIA/1PEL(PASSOS);UR04360;Não;Não;Não;BOLETIM DE OCORRENCIA;Classificada;14/02/2023 14:41;Não
2023-26295133-0;(BM) 2023-007112827-001;13/02/2023 09:33;AVENIDA ARLINDO FIGUEIREDO, Nº 900 - JARDIM PINHEIROS - PASSOS;-207.256.126;-466.219.657;P01001 - VISTORIA DE FISCALIZACAO (C) (Prioridade: 2 - Média);1CIA IND/2CIA/1PEL(PASSOS);TPO00155;Não;Não;Não;BOLETIM DE OCORRENCIA;Classificada;14/02/2023 14:40;Não
2023-26296846-0;(BM) 2023-007146050-001;13/02/2023 11:32;ILHA TRES ILHAS, Nº S/N - PASSOS;-206.441.688;-465.831.371;S06001 - SALVAMENTO DE ANIMAL EM RISCO / PERIGO (C) (Prioridade: 2 - Média);1CIA IND/2CIA/1PEL(PASSOS);ASL00064;Não;Não;Não;BOLETIM DE OCORRENCIA;Classificada;14/02/2023 14:40;Não
2023-26298634-2;(BM) 2023-007192203-001;13/02/2023 14:07;ILHA TRES ILHAS, Nº S/N - PASSOS;-206.441.688;-465.831.371;S04008 - SALVAMENTO DE PESSOA ILHADA (C) (Prioridade: 2 - Média);1CIA IND/2CIA/1PEL(PASSOS);ABTS0495 / ASL00064;Não;Não;Não;BOLETIM DE OCORRENCIA;Classificada;14/02/2023 14:39;Não
2023-26300169-0;(BM) 2023-007189238-001;13/02/2023 15:22;RUA PARDAL, Nº 17 - NOSSA SENHORA DAS GRAÇAS - PASSOS;-207.353.499;-466.025.206;V01003 - VITIMA COM CRISE CONVULSIVA (C) (Prioridade: 1 - Alta);1CIA IND/2CIA/1PEL(PASSOS);UR04360;Não;Não;Não;BOLETIM DE OCORRENCIA;Classificada;14/02/2023 14:41;Não
2023-26304250-9;(BM) 2023-007227665-001;13/02/2023 18:56;RUA ARARAS, Nº 111 - VILA ROMANA - PASSOS;-207.432.479;-466.117.231;V01018 - VITIMA DE MAL NAO DEFINIDO (DISTURBIO) (C) (Prioridade: 1 - Alta);1CIA IND/2CIA/1PEL(PASSOS);UR04360;Não;Não;Não;BOLETIM DE OCORRENCIA;Classificada;14/02/2023 14:42;Não
2023-26305620-1;(BM) 2023-007240651-001;13/02/2023 20:12;RUA VEREADOR JOSE JULIO DE ANDRADE, Nº 120 - COHAB 5 - PASSOS;-207.212.666;-466.364.388;V01010 - VITIMA COM DOR TORACICA/SUSPEITA DE INFARTO (IAM) (C) (Prioridade: 1 - Alta);1CIA IND/2CIA/1PEL(PASSOS);UR04360;Não;Não;Não;BOLETIM DE OCORRENCIA;Classificada;14/02/2023 14:42;Não
2023-26310778-5;(BM) 2023-007295389-001;14/02/2023 07:12;RUA DA PRAIA, Nº 223 - PENHA - PASSOS;-207.160.653;-46.614.627;V02407 - VITIMA DE COLISAO ENTRE AUTOMOVEL X BICICLETA (C) (Prioridade: 1 - Alta);1CIA IND/2CIA/1PEL(PASSOS);UR04360;Não;Não;Não;BOLETIM DE OCORRENCIA;Classificada;14/02/2023 14:43;Não
2023-26311004-2;(BM) 2023-007297297-001;14/02/2023 07:33;RUA LOULOU, Nº 408 - BELO HORIZONTE - PASSOS;-207.263.016;-466.029.601;W08000 - CANCELADA POR INDISPONIBILIDADE DE VIATURA (C) (Prioridade: 3 - Baixa);1CIA IND/2CIA/1PEL(PASSOS);BM1787357;Não;Não;Não;BOLETIM DE OCORRENCIA;Classificada;14/02/2023 14:43;Não
2023-26311105-0;(BM) 2023-007297319-001;14/02/2023 07:47;RUA LOULOU, Nº 408 - BELO HORIZONTE - PASSOS;-207.263.016;-466.029.601;V01020 - VITIMA COM PARADA CARDIORRESPIRATORIA (C) (Prioridade: 1 - Alta);1CIA IND/2CIA/1PEL(PASSOS);UR04360;Não;Não;Não;BOLETIM DE OCORRENCIA;Classificada;14/02/2023 14:44;Não
2023-26311582-9;(BM) 2023-007302157-001;14/02/2023 08:34;RUA DOUTOR CARVALHO, Nº 842 - BELO HORIZONTE - PASSOS;-207.289.963;-466.061.799;X03000 - EMPENHO ADMINISTRATIVO (C) (Prioridade: 2 - Média);1CIA IND/2CIA/1PEL(PASSOS);ASL00064;Não;Não;Não;BOLETIM DE OCORRENCIA;Classificada;15/02/2023 00:10;Não
2023-26312331-4;(BM) 2023-007311580-001;14/02/2023 09:37;RODOVIA MG 050, Km 351 - PASSOS;-20.734.536;-465.792.906;P01002 - VISTORIA DE LIBERACAO / EMISSAO DE AVCB (C) (Prioridade: 2 - Média);1CIA IND/2CIA/1PEL(PASSOS);ASL00064;Não;Não;Não;BOLETIM DE OCORRENCIA;Classificada;15/02/2023 00:10;Não
2023-26312750-7;(BM) 2023-007317049-001;14/02/2023 10:09;RUA VENEZUELA, Nº 314 - POLIVALENTE - PASSOS;-207.055.868;-466.061.453;V03018 - VITIMA DE QUEDA DA PROPRIA ALTURA (C) (Prioridade: 1 - Alta);1CIA IND/2CIA/1PEL(PASSOS);UR04360;Não;Não;Não;BOLETIM DE OCORRENCIA;Classificada;15/02/2023 00:11;Não
2023-26312938-0;(BM) 2023-007374925-001;14/02/2023 10:26;RUA ITAJAI, Nº 361 - VILA RICA - PASSOS;-207.275.042;-46.594.676;P01001 - VISTORIA DE FISCALIZACAO (C) (Prioridade: 2 - Média);1CIA IND/2CIA/1PEL(PASSOS);ASL00064;Não;Não;Não;BOLETIM DE OCORRENCIA;Classificada;15/02/2023 00:10;Não
2023-26313411-7;(BM) 2023-007330091-001;14/02/2023 10:54;RUA PRESIDENTE ANTONIO CARLOS / RUA BARAO DE PASSOS - CENTRO - PASSOS;-20.720.239;-466.090.455;W05000 - DUPLICATA (C) (Prioridade: 3 - Baixa);1CIA IND/2CIA/1PEL(PASSOS);UR04360;Não;Não;Não;BOLETIM DE OCORRENCIA;Classificada;15/02/2023 00:10;Não
2023-26313894-2;(BM) 2023-007334700-001;14/02/2023 11:30;RUA AMOS D BORSARI, Nº S/N - NOVA PASSOS - PASSOS;-207.068.241;-466.340.805;S06001 - SALVAMENTO DE ANIMAL EM RISCO / PERIGO (C) (Prioridade: 2 - Média);1CIA IND/2CIA/1PEL(PASSOS);ASL00064;Não;Não;Não;BOLETIM DE OCORRENCIA;Classificada;15/02/2023 00:10;Não
2023-26314203-5;(BM) 2023-007336073-001;14/02/2023 11:55;AVENIDA DONA LIQUINHA SILVEIRA, Nº 528 - PASSOS;-207.249.705;-466.275.743;V03005 - VITIMA DE AGRESSAO FISICA SEM USO DE ARMA (C) (Prioridade: 1 - Alta);1CIA IND/2CIA/1PEL(PASSOS);UR04360;Não;Não;Não;BOLETIM DE OCORRENCIA;Classificada;15/02/2023 00:11;Não
2023-26315120-5;(BM) 2023-007345910-001;14/02/2023 13:22;RUA LAVRAS, Nº 288 - FURNAS - SAO JOSE DA BARRA;-20.679.014;-463.342.384;X03000 - EMPENHO ADMINISTRATIVO (C) (Prioridade: 2 - Média);1CIA IND/2CIA/1PEL(PASSOS);ASL00064;Não;Não;Não;BOLETIM DE OCORRENCIA;Classificada;15/02/2023 00:10;Não
2023-26315200-2;(BM) 2023-007346943-001;14/02/2023 13:29;ESTRADA PRINCIPAL BETEL, Nº S/N - ALPINOPOLIS;-208.172.955;-463.636.103;P01002 - VISTORIA DE LIBERACAO / EMISSAO DE AVCB (C) (Prioridade: 2 - Média);1CIA IND/2CIA/PEL PREV E VIST(PASSOS);APF01362;Não;Não;Não;BOLETIM DE OCORRENCIA;Classificada;15/02/2023 00:11;Não
2023-26318025-0;(BM) 2023-007383101-001;14/02/2023 16:03;RUA OPALA, Nº 36 - ACLIMACAO - PASSOS;-207.513.556;-466.002.317;S06003 - CAPTURA DE CAO PERIGOSO / AGRESSIVO (C) (Prioridade: 2 - Média);1CIA IND/2CIA/1PEL(PASSOS);ABTS0495;Não;Não;Não;BOLETIM DE OCORRENCIA;Classificada;15/02/2023 00:11;Não
2023-26318262-6;(BM) 2023-007385912-001;14/02/2023 16:15;RUA RIO SAPUCAI / RUA RIO BRANCO - SANTA LUZIA - PASSOS;-207.063.159;-46.601.353;V02502 - VITIMA DE QUEDA (MOTOCICLISTA) (C) (Prioridade: 1 - Alta);1CIA IND/2CIA/1PEL(PASSOS);UR04360;Não;Não;Não;BOLETIM DE OCORRENCIA;Classificada;15/02/2023 00:12;Não
2023-26318452-1;(BM) 2023-007391201-001;14/02/2023 16:23;AVENIDA BRASILIA, Nº 228 - JARDIM PLANALTO - PASSOS;-207.183.856;-466.251.052;P01001 - VISTORIA DE FISCALIZACAO (C) (Prioridade: 2 - Média);1CIA IND/2CIA/PEL PREV E VIST(PASSOS);APF01362;Não;Não;Não;BOLETIM DE OCORRENCIA;Classificada;15/02/2023 00:11;Não
2023-26320400-0;(BM) 2023-007412882-001;14/02/2023 18:13;RUA NITEROI / RUA CHILE - POLIVALENTE - PASSOS;-207.007.929;-466.020.819;P02011 - VISTORIA EM ENXAME DE INSETOS (C) (Prioridade: 2 - Média);1CIA IND/2CIA/1PEL(PASSOS);ASL00064;Não;Não;Não;BOLETIM DE OCORRENCIA;Classificada;15/02/2023 00:11;Não
2023-26320483-8;(BM) 2023-007413019-001;14/02/2023 18:19;AVENIDA COMENDADOR FRANCISCO A MAIA, Nº 3661 - BELO HORIZONTE - PASSOS;-2.073.046;-466.082.084;S03008 - SALVAMENTO DE PESSOA PRESA EM ELEVADOR (C) (Prioridade: 1 - Alta);1CIA IND/2CIA/1PEL(PASSOS);ABTS0495;Não;Não;Não;BOLETIM DE OCORRENCIA;Classificada;15/02/2023 00:12;Não
2023-26321733-9;(BM) 2023-007427276-001;14/02/2023 19:43;RUA TURQUESA, Nº 1593 - ACLIMACAO - PASSOS;-207.549.368;-465.997.402;V01999 - OUTROS TIPOS DE APH CLINICO (C) (Prioridade: 1 - Alta);1CIA IND/2CIA/1PEL(PASSOS);UR04360;Não;Não;Não;BOLETIM DE OCORRENCIA;Classificada;15/02/2023 00:12;Não
2023-26322117-0;(BM) 2023-007431309-001;14/02/2023 20:10;RUA SACRAMENTO, Nº 376 - COHAB 2 - PASSOS;-207.079.759;-466.295.293;P02011 - VISTORIA EM ENXAME DE INSETOS (C) (Prioridade: 2 - Média);1CIA IND/2CIA/1PEL(PASSOS);ASL00064;Não;Não;Não;BOLETIM DE OCORRENCIA;Classificada;15/02/2023 00:11;Não
2023-26327537-3;(BM) 2023-007488442-001;15/02/2023 07:55;AVENIDA ARLINDO FIGUEIREDO, Nº 1001 - JARDIM PINHEIROS 2 - PASSOS;-207.260.793;-466.223.701;V01023 - VITIMA DE SINCOPE (DESMAIO)/VERTIGEM (C) (Prioridade: 1 - Alta);1CIA IND/2CIA/1PEL(PASSOS);UR04360;Não;Não;Não;BOLETIM DE OCORRENCIA;Classificada;16/02/2023 07:37;Não
2023-26328659-6;(BM) 2023-007501127-001;15/02/2023 09:28;RUA AGUAS DE LINDOIA, Nº 578 - MUARAMA - PASSOS;-207.326.928;-466.158.239;V01023 - VITIMA DE SINCOPE (DESMAIO)/VERTIGEM (C) (Prioridade: 1 - Alta);1CIA IND/2CIA/1PEL(PASSOS);UR04360;Não;Não;Não;BOLETIM DE OCORRENCIA;Classificada;16/02/2023 07:37;Não
2023-26329587-2;(BM) 2023-007512941-002;15/02/2023 10:41;AVENIDA JUCA STOCKLER, Nº 2977 - ACLIMACAO - PASSOS;-207.507.544;-465.979.991;P01002 - VISTORIA DE LIBERACAO / EMISSAO DE AVCB (C) (Prioridade: 2 - Média);1CIA IND/2CIA/1PEL(PASSOS);APF01362;Não;Não;Não;BOLETIM DE OCORRENCIA;Classificada;16/02/2023 07:36;Não
2023-26329855-0;(BM) 2023-007649780-001;15/02/2023 11:02;RUA IPATINGA, Nº S/N - CALIFORNIA - PASSOS;-207.039.657;-466.182.868;S06003 - CAPTURA DE CAO PERIGOSO / AGRESSIVO (C) (Prioridade: 2 - Média);1CIA IND/2CIA/1PEL(PASSOS);ASL00064;Não;Não;Não;BOLETIM DE OCORRENCIA;Classificada;16/02/2023 07:36;Não
2023-26330092-7;(BM) 2023-007519473-001;15/02/2023 11:20;RUA SETE DE SETEMBRO, Nº 197 - CENTRO - PASSOS;-207.237.741;-466.086.537;P01002 - VISTORIA DE LIBERACAO / EMISSAO DE AVCB (C) (Prioridade: 2 - Média);1CIA IND/2CIA/PEL PREV E VIST(PASSOS);APF01362;Não;Não;Não;BOLETIM DE OCORRENCIA;Classificada;16/02/2023 07:36;Não
2023-26331275-2;(BM) 2023-007534393-001;15/02/2023 13:11;RUA NEBRASKA, Nº 288 - RESIDENCIAL ELDORADO - PASSOS;-207.314.309;-466.222.132;S06002 - CAPTURA DE ANIMAL SILVESTRE PERIGOSO / AGRESSIVO (C) (Prioridade: 2 - Média);1CIA IND/2CIA/1PEL(PASSOS);ASL00064;Não;Não;Não;BOLETIM DE OCORRENCIA;Classificada;16/02/2023 07:36;Não
2023-26333475-2;(BM) 2023-007562400-001;15/02/2023 15:23;RUA MARIA JOSE MACHADO FRANCA, Nº 32 - COHAB 2 - PASSOS;-207.134.046;-466.296.164;P01001 - VISTORIA DE FISCALIZACAO (C) (Prioridade: 2 - Média);1CIA IND/2CIA/PEL PREV E VIST(PASSOS);APF01362;Não;Não;Não;BOLETIM DE OCORRENCIA;Classificada;16/02/2023 07:36;Não
2023-26333497-5;(BM) 2023-007567995-001;15/02/2023 15:24;RUA IBIA, Nº 68 - PARQUE DA ESTACAO - PASSOS;-207.054.324;-466.124.758;P01001 - VISTORIA DE FISCALIZACAO (C) (Prioridade: 2 - Média);1CIA IND/2CIA/PEL PREV E VIST(PASSOS);APF01362;Não;Não;Não;BOLETIM DE OCORRENCIA;Classificada;16/02/2023 07:36;Não
2023-26333518-3;(BM) 2023-007637729-001;15/02/2023 15:26;RUA JOAQUIM LOPES, Nº 412 - PENHA - PASSOS;-207.164.345;-466.244.212;S06008 - CORTE DE ARVORE CAIDA EM VIA PUBLICA (C) (Prioridade: 2 - Média);1CIA IND/2CIA/1PEL(PASSOS);ABTS0495 / ASL00064;Não;Não;Não;BOLETIM DE OCORRENCIA;Classificada;16/02/2023 07:36;Não
2023-26335172-1;(BM) 2023-007583602-001;15/02/2023 16:56;RUA DOUTOR JOSE LEMOS DE BARROS, Nº 416 - MARIO MAGALHAES - PASSOS;-207.267.297;-466.136.516;P02011 - VISTORIA EM ENXAME DE INSETOS (C) (Prioridade: 2 - Média);1CIA IND/2CIA/1PEL(PASSOS);ASL00064;Não;Não;Não;BOLETIM DE OCORRENCIA;Classificada;16/02/2023 07:36;Não
2023-26338100-7;(BM) 2023-007620314-001;15/02/2023 19:53;RUA JOSE MARIANO NEGRINHO, Nº 424 - COHAB 5 - PASSOS;-207.181.969;-466.373.767;V01018 - VITIMA DE MAL NAO DEFINIDO (DISTURBIO) (C) (Prioridade: 1 - Alta);1CIA IND/2CIA/1PEL(PASSOS);UR04360;Não;Não;Não;BOLETIM DE OCORRENCIA;Classificada;16/02/2023 07:37;Não
2023-26339658-5;(BM) 2023-007636975-001;15/02/2023 21:35;RUA CANAPE, Nº 238 - CASARAO - PASSOS;-207.217.572;-465.897.162;V01002 - VITIMA COM CEFALEIA AGUDA / ENXAQUECA (C) (Prioridade: 1 - Alta);1CIA IND/2CIA/1PEL(PASSOS);UR04360;Não;Não;Não;BOLETIM DE OCORRENCIA;Classificada;16/02/2023 07:37;Não
2023-26343375-4;(BM) 2023-007672007-001;16/02/2023 06:30;RUA DOUTOR CARVALHO, Nº 1455 - NOSSA SENHORA DAS GRAÇAS - PASSOS;-207.352.269;-466.037.303;Q03005 - TREINAMENTO DE SALVAMENTO TERRESTRE (C) (Prioridade: 2 - Média);1CIA IND/2CIA/1PEL(PASSOS);BM1206671;Não;Não;Não;BOLETIM DE OCORRENCIA;Classificada;16/02/2023 07:36;Não
2023-26343521-4;(BM) 2023-007672890-001;16/02/2023 06:52;RUA SENZALA, Nº 516 - CASARAO - PASSOS;-207.199.732;-465.865.543;S06002 - CAPTURA DE ANIMAL SILVESTRE PERIGOSO / AGRESSIVO (C) (Prioridade: 2 - Média);1CIA IND/2CIA/1PEL(PASSOS);ASL00064;Não;Não;Não;BOLETIM DE OCORRENCIA;Classificada;16/02/2023 07:37;Não
2023-26344223-1;(BM) 2023-007679613-001;16/02/2023 08:12;RUA SANTA CASA, Nº 164 - SANTA CASA - PASSOS;-207.129.746;-466.123.199;R01999 - OUTROS TIPOS DE ACOES DE APOIO A COMUNIDADE   (C) (Prioridade: 2 - Média);1CIA IND/2CIA/1PEL(PASSOS);ABTS0495;Não;Não;Não;BOLETIM DE OCORRENCIA;Classificada;18/02/2023 08:05;Não
2023-26344847-7;(BM) 2023-007688326-001;16/02/2023 09:09;RUA CANADA, Nº 305 - NOVO MUNDO - PASSOS;-207.259.106;-465.902.718;P01001 - VISTORIA DE FISCALIZACAO (C) (Prioridade: 2 - Média);1CIA IND/2CIA/PEL PREV E VIST(PASSOS);APF01362;Não;Não;Não;BOLETIM DE OCORRENCIA;Classificada;18/02/2023 08:05;Não
2023-26344990-0;(BM) 2023-007688404-001;16/02/2023 09:20;RUA JASPE, Nº 559 - ACLIMACAO - PASSOS;-207.521.638;-465.965.849;P01001 - VISTORIA DE FISCALIZACAO (C) (Prioridade: 2 - Média);1CIA IND/2CIA/PEL PREV E VIST(PASSOS);APF01362;Não;Não;Não;BOLETIM DE OCORRENCIA;Classificada;18/02/2023 08:05;Não
2023-26345386-1;(BM) 2023-007693422-001;16/02/2023 09:53;RUA DOUTOR BERNARDINO VIEIRA, Nº 172 - CENTRO - CONCEICAO DA APARECIDA;-210.943.899;-462.019.613;P01001 - VISTORIA DE FISCALIZACAO (C) (Prioridade: 2 - Média);1CIA IND/2CIA/PEL PREV E VIST(PASSOS);APF01362;Não;Não;Não;BOLETIM DE OCORRENCIA;Classificada;18/02/2023 08:05;Não
2023-26345498-5;(BM) 2023-007694862-001;16/02/2023 10:03;AVENIDA CHAFARIZ, Nº 2663 - SERRA DAS BRISAS - PASSOS;-207.367.795;-46.593.095;X03000 - EMPENHO ADMINISTRATIVO (C) (Prioridade: 2 - Média);1CIA IND/2CIA/1PEL(PASSOS);ASL00064;Não;Não;Não;BOLETIM DE OCORRENCIA;Classificada;18/02/2023 08:05;Não
2023-26345728-3;(BM) 2023-007697418-001;16/02/2023 10:19;RUA DOUTOR CARVALHO, Nº 1455 - NOSSA SENHORA DAS GRAÇAS - PASSOS;-207.352.269;-466.037.303;Q03999 - OUTROS TIPOS DE TREINAMENTO (C) (Prioridade: 2 - Média);1CIA IND/2CIA/1PEL(PASSOS);BM1274612;Não;Não;Não;BOLETIM DE OCORRENCIA;Classificada;18/02/2023 08:05;Não
2023-26346050-6;(BM) 2023-007703341-001;16/02/2023 10:43;RUA SALINAS, Nº 392 - COHAB 2 - PASSOS;-207.118.162;-466.309.268;V01004 - VITIMA COM CRISE DIABETICA / HIPOGLICEMIA (C) (Prioridade: 1 - Alta);1CIA IND/2CIA/1PEL(PASSOS);UR04360;Não;Não;Não;BOLETIM DE OCORRENCIA;Classificada;18/02/2023 08:04;Não
2023-26346868-8;(BM) 2023-007712173-001;16/02/2023 11:57;TRAVESSA RUI BARBOSA, Nº 173 - SANTA CASA - PASSOS;-207.128.023;-466.088.992;S06002 - CAPTURA DE ANIMAL SILVESTRE PERIGOSO / AGRESSIVO (C) (Prioridade: 2 - Média);1CIA IND/2CIA/1PEL(PASSOS);ASL00064;Não;Não;Não;BOLETIM DE OCORRENCIA;Classificada;18/02/2023 08:05;Não
2023-26347099-0;(BM) 2023-007815117-001;16/02/2023 12:21;AVENIDA OTTO KRAKAUER, Nº S/N - SANTA CASA - PASSOS;-207.116.545;-466.111.371;V02408 - VITIMA DE COLISAO ENTRE AUTOMOVEL X MOTOCICLETA (C) (Prioridade: 1 - Alta);1CIA IND/2CIA/1PEL(PASSOS);UR04360;Não;Não;Não;BOLETIM DE OCORRENCIA;Classificada;18/02/2023 08:04;Não
2023-26347283-0;(BM) 2023-007717358-001;16/02/2023 12:37;PRACA JOAO BARBOSA SOBRINHO, Nº S/N - CENTRO - CONCEICAO DA APARECIDA;-210.936.447;-462.045.168;P01002 - VISTORIA DE LIBERACAO / EMISSAO DE AVCB (C) (Prioridade: 2 - Média);1CIA IND/2CIA/PEL PREV E VIST(PASSOS);APF01362;Não;Não;Não;BOLETIM DE OCORRENCIA;Classificada;18/02/2023 08:05;Não
2023-26347716-5;(BM) 2023-007722692-001;16/02/2023 13:20;PRACA MANOEL LEITE LEMOS, Nº S/N - CENTRO - DELFINOPOLIS;-203.435.951;-468.535.649;P01003 - VISTORIA EM EVENTOS TEMPORARIOS (C) (Prioridade: 1 - Alta);1CIA IND/2CIA/PEL PREV E VIST(PASSOS);APF01362;Não;Não;Não;BOLETIM DE OCORRENCIA;Classificada;18/02/2023 08:04;Não
2023-26349450-0;(BM) 2023-007746795-001;16/02/2023 15:03;RUA CAMPOS GERAIS, Nº 863 - NOSSA SENHORA DE FATIMA - PASSOS;-206.988.547;-46.614.515;V01009 - VITIMA COM DOR NA COLUNA VERTEBRAL (COSTAS) (C) (Prioridade: 1 - Alta);1CIA IND/2CIA/1PEL(PASSOS);UR04360;Não;Não;Não;BOLETIM DE OCORRENCIA;Classificada;18/02/2023 08:04;Não
2023-26351605-8;(BM) 2023-007786195-002;16/02/2023 16:59;RODOVIA MG050, Nº 8 - PASSOS;-207.331.352;-465.723.036;V02409 - VITIMA DE COLISAO ENTRE AUTOMOVEL X CAMINHAO / CARRETA (C) (Prioridade: 1 - Alta);1CIA IND/2CIA/1PEL(PASSOS);ASL00064 / UR04360;Não;Não;Não;BOLETIM DE OCORRENCIA;Classificada;18/02/2023 08:04;Não
2023-26352505-9;(BM) 2023-007783107-001;16/02/2023 17:51;AVENIDA JUCA STOCKLER, Nº S/N - NOVO HORIZONTE - PASSOS;-207.366.397;-466.024.583;P02002 - VISTORIA EM RISCO DE QUEDA DE ARVORE (C) (Prioridade: 2 - Média);1CIA IND/2CIA/1PEL(PASSOS);ABTS0495;Não;Não;Não;BOLETIM DE OCORRENCIA;Classificada;18/02/2023 08:05;Não
2023-26353092-6;(BM) 2023-007789070-001;16/02/2023 18:25;AVENIDA JUCA STOCKLER, Nº S/N - NOVO HORIZONTE - PASSOS;-207.366.397;-466.024.583;S06007 - CORTE / PODA DE ARVORE COM RISCO IMINENTE DE QUEDA (C) (Prioridade: 2 - Média);1CIA IND/2CIA/1PEL(PASSOS);ABTS0495;Não;Não;Não;BOLETIM DE OCORRENCIA;Classificada;18/02/2023 08:04;Não
2023-26355574-8;(BM) 2023-007816572-001;16/02/2023 20:59;PRACA GERALDO DA SILVA MAIA, Nº S/N - CENTRO - PASSOS;-207.208.941;-46.609.005;P03999 - OUTROS TIPOS DE PCI / PCA   (C) (Prioridade: 2 - Média);1CIA IND/2CIA/1PEL(PASSOS);UR04360;Não;Não;Não;BOLETIM DE OCORRENCIA;Classificada;18/02/2023 08:04;Não
2023-26355913-1;(BM) 2023-007818634-001;16/02/2023 21:22;RUA CARAMBOLA, Nº 137 - PASSOS;-20.714.121;-466.327.803;V01009 - VITIMA COM DOR NA COLUNA VERTEBRAL (COSTAS) (C) (Prioridade: 1 - Alta);1CIA IND/2CIA/1PEL(PASSOS);UR04360;Não;Não;Não;BOLETIM DE OCORRENCIA;Classificada;18/02/2023 08:04;Não
2023-26361109-2;(BM) 2023-007870446-001;17/02/2023 08:19;RODOVIA MG 050, Nº S/N - PASSOS;-207.371.492;-466.395.925;P03003 - PREVENCAO AQUATICA / OPERACAO VERANICO (C) (Prioridade: 2 - Média);1CIA IND/2CIA/1PEL(PASSOS);ASL00064;Não;Não;Não;BOLETIM DE OCORRENCIA;Classificada;18/02/2023 08:04;Não
2023-26361329-9;(BM) 2023-007872367-001;17/02/2023 08:36;PRACA DONA MARIA GOULART, Nº S/N - CENTRO - CARMO DO RIO CLARO;-209.733.925;-461.178.405;P01001 - VISTORIA DE FISCALIZACAO (C) (Prioridade: 2 - Média);1CIA IND/2CIA/PEL PREV E VIST(PASSOS);APF01362;Não;Não;Não;BOLETIM DE OCORRENCIA;Classificada;18/02/2023 08:04;Não
2023-26361915-1;(BM) 2023-007879209-001;17/02/2023 09:24;AVENIDA PALMARES, Nº 827 - CASARAO - PASSOS;-207.206.384;-465.908.265;V01018 - VITIMA DE MAL NAO DEFINIDO (DISTURBIO) (C) (Prioridade: 1 - Alta);1CIA IND/2CIA/1PEL(PASSOS);UR04360;Não;Não;Não;BOLETIM DE OCORRENCIA;Classificada;18/02/2023 08:04;Não
2023-26362976-1;(BM) 2023-007893700-001;17/02/2023 10:57;RUA SAO JOSE, Nº 323 - CARMELO - PASSOS;-207.151.062;-466.035.669;V01018 - VITIMA DE MAL NAO DEFINIDO (DISTURBIO) (C) (Prioridade: 1 - Alta);1CIA IND/2CIA/1PEL(PASSOS);UR04360;Não;Não;Não;BOLETIM DE OCORRENCIA;Classificada;18/02/2023 08:03;Não
2023-26363064-7;(BM) 2023-007894012-001;17/02/2023 11:02;RODOVIA MG 050, Nº S/N - PASSOS;-207.371.492;-466.395.925;S06002 - CAPTURA DE ANIMAL SILVESTRE PERIGOSO / AGRESSIVO (C) (Prioridade: 2 - Média);1CIA IND/2CIA/1PEL(PASSOS);ABTS0495;Não;Não;Não;BOLETIM DE OCORRENCIA;Classificada;18/02/2023 08:04;Não
2023-26363358-8;(BM) 2023-007898064-001;17/02/2023 11:29;PRACA DONA MARIA GOULART, Nº S/N - CENTRO - CARMO DO RIO CLARO;-209.733.925;-461.178.405;P01002 - VISTORIA DE LIBERACAO / EMISSAO DE AVCB (C) (Prioridade: 2 - Média);1CIA IND/2CIA/PEL PREV E VIST(PASSOS);APF01362;Não;Não;Não;BOLETIM DE OCORRENCIA;Classificada;18/02/2023 08:04;Não
2023-26363775-5;(BM) 2023-007903855-001;17/02/2023 12:18;RUA DOUTOR SATURNINO, Nº 393 - MARIO MAGALHAES - PASSOS;-207.226.727;-466.132.765;P02011 - VISTORIA EM ENXAME DE INSETOS (C) (Prioridade: 2 - Média);1CIA IND/2CIA/1PEL(PASSOS);ABTS0495;Não;Não;Não;BOLETIM DE OCORRENCIA;Classificada;18/02/2023 08:04;Não
2023-26367454-3;(BM) 2023-007946575-001;17/02/2023 16:30;RUA MACAPA, Nº 452 - JARDIM COLEGIO DE PASSOS - PASSOS;-207.224.987;-465.957.069;V03019 - VITIMA DE QUEDA DE ALTURA (C) (Prioridade: 1 - Alta);1CIA IND/2CIA/1PEL(PASSOS);UR04360;Não;Não;Não;BOLETIM DE OCORRENCIA;Classificada;18/02/2023 08:03;Não
2023-26370024-2;(BM) 2023-007982538-001;17/02/2023 19:08;RUA GONCALVES DIAS, Nº 760 - CENTRO - PASSOS;-207.206.331;-466.034.129;V01006 - VITIMA COM DIFICULDADE DE LOCOMOCAO (C) (Prioridade: 1 - Alta);1CIA IND/2CIA/1PEL(PASSOS);UR04360;Não;Não;Não;BOLETIM DE OCORRENCIA;Classificada;18/02/2023 08:03;Não
2023-26372343-1;(BM) 2023-008004559-001;17/02/2023 21:31;RUA BOIADEIROS, Nº 515 - PENHA - PASSOS;-207.177.008;-466.204.695;V03018 - VITIMA DE QUEDA DA PROPRIA ALTURA (C) (Prioridade: 1 - Alta);1CIA IND/2CIA/1PEL(PASSOS);UR04360;Não;Não;Não;BOLETIM DE OCORRENCIA;Classificada;18/02/2023 08:03;Não
2023-26376647-8;(BM) 2023-008041622-001;18/02/2023 03:31;RUA SANTA CATARINA, Nº 383 - BELA VISTA - PASSOS;-207.185.123;-465.965.745;V01007 - VITIMA COM DISPNEIA (FALTA DE AR) (C) (Prioridade: 1 - Alta);1CIA IND/2CIA/1PEL(PASSOS);UR04360;Não;Não;Não;BOLETIM DE OCORRENCIA;Classificada;18/02/2023 08:03;Não
2023-26378213-9;(BM) 2023-008055732-001;18/02/2023 08:07;REPRESA DE FURNAS - TURVO, Nº S/N - CAPITOLIO;-206.697.525;-462.219.762;P03003 - PREVENCAO AQUATICA / OPERACAO VERANICO (C) (Prioridade: 2 - Média);1CIA IND/2CIA/1PEL(PASSOS);ASL00064;Não;Não;Não;BOLETIM DE OCORRENCIA;Classificada;19/02/2023 08:10;Não
2023-26378770-5;(BM) 2023-008060616-001;18/02/2023 08:58;RUA SANTA CASA, Nº 164 - SANTA CASA - PASSOS;-207.129.746;-466.123.199;X03000 - EMPENHO ADMINISTRATIVO (C) (Prioridade: 2 - Média);1CIA IND/2CIA/1PEL(PASSOS);UR04360;Não;Não;Não;BOLETIM DE OCORRENCIA;Classificada;19/02/2023 08:10;Não
2023-26379377-1;(BM) 2023-008066429-001;18/02/2023 09:59;RUA SACRAMENTO, Nº 376 - COHAB 2 - PASSOS;-207.079.759;-466.295.293;P02011 - VISTORIA EM ENXAME DE INSETOS (C) (Prioridade: 2 - Média);1CIA IND/2CIA/1PEL(PASSOS);ABTS0495;Não;Não;Não;BOLETIM DE OCORRENCIA;Classificada;19/02/2023 08:10;Não
2023-26379580-5;(BM) 2023-008067919-001;18/02/2023 10:16;RUA SANTA CASA, Nº 164 - SANTA CASA - PASSOS;-207.129.746;-466.123.199;X03000 - EMPENHO ADMINISTRATIVO (C) (Prioridade: 2 - Média);1CIA IND/2CIA/1PEL(PASSOS);UR04360;Não;Não;Não;BOLETIM DE OCORRENCIA;Classificada;19/02/2023 08:10;Não
2023-26380149-4;(BM) 2023-008073998-001;18/02/2023 11:12;RUA ALPINOPOLIS, Nº 281 - CANJERANUS - PASSOS;-20.710.786;-466.046.321;V01006 - VITIMA COM DIFICULDADE DE LOCOMOCAO (C) (Prioridade: 1 - Alta);1CIA IND/2CIA/1PEL(PASSOS);UR04360;Não;Não;Não;BOLETIM DE OCORRENCIA;Classificada;19/02/2023 08:10;Não
2023-26380860-9;(BM) 2023-008081715-001;18/02/2023 12:29;AVENIDA COMENDADOR FRANCISCO A MAIA, Nº 4052 - EXPOSICAO - PASSOS;-207.340.214;-466.054.056;W04000 - NADA CONSTATADO (C) (Prioridade: 3 - Baixa);1CIA IND/2CIA/1PEL(PASSOS);UR04360;Não;Não;Não;BOLETIM DE OCORRENCIA;Classificada;19/02/2023 08:10;Não
2023-26382196-5;(BM) 2023-008098803-001;18/02/2023 14:42;TRAVESSA BELO HORIZONTE, Nº 204 - BELO HORIZONTE - PASSOS;-20.728.394;-466.067.416;S06002 - CAPTURA DE ANIMAL SILVESTRE PERIGOSO / AGRESSIVO (C) (Prioridade: 2 - Média);1CIA IND/2CIA/1PEL(PASSOS);ABTS0495;Não;Não;Não;BOLETIM DE OCORRENCIA;Classificada;19/02/2023 08:10;Não
2023-26383206-2;(BM) 2023-008108406-001;18/02/2023 15:41;RUA ENGENHEIROS, Nº 660 - NOVO HORIZONTE - PASSOS;-207.282.358;-466.023.691;V02502 - VITIMA DE QUEDA (MOTOCICLISTA) (C) (Prioridade: 1 - Alta);1CIA IND/2CIA/1PEL(PASSOS);UR04360;Não;Não;Não;BOLETIM DE OCORRENCIA;Classificada;19/02/2023 08:10;Não
2023-26384154-6;(BM) 2023-008112718-001;18/02/2023 16:47;RUA RIO GRANDE DO NORTE, Nº 662 - BELA VISTA - PASSOS;-207.166.878;-46.595.236;S06001 - SALVAMENTO DE ANIMAL EM RISCO / PERIGO (C) (Prioridade: 2 - Média);1CIA IND/2CIA/1PEL(PASSOS);ABTS0495;Não;Não;Não;BOLETIM DE OCORRENCIA;Classificada;19/02/2023 08:10;Não
2023-26384158-7;(BM) 2023-008112670-001;18/02/2023 16:48;RUA ALFERES JOAO PIMENTA DE ABREU, Nº 55 - EXPOSICAO - PASSOS;-207.318.631;-466.084;V01003 - VITIMA COM CRISE CONVULSIVA (C) (Prioridade: 1 - Alta);1CIA IND/2CIA/1PEL(PASSOS);UR04360;Não;Não;Não;BOLETIM DE OCORRENCIA;Classificada;19/02/2023 08:10;Não
2023-26386753-1;(BM) 2023-008138716-001;18/02/2023 19:23;RUA SACRAMENTO, Nº 376 - COHAB 2 - PASSOS;-207.079.759;-466.295.293;S06005 - CAPTURA DE INSETOS (C) (Prioridade: 2 - Média);1CIA IND/2CIA/1PEL(PASSOS);ASL00064;Não;Não;Não;BOLETIM DE OCORRENCIA;Classificada;19/02/2023 08:10;Não
2023-26387329-4;(BM) 2023-008144202-001;18/02/2023 19:58;RODOVIA MG 050, Nº S/N - PASSOS;-207.371.492;-466.395.925;V01008 - VITIMA COM DOR ABDOMINAL (ABDOME AGUDO) (C) (Prioridade: 1 - Alta);1CIA IND/2CIA/1PEL(PASSOS);UR04360;Não;Não;Não;BOLETIM DE OCORRENCIA;Classificada;19/02/2023 08:09;Não
2023-26395524-5;(BM) 2023-008326470-001;19/02/2023 08:13;AVENIDA JK, Nº S/N - MONSENHOR MESSIAS - PASSOS;-207.342.178;-465.979.772;P03999 - OUTROS TIPOS DE PCI / PCA   (C) (Prioridade: 2 - Média);1CIA IND/2CIA/1PEL(PASSOS);UR04360;Não;Não;Não;BOLETIM DE OCORRENCIA;Classificada;20/02/2023 06:56;Não
2023-26395631-5;(BM) 2023-008214820-001;19/02/2023 08:22;RODOVIA MG 050, Nº 307 - CAPITOLIO;;;P03003 - PREVENCAO AQUATICA / OPERACAO VERANICO (C) (Prioridade: 2 - Média);1CIA IND/2CIA/1PEL(PASSOS);ASL00064;Não;Não;Não;BOLETIM DE OCORRENCIA;Classificada;20/02/2023 06:56;Não
2023-26395669-8;(BM) 2023-008216690-001;19/02/2023 08:30;RUA FARMACEUTICOS, Nº 133 - NOVO HORIZONTE - PASSOS;-207.296.244;-466.031.183;V01018 - VITIMA DE MAL NAO DEFINIDO (DISTURBIO) (C) (Prioridade: 1 - Alta);1CIA IND/2CIA/1PEL(PASSOS);UR04360;Não;Não;Não;BOLETIM DE OCORRENCIA;Classificada;20/02/2023 06:56;Não
2023-26396759-4;(BM) 2023-008226129-001;19/02/2023 10:31;RUA LUIZ MOURA DA SILVA, Nº 221 - COHAB 3 - PASSOS;-207.021.447;-46.627.068;V01007 - VITIMA COM DISPNEIA (FALTA DE AR) (C) (Prioridade: 1 - Alta);1CIA IND/2CIA/1PEL(PASSOS);UR04360;Não;Não;Não;BOLETIM DE OCORRENCIA;Classificada;20/02/2023 06:57;Não
2023-26397676-4;(BM) 2023-008233960-001;19/02/2023 12:15;AVENIDA JOSE CAETANO DE ANDRADE, Nº 979 - MUARAMA - PASSOS;-207.308.947;-466.154.821;V01011 - VITIMA COM DOR RENAL (COLICA) (C) (Prioridade: 1 - Alta);1CIA IND/2CIA/1PEL(PASSOS);UR04360;Não;Não;Não;BOLETIM DE OCORRENCIA;Classificada;20/02/2023 06:57;Não
2023-26399394-3;(BM) 2023-008250312-001;19/02/2023 14:52;TRAVESSA AFONSO PENA, Nº 40 - SAO BENEDITO - PASSOS;-207.227.145;-466.031.629;V01003 - VITIMA COM CRISE CONVULSIVA (C) (Prioridade: 1 - Alta);1CIA IND/2CIA/1PEL(PASSOS);UR04360;Não;Não;Não;BOLETIM DE OCORRENCIA;Classificada;20/02/2023 06:57;Não
2023-26400659-7;(BM) 2023-008262780-001;19/02/2023 16:16;RUA JOSE VALADAO, Nº 42 - PASSOS;-207.219.806;-466.331.819;V01003 - VITIMA COM CRISE CONVULSIVA (C) (Prioridade: 1 - Alta);1CIA IND/2CIA/1PEL(PASSOS);UR04360;Não;Não;Não;BOLETIM DE OCORRENCIA;Classificada;20/02/2023 06:57;Não
2023-26401435-5;(BM) 2023-008272078-001;19/02/2023 17:13;RUA LIBRA, Nº 61 - SERRA VERDE - PASSOS;-207.392.019;-465.940.463;P02005 - VISTORIA EM RISCO DE DESLIZAMENTO/CORRIDA DE MASSA (C) (Prioridade: 2 - Média);1CIA IND/2CIA/1PEL(PASSOS);ASL00064;Não;Não;Não;BOLETIM DE OCORRENCIA;Classificada;20/02/2023 06:56;Não
2023-26402317-4;(BM) 2023-008287220-001;19/02/2023 18:11;RUA MATO GROSSO / RUA CANJERANUS - POLIVALENTE - PASSOS;-207.059.748;-466.040.656;V03018 - VITIMA DE QUEDA DA PROPRIA ALTURA (C) (Prioridade: 1 - Alta);1CIA IND/2CIA/1PEL(PASSOS);UR04360;Não;Não;Não;BOLETIM DE OCORRENCIA;Classificada;20/02/2023 06:57;Não
2023-26407051-6;(BM) 2023-008328516-002;19/02/2023 22:38;RODOVIA MG050, Nº 360 - PASSOS;-207.356.964;-466.563.864;V01018 - VITIMA DE MAL NAO DEFINIDO (DISTURBIO) (C) (Prioridade: 1 - Alta);1CIA IND/2CIA/1PEL(PASSOS);UR04360;Não;Não;Não;BOLETIM DE OCORRENCIA;Classificada;20/02/2023 06:58;Não
2023-26411417-0;(BM) 2023-008363647-001;20/02/2023 07:58;REPRESA DE FURNAS - TURVO, Nº S/N - CAPITOLIO;-206.697.525;-462.219.762;P03003 - PREVENCAO AQUATICA / OPERACAO VERANICO (C) (Prioridade: 2 - Média);1CIA IND/2CIA/1PEL(PASSOS);ASL00064;Não;Não;Não;BOLETIM DE OCORRENCIA;Classificada;22/02/2023 06:23;Não
2023-26411607-5;(BM) 2023-008367028-001;20/02/2023 08:15;RUA DOUTOR CARVALHO, Nº 222 - CENTRO - PASSOS;-207.237.706;-46.607.898;X03000 - EMPENHO ADMINISTRATIVO (C) (Prioridade: 2 - Média);1CIA IND/2CIA/1PEL(PASSOS);ABTS0495;Não;Não;Não;BOLETIM DE OCORRENCIA;Classificada;22/02/2023 06:23;Não
2023-26412214-8;(BM) 2023-008371706-001;20/02/2023 09:25;AVENIDA POCOS DE CALDAS, Nº S/N - COHAB 2 - PASSOS;-207.104.463;-466.259.895;P03999 - OUTROS TIPOS DE PCI / PCA   (C) (Prioridade: 2 - Média);1CIA IND/2CIA/1PEL(PASSOS);UR04360;Não;Não;Não;BOLETIM DE OCORRENCIA;Classificada;22/02/2023 06:23;Não
2023-26416032-2;(BM) 2023-008412143-001;20/02/2023 15:39;RODOVIA MG 444, Nº S/N - CAPETINGA;-206.240.263;-470.588.239;S05309 - COLISAO ENTRE AUTOMOVEL X CAMINHAO / CARRETA (C) (Prioridade: 1 - Alta);1CIA IND/2CIA/1PEL(PASSOS);ABTS0495;Não;Não;Não;BOLETIM DE OCORRENCIA;Classificada;22/02/2023 06:23;Não
2023-26416091-1;(BM) 2023-008412184-001;20/02/2023 15:44;ESTRADA PRINCIPAL ESTRADA DAS TRES ILHAS S/N, Nº S/N - SAO JOAO BATISTA GLORIA;-206.341.689;-465.676.094;S06001 - SALVAMENTO DE ANIMAL EM RISCO / PERIGO (C) (Prioridade: 2 - Média);1CIA IND/2CIA/PEL PREV E VIST(PASSOS);APF01362;Não;Não;Não;BOLETIM DE OCORRENCIA;Classificada;22/02/2023 06:23;Não
2023-26418840-8;(BM) 2023-008439096-001;20/02/2023 18:41;RUA DOUTOR CARVALHO, Nº 1455 - NOSSA SENHORA DAS GRAÇAS - PASSOS;-207.352.269;-466.037.303;Q03999 - OUTROS TIPOS DE TREINAMENTO (C) (Prioridade: 2 - Média);1CIA IND/2CIA/1PEL(PASSOS);BM1274612;Não;Não;Não;BOLETIM DE OCORRENCIA;Classificada;22/02/2023 06:23;Não
2023-26421895-8;(BM) 2023-008468213-001;20/02/2023 21:41;RUA ALAGOAS, Nº 251 - CARMELO - PASSOS;-207.147.397;-466.045.815;V01003 - VITIMA COM CRISE CONVULSIVA (C) (Prioridade: 1 - Alta);1CIA IND/2CIA/1PEL(PASSOS);UR04360;Não;Não;Não;BOLETIM DE OCORRENCIA;Classificada;22/02/2023 06:24;Não
2023-26422579-3;(BM) 2023-008475090-001;20/02/2023 22:21;RUA RIO TIETE, Nº 213 - SANTA LUZIA - PASSOS;-207.096.474;-466.030.406;V03003 - VITIMA DE AGRESSAO FISICA COM ARMA BRANCA (C) (Prioridade: 1 - Alta);1CIA IND/2CIA/1PEL(PASSOS);UR04360;Não;Não;Não;BOLETIM DE OCORRENCIA;Classificada;22/02/2023 06:24;Não
2023-26423427-0;(BM) 2023-008483973-001;20/02/2023 23:18;RODOVIA PASSOS / GLORIA, Nº S/N - PASSOS;-20.700.737;-46.586.887;V02408 - VITIMA DE COLISAO ENTRE AUTOMOVEL X MOTOCICLETA (C) (Prioridade: 1 - Alta);1CIA IND/2CIA/1PEL(PASSOS);UR04360;Não;Não;Não;BOLETIM DE OCORRENCIA;Classificada;22/02/2023 06:24;Não
2023-26425849-2;(BM) 2023-008505724-001;21/02/2023 04:04;RUA DOUTOR CARVALHO, Nº 1455 - NOSSA SENHORA DAS GRAÇAS - PASSOS;-207.352.269;-466.037.303;V03012 - VITIMA COM OBJETO PRESO AO CORPO (C) (Prioridade: 1 - Alta);1CIA IND/2CIA/1PEL(PASSOS);BM1551159;Não;Não;Não;BOLETIM DE OCORRENCIA;Classificada;22/02/2023 07:57;Não
2023-26426898-3;(BM) 2023-008515732-001;21/02/2023 07:52;RODOVIA MG 050, Km 306 - CAPITOLIO;-206.541.637;-462.162.524;P03003 - PREVENCAO AQUATICA / OPERACAO VERANICO (C) (Prioridade: 2 - Média);1CIA IND/2CIA/1PEL(PASSOS);ASL00064 / ABT00816;Não;Não;Não;BOLETIM DE OCORRENCIA;Classificada;22/02/2023 08:03;Não
2023-26427625-6;(BM) 2023-008523980-001;21/02/2023 09:12;RUA FRANCISCO DE PAULA LOPES, Nº 105 - JARDIM SATELITE - PASSOS;-20.711.915;-466.232.865;W05000 - DUPLICATA (C) (Prioridade: 3 - Baixa);1CIA IND/2CIA/1PEL(PASSOS);UR04360;Não;Não;Não;BOLETIM DE OCORRENCIA;Classificada;22/02/2023 08:03;Não
2023-26433332-2;(BM) 2023-008581670-001;21/02/2023 17:40;ESTRADA BR 146 [FAZENDA MUMBUCA 35 KM PASSOS], Nº S/N - PASSOS;-209.620.287;-465.412.754;W03000 - SOLICITANTE ENCONTRADO - PROVIDENCIA DISPENSADA (C) (Prioridade: 3 - Baixa);1CIA IND/2CIA/PEL PREV E VIST(PASSOS);APF01362;Não;Não;Não;BOLETIM DE OCORRENCIA;Classificada;22/02/2023 08:03;Não
2023-26434760-1;(BM) 2023-008605432-001;21/02/2023 19:06;RUA TUPINIQUINS, Nº 596 - NOSSA SENHORA APARECIDA - PASSOS;-207.460.647;-466.067.455;V01006 - VITIMA COM DIFICULDADE DE LOCOMOCAO (C) (Prioridade: 1 - Alta);1CIA IND/2CIA/1PEL(PASSOS);UR04360;Não;Não;Não;BOLETIM DE OCORRENCIA;Classificada;22/02/2023 08:03;Não
2023-26436690-9;(BM) 2023-008614540-001;21/02/2023 21:00;RODOVIA RODOVIA SBG 080, Nº S/N - SAO JOAO BATISTA GLORIA;-206.297.319;-465.004.599;V02502 - VITIMA DE QUEDA (MOTOCICLISTA) (C) (Prioridade: 1 - Alta);1CIA IND/2CIA/1PEL(PASSOS);UR04360;Não;Não;Não;BOLETIM DE OCORRENCIA;Classificada;22/02/2023 08:02;Não
2023-26442094-7;(BM) 2023-008666797-001;22/02/2023 07:59;RODOVIA MG-050, Nº 313 - CAPITOLIO;-206.547.513;-462.213.895;P03003 - PREVENCAO AQUATICA / OPERACAO VERANICO (C) (Prioridade: 2 - Média);1CIA IND/2CIA/1PEL(PASSOS);ASL00064;Não;Não;Não;BOLETIM DE OCORRENCIA;Classificada;23/02/2023 08:06;Não
2023-26442899-7;(BM) 2023-008676253-001;22/02/2023 09:31;RUA DOUTOR CARVALHO, Nº 1455 - NOSSA SENHORA DAS GRAÇAS - PASSOS;-207.352.269;-466.037.303;Q03999 - OUTROS TIPOS DE TREINAMENTO (C) (Prioridade: 2 - Média);1CIA IND/2CIA/1PEL(PASSOS);BM1637750;Não;Não;Não;BOLETIM DE OCORRENCIA;Classificada;23/02/2023 08:06;Não
2023-26443630-7;(BM) 2023-008681560-001;22/02/2023 10:39;RUA QUINZE, Nº 38 - PENHA II - PASSOS;;;V03005 - VITIMA DE AGRESSAO FISICA SEM USO DE ARMA (C) (Prioridade: 1 - Alta);1CIA IND/2CIA/1PEL(PASSOS);UR04360;Não;Não;Não;BOLETIM DE OCORRENCIA;Classificada;23/02/2023 08:06;Não
2023-26444117-1;(BM) 2023-008691840-001;22/02/2023 11:26;RUA ACEROLAS, Nº 452 - NOSSA SENHORA DE LOURDES - PASSOS;;;V01018 - VITIMA DE MAL NAO DEFINIDO (DISTURBIO) (C) (Prioridade: 1 - Alta);1CIA IND/2CIA/1PEL(PASSOS);UR04360;Não;Não;Não;BOLETIM DE OCORRENCIA;Classificada;23/02/2023 08:06;Não
2023-26445563-2;(BM) 2023-008715001-001;22/02/2023 14:06;RUA BOIADEIROS, Nº 305 - CANDEIAS - PASSOS;-207.254.643;-466.168.015;V01007 - VITIMA COM DISPNEIA (FALTA DE AR) (C) (Prioridade: 1 - Alta);1CIA IND/2CIA/1PEL(PASSOS);UR04360;Não;Não;Não;BOLETIM DE OCORRENCIA;Classificada;23/02/2023 08:06;Não
2023-26446917-9;(BM) 2023-008715789-001;22/02/2023 15:28;RUA DO MEIO, Nº 270 - NOVO HORIZONTE - PASSOS;-207.345.151;-466.014.935;V03018 - VITIMA DE QUEDA DA PROPRIA ALTURA (C) (Prioridade: 1 - Alta);1CIA IND/2CIA/1PEL(PASSOS);UR04360;Não;Não;Não;BOLETIM DE OCORRENCIA;Classificada;23/02/2023 08:06;Não
2023-26448757-5;(BM) 2023-008737055-001;22/02/2023 17:16;RUA AMAPA, Nº 104 - BELA VISTA - PASSOS;-207.115.956;-46.601.071;V02501 - VITIMA DE QUEDA (CICLISTA) (C) (Prioridade: 1 - Alta);1CIA IND/2CIA/1PEL(PASSOS);UR04360;Não;Não;Não;BOLETIM DE OCORRENCIA;Classificada;23/02/2023 08:06;Não
2023-26452454-7;(BM) 2023-008775860-001;22/02/2023 21:15;RUA MACACOS, Nº 70 - VILA ROMANA - PASSOS;-207.433.428;-466.131.998;S06001 - SALVAMENTO DE ANIMAL EM RISCO / PERIGO (C) (Prioridade: 2 - Média);1CIA IND/2CIA/1PEL(PASSOS);ASL00064;Não;Não;Não;BOLETIM DE OCORRENCIA;Classificada;23/02/2023 08:06;Não
2023-26457426-9;(BM) 2023-008827491-001;23/02/2023 08:59;RUA GUANABARA, Nº 1421 - RECANTO DA HARMONIA - PASSOS;-207.064.454;-465.987.407;V01018 - VITIMA DE MAL NAO DEFINIDO (DISTURBIO) (C) (Prioridade: 1 - Alta);1CIA IND/2CIA/1PEL(PASSOS);UR04360;Não;Não;Não;BOLETIM DE OCORRENCIA;Classificada;24/02/2023 07:47;Não
2023-26457628-3;(BM) 2023-008829776-001;23/02/2023 09:17;RODOVIA MG 050, Nº S/N - PASSOS;-207.371.492;-466.395.925;X03000 - EMPENHO ADMINISTRATIVO (C) (Prioridade: 2 - Média);1CIA IND/2CIA/1PEL(PASSOS);01193;Não;Não;Não;BOLETIM DE OCORRENCIA;Classificada;24/02/2023 07:47;Não
2023-26458300-6;(BM) 2023-008838645-001;23/02/2023 10:13;RODOVIA MGC 146, Km 359 - RECANTO DA HARMONIA - PASSOS;-207.008.288;-465.874.779;V01018 - VITIMA DE MAL NAO DEFINIDO (DISTURBIO) (C) (Prioridade: 1 - Alta);1CIA IND/2CIA/1PEL(PASSOS);UR04360;Não;Não;Não;BOLETIM DE OCORRENCIA;Classificada;24/02/2023 07:47;Não
2023-26458981-5;(BM) 2023-008974604-001;23/02/2023 11:13;PONTE PONTE, Nº S/N - CENTRO - SAO JOAO BATISTA GLORIA;-206.409.991;-465.031.234;S01002 - PRINCIPIO DE AFOGAMENTO EM RIO / RIACHO / CORREGO (C) (Prioridade: 1 - Alta);1CIA IND/2CIA/1PEL(PASSOS);ASL00064;Não;Não;Não;BOLETIM DE OCORRENCIA;Classificada;24/02/2023 07:47;Não
2023-26459261-1;(BM) 2023-008850728-001;23/02/2023 11:38;RUA LUCIO PELEGRINO, Nº 267 - CANDEIAS - PASSOS;-207.212.976;-466.136.304;V03018 - VITIMA DE QUEDA DA PROPRIA ALTURA (C) (Prioridade: 1 - Alta);1CIA IND/2CIA/1PEL(PASSOS);UR04360;Não;Não;Não;BOLETIM DE OCORRENCIA;Classificada;24/02/2023 07:47;Não
2023-26460240-9;(BM) 2023-008862328-001;23/02/2023 13:14;AVENIDA JUCA STOCKLER, Nº 2077 - JARDIM EMBRATEL - PASSOS;-207.414.512;-466.008.453;V02502 - VITIMA DE QUEDA (MOTOCICLISTA) (C) (Prioridade: 1 - Alta);1CIA IND/2CIA/1PEL(PASSOS);UR04360;Não;Não;Não;BOLETIM DE OCORRENCIA;Classificada;24/02/2023 07:47;Não
2023-26462117-3;(BM) 2023-008886929-001;23/02/2023 15:06;RUA VEREADOR NADRA ESPER KALLAS, Nº 270 - COHAB 4 - PASSOS;-207.213.026;-466.334.467;V01006 - VITIMA COM DIFICULDADE DE LOCOMOCAO (C) (Prioridade: 1 - Alta);1CIA IND/2CIA/1PEL(PASSOS);UR04360;Não;Não;Não;BOLETIM DE OCORRENCIA;Classificada;24/02/2023 07:47;Não
2023-26465117-0;(BM) 2023-008932789-001;23/02/2023 17:45;RUA JOAO XXIII, Nº 665 - EXPOSICAO - PASSOS;-207.333.648;-466.091.252;W03000 - SOLICITANTE ENCONTRADO - PROVIDENCIA DISPENSADA (C) (Prioridade: 3 - Baixa);1CIA IND/2CIA/1PEL(PASSOS);UR04360;Não;Não;Não;BOLETIM DE OCORRENCIA;Classificada;24/02/2023 07:46;Não
2023-26466067-9;(BM) 2023-008960128-001;23/02/2023 18:43;RUA BOA VISTA, Nº 50 - JARDIM PLANALTO - SAO JOAO BATISTA GLORIA;-20.631.493;-46.510.225;S06002 - CAPTURA DE ANIMAL SILVESTRE PERIGOSO / AGRESSIVO (C) (Prioridade: 2 - Média);1CIA IND/2CIA/1PEL(PASSOS);ASL00064;Não;Não;Não;BOLETIM DE OCORRENCIA;Classificada;24/02/2023 07:47;Não
2023-26467253-9;(BM) 2023-008960247-001;23/02/2023 19:54;RUA ARAPONGA, Nº 172 - SAO JOAO - PASSOS;-207.360.326;-466.087.533;V01008 - VITIMA COM DOR ABDOMINAL (ABDOME AGUDO) (C) (Prioridade: 1 - Alta);1CIA IND/2CIA/1PEL(PASSOS);UR04360;Não;Não;Não;BOLETIM DE OCORRENCIA;Classificada;24/02/2023 07:47;Não
2023-26468511-8;(BM) 2023-008965068-001;23/02/2023 21:22;RUA DOUTOR SATURNINO, Nº 300 - CENTRO - PASSOS;-207.223.944;-466.123.876;S06005 - CAPTURA DE INSETOS (C) (Prioridade: 2 - Média);1CIA IND/2CIA/1PEL(PASSOS);ASL00064;Não;Não;Não;BOLETIM DE OCORRENCIA;Classificada;24/02/2023 07:47;Não
2023-26472887-7;(BM) 2023-009012972-001;24/02/2023 08:04;RUA DOUTOR CARVALHO, Nº 1455 - NOSSA SENHORA DAS GRAÇAS - PASSOS;-207.352.269;-466.037.303;Q03999 - OUTROS TIPOS DE TREINAMENTO (C) (Prioridade: 2 - Média);1CIA IND/2CIA/1PEL(PASSOS);BM1637750;Não;Não;Não;BOLETIM DE OCORRENCIA;Classificada;25/02/2023 08:07;Não
2023-26473224-5;(BM) 2023-009015374-001;24/02/2023 08:35;RUA IPIRANGA, Nº 91 - JARDIM COLEGIO DE PASSOS - PASSOS;-20.724.221;-465.966.187;V03018 - VITIMA DE QUEDA DA PROPRIA ALTURA (C) (Prioridade: 1 - Alta);1CIA IND/2CIA/1PEL(PASSOS);UR04360;Não;Não;Não;BOLETIM DE OCORRENCIA;Classificada;27/02/2023 12:31;Não
2023-26473975-8;(BM) 2023-009024767-001;24/02/2023 09:38;RUA PAZINI PIASSI, Nº 162 - JARDIM CANADA II - PASSOS;-207.500.705;-466.089.495;P02002 - VISTORIA EM RISCO DE QUEDA DE ARVORE (C) (Prioridade: 2 - Média);1CIA IND/2CIA/1PEL(PASSOS);ASL00064;Não;Não;Não;BOLETIM DE OCORRENCIA;Classificada;25/02/2023 08:08;Não
2023-26479341-1;(BM) 2023-009093093-001;24/02/2023 16:11;AVENIDA AROUCA, Nº 616 - CENTRO - PASSOS;-207.182.682;-46.607.652;V01023 - VITIMA DE SINCOPE (DESMAIO)/VERTIGEM (C) (Prioridade: 1 - Alta);1CIA IND/2CIA/1PEL(PASSOS);UR04360;Não;Não;Não;BOLETIM DE OCORRENCIA;Classificada;25/02/2023 08:08;Não
2023-26482612-5;(BM) 2023-009130143-001;24/02/2023 19:22;RUA PADRE AURELIANO INACIO DE ANDRADE, Nº S/N - PENHA 2 - PASSOS;-207.171.053;-466.332.053;S06005 - CAPTURA DE INSETOS (C) (Prioridade: 2 - Média);1CIA IND/2CIA/1PEL(PASSOS);ASL00064;Não;Não;Não;BOLETIM DE OCORRENCIA;Classificada;25/02/2023 08:08;Não
2023-26489483-2;(BM) 2023-009197674-001;25/02/2023 06:03;RUA BANCARIOS, Nº 166 - NOSSA SENHORA DAS GRAÇAS - PASSOS;-207.354.317;-466.053.024;S06001 - SALVAMENTO DE ANIMAL EM RISCO / PERIGO (C) (Prioridade: 2 - Média);1CIA IND/2CIA/1PEL(PASSOS);ASL00064;Não;Não;Não;BOLETIM DE OCORRENCIA;Classificada;25/02/2023 08:08;Não
2023-26489784-9;(BM) 2023-009201934-001;25/02/2023 07:16;AVENIDA JUCA STOCKLER, Nº 2160 - SAO JOAQUIM - PASSOS;-207.423.363;-466.008.971;P03001 - PERIGO DE DERRAPAGEM (C) (Prioridade: 2 - Média);1CIA IND/2CIA/1PEL(PASSOS);ASL00064;Não;Não;Não;BOLETIM DE OCORRENCIA;Classificada;25/02/2023 08:08;Não
2023-26492309-3;(BM) 2023-009224205-001;25/02/2023 12:10;RUA GONCALVES DIAS, Nº 381 - SAO BENEDITO - PASSOS;-207.182.387;-466.058.009;S06004 - CAPTURA DE OUTROS ANIMAIS DOMESTICOS PERIGOSOS / AGRESSIVOS (C) (Prioridade: 2 - Média);1CIA IND/2CIA/1PEL(PASSOS);ASL00064;Não;Não;Não;BOLETIM DE OCORRENCIA;Classificada;26/02/2023 10:05;Não
2023-26494565-4;(BM) 2023-009246233-001;25/02/2023 15:20;RUA TUPINIQUINS, Nº 596 - NOSSA SENHORA APARECIDA - PASSOS;-207.460.647;-466.067.455;V01006 - VITIMA COM DIFICULDADE DE LOCOMOCAO (C) (Prioridade: 1 - Alta);1CIA IND/2CIA/1PEL(PASSOS);UR04360;Não;Não;Não;BOLETIM DE OCORRENCIA;Classificada;26/02/2023 10:05;Não
2023-26500909-0;(BM) 2023-009305822-001;25/02/2023 22:07;AVENIDA JUCA STOCKLER, Nº 722 - BELO HORIZONTE - PASSOS;-207.302.804;-466.049.026;V01005 - VITIMA COM CRISE HIPERTENSIVA/HIPOTENSAO (C) (Prioridade: 1 - Alta);1CIA IND/2CIA/1PEL(PASSOS);UR04360;Não;Não;Não;BOLETIM DE OCORRENCIA;Classificada;26/02/2023 10:05;Não
2023-26502090-8;(BM) 2023-009315449-001;25/02/2023 23:09;PRACA GERALDO DA SILVA MAIA, Nº 11 - CENTRO - PASSOS;-207.209.187;-46.608.037;S06003 - CAPTURA DE CAO PERIGOSO / AGRESSIVO (C) (Prioridade: 2 - Média);1CIA IND/2CIA/1PEL(PASSOS);ASL00064;Não;Não;Não;BOLETIM DE OCORRENCIA;Classificada;26/02/2023 10:05;Não
2023-26506911-4;(BM) 2023-009367720-001;26/02/2023 08:58;AVENIDA JK, Nº S/N - MONSENHOR MESSIAS - PASSOS;-207.342.178;-465.979.772;P03999 - OUTROS TIPOS DE PCI / PCA   (C) (Prioridade: 2 - Média);1CIA IND/2CIA/1PEL(PASSOS);UR04360;Não;Não;Não;BOLETIM DE OCORRENCIA;Classificada;27/02/2023 05:15;Não
2023-26507982-8;(BM) 2023-009364179-001;26/02/2023 11:14;RUA ITAJAI, Nº 557 - PASSOS;-20.716.294;-465.931.378;W03000 - SOLICITANTE ENCONTRADO - PROVIDENCIA DISPENSADA (C) (Prioridade: 3 - Baixa);1CIA IND/2CIA/1PEL(PASSOS);ASL00064;Não;Não;Não;BOLETIM DE OCORRENCIA;Classificada;27/02/2023 05:15;Não
2023-26508162-0;(BM) 2023-009364166-001;26/02/2023 11:37;RUA DOUTOR CARVALHO, Nº 1395 - NOSSA SENHORA DAS GRAÇAS - PASSOS;-207.344.115;-466.040.225;W03000 - SOLICITANTE ENCONTRADO - PROVIDENCIA DISPENSADA (C) (Prioridade: 3 - Baixa);1CIA IND/2CIA/1PEL(PASSOS);UR04360;Não;Não;Não;BOLETIM DE OCORRENCIA;Classificada;27/02/2023 05:15;Não
2023-26508657-2;(BM) 2023-009369009-001;26/02/2023 12:52;RUA CASSIA, Nº S/N - SAO BENEDITO - PASSOS;-207.221.044;-466.018.827;V03018 - VITIMA DE QUEDA DA PROPRIA ALTURA (C) (Prioridade: 1 - Alta);1CIA IND/2CIA/1PEL(PASSOS);UR04360;Não;Não;Não;BOLETIM DE OCORRENCIA;Classificada;27/02/2023 05:15;Não
2023-26511327-6;(BM) 2023-009404404-001;26/02/2023 16:35;RUA MARIANA, Nº 315 - CALIFORNIA - PASSOS;-207.049.413;-466.175.002;V01023 - VITIMA DE SINCOPE (DESMAIO)/VERTIGEM (C) (Prioridade: 1 - Alta);1CIA IND/2CIA/1PEL(PASSOS);UR04360;Não;Não;Não;BOLETIM DE OCORRENCIA;Classificada;27/02/2023 05:15;Não
2023-26512811-4;(BM) 2023-009409946-001;26/02/2023 18:13;AVENIDA SABIA, Nº 440 - PARQUE DA FAZENDA - PASSOS;-207.380.802;-466.098.309;V02502 - VITIMA DE QUEDA (MOTOCICLISTA) (C) (Prioridade: 1 - Alta);1CIA IND/2CIA/1PEL(PASSOS);UR04360;Não;Não;Não;BOLETIM DE OCORRENCIA;Classificada;27/02/2023 05:15;Não
2023-26520991-3;(BM) 2023-009485261-001;27/02/2023 08:48;RUA AMEIXAS, Nº 132 - NOSSA SENHORA DE LOURDES - PASSOS;-206.981.694;-466.180.791;V01018 - VITIMA DE MAL NAO DEFINIDO (DISTURBIO) (C) (Prioridade: 1 - Alta);1CIA IND/2CIA/1PEL(PASSOS);UR04360;Não;Não;Não;BOLETIM DE OCORRENCIA;Classificada;28/02/2023 06:16;Não
2023-26521056-7;(BM) 2023-009486946-001;27/02/2023 08:56;RUA JOAO LEITE, Nº 410 - JARDIM SANTO ANTONIO - PIUMHI;-20.480.498;-459.606.413;X03000 - EMPENHO ADMINISTRATIVO (C) (Prioridade: 2 - Média);1CIA IND/2CIA/PEL PREV E VIST(PASSOS);APF01362;Não;Não;Não;BOLETIM DE OCORRENCIA;Classificada;28/02/2023 06:19;Não
2023-26521347-0;(BM) 2023-009490000-001;27/02/2023 09:18;AVENIDA ANTONIO ADAO DA SILVA, Nº S/N - PENHA 2 - PASSOS;-207.191.081;-466.319.509;P01002 - VISTORIA DE LIBERACAO / EMISSAO DE AVCB (C) (Prioridade: 2 - Média);1CIA IND/2CIA/1PEL(PASSOS);ASL00064;Não;Não;Não;BOLETIM DE OCORRENCIA;Classificada;28/02/2023 06:18;Não
2023-26521610-3;(BM) 2023-009493149-001;27/02/2023 09:37;AVENIDA ARLINDO FIGUEIREDO, Nº 128 - CANDEIAS - PASSOS;-20.721.861;-466.142.641;P01002 - VISTORIA DE LIBERACAO / EMISSAO DE AVCB (C) (Prioridade: 2 - Média);1CIA IND/2CIA/1PEL(PASSOS);ASL00064;Não;Não;Não;BOLETIM DE OCORRENCIA;Classificada;28/02/2023 06:18;Não
2023-26521835-3;(BM) 2023-009496352-001;27/02/2023 09:55;AVENIDA AROUCA, Nº 616 - CENTRO - PASSOS;-207.182.682;-46.607.652;V01003 - VITIMA COM CRISE CONVULSIVA (C) (Prioridade: 1 - Alta);1CIA IND/2CIA/1PEL(PASSOS);UR04360;Não;Não;Não;BOLETIM DE OCORRENCIA;Classificada;28/02/2023 06:17;Não
2023-26522348-8;(BM) 2023-009504125-001;27/02/2023 10:36;AVENIDA COMENDADOR FRANCISCO A MAIA, Nº 2665 - CENTRO - PASSOS;-207.225.727;-466.125.459;W03000 - SOLICITANTE ENCONTRADO - PROVIDENCIA DISPENSADA (C) (Prioridade: 3 - Baixa);1CIA IND/2CIA/1PEL(PASSOS);UR04360;Não;Não;Não;BOLETIM DE OCORRENCIA;Classificada;28/02/2023 06:16;Não
2023-26523254-1;(BM) 2023-009516173-001;27/02/2023 11:54;RUA COIMBRAS, Nº 972 - NOSSA SENHORA DE FATIMA - PASSOS;-20.699.767;-46.616.021;V01017 - VITIMA DE INTOXICACAO / ENVENENAMENTO (C) (Prioridade: 1 - Alta);1CIA IND/2CIA/1PEL(PASSOS);UR04360;Não;Não;Não;BOLETIM DE OCORRENCIA;Classificada;28/02/2023 06:17;Não
2023-26524216-8;(BM) 2023-009527383-001;27/02/2023 13:36;PRACA DOM INACIO, Nº S/N - CENTRO - BOM JESUS DA PENHA;-210.166.918;-465.219.108;P01002 - VISTORIA DE LIBERACAO / EMISSAO DE AVCB (C) (Prioridade: 2 - Média);1CIA IND/2CIA/1PEL(PASSOS);ASL00064;Não;Não;Não;BOLETIM DE OCORRENCIA;Classificada;28/02/2023 06:17;Não
2023-26524838-8;(BM) 2023-009536174-001;27/02/2023 14:17;AVENIDA ESTACAO, Nº 56 - PARQUE DA ESTACAO - PASSOS;-207.047.702;-466.082.745;V01018 - VITIMA DE MAL NAO DEFINIDO (DISTURBIO) (C) (Prioridade: 1 - Alta);1CIA IND/2CIA/1PEL(PASSOS);UR04360;Não;Não;Não;BOLETIM DE OCORRENCIA;Classificada;28/02/2023 06:17;Não
2023-26525794-0;(BM) 2023-009550951-001;27/02/2023 15:04;RUA ELZO CALIXTO MATTAR, Nº S/N - CENTENARIO - PASSOS;-207.310.844;-466.138.722;V02407 - VITIMA DE COLISAO ENTRE AUTOMOVEL X BICICLETA (C) (Prioridade: 1 - Alta);1CIA IND/2CIA/1PEL(PASSOS);UR04360;Não;Não;Não;BOLETIM DE OCORRENCIA;Classificada;28/02/2023 06:17;Não
2023-26526465-3;(BM) 2023-009555130-001;27/02/2023 15:48;PRACA FRANCISCO SALLES, Nº 62 - BELO HORIZONTE - PASSOS;-207.265.245;-466.051.029;P01001 - VISTORIA DE FISCALIZACAO (C) (Prioridade: 2 - Média);1CIA IND/2CIA/1PEL(PASSOS);ASL00064;Não;Não;Não;BOLETIM DE OCORRENCIA;Classificada;28/02/2023 06:16;Não
2023-26526506-9;(BM) 2023-009556266-001;27/02/2023 15:53;RUA DOUTOR CARVALHO, Nº 1455 - NOSSA SENHORA DAS GRAÇAS - PASSOS;-207.352.269;-466.037.303;Q03001 - TREINAMENTO DE COMBATE A INCENDIO (C) (Prioridade: 2 - Média);1CIA IND/2CIA/1PEL(PASSOS);BM1206671;Não;Não;Não;BOLETIM DE OCORRENCIA;Classificada;28/02/2023 06:16;Não
2023-26529833-1;(BM) 2023-009594739-001;27/02/2023 19:17;AVENIDA JUCA STOCKLER, Nº S/N - NOVO HORIZONTE - PASSOS;-207.366.397;-466.024.583;S06001 - SALVAMENTO DE ANIMAL EM RISCO / PERIGO (C) (Prioridade: 2 - Média);1CIA IND/2CIA/1PEL(PASSOS);ASL00064;Não;Não;Não;BOLETIM DE OCORRENCIA;Classificada;28/02/2023 06:16;Não
2023-26530231-6;(BM) 2023-009612130-001;27/02/2023 19:40;RUA PERNAMBUCO, Nº 714 - BELA VISTA - PASSOS;-207.140.536;-465.958.551;V01003 - VITIMA COM CRISE CONVULSIVA (C) (Prioridade: 1 - Alta);1CIA IND/2CIA/1PEL(PASSOS);UR04360;Não;Não;Não;BOLETIM DE OCORRENCIA;Classificada;28/02/2023 06:17;Não
2023-26534010-9;(BM) 2023-009647036-001;28/02/2023 00:16;RUA DALIAS, Nº 1237 - COHAB 3 - PASSOS;-207.047.293;-466.234.443;V01018 - VITIMA DE MAL NAO DEFINIDO (DISTURBIO) (C) (Prioridade: 1 - Alta);1CIA IND/2CIA/1PEL(PASSOS);UR04360;Não;Não;Não;BOLETIM DE OCORRENCIA;Classificada;28/02/2023 06:19;Não
2023-26535134-7;(BM) 2023-009655255-001;28/02/2023 05:12;AVENIDA CONTORNO, Nº 2787 - SANTA EFIGENIA - BELO HORIZONTE;-199.211.644;-439.219.354;A18001 - EMPENHO DE AMBULANCIA DO IPSM (C) (Prioridade: 2 - Média);1CIA IND (POCOS DE CALDAS);01192;Não;Não;Não;BOLETIM DE OCORRENCIA;Classificada;02/03/2023 06:08;Não
2023-26536139-6;(BM) 2023-009663223-001;28/02/2023 08:20;RUA ESPIRITO SANTO, Nº S/N - BELA VISTA 2 - PASSOS;-207.120.241;-465.930.168;S06001 - SALVAMENTO DE ANIMAL EM RISCO / PERIGO (C) (Prioridade: 2 - Média);1CIA IND/2CIA/1PEL(PASSOS);ASL00064;Não;Não;Não;BOLETIM DE OCORRENCIA;Classificada;02/03/2023 08:05;Não
2023-26536598-3;(BM) 2023-009668423-001;28/02/2023 09:03;RUA DOUTOR CARVALHO, Nº 1455 - NOSSA SENHORA DAS GRAÇAS - PASSOS;-207.352.269;-466.037.303;Q03005 - TREINAMENTO DE SALVAMENTO TERRESTRE (C) (Prioridade: 2 - Média);1CIA IND/2CIA/1PEL(PASSOS);BM1272152;Não;Não;Não;BOLETIM DE OCORRENCIA;Classificada;02/03/2023 08:05;Não
2023-26536865-8;(BM) 2023-009672161-001;28/02/2023 09:29;RODOVIA MG 050, Km 351 - PASSOS;-20.734.536;-465.792.906;P01002 - VISTORIA DE LIBERACAO / EMISSAO DE AVCB (C) (Prioridade: 2 - Média);1CIA IND/2CIA/PEL PREV E VIST(PASSOS);APF01362;Não;Não;Não;BOLETIM DE OCORRENCIA;Classificada;02/03/2023 08:06;Não
2023-26537218-6;(BM) 2023-009676956-001;28/02/2023 10:02;RUA PRESIDENTE ANTONIO CARLOS, Nº 39 - CENTRO - PASSOS;-207.205.895;-466.089.708;S06001 - SALVAMENTO DE ANIMAL EM RISCO / PERIGO (C) (Prioridade: 2 - Média);1CIA IND/2CIA/1PEL(PASSOS);ASL00064;Não;Não;Não;BOLETIM DE OCORRENCIA;Classificada;02/03/2023 08:05;Não
2023-26538580-9;(BM) 2023-009695439-001;28/02/2023 11:49;RUA HENRIQUE AMELIO DE OLIVEIRA, Nº 190 - RECANTO DA TEKA - PASSOS;-207.449.678;-465.961.244;V01006 - VITIMA COM DIFICULDADE DE LOCOMOCAO (C) (Prioridade: 1 - Alta);1CIA IND/2CIA/1PEL(PASSOS);UR04360;Não;Não;Não;BOLETIM DE OCORRENCIA;Classificada;01/03/2023 10:47;Não
2023-26538759-1;(BM) 2023-009964650-001;28/02/2023 12:14;RUA SAO JOSE, Nº 292 - RESIDENCAL SAO BERNARDO - POCOS DE CALDAS;-217.872.686;-465.917.276;X03000 - EMPENHO ADMINISTRATIVO (C) (Prioridade: 2 - Média);1CIA IND/2CIA/PEL PREV E VIST(PASSOS);APF01362;Não;Não;Não;BOLETIM DE OCORRENCIA;Classificada;12/03/2023 08:35;Não
2023-26539257-9;(BM) 2023-009703794-001;28/02/2023 13:04;RUA AZARIAS AZEVEDO MELO, Nº 281 - PRIMAVERA - CASSIA;-205.884.323;-469.212.523;P01002 - VISTORIA DE LIBERACAO / EMISSAO DE AVCB (C) (Prioridade: 2 - Média);1CIA IND/2CIA/1PEL(PASSOS);ASL00064;Não;Não;Não;BOLETIM DE OCORRENCIA;Classificada;02/03/2023 08:05;Não
2023-26540308-5;(BM) 2023-009716270-001;28/02/2023 14:21;RUA CORONEL ANTONIO JOAQUIM, Nº 250 - CENTRO - CAPETINGA;-206.171.491;-470.568.843;P01002 - VISTORIA DE LIBERACAO / EMISSAO DE AVCB (C) (Prioridade: 2 - Média);1CIA IND/2CIA/1PEL(PASSOS);ASL00064;Não;Não;Não;BOLETIM DE OCORRENCIA;Classificada;02/03/2023 08:05;Não
2023-26540489-1;(BM) 2023-009718736-001;28/02/2023 14:34;RUA CAPITAO LIMIRIO, Nº S/N - CENTENARIO - PASSOS;-207.295.769;-466.129.667;V02408 - VITIMA DE COLISAO ENTRE AUTOMOVEL X MOTOCICLETA (C) (Prioridade: 1 - Alta);1CIA IND/2CIA/1PEL(PASSOS);UR04360;Não;Não;Não;BOLETIM DE OCORRENCIA;Classificada;01/03/2023 10:47;Não
2023-26540993-1;(BM) 2023-009723923-001;28/02/2023 14:59;AVENIDA BENEDITO DAMASCENO DA SILVA, Nº S/N - MARIA PARREIRA - ITAU DE MINAS;-207.449.121;-467.462.639;S06001 - SALVAMENTO DE ANIMAL EM RISCO / PERIGO (C) (Prioridade: 2 - Média);1CIA IND/2CIA/1PEL(PASSOS);ABTS0495;Não;Não;Não;BOLETIM DE OCORRENCIA;Classificada;02/03/2023 08:06;Não
2023-26541145-8;(BM) 2023-009725922-001;28/02/2023 15:07;RUA SANTA INES, Nº S/N - CENTRO - PASSOS;-207.256.528;-46.608.784;V01018 - VITIMA DE MAL NAO DEFINIDO (DISTURBIO) (C) (Prioridade: 1 - Alta);1CIA IND/2CIA/1PEL(PASSOS);UR04360;Não;Não;Não;BOLETIM DE OCORRENCIA;Classificada;02/03/2023 08:06;Não
2023-26542001-3;(BM) 2023-009734388-001;28/02/2023 16:03;RUA DOUTOR CARVALHO, Nº 1455 - NOSSA SENHORA DAS GRAÇAS - PASSOS;-207.352.269;-466.037.303;P01001 - VISTORIA DE FISCALIZACAO (C) (Prioridade: 2 - Média);1CIA IND/2CIA/1PEL(PASSOS);ASL00064;Não;Não;Não;BOLETIM DE OCORRENCIA;Classificada;02/03/2023 08:06;Não
2023-26545465-0;(BM) 2023-009769424-001;28/02/2023 20:40;AVENIDA ELDORADO, Nº S/N - JARDIM CIDADE - PASSOS;-207.288.849;-466.238.387;S06002 - CAPTURA DE ANIMAL SILVESTRE PERIGOSO / AGRESSIVO (C) (Prioridade: 2 - Média);1CIA IND/2CIA/1PEL(PASSOS);ASL00064;Não;Não;Não;BOLETIM DE OCORRENCIA;Classificada;02/03/2023 08:06;Não
2023-26546500-5;(BM) 2023-009780963-001;28/02/2023 21:52;RUA EVARISTO ALCANTARA LEMOS, Nº 109 - EXPOSICAO - PASSOS;-207.329.285;-466.078.622;V01008 - VITIMA COM DOR ABDOMINAL (ABDOME AGUDO) (C) (Prioridade: 1 - Alta);1CIA IND/2CIA/1PEL(PASSOS);UR04360;Não;Não;Não;BOLETIM DE OCORRENCIA;Classificada;02/03/2023 08:06;Não
