Nº chamada;Nº REDS;Data/hora de criação;Local do fato;Latitude  do local;Longitude do local;Natureza;Unidade Responsável;Recursos empenhados;Alerta;Destaque;Envolve autoridade;Tipo de classificação;Situação;Data/hora da situação atual;Evento associado
2023-29002082-8;(BM) 2023-035775349-001;01/08/2023 13:50;RUA ACRE, Nº 1064 - SANTA LUZIA - PASSOS;-207.081.217;-465.982.654;P01001 - VISTORIA DE FISCALIZACAO (C) (Prioridade: 2 - Média);1CIA IND/2CIA/PEL PREV E VIST(PASSOS);APF01362;Não;Não;Não;BOLETIM DE OCORRENCIA;Classificada;02/08/2023 07:28;Não
2023-29002084-3;(BM) 2023-035781738-001;01/08/2023 13:50;RUA CHINA, Nº 306 - CONDOMÍNIO DAS NAÇÕES. - PASSOS;-207.312.888;-465.921.316;P01001 - VISTORIA DE FISCALIZACAO (C) (Prioridade: 2 - Média);1CIA IND/2CIA/PEL PREV E VIST(PASSOS);APF01362;Não;Não;Não;BOLETIM DE OCORRENCIA;Classificada;02/08/2023 07:28;Não
2023-29002086-9;(BM) 2023-035785015-001;01/08/2023 13:51;RUA DAVID BALDINI, Nº 694 - VILA RICA - PASSOS;-20.726.133;-465.997.811;P01001 - VISTORIA DE FISCALIZACAO (C) (Prioridade: 2 - Média);1CIA IND/2CIA/PEL PREV E VIST(PASSOS);APF01362;Não;Não;Não;BOLETIM DE OCORRENCIA;Classificada;02/08/2023 07:28;Não
2023-29002088-4;(BM) 2023-035786900-001;01/08/2023 13:52;RUA CONTABILISTAS, Nº 39 - NOVO HORIZONTE - PASSOS;-207.285.677;-466.027.798;P01001 - VISTORIA DE FISCALIZACAO (C) (Prioridade: 2 - Média);1CIA IND/2CIA/PEL PREV E VIST(PASSOS);APF01362;Não;Não;Não;BOLETIM DE OCORRENCIA;Classificada;02/08/2023 07:28;Não
2023-29002575-5;(BM) 2023-035781991-001;01/08/2023 14:25;RUA FARMACEUTICOS, Nº 133 - NOVO HORIZONTE - PASSOS;-207.296.244;-466.031.183;V01007 - VITIMA COM DISPNEIA (FALTA DE AR) (C) (Prioridade: 1 - Alta);1CIA IND/2CIA/1PEL(PASSOS);UR04360;Não;Não;Não;BOLETIM DE OCORRENCIA;Classificada;02/08/2023 07:27;Não
2023-29003728-0;(BM) 2023-035797401-001;01/08/2023 15:28;RUA ACRE, Nº 1625 - PASSOS;-207.041.382;-465.943.898;P01001 - VISTORIA DE FISCALIZACAO (C) (Prioridade: 2 - Média);1CIA IND/2CIA/1PEL(PASSOS);TPO00155;Não;Não;Não;BOLETIM DE OCORRENCIA;Classificada;02/08/2023 07:27;Não
2023-29003935-4;(BM) 2023-035799909-001;01/08/2023 15:39;RUA PARA, Nº 2051 - JARDIM COLEGIO DE PASSOS - PASSOS;-207.196.409;-465.937.585;P01001 - VISTORIA DE FISCALIZACAO (C) (Prioridade: 2 - Média);1CIA IND/2CIA/1PEL(PASSOS);TPO00155;Não;Não;Não;BOLETIM DE OCORRENCIA;Classificada;02/08/2023 07:27;Não
2023-29004125-0;(BM) 2023-035802629-001;01/08/2023 15:47;RUA DOUTOR CARVALHO, Nº 1455 - NOSSA SENHORA DAS GRAÇAS - PASSOS;-207.352.269;-466.037.303;Q03005 - TREINAMENTO DE SALVAMENTO TERRESTRE (C) (Prioridade: 2 - Média);1CIA IND/2CIA/1PEL(PASSOS);BM1315175;Não;Não;Não;BOLETIM DE OCORRENCIA;Classificada;02/08/2023 07:27;Não
2023-29004203-1;(BM) 2023-035802986-001;01/08/2023 15:51;AVENIDA EXPEDICIONARIOS, Nº 1964 - PASSOS;-20.724.863;-465.884.146;P01002 - VISTORIA DE LIBERACAO / EMISSAO DE AVCB (C) (Prioridade: 2 - Média);1CIA IND/2CIA/1PEL(PASSOS);TPO00155;Não;Não;Não;BOLETIM DE OCORRENCIA;Classificada;02/08/2023 07:27;Não
2023-29005221-9;(BM) 2023-035816005-001;01/08/2023 16:46;AVENIDA PERIMETRAL, Nº 532 - PENHA - PASSOS;;;V01015 - VITIMA COM HEMORRAGIA (C) (Prioridade: 1 - Alta);1CIA IND/2CIA/1PEL(PASSOS);UR04360;Não;Não;Não;BOLETIM DE OCORRENCIA;Classificada;02/08/2023 07:27;Não
2023-29007545-1;(BM) 2023-035840712-001;01/08/2023 19:15;RUA CORONEL JOAO DE BARROS, Nº 840 - CENTRO - PASSOS;-207.250.122;-466.095.343;S06001 - SALVAMENTO DE ANIMAL EM RISCO / PERIGO (C) (Prioridade: 2 - Média);1CIA IND/2CIA/1PEL(PASSOS);ASL00064;Não;Não;Não;BOLETIM DE OCORRENCIA;Classificada;02/08/2023 07:27;Não
2023-29007617-0;(BM) 2023-035841600-001;01/08/2023 19:21;ESTRADA PRINCIPAL BANANAL, Nº S/N - PASSOS;-20.650.833;-46.740.833;O02034 - INCENDIO EM CACAMBA DE LIXO / ENTULHO (C) (Prioridade: 2 - Média);1CIA IND/2CIA/1PEL(PASSOS);ABTS0495;Não;Não;Não;BOLETIM DE OCORRENCIA;Classificada;02/08/2023 07:27;Não
2023-29007989-5;(BM) 2023-035845126-001;01/08/2023 19:45;AVENIDA COMENDADOR FRANCISCO A MAIA, Nº 2480 - CANDEIAS - PASSOS;-20.720.625;-466.131.152;S06001 - SALVAMENTO DE ANIMAL EM RISCO / PERIGO (C) (Prioridade: 2 - Média);1CIA IND/2CIA/1PEL(PASSOS);ASL00064;Não;Não;Não;BOLETIM DE OCORRENCIA;Classificada;02/08/2023 07:27;Não
2023-29008028-5;(BM) 2023-035845702-001;01/08/2023 19:49;RUA JESO RIBEIRO DE ABREU, Nº 401 - NOVA CALIFORNIA - PASSOS;-2.070.012;-466.217.638;S06005 - CAPTURA DE INSETOS (C) (Prioridade: 2 - Média);1CIA IND/2CIA/1PEL(PASSOS);ASL00064;Não;Não;Não;BOLETIM DE OCORRENCIA;Classificada;02/08/2023 07:27;Não
2023-29009648-5;(BM) 2023-035862989-001;01/08/2023 21:45;RODOVIA MG 050, Km 364 - PASSOS;-207.357.243;-466.916.083;V02108 - VITIMA DE ATROPELAMENTO DE MOTOCICLETA X ANIMAL (C) (Prioridade: 1 - Alta);1CIA IND/2CIA/1PEL(PASSOS);UR04360;Não;Não;Não;BOLETIM DE OCORRENCIA;Classificada;02/08/2023 07:27;Não
2023-29014725-3;(BM) 2023-035925617-001;02/08/2023 10:16;AVENIDA MONTESE, Nº S/N - SERRA DAS BRISAS - PASSOS;-207.322.172;-465.987.907;S06004 - CAPTURA DE OUTROS ANIMAIS DOMESTICOS PERIGOSOS / AGRESSIVOS (C) (Prioridade: 2 - Média);1CIA IND/2CIA/1PEL(PASSOS);ABTS0495;Não;Não;Não;BOLETIM DE OCORRENCIA;Classificada;03/08/2023 07:17;Não
2023-29015443-7;(BM) 2023-035926730-001;02/08/2023 11:10;RUA ARIZONA, Nº 551 - RESIDENCIAL ELDORADO - PASSOS;-207.303.796;-46.623.095;P01001 - VISTORIA DE FISCALIZACAO (C) (Prioridade: 2 - Média);1CIA IND/2CIA/PEL PREV E VIST(PASSOS);APF01362;Não;Não;Não;BOLETIM DE OCORRENCIA;Classificada;03/08/2023 07:17;Não
2023-29015445-2;(BM) 2023-035930256-001;02/08/2023 11:11;RUA TICO TICO, Nº 124 - SAO JOAO - PASSOS;-207.360.843;-466.079.991;P01001 - VISTORIA DE FISCALIZACAO (C) (Prioridade: 2 - Média);1CIA IND/2CIA/PEL PREV E VIST(PASSOS);APF01362;Não;Não;Não;BOLETIM DE OCORRENCIA;Classificada;03/08/2023 07:17;Não
2023-29015447-8;(BM) 2023-035930193-001;02/08/2023 11:11;RUA ALABAMA, Nº 140 - RESIDENCIAL ELDORADO - PASSOS;-207.302.493;-46.619.491;P01001 - VISTORIA DE FISCALIZACAO (C) (Prioridade: 2 - Média);1CIA IND/2CIA/PEL PREV E VIST(PASSOS);APF01362;Não;Não;Não;BOLETIM DE OCORRENCIA;Classificada;03/08/2023 07:17;Não
2023-29015449-3;(BM) 2023-035932099-001;02/08/2023 11:12;RUA MACHADO DE ASSIS, Nº 436 - SAO FRANCISCO - PASSOS;-207.252.482;-466.174.113;P01001 - VISTORIA DE FISCALIZACAO (C) (Prioridade: 2 - Média);1CIA IND/2CIA/PEL PREV E VIST(PASSOS);APF01362;Não;Não;Não;BOLETIM DE OCORRENCIA;Classificada;03/08/2023 07:17;Não
2023-29015474-0;(BM) 2023-035932149-001;02/08/2023 11:14;RUA CURITIBA, Nº 217 - JARDIM COLEGIO DE PASSOS - PASSOS;-207.202.141;-465.959.806;V01023 - VITIMA DE SINCOPE (DESMAIO)/VERTIGEM (C) (Prioridade: 1 - Alta);1CIA IND/2CIA/1PEL(PASSOS);UR04360;Não;Não;Não;BOLETIM DE OCORRENCIA;Classificada;03/08/2023 07:16;Não
2023-29016068-5;(BM) 2023-035934057-001;02/08/2023 12:12;RUA VITORIA REGIA, Nº S/N - PANORAMA - PASSOS;-207.102.061;-466.139.971;O04012 - INCENDIO EM LOTE VAGO (AREA URBANA) (C) (Prioridade: 2 - Média);1CIA IND/2CIA/1PEL(PASSOS);ABTS0495;Não;Não;Não;BOLETIM DE OCORRENCIA;Classificada;03/08/2023 07:16;Não
2023-29018822-1;(BM) 2023-035977171-001;02/08/2023 15:29;RUA JOAQUIM LEMOS MAIA, Nº S/N - NOVA PASSOS - PASSOS;-207.049.601;-466.378.431;W08000 - CANCELADA POR INDISPONIBILIDADE DE VIATURA (C) (Prioridade: 3 - Baixa);1CIA IND/2CIA/1PEL(PASSOS);BM1797331;Não;Não;Não;BOLETIM DE OCORRENCIA;Classificada;03/08/2023 07:17;Não
2023-29018958-3;(BM) 2023-035969751-001;02/08/2023 15:37;AVENIDA COMENDADOR FRANCISCO A MAIA, Nº 1451 - CENTRO - PASSOS;-207.136.649;-466.098.506;X03000 - EMPENHO ADMINISTRATIVO (C) (Prioridade: 2 - Média);1CIA IND/2CIA/1PEL(PASSOS);ASL00064;Não;Não;Não;BOLETIM DE OCORRENCIA;Classificada;03/08/2023 07:16;Não
2023-29019670-0;(BM) 2023-035978477-001;02/08/2023 16:17;RUA EGITO, Nº 11 - NOVO MUNDO 4 - PASSOS;-207.294.886;-465.877.311;S04009 - SALVAMENTO DE PESSOA PRESA EM IMOVEL (C) (Prioridade: 2 - Média);1CIA IND/2CIA/1PEL(PASSOS);ASL00064;Não;Não;Não;BOLETIM DE OCORRENCIA;Classificada;03/08/2023 07:16;Não
2023-29021566-1;(BM) 2023-036005240-001;02/08/2023 18:16;RUA BAHIA, Nº S/N - BELA VISTA - PASSOS;-207.164.022;-466.008.283;O04012 - INCENDIO EM LOTE VAGO (AREA URBANA) (C) (Prioridade: 2 - Média);1CIA IND/2CIA/1PEL(PASSOS);ABTS0495;Não;Não;Não;BOLETIM DE OCORRENCIA;Classificada;03/08/2023 07:16;Não
2023-29021640-2;(BM) 2023-036000914-001;02/08/2023 18:19;RUA DOUTOR CARVALHO, Nº 1455 - NOSSA SENHORA DAS GRAÇAS - PASSOS;-207.352.269;-466.037.303;Q03004 - TREINAMENTO DE SALVAMENTO EM ALTURA (C) (Prioridade: 2 - Média);1CIA IND/2CIA/1PEL(PASSOS);BM1206671;Não;Não;Não;BOLETIM DE OCORRENCIA;Classificada;03/08/2023 07:16;Não
2023-29022104-1;(BM) 2023-036005920-001;02/08/2023 18:52;RUA DENIS PROVENZANI DE ALMEIDA, Nº S/N - RESIDENCIAL VILLAGIO DI ITALIA - PASSOS;-207.324.276;-4.659.219;O04011 - INCENDIO EM AREA URBANA NAO PROTEGIDA (C) (Prioridade: 2 - Média);1CIA IND/2CIA/1PEL(PASSOS);ABTS0495;Não;Não;Não;BOLETIM DE OCORRENCIA;Classificada;03/08/2023 07:16;Não
2023-29025345-4;(BM) 2023-036040208-001;02/08/2023 22:31;AVENIDA EXPEDICIONARIOS, Nº 2021 - CASARAO - PASSOS;-207.251.525;-465.886.436;V02408 - VITIMA DE COLISAO ENTRE AUTOMOVEL X MOTOCICLETA (C) (Prioridade: 1 - Alta);1CIA IND/2CIA/1PEL(PASSOS);UR04360;Não;Não;Não;BOLETIM DE OCORRENCIA;Classificada;03/08/2023 07:15;Não
2023-29025827-5;(BM) 2023-036045270-001;02/08/2023 23:07;RUA DIVINOPOLIS, Nº 615 - COHAB 3 - PASSOS;-207.070.051;-46.629.391;S06001 - SALVAMENTO DE ANIMAL EM RISCO / PERIGO (C) (Prioridade: 2 - Média);1CIA IND/2CIA/1PEL(PASSOS);ASL00064;Não;Não;Não;BOLETIM DE OCORRENCIA;Classificada;03/08/2023 07:16;Não
2023-29028329-4;(BM) 2023-036071330-001;03/08/2023 07:14;AVENIDA AROUCA, Nº S/N - CENTRO - PASSOS;-20.715.228;-466.094.169;V02402 - VITIMA DE COLISAO ENTRE MOTOCICLETAS (C) (Prioridade: 1 - Alta);1CIA IND/2CIA/1PEL(PASSOS);UR04360;Não;Não;Não;BOLETIM DE OCORRENCIA;Classificada;03/08/2023 20:49;Não
2023-29028965-5;(BM) 2023-036078098-001;03/08/2023 08:26;AVENIDA POCOS DE CALDAS, Nº S/N - COHAB 2 - PASSOS;-207.104.463;-466.259.895;S06001 - SALVAMENTO DE ANIMAL EM RISCO / PERIGO (C) (Prioridade: 2 - Média);1CIA IND/2CIA/1PEL(PASSOS);ASL00064;Não;Não;Não;BOLETIM DE OCORRENCIA;Classificada;04/08/2023 07:35;Não
2023-29029074-0;(BM) 2023-036078057-001;03/08/2023 08:36;AVENIDA AROUCA, Nº 504 - CENTRO - PASSOS;-207.175.814;-466.082.738;V02408 - VITIMA DE COLISAO ENTRE AUTOMOVEL X MOTOCICLETA (C) (Prioridade: 1 - Alta);1CIA IND/2CIA/1PEL(PASSOS);UR04360;Não;Não;Não;BOLETIM DE OCORRENCIA;Classificada;04/08/2023 07:36;Não
2023-29029992-3;(BM) 2023-036089408-001;03/08/2023 10:01;RUA PICA PAU, Nº 294 - PARQUE DA FAZENDA - PASSOS;-207.372.667;-4.660.769;V01003 - VITIMA COM CRISE CONVULSIVA (C) (Prioridade: 1 - Alta);1CIA IND/2CIA/1PEL(PASSOS);UR04360;Não;Não;Não;BOLETIM DE OCORRENCIA;Classificada;04/08/2023 07:36;Não
2023-29032445-9;(BM) 2023-036158340-001;03/08/2023 13:50;RUA DOUTOR SEPULVEDA, Nº S/N - SANTA CASA - PASSOS;-207.105.701;-466.129.292;P01003 - VISTORIA EM EVENTOS TEMPORARIOS (C) (Prioridade: 1 - Alta);1CIA IND/2CIA/PEL PREV E VIST(PASSOS);APF01362;Não;Não;Não;BOLETIM DE OCORRENCIA;Classificada;04/08/2023 07:36;Não
2023-29033856-9;;03/08/2023 15:08;AVENIDA VENERANDO PIO DA SILVEIRA, Nº S/N - RESIDENCIAL ALTO DA COLINA - CONCEICAO DA APARECIDA;-211.077.521;-462.004.155;P01003 - VISTORIA EM EVENTOS TEMPORARIOS (C) (Prioridade: 1 - Alta);1CIA IND/2CIA/1PEL(PASSOS);;Não;Não;Não;ATENDIDA PELO SAMU;Classificada;07/08/2023 10:48;Não
2023-29033880-3;;03/08/2023 15:09;AVENIDA VENERANDO PIO DA SILVEIRA, Nº S/N - RESIDENCIAL ALTO DA COLINA - CONCEICAO DA APARECIDA;-211.077.521;-462.004.155;P01003 - VISTORIA EM EVENTOS TEMPORARIOS (C) (Prioridade: 1 - Alta);1CIA IND/2CIA/1PEL(PASSOS);;Não;Não;Não;ATENDIDA PELO SAMU;Classificada;07/08/2023 10:48;Não
2023-29033966-7;(BM) 2023-036245755-001;03/08/2023 15:13;AVENIDA ARLINDO FIGUEIREDO, Nº S/N - JARDIM PINHEIROS 2 - PASSOS;-207.262.479;-466.225.308;X03000 - EMPENHO ADMINISTRATIVO (C) (Prioridade: 2 - Média);1CIA IND/2CIA/1PEL(PASSOS);ASL00064;Não;Não;Não;BOLETIM DE OCORRENCIA;Classificada;04/08/2023 07:35;Não
2023-29035132-0;(BM) 2023-036153125-001;03/08/2023 16:17;RUA DAVID BALDINI, Nº 392 - BELO HORIZONTE - PASSOS;-207.250.988;-466.030.383;P01001 - VISTORIA DE FISCALIZACAO (C) (Prioridade: 2 - Média);1CIA IND/2CIA/PEL PREV E VIST(PASSOS);APF01362;Não;Não;Não;BOLETIM DE OCORRENCIA;Classificada;04/08/2023 07:35;Não
2023-29037248-5;(BM) 2023-036177767-001;03/08/2023 18:24;RUA LAMPIAO, Nº 90 - CASARAO - PASSOS;-207.186.087;-465.898.804;S06006 - EXTERMINIO DE INSETOS (C) (Prioridade: 2 - Média);1CIA IND/2CIA/1PEL(PASSOS);ASL00064;Não;Não;Não;BOLETIM DE OCORRENCIA;Classificada;04/08/2023 07:35;Não
2023-29039343-7;(BM) 2023-036199334-001;03/08/2023 20:45;RUA CANADA, Nº 180 - PASSOS;-207.266.824;-465.902.858;S06002 - CAPTURA DE ANIMAL SILVESTRE PERIGOSO / AGRESSIVO (C) (Prioridade: 2 - Média);1CIA IND/2CIA/1PEL(PASSOS);ASL00064;Não;Não;Não;BOLETIM DE OCORRENCIA;Classificada;04/08/2023 07:35;Não
2023-29043726-0;(BM) 2023-036244581-001;04/08/2023 06:09;RUA SAO JOSE, Nº 383 - COUNTRY CLUB - POCOS DE CALDAS;-217.879.543;-465.915.699;X03000 - EMPENHO ADMINISTRATIVO (C) (Prioridade: 2 - Média);1CIA IND/2CIA/1PEL(PASSOS);ASL00064;Não;Não;Não;BOLETIM DE OCORRENCIA;Classificada;06/08/2023 06:32;Não
2023-29043891-6;(BM) 2023-036245937-001;04/08/2023 06:41;RUA CANOAS, Nº S/N - NOVO HORIZONTE - PASSOS;-207.335.074;-466.020.721;O02033 - INCENDIO EM AMONTOADO DE LIXO (C) (Prioridade: 2 - Média);1CIA IND/2CIA/1PEL(PASSOS);ABTS0495;Não;Não;Não;BOLETIM DE OCORRENCIA;Classificada;04/08/2023 07:36;Não
2023-29044716-1;(BM) 2023-036253658-001;04/08/2023 08:31;RUA IRLANDA, Nº 40 - NOVO MUNDO 4 - PASSOS;-207.299.258;-465.886.007;P01001 - VISTORIA DE FISCALIZACAO (C) (Prioridade: 2 - Média);1CIA IND/2CIA/PEL PREV E VIST(PASSOS);APF01362;Não;Não;Não;BOLETIM DE OCORRENCIA;Classificada;06/08/2023 06:32;Não
2023-29044982-5;(BM) 2023-036256692-001;04/08/2023 08:59;RUA VENEZUELA, Nº S/N - POLIVALENTE - PASSOS;-207.022.211;-466.028.496;P01001 - VISTORIA DE FISCALIZACAO (C) (Prioridade: 2 - Média);1CIA IND/2CIA/PEL PREV E VIST(PASSOS);APF01362;Não;Não;Não;BOLETIM DE OCORRENCIA;Classificada;06/08/2023 06:33;Não
2023-29045186-5;(BM) 2023-036259198-001;04/08/2023 09:17;RUA TEREZA LIMA MAIA, Nº S/N - PENHA 2 - PASSOS;-207.177.481;-466.307.419;P01001 - VISTORIA DE FISCALIZACAO (C) (Prioridade: 2 - Média);1CIA IND/2CIA/PEL PREV E VIST(PASSOS);APF01362;Não;Não;Não;BOLETIM DE OCORRENCIA;Classificada;06/08/2023 06:33;Não
2023-29045969-2;(BM) 2023-036268750-001;04/08/2023 10:23;AVENIDA COMENDADOR FRANCISCO A MAIA, Nº 3800 - MARIO MAGALHAES - PASSOS;-207.314.654;-466.076.183;P01001 - VISTORIA DE FISCALIZACAO (C) (Prioridade: 2 - Média);1CIA IND/2CIA/PEL PREV E VIST(PASSOS);APF01362;Não;Não;Não;BOLETIM DE OCORRENCIA;Classificada;06/08/2023 06:33;Não
2023-29048539-0;(BM) 2023-036300092-001;04/08/2023 14:15;RUA SURINAME, Nº S/N - NOVO MUNDO - PASSOS;-207.261.806;-465.915.631;O04011 - INCENDIO EM AREA URBANA NAO PROTEGIDA (C) (Prioridade: 2 - Média);1CIA IND/2CIA/1PEL(PASSOS);ABTS0495;Não;Não;Não;BOLETIM DE OCORRENCIA;Classificada;06/08/2023 06:33;Não
2023-29050606-8;(BM) 2023-036339860-001;04/08/2023 16:00;RUA ANTONIO LOPES DA CUNHA, Nº 44 - PARQUE DA ESTACAO - PASSOS;-207.070.551;-46.612.177;X03000 - EMPENHO ADMINISTRATIVO (C) (Prioridade: 2 - Média);1CIA IND/2CIA/1PEL(PASSOS);UR04360;Não;Não;Não;BOLETIM DE OCORRENCIA;Classificada;06/08/2023 06:33;Não
2023-29053586-9;(BM) 2023-036358826-001;04/08/2023 19:02;RUA JOSE MERCHIORATO, Nº S/N - SANTA CASA - PASSOS;-207.115.647;-466.110.439;O04011 - INCENDIO EM AREA URBANA NAO PROTEGIDA (C) (Prioridade: 2 - Média);1CIA IND/2CIA/1PEL(PASSOS);ABTS0495;Não;Não;Não;BOLETIM DE OCORRENCIA;Classificada;06/08/2023 06:34;Não
2023-29056751-0;(BM) 2023-036387724-001;04/08/2023 22:23;RUA JOSE MERCHIORATO, Nº S/N - SANTA CASA - PASSOS;-207.115.647;-466.110.439;O04012 - INCENDIO EM LOTE VAGO (AREA URBANA) (C) (Prioridade: 2 - Média);1CIA IND/2CIA/1PEL(PASSOS);ABTS0495;Não;Não;Não;BOLETIM DE OCORRENCIA;Classificada;06/08/2023 06:34;Não
2023-29061527-5;(BM) 2023-036427850-001;05/08/2023 08:07;RUA DOUTOR CARVALHO, Nº 1455 - NOSSA SENHORA DAS GRAÇAS - PASSOS;-207.352.269;-466.037.303;Q03005 - TREINAMENTO DE SALVAMENTO TERRESTRE (C) (Prioridade: 2 - Média);1CIA IND/2CIA/1PEL(PASSOS);BM1178508;Não;Não;Não;BOLETIM DE OCORRENCIA;Classificada;06/08/2023 06:36;Não
2023-29061852-6;(BM) 2023-036430039-001;05/08/2023 08:45;PRACA FRANCISCO SALLES, Nº S/N - BELO HORIZONTE - PASSOS;-207.264.675;-466.045.971;P03999 - OUTROS TIPOS DE PCI / PCA   (C) (Prioridade: 2 - Média);1CIA IND/2CIA/1PEL(PASSOS);ASL00064;Não;Não;Não;BOLETIM DE OCORRENCIA;Classificada;06/08/2023 06:36;Não
2023-29062856-2;(BM) 2023-036439055-001;05/08/2023 10:45;RUA PARANA, Nº 769 - BELA VISTA - PASSOS;-207.136.027;-465.990.454;V01013 - VITIMA DE EMERGENCIAS PSIQUIATRICAS (C) (Prioridade: 1 - Alta);1CIA IND/2CIA/1PEL(PASSOS);UR04360;Não;Não;Não;BOLETIM DE OCORRENCIA;Classificada;06/08/2023 06:39;Não
2023-29063113-3;(BM) 2023-036441540-001;05/08/2023 11:19;RUA NITEROI, Nº 1300 - RECANTO DA HARMONIA - PASSOS;-20.706.149;-465.961.691;V02203 - VITIMA DE CHOQUE DE AUTOMOVEL (CARRO / CAMINHONETE) (C) (Prioridade: 1 - Alta);1CIA IND/2CIA/1PEL(PASSOS);UR04360;Não;Não;Não;BOLETIM DE OCORRENCIA;Classificada;06/08/2023 06:40;Não
2023-29066300-7;;05/08/2023 15:50;RUA ADELIA FERREIRA DE SOUZA, Nº 1490 - JARDIM CANADA II - PASSOS;-207.501.603;-466.132.892;O02038 - INCENDIO EM REDE ELETRICA / POSTE / CURTO-CIRCUITO (C) (Prioridade: 2 - Média);1CIA IND/2CIA/1PEL(PASSOS);;Não;Não;Não;CANCELADA PELO COORDENADOR DO COBOM;Classificada;05/08/2023 22:46;Não
2023-29066416-1;(BM) 2023-036473937-001;05/08/2023 15:58;RUA JOAO TEIXEIRA MENDES, Nº 648 - JARDIM CANADA - PASSOS;-207.478.786;-46.606.237;W03000 - SOLICITANTE ENCONTRADO - PROVIDENCIA DISPENSADA (C) (Prioridade: 3 - Baixa);1CIA IND/2CIA/1PEL(PASSOS);UR04360;Não;Não;Não;BOLETIM DE OCORRENCIA;Classificada;06/08/2023 06:41;Não
2023-29068203-1;(BM) 2023-036564867-001;05/08/2023 17:55;RUA ADELIA FERREIRA DE SOUZA, Nº S/N - JARDIM CANADA - PASSOS;-207.542.559;-466.068.931;O04012 - INCENDIO EM LOTE VAGO (AREA URBANA) (C) (Prioridade: 2 - Média);1CIA IND/2CIA/1PEL(PASSOS);ABTS0495;Não;Não;Não;BOLETIM DE OCORRENCIA;Classificada;06/08/2023 07:58;Não
2023-29068632-8;(BM) 2023-036492279-001;05/08/2023 18:20;RODOVIA BR 146, Nº S/N - PASSOS;-20.758.941;-466.023.418;P02002 - VISTORIA EM RISCO DE QUEDA DE ARVORE (C) (Prioridade: 2 - Média);1CIA IND/2CIA/1PEL(PASSOS);ASL00064;Não;Não;Não;BOLETIM DE OCORRENCIA;Classificada;06/08/2023 06:45;Não
2023-29071226-5;(BM) 2023-036521322-001;05/08/2023 21:04;RODOVIA MG 050, Nº S/N - PASSOS;-207.371.492;-466.395.925;O04008 - INCENDIO EM AREA RURAL NAO PROTEGIDA (C) (Prioridade: 2 - Média);1CIA IND/2CIA/1PEL(PASSOS);ABTS0495;Não;Não;Não;BOLETIM DE OCORRENCIA;Classificada;06/08/2023 06:46;Não
2023-29077353-5;(BM) 2023-036559300-001;06/08/2023 04:26;AVENIDA COMENDADOR FRANCISCO A MAIA, Nº 3661 - BELO HORIZONTE - PASSOS;-2.073.046;-466.082.084;P03001 - PERIGO DE DERRAPAGEM (C) (Prioridade: 2 - Média);1CIA IND/2CIA/1PEL(PASSOS);ASL00064;Não;Não;Não;BOLETIM DE OCORRENCIA;Classificada;06/08/2023 06:46;Não
2023-29079119-9;(BM) 2023-036574351-001;06/08/2023 09:53;RUA DOUTOR CARVALHO, Nº 1455 - NOSSA SENHORA DAS GRAÇAS - PASSOS;-207.352.269;-466.037.303;Q03017 - TREINAMENTO DE PRIMEIROS SOCORROS (C) (Prioridade: 2 - Média);1CIA IND/2CIA/1PEL(PASSOS);BM1797331;Não;Não;Não;BOLETIM DE OCORRENCIA;Classificada;07/08/2023 07:45;Não
2023-29079458-4;(BM) 2023-036577292-001;06/08/2023 10:31;RUA CAMPO GRANDE, Nº 212 - JARDIM COLEGIO DE PASSOS - PASSOS;-207.223.434;-465.940.387;V01018 - VITIMA DE MAL NAO DEFINIDO (DISTURBIO) (C) (Prioridade: 1 - Alta);1CIA IND/2CIA/1PEL(PASSOS);UR04360;Não;Não;Não;BOLETIM DE OCORRENCIA;Classificada;07/08/2023 07:46;Não
2023-29079925-8;(BM) 2023-036594010-001;06/08/2023 11:27;RODOVIA MG 050, Km 334 - PASSOS;-207.233.932;-464.046.505;O04008 - INCENDIO EM AREA RURAL NAO PROTEGIDA (C) (Prioridade: 2 - Média);1CIA IND/2CIA/1PEL(PASSOS);ASL00064 / ABTS0495;Não;Não;Não;BOLETIM DE OCORRENCIA;Classificada;07/08/2023 07:45;Não
2023-29087039-7;(BM) 2023-036645685-001;06/08/2023 20:16;AVENIDA POCOS DE CALDAS, Nº S/N - COHAB 2 - PASSOS;-207.104.463;-466.259.895;V01010 - VITIMA COM DOR TORACICA/SUSPEITA DE INFARTO (IAM) (C) (Prioridade: 1 - Alta);1CIA IND/2CIA/1PEL(PASSOS);UR04360;Não;Não;Não;BOLETIM DE OCORRENCIA;Classificada;07/08/2023 07:46;Não
2023-29088031-0;(BM) 2023-036658615-001;06/08/2023 21:17;RUA SEBASTIAO PINTO COELHO, Nº S/N - MIRANTE DO VALE - PASSOS;-207.178.187;-465.818.515;V02108 - VITIMA DE ATROPELAMENTO DE MOTOCICLETA X ANIMAL (C) (Prioridade: 1 - Alta);1CIA IND/2CIA/1PEL(PASSOS);UR04360;Não;Não;Não;BOLETIM DE OCORRENCIA;Classificada;07/08/2023 07:46;Não
2023-29089119-5;(BM) 2023-036672478-001;06/08/2023 22:26;RUA TURMALINA, Nº 1310 - ACLIMACAO - PASSOS;-207.544.928;-466.024.638;V01018 - VITIMA DE MAL NAO DEFINIDO (DISTURBIO) (C) (Prioridade: 1 - Alta);1CIA IND/2CIA/1PEL(PASSOS);UR04360;Não;Não;Não;BOLETIM DE OCORRENCIA;Classificada;07/08/2023 07:46;Não
2023-29090101-7;(BM) 2023-036673247-001;06/08/2023 23:27;AVENIDA EXPEDICIONARIOS, Nº S/N - MIRANTE DO VALE - PASSOS;-207.256.744;-465.818.365;V01018 - VITIMA DE MAL NAO DEFINIDO (DISTURBIO) (C) (Prioridade: 1 - Alta);1CIA IND/2CIA/1PEL(PASSOS);UR04360;Não;Não;Não;BOLETIM DE OCORRENCIA;Classificada;07/08/2023 07:46;Não
2023-29090273-2;(BM) 2023-036674793-001;06/08/2023 23:40;RUA ACACIAS, Nº S/N - PANORAMA - PASSOS;-207.105.473;-466.181.487;O04012 - INCENDIO EM LOTE VAGO (AREA URBANA) (C) (Prioridade: 2 - Média);1CIA IND/2CIA/1PEL(PASSOS);ABTS0495;Não;Não;Não;BOLETIM DE OCORRENCIA;Classificada;07/08/2023 07:45;Não
2023-29091294-8;(BM) 2023-036685057-001;07/08/2023 01:21;RUA ATENAS, Nº S/N - PANORAMA - PASSOS;-207.053.384;-466.199.994;O04012 - INCENDIO EM LOTE VAGO (AREA URBANA) (C) (Prioridade: 2 - Média);1CIA IND/2CIA/1PEL(PASSOS);ABTS0495;Não;Não;Não;BOLETIM DE OCORRENCIA;Classificada;07/08/2023 07:46;Não
2023-29093130-1;(BM) 2023-036706565-001;07/08/2023 08:22;AVENIDA DOUTOR BRENO SOARES MAIA, Nº 519 - NOVO HORIZONTE - PASSOS;-207.308.586;-466.034.241;P01002 - VISTORIA DE LIBERACAO / EMISSAO DE AVCB (C) (Prioridade: 2 - Média);1CIA IND/2CIA/1PEL(PASSOS);TPO00155;Não;Não;Não;BOLETIM DE OCORRENCIA;Classificada;08/08/2023 07:55;Não
2023-29093519-7;(BM) 2023-036707350-001;07/08/2023 09:02;RUA DOUTOR CARVALHO, Nº 1455 - NOSSA SENHORA DAS GRAÇAS - PASSOS;-207.352.269;-466.037.303;P01002 - VISTORIA DE LIBERACAO / EMISSAO DE AVCB (C) (Prioridade: 2 - Média);1CIA IND/2CIA/1PEL(PASSOS);TPO00155;Não;Não;Não;BOLETIM DE OCORRENCIA;Classificada;08/08/2023 07:55;Não
2023-29093586-4;(BM) 2023-036707817-001;07/08/2023 09:05;RUA VENUS, Nº 190 - COHAB 3 - PASSOS;-207.078.162;-466.203.636;V01023 - VITIMA DE SINCOPE (DESMAIO)/VERTIGEM (C) (Prioridade: 1 - Alta);1CIA IND/2CIA/1PEL(PASSOS);UR04360;Não;Não;Não;BOLETIM DE OCORRENCIA;Classificada;08/08/2023 07:54;Não
2023-29093958-7;(BM) 2023-036712703-001;07/08/2023 09:39;RUA DOUTOR CARVALHO, Nº 222 - CENTRO - PASSOS;-207.237.706;-46.607.898;X03000 - EMPENHO ADMINISTRATIVO (C) (Prioridade: 2 - Média);1CIA IND/2CIA/1PEL(PASSOS);ASL00064;Não;Não;Não;BOLETIM DE OCORRENCIA;Classificada;08/08/2023 07:55;Não
2023-29094874-4;(BM) 2023-036747063-001;07/08/2023 10:49;RUA DOUTOR CARVALHO, Nº 1455 - NOSSA SENHORA DAS GRAÇAS - PASSOS;-207.352.269;-466.037.303;Q03005 - TREINAMENTO DE SALVAMENTO TERRESTRE (C) (Prioridade: 2 - Média);1CIA IND/2CIA/1PEL(PASSOS);BM1123223;Não;Não;Não;BOLETIM DE OCORRENCIA;Classificada;08/08/2023 07:54;Não
2023-29095862-0;(BM) 2023-036738285-001;07/08/2023 12:13;RUA GUAPE, Nº S/N - JARDIM ELAINE - PASSOS;-20.696.374;-466.110.661;O04012 - INCENDIO EM LOTE VAGO (AREA URBANA) (C) (Prioridade: 2 - Média);1CIA IND/2CIA/1PEL(PASSOS);ABTS0495;Não;Não;Não;BOLETIM DE OCORRENCIA;Classificada;08/08/2023 07:54;Não
2023-29096253-8;(BM) 2023-036742017-001;07/08/2023 12:52;RUA TURMALINA, Nº S/N - ACLIMACAO - PASSOS;-207.543.276;-466.029.164;O04008 - INCENDIO EM AREA RURAL NAO PROTEGIDA (C) (Prioridade: 2 - Média);1CIA IND/2CIA/1PEL(PASSOS);ABTS0495;Não;Não;Não;BOLETIM DE OCORRENCIA;Classificada;08/08/2023 07:54;Não
2023-29096679-0;(BM) 2023-036747089-001;07/08/2023 13:29;RODOVIA MG 050, Nº S/N - PASSOS;-207.371.492;-466.395.925;O04014 - INCENDIO AS MARGENS DE RODOVIA (C) (Prioridade: 2 - Média);1CIA IND/2CIA/1PEL(PASSOS);ASL00064;Não;Não;Não;BOLETIM DE OCORRENCIA;Classificada;08/08/2023 07:54;Não
2023-29097002-3;(BM) 2023-036750405-001;07/08/2023 13:51;RUA BARAO DE PASSOS, Nº 513 - PASSOS;-207.189.279;-466.070.738;P01002 - VISTORIA DE LIBERACAO / EMISSAO DE AVCB (C) (Prioridade: 2 - Média);1CIA IND/2CIA/1PEL(PASSOS);TPO00155;Não;Não;Não;BOLETIM DE OCORRENCIA;Classificada;08/08/2023 07:54;Não
2023-29098572-7;;07/08/2023 15:08;AVENIDA CELANESE, Nº 4855 - POCOS DE CALDAS;;;P02011 - VISTORIA EM ENXAME DE INSETOS (C) (Prioridade: 2 - Média);1CIA IND (POCOS DE CALDAS);;Não;Não;Não;DISPENSADA PELO SOLICITANTE;Classificada;07/08/2023 19:15;Não
2023-29099712-0;(BM) 2023-036785473-001;07/08/2023 16:00;RUA ACRE, Nº 1463 - RECANTO DA HARMONIA - PASSOS;-207.052.071;-465.954.799;P01001 - VISTORIA DE FISCALIZACAO (C) (Prioridade: 2 - Média);1CIA IND/2CIA/1PEL(PASSOS);TPO00155;Não;Não;Não;BOLETIM DE OCORRENCIA;Classificada;08/08/2023 07:54;Não
2023-29102011-7;(BM) 2023-036813849-001;07/08/2023 18:04;AVENIDA JK, Nº S/N - MONSENHOR MESSIAS - PASSOS;-207.342.178;-465.979.772;P03001 - PERIGO DE DERRAPAGEM (C) (Prioridade: 2 - Média);1CIA IND/2CIA/1PEL(PASSOS);ASL00064;Não;Não;Não;BOLETIM DE OCORRENCIA;Classificada;08/08/2023 07:54;Não
2023-29103111-7;(BM) 2023-036824219-001;07/08/2023 19:16;RUA CONTORNO, Nº 301 - SAO BENEDITO - PASSOS;-207.177.621;-466.035.906;P02011 - VISTORIA EM ENXAME DE INSETOS (C) (Prioridade: 2 - Média);1CIA IND/2CIA/1PEL(PASSOS);ASL00064;Não;Não;Não;BOLETIM DE OCORRENCIA;Classificada;08/08/2023 07:54;Não
2023-29103718-3;(BM) 2023-036830610-001;07/08/2023 19:57;AVENIDA POCOS DE CALDAS, Nº 526 - COHAB 1 - PASSOS;-207.101.924;-466.257.844;V02502 - VITIMA DE QUEDA (MOTOCICLISTA) (C) (Prioridade: 1 - Alta);1CIA IND/2CIA/1PEL(PASSOS);UR04360;Não;Não;Não;BOLETIM DE OCORRENCIA;Classificada;08/08/2023 07:53;Não
2023-29105348-7;(BM) 2023-036847674-001;07/08/2023 21:44;RUA CASSIA, Nº S/N - SAO BENEDITO - PASSOS;-207.221.044;-466.018.827;V01007 - VITIMA COM DISPNEIA (FALTA DE AR) (C) (Prioridade: 1 - Alta);1CIA IND/2CIA/1PEL(PASSOS);UR04360;Não;Não;Não;BOLETIM DE OCORRENCIA;Classificada;08/08/2023 07:53;Não
2023-29107800-4;(BM) 2023-036875210-001;08/08/2023 01:05;AVENIDA JUCA STOCKLER, Nº S/N - NOVO HORIZONTE - PASSOS;-207.366.397;-466.024.583;O02039 - INCENDIO EM TRONCO DE ARVORE (C) (Prioridade: 2 - Média);1CIA IND/2CIA/1PEL(PASSOS);ABTS0495;Não;Não;Não;BOLETIM DE OCORRENCIA;Classificada;08/08/2023 07:54;Não
2023-29110032-2;(BM) 2023-036904803-001;08/08/2023 09:15;RUA LEAO, Nº 445 - SERRA VERDE - PASSOS;-207.399.115;-465.935.899;P01001 - VISTORIA DE FISCALIZACAO (C) (Prioridade: 2 - Média);1CIA IND/2CIA/PEL PREV E VIST(PASSOS);APF01362;Não;Não;Não;BOLETIM DE OCORRENCIA;Classificada;09/08/2023 07:43;Não
2023-29110360-1;(BM) 2023-036904829-001;08/08/2023 09:44;RUA LICOMEDIO HONORIO DE FREITAS, Nº 136 - RECANTO DA TEKA - PASSOS;-207.424.876;-465.985.656;P01001 - VISTORIA DE FISCALIZACAO (C) (Prioridade: 2 - Média);1CIA IND/2CIA/PEL PREV E VIST(PASSOS);APF01362;Não;Não;Não;BOLETIM DE OCORRENCIA;Classificada;09/08/2023 07:43;Não
2023-29110530-0;(BM) 2023-036904885-001;08/08/2023 10:00;RUA ALBERTINO FERREIRA ROSA, Nº 177 - PASSOS;-207.374.621;-465.877.539;P01001 - VISTORIA DE FISCALIZACAO (C) (Prioridade: 2 - Média);1CIA IND/2CIA/PEL PREV E VIST(PASSOS);APF01362;Não;Não;Não;BOLETIM DE OCORRENCIA;Classificada;09/08/2023 07:43;Não
2023-29110949-6;(BM) 2023-036910462-001;08/08/2023 10:34;RUA CAMPOS GERAIS, Nº S/N - NOSSA SENHORA DE FATIMA - PASSOS;-207.050.626;-466.129.169;P01001 - VISTORIA DE FISCALIZACAO (C) (Prioridade: 2 - Média);1CIA IND/2CIA/PEL PREV E VIST(PASSOS);APF01362;Não;Não;Não;BOLETIM DE OCORRENCIA;Classificada;09/08/2023 07:43;Não
2023-29111185-9;(BM) 2023-036914116-001;08/08/2023 10:52;RUA JOAO PAULO I, Nº 25 - RECANTO DEL REI - PASSOS;-207.293.926;-465.989.931;V01018 - VITIMA DE MAL NAO DEFINIDO (DISTURBIO) (C) (Prioridade: 1 - Alta);1CIA IND/2CIA/1PEL(PASSOS);UR04360;Não;Não;Não;BOLETIM DE OCORRENCIA;Classificada;09/08/2023 07:42;Não
2023-29111224-9;(BM) 2023-036914395-001;08/08/2023 10:54;RUA MOINHO, Nº S/N - CASARAO - PASSOS;-20.721.632;-465.903.058;O04011 - INCENDIO EM AREA URBANA NAO PROTEGIDA (C) (Prioridade: 2 - Média);1CIA IND/2CIA/1PEL(PASSOS);ABTS0495;Não;Não;Não;BOLETIM DE OCORRENCIA;Classificada;09/08/2023 07:43;Não
2023-29112394-4;(BM) 2023-036927942-001;08/08/2023 12:37;RUA GONCALVES DIAS, Nº 434 - CENTRO - PASSOS;-207.186.244;-466.053.625;Y30006 - APOIO A ORGAOS ESTADUAIS (C) (Prioridade: 3 - Baixa);1CIA IND/2CIA/1PEL(PASSOS);UR04360;Não;Não;Não;BOLETIM DE OCORRENCIA;Classificada;09/08/2023 07:43;Não
2023-29112610-8;(BM) 2023-036930959-001;08/08/2023 12:56;RUA JOAO TEIXEIRA MENDES, Nº S/N - FLAMBOYANT - PASSOS;-207.548.252;-466.033.392;O04011 - INCENDIO EM AREA URBANA NAO PROTEGIDA (C) (Prioridade: 2 - Média);1CIA IND/2CIA/1PEL(PASSOS);ABTS0495;Não;Não;Não;BOLETIM DE OCORRENCIA;Classificada;09/08/2023 07:43;Não
2023-29115259-5;(BM) 2023-036962640-001;08/08/2023 15:27;RUA ADONIRA MARIA DE JESUS, Nº S/N - NOSSA SENHORA DE LOURDES - PASSOS;-206.975.619;-466.217.315;V01003 - VITIMA COM CRISE CONVULSIVA (C) (Prioridade: 1 - Alta);1CIA IND/2CIA/1PEL(PASSOS);UR04360;Não;Não;Não;BOLETIM DE OCORRENCIA;Classificada;09/08/2023 07:42;Não
2023-29115854-9;(BM) 2023-036970712-001;08/08/2023 15:57;RUA ESTRELA DALVA, Nº S/N - JARDIM SATELITE - PASSOS;-207.140.662;-466.204.275;O04013 - INCENDIO EM PASTO (C) (Prioridade: 2 - Média);1CIA IND/2CIA/1PEL(PASSOS);ABTS0495;Não;Não;Não;BOLETIM DE OCORRENCIA;Classificada;09/08/2023 07:42;Não
2023-29117140-3;(BM) 2023-036986518-001;08/08/2023 17:07;TRAVESSA BELO HORIZONTE, Nº S/N - BELO HORIZONTE - PASSOS;-207.289.051;-466.084.094;P02011 - VISTORIA EM ENXAME DE INSETOS (C) (Prioridade: 2 - Média);1CIA IND/2CIA/1PEL(PASSOS);ASL00064;Não;Não;Não;BOLETIM DE OCORRENCIA;Classificada;09/08/2023 07:42;Não
2023-29118146-5;(BM) 2023-037018220-001;08/08/2023 18:07;RUA JOAO TEIXEIRA MENDES, Nº S/N - FLAMBOYANT - PASSOS;-207.548.252;-466.033.392;O04012 - INCENDIO EM LOTE VAGO (AREA URBANA) (C) (Prioridade: 2 - Média);1CIA IND/2CIA/1PEL(PASSOS);ABTS0495;Não;Não;Não;BOLETIM DE OCORRENCIA;Classificada;09/08/2023 07:42;Não
2023-29123522-4;(BM) 2023-037055783-001;09/08/2023 00:21;RUA GUAXUPE, Nº 846 - COHAB 3 - PASSOS;-207.064.136;-466.282.216;V01010 - VITIMA COM DOR TORACICA/SUSPEITA DE INFARTO (IAM) (C) (Prioridade: 1 - Alta);1CIA IND/2CIA/1PEL(PASSOS);UR04360;Não;Não;Não;BOLETIM DE OCORRENCIA;Classificada;09/08/2023 07:42;Não
2023-29125701-4;(BM) 2023-037077783-001;09/08/2023 08:11;RUA DOUTOR CARVALHO, Nº 1455 - NOSSA SENHORA DAS GRAÇAS - PASSOS;-207.352.269;-466.037.303;Q03001 - TREINAMENTO DE COMBATE A INCENDIO (C) (Prioridade: 2 - Média);1CIA IND/2CIA/1PEL(PASSOS);BM1317692;Não;Não;Não;BOLETIM DE OCORRENCIA;Classificada;10/08/2023 06:53;Não
2023-29125806-2;(BM) 2023-037078812-001;09/08/2023 08:21;AVENIDA AVENIDA PEIXOTO, Nº 390 - IBIRACI;;;P01002 - VISTORIA DE LIBERACAO / EMISSAO DE AVCB (C) (Prioridade: 2 - Média);1CIA IND/2CIA/PEL PREV E VIST(PASSOS);APF01362;Não;Não;Não;BOLETIM DE OCORRENCIA;Classificada;10/08/2023 06:53;Não
2023-29125847-0;(BM) 2023-037079425-001;09/08/2023 08:25;AVENIDA COMENDADOR FRANCISCO A MAIA, Nº 2342 - CANDEIAS - PASSOS;-207.196.207;-466.134.853;V03025 - VITIMA COM FERIMENTO DE CORTE/CONTUSAO (C) (Prioridade: 1 - Alta);1CIA IND/2CIA/1PEL(PASSOS);UR04360;Não;Não;Não;BOLETIM DE OCORRENCIA;Classificada;10/08/2023 06:52;Não
2023-29126117-2;(BM) 2023-037083345-001;09/08/2023 08:53;PRACA MONSENHOR MESSIAS BRAGANCA, Nº S/N - MONSENHOR MESSIAS - PASSOS;-207.375.852;-465.986.645;X03000 - EMPENHO ADMINISTRATIVO (C) (Prioridade: 2 - Média);1CIA IND/2CIA/1PEL(PASSOS);ASL00064;Não;Não;Não;BOLETIM DE OCORRENCIA;Classificada;10/08/2023 06:53;Não
2023-29126429-5;(BM) 2023-037086925-001;09/08/2023 09:18;RUA JOSE MERCHIORATO, Nº 560 - SANTA CASA - PASSOS;-207.112.182;-466.102.379;W10000 - DISPENSADA POR DUPLICIDADE DE EMPENHO COM OUTROS ORGAOS (C) (Prioridade: 1 - Alta);1CIA IND/2CIA/1PEL(PASSOS);UR04360;Não;Não;Não;BOLETIM DE OCORRENCIA;Classificada;10/08/2023 06:52;Não
2023-29126898-6;(BM) 2023-037091824-001;09/08/2023 09:58;RUA DOUTOR CARVALHO, Nº 1455 - NOSSA SENHORA DAS GRAÇAS - PASSOS;-207.352.269;-466.037.303;V03012 - VITIMA COM OBJETO PRESO AO CORPO (C) (Prioridade: 1 - Alta);1CIA IND/2CIA/1PEL(PASSOS);BM1637305;Não;Não;Não;BOLETIM DE OCORRENCIA;Classificada;10/08/2023 06:52;Não
2023-29130140-8;(BM) 2023-037131527-001;09/08/2023 14:23;RUA CARIJOS, Nº 352 - SAO JOAQUIM - PASSOS;-207.432.498;-466.021.275;V01009 - VITIMA COM DOR NA COLUNA VERTEBRAL (COSTAS) (C) (Prioridade: 1 - Alta);1CIA IND/2CIA/1PEL(PASSOS);UR04360;Não;Não;Não;BOLETIM DE OCORRENCIA;Classificada;10/08/2023 06:52;Não
2023-29130149-2;(BM) 2023-037131711-001;09/08/2023 14:24;AVENIDA ANTONIO DIAS MACHADO, Nº 980 - DISTRITO INDUSTRIAL 2 - PASSOS;-207.290.784;-466.457.859;O02027 - INCENDIO VEIC. AUTOMOTOR (EXCETO TANQUE/ONIBUS/MICRO-ONIBUS) (C) (Prioridade: 1 - Alta);1CIA IND/2CIA/1PEL(PASSOS);ABTS0495;Não;Não;Não;BOLETIM DE OCORRENCIA;Classificada;10/08/2023 06:52;Não
2023-29130570-7;(BM) 2023-037136742-001;09/08/2023 14:43;RUA PRESIDENTE ANTONIO CARLOS, Nº 196 - CENTRO - PASSOS;-207.191.379;-466.093.483;P01001 - VISTORIA DE FISCALIZACAO (C) (Prioridade: 2 - Média);1CIA IND/2CIA/PEL PREV E VIST(PASSOS);APF01362;Não;Não;Não;BOLETIM DE OCORRENCIA;Classificada;10/08/2023 06:53;Não
2023-29131619-0;(BM) 2023-037151086-001;09/08/2023 15:36;AVENIDA COMENDADOR FRANCISCO A MAIA, Nº 2406 - CANDEIAS - PASSOS;-207.199.206;-466.134.009;P01001 - VISTORIA DE FISCALIZACAO (C) (Prioridade: 2 - Média);1CIA IND/2CIA/PEL PREV E VIST(PASSOS);APF01362;Não;Não;Não;BOLETIM DE OCORRENCIA;Classificada;10/08/2023 06:53;Não
2023-29131689-5;(BM) 2023-037151515-001;09/08/2023 15:37;AVENIDA COMENDADOR FRANCISCO A MAIA, Nº 2400 - PASSOS;-207.231.257;-466.126.425;P01001 - VISTORIA DE FISCALIZACAO (C) (Prioridade: 2 - Média);1CIA IND/2CIA/PEL PREV E VIST(PASSOS);APF01362;Não;Não;Não;BOLETIM DE OCORRENCIA;Classificada;10/08/2023 06:53;Não
2023-29132034-1;(BM) 2023-037155792-001;09/08/2023 15:55;ESTRADA JULIEIRA, Nº S/N - NOVA CALIFORNIA - PASSOS;-207.018.793;-466.242.379;O04013 - INCENDIO EM PASTO (C) (Prioridade: 2 - Média);1CIA IND/2CIA/1PEL(PASSOS);ABTS0495;Não;Não;Não;BOLETIM DE OCORRENCIA;Classificada;10/08/2023 06:53;Não
2023-29136871-6;(BM) 2023-037208689-001;09/08/2023 20:48;RUA SEBASTIAO TEOFILO, Nº 630 - NOVA CALIFORNIA - PASSOS;-206.987.178;-466.240.941;S03015 - SALVAMENTO DE SUICIDA (C) (Prioridade: 1 - Alta);1CIA IND/2CIA/1PEL(PASSOS);ASL00064;Não;Não;Não;BOLETIM DE OCORRENCIA;Classificada;10/08/2023 06:52;Não
2023-29142000-6;(BM) 2023-037261532-001;10/08/2023 08:16;RUA UNAI, Nº 129 - CALIFORNIA - PASSOS;-207.034.958;-466.162.298;V03018 - VITIMA DE QUEDA DA PROPRIA ALTURA (C) (Prioridade: 1 - Alta);1CIA IND/2CIA/1PEL(PASSOS);UR04360;Não;Não;Não;BOLETIM DE OCORRENCIA;Classificada;11/08/2023 07:37;Não
2023-29142191-6;(BM) 2023-037263193-001;10/08/2023 08:29;AVENIDA AROUCA, Nº 140 - CENTRO - PASSOS;-207.152.685;-466.093.884;P02001 - VISTORIA EM HIDRANTE (C) (Prioridade: 2 - Média);1CIA IND/2CIA/1PEL(PASSOS);ASL00064;Não;Não;Não;BOLETIM DE OCORRENCIA;Classificada;11/08/2023 07:37;Não
2023-29142352-3;(BM) 2023-037266128-001;10/08/2023 08:46;RUA ACRE, Nº S/N - CANJERANUS - PASSOS;-207.127.097;-466.032.734;P02001 - VISTORIA EM HIDRANTE (C) (Prioridade: 2 - Média);1CIA IND/2CIA/1PEL(PASSOS);ABTS0495;Não;Não;Não;BOLETIM DE OCORRENCIA;Classificada;11/08/2023 07:37;Não
2023-29142416-4;(BM) 2023-037266234-001;10/08/2023 08:55;RUA DA PRAIA, Nº 640 - PENHA - PASSOS;-20.716.503;-466.186.126;P02001 - VISTORIA EM HIDRANTE (C) (Prioridade: 2 - Média);1CIA IND/2CIA/1PEL(PASSOS);ABTS0495;Não;Não;Não;BOLETIM DE OCORRENCIA;Classificada;11/08/2023 07:37;Não
2023-29142851-3;(BM) 2023-037271240-001;10/08/2023 09:32;RUA TURMALINA, Nº 1847 - PASSOS;-207.342.696;-465.742.231;V01018 - VITIMA DE MAL NAO DEFINIDO (DISTURBIO) (C) (Prioridade: 1 - Alta);1CIA IND/2CIA/1PEL(PASSOS);UR04360;Não;Não;Não;BOLETIM DE OCORRENCIA;Classificada;11/08/2023 07:37;Não
2023-29143447-3;(BM) 2023-037279051-001;10/08/2023 10:24;RUA DAVID BALDINI, Nº 392 - BELO HORIZONTE - PASSOS;-207.250.988;-466.030.383;P01001 - VISTORIA DE FISCALIZACAO (C) (Prioridade: 2 - Média);1CIA IND/2CIA/PEL PREV E VIST(PASSOS);APF01362;Não;Não;Não;BOLETIM DE OCORRENCIA;Classificada;11/08/2023 07:37;Não
2023-29143728-2;(BM) 2023-037282920-001;10/08/2023 10:52;RUA IRLANDA, Nº 40 - NOVO MUNDO 4 - PASSOS;-207.299.258;-465.886.007;P01001 - VISTORIA DE FISCALIZACAO (C) (Prioridade: 2 - Média);1CIA IND/2CIA/PEL PREV E VIST(PASSOS);APF01362;Não;Não;Não;BOLETIM DE OCORRENCIA;Classificada;11/08/2023 07:37;Não
2023-29144111-8;(BM) 2023-037287556-001;10/08/2023 11:20;RUA PARANA, Nº 970 - BELA VISTA - PASSOS;-207.123.503;-465.975.315;W04000 - NADA CONSTATADO (C) (Prioridade: 3 - Baixa);1CIA IND/2CIA/1PEL(PASSOS);UR04360;Não;Não;Não;BOLETIM DE OCORRENCIA;Classificada;11/08/2023 07:36;Não
2023-29144702-4;(BM) 2023-037294770-001;10/08/2023 12:15;RUA NELSON D'AVILLA LIMA, Nº 180 - JARDIM BELA VISTA II - CARMO DO RIO CLARO;;;P01003 - VISTORIA EM EVENTOS TEMPORARIOS (C) (Prioridade: 1 - Alta);1CIA IND/2CIA/PEL PREV E VIST(PASSOS);APF01362;Não;Não;Não;BOLETIM DE OCORRENCIA;Classificada;11/08/2023 07:37;Não
2023-29145094-6;(BM) 2023-037404915-001;10/08/2023 12:53;RODOVIA BR 265, Nº S/N - BOM JESUS DA PENHA;-21.019.004;-46.604.649;O02027 - INCENDIO VEIC. AUTOMOTOR (EXCETO TANQUE/ONIBUS/MICRO-ONIBUS) (C) (Prioridade: 1 - Alta);1CIA IND/2CIA/1PEL(PASSOS);ABTS0495 / ASL00064;Não;Não;Não;BOLETIM DE OCORRENCIA;Classificada;11/08/2023 07:38;Não
2023-29151950-6;(BM) 2023-037379283-001;10/08/2023 19:35;RODOVIA MG 050, Km 356 - VILA ROMANA - PASSOS;-207.387.797;-4.661.397;P03014 - PREVENCAO EM POUSO E DECOLAGEM DE AERONAVE (C) (Prioridade: 2 - Média);1CIA IND/2CIA/1PEL(PASSOS);ABTS0495;Não;Não;Não;BOLETIM DE OCORRENCIA;Classificada;11/08/2023 07:37;Não
2023-29152394-0;(BM) 2023-037385190-001;10/08/2023 20:07;RUA LIMOEIRO / AVENIDA CHAFARIZ - SERRA DAS BRISAS - PASSOS;-207.338.256;-465.943.795;O02036 - INCENDIO EM AMONTOADO DE MADEIRA (C) (Prioridade: 2 - Média);1CIA IND/2CIA/1PEL(PASSOS);ABTS0495;Não;Não;Não;BOLETIM DE OCORRENCIA;Classificada;11/08/2023 07:37;Não
2023-29153704-0;(BM) 2023-037399375-001;10/08/2023 21:33;ESTRADA ACESSO A USINA RIO GRANDE KM 05, Nº S/N - PASSOS;-206.563.376;-465.854.434;W03000 - SOLICITANTE ENCONTRADO - PROVIDENCIA DISPENSADA (C) (Prioridade: 3 - Baixa);1CIA IND/2CIA/1PEL(PASSOS);ASL00064;Não;Não;Não;BOLETIM DE OCORRENCIA;Classificada;11/08/2023 07:36;Não
2023-29157935-5;(BM) 2023-037440317-001;11/08/2023 07:23;RODOVIA BR-146, Nº S/N - PASSOS;-208.312.794;-466.157.753;V02403 - VITIMA DE COLISAO ENTRE AUTOMOVEIS (CARRO / CAMINHONETE) (C) (Prioridade: 1 - Alta);1CIA IND/2CIA/1PEL(PASSOS);UR04360 / ASL00064;Não;Não;Não;BOLETIM DE OCORRENCIA;Classificada;13/08/2023 09:33;Não
2023-29158635-7;(BM) 2023-037445911-001;11/08/2023 08:39;RUA PATATIVA, Nº 258 - SAO JOAO - PASSOS;-207.361.833;-466.097.868;V01003 - VITIMA COM CRISE CONVULSIVA (C) (Prioridade: 1 - Alta);1CIA IND/2CIA/1PEL(PASSOS);UR04360;Não;Não;Não;BOLETIM DE OCORRENCIA;Classificada;13/08/2023 09:34;Não
2023-29158942-6;(BM) 2023-037449255-001;11/08/2023 09:05;RUA SAO FRANCISCO DE ASSIS, Nº 183 - CANDEIAS - PASSOS;-207.236.356;-466.180.669;V03003 - VITIMA DE AGRESSAO FISICA COM ARMA BRANCA (C) (Prioridade: 1 - Alta);1CIA IND/2CIA/1PEL(PASSOS);UR04360;Não;Não;Não;BOLETIM DE OCORRENCIA;Classificada;13/08/2023 09:34;Não
2023-29159122-8;(BM) 2023-037451373-001;11/08/2023 09:22;AVENIDA COMENDADOR FRANCISCO A MAIA, Nº 4050 - EXPOSICAO - PASSOS;-207.333.293;-466.060.067;P01001 - VISTORIA DE FISCALIZACAO (C) (Prioridade: 2 - Média);1CIA IND/2CIA/PEL PREV E VIST(PASSOS);APF01362;Não;Não;Não;BOLETIM DE OCORRENCIA;Classificada;13/08/2023 09:32;Não
2023-29159509-8;(BM) 2023-037456441-001;11/08/2023 09:58;PRACA CRUZEIRO, Nº S/N - PENHA - PASSOS;-207.161.866;-466.205.947;V03010 - VITIMA DE ATAQUE DE INSETOS (C) (Prioridade: 1 - Alta);1CIA IND/2CIA/1PEL(PASSOS);UR04360;Não;Não;Não;BOLETIM DE OCORRENCIA;Classificada;13/08/2023 09:33;Não
2023-29159622-0;(BM) 2023-037457894-001;11/08/2023 10:05;RUA QUINZINHO FUNCHAL, Nº 251 - PASSOS;;;P01001 - VISTORIA DE FISCALIZACAO (C) (Prioridade: 2 - Média);1CIA IND/2CIA/PEL PREV E VIST(PASSOS);APF01362;Não;Não;Não;BOLETIM DE OCORRENCIA;Classificada;13/08/2023 09:32;Não
2023-29159837-7;(BM) 2023-037460779-001;11/08/2023 10:25;RUA ARAGUAINA, Nº 222 - JARDIM PLANALTO - PASSOS;-207.189.094;-466.223.548;P01001 - VISTORIA DE FISCALIZACAO (C) (Prioridade: 2 - Média);1CIA IND/2CIA/PEL PREV E VIST(PASSOS);APF01362;Não;Não;Não;BOLETIM DE OCORRENCIA;Classificada;13/08/2023 09:32;Não
2023-29160086-3;(BM) 2023-037463415-001;11/08/2023 10:43;RUA PRATAPOLIS, Nº 936 - NOSSA SENHORA DE FATIMA - PASSOS;-206.989.647;-466.123.157;P01001 - VISTORIA DE FISCALIZACAO (C) (Prioridade: 2 - Média);1CIA IND/2CIA/PEL PREV E VIST(PASSOS);APF01362;Não;Não;Não;BOLETIM DE OCORRENCIA;Classificada;13/08/2023 09:32;Não
2023-29160499-3;(BM) 2023-037469109-001;11/08/2023 11:17;AVENIDA BRASILIA, Nº S/N - JARDIM PLANALTO - PASSOS;-207.188.862;-466.241.602;P02011 - VISTORIA EM ENXAME DE INSETOS (C) (Prioridade: 2 - Média);1CIA IND/2CIA/1PEL(PASSOS);ASL00064;Não;Não;Não;BOLETIM DE OCORRENCIA;Classificada;13/08/2023 09:33;Não
2023-29160973-2;(BM) 2023-037475489-001;11/08/2023 11:58;RUA DOUTOR BERNARDINO VIEIRA / AVENIDA AROUCA - CENTRO - PASSOS;-207.168.797;-466.086.822;V02408 - VITIMA DE COLISAO ENTRE AUTOMOVEL X MOTOCICLETA (C) (Prioridade: 1 - Alta);1CIA IND/2CIA/1PEL(PASSOS);UR04360;Não;Não;Não;BOLETIM DE OCORRENCIA;Classificada;13/08/2023 09:34;Não
2023-29161277-7;(BM) 2023-037478608-001;11/08/2023 12:31;RODOVIA MG050, Nº S/N - PASSOS;;;S05303 - COLISAO ENTRE AUTOMOVEIS (CARRO, CAMIONETA, CAMINHONETE) (C) (Prioridade: 1 - Alta);1CIA IND/2CIA/1PEL(PASSOS);ASL00064;Não;Não;Não;BOLETIM DE OCORRENCIA;Classificada;13/08/2023 09:33;Não
2023-29163972-6;(BM) 2023-037510709-001;11/08/2023 15:37;RODOVIA MG 050, Km 362 - PASSOS;-207.366.916;-46.667.513;W06000 - TESTE (C) (Prioridade: 3 - Baixa);1CIA IND/2CIA/1PEL(PASSOS);ABTS0495;Não;Não;Não;BOLETIM DE OCORRENCIA;Classificada;13/08/2023 09:32;Não
2023-29164033-9;(BM) 2023-037511092-001;11/08/2023 15:39;RUA ANTONIO CELESTINO, Nº 909 - CENTRO - PASSOS;-207.134.344;-466.084.749;V03018 - VITIMA DE QUEDA DA PROPRIA ALTURA (C) (Prioridade: 1 - Alta);1CIA IND/2CIA/1PEL(PASSOS);UR04360;Não;Não;Não;BOLETIM DE OCORRENCIA;Classificada;13/08/2023 09:33;Não
2023-29164052-3;(BM) 2023-037511290-001;11/08/2023 15:40;RUA SETE DE SETEMBRO, Nº 1461 - NOSSA SENHORA DAS GRAÇAS - PASSOS;-207.350.514;-466.045.398;P02011 - VISTORIA EM ENXAME DE INSETOS (C) (Prioridade: 2 - Média);1CIA IND/2CIA/1PEL(PASSOS);ASL00064;Não;Não;Não;BOLETIM DE OCORRENCIA;Classificada;13/08/2023 09:33;Não
2023-29164379-3;(BM) 2023-037515755-001;11/08/2023 15:59;AVENIDA AROUCA, Nº 140 - CENTRO - PASSOS;-207.152.685;-466.093.884;P02001 - VISTORIA EM HIDRANTE (C) (Prioridade: 2 - Média);1CIA IND/2CIA/1PEL(PASSOS);ABTS0495;Não;Não;Não;BOLETIM DE OCORRENCIA;Classificada;13/08/2023 09:33;Não
2023-29164940-5;(BM) 2023-037522443-001;11/08/2023 16:29;RUA DUQUE CAXIAS, Nº S/N - MARIO MAGALHAES - PASSOS;-207.244.305;-466.137.901;V03021 - VITIMA DE SUICIDIO (TENTATIVA) - APH TRAUMA (C) (Prioridade: 1 - Alta);1CIA IND/2CIA/1PEL(PASSOS);UR04360;Não;Não;Não;BOLETIM DE OCORRENCIA;Classificada;13/08/2023 09:34;Não
2023-29164969-7;(BM) 2023-037523303-001;11/08/2023 16:33;AVENIDA CEL RAIMUNDO DE FREITAS, Nº S/N - MIRANTE DO VALE - PASSOS;-207.234.112;-465.770.051;P02001 - VISTORIA EM HIDRANTE (C) (Prioridade: 2 - Média);1CIA IND/2CIA/1PEL(PASSOS);ABTS0495;Não;Não;Não;BOLETIM DE OCORRENCIA;Classificada;13/08/2023 09:33;Não
2023-29167293-6;(BM) 2023-037547710-001;11/08/2023 18:50;RUA DOUTOR CARVALHO, Nº 222 - CENTRO - PASSOS;-207.237.706;-46.607.898;X03000 - EMPENHO ADMINISTRATIVO (C) (Prioridade: 2 - Média);1CIA IND/2CIA/1PEL(PASSOS);UR04360;Não;Não;Não;BOLETIM DE OCORRENCIA;Classificada;13/08/2023 09:33;Não
2023-29167428-3;(BM) 2023-037549070-001;11/08/2023 19:00;RUA DOUTOR JOSE LEMOS DE BARROS, Nº S/N - MARIO MAGALHAES - PASSOS;-207.266.802;-466.135.314;S06006 - EXTERMINIO DE INSETOS (C) (Prioridade: 2 - Média);1CIA IND/2CIA/1PEL(PASSOS);ASL00064;Não;Não;Não;BOLETIM DE OCORRENCIA;Classificada;13/08/2023 09:33;Não
2023-29171175-3;(BM) 2023-037585740-001;11/08/2023 22:50;AVENIDA PROFESSORA MARIA VALERIA LEMOS BORSARI, Nº 1621 - NOVA PASSOS - PASSOS;-207.044.808;-466.334.611;O04012 - INCENDIO EM LOTE VAGO (AREA URBANA) (C) (Prioridade: 2 - Média);1CIA IND/2CIA/1PEL(PASSOS);ABTS0495;Não;Não;Não;BOLETIM DE OCORRENCIA;Classificada;13/08/2023 09:33;Não
2023-29172115-7;(BM) 2023-037615002-001;11/08/2023 23:52;RUA CARAMBOLA, Nº 104 - NOSSA SENHORA DE LOURDES - PASSOS;-206.998.461;-466.191.903;V01018 - VITIMA DE MAL NAO DEFINIDO (DISTURBIO) (C) (Prioridade: 1 - Alta);1CIA IND/2CIA/1PEL(PASSOS);UR04360;Não;Não;Não;BOLETIM DE OCORRENCIA;Classificada;13/08/2023 09:34;Não
2023-29177343-9;(BM) 2023-037642109-001;12/08/2023 11:30;RUA JAPAO, Nº 302 - NOVO MUNDO - PASSOS;-207.262.175;-465.895.676;R01999 - OUTROS TIPOS DE ACOES DE APOIO A COMUNIDADE   (C) (Prioridade: 2 - Média);1CIA IND/2CIA/1PEL(PASSOS);ASL00064;Não;Não;Não;BOLETIM DE OCORRENCIA;Classificada;13/08/2023 09:33;Não
2023-29177672-0;(BM) 2023-037642165-001;12/08/2023 12:03;RUA TURMALINA, Nº 1213 - ACLIMACAO - PASSOS;-207.543.189;-466.033.577;V01004 - VITIMA COM CRISE DIABETICA / HIPOGLICEMIA (C) (Prioridade: 1 - Alta);1CIA IND/2CIA/1PEL(PASSOS);UR04360;Não;Não;Não;BOLETIM DE OCORRENCIA;Classificada;13/08/2023 09:34;Não
2023-29177821-9;(BM) 2023-037648344-001;12/08/2023 12:24;RUA PITANGUI, Nº 33 - COHAB 1 - PASSOS;-207.118.134;-466.256.114;Q05001 - BOMBEIROS NAS ESCOLAS  (C) (Prioridade: 1 - Alta);1CIA IND/2CIA/1PEL(PASSOS);ABTS0495;Não;Não;Não;BOLETIM DE OCORRENCIA;Classificada;13/08/2023 09:34;Não
2023-29178865-0;(BM) 2023-037659489-001;12/08/2023 14:17;RUA SALVADOR, Nº 124 - JARDIM COLEGIO DE PASSOS - PASSOS;-207.234.222;-46.593.239;V03005 - VITIMA DE AGRESSAO FISICA SEM USO DE ARMA (C) (Prioridade: 1 - Alta);1CIA IND/2CIA/1PEL(PASSOS);UR04360;Não;Não;Não;BOLETIM DE OCORRENCIA;Classificada;13/08/2023 09:34;Não
2023-29184218-7;(BM) 2023-037703201-001;12/08/2023 19:46;RODOVIA AMG 2440, Km 3 - SAO JOSE DA BARRA;-207.255.931;-46.329.981;S06008 - CORTE DE ARVORE CAIDA EM VIA PUBLICA (C) (Prioridade: 2 - Média);1CIA IND/2CIA/1PEL(PASSOS);ASL00064;Não;Não;Não;BOLETIM DE OCORRENCIA;Classificada;13/08/2023 09:33;Não
2023-29184241-9;(BM) 2023-037703283-001;12/08/2023 19:46;RUA SACRAMENTO, Nº 327 - COHAB 2 - PASSOS;-207.083.232;-466.290.735;V01003 - VITIMA COM CRISE CONVULSIVA (C) (Prioridade: 1 - Alta);1CIA IND/2CIA/1PEL(PASSOS);UR04360;Não;Não;Não;BOLETIM DE OCORRENCIA;Classificada;13/08/2023 09:34;Não
2023-29190081-9;(BM) 2023-037753278-004;13/08/2023 01:30;RODOVIA MG 050, Km 379 - ITAU DE MINAS;;;S05201 - CAPOTAMENTO DE AUTOMOVEL (CARRO, CAMIONETA, CAMINHONETE) (C) (Prioridade: 1 - Alta);1CIA IND/2CIA/1PEL(PASSOS);UR04360 / ABTS0495;Não;Não;Não;BOLETIM DE OCORRENCIA;Classificada;13/08/2023 09:34;Não
2023-29192716-0;(BM) 2023-037769556-001;13/08/2023 08:29;AVENIDA JK, Nº 190 - JARDIM COLEGIO DE PASSOS - PASSOS;-207.208.591;-465.974.019;P03999 - OUTROS TIPOS DE PCI / PCA   (C) (Prioridade: 2 - Média);1CIA IND/2CIA/1PEL(PASSOS);ASL00064;Não;Não;Não;BOLETIM DE OCORRENCIA;Classificada;14/08/2023 07:08;Não
2023-29192717-2;(BM) 2023-037769528-001;13/08/2023 08:30;RUA DOUTOR CARVALHO, Nº 1455 - NOSSA SENHORA DAS GRAÇAS - PASSOS;-207.352.269;-466.037.303;Q03004 - TREINAMENTO DE SALVAMENTO EM ALTURA (C) (Prioridade: 2 - Média);1CIA IND/2CIA/1PEL(PASSOS);BM1638089;Não;Não;Não;BOLETIM DE OCORRENCIA;Classificada;14/08/2023 07:08;Não
2023-29192824-2;(BM) 2023-037770563-001;13/08/2023 08:41;RUA NORIVAL SEVERIANO DA SILVA, Nº 420 - NOVA CALIFORNIA - PASSOS;-206.976.075;-466.226.773;V02501 - VITIMA DE QUEDA (CICLISTA) (C) (Prioridade: 1 - Alta);1CIA IND/2CIA/1PEL(PASSOS);UR04360;Não;Não;Não;BOLETIM DE OCORRENCIA;Classificada;14/08/2023 07:08;Não
2023-29194026-2;(BM) 2023-037782709-001;13/08/2023 11:21;RUA BALSAMO, Nº 67 - SERRA DAS BRISAS - PASSOS;-207.346.217;-465.931.813;O02001 - INCENDIO EM RESIDENCIA/HABITACAO UNIFAMILIAR (CASA) (C) (Prioridade: 1 - Alta);1CIA IND/2CIA/1PEL(PASSOS);ABTS0495;Não;Não;Não;BOLETIM DE OCORRENCIA;Classificada;14/08/2023 07:08;Não
2023-29196515-0;(BM) 2023-037808709-001;13/08/2023 15:33;AVENIDA AMAZONAS, Nº 1012 - BELA VISTA 2 - PASSOS;-207.110.024;-465.944.477;V01007 - VITIMA COM DISPNEIA (FALTA DE AR) (C) (Prioridade: 1 - Alta);1CIA IND/2CIA/1PEL(PASSOS);UR04360;Não;Não;Não;BOLETIM DE OCORRENCIA;Classificada;14/08/2023 07:08;Não
2023-29196668-0;(BM) 2023-037829024-001;13/08/2023 15:46;RUA MONTE SANTO, Nº 530 - COHAB 3 - PASSOS;-207.056.808;-466.276.088;V01010 - VITIMA COM DOR TORACICA/SUSPEITA DE INFARTO (IAM) (C) (Prioridade: 1 - Alta);1CIA IND/2CIA/1PEL(PASSOS);ASL00064;Não;Não;Não;BOLETIM DE OCORRENCIA;Classificada;14/08/2023 07:08;Não
2023-29198366-2;(BM) 2023-037822609-001;13/08/2023 17:35;RUA VICENTINOS, Nº 45 - CANDEIAS - PASSOS;-207.233.213;-466.158.803;V01013 - VITIMA DE EMERGENCIAS PSIQUIATRICAS (C) (Prioridade: 1 - Alta);1CIA IND/2CIA/1PEL(PASSOS);UR04360;Não;Não;Não;BOLETIM DE OCORRENCIA;Classificada;14/08/2023 07:09;Não
2023-29207113-1;(BM) 2023-037902200-001;14/08/2023 08:32;RUA DEZOITO DE SETEMBRO, Nº 207 - PENHA - PASSOS;-207.150.907;-466.231.843;V01010 - VITIMA COM DOR TORACICA/SUSPEITA DE INFARTO (IAM) (C) (Prioridade: 1 - Alta);1CIA IND/2CIA/1PEL(PASSOS);UR04360;Não;Não;Não;BOLETIM DE OCORRENCIA;Classificada;15/08/2023 07:45;Não
2023-29207632-9;(BM) 2023-037907700-001;14/08/2023 09:23;AVENIDA JUCA STOCKLER, Nº 1624 - NOSSA SENHORA DAS GRAÇAS - PASSOS;-20.737.804;-466.023.647;P01001 - VISTORIA DE FISCALIZACAO (C) (Prioridade: 2 - Média);1CIA IND/2CIA/1PEL(PASSOS);TPO00155;Não;Não;Não;BOLETIM DE OCORRENCIA;Classificada;15/08/2023 07:48;Não
2023-29208387-2;(BM) 2023-037917461-001;14/08/2023 10:26;AVENIDA PINHEIRO, Nº 2345 - SERRA DAS BRISAS - PASSOS;-207.331.198;-465.941.106;P01001 - VISTORIA DE FISCALIZACAO (C) (Prioridade: 2 - Média);1CIA IND/2CIA/1PEL(PASSOS);TPO00155;Não;Não;Não;BOLETIM DE OCORRENCIA;Classificada;15/08/2023 07:47;Não
2023-29210289-6;(BM) 2023-037939671-001;14/08/2023 13:23;RUA DOUTOR CARVALHO, Nº 1455 - NOSSA SENHORA DAS GRAÇAS - PASSOS;-207.352.269;-466.037.303;Q03005 - TREINAMENTO DE SALVAMENTO TERRESTRE (C) (Prioridade: 2 - Média);1CIA IND/2CIA/1PEL(PASSOS);BM1797331;Não;Não;Não;BOLETIM DE OCORRENCIA;Classificada;15/08/2023 07:47;Não
2023-29210763-5;(BM) 2023-037949909-001;14/08/2023 13:56;AVENIDA COMENDADOR FRANCISCO A MAIA, Nº 3661 - BELO HORIZONTE - PASSOS;-2.073.046;-466.082.084;P01001 - VISTORIA DE FISCALIZACAO (C) (Prioridade: 2 - Média);1CIA IND/2CIA/1PEL(PASSOS);TPO00155;Não;Não;Não;BOLETIM DE OCORRENCIA;Classificada;15/08/2023 07:47;Não
2023-29211031-2;;14/08/2023 14:16;RUA VERA LUCIA CORTEZ FARAH RIBEIRO, Nº 7 - RESIDENCIAL FAZENDA PLANALTO - GUAXUPE;;;W08000 - CANCELADA POR INDISPONIBILIDADE DE VIATURA (C) (Prioridade: 3 - Baixa);1CIA IND (POCOS DE CALDAS);;Não;Não;Não;NÃO ATENDIDA: FALTA DE EFETIVO;Classificada;14/08/2023 14:40;Não
2023-29211660-8;(BM) 2023-037971599-001;14/08/2023 14:44;RUA JOAO TEIXEIRA MENDES, Nº 1322 - ACLIMACAO - PASSOS;-207.534.871;-466.049.741;V01003 - VITIMA COM CRISE CONVULSIVA (C) (Prioridade: 1 - Alta);1CIA IND/2CIA/1PEL(PASSOS);UR04360;Não;Não;Não;BOLETIM DE OCORRENCIA;Classificada;15/08/2023 07:45;Não
2023-29211907-9;(BM) 2023-037959603-001;14/08/2023 14:58;RUA LUCIO PELEGRINO, Nº 115 - CENTRO - PASSOS;-207.210.857;-466.122.018;P01001 - VISTORIA DE FISCALIZACAO (C) (Prioridade: 2 - Média);1CIA IND/2CIA/PEL PREV E VIST(PASSOS);APF01362;Não;Não;Não;BOLETIM DE OCORRENCIA;Classificada;15/08/2023 07:47;Não
2023-29213160-6;(BM) 2023-037975110-001;14/08/2023 15:57;AVENIDA CHAFARIZ, Nº S/N - SERRA DAS BRISAS - PASSOS;-207.361.137;-465.905.646;X03000 - EMPENHO ADMINISTRATIVO (C) (Prioridade: 2 - Média);1CIA IND/2CIA/1PEL(PASSOS);ASL00064;Não;Não;Não;BOLETIM DE OCORRENCIA;Classificada;15/08/2023 07:47;Não
2023-29213721-1;(BM) 2023-037981791-001;14/08/2023 16:25;RUA GOIAS, Nº S/N - SANTA LUZIA - PASSOS;-207.077.147;-466.045.927;P02003 - VISTORIA EM LOTE VAGO (C) (Prioridade: 2 - Média);1CIA IND/2CIA/1PEL(PASSOS);ASL00064;Não;Não;Não;BOLETIM DE OCORRENCIA;Classificada;15/08/2023 07:47;Não
2023-29213892-4;(BM) 2023-037984557-001;14/08/2023 16:35;RUA FORTALEZA, Nº 38 - SAO JOAO BATISTA GLORIA;-206.337.915;-465.052.751;Q03006 - TREINAMENTO DE FORMACAO DE BRIGADAS (C) (Prioridade: 2 - Média);1CIA IND/2CIA/PEL PREV E VIST(PASSOS);APF01362;Não;Não;Não;BOLETIM DE OCORRENCIA;Classificada;15/08/2023 07:46;Não
2023-29214112-9;(BM) 2023-037986690-001;14/08/2023 16:46;RUA GOIAS, Nº S/N - SANTA LUZIA - PASSOS;-207.077.147;-466.045.927;P02003 - VISTORIA EM LOTE VAGO (C) (Prioridade: 2 - Média);1CIA IND/2CIA/1PEL(PASSOS);ASL00064;Não;Não;Não;BOLETIM DE OCORRENCIA;Classificada;15/08/2023 07:46;Não
2023-29214586-3;(BM) 2023-037994474-001;14/08/2023 17:11;RUA RIO GRANDE DO NORTE, Nº S/N - BELA VISTA - PASSOS;-207.160.576;-465.948.323;P02003 - VISTORIA EM LOTE VAGO (C) (Prioridade: 2 - Média);1CIA IND/2CIA/1PEL(PASSOS);ASL00064;Não;Não;Não;BOLETIM DE OCORRENCIA;Classificada;15/08/2023 07:46;Não
2023-29214967-7;(BM) 2023-038000530-001;14/08/2023 17:31;RUA GUAXUPE, Nº S/N - COHAB 2 - PASSOS;-207.080.213;-466.291.416;V02408 - VITIMA DE COLISAO ENTRE AUTOMOVEL X MOTOCICLETA (C) (Prioridade: 1 - Alta);1CIA IND/2CIA/1PEL(PASSOS);UR04360;Não;Não;Não;BOLETIM DE OCORRENCIA;Classificada;15/08/2023 07:45;Não
2023-29215002-6;(BM) 2023-037996445-001;14/08/2023 17:32;RUA RIO GRANDE DO NORTE, Nº S/N - BELA VISTA - PASSOS;-207.160.576;-465.948.323;P02003 - VISTORIA EM LOTE VAGO (C) (Prioridade: 2 - Média);1CIA IND/2CIA/1PEL(PASSOS);ASL00064;Não;Não;Não;BOLETIM DE OCORRENCIA;Classificada;15/08/2023 07:46;Não
2023-29215318-0;(BM) 2023-038000176-001;14/08/2023 17:52;RUA RIO GRANDE DO NORTE, Nº S/N - BELA VISTA - PASSOS;-207.160.576;-465.948.323;P02003 - VISTORIA EM LOTE VAGO (C) (Prioridade: 2 - Média);1CIA IND/2CIA/1PEL(PASSOS);ASL00064;Não;Não;Não;BOLETIM DE OCORRENCIA;Classificada;15/08/2023 07:46;Não
2023-29215951-2;(BM) 2023-038007180-001;14/08/2023 18:30;RUA SURINAME, Nº 180 - NOVO MUNDO - PASSOS;-207.263.683;-465.914.105;V03018 - VITIMA DE QUEDA DA PROPRIA ALTURA (C) (Prioridade: 1 - Alta);1CIA IND/2CIA/1PEL(PASSOS);UR04360;Não;Não;Não;BOLETIM DE OCORRENCIA;Classificada;15/08/2023 07:45;Não
2023-29216909-1;(BM) 2023-038017511-001;14/08/2023 19:32;RUA JAIR SOARES DA SILVA, Nº 214 - VILA BETINHO - PASSOS;-207.153.328;-466.364.624;S06005 - CAPTURA DE INSETOS (C) (Prioridade: 2 - Média);1CIA IND/2CIA/1PEL(PASSOS);ASL00064;Não;Não;Não;BOLETIM DE OCORRENCIA;Classificada;15/08/2023 07:46;Não
2023-29217592-2;(BM) 2023-038075725-001;14/08/2023 20:17;RUA JURANDIR LEANDRO VIEIRA, Nº 730 - RESIDENCIAL VILLAGIO DI ITALIA - PASSOS;-207.307.252;-465.850.801;O04011 - INCENDIO EM AREA URBANA NAO PROTEGIDA (C) (Prioridade: 2 - Média);1CIA IND/2CIA/1PEL(PASSOS);ABTS0495;Não;Não;Não;BOLETIM DE OCORRENCIA;Classificada;15/08/2023 07:46;Não
2023-29219789-8;(BM) 2023-038046751-001;14/08/2023 22:50;AVENIDA PROJETADA / RUA PIRAPORA - PASSOS;;;V02502 - VITIMA DE QUEDA (MOTOCICLISTA) (C) (Prioridade: 1 - Alta);1CIA IND/2CIA/1PEL(PASSOS);UR04360;Não;Não;Não;BOLETIM DE OCORRENCIA;Classificada;15/08/2023 07:45;Não
2023-29222900-1;(BM) 2023-038078430-001;15/08/2023 07:31;RUA CAMPOS GERAIS, Nº 863 - NOSSA SENHORA DE FATIMA - PASSOS;-206.988.547;-46.614.515;V03018 - VITIMA DE QUEDA DA PROPRIA ALTURA (C) (Prioridade: 1 - Alta);1CIA IND/2CIA/1PEL(PASSOS);UR04360;Não;Não;Não;BOLETIM DE OCORRENCIA;Classificada;15/08/2023 08:45;Não
2023-29224023-7;(BM) 2023-038090253-001;15/08/2023 09:37;RUA LAGO MICHIGAN, Nº 145 - PASSOS;-207.556.569;-466.078.574;P01001 - VISTORIA DE FISCALIZACAO (C) (Prioridade: 2 - Média);1CIA IND/2CIA/PEL PREV E VIST(PASSOS);APF01362;Não;Não;Não;BOLETIM DE OCORRENCIA;Classificada;16/08/2023 07:30;Não
2023-29224063-1;(BM) 2023-038141021-001;15/08/2023 09:41;RUA ONIX, Nº 82 - ACLIMACAO - PASSOS;-207.500.898;-465.974.145;P01001 - VISTORIA DE FISCALIZACAO (C) (Prioridade: 2 - Média);1CIA IND/2CIA/PEL PREV E VIST(PASSOS);APF01362;Não;Não;Não;BOLETIM DE OCORRENCIA;Classificada;16/08/2023 07:30;Não
2023-29224067-2;(BM) 2023-038088122-001;15/08/2023 09:43;RUA CUIABA, Nº 504 - JARDIM COLEGIO DE PASSOS - PASSOS;-207.208.991;-465.915.208;P01001 - VISTORIA DE FISCALIZACAO (C) (Prioridade: 2 - Média);1CIA IND/2CIA/PEL PREV E VIST(PASSOS);APF01362;Não;Não;Não;BOLETIM DE OCORRENCIA;Classificada;16/08/2023 07:30;Não
2023-29224068-5;(BM) 2023-038088031-001;15/08/2023 09:43;AVENIDA NACOES, Nº 215 - VILA RICA - PASSOS;-20.727.896;-465.987.655;P02001 - VISTORIA EM HIDRANTE (C) (Prioridade: 2 - Média);1CIA IND/2CIA/1PEL(PASSOS);ABTS0495;Não;Não;Não;BOLETIM DE OCORRENCIA;Classificada;16/08/2023 07:30;Não
2023-29224686-4;;15/08/2023 10:37;ESTRADA CRISTO, Nº S/N - Zona rural - POCOS DE CALDAS;;;O04013 - INCENDIO EM PASTO (C) (Prioridade: 2 - Média);1CIA IND (POCOS DE CALDAS);;Não;Não;Não;NADA CONSTATADO;Classificada;15/08/2023 11:01;Não
2023-29224801-0;(BM) 2023-038106940-001;15/08/2023 10:45;RUA SANTO ANIBALE MARIE DI FRANCIA, Nº 43 - CENTRO - PASSOS;-207.238.379;-466.072.457;V03018 - VITIMA DE QUEDA DA PROPRIA ALTURA (C) (Prioridade: 1 - Alta);1CIA IND/2CIA/1PEL(PASSOS);UR04360;Não;Não;Não;BOLETIM DE OCORRENCIA;Classificada;16/08/2023 07:32;Não
2023-29226052-6;(BM) 2023-038109916-001;15/08/2023 12:39;RUA DOUTOR CARVALHO, Nº S/N - CENTRO - PASSOS;-207.218.279;-466.083.676;X03000 - EMPENHO ADMINISTRATIVO (C) (Prioridade: 2 - Média);1CIA IND/2CIA/1PEL(PASSOS);ASL00064;Não;Não;Não;BOLETIM DE OCORRENCIA;Classificada;16/08/2023 07:31;Não
2023-29226345-4;(BM) 2023-038113171-001;15/08/2023 13:10;FAZENDA SOLEDADE - USINA ITAIQUARA, Nº S/N - PASSOS;-206.612.242;-465.539.428;P01002 - VISTORIA DE LIBERACAO / EMISSAO DE AVCB (C) (Prioridade: 2 - Média);1CIA IND/2CIA/PEL PREV E VIST(PASSOS);APF01362;Não;Não;Não;BOLETIM DE OCORRENCIA;Classificada;16/08/2023 07:31;Não
2023-29226856-3;(BM) 2023-038121977-001;15/08/2023 13:51;RODOVIA MG050, Nº S/N - PASSOS;;;W04000 - NADA CONSTATADO (C) (Prioridade: 3 - Baixa);1CIA IND/2CIA/1PEL(PASSOS);UR04360;Não;Não;Não;BOLETIM DE OCORRENCIA;Classificada;16/08/2023 07:30;Não
2023-29226897-0;(BM) 2023-038120026-001;15/08/2023 13:55;RUA TILOCA GRILO, Nº S/N - VILA SAO JOSE - PASSOS;-207.041.571;-466.395.987;P02003 - VISTORIA EM LOTE VAGO (C) (Prioridade: 2 - Média);1CIA IND/2CIA/1PEL(PASSOS);ABTS0495;Não;Não;Não;BOLETIM DE OCORRENCIA;Classificada;16/08/2023 07:31;Não
2023-29227730-0;(BM) 2023-038129330-001;15/08/2023 14:40;RUA DOUTOR CARVALHO, Nº 222 - CENTRO - PASSOS;-207.237.706;-46.607.898;X03000 - EMPENHO ADMINISTRATIVO (C) (Prioridade: 2 - Média);1CIA IND/2CIA/1PEL(PASSOS);UR04360;Não;Não;Não;BOLETIM DE OCORRENCIA;Classificada;16/08/2023 07:31;Não
2023-29228187-6;(BM) 2023-038134950-001;15/08/2023 15:03;RUA PATATIVA, Nº S/N - SAO JOAO - PASSOS;-207.354.455;-466.089.903;P02003 - VISTORIA EM LOTE VAGO (C) (Prioridade: 2 - Média);1CIA IND/2CIA/1PEL(PASSOS);ABTS0495;Não;Não;Não;BOLETIM DE OCORRENCIA;Classificada;16/08/2023 07:31;Não
2023-29228784-5;(BM) 2023-038142013-001;15/08/2023 15:32;RUA BALSAMO, Nº S/N - SERRA DAS BRISAS - PASSOS;-207.345.066;-465.931.018;O04012 - INCENDIO EM LOTE VAGO (AREA URBANA) (C) (Prioridade: 2 - Média);1CIA IND/2CIA/1PEL(PASSOS);ABTS0495;Não;Não;Não;BOLETIM DE OCORRENCIA;Classificada;16/08/2023 07:31;Não
2023-29228903-2;(BM) 2023-038143412-001;15/08/2023 15:38;RODOVIA MG050, Nº S/N - PASSOS;;;Y40035 - APOIO DE SOLO EM OPERACOES AEREAS (C) (Prioridade: 2 - Média);1CIA IND/2CIA/1PEL(PASSOS);UR04360;Não;Não;Não;BOLETIM DE OCORRENCIA;Classificada;16/08/2023 07:31;Não
2023-29229059-1;(BM) 2023-038145478-001;15/08/2023 15:46;RODOVIA MG050, Nº S/N - PASSOS;;;X03000 - EMPENHO ADMINISTRATIVO (C) (Prioridade: 2 - Média);1CIA IND/2CIA/1PEL(PASSOS);1193;Não;Não;Não;BOLETIM DE OCORRENCIA;Classificada;16/08/2023 07:31;Não
2023-29230279-5;(BM) 2023-038244692-001;15/08/2023 16:54;RUA NEBRASKA, Nº 509 - RESIDENCIAL ELDORADO - PASSOS;-207.305.658;-466.239.164;W08000 - CANCELADA POR INDISPONIBILIDADE DE VIATURA (C) (Prioridade: 3 - Baixa);1CIA IND/2CIA/1PEL(PASSOS);BM1526367;Não;Não;Não;BOLETIM DE OCORRENCIA;Classificada;16/08/2023 07:30;Não
2023-29230521-9;(BM) 2023-038165321-001;15/08/2023 17:06;RUA NEBRASKA, Nº S/N - RESIDENCIAL ELDORADO - PASSOS;-207.307.933;-466.232.401;V03019 - VITIMA DE QUEDA DE ALTURA (C) (Prioridade: 1 - Alta);1CIA IND/2CIA/1PEL(PASSOS);UR04360;Não;Não;Não;BOLETIM DE OCORRENCIA;Classificada;16/08/2023 07:32;Não
2023-29230729-0;(BM) 2023-038176860-001;15/08/2023 17:19;RUA MONTES CLAROS, Nº S/N - COHAB 3 - PASSOS;-207.058.987;-466.286.959;V01010 - VITIMA COM DOR TORACICA/SUSPEITA DE INFARTO (IAM) (C) (Prioridade: 1 - Alta);1CIA IND/2CIA/PEL PREV E VIST(PASSOS);APF01362;Não;Não;Não;BOLETIM DE OCORRENCIA;Classificada;16/08/2023 07:33;Não
2023-29230896-1;(BM) 2023-038176949-001;15/08/2023 17:28;RUA XAVANTES, Nº S/N - JARDIM EMBRATEL - PASSOS;-207.423.081;-466.039.222;P02003 - VISTORIA EM LOTE VAGO (C) (Prioridade: 2 - Média);1CIA IND/2CIA/1PEL(PASSOS);ASL00064;Não;Não;Não;BOLETIM DE OCORRENCIA;Classificada;16/08/2023 07:32;Não
2023-29231120-3;(BM) 2023-038169724-001;15/08/2023 17:38;RUA XAVANTES, Nº S/N - JARDIM EMBRATEL - PASSOS;-207.423.081;-466.039.222;P02003 - VISTORIA EM LOTE VAGO (C) (Prioridade: 2 - Média);1CIA IND/2CIA/1PEL(PASSOS);ASL00064;Não;Não;Não;BOLETIM DE OCORRENCIA;Classificada;16/08/2023 07:32;Não
2023-29232116-1;(BM) 2023-038179996-001;15/08/2023 18:41;AVENIDA JK, Nº S/N - MONSENHOR MESSIAS - PASSOS;-207.342.178;-465.979.772;P02003 - VISTORIA EM LOTE VAGO (C) (Prioridade: 2 - Média);1CIA IND/2CIA/1PEL(PASSOS);ABTS0495;Não;Não;Não;BOLETIM DE OCORRENCIA;Classificada;16/08/2023 07:32;Não
2023-29232391-6;(BM) 2023-038189318-001;15/08/2023 18:56;RUA PALMEIRAS, Nº S/N - SERRA DAS BRISAS - PASSOS;-207.319.886;-465.950.805;O02036 - INCENDIO EM AMONTOADO DE MADEIRA (C) (Prioridade: 2 - Média);1CIA IND/2CIA/1PEL(PASSOS);ABTS0495;Não;Não;Não;BOLETIM DE OCORRENCIA;Classificada;16/08/2023 07:32;Não
2023-29232783-6;(BM) 2023-038186173-001;15/08/2023 19:23;AVENIDA JK, Nº S/N - MONSENHOR MESSIAS - PASSOS;-207.342.178;-465.979.772;O04012 - INCENDIO EM LOTE VAGO (AREA URBANA) (C) (Prioridade: 2 - Média);1CIA IND/2CIA/1PEL(PASSOS);ABTS0495;Não;Não;Não;BOLETIM DE OCORRENCIA;Classificada;16/08/2023 07:32;Não
2023-29238960-2;(BM) 2023-038252526-001;16/08/2023 08:00;RUA ELVIRA SILVEIRA COIMBRA, Nº 123 - CENTRO - PASSOS;-207.225.052;-466.090.087;O02003 - INCENDIO EM EDIFICACAO COMERCIAL (C) (Prioridade: 1 - Alta);1CIA IND/2CIA/1PEL(PASSOS);ABTS0495;Não;Não;Não;BOLETIM DE OCORRENCIA;Classificada;17/08/2023 16:56;Não
2023-29240344-1;(BM) 2023-038264496-001;16/08/2023 09:54;RUA CORONEL JOAO DE BARROS, Nº 1430 - BELO HORIZONTE - PASSOS;-207.290.196;-466.079.647;P01002 - VISTORIA DE LIBERACAO / EMISSAO DE AVCB (C) (Prioridade: 2 - Média);1CIA IND/2CIA/PEL PREV E VIST(PASSOS);APF01362;Não;Não;Não;BOLETIM DE OCORRENCIA;Classificada;17/08/2023 16:58;Não
2023-29240673-3;(BM) 2023-038268795-001;16/08/2023 10:19;PRACA DOUTOR JOAQUIM MARIO, Nº 53 - CENTRO - ITAU DE MINAS;-207.404.859;-467.503.587;P01002 - VISTORIA DE LIBERACAO / EMISSAO DE AVCB (C) (Prioridade: 2 - Média);1CIA IND/2CIA/PEL PREV E VIST(PASSOS);APF01362 / TPO00155;Não;Não;Não;BOLETIM DE OCORRENCIA;Classificada;17/08/2023 16:58;Não
2023-29240695-6;(BM) 2023-038269040-001;16/08/2023 10:21;RUA PALMEIRAS, Nº 633 - SERRA DAS BRISAS - PASSOS;-207.353.963;-465.914.768;P02002 - VISTORIA EM RISCO DE QUEDA DE ARVORE (C) (Prioridade: 2 - Média);1CIA IND/2CIA/1PEL(PASSOS);ASL00064;Não;Não;Não;BOLETIM DE OCORRENCIA;Classificada;17/08/2023 16:58;Não
2023-29241692-3;(BM) 2023-038282009-001;16/08/2023 11:37;RUA LEONARDO HENRY AGUIAR SILVA, Nº 645 - PASSOS;;;S06005 - CAPTURA DE INSETOS (C) (Prioridade: 2 - Média);1CIA IND/2CIA/1PEL(PASSOS);ASL00064;Não;Não;Não;BOLETIM DE OCORRENCIA;Classificada;17/08/2023 16:57;Não
2023-29242023-9;(BM) 2023-038286518-001;16/08/2023 12:09;RUA CAPITOLIO, Nº S/N - MUARAMA 2 - PASSOS;-207.333.152;-466.132.373;P02003 - VISTORIA EM LOTE VAGO (C) (Prioridade: 2 - Média);1CIA IND/2CIA/1PEL(PASSOS);ASL00064;Não;Não;Não;BOLETIM DE OCORRENCIA;Classificada;17/08/2023 16:57;Não
2023-29242107-7;(BM) 2023-038286533-001;16/08/2023 12:15;RUA CAPITOLIO, Nº S/N - MUARAMA 2 - PASSOS;-207.333.152;-466.132.373;P02003 - VISTORIA EM LOTE VAGO (C) (Prioridade: 2 - Média);1CIA IND/2CIA/1PEL(PASSOS);ASL00064;Não;Não;Não;BOLETIM DE OCORRENCIA;Classificada;17/08/2023 16:57;Não
2023-29242174-4;(BM) 2023-038287450-001;16/08/2023 12:21;RUA OPERARIOS, Nº S/N - SANTA RITA - PASSOS;-207.326.299;-46.611.038;P02003 - VISTORIA EM LOTE VAGO (C) (Prioridade: 2 - Média);1CIA IND/2CIA/1PEL(PASSOS);ASL00064;Não;Não;Não;BOLETIM DE OCORRENCIA;Classificada;17/08/2023 16:57;Não
2023-29242226-6;(BM) 2023-038288714-001;16/08/2023 12:26;RUA OPERARIOS, Nº S/N - SANTA RITA - PASSOS;-207.326.299;-46.611.038;P02003 - VISTORIA EM LOTE VAGO (C) (Prioridade: 2 - Média);1CIA IND/2CIA/1PEL(PASSOS);ASL00064;Não;Não;Não;BOLETIM DE OCORRENCIA;Classificada;17/08/2023 16:57;Não
2023-29242237-2;(BM) 2023-038290610-001;16/08/2023 12:30;AVENIDA SABIA, Nº 750 - MUARAMA 2 - PASSOS;-207.353.885;-466.132.902;P02003 - VISTORIA EM LOTE VAGO (C) (Prioridade: 2 - Média);1CIA IND/2CIA/1PEL(PASSOS);ASL00064;Não;Não;Não;BOLETIM DE OCORRENCIA;Classificada;17/08/2023 16:57;Não
2023-29242672-1;(BM) 2023-038313096-001;16/08/2023 13:10;RUA DOUTOR CARVALHO, Nº 1455 - NOSSA SENHORA DAS GRAÇAS - PASSOS;-207.352.269;-466.037.303;P01002 - VISTORIA DE LIBERACAO / EMISSAO DE AVCB (C) (Prioridade: 2 - Média);1CIA IND/2CIA/1PEL(PASSOS);TPO00155;Não;Não;Não;BOLETIM DE OCORRENCIA;Classificada;17/08/2023 16:57;Não
2023-29243505-5;(BM) 2023-038301925-001;16/08/2023 14:14;AVENIDA ARLINDO FIGUEIREDO, Nº S/N - JARDIM PINHEIROS 2 - PASSOS;-207.262.479;-466.225.308;P03001 - PERIGO DE DERRAPAGEM (C) (Prioridade: 2 - Média);1CIA IND/2CIA/1PEL(PASSOS);ASL00064;Não;Não;Não;BOLETIM DE OCORRENCIA;Classificada;17/08/2023 16:57;Não
2023-29248609-8;(BM) 2023-038373004-001;16/08/2023 18:52;RODOVIA PASSOS / GLORIA, Nº S/N - PASSOS;-20.700.737;-46.586.887;V02408 - VITIMA DE COLISAO ENTRE AUTOMOVEL X MOTOCICLETA (C) (Prioridade: 1 - Alta);1CIA IND/2CIA/1PEL(PASSOS);UR04360;Não;Não;Não;BOLETIM DE OCORRENCIA;Classificada;17/08/2023 16:56;Não
2023-29251199-6;(BM) 2023-038394696-001;16/08/2023 21:54;AVENIDA ARLINDO FIGUEIREDO, Nº S/N - JARDIM PINHEIROS 2 - PASSOS;-207.262.479;-466.225.308;O04011 - INCENDIO EM AREA URBANA NAO PROTEGIDA (C) (Prioridade: 2 - Média);1CIA IND/2CIA/1PEL(PASSOS);ASL00064;Não;Não;Não;BOLETIM DE OCORRENCIA;Classificada;17/08/2023 16:57;Não
2023-29251398-2;(BM) 2023-038394759-001;16/08/2023 22:07;RUA JOAO XXIII, Nº S/N - NOSSA SENHORA DAS GRAÇAS - PASSOS;-207.369.075;-466.056.281;V02408 - VITIMA DE COLISAO ENTRE AUTOMOVEL X MOTOCICLETA (C) (Prioridade: 1 - Alta);1CIA IND/2CIA/1PEL(PASSOS);UR04360;Não;Não;Não;BOLETIM DE OCORRENCIA;Classificada;17/08/2023 16:56;Não
2023-29254564-6;(BM) 2023-038428608-001;17/08/2023 07:00;RUA SANTA MARTA, Nº S/N - CANJERANUS - PASSOS;-207.129.116;-466.070.067;V02408 - VITIMA DE COLISAO ENTRE AUTOMOVEL X MOTOCICLETA (C) (Prioridade: 1 - Alta);1CIA IND/2CIA/1PEL(PASSOS);UR04360;Não;Não;Não;BOLETIM DE OCORRENCIA;Classificada;17/08/2023 16:58;Não
2023-29256233-0;(BM) 2023-038446679-001;17/08/2023 09:37;RUA BELO HORIZONTE, Nº 254 - BOM JESUS DA PENHA;-210.135.541;-465.201.503;P01002 - VISTORIA DE LIBERACAO / EMISSAO DE AVCB (C) (Prioridade: 2 - Média);1CIA IND/2CIA/1PEL(PASSOS);TPO00155;Não;Não;Não;BOLETIM DE OCORRENCIA;Classificada;18/08/2023 08:12;Não
2023-29256410-3;(BM) 2023-038448994-001;17/08/2023 09:52;RUA JUIZ DE FORA, Nº 707 - COHAB 3 - PASSOS;-207.078.857;-466.273.313;V03021 - VITIMA DE SUICIDIO (TENTATIVA) - APH TRAUMA (C) (Prioridade: 1 - Alta);1CIA IND/2CIA/1PEL(PASSOS);UR04360;Não;Não;Não;BOLETIM DE OCORRENCIA;Classificada;18/08/2023 08:13;Não
2023-29256753-0;(BM) 2023-038453551-001;17/08/2023 10:16;RUA BARIRIS, Nº 362 - SAO JOAQUIM - PASSOS;-207.432.172;-466.028.256;S06002 - CAPTURA DE ANIMAL SILVESTRE PERIGOSO / AGRESSIVO (C) (Prioridade: 2 - Média);1CIA IND/2CIA/1PEL(PASSOS);ASL00064;Não;Não;Não;BOLETIM DE OCORRENCIA;Classificada;18/08/2023 08:12;Não
2023-29257958-8;(BM) 2023-038469658-001;17/08/2023 11:51;ESTRADA JULIEIRA, Nº S/N - NOVA CALIFORNIA - PASSOS;-207.018.793;-466.242.379;P02003 - VISTORIA EM LOTE VAGO (C) (Prioridade: 2 - Média);1CIA IND/2CIA/1PEL(PASSOS);ASL00064;Não;Não;Não;BOLETIM DE OCORRENCIA;Classificada;18/08/2023 08:12;Não
2023-29258052-6;(BM) 2023-038470678-001;17/08/2023 11:59;ESTRADA JULIEIRA, Nº S/N - NOVA CALIFORNIA - PASSOS;-207.018.793;-466.242.379;P02003 - VISTORIA EM LOTE VAGO (C) (Prioridade: 2 - Média);1CIA IND/2CIA/1PEL(PASSOS);ASL00064;Não;Não;Não;BOLETIM DE OCORRENCIA;Classificada;18/08/2023 08:12;Não
2023-29258198-1;(BM) 2023-038472482-001;17/08/2023 12:12;ESTRADA JULIEIRA, Nº S/N - NOVA CALIFORNIA - PASSOS;-207.018.793;-466.242.379;P02003 - VISTORIA EM LOTE VAGO (C) (Prioridade: 2 - Média);1CIA IND/2CIA/1PEL(PASSOS);ASL00064;Não;Não;Não;BOLETIM DE OCORRENCIA;Classificada;18/08/2023 08:12;Não
2023-29258252-5;(BM) 2023-038473054-001;17/08/2023 12:18;ESTRADA JULIEIRA, Nº S/N - NOVA CALIFORNIA - PASSOS;-207.018.793;-466.242.379;P02003 - VISTORIA EM LOTE VAGO (C) (Prioridade: 2 - Média);1CIA IND/2CIA/1PEL(PASSOS);ASL00064;Não;Não;Não;BOLETIM DE OCORRENCIA;Classificada;18/08/2023 08:12;Não
2023-29258292-0;(BM) 2023-038473593-001;17/08/2023 12:22;ESTRADA JULIEIRA, Nº S/N - NOVA CALIFORNIA - PASSOS;-207.018.793;-466.242.379;P02003 - VISTORIA EM LOTE VAGO (C) (Prioridade: 2 - Média);1CIA IND/2CIA/1PEL(PASSOS);ASL00064;Não;Não;Não;BOLETIM DE OCORRENCIA;Classificada;18/08/2023 08:12;Não
2023-29258804-0;(BM) 2023-038479233-001;17/08/2023 13:14;RUA RIO PARDO, Nº 1060 - RECANTO DA HARMONIA - PASSOS;-207.045.126;-466.003.313;V01007 - VITIMA COM DISPNEIA (FALTA DE AR) (C) (Prioridade: 1 - Alta);1CIA IND/2CIA/1PEL(PASSOS);UR04360;Não;Não;Não;BOLETIM DE OCORRENCIA;Classificada;18/08/2023 08:13;Não
2023-29259111-9;(BM) 2023-038483153-001;17/08/2023 13:34;RUA SAO FRANCISCO DE ASSIS, Nº 523 - RESIDENCIAL ELDORADO - PASSOS;-207.282.319;-466.219.978;P01001 - VISTORIA DE FISCALIZACAO (C) (Prioridade: 2 - Média);1CIA IND/2CIA/1PEL(PASSOS);TPO00155;Não;Não;Não;BOLETIM DE OCORRENCIA;Classificada;18/08/2023 08:12;Não
2023-29259363-1;(BM) 2023-038486248-001;17/08/2023 13:55;RUA SEBASTIAO TEOFILO, Nº 191 - NOVA CALIFORNIA - PASSOS;-207.016.172;-466.212.732;P01001 - VISTORIA DE FISCALIZACAO (C) (Prioridade: 2 - Média);1CIA IND/2CIA/1PEL(PASSOS);TPO00155;Não;Não;Não;BOLETIM DE OCORRENCIA;Classificada;18/08/2023 08:12;Não
2023-29259783-7;(BM) 2023-038491489-001;17/08/2023 14:20;RODOVIA MG 050, Nº S/N - PASSOS;-207.371.492;-466.395.925;X03000 - EMPENHO ADMINISTRATIVO (C) (Prioridade: 2 - Média);1CIA IND/2CIA/1PEL(PASSOS);ASL00064;Não;Não;Não;BOLETIM DE OCORRENCIA;Classificada;18/08/2023 08:12;Não
2023-29260095-1;(BM) 2023-038495120-001;17/08/2023 14:34;RUA VENEZUELA, Nº 550 - POLIVALENTE - PASSOS;-207.040.198;-46.604.495;P01001 - VISTORIA DE FISCALIZACAO (C) (Prioridade: 2 - Média);1CIA IND/2CIA/1PEL(PASSOS);TPO00155;Não;Não;Não;BOLETIM DE OCORRENCIA;Classificada;18/08/2023 08:12;Não
2023-29260331-2;(BM) 2023-038498201-001;17/08/2023 14:45;RUA MARIA JOSE CALIXTO DE LIMA, Nº 21 - NOVA PASSOS - PASSOS;-207.031.784;-466.337.049;P01001 - VISTORIA DE FISCALIZACAO (C) (Prioridade: 2 - Média);1CIA IND/2CIA/1PEL(PASSOS);TPO00155;Não;Não;Não;BOLETIM DE OCORRENCIA;Classificada;18/08/2023 08:13;Não
2023-29260836-9;(BM) 2023-038505010-001;17/08/2023 15:08;RUA PADRE AURELIANO, Nº S/N - CENTRO - SAO JOAO BATISTA GLORIA;-206.399.618;-4.650.225;V01018 - VITIMA DE MAL NAO DEFINIDO (DISTURBIO) (C) (Prioridade: 1 - Alta);1CIA IND/2CIA/1PEL(PASSOS);UR04360;Não;Não;Não;BOLETIM DE OCORRENCIA;Classificada;18/08/2023 08:13;Não
2023-29262924-5;(BM) 2023-038531861-001;17/08/2023 16:56;RUA SANTA INES, Nº 362 - BELO HORIZONTE - PASSOS;-207.277.181;-466.080.702;V01015 - VITIMA COM HEMORRAGIA (C) (Prioridade: 1 - Alta);1CIA IND/2CIA/1PEL(PASSOS);UR04360;Não;Não;Não;BOLETIM DE OCORRENCIA;Classificada;18/08/2023 08:13;Não
2023-29264412-4;(BM) 2023-038549196-001;17/08/2023 18:25;RUA DOUTOR CARVALHO, Nº 1455 - NOSSA SENHORA DAS GRAÇAS - PASSOS;-207.352.269;-466.037.303;Q03017 - TREINAMENTO DE PRIMEIROS SOCORROS (C) (Prioridade: 2 - Média);1CIA IND/2CIA/1PEL(PASSOS);BM1637750;Não;Não;Não;BOLETIM DE OCORRENCIA;Classificada;18/08/2023 08:13;Não
2023-29267699-8;(BM) 2023-038582666-001;17/08/2023 22:07;RUA JOAO XXIII, Nº S/N - NOSSA SENHORA DAS GRAÇAS - PASSOS;-207.369.075;-466.056.281;V01009 - VITIMA COM DOR NA COLUNA VERTEBRAL (COSTAS) (C) (Prioridade: 1 - Alta);1CIA IND/2CIA/1PEL(PASSOS);UR04360;Não;Não;Não;BOLETIM DE OCORRENCIA;Classificada;18/08/2023 08:13;Não
2023-29270341-2;(BM) 2023-038610063-001;18/08/2023 02:29;RUA BOA VISTA, Nº S/N - PENHA - PASSOS;-207.148.272;-466.151.251;V03018 - VITIMA DE QUEDA DA PROPRIA ALTURA (C) (Prioridade: 1 - Alta);1CIA IND/2CIA/1PEL(PASSOS);UR04360;Não;Não;Não;BOLETIM DE OCORRENCIA;Classificada;18/08/2023 08:13;Não
2023-29270952-6;(BM) 2023-038728466-001;18/08/2023 06:22;RUA DOUTOR CARVALHO, Nº 1455 - NOSSA SENHORA DAS GRAÇAS - PASSOS;-207.352.269;-466.037.303;X03000 - EMPENHO ADMINISTRATIVO (C) (Prioridade: 2 - Média);1CIA IND/2CIA/1PEL(PASSOS);BM1224443;Não;Não;Não;BOLETIM DE OCORRENCIA;Classificada;19/08/2023 07:14;Não
2023-29271803-1;(BM) 2023-038641807-001;18/08/2023 08:11;RUA DAVID ANDRADE, Nº 649 - BOM JESUS DA PENHA;;;P01003 - VISTORIA EM EVENTOS TEMPORARIOS (C) (Prioridade: 1 - Alta);1CIA IND/2CIA/PEL PREV E VIST(PASSOS);APF01362;Não;Não;Não;BOLETIM DE OCORRENCIA;Classificada;19/08/2023 07:12;Não
2023-29272360-8;(BM) 2023-038630337-001;18/08/2023 09:05;AVENIDA JUCA STOCKLER, Nº 1612 - NOSSA SENHORA DAS GRAÇAS - PASSOS;-207.377.087;-466.023.954;V01018 - VITIMA DE MAL NAO DEFINIDO (DISTURBIO) (C) (Prioridade: 1 - Alta);1CIA IND/2CIA/1PEL(PASSOS);UR04360;Não;Não;Não;BOLETIM DE OCORRENCIA;Classificada;19/08/2023 07:12;Não
2023-29273317-4;(BM) 2023-038646120-001;18/08/2023 10:27;RUA VITORIA, Nº 130 - PASSOS;;;P01001 - VISTORIA DE FISCALIZACAO (C) (Prioridade: 2 - Média);1CIA IND/2CIA/PEL PREV E VIST(PASSOS);APF01362;Não;Não;Não;BOLETIM DE OCORRENCIA;Classificada;19/08/2023 07:14;Não
2023-29273466-4;(BM) 2023-038646277-001;18/08/2023 10:38;AVENIDA MONTESE, Nº S/N - SERRA DAS BRISAS - PASSOS;-207.322.172;-465.987.907;P02003 - VISTORIA EM LOTE VAGO (C) (Prioridade: 2 - Média);1CIA IND/2CIA/1PEL(PASSOS);ABTS0495;Não;Não;Não;BOLETIM DE OCORRENCIA;Classificada;19/08/2023 07:14;Não
2023-29273661-0;(BM) 2023-038775275-001;18/08/2023 10:53;AVENIDA MONTESE, Nº S/N - SERRA DAS BRISAS - PASSOS;-207.322.172;-465.987.907;P02003 - VISTORIA EM LOTE VAGO (C) (Prioridade: 2 - Média);1CIA IND/2CIA/1PEL(PASSOS);ABTS0495;Não;Não;Não;BOLETIM DE OCORRENCIA;Classificada;19/08/2023 07:14;Não
2023-29273839-0;(BM) 2023-038650996-001;18/08/2023 11:05;AVENIDA MONTESE, Nº S/N - SERRA DAS BRISAS - PASSOS;-207.322.172;-465.987.907;P02003 - VISTORIA EM LOTE VAGO (C) (Prioridade: 2 - Média);1CIA IND/2CIA/1PEL(PASSOS);ABTS0495;Não;Não;Não;BOLETIM DE OCORRENCIA;Classificada;19/08/2023 07:14;Não
2023-29273872-5;(BM) 2023-038649201-001;18/08/2023 11:07;RUA RAIMUNDO F DA SILVEIRA, Nº 48 - NOVA PASSOS - PASSOS;-207.049.339;-466.344.512;P01001 - VISTORIA DE FISCALIZACAO (C) (Prioridade: 2 - Média);1CIA IND/2CIA/PEL PREV E VIST(PASSOS);APF01362;Não;Não;Não;BOLETIM DE OCORRENCIA;Classificada;19/08/2023 07:13;Não
2023-29274030-4;(BM) 2023-038775312-001;18/08/2023 11:19;AVENIDA MONTESE, Nº S/N - SERRA DAS BRISAS - PASSOS;-207.322.172;-465.987.907;P02003 - VISTORIA EM LOTE VAGO (C) (Prioridade: 2 - Média);1CIA IND/2CIA/1PEL(PASSOS);ABTS0495;Não;Não;Não;BOLETIM DE OCORRENCIA;Classificada;19/08/2023 07:13;Não
2023-29275051-0;(BM) 2023-038694704-001;18/08/2023 12:50;AVENIDA ARLINDO FIGUEIREDO, Nº S/N - JARDIM PINHEIROS 2 - PASSOS;-207.262.479;-466.225.308;O04012 - INCENDIO EM LOTE VAGO (AREA URBANA) (C) (Prioridade: 2 - Média);1CIA IND/2CIA/1PEL(PASSOS);ABTS0495;Não;Não;Não;BOLETIM DE OCORRENCIA;Classificada;19/08/2023 07:13;Não
2023-29276466-0;(BM) 2023-038693907-001;18/08/2023 14:31;RODOVIA MG 050, Nº S/N - SANTA TEREZINHA - ITAU DE MINAS;-207.498.551;-467.534.723;O02027 - INCENDIO VEIC. AUTOMOTOR (EXCETO TANQUE/ONIBUS/MICRO-ONIBUS) (C) (Prioridade: 1 - Alta);1CIA IND/2CIA/1PEL(PASSOS);ABTS0495;Não;Não;Não;BOLETIM DE OCORRENCIA;Classificada;19/08/2023 07:12;Não
2023-29278091-0;(BM) 2023-038804987-001;18/08/2023 15:55;SITIO FORTALEZA - BAIRRO RURAL AREIAS - ARILSON GONCALVES LOPES, Nº S/N - FORTALEZA DE MINAS;-209.201.889;-467.450.634;O04013 - INCENDIO EM PASTO (C) (Prioridade: 2 - Média);1CIA IND/2CIA/1PEL(PASSOS);ASL00064;Não;Não;Não;BOLETIM DE OCORRENCIA;Classificada;19/08/2023 07:13;Não
2023-29281395-3;(BM) 2023-038736685-001;18/08/2023 19:13;RODOVIA MG 446, Km 7 - ALPINOPOLIS;-207.784.122;-463.753.116;O04014 - INCENDIO AS MARGENS DE RODOVIA (C) (Prioridade: 2 - Média);1CIA IND/2CIA/1PEL(PASSOS);ABTS0495;Não;Não;Não;BOLETIM DE OCORRENCIA;Classificada;19/08/2023 07:12;Não
2023-29284419-6;(BM) 2023-038769120-001;18/08/2023 22:24;RUA DAVID BALDINI, Nº 511 - BELO HORIZONTE - PASSOS;-207.253.028;-466.017.817;W04000 - NADA CONSTATADO (C) (Prioridade: 3 - Baixa);1CIA IND/2CIA/1PEL(PASSOS);UR04360;Não;Não;Não;BOLETIM DE OCORRENCIA;Classificada;19/08/2023 07:14;Não
2023-29289094-0;(BM) 2023-038807937-001;19/08/2023 08:07;RUA DOUTOR CARVALHO, Nº 222 - CENTRO - PASSOS;-207.237.706;-46.607.898;X03000 - EMPENHO ADMINISTRATIVO (C) (Prioridade: 2 - Média);1CIA IND/2CIA/1PEL(PASSOS);UR04360;Não;Não;Não;BOLETIM DE OCORRENCIA;Classificada;20/08/2023 07:49;Não
2023-29290357-5;(BM) 2023-038819054-001;19/08/2023 10:27;PRACA FRANCISCO SALLES, Nº S/N - BELO HORIZONTE - PASSOS;-207.264.675;-466.045.971;P03009 - PREVENCAO EM PONTO-BASE / FERIADOS PROLONGADOS (C) (Prioridade: 2 - Média);1CIA IND/2CIA/1PEL(PASSOS);UR04360;Não;Não;Não;BOLETIM DE OCORRENCIA;Classificada;20/08/2023 07:50;Não
2023-29291045-8;(BM) 2023-038825064-001;19/08/2023 11:35;RUA DOUTOR CARVALHO, Nº 1455 - NOSSA SENHORA DAS GRAÇAS - PASSOS;-207.352.269;-466.037.303;V01023 - VITIMA DE SINCOPE (DESMAIO)/VERTIGEM (C) (Prioridade: 1 - Alta);1CIA IND/2CIA/1PEL(PASSOS);UR04360;Não;Não;Não;BOLETIM DE OCORRENCIA;Classificada;20/08/2023 07:51;Não
2023-29291884-6;(BM) 2023-038832627-001;19/08/2023 13:19;RUA TURMALINA, Nº S/N - ACLIMACAO - PASSOS;-207.543.276;-466.029.164;V01006 - VITIMA COM DIFICULDADE DE LOCOMOCAO (C) (Prioridade: 1 - Alta);1CIA IND/2CIA/1PEL(PASSOS);UR04360;Não;Não;Não;BOLETIM DE OCORRENCIA;Classificada;20/08/2023 07:51;Não
2023-29292006-1;(BM) 2023-038833844-001;19/08/2023 13:33;RUA ACRE, Nº 1269 - RECANTO DA HARMONIA - PASSOS;-207.066.065;-46.596.918;O02001 - INCENDIO EM RESIDENCIA/HABITACAO UNIFAMILIAR (CASA) (C) (Prioridade: 1 - Alta);1CIA IND/2CIA/1PEL(PASSOS);ABTS0495;Não;Não;Não;BOLETIM DE OCORRENCIA;Classificada;20/08/2023 07:51;Não
2023-29293126-9;(BM) 2023-038845234-001;19/08/2023 15:00;AVENIDA SABIA, Nº S/N - MUARAMA 2 - PASSOS;-207.330.855;-466.157.928;S04021 - RECUPERACAO DE BENS EM LOCAL DE DIFICIL ACESSO (C) (Prioridade: 2 - Média);1CIA IND/2CIA/1PEL(PASSOS);ASL00064;Não;Não;Não;BOLETIM DE OCORRENCIA;Classificada;20/08/2023 07:50;Não
2023-29294092-4;(BM) 2023-038855060-001;19/08/2023 16:05;RUA BOROROS, Nº S/N - VILA ROMANA - PASSOS;-207.411.361;-466.087.268;P02003 - VISTORIA EM LOTE VAGO (C) (Prioridade: 2 - Média);1CIA IND/2CIA/1PEL(PASSOS);ASL00064;Não;Não;Não;BOLETIM DE OCORRENCIA;Classificada;20/08/2023 07:50;Não
2023-29294201-8;(BM) 2023-038856040-001;19/08/2023 16:12;RUA TOCANTINS, Nº S/N - VILA ROMANA - PASSOS;-207.415.321;-466.092.167;P02003 - VISTORIA EM LOTE VAGO (C) (Prioridade: 2 - Média);1CIA IND/2CIA/1PEL(PASSOS);ASL00064;Não;Não;Não;BOLETIM DE OCORRENCIA;Classificada;20/08/2023 07:50;Não
2023-29294368-3;(BM) 2023-038857752-001;19/08/2023 16:25;RUA HONORIO DA SILVA LEMOS, Nº S/N - VILA ROMANA - PASSOS;-207.412.616;-46.610.549;P02003 - VISTORIA EM LOTE VAGO (C) (Prioridade: 2 - Média);1CIA IND/2CIA/1PEL(PASSOS);ASL00064;Não;Não;Não;BOLETIM DE OCORRENCIA;Classificada;20/08/2023 07:50;Não
2023-29294417-7;(BM) 2023-038858092-001;19/08/2023 16:27;RUA GERALDO SILVA MAIA, Nº S/N - VILA ROMANA - PASSOS;-207.419.675;-466.117.471;P02003 - VISTORIA EM LOTE VAGO (C) (Prioridade: 2 - Média);1CIA IND/2CIA/1PEL(PASSOS);ASL00064;Não;Não;Não;BOLETIM DE OCORRENCIA;Classificada;20/08/2023 07:50;Não
2023-29294540-3;(BM) 2023-038859084-001;19/08/2023 16:33;RUA MIGUEL ALCOCER, Nº S/N - VILA ROMANA - PASSOS;-207.432.841;-466.106.934;P02003 - VISTORIA EM LOTE VAGO (C) (Prioridade: 2 - Média);1CIA IND/2CIA/1PEL(PASSOS);ASL00064;Não;Não;Não;BOLETIM DE OCORRENCIA;Classificada;20/08/2023 07:50;Não
2023-29295669-5;(BM) 2023-038876081-001;19/08/2023 17:49;RODOVIA MG050, Km 350 - PASSOS;;;O04013 - INCENDIO EM PASTO (C) (Prioridade: 2 - Média);1CIA IND/2CIA/1PEL(PASSOS);ABTS0495;Não;Não;Não;BOLETIM DE OCORRENCIA;Classificada;20/08/2023 07:50;Não
2023-29296799-6;(BM) 2023-038880092-001;19/08/2023 18:57;RUA RIO DOCE, Nº 978 - RECANTO DA HARMONIA - PASSOS;-207.035.531;-46.597.351;V01018 - VITIMA DE MAL NAO DEFINIDO (DISTURBIO) (C) (Prioridade: 1 - Alta);1CIA IND/2CIA/1PEL(PASSOS);UR04360;Não;Não;Não;BOLETIM DE OCORRENCIA;Classificada;20/08/2023 07:51;Não
2023-29300758-6;(BM) 2023-038912977-001;19/08/2023 22:48;RODOVIA BR 146, Km 333 - PASSOS;-207.566.918;-466.014.622;O04008 - INCENDIO EM AREA RURAL NAO PROTEGIDA (C) (Prioridade: 2 - Média);1CIA IND/2CIA/1PEL(PASSOS);ABTS0495;Não;Não;Não;BOLETIM DE OCORRENCIA;Classificada;20/08/2023 07:50;Não
2023-29301361-8;(BM) 2023-038917506-001;19/08/2023 23:22;RUA ANTONIO LUIZ DE FARIA, Nº 731 - JARDIM ITALIA - PASSOS;-207.477.825;-466.021.985;V01021 - VITIMA COM PARADA RESPIRATORIA (C) (Prioridade: 1 - Alta);1CIA IND/2CIA/1PEL(PASSOS);UR04360;Não;Não;Não;BOLETIM DE OCORRENCIA;Classificada;20/08/2023 07:51;Não
2023-29302569-4;;20/08/2023 00:43;RODOVIA MG050, Nº 8 - PASSOS;-207.331.352;-465.723.036;W98011 - SOLICITACAO DE APOIO (C) (Prioridade: 1 - Alta);1CIA IND/2CIA/1PEL(PASSOS);;Não;Não;Não;ATENDIDA PELO SAMU;Classificada;20/08/2023 06:41;Não
2023-29302783-4;(BM) 2023-038927527-003;20/08/2023 00:56;RODOVIA MG 050, Km 339 - PASSOS;-20.718.014;-464.595.361;V02410 - VITIMA DE COLISAO ENTRE AUTOMOVEL X ONIBUS / MICRO-ONIBUS (C) (Prioridade: 1 - Alta);1CIA IND/2CIA/1PEL(PASSOS);UR04360 / ASL00064;Não;Não;Não;BOLETIM DE OCORRENCIA;Classificada;20/08/2023 07:51;Não
2023-29307170-2;(BM) 2023-038963139-001;20/08/2023 11:25;ESTRADA PRINCIPAL LINHA DO BANANAL KM 03, Nº S/N - PASSOS;-207.004.795;-466.618.576;V01018 - VITIMA DE MAL NAO DEFINIDO (DISTURBIO) (C) (Prioridade: 1 - Alta);1CIA IND/2CIA/1PEL(PASSOS);UR04360;Não;Não;Não;BOLETIM DE OCORRENCIA;Classificada;21/08/2023 08:08;Não
2023-29307578-2;(BM) 2023-038966972-001;20/08/2023 12:22;RUA BARAO DE PASSOS, Nº S/N - CENTRO - PASSOS;-207.194.995;-466.074.223;V02408 - VITIMA DE COLISAO ENTRE AUTOMOVEL X MOTOCICLETA (C) (Prioridade: 1 - Alta);1CIA IND/2CIA/1PEL(PASSOS);UR04360;Não;Não;Não;BOLETIM DE OCORRENCIA;Classificada;21/08/2023 08:08;Não
2023-29309195-4;(BM) 2023-038994469-001;20/08/2023 14:58;RUA CHILE, Nº 201 - POLIVALENTE - PASSOS;-207.052.283;-466.065.956;V01013 - VITIMA DE EMERGENCIAS PSIQUIATRICAS (C) (Prioridade: 1 - Alta);1CIA IND/2CIA/1PEL(PASSOS);UR04360;Não;Não;Não;BOLETIM DE OCORRENCIA;Classificada;21/08/2023 08:09;Não
2023-29309575-5;(BM) 2023-038986525-001;20/08/2023 15:23;RUA REGISTRO, Nº 2001 - CONTAGEM;-198.932.026;-440.936.632;X03000 - EMPENHO ADMINISTRATIVO (C) (Prioridade: 2 - Média);1CIA IND/2CIA/PEL PREV E VIST(PASSOS);APF01362;Não;Não;Não;BOLETIM DE OCORRENCIA;Classificada;26/08/2023 05:31;Não
2023-29310368-8;(BM) 2023-038995946-001;20/08/2023 16:24;AVENIDA JUPITER, Nº 214 - PANORAMA - PASSOS;-207.131.556;-466.162.493;P02003 - VISTORIA EM LOTE VAGO (C) (Prioridade: 2 - Média);1CIA IND/2CIA/1PEL(PASSOS);ASL00064;Não;Não;Não;BOLETIM DE OCORRENCIA;Classificada;21/08/2023 08:08;Não
2023-29310509-8;(BM) 2023-038996100-001;20/08/2023 16:34;RUA CANDELABRO, Nº 46 - JARDIM SATELITE - PASSOS;-207.211.888;-466.202.229;P02003 - VISTORIA EM LOTE VAGO (C) (Prioridade: 2 - Média);1CIA IND/2CIA/1PEL(PASSOS);ASL00064;Não;Não;Não;BOLETIM DE OCORRENCIA;Classificada;21/08/2023 08:08;Não
2023-29310794-6;(BM) 2023-038998924-001;20/08/2023 16:53;RUA CANTO DA PENHA, Nº 29 - PENHA - PASSOS;-207.146.382;-466.230.051;P02003 - VISTORIA EM LOTE VAGO (C) (Prioridade: 2 - Média);1CIA IND/2CIA/1PEL(PASSOS);ASL00064;Não;Não;Não;BOLETIM DE OCORRENCIA;Classificada;21/08/2023 08:08;Não
2023-29310934-3;(BM) 2023-039000082-001;20/08/2023 17:02;RUA ALFA, Nº 135 - JARDIM SATELITE - PASSOS;-207.124.752;-466.184.522;P02003 - VISTORIA EM LOTE VAGO (C) (Prioridade: 2 - Média);1CIA IND/2CIA/1PEL(PASSOS);ASL00064;Não;Não;Não;BOLETIM DE OCORRENCIA;Classificada;21/08/2023 08:08;Não
2023-29311202-0;(BM) 2023-039002551-001;20/08/2023 17:21;RUA JOSE LEMOS MAIA, Nº 75 - JARDIM SATELITE - PASSOS;-207.095.658;-46.623.113;P02003 - VISTORIA EM LOTE VAGO (C) (Prioridade: 2 - Média);1CIA IND/2CIA/1PEL(PASSOS);ASL00064;Não;Não;Não;BOLETIM DE OCORRENCIA;Classificada;21/08/2023 08:08;Não
2023-29314314-0;(BM) 2023-039031707-001;20/08/2023 21:00;RUA ITAJAI, Nº S/N - SERRA DAS BRISAS - PASSOS;-207.329.965;-465.981.406;O02027 - INCENDIO VEIC. AUTOMOTOR (EXCETO TANQUE/ONIBUS/MICRO-ONIBUS) (C) (Prioridade: 1 - Alta);1CIA IND/2CIA/1PEL(PASSOS);ABTS0495;Não;Não;Não;BOLETIM DE OCORRENCIA;Classificada;21/08/2023 08:09;Não
2023-29314541-2;(BM) 2023-039037065-002;20/08/2023 21:15;RODOVIA MGC 146 - S  - N, Nº S/N - PASSOS;-207.005.628;-465.873.428;S05201 - CAPOTAMENTO DE AUTOMOVEL (CARRO, CAMIONETA, CAMINHONETE) (C) (Prioridade: 1 - Alta);1CIA IND/2CIA/1PEL(PASSOS);UR04360 / ABTS0495;Não;Não;Não;BOLETIM DE OCORRENCIA;Classificada;21/08/2023 08:09;Não
2023-29318694-5;(BM) 2023-039075384-001;21/08/2023 07:43;RUA JOSE BARBOSA DA SILVA, Nº 65 - JARDIM COLEGIO DE PASSOS - PASSOS;-20.722.454;-465.981.815;V03018 - VITIMA DE QUEDA DA PROPRIA ALTURA (C) (Prioridade: 1 - Alta);1CIA IND/2CIA/1PEL(PASSOS);UR04360;Não;Não;Não;BOLETIM DE OCORRENCIA;Classificada;22/08/2023 06:23;Não
2023-29319166-2;(BM) 2023-039080230-001;21/08/2023 08:30;AVENIDA SABIA, Nº S/N - MUARAMA 2 - PASSOS;-207.330.855;-466.157.928;X03000 - EMPENHO ADMINISTRATIVO (C) (Prioridade: 2 - Média);1CIA IND/2CIA/1PEL(PASSOS);TPO00155;Não;Não;Não;BOLETIM DE OCORRENCIA;Classificada;22/08/2023 06:23;Não
2023-29320001-0;(BM) 2023-039089977-001;21/08/2023 09:42;RUA LAVRAS, Nº 330 - MARIO MAGALHAES - PASSOS;-207.256.333;-466.123.513;P01002 - VISTORIA DE LIBERACAO / EMISSAO DE AVCB (C) (Prioridade: 2 - Média);1CIA IND/2CIA/1PEL(PASSOS);TPO00155;Não;Não;Não;BOLETIM DE OCORRENCIA;Classificada;22/08/2023 06:25;Não
2023-29320333-0;(BM) 2023-039108358-001;21/08/2023 10:08;RUA MARILIA BORGES E S LEMOS, Nº S/N - NOVA PASSOS II - PASSOS;-206.989.687;-466.297.111;P02003 - VISTORIA EM LOTE VAGO (C) (Prioridade: 2 - Média);1CIA IND/2CIA/1PEL(PASSOS);ASL00064;Não;Não;Não;BOLETIM DE OCORRENCIA;Classificada;22/08/2023 06:25;OPERAÇÃO ALERTA VERDE - FASE 2
2023-29320853-0;(BM) 2023-039108345-001;21/08/2023 10:44;RUA MARILIA BORGES E S LEMOS, Nº S/N - NOVA PASSOS II - PASSOS;-206.989.687;-466.297.111;P02003 - VISTORIA EM LOTE VAGO (C) (Prioridade: 2 - Média);1CIA IND/2CIA/1PEL(PASSOS);ASL00064;Não;Não;Não;BOLETIM DE OCORRENCIA;Classificada;22/08/2023 06:25;OPERAÇÃO ALERTA VERDE - FASE 2
2023-29320928-7;(BM) 2023-039108451-001;21/08/2023 10:51;RUA GEORGIA, Nº 311 - PASSOS;-207.344.095;-466.108.196;V01018 - VITIMA DE MAL NAO DEFINIDO (DISTURBIO) (C) (Prioridade: 1 - Alta);1CIA IND/2CIA/1PEL(PASSOS);UR04360;Não;Não;Não;BOLETIM DE OCORRENCIA;Classificada;22/08/2023 06:31;Não
2023-29320966-6;(BM) 2023-039108295-001;21/08/2023 10:53;RUA MARILIA BORGES E S LEMOS, Nº S/N - NOVA PASSOS II - PASSOS;-206.989.687;-466.297.111;P02003 - VISTORIA EM LOTE VAGO (C) (Prioridade: 2 - Média);1CIA IND/2CIA/1PEL(PASSOS);ASL00064;Não;Não;Não;BOLETIM DE OCORRENCIA;Classificada;22/08/2023 06:25;Não
2023-29321089-6;(BM) 2023-039108267-001;21/08/2023 11:02;RUA MARILIA BORGES E S LEMOS, Nº S/N - NOVA PASSOS II - PASSOS;-206.989.687;-466.297.111;P02003 - VISTORIA EM LOTE VAGO (C) (Prioridade: 2 - Média);1CIA IND/2CIA/1PEL(PASSOS);ASL00064;Não;Não;Não;BOLETIM DE OCORRENCIA;Classificada;22/08/2023 06:26;OPERAÇÃO ALERTA VERDE - FASE 2
2023-29321341-3;(BM) 2023-039108200-001;21/08/2023 11:18;RUA MARILIA BORGES E S LEMOS, Nº S/N - NOVA PASSOS II - PASSOS;-206.989.687;-466.297.111;P02003 - VISTORIA EM LOTE VAGO (C) (Prioridade: 2 - Média);1CIA IND/2CIA/1PEL(PASSOS);ASL00064;Não;Não;Não;BOLETIM DE OCORRENCIA;Classificada;22/08/2023 06:26;Não
2023-29321578-2;(BM) 2023-039256967-001;21/08/2023 11:39;RUA DOUTOR CARVALHO, Nº 1455 - NOSSA SENHORA DAS GRAÇAS - PASSOS;-207.352.269;-466.037.303;S06002 - CAPTURA DE ANIMAL SILVESTRE PERIGOSO / AGRESSIVO (C) (Prioridade: 2 - Média);1CIA IND/2CIA/1PEL(PASSOS);ASL00064;Não;Não;Não;BOLETIM DE OCORRENCIA;Classificada;22/08/2023 06:29;Não
2023-29322336-9;(BM) 2023-039164889-001;21/08/2023 13:02;RUA MARIA JOSE MACHADO FRANCA, Nº 74 - COHAB 2 - PASSOS;-207.133.771;-466.301.184;V03003 - VITIMA DE AGRESSAO FISICA COM ARMA BRANCA (C) (Prioridade: 1 - Alta);1CIA IND/2CIA/1PEL(PASSOS);UR04360;Não;Não;Não;BOLETIM DE OCORRENCIA;Classificada;22/08/2023 06:31;Não
2023-29322374-8;(BM) 2023-039120443-001;21/08/2023 13:05;RUA DO CAFE BOURBON - IBIRACI;;;P01002 - VISTORIA DE LIBERACAO / EMISSAO DE AVCB (C) (Prioridade: 2 - Média);1CIA IND/2CIA/1PEL(PASSOS);TPO00155;Não;Não;Não;BOLETIM DE OCORRENCIA;Classificada;22/08/2023 06:29;Não
2023-29325261-8;(BM) 2023-039160291-001;21/08/2023 15:45;RODOVIA MG 344, Nº S/N - CASSIA;-206.059.151;-468.965.632;O04014 - INCENDIO AS MARGENS DE RODOVIA (C) (Prioridade: 2 - Média);1CIA IND/2CIA/1PEL(PASSOS);ABTS0495;Não;Não;Não;BOLETIM DE OCORRENCIA;Classificada;22/08/2023 06:30;Não
2023-29326766-0;(BM) 2023-039178146-001;21/08/2023 17:05;RUA FORTALEZA, Nº 38 - SAO JOAO BATISTA GLORIA;-206.337.915;-465.052.751;Q03006 - TREINAMENTO DE FORMACAO DE BRIGADAS (C) (Prioridade: 2 - Média);1CIA IND/2CIA/1PEL(PASSOS);TPO00155;Não;Não;Não;BOLETIM DE OCORRENCIA;Classificada;22/08/2023 06:31;Não
2023-29327927-2;(BM) 2023-039191370-001;21/08/2023 18:23;RODOVIA MG 050, Km 338 - PASSOS;-207.196.561;-464.524.513;O02027 - INCENDIO VEIC. AUTOMOTOR (EXCETO TANQUE/ONIBUS/MICRO-ONIBUS) (C) (Prioridade: 1 - Alta);1CIA IND/2CIA/1PEL(PASSOS);ABTS0495;Não;Não;Não;BOLETIM DE OCORRENCIA;Classificada;22/08/2023 06:32;Não
2023-29329010-0;(BM) 2023-039202450-001;21/08/2023 19:36;RODOVIA PASSOS / GLORIA, Nº S/N - PASSOS;-20.700.737;-46.586.887;O02024 - INCENDIO EM CENTRAL DE ENERGIA / COMUNICACOES (C) (Prioridade: 1 - Alta);1CIA IND/2CIA/1PEL(PASSOS);ABTS0495;Não;Não;Não;BOLETIM DE OCORRENCIA;Classificada;22/08/2023 06:32;Não
2023-29329513-0;;21/08/2023 20:15;RODOVIA BR 459, Nº S/N - CALDAS;-219.313.307;-463.579.685;O04008 - INCENDIO EM AREA RURAL NAO PROTEGIDA (C) (Prioridade: 2 - Média);1CIA IND (POCOS DE CALDAS);;Não;Não;Não;DUPLICADA;Classificada;21/08/2023 20:22;Não
2023-29333704-2;(BM) 2023-039255830-003;22/08/2023 05:56;RODOVIA MG 050, Nº S/N - PASSOS;-207.371.492;-466.395.925;O02014 - INCENDIO EM DEPOSITOS / PATIO DE CONTAINER (C) (Prioridade: 1 - Alta);1CIA IND/2CIA/1PEL(PASSOS);ABTS0495;Não;Não;Não;BOLETIM DE OCORRENCIA;Classificada;23/08/2023 06:58;Não
2023-29334227-0;(BM) 2023-039260820-001;22/08/2023 07:38;RUA DOUTOR CARVALHO, Nº 1455 - NOSSA SENHORA DAS GRAÇAS - PASSOS;-207.352.269;-466.037.303;Q03001 - TREINAMENTO DE COMBATE A INCENDIO (C) (Prioridade: 2 - Média);1CIA IND/2CIA/1PEL(PASSOS);BM1637305;Não;Não;Não;BOLETIM DE OCORRENCIA;Classificada;22/08/2023 08:06;Não
2023-29334697-4;(BM) 2023-039265968-001;22/08/2023 08:27;RUA ILICINIA, Nº S/N - FURNAS - SAO JOSE DA BARRA;-206.756.959;-463.327.498;P01002 - VISTORIA DE LIBERACAO / EMISSAO DE AVCB (C) (Prioridade: 2 - Média);1CIA IND/2CIA/1PEL(PASSOS);TPO00155;Não;Não;Não;BOLETIM DE OCORRENCIA;Classificada;23/08/2023 06:57;Não
2023-29334754-6;(BM) 2023-039265914-001;22/08/2023 08:32;AVENIDA SABIA, Nº S/N - MUARAMA 2 - PASSOS;-207.330.855;-466.157.928;X03000 - EMPENHO ADMINISTRATIVO (C) (Prioridade: 2 - Média);1CIA IND/2CIA/1PEL(PASSOS);ASL00064;Não;Não;Não;BOLETIM DE OCORRENCIA;Classificada;23/08/2023 06:57;Não
2023-29335081-2;(BM) 2023-039269336-001;22/08/2023 09:02;ESTRADA AREIAS, Nº S/N - PASSOS;-207.381.807;-46.581.987;V01006 - VITIMA COM DIFICULDADE DE LOCOMOCAO (C) (Prioridade: 1 - Alta);1CIA IND/2CIA/1PEL(PASSOS);UR04360;Não;Não;Não;BOLETIM DE OCORRENCIA;Classificada;23/08/2023 06:58;Não
2023-29335466-7;(BM) 2023-039274144-001;22/08/2023 09:36;RUA SEBASTIAO BENEDITO DE ANDRADE, Nº 102 - JARDIM CANADA - PASSOS;-207.486.835;-46.608.086;P01001 - VISTORIA DE FISCALIZACAO (C) (Prioridade: 2 - Média);1CIA IND/2CIA/1PEL(PASSOS);TPO00155;Não;Não;Não;BOLETIM DE OCORRENCIA;Classificada;23/08/2023 06:57;Não
2023-29335606-4;(BM) 2023-039275991-001;22/08/2023 09:48;RUA JOAO OSORIO PROENCA, Nº S/N - RECANTO DA TEKA - PASSOS;-207.447.454;-465.974.512;P01001 - VISTORIA DE FISCALIZACAO (C) (Prioridade: 2 - Média);1CIA IND/2CIA/1PEL(PASSOS);TPO00155;Não;Não;Não;BOLETIM DE OCORRENCIA;Classificada;23/08/2023 06:57;Não
2023-29337852-1;(BM) 2023-039303740-001;22/08/2023 13:01;RUA CAMPO GRANDE, Nº S/N - JARDIM COLEGIO DE PASSOS - PASSOS;-207.234.626;-465.954.759;P02003 - VISTORIA EM LOTE VAGO (C) (Prioridade: 2 - Média);1CIA IND/2CIA/1PEL(PASSOS);ASL00064;Não;Não;Não;BOLETIM DE OCORRENCIA;Classificada;23/08/2023 06:57;Não
2023-29338002-2;(BM) 2023-039305617-001;22/08/2023 13:14;RUA CAMPO GRANDE, Nº S/N - JARDIM COLEGIO DE PASSOS - PASSOS;-207.234.626;-465.954.759;P02003 - VISTORIA EM LOTE VAGO (C) (Prioridade: 2 - Média);1CIA IND/2CIA/1PEL(PASSOS);ASL00064;Não;Não;Não;BOLETIM DE OCORRENCIA;Classificada;23/08/2023 06:57;Não
2023-29338165-7;(BM) 2023-039309734-001;22/08/2023 13:27;RUA MACEIO, Nº S/N - JARDIM COLEGIO DE PASSOS - PASSOS;-207.240.735;-46.592.953;P02003 - VISTORIA EM LOTE VAGO (C) (Prioridade: 2 - Média);1CIA IND/2CIA/1PEL(PASSOS);ASL00064;Não;Não;Não;BOLETIM DE OCORRENCIA;Classificada;23/08/2023 06:58;Não
2023-29338401-8;(BM) 2023-039309825-001;22/08/2023 13:44;RUA MACEIO, Nº S/N - JARDIM COLEGIO DE PASSOS - PASSOS;-207.240.735;-46.592.953;P02003 - VISTORIA EM LOTE VAGO (C) (Prioridade: 2 - Média);1CIA IND/2CIA/1PEL(PASSOS);ASL00064;Não;Não;Não;BOLETIM DE OCORRENCIA;Classificada;23/08/2023 06:58;Não
2023-29338658-4;(BM) 2023-039312991-001;22/08/2023 14:04;RUA MACEIO, Nº S/N - JARDIM COLEGIO DE PASSOS - PASSOS;-207.240.735;-46.592.953;P02003 - VISTORIA EM LOTE VAGO (C) (Prioridade: 2 - Média);1CIA IND/2CIA/1PEL(PASSOS);ASL00064;Não;Não;Não;BOLETIM DE OCORRENCIA;Classificada;23/08/2023 06:58;Não
2023-29338943-0;(BM) 2023-039316372-001;22/08/2023 14:22;RUA DOUTOR SATURNINO, Nº 63 - PASSOS;-207.275.207;-465.991.865;X03000 - EMPENHO ADMINISTRATIVO (C) (Prioridade: 2 - Média);1CIA IND/2CIA/1PEL(PASSOS);TPO00155;Não;Não;Não;BOLETIM DE OCORRENCIA;Classificada;23/08/2023 06:58;Não
2023-29340415-5;(BM) 2023-039373999-001;22/08/2023 15:32;RODOVIA BR 146 KM 06, Nº S/N - PASSOS;-207.831.405;-466.011.368;S05201 - CAPOTAMENTO DE AUTOMOVEL (CARRO, CAMIONETA, CAMINHONETE) (C) (Prioridade: 1 - Alta);1CIA IND/2CIA/1PEL(PASSOS);ASL00064 / ABTS0495;Não;Não;Não;BOLETIM DE OCORRENCIA;Classificada;23/08/2023 06:58;Não
2023-29345611-0;(BM) 2023-039399790-001;22/08/2023 20:46;AVENIDA DOUTOR BRENO SOARES MAIA, Nº 154 - BELO HORIZONTE - PASSOS;-207.273.244;-466.048.254;V01006 - VITIMA COM DIFICULDADE DE LOCOMOCAO (C) (Prioridade: 1 - Alta);1CIA IND/2CIA/1PEL(PASSOS);UR04360;Não;Não;Não;BOLETIM DE OCORRENCIA;Classificada;23/08/2023 06:58;Não
2023-29346709-9;(BM) 2023-039412383-001;22/08/2023 22:10;RUA VEREADOR MARCOS JOELI, Nº 180 - COHAB 5 - PASSOS;-207.200.989;-466.389.723;V01013 - VITIMA DE EMERGENCIAS PSIQUIATRICAS (C) (Prioridade: 1 - Alta);1CIA IND/2CIA/1PEL(PASSOS);UR04360;Não;Não;Não;BOLETIM DE OCORRENCIA;Classificada;23/08/2023 06:59;Não
2023-29350928-6;(BM) 2023-039447510-001;23/08/2023 08:48;AVENIDA SABIA, Nº S/N - MUARAMA 2 - PASSOS;-207.330.855;-466.157.928;X03000 - EMPENHO ADMINISTRATIVO (C) (Prioridade: 2 - Média);1CIA IND/2CIA/1PEL(PASSOS);TPO00155;Não;Não;Não;BOLETIM DE OCORRENCIA;Classificada;24/08/2023 08:29;Não
2023-29351337-5;(BM) 2023-039454174-001;23/08/2023 09:20;RUA DOUTOR CARVALHO, Nº 1455 - NOSSA SENHORA DAS GRAÇAS - PASSOS;-207.352.269;-466.037.303;Q05002 - PROJETO DE DIVULGACAO DA NATACAO (C) (Prioridade: 1 - Alta);1CIA IND/2CIA/1PEL(PASSOS);BM1637750;Não;Não;Não;BOLETIM DE OCORRENCIA;Classificada;24/08/2023 08:27;Não
2023-29351382-0;(BM) 2023-039454161-001;23/08/2023 09:22;RUA SURINAME, Nº S/N - NOVO MUNDO - PASSOS;-207.261.806;-465.915.631;P02011 - VISTORIA EM ENXAME DE INSETOS (C) (Prioridade: 2 - Média);1CIA IND/2CIA/1PEL(PASSOS);ASL00064;Não;Não;Não;BOLETIM DE OCORRENCIA;Classificada;24/08/2023 08:29;Não
2023-29351472-0;(BM) 2023-039454068-001;23/08/2023 09:30;RUA DOUTOR CARVALHO, Nº 1455 - NOSSA SENHORA DAS GRAÇAS - PASSOS;-207.352.269;-466.037.303;X03000 - EMPENHO ADMINISTRATIVO (C) (Prioridade: 2 - Média);1CIA IND/2CIA/1PEL(PASSOS);BM1224443;Não;Não;Não;BOLETIM DE OCORRENCIA;Classificada;24/08/2023 08:29;Não
2023-29351554-3;(BM) 2023-039454870-001;23/08/2023 09:36;RUA NEVADA, Nº 271 - RESIDENCIAL ELDORADO - PASSOS;-207.303.508;-466.207.664;P01001 - VISTORIA DE FISCALIZACAO (C) (Prioridade: 2 - Média);1CIA IND/2CIA/1PEL(PASSOS);TPO00155;Não;Não;Não;BOLETIM DE OCORRENCIA;Classificada;24/08/2023 08:29;Não
2023-29351767-4;(BM) 2023-039457832-001;23/08/2023 09:55;RUA JOAQUIM LOPES, Nº 367 - PENHA - PASSOS;-207.167.073;-466.239.727;P01001 - VISTORIA DE FISCALIZACAO (C) (Prioridade: 2 - Média);1CIA IND/2CIA/1PEL(PASSOS);TPO00155;Não;Não;Não;BOLETIM DE OCORRENCIA;Classificada;24/08/2023 08:29;Não
2023-29351897-0;(BM) 2023-039459528-001;23/08/2023 10:04;RUA PADRE AURELIANO INACIO DE ANDRADE, Nº 152 - PENHA 2 - PASSOS;-20.717.344;-466.324.526;V03018 - VITIMA DE QUEDA DA PROPRIA ALTURA (C) (Prioridade: 1 - Alta);1CIA IND/2CIA/1PEL(PASSOS);UR04360;Não;Não;Não;BOLETIM DE OCORRENCIA;Classificada;24/08/2023 08:27;Não
2023-29352151-2;;23/08/2023 10:24;RUA AMERICA DO SUL, Nº 129 - CANDEIAS - PASSOS;-207.234.136;-466.148.087;P01001 - VISTORIA DE FISCALIZACAO (C) (Prioridade: 2 - Média);1CIA IND/2CIA/1PEL(PASSOS);TPO00155;Não;Não;Não;ATENDIDA PELO SAMU;Classificada;23/08/2023 11:18;Não
2023-29352493-6;(BM) 2023-039466805-001;23/08/2023 10:48;RUA BABILONIA, Nº 196 - VILA RICA - PASSOS;-207.255.473;-465.964.199;P01001 - VISTORIA DE FISCALIZACAO (C) (Prioridade: 2 - Média);1CIA IND/2CIA/1PEL(PASSOS);TPO00155;Não;Não;Não;BOLETIM DE OCORRENCIA;Classificada;24/08/2023 08:29;Não
2023-29353817-1;(BM) 2023-039484941-001;23/08/2023 12:54;RUA GERALDO RODRIGUES DE OLIVEIRA / RUA LUIZ CARLOS DE OLIVEIRA - ACACIAS - ITAU DE MINAS;-207.391.561;-467.434.394;P02003 - VISTORIA EM LOTE VAGO (C) (Prioridade: 2 - Média);1CIA IND/2CIA/1PEL(PASSOS);ASL00064;Não;Não;Não;BOLETIM DE OCORRENCIA;Classificada;24/08/2023 08:28;Não
2023-29354303-0;(BM) 2023-039488680-001;23/08/2023 13:32;RUA MARIETA VIEIRA AMORIM, Nº S/N - ITAU DE MINAS;-207.384.199;-467.432.224;P02003 - VISTORIA EM LOTE VAGO (C) (Prioridade: 2 - Média);1CIA IND/2CIA/1PEL(PASSOS);ASL00064;Não;Não;Não;BOLETIM DE OCORRENCIA;Classificada;24/08/2023 08:28;Não
2023-29354472-7;(BM) 2023-039621283-001;23/08/2023 13:44;RUA GUAPORE, Nº 981 - PASSOS;;;S06002 - CAPTURA DE ANIMAL SILVESTRE PERIGOSO / AGRESSIVO (C) (Prioridade: 2 - Média);1CIA IND/2CIA/1PEL(PASSOS);UR04360;Não;Não;Não;BOLETIM DE OCORRENCIA;Classificada;24/08/2023 08:28;Não
2023-29354732-6;(BM) 2023-039493773-001;23/08/2023 14:03;RUA BENEDITO JOSE DA SILVA, Nº S/N - ITAU DE MINAS;-207.379.239;-467.429.049;P02003 - VISTORIA EM LOTE VAGO (C) (Prioridade: 2 - Média);1CIA IND/2CIA/1PEL(PASSOS);ASL00064;Não;Não;Não;BOLETIM DE OCORRENCIA;Classificada;24/08/2023 08:28;Não
2023-29354850-2;(BM) 2023-039495415-001;23/08/2023 14:09;RUA JOAO BATISTA HONORATO / RUA BENEDITO JOSE DA SILVA - ACACIAS - ITAU DE MINAS;-207.384.265;-467.415.595;P02003 - VISTORIA EM LOTE VAGO (C) (Prioridade: 2 - Média);1CIA IND/2CIA/1PEL(PASSOS);ASL00064;Não;Não;Não;BOLETIM DE OCORRENCIA;Classificada;24/08/2023 08:28;Não
2023-29355068-7;(BM) 2023-039499426-001;23/08/2023 14:25;RUA JOAO CASSEMIRO DOS SANTOS, Nº 30 - ITAU DE MINAS;-207.408.967;-467.419.457;P02003 - VISTORIA EM LOTE VAGO (C) (Prioridade: 2 - Média);1CIA IND/2CIA/1PEL(PASSOS);ASL00064;Não;Não;Não;BOLETIM DE OCORRENCIA;Classificada;24/08/2023 08:28;Não
2023-29355681-2;(BM) 2023-039505650-001;23/08/2023 14:53;RODOVIA MG 050, Nº S/N - PASSOS;-207.371.492;-466.395.925;X03000 - EMPENHO ADMINISTRATIVO (C) (Prioridade: 2 - Média);1CIA IND/2CIA/1PEL(PASSOS);UR04360;Não;Não;Não;BOLETIM DE OCORRENCIA;Classificada;24/08/2023 08:28;Não
2023-29356178-0;(BM) 2023-039519880-001;23/08/2023 15:18;RUA PARANA, Nº S/N - BELA VISTA - PASSOS;-207.171.677;-466.024.922;V03018 - VITIMA DE QUEDA DA PROPRIA ALTURA (C) (Prioridade: 1 - Alta);1CIA IND/2CIA/1PEL(PASSOS);UR0565;Não;Não;Não;BOLETIM DE OCORRENCIA;Classificada;24/08/2023 08:27;Não
2023-29356960-1;(BM) 2023-039522620-001;23/08/2023 16:01;RUA JERONIMO NETO / RUA BARAO DO RIO BRANCO - CENTRO - PASSOS;-20.724.913;-466.059.109;O04012 - INCENDIO EM LOTE VAGO (AREA URBANA) (C) (Prioridade: 2 - Média);1CIA IND/2CIA/1PEL(PASSOS);ABTS0495;Não;Não;Não;BOLETIM DE OCORRENCIA;Classificada;24/08/2023 08:28;Não
2023-29358620-4;(BM) 2023-039541732-001;23/08/2023 17:36;RUA RIO GRANDE DO NORTE, Nº 550 - BELA VISTA - PASSOS;-207.172.219;-465.957.956;V03018 - VITIMA DE QUEDA DA PROPRIA ALTURA (C) (Prioridade: 1 - Alta);1CIA IND/2CIA/1PEL(PASSOS);UR04360;Não;Não;Não;BOLETIM DE OCORRENCIA;Classificada;24/08/2023 08:27;Não
2023-29359440-8;;23/08/2023 18:28;"ACESSO RURAL 21°08'41.1""S 46°22'10.2""W - NOVA RESENDE";;;W08000 - CANCELADA POR INDISPONIBILIDADE DE VIATURA (C) (Prioridade: 3 - Baixa);1CIA IND (POCOS DE CALDAS);;Não;Não;Não;NÃO ATENDIDA: FALTA DE EFETIVO;Classificada;23/08/2023 18:30;Não
2023-29362846-0;(BM) 2023-039592368-001;23/08/2023 22:21;RUA PEDESTRES, Nº 40 - CASARAO - PASSOS;-207.207.628;-465.905.728;V03019 - VITIMA DE QUEDA DE ALTURA (C) (Prioridade: 1 - Alta);1CIA IND/2CIA/1PEL(PASSOS);UR04360;Não;Não;Não;BOLETIM DE OCORRENCIA;Classificada;24/08/2023 08:27;Não
2023-29366913-8;(BM) 2023-039627190-001;24/08/2023 08:48;RUA CORONEL ANTONIO DOMINGOS RIBEIRO, Nº 204 - CENTRO - BOM JESUS DA PENHA;-210.153.678;-465.222.275;P01002 - VISTORIA DE LIBERACAO / EMISSAO DE AVCB (C) (Prioridade: 2 - Média);1CIA IND/2CIA/1PEL(PASSOS);TPO00155;Não;Não;Não;BOLETIM DE OCORRENCIA;Classificada;25/08/2023 07:48;Não
2023-29367311-0;(BM) 2023-039634975-001;24/08/2023 09:21;RUA JOAO VITALINO CESARIO, Nº 8 - SANTA TEREZINHA - ITAU DE MINAS;-207.482.136;-467.544.609;P02003 - VISTORIA EM LOTE VAGO (C) (Prioridade: 2 - Média);1CIA IND/2CIA/1PEL(PASSOS);ASL00064;Não;Não;Não;BOLETIM DE OCORRENCIA;Classificada;25/08/2023 07:48;Não
2023-29367613-0;(BM) 2023-039635876-001;24/08/2023 09:48;RUA DOUTOR ARY BASTOS SIQUEIRA, Nº S/N - CAMPESTRE - ITAU DE MINAS;-207.429.869;-467.613.163;P02003 - VISTORIA EM LOTE VAGO (C) (Prioridade: 2 - Média);1CIA IND/2CIA/1PEL(PASSOS);ASL00064;Não;Não;Não;BOLETIM DE OCORRENCIA;Classificada;25/08/2023 07:48;Não
2023-29367653-4;(BM) 2023-039636212-001;24/08/2023 09:51;RUA DOUTOR ARY BASTOS SIQUEIRA, Nº S/N - CAMPESTRE - ITAU DE MINAS;-207.429.869;-467.613.163;P02003 - VISTORIA EM LOTE VAGO (C) (Prioridade: 2 - Média);1CIA IND/2CIA/1PEL(PASSOS);ASL00064;Não;Não;Não;BOLETIM DE OCORRENCIA;Classificada;25/08/2023 07:48;Não
2023-29367721-2;(BM) 2023-039637035-001;24/08/2023 09:55;RUA DOUTOR CARVALHO, Nº 1455 - NOSSA SENHORA DAS GRAÇAS - PASSOS;-207.352.269;-466.037.303;Q05002 - PROJETO DE DIVULGACAO DA NATACAO (C) (Prioridade: 1 - Alta);1CIA IND/2CIA/1PEL(PASSOS);BM1787357;Não;Não;Não;BOLETIM DE OCORRENCIA;Classificada;25/08/2023 07:47;Não
2023-29367753-9;(BM) 2023-039637245-001;24/08/2023 09:58;RUA ALAOR VENTURA, Nº S/N - CAMPESTRE - ITAU DE MINAS;-207.436.339;-467.610.294;P02003 - VISTORIA EM LOTE VAGO (C) (Prioridade: 2 - Média);1CIA IND/2CIA/1PEL(PASSOS);ASL00064;Não;Não;Não;BOLETIM DE OCORRENCIA;Classificada;25/08/2023 07:48;Não
2023-29367866-5;(BM) 2023-039638839-001;24/08/2023 10:09;RUA JOSE MARTINS LINS, Nº S/N - JARDIM BELA VISTA - ITAU DE MINAS;-207.488.333;-467.616.715;P02003 - VISTORIA EM LOTE VAGO (C) (Prioridade: 2 - Média);1CIA IND/2CIA/1PEL(PASSOS);ASL00064;Não;Não;Não;BOLETIM DE OCORRENCIA;Classificada;25/08/2023 07:48;Não
2023-29369135-0;(BM) 2023-039654898-001;24/08/2023 11:44;PRACA DOM INACIO, Nº 400 - CENTRO - BOM JESUS DA PENHA;-210.160.404;-465.232.958;P01001 - VISTORIA DE FISCALIZACAO (C) (Prioridade: 2 - Média);1CIA IND/2CIA/1PEL(PASSOS);TPO00155;Não;Não;Não;BOLETIM DE OCORRENCIA;Classificada;25/08/2023 07:48;Não
2023-29369567-5;(BM) 2023-039659609-001;24/08/2023 12:28;RUA SANTA MARIA GORETTE, Nº S/N - VILA SAO JOSE - PASSOS;-207.020.307;-466.474.775;O04012 - INCENDIO EM LOTE VAGO (AREA URBANA) (C) (Prioridade: 2 - Média);1CIA IND/2CIA/1PEL(PASSOS);ABTS0495;Não;Não;Não;BOLETIM DE OCORRENCIA;Classificada;25/08/2023 07:48;Não
2023-29370595-8;(BM) 2023-039673580-001;24/08/2023 14:02;RUA JAIR SOARES DA SILVA, Nº 194 - VILA BETINHO - PASSOS;-207.155.072;-46.636.497;P01001 - VISTORIA DE FISCALIZACAO (C) (Prioridade: 2 - Média);1CIA IND/2CIA/1PEL(PASSOS);TPO00155;Não;Não;Não;BOLETIM DE OCORRENCIA;Classificada;25/08/2023 07:47;Não
2023-29370802-0;(BM) 2023-039673511-001;24/08/2023 14:15;RUA ILICINIA, Nº S/N - FURNAS - SAO JOSE DA BARRA;-206.756.959;-463.327.498;S02002 - AFOGAMENTO EM RIO / RIACHO / CORREGO (C) (Prioridade: 1 - Alta);1CIA IND/2CIA/1PEL(PASSOS);ASL00064;Não;Não;Não;BOLETIM DE OCORRENCIA;Classificada;25/08/2023 07:47;Não
2023-29370912-9;(BM) 2023-039674936-001;24/08/2023 14:21;RUA JAVARI, Nº 76 - VILA RICA - PASSOS;-207.275.897;-465.968.248;V01018 - VITIMA DE MAL NAO DEFINIDO (DISTURBIO) (C) (Prioridade: 1 - Alta);1CIA IND/2CIA/1PEL(PASSOS);UR0565;Não;Não;Não;BOLETIM DE OCORRENCIA;Classificada;25/08/2023 07:47;Não
2023-29370980-9;(BM) 2023-039676192-001;24/08/2023 14:23;RUA NETURNO, Nº S/N - JARDIM SATELITE - PASSOS;-20.709.998;-466.220.852;P01001 - VISTORIA DE FISCALIZACAO (C) (Prioridade: 2 - Média);1CIA IND/2CIA/1PEL(PASSOS);TPO00155;Não;Não;Não;BOLETIM DE OCORRENCIA;Classificada;25/08/2023 07:47;Não
2023-29371350-6;(BM) 2023-039680961-001;24/08/2023 14:38;RUA GERALDO DE OLIVEIRA LIMA, Nº 117 - JARDIM PLANALTO - PASSOS;-20.721.792;-466.250.342;P01001 - VISTORIA DE FISCALIZACAO (C) (Prioridade: 2 - Média);1CIA IND/2CIA/1PEL(PASSOS);TPO00155;Não;Não;Não;BOLETIM DE OCORRENCIA;Classificada;25/08/2023 07:47;Não
2023-29375190-3;(BM) 2023-039744090-001;24/08/2023 18:08;ESTRADA PORTO VELHO, Nº S/N - PASSOS;-20.669.863;-465.313.596;O04008 - INCENDIO EM AREA RURAL NAO PROTEGIDA (C) (Prioridade: 2 - Média);1CIA IND/2CIA/1PEL(PASSOS);ASL00064;Não;Não;Não;BOLETIM DE OCORRENCIA;Classificada;25/08/2023 07:47;Não
2023-29381618-3;(BM) 2023-039791550-001;25/08/2023 02:50;RODOVIA MG 050, Nº S/N - PASSOS;-207.371.492;-466.395.925;O02031 - INCENDIO EM MAQUINARIO AGRICOLA (C) (Prioridade: 1 - Alta);1CIA IND/2CIA/1PEL(PASSOS);ABTS0495;Não;Não;Não;BOLETIM DE OCORRENCIA;Classificada;25/08/2023 07:46;Não
2023-29382940-1;(BM) 2023-039808008-001;25/08/2023 07:55;RUA FARMACEUTICOS, Nº 97 - NOVO HORIZONTE - PASSOS;-20.729.115;-466.032.988;X03000 - EMPENHO ADMINISTRATIVO (C) (Prioridade: 2 - Média);1CIA IND/2CIA/1PEL(PASSOS);ASL00064;Não;Não;Não;BOLETIM DE OCORRENCIA;Classificada;26/08/2023 05:34;Não
2023-29383088-2;(BM) 2023-039805283-001;25/08/2023 08:11;AVENIDA LIBERDADE, Nº S/N - UNIVERSITARIO - ITAU DE MINAS;-207.435.483;-467.562.108;P01003 - VISTORIA EM EVENTOS TEMPORARIOS (C) (Prioridade: 1 - Alta);1CIA IND/2CIA/1PEL(PASSOS);TPO00155;Não;Não;Não;BOLETIM DE OCORRENCIA;Classificada;26/08/2023 05:34;Não
2023-29383562-1;(BM) 2023-039809554-001;25/08/2023 08:51;RUA Antonio Paulo Paiva, Nº S/N - ITAU DE MINAS;;;P02003 - VISTORIA EM LOTE VAGO (C) (Prioridade: 2 - Média);1CIA IND/2CIA/1PEL(PASSOS);TPO00155;Não;Não;Não;BOLETIM DE OCORRENCIA;Classificada;26/08/2023 05:35;Não
2023-29383770-9;(BM) 2023-039812021-001;25/08/2023 09:10;RUA ANTONIO PAULO PAIVA, Nº S/N - ITAU DE MINAS;;;P02003 - VISTORIA EM LOTE VAGO (C) (Prioridade: 2 - Média);1CIA IND/2CIA/1PEL(PASSOS);TPO00155;Não;Não;Não;BOLETIM DE OCORRENCIA;Classificada;26/08/2023 05:36;Não
2023-29384008-9;(BM) 2023-039820673-001;25/08/2023 09:33;AVENIDA DOUTOR BRENO SOARES MAIA, Nº S/N - BELO HORIZONTE - PASSOS;-207.274.464;-466.041.645;S05308 - COLISAO ENTRE AUTOMOVEL X MOTOCICLETA (C) (Prioridade: 1 - Alta);1CIA IND/2CIA/1PEL(PASSOS);UR04360;Não;Não;Não;BOLETIM DE OCORRENCIA;Classificada;26/08/2023 05:36;Não
2023-29384067-8;(BM) 2023-039820801-001;25/08/2023 09:40;RUA ALVARO ANDRADE, Nº S/N - ITAU DE MINAS;;;P02003 - VISTORIA EM LOTE VAGO (C) (Prioridade: 2 - Média);1CIA IND/2CIA/1PEL(PASSOS);TPO00155;Não;Não;Não;BOLETIM DE OCORRENCIA;Classificada;26/08/2023 05:36;Não
2023-29384105-5;(BM) 2023-039818618-001;25/08/2023 09:43;RODOVIA MG 050, Km 356 - VILA ROMANA - PASSOS;-207.387.797;-4.661.397;X03000 - EMPENHO ADMINISTRATIVO (C) (Prioridade: 2 - Média);1CIA IND/2CIA/1PEL(PASSOS);TPO00155;Não;Não;Não;BOLETIM DE OCORRENCIA;Classificada;26/08/2023 05:36;Não
2023-29385519-3;(BM) 2023-039836137-001;25/08/2023 11:31;AVENIDA LIBERDADE, Nº S/N - UNIVERSITARIO - ITAU DE MINAS;-207.435.483;-467.562.108;P02003 - VISTORIA EM LOTE VAGO (C) (Prioridade: 2 - Média);1CIA IND/2CIA/1PEL(PASSOS);ASL00064;Não;Não;Não;BOLETIM DE OCORRENCIA;Classificada;26/08/2023 05:36;Não
2023-29385646-0;(BM) 2023-039840148-001;25/08/2023 11:39;ESTRADA AREIAS, Nº S/N - PASSOS;-207.381.807;-46.581.987;O04013 - INCENDIO EM PASTO (C) (Prioridade: 2 - Média);1CIA IND/2CIA/1PEL(PASSOS);ABTS0495;Não;Não;Não;BOLETIM DE OCORRENCIA;Classificada;26/08/2023 05:36;Não
2023-29385675-9;(BM) 2023-039840060-001;25/08/2023 11:42;AVENIDA LIBERDADE, Nº S/N - UNIVERSITARIO - ITAU DE MINAS;-207.435.483;-467.562.108;P02003 - VISTORIA EM LOTE VAGO (C) (Prioridade: 2 - Média);1CIA IND/2CIA/1PEL(PASSOS);ASL00064;Não;Não;Não;BOLETIM DE OCORRENCIA;Classificada;26/08/2023 05:36;Não
2023-29385679-0;;25/08/2023 11:43;RUA CARLOS SEVERINO DA COSTA , Nº 241 - POCOS DE CALDAS;;;P02011 - VISTORIA EM ENXAME DE INSETOS (C) (Prioridade: 2 - Média);1CIA IND (POCOS DE CALDAS);;Não;Não;Não;DISPENSADA PELO SOLICITANTE;Classificada;25/08/2023 16:24;Não
2023-29386521-0;(BM) 2023-039845636-001;25/08/2023 13:10;AVENIDA ENGENHEIRO MANOEL BATISTA, Nº 600 - ITAU DE MINAS;;;P01003 - VISTORIA EM EVENTOS TEMPORARIOS (C) (Prioridade: 1 - Alta);1CIA IND/2CIA/1PEL(PASSOS);ASL00064;Não;Não;Não;BOLETIM DE OCORRENCIA;Classificada;26/08/2023 05:35;Não
2023-29388139-9;(BM) 2023-039865938-001;25/08/2023 14:55;AVENIDA ARLINDO FIGUEIREDO, Nº S/N - JARDIM PINHEIROS 2 - PASSOS;-207.262.479;-466.225.308;V03018 - VITIMA DE QUEDA DA PROPRIA ALTURA (C) (Prioridade: 1 - Alta);1CIA IND/2CIA/1PEL(PASSOS);UR0565;Não;Não;Não;BOLETIM DE OCORRENCIA;Classificada;26/08/2023 05:37;Não
2023-29388227-4;(BM) 2023-039868396-001;25/08/2023 14:59;RUA DOUTOR CARVALHO, Nº 1455 - NOSSA SENHORA DAS GRAÇAS - PASSOS;-207.352.269;-466.037.303;Q03017 - TREINAMENTO DE PRIMEIROS SOCORROS (C) (Prioridade: 2 - Média);1CIA IND/2CIA/1PEL(PASSOS);BM1796358;Não;Não;Não;BOLETIM DE OCORRENCIA;Classificada;26/08/2023 05:37;Não
2023-29391302-6;(BM) 2023-039907066-001;25/08/2023 17:49;RUA CANADA, Nº 214 - NOVO MUNDO - PASSOS;-207.266.824;-465.902.858;P02011 - VISTORIA EM ENXAME DE INSETOS (C) (Prioridade: 2 - Média);1CIA IND/2CIA/1PEL(PASSOS);ASL00064;Não;Não;Não;BOLETIM DE OCORRENCIA;Classificada;26/08/2023 05:37;Não
2023-29392097-4;(BM) 2023-039912780-001;25/08/2023 18:39;AVENIDA CHICO XAVIER, Nº S/N - JARDIM PLANALTO - PASSOS;-207.197.803;-466.285.997;O04012 - INCENDIO EM LOTE VAGO (AREA URBANA) (C) (Prioridade: 2 - Média);1CIA IND/2CIA/1PEL(PASSOS);ABTS0495;Não;Não;Não;BOLETIM DE OCORRENCIA;Classificada;26/08/2023 05:37;Não
2023-29393739-5;(BM) 2023-039937112-001;25/08/2023 20:23;RUA DA GRACA, Nº 513 - SAO FRANCISCO - PASSOS;-207.259.645;-466.193.393;V03020 - VITIMA DE QUEIMADURA (C) (Prioridade: 1 - Alta);1CIA IND/2CIA/1PEL(PASSOS);UR04360;Não;Não;Não;BOLETIM DE OCORRENCIA;Classificada;26/08/2023 05:38;Não
2023-29397197-6;(PM) 2023-039972557-001;26/08/2023 00:03;AVENIDA ELDORADO, Nº 652 - PASSOS;-20.735.944;-466.103.685;W98011 - SOLICITACAO DE APOIO (C) (Prioridade: 1 - Alta);1CIA IND/2CIA/1PEL(PASSOS);;Não;Não;Não;CANCELADA PELO COORDENADOR DO COBOM;Classificada;26/08/2023 08:17;Não
2023-29399004-1;(BM) 2023-039977092-001;26/08/2023 02:56;RUA JOSE ESTEVES PIANTINO, Nº 125 - RESIDENCIAL VILLAGIO DI ITALIA - PASSOS;;;V01006 - VITIMA COM DIFICULDADE DE LOCOMOCAO (C) (Prioridade: 1 - Alta);1CIA IND/2CIA/1PEL(PASSOS);UR04360;Não;Não;Não;BOLETIM DE OCORRENCIA;Classificada;26/08/2023 05:39;Não
2023-29399206-6;(BM) 2023-039988064-001;26/08/2023 03:31;AVENIDA COMENDADOR FRANCISCO A MAIA, Nº 1071 - CENTRO - PASSOS;-207.128.413;-466.083.851;V03018 - VITIMA DE QUEDA DA PROPRIA ALTURA (C) (Prioridade: 1 - Alta);1CIA IND/2CIA/1PEL(PASSOS);UR04360;Não;Não;Não;BOLETIM DE OCORRENCIA;Classificada;26/08/2023 05:39;Não
2023-29400954-1;(BM) 2023-040001822-001;26/08/2023 08:55;AVENIDA ENGENHEIRO MANOEL BATISTA, Nº S/N - MARIA PARREIRA - ITAU DE MINAS;-207.414.385;-467.442.979;P02003 - VISTORIA EM LOTE VAGO (C) (Prioridade: 2 - Média);1CIA IND/2CIA/1PEL(PASSOS);ASL00064;Não;Não;Não;BOLETIM DE OCORRENCIA;Classificada;27/08/2023 07:47;Não
2023-29401917-0;(BM) 2023-040001941-001;26/08/2023 10:48;AVENIDA ENGENHEIRO MANOEL BATISTA, Nº S/N - MARIA PARREIRA - ITAU DE MINAS;-207.414.385;-467.442.979;P02003 - VISTORIA EM LOTE VAGO (C) (Prioridade: 2 - Média);1CIA IND/2CIA/1PEL(PASSOS);ASL00064;Não;Não;Não;BOLETIM DE OCORRENCIA;Classificada;27/08/2023 07:47;Não
2023-29402059-5;(BM) 2023-040003468-001;26/08/2023 11:05;AVENIDA ENGENHEIRO MANOEL BATISTA, Nº S/N - MARIA PARREIRA - ITAU DE MINAS;-207.414.385;-467.442.979;P02003 - VISTORIA EM LOTE VAGO (C) (Prioridade: 2 - Média);1CIA IND/2CIA/1PEL(PASSOS);ASL00064;Não;Não;Não;BOLETIM DE OCORRENCIA;Classificada;27/08/2023 07:47;Não
2023-29402238-4;(BM) 2023-040005021-001;26/08/2023 11:22;AVENIDA ENGENHEIRO MANOEL BATISTA, Nº S/N - MARIA PARREIRA - ITAU DE MINAS;-207.414.385;-467.442.979;P02003 - VISTORIA EM LOTE VAGO (C) (Prioridade: 2 - Média);1CIA IND/2CIA/1PEL(PASSOS);ASL00064;Não;Não;Não;BOLETIM DE OCORRENCIA;Classificada;27/08/2023 07:47;Não
2023-29402694-3;(BM) 2023-040011659-001;26/08/2023 12:15;AVENIDA ENGENHEIRO MANOEL BATISTA, Nº S/N - MARIA PARREIRA - ITAU DE MINAS;-207.414.385;-467.442.979;P02003 - VISTORIA EM LOTE VAGO (C) (Prioridade: 2 - Média);1CIA IND/2CIA/1PEL(PASSOS);ASL00064;Não;Não;Não;BOLETIM DE OCORRENCIA;Classificada;27/08/2023 07:47;Não
2023-29403247-0;(BM) 2023-040013491-001;26/08/2023 13:23;RUA GERALDO ANTONIO CAMARA, Nº S/N - COHAB 3 - PASSOS;-207.032.732;-466.232.985;S06001 - SALVAMENTO DE ANIMAL EM RISCO / PERIGO (C) (Prioridade: 2 - Média);1CIA IND/2CIA/1PEL(PASSOS);ASL00064;Não;Não;Não;BOLETIM DE OCORRENCIA;Classificada;27/08/2023 07:47;Não
2023-29405685-9;(BM) 2023-040037945-001;26/08/2023 16:09;RUA RIO BRANCO, Nº 645 - POLIVALENTE - PASSOS;-207.025.535;-466.052.003;P02011 - VISTORIA EM ENXAME DE INSETOS (C) (Prioridade: 2 - Média);1CIA IND/2CIA/1PEL(PASSOS);ASL00064;Não;Não;Não;BOLETIM DE OCORRENCIA;Classificada;27/08/2023 07:47;Não
2023-29408489-7;(BM) 2023-040075227-001;26/08/2023 19:08;A DEFINIR CACHOEIRA DA GRUTA DE NOSSA SENHORA DA APARECIDA, Nº S/N - ALPINOPOLIS;-208.511.928;-463.841.631;S04012 - BUSCA E SALVAMENTO EM LOCAL DE DIFICIL ACESSO (C) (Prioridade: 1 - Alta);1CIA IND/2CIA/1PEL(PASSOS);ASL00064;Não;Não;Não;BOLETIM DE OCORRENCIA;Classificada;27/08/2023 07:47;Não
2023-29411828-9;(BM) 2023-040092958-001;26/08/2023 22:38;RUA FLORIPES NOGUEIRA MENDES, Nº 455 - JARDIM ITALIA - PASSOS;-207.469.544;-466.036.989;V02402 - VITIMA DE COLISAO ENTRE MOTOCICLETAS (C) (Prioridade: 1 - Alta);1CIA IND/2CIA/1PEL(PASSOS);UR04360;Não;Não;Não;BOLETIM DE OCORRENCIA;Classificada;27/08/2023 07:47;Não
2023-29413299-0;(BM) 2023-040113641-001;27/08/2023 00:07;RUA JOAQUIM LOPES, Nº 412 - PENHA - PASSOS;-207.164.345;-466.244.212;V01006 - VITIMA COM DIFICULDADE DE LOCOMOCAO (C) (Prioridade: 1 - Alta);1CIA IND/2CIA/1PEL(PASSOS);UR04360;Não;Não;Não;BOLETIM DE OCORRENCIA;Classificada;27/08/2023 07:47;Não
2023-29416580-2;(BM) 2023-040128505-001;27/08/2023 07:26;RUA CAMPOS GERAIS, Nº 715 - NOSSA SENHORA DE FATIMA - PASSOS;-207.010.616;-466.140.417;O02001 - INCENDIO EM RESIDENCIA/HABITACAO UNIFAMILIAR (CASA) (C) (Prioridade: 1 - Alta);1CIA IND/2CIA/1PEL(PASSOS);ASL00064;Não;Não;Não;BOLETIM DE OCORRENCIA;Classificada;27/08/2023 08:07;Não
2023-29416796-1;(BM) 2023-040130376-001;27/08/2023 08:08;AVENIDA PERIMETRAL, Nº S/N - PARQUE DA ESTACAO - PASSOS;-207.057.771;-466.097.547;P03004 - PREVENCAO EM EVENTO ESPORTIVO (C) (Prioridade: 2 - Média);1CIA IND/2CIA/1PEL(PASSOS);UR04360;Não;Não;Não;BOLETIM DE OCORRENCIA;Classificada;28/08/2023 07:12;Não
2023-29417288-6;(BM) 2023-040134688-001;27/08/2023 09:24;RUA OLAVO BILAC, Nº 135 - PENHA - PASSOS;-207.147.927;-466.224.077;V01007 - VITIMA COM DISPNEIA (FALTA DE AR) (C) (Prioridade: 1 - Alta);1CIA IND/2CIA/1PEL(PASSOS);UR0565;Não;Não;Não;BOLETIM DE OCORRENCIA;Classificada;28/08/2023 07:13;Não
2023-29417525-0;(BM) 2023-040136830-001;27/08/2023 09:56;AVENIDA JK, Nº S/N - MONSENHOR MESSIAS - PASSOS;-207.342.178;-465.979.772;P03999 - OUTROS TIPOS DE PCI / PCA   (C) (Prioridade: 2 - Média);1CIA IND/2CIA/1PEL(PASSOS);UR0565;Não;Não;Não;BOLETIM DE OCORRENCIA;Classificada;28/08/2023 07:12;Não
2023-29418369-1;(BM) 2023-040144551-001;27/08/2023 11:44;RUA VICENTE DAMASCENO DE OLIVEIRA, Nº S/N - RECANTO DO BOSQUE - PASSOS;-207.243.114;-465.839.542;V01008 - VITIMA COM DOR ABDOMINAL (ABDOME AGUDO) (C) (Prioridade: 1 - Alta);1CIA IND/2CIA/1PEL(PASSOS);UR0565;Não;Não;Não;BOLETIM DE OCORRENCIA;Classificada;28/08/2023 07:13;Não
2023-29418814-2;(BM) 2023-040151421-001;27/08/2023 12:56;RUA BAHIA, Nº 43 - PASSOS;-207.173.093;-466.020.246;V01020 - VITIMA COM PARADA CARDIORRESPIRATORIA (C) (Prioridade: 1 - Alta);1CIA IND/2CIA/1PEL(PASSOS);UR04360;Não;Não;Não;BOLETIM DE OCORRENCIA;Classificada;28/08/2023 07:13;Não
2023-29419669-0;(BM) 2023-040170575-001;27/08/2023 14:27;RUA SANTA MARTA, Nº 60 - CARMELO - PASSOS;-207.137.673;-46.606.507;V01006 - VITIMA COM DIFICULDADE DE LOCOMOCAO (C) (Prioridade: 1 - Alta);1CIA IND/2CIA/1PEL(PASSOS);UR04360;Não;Não;Não;BOLETIM DE OCORRENCIA;Classificada;28/08/2023 07:13;Não
2023-29422655-4;(BM) 2023-040192562-001;27/08/2023 18:03;PRACA GERALDO DA SILVA MAIA, Nº 19 - CENTRO - PASSOS;-207.209.435;-466.080.276;S04020 - PESSOA OU ANIMAL PRESO NO INTERIOR DO VEICULO (C) (Prioridade: 1 - Alta);1CIA IND/2CIA/1PEL(PASSOS);ASL00064;Não;Não;Não;BOLETIM DE OCORRENCIA;Classificada;28/08/2023 07:14;Não
2023-29423717-5;(BM) 2023-040196909-001;27/08/2023 19:17;AVENIDA CANADA, Nº S/N - JARDIM CANADA II - PASSOS;-207.533.453;-466.124.556;P02003 - VISTORIA EM LOTE VAGO (C) (Prioridade: 2 - Média);1CIA IND/2CIA/1PEL(PASSOS);ASL00064;Não;Não;Não;BOLETIM DE OCORRENCIA;Classificada;28/08/2023 07:12;Não
2023-29423842-7;(BM) 2023-040199081-001;27/08/2023 19:26;AVENIDA CANADA, Nº S/N - JARDIM CANADA II - PASSOS;-207.533.453;-466.124.556;P02003 - VISTORIA EM LOTE VAGO (C) (Prioridade: 2 - Média);1CIA IND/2CIA/1PEL(PASSOS);ASL00064;Não;Não;Não;BOLETIM DE OCORRENCIA;Classificada;28/08/2023 07:12;Não
2023-29424018-1;(BM) 2023-040201511-001;27/08/2023 19:37;RUA ALBERTINO FERREIRA ROSA, Nº S/N - JARDIM CANADA - PASSOS;-207.477.042;-466.095.863;P02003 - VISTORIA EM LOTE VAGO (C) (Prioridade: 2 - Média);1CIA IND/2CIA/1PEL(PASSOS);ASL00064;Não;Não;Não;BOLETIM DE OCORRENCIA;Classificada;28/08/2023 07:12;Não
2023-29424279-5;(BM) 2023-040203000-001;27/08/2023 19:57;RUA CALGARY, Nº S/N - JARDIM CANADA II - PASSOS;-207.493.629;-466.103.758;P02003 - VISTORIA EM LOTE VAGO (C) (Prioridade: 2 - Média);1CIA IND/2CIA/1PEL(PASSOS);ASL00064;Não;Não;Não;BOLETIM DE OCORRENCIA;Classificada;28/08/2023 07:12;Não
2023-29424419-2;(BM) 2023-040211993-001;27/08/2023 20:06;RUA CALGARY, Nº S/N - JARDIM CANADA II - PASSOS;-207.493.629;-466.103.758;P02003 - VISTORIA EM LOTE VAGO (C) (Prioridade: 2 - Média);1CIA IND/2CIA/1PEL(PASSOS);ASL00064;Não;Não;Não;BOLETIM DE OCORRENCIA;Classificada;28/08/2023 07:12;Não
2023-29428621-5;(BM) 2023-040243447-001;28/08/2023 03:59;RUA WALDOMIRO CAETANO MACHADO, Nº 181 - NOVA CALIFORNIA - PASSOS;-207.013.177;-466.209.438;V01022 - VITIMA PARTURIENTE / EMERGENCIAS OBSTETRICAS (C) (Prioridade: 1 - Alta);1CIA IND/2CIA/1PEL(PASSOS);UR04360;Não;Não;Não;BOLETIM DE OCORRENCIA;Classificada;28/08/2023 07:14;Não
2023-29428909-3;(BM) 2023-040783090-001;28/08/2023 06:35;RUA LAVRAS, Nº S/N - FURNAS - SAO JOSE DA BARRA;-206.806.866;-463.337.346;X03000 - EMPENHO ADMINISTRATIVO (C) (Prioridade: 2 - Média);1CIA IND/2CIA/1PEL(PASSOS);ASL00064 / APF01362;Não;Não;Não;BOLETIM DE OCORRENCIA;Classificada;31/08/2023 08:02;Não
2023-29430565-9;(BM) 2023-040266649-001;28/08/2023 09:45;RUA FUMAL, Nº S/N - RESIDENCIAL MARIA E VADICO - SAO JOAO BATISTA GLORIA;-206.355.321;-465.106.005;P02003 - VISTORIA EM LOTE VAGO (C) (Prioridade: 2 - Média);1CIA IND/2CIA/1PEL(PASSOS);UR0565;Não;Não;Não;BOLETIM DE OCORRENCIA;Classificada;29/08/2023 08:10;Não
2023-29430700-2;(BM) 2023-040266796-001;28/08/2023 09:53;RUA FUMAL, Nº S/N - RESIDENCIAL MARIA E VADICO - SAO JOAO BATISTA GLORIA;-206.355.321;-465.106.005;P02003 - VISTORIA EM LOTE VAGO (C) (Prioridade: 2 - Média);1CIA IND/2CIA/1PEL(PASSOS);UR0565;Não;Não;Não;BOLETIM DE OCORRENCIA;Classificada;29/08/2023 08:10;Não
2023-29430772-3;(BM) 2023-040268297-001;28/08/2023 09:59;RUA ESMERIL, Nº S/N - RESIDENCIAL MARIA E VADICO - SAO JOAO BATISTA GLORIA;-206.337.789;-465.109.838;P02003 - VISTORIA EM LOTE VAGO (C) (Prioridade: 2 - Média);1CIA IND/2CIA/1PEL(PASSOS);UR0565;Não;Não;Não;BOLETIM DE OCORRENCIA;Classificada;29/08/2023 08:10;Não
2023-29430815-4;(BM) 2023-040268228-001;28/08/2023 10:04;AVENIDA ANTONIO ADAO DA SILVA, Nº 200 - PENHA 2 - PASSOS;-207.188.563;-466.324.042;V01018 - VITIMA DE MAL NAO DEFINIDO (DISTURBIO) (C) (Prioridade: 1 - Alta);1CIA IND/2CIA/1PEL(PASSOS);UR04360;Não;Não;Não;BOLETIM DE OCORRENCIA;Classificada;29/08/2023 08:13;Não
2023-29430851-8;(BM) 2023-040268412-001;28/08/2023 10:06;RUA EMILIA MARIA CONCEICAO, Nº S/N - ALTO DO GLORIA - SAO JOAO BATISTA GLORIA;-206.287.298;-465.092.884;P02003 - VISTORIA EM LOTE VAGO (C) (Prioridade: 2 - Média);1CIA IND/2CIA/1PEL(PASSOS);UR0565;Não;Não;Não;BOLETIM DE OCORRENCIA;Classificada;29/08/2023 08:10;Não
2023-29430991-7;(BM) 2023-040270411-001;28/08/2023 10:17;RUA ODECIO VILELA, Nº S/N - ALTO DO GLORIA - SAO JOAO BATISTA GLORIA;-206.291.315;-465.097.927;P02003 - VISTORIA EM LOTE VAGO (C) (Prioridade: 2 - Média);1CIA IND/2CIA/1PEL(PASSOS);UR0565;Não;Não;Não;BOLETIM DE OCORRENCIA;Classificada;29/08/2023 08:10;Não
2023-29432564-7;(BM) 2023-040291696-001;28/08/2023 12:33;RUA AMAPA, Nº 2015 - RECANTO DA HARMONIA - PASSOS;-207.059.142;-465.953.637;V01023 - VITIMA DE SINCOPE (DESMAIO)/VERTIGEM (C) (Prioridade: 1 - Alta);1CIA IND/2CIA/1PEL(PASSOS);UR04360;Não;Não;Não;BOLETIM DE OCORRENCIA;Classificada;29/08/2023 08:13;Não
2023-29432949-1;(BM) 2023-040296071-001;28/08/2023 13:10;RUA SEBASTIAO BENEDITO DE ANDRADE, Nº 341 - JARDIM ITALIA - PASSOS;-207.488.913;-466.058.531;P01001 - VISTORIA DE FISCALIZACAO (C) (Prioridade: 2 - Média);1CIA IND/2CIA/PEL PREV E VIST(PASSOS);APF01362;Não;Não;Não;BOLETIM DE OCORRENCIA;Classificada;29/08/2023 08:10;Não
2023-29433919-6;(BM) 2023-040308808-001;28/08/2023 14:21;RUA RUBI, Nº 133 - ACLIMACAO - PASSOS;-207.540.499;-46.604.097;P01001 - VISTORIA DE FISCALIZACAO (C) (Prioridade: 2 - Média);1CIA IND/2CIA/PEL PREV E VIST(PASSOS);APF01362;Não;Não;Não;BOLETIM DE OCORRENCIA;Classificada;29/08/2023 08:11;Não
2023-29434235-6;(BM) 2023-040313083-001;28/08/2023 14:34;RUA OTAVIO RODRIGUES VASCONCELOS, Nº 609 - PASSOS;-207.361.517;-466.105.858;P01001 - VISTORIA DE FISCALIZACAO (C) (Prioridade: 2 - Média);1CIA IND/2CIA/PEL PREV E VIST(PASSOS);APF01362;Não;Não;Não;BOLETIM DE OCORRENCIA;Classificada;29/08/2023 08:11;Não
2023-29434893-0;(BM) 2023-040322463-001;28/08/2023 15:08;RUA DIAMANTE, Nº 1479 - ACLIMACAO - PASSOS;-207.538.048;-466.008.181;P01001 - VISTORIA DE FISCALIZACAO (C) (Prioridade: 2 - Média);1CIA IND/2CIA/PEL PREV E VIST(PASSOS);APF01362;Não;Não;Não;BOLETIM DE OCORRENCIA;Classificada;29/08/2023 08:11;Não
2023-29435879-4;(BM) 2023-040335917-001;28/08/2023 16:03;RUA CAMPO GRANDE, Nº 212 - JARDIM COLEGIO DE PASSOS - PASSOS;-207.223.434;-465.940.387;V01018 - VITIMA DE MAL NAO DEFINIDO (DISTURBIO) (C) (Prioridade: 1 - Alta);1CIA IND/2CIA/1PEL(PASSOS);UR04360;Não;Não;Não;BOLETIM DE OCORRENCIA;Classificada;29/08/2023 08:13;Não
2023-29436823-5;(BM) 2023-040388150-001;28/08/2023 16:54;RODOVIA BR 146, Km 353 - PASSOS;-208.332.372;-466.182.755;P02002 - VISTORIA EM RISCO DE QUEDA DE ARVORE (C) (Prioridade: 2 - Média);1CIA IND/2CIA/PEL PREV E VIST(PASSOS);APF01362;Não;Não;Não;BOLETIM DE OCORRENCIA;Classificada;29/08/2023 08:11;Não
2023-29439832-2;(BM) 2023-040385892-001;28/08/2023 20:13;RUA GUAPE, Nº 1164 - RESIDENCIAL PORTAL DAS PALMEIRAS - PASSOS;-20.696.239;-466.109.079;V01018 - VITIMA DE MAL NAO DEFINIDO (DISTURBIO) (C) (Prioridade: 1 - Alta);1CIA IND/2CIA/1PEL(PASSOS);UR04360;Não;Não;Não;BOLETIM DE OCORRENCIA;Classificada;29/08/2023 08:13;Não
2023-29440337-0;(BM) 2023-040387913-001;28/08/2023 20:56;RUA PEIXE, Nº S/N - SERRA VERDE - PASSOS;-207.408.187;-465.964.018;S06004 - CAPTURA DE OUTROS ANIMAIS DOMESTICOS PERIGOSOS / AGRESSIVOS (C) (Prioridade: 2 - Média);1CIA IND/2CIA/PEL PREV E VIST(PASSOS);APF01362;Não;Não;Não;BOLETIM DE OCORRENCIA;Classificada;29/08/2023 08:13;Não
2023-29440543-2;(BM) 2023-040389574-001;28/08/2023 21:09;RUA VESPASIANO, Nº 120 - COHAB 2 - PASSOS;-207.108.545;-466.292.217;V02501 - VITIMA DE QUEDA (CICLISTA) (C) (Prioridade: 1 - Alta);1CIA IND/2CIA/1PEL(PASSOS);UR04360;Não;Não;Não;BOLETIM DE OCORRENCIA;Classificada;29/08/2023 08:13;Não
2023-29446004-0;(BM) 2023-040448154-001;29/08/2023 09:57;RUA DOUTOR CARVALHO, Nº 1455 - NOSSA SENHORA DAS GRAÇAS - PASSOS;-207.352.269;-466.037.303;Q03005 - TREINAMENTO DE SALVAMENTO TERRESTRE (C) (Prioridade: 2 - Média);1CIA IND/2CIA/1PEL(PASSOS);BM1315175;Não;Não;Não;BOLETIM DE OCORRENCIA;Classificada;30/08/2023 00:19;Não
2023-29446171-2;(BM) 2023-040450088-001;29/08/2023 10:10;RUA SAO LUIZ, Nº S/N - CENTRO - SAO JOAO BATISTA GLORIA;-206.425.561;-465.048.411;P02003 - VISTORIA EM LOTE VAGO (C) (Prioridade: 2 - Média);1CIA IND/2CIA/1PEL(PASSOS);ASL00064;Não;Não;Não;BOLETIM DE OCORRENCIA;Classificada;30/08/2023 00:19;Não
2023-29446513-4;(BM) 2023-040455472-001;29/08/2023 10:39;RUA SAO LUIZ, Nº S/N - CENTRO - SAO JOAO BATISTA GLORIA;-206.425.561;-465.048.411;P02003 - VISTORIA EM LOTE VAGO (C) (Prioridade: 2 - Média);1CIA IND/2CIA/1PEL(PASSOS);ASL00064;Não;Não;Não;BOLETIM DE OCORRENCIA;Classificada;30/08/2023 00:19;Não
2023-29446717-4;(BM) 2023-040458119-001;29/08/2023 10:54;RUA LICO MARTINS, Nº S/N - NOVO HORIZONTE - SAO JOAO BATISTA GLORIA;-206.319.376;-465.053.659;P02003 - VISTORIA EM LOTE VAGO (C) (Prioridade: 2 - Média);1CIA IND/2CIA/1PEL(PASSOS);ASL00064;Não;Não;Não;BOLETIM DE OCORRENCIA;Classificada;30/08/2023 00:19;Não
2023-29446773-5;(BM) 2023-040458723-001;29/08/2023 10:56;RUA ARGEMIRO CELESTINO MARTINS, Nº 30 - NOVA CALIFORNIA - PASSOS;-207.029.745;-466.205.232;V01006 - VITIMA COM DIFICULDADE DE LOCOMOCAO (C) (Prioridade: 1 - Alta);1CIA IND/2CIA/1PEL(PASSOS);UR04360;Não;Não;Não;BOLETIM DE OCORRENCIA;Classificada;30/08/2023 00:20;Não
2023-29446832-2;(BM) 2023-040459561-001;29/08/2023 11:02;RUA SEBASTIAO COSTA E SILVA, Nº S/N - SAO JOAO BATISTA GLORIA;-206.398.134;-465.010.934;P02003 - VISTORIA EM LOTE VAGO (C) (Prioridade: 2 - Média);1CIA IND/2CIA/1PEL(PASSOS);ASL00064;Não;Não;Não;BOLETIM DE OCORRENCIA;Classificada;30/08/2023 00:19;Não
2023-29446917-3;(BM) 2023-040461260-001;29/08/2023 11:11;RUA SEBASTIAO COSTA E SILVA, Nº S/N - SAO JOAO BATISTA GLORIA;-206.398.134;-465.010.934;P02003 - VISTORIA EM LOTE VAGO (C) (Prioridade: 2 - Média);1CIA IND/2CIA/1PEL(PASSOS);ASL00064;Não;Não;Não;BOLETIM DE OCORRENCIA;Classificada;30/08/2023 00:19;Não
2023-29447028-4;(BM) 2023-040462173-001;29/08/2023 11:18;RUA SEBASTIAO COSTA E SILVA, Nº S/N - SAO JOAO BATISTA GLORIA;-206.398.134;-465.010.934;P02003 - VISTORIA EM LOTE VAGO (C) (Prioridade: 2 - Média);1CIA IND/2CIA/1PEL(PASSOS);ASL00064;Não;Não;Não;BOLETIM DE OCORRENCIA;Classificada;30/08/2023 00:20;Não
2023-29447106-6;(BM) 2023-040463284-001;29/08/2023 11:25;RUA SEBASTIAO COSTA E SILVA, Nº S/N - SAO JOAO BATISTA GLORIA;-206.398.134;-465.010.934;P02003 - VISTORIA EM LOTE VAGO (C) (Prioridade: 2 - Média);1CIA IND/2CIA/1PEL(PASSOS);ASL00064;Não;Não;Não;BOLETIM DE OCORRENCIA;Classificada;30/08/2023 00:20;Não
2023-29447854-0;(BM) 2023-040471973-001;29/08/2023 12:36;RUA GUAPORE, Nº 26 - BELA VISTA - PASSOS;-207.125.843;-46.601.138;V03018 - VITIMA DE QUEDA DA PROPRIA ALTURA (C) (Prioridade: 1 - Alta);1CIA IND/2CIA/1PEL(PASSOS);UR0565;Não;Não;Não;BOLETIM DE OCORRENCIA;Classificada;30/08/2023 00:20;Não
2023-29455081-2;(BM) 2023-040556787-001;29/08/2023 20:21;RUA TAPAJOS, Nº 1898 - NOSSA SENHORA APARECIDA - PASSOS;-207.428.222;-46.607.113;V01007 - VITIMA COM DISPNEIA (FALTA DE AR) (C) (Prioridade: 1 - Alta);1CIA IND/2CIA/1PEL(PASSOS);UR0565;Não;Não;Não;BOLETIM DE OCORRENCIA;Classificada;30/08/2023 00:20;Não
2023-29460456-2;(BM) 2023-040638803-001;30/08/2023 08:56;LUGAREJO CORREGO DO FEIJAO, Nº S/N - BRUMADINHO;-201.357.485;-441.091.274;X03000 - EMPENHO ADMINISTRATIVO (C) (Prioridade: 2 - Média);1CIA IND/2CIA/1PEL(PASSOS);BM1787076;Não;Não;Não;BOLETIM DE OCORRENCIA;Classificada;07/09/2023 05:41;Não
2023-29460470-3;(BM) 2023-040638831-001;30/08/2023 08:57;LUGAREJO CORREGO DO FEIJAO, Nº S/N - BRUMADINHO;-201.357.485;-441.091.274;X03000 - EMPENHO ADMINISTRATIVO (C) (Prioridade: 2 - Média);1CIA IND/2CIA/1PEL(PASSOS);SDMAIA;Não;Não;Não;BOLETIM DE OCORRENCIA;Classificada;07/09/2023 05:41;Não
2023-29460521-2;(BM) 2023-040638283-001;30/08/2023 09:01;RUA JOAO LIMIRIO, Nº 69 - JOAO LIMIRIO - SAO JOAO BATISTA GLORIA;-20.633.602;-465.124.745;O02033 - INCENDIO EM AMONTOADO DE LIXO (C) (Prioridade: 2 - Média);1CIA IND/2CIA/1PEL(PASSOS);ABTS0495;Não;Não;Não;BOLETIM DE OCORRENCIA;Classificada;31/08/2023 08:00;Não
2023-29460842-6;(BM) 2023-040638872-001;30/08/2023 09:27;AVENIDA SANTA ROSA, Nº 10 - AEROPORTO - BELO HORIZONTE;-198.504.247;-439.571.896;X03000 - EMPENHO ADMINISTRATIVO (C) (Prioridade: 2 - Média);1CIA IND/2CIA/1PEL(PASSOS);APF01362;Não;Não;Não;BOLETIM DE OCORRENCIA;Classificada;01/09/2023 07:58;Não
2023-29461709-1;(BM) 2023-040638478-001;30/08/2023 10:42;RUA ANTONIO SATIRO, Nº S/N - RESIDENCIAL MARIA E VADICO - SAO JOAO BATISTA GLORIA;-206.343.613;-465.120.835;P02003 - VISTORIA EM LOTE VAGO (C) (Prioridade: 2 - Média);1CIA IND/2CIA/1PEL(PASSOS);ABTS0495;Não;Não;Não;BOLETIM DE OCORRENCIA;Classificada;31/08/2023 08:00;Não
2023-29461867-2;(BM) 2023-040638571-001;30/08/2023 10:55;RUA ANTONIO SATIRO, Nº S/N - RESIDENCIAL MARIA E VADICO - SAO JOAO BATISTA GLORIA;-206.343.613;-465.120.835;P02003 - VISTORIA EM LOTE VAGO (C) (Prioridade: 2 - Média);1CIA IND/2CIA/1PEL(PASSOS);ABTS0495;Não;Não;Não;BOLETIM DE OCORRENCIA;Classificada;31/08/2023 08:00;Não
2023-29462004-1;(BM) 2023-040638634-001;30/08/2023 11:06;RUA ANTONIO SATIRO, Nº S/N - RESIDENCIAL MARIA E VADICO - SAO JOAO BATISTA GLORIA;-206.343.613;-465.120.835;P02003 - VISTORIA EM LOTE VAGO (C) (Prioridade: 2 - Média);1CIA IND/2CIA/1PEL(PASSOS);ABTS0495;Não;Não;Não;BOLETIM DE OCORRENCIA;Classificada;31/08/2023 07:59;Não
2023-29462161-0;(BM) 2023-040638725-001;30/08/2023 11:18;RUA ANTONIO SATIRO, Nº S/N - RESIDENCIAL MARIA E VADICO - SAO JOAO BATISTA GLORIA;-206.343.613;-465.120.835;P02003 - VISTORIA EM LOTE VAGO (C) (Prioridade: 2 - Média);1CIA IND/2CIA/1PEL(PASSOS);ABTS0495;Não;Não;Não;BOLETIM DE OCORRENCIA;Classificada;31/08/2023 07:59;Não
2023-29462297-1;(BM) 2023-040638766-001;30/08/2023 11:30;RUA ANTONIO SATIRO, Nº S/N - RESIDENCIAL MARIA E VADICO - SAO JOAO BATISTA GLORIA;-206.343.613;-465.120.835;P02003 - VISTORIA EM LOTE VAGO (C) (Prioridade: 2 - Média);1CIA IND/2CIA/1PEL(PASSOS);ABTS0495;Não;Não;Não;BOLETIM DE OCORRENCIA;Classificada;31/08/2023 07:59;Não
2023-29463320-7;(BM) 2023-040648759-001;30/08/2023 13:07;RUA DAVID ANDRADE, Nº 649 - BOM JESUS DA PENHA;-210.152.254;-465.242.726;P01002 - VISTORIA DE LIBERACAO / EMISSAO DE AVCB (C) (Prioridade: 2 - Média);1CIA IND/2CIA/1PEL(PASSOS);TPO00155;Não;Não;Não;BOLETIM DE OCORRENCIA;Classificada;31/08/2023 07:59;Não
2023-29463374-6;(BM) 2023-040661338-001;30/08/2023 13:12;RUA JOAQUIM RODRIGUES, Nº 21 - COHAB 3 - PASSOS;-207.034.484;-466.250.477;S06004 - CAPTURA DE OUTROS ANIMAIS DOMESTICOS PERIGOSOS / AGRESSIVOS (C) (Prioridade: 2 - Média);1CIA IND/2CIA/1PEL(PASSOS);ABTS0495;Não;Não;Não;BOLETIM DE OCORRENCIA;Classificada;31/08/2023 07:58;Não
2023-29464640-3;(BM) 2023-040703328-001;30/08/2023 14:42;RUA JAIR PIRES DE LIMA,, Nº S/N - JARDIM TELES LIMA - BOM JESUS DA PENHA;-210.125.526;-465.102.203;P01002 - VISTORIA DE LIBERACAO / EMISSAO DE AVCB (C) (Prioridade: 2 - Média);1CIA IND/2CIA/1PEL(PASSOS);TPO00155;Não;Não;Não;BOLETIM DE OCORRENCIA;Classificada;31/08/2023 07:58;Não
2023-29466111-3;(BM) 2023-040686225-001;30/08/2023 16:09;RUA JUAREZ FRANCISCO DUARTE, Nº 475 - JARDIM SATELITE - PASSOS;-207.115.301;-466.223.711;O04009 - INCENDIO EM AREA URBANA PERTENCENTE A ORGAO PUBLICO (C) (Prioridade: 2 - Média);1CIA IND/2CIA/1PEL(PASSOS);ABTS0495;Não;Não;Não;BOLETIM DE OCORRENCIA;Classificada;31/08/2023 07:58;Não
2023-29468029-5;(BM) 2023-040710408-001;30/08/2023 18:07;RUA GUAPORE, Nº 1074 - RECANTO DA HARMONIA - PASSOS;-207.056.046;-465.939.922;V03018 - VITIMA DE QUEDA DA PROPRIA ALTURA (C) (Prioridade: 1 - Alta);1CIA IND/2CIA/1PEL(PASSOS);UR0565;Não;Não;Não;BOLETIM DE OCORRENCIA;Classificada;31/08/2023 07:58;Não
2023-29474353-8;(BM) 2023-040773840-001;31/08/2023 04:04;AVENIDA JUPITER, Nº 100 - JARDIM SATELITE - PASSOS;-20.714.008;-466.158.128;V01006 - VITIMA COM DIFICULDADE DE LOCOMOCAO (C) (Prioridade: 1 - Alta);1CIA IND/2CIA/1PEL(PASSOS);UR0565;Não;Não;Não;BOLETIM DE OCORRENCIA;Classificada;31/08/2023 07:57;Não
2023-29475070-9;(BM) 2023-040781298-001;31/08/2023 07:27;RUA JOAO FELICIANO DA SILVEIRA, Nº 300 - PENHA 2 - PASSOS;-207.156.191;-466.309.132;W03000 - SOLICITANTE ENCONTRADO - PROVIDENCIA DISPENSADA (C) (Prioridade: 3 - Baixa);1CIA IND/2CIA/1PEL(PASSOS);ABTS0495;Não;Não;Não;BOLETIM DE OCORRENCIA;Classificada;31/08/2023 08:02;Não
2023-29475134-0;(BM) 2023-040781348-001;31/08/2023 07:35;RODOVIA MG 050, Km 283, Nº S/N - SAO JOSE DA BARRA;;;Q03019 - TREINAMENTO DE MERGULHO AUTONOMO (C) (Prioridade: 2 - Média);1CIA IND/2CIA/1PEL(PASSOS);ASL00064;Não;Não;Não;BOLETIM DE OCORRENCIA;Classificada;01/09/2023 07:58;Não
2023-29475323-2;;31/08/2023 07:55;RUA LAVRAS, Nº S/N - FURNAS - SAO JOSE DA BARRA;-206.806.866;-463.337.346;X03000 - EMPENHO ADMINISTRATIVO (C) (Prioridade: 2 - Média);1CIA IND/2CIA/1PEL(PASSOS);TPO00155;Não;Não;Não;BOLETIM DE OCORRENCIA;Classificada;01/09/2023 07:57;Não
2023-29475577-0;(BM) 2023-040785333-001;31/08/2023 08:25;RUA DOUTOR CARVALHO, Nº 222 - CENTRO - PASSOS;-207.237.706;-46.607.898;X03000 - EMPENHO ADMINISTRATIVO (C) (Prioridade: 2 - Média);1CIA IND/2CIA/1PEL(PASSOS);UR04360;Não;Não;Não;BOLETIM DE OCORRENCIA;Classificada;01/09/2023 07:57;Não
2023-29476283-5;(BM) 2023-040793418-001;31/08/2023 09:36;AVENIDA JK, Nº S/N - MONSENHOR MESSIAS - PASSOS;-207.342.178;-465.979.772;V01003 - VITIMA COM CRISE CONVULSIVA (C) (Prioridade: 1 - Alta);1CIA IND/2CIA/1PEL(PASSOS);UR0565;Não;Não;Não;BOLETIM DE OCORRENCIA;Classificada;01/09/2023 07:56;Não
2023-29476707-0;(BM) 2023-040803588-001;31/08/2023 10:14;AVENIDA JUCA STOCKLER, Nº 2630 - PASSOS;;;V01003 - VITIMA COM CRISE CONVULSIVA (C) (Prioridade: 1 - Alta);1CIA IND/2CIA/1PEL(PASSOS);UR0565;Não;Não;Não;BOLETIM DE OCORRENCIA;Classificada;01/09/2023 07:56;Não
2023-29477606-8;(BM) 2023-040945635-001;31/08/2023 11:38;PRACA FRANCISCO SALLES, Nº S/N - BELO HORIZONTE - PASSOS;-207.264.675;-466.045.971;V02408 - VITIMA DE COLISAO ENTRE AUTOMOVEL X MOTOCICLETA (C) (Prioridade: 1 - Alta);1CIA IND/2CIA/1PEL(PASSOS);UR0565;Não;Não;Não;BOLETIM DE OCORRENCIA;Classificada;01/09/2023 07:56;Não
2023-29478651-8;(BM) 2023-040826513-001;31/08/2023 13:22;RUA DA PRAIA, Nº S/N - PENHA - PASSOS;-207.170.338;-466.195.455;W03000 - SOLICITANTE ENCONTRADO - PROVIDENCIA DISPENSADA (C) (Prioridade: 3 - Baixa);1CIA IND/2CIA/1PEL(PASSOS);UR0565;Não;Não;Não;BOLETIM DE OCORRENCIA;Classificada;01/09/2023 07:58;Não
2023-29479213-6;(BM) 2023-040829980-001;31/08/2023 14:03;RUA ANDORINHA, Nº 68 - NOSSA SENHORA DAS GRAÇAS - PASSOS;-207.391.652;-466.039.755;V01008 - VITIMA COM DOR ABDOMINAL (ABDOME AGUDO) (C) (Prioridade: 1 - Alta);1CIA IND/2CIA/1PEL(PASSOS);UR0565;Não;Não;Não;BOLETIM DE OCORRENCIA;Classificada;01/09/2023 07:56;Não
2023-29480274-8;(BM) 2023-040849806-001;31/08/2023 15:02;RUA ODECIO VILELA, Nº S/N - ALTO DO GLORIA - SAO JOAO BATISTA GLORIA;-206.291.315;-465.097.927;P02003 - VISTORIA EM LOTE VAGO (C) (Prioridade: 2 - Média);1CIA IND/2CIA/1PEL(PASSOS);ASL00064;Não;Não;Não;BOLETIM DE OCORRENCIA;Classificada;01/09/2023 07:57;Não
2023-29481217-0;(BM) 2023-040854551-001;31/08/2023 15:57;RUA IPES, Nº S/N - JARDIM DAS ACACIAS - SAO JOAO BATISTA GLORIA;-206.364.008;-46.499.522;P02003 - VISTORIA EM LOTE VAGO (C) (Prioridade: 2 - Média);1CIA IND/2CIA/1PEL(PASSOS);ASL00064;Não;Não;Não;BOLETIM DE OCORRENCIA;Classificada;01/09/2023 07:57;Não
2023-29481503-9;(BM) 2023-040858049-001;31/08/2023 16:14;RUA RECIFE / RUA JORGE G.FERREIRA - SAO JOAO BATISTA GLORIA;;;P02003 - VISTORIA EM LOTE VAGO (C) (Prioridade: 2 - Média);1CIA IND/2CIA/1PEL(PASSOS);ASL00064;Não;Não;Não;BOLETIM DE OCORRENCIA;Classificada;01/09/2023 07:57;Não
2023-29481603-3;(BM) 2023-040859097-001;31/08/2023 16:20;RUA SINFOROSA R. DE CARVALHO / RUA CLARA M DE FARIA - SAO JOAO BATISTA GLORIA;;;P02003 - VISTORIA EM LOTE VAGO (C) (Prioridade: 2 - Média);1CIA IND/2CIA/1PEL(PASSOS);ASL00064;Não;Não;Não;BOLETIM DE OCORRENCIA;Classificada;01/09/2023 07:57;Não
2023-29482124-6;(BM) 2023-040907463-001;31/08/2023 16:52;RUA DOUTOR CARVALHO, Nº 1650 - NOSSA SENHORA DAS GRAÇAS - PASSOS;-207.369.083;-466.033.749;R01001 - ABASTECIMENTO DE AGUA (C) (Prioridade: 2 - Média);1CIA IND/2CIA/1PEL(PASSOS);BM1551159;Não;Não;Não;BOLETIM DE OCORRENCIA;Classificada;01/09/2023 07:56;Não
2023-29484710-0;(BM) 2023-040896420-001;31/08/2023 19:43;RUA MONTES CLAROS, Nº 641 - COHAB 3 - PASSOS;-20.706.008;-466.288.678;V01018 - VITIMA DE MAL NAO DEFINIDO (DISTURBIO) (C) (Prioridade: 1 - Alta);1CIA IND/2CIA/1PEL(PASSOS);UR04360;Não;Não;Não;BOLETIM DE OCORRENCIA;Classificada;01/09/2023 07:55;Não
2023-29484716-6;(BM) 2023-040896487-001;31/08/2023 19:45;RUA ADONIRA MARIA DE JESUS, Nº 168 - NOSSA SENHORA DE LOURDES - PASSOS;-206.979.424;-466.214.252;S04020 - PESSOA OU ANIMAL PRESO NO INTERIOR DO VEICULO (C) (Prioridade: 1 - Alta);1CIA IND/2CIA/1PEL(PASSOS);ASL00064;Não;Não;Não;BOLETIM DE OCORRENCIA;Classificada;01/09/2023 07:55;Não
2023-29485913-2;(BM) 2023-040914803-001;31/08/2023 21:15;RUA ANDREIA CARDOSO REIS, Nº 273 - PASSOS;-207.001.541;-466.319.831;S06001 - SALVAMENTO DE ANIMAL EM RISCO / PERIGO (C) (Prioridade: 2 - Média);1CIA IND/2CIA/1PEL(PASSOS);ASL00064;Não;Não;Não;BOLETIM DE OCORRENCIA;Classificada;01/09/2023 07:56;Não
2023-29486221-4;(BM) 2023-040910820-001;31/08/2023 21:37;RUA VITORIA, Nº S/N - CENTRO - SAO JOAO BATISTA GLORIA;-206.386.476;-465.039.981;P02003 - VISTORIA EM LOTE VAGO (C) (Prioridade: 2 - Média);1CIA IND/2CIA/1PEL(PASSOS);BM1272152;Não;Não;Não;BOLETIM DE OCORRENCIA;Classificada;01/09/2023 07:56;Não
2023-29486746-8;(BM) 2023-040922013-001;31/08/2023 22:16;RUA BARAO DE PASSOS, Nº 1785 - SANTA LUZIA - PASSOS;-207.098.843;-465.978.186;V03012 - VITIMA COM OBJETO PRESO AO CORPO (C) (Prioridade: 1 - Alta);1CIA IND/2CIA/1PEL(PASSOS);ASL00064;Não;Não;Não;BOLETIM DE OCORRENCIA;Classificada;01/09/2023 07:55;Não
