Nº chamada;Nº REDS;Data/hora de criação;Local do fato;Latitude  do local;Longitude do local;Natureza;Unidade Responsável;Recursos empenhados;Alerta;Destaque;Envolve autoridade;Tipo de classificação;Situação;Data/hora da situação atual;Evento associado
2020-11748621-5;(BM) 2020-036842916-001;01/08/2020 04:03;RODOVIA PASSOS / GLORIA, Nº S/N - PASSOS;-20.700.737;-46.586.887;V02102 - VITIMA DE ATROPELAMENTO POR MOTOCICLETA (C) (Prioridade: 1 - Alta);1CIA IND/2CIA/1PEL(PASSOS);UR0565;Não;Não;Não;BOLETIM DE OCORRENCIA;Classificada;01/08/2020 05:05;Não
2020-11749622-3;(BM) 2020-036854795-001;01/08/2020 08:13;ESTRADA PRINCIPAL LINHA BANANAL KM15, Nº S/N - PASSOS;-20.679.444;-46.694.167;V03018 - VITIMA DE QUEDA DA PROPRIA ALTURA (C) (Prioridade: 1 - Alta);1CIA IND/2CIA/1PEL(PASSOS);UR0565;Não;Não;Não;BOLETIM DE OCORRENCIA;Classificada;02/08/2020 06:22;Não
2020-11749709-0;(BM) 2020-036854949-001;01/08/2020 08:28;AVENIDA UNIMED, Nº S/N - MIRANTE DO VALE - PASSOS;-207.234.112;-465.770.051;S06002 - CAPTURA DE ANIMAL SILVESTRE PERIGOSO / AGRESSIVO (C) (Prioridade: 2 - Média);1CIA IND/2CIA/1PEL(PASSOS);ABTS0495;Não;Não;Não;BOLETIM DE OCORRENCIA;Classificada;01/08/2020 18:47;Não
2020-11750618-3;(BM) 2020-036865033-001;01/08/2020 10:17;RUA ARIES, Nº S/N - SERRA VERDE - PASSOS;-207.410.326;-465.938.169;O02033 - INCENDIO EM AMONTOADO DE LIXO (C) (Prioridade: 2 - Média);1CIA IND/2CIA/1PEL(PASSOS);ABTS0495;Não;Não;Não;BOLETIM DE OCORRENCIA;Classificada;01/08/2020 18:47;Não
2020-11751565-4;(BM) 2020-036875405-001;01/08/2020 12:19;RUA PONTA PORA, Nº 283 - BELA VISTA - PASSOS;-207.126.413;-465.997.494;V01018 - VITIMA DE MAL NAO DEFINIDO (DISTURBIO) (C) (Prioridade: 1 - Alta);1CIA IND/2CIA/1PEL(PASSOS);UR0565;Não;Não;Não;BOLETIM DE OCORRENCIA;Classificada;02/08/2020 06:25;Não
2020-11751818-8;(BM) 2020-036878149-001;01/08/2020 12:53;RUA MATOZINHOS, Nº S/N - COHAB 2 - PASSOS;-207.105.616;-466.314.028;W01000 - SOLICITANTE NAO ENCONTRADO (C) (Prioridade: 3 - Baixa);1CIA IND/2CIA/1PEL(PASSOS);UR0565;Não;Não;Não;BOLETIM DE OCORRENCIA;Classificada;02/08/2020 06:27;Não
2020-11752439-5;(BM) 2020-036884973-001;01/08/2020 14:08;RUA PECUARIA, Nº S/N - SAO FRANCISCO - PASSOS;-20.728.996;-466.183.726;W04000 - NADA CONSTATADO (C) (Prioridade: 3 - Baixa);1CIA IND/2CIA/1PEL(PASSOS);ABTS0495;Não;Não;Não;BOLETIM DE OCORRENCIA;Classificada;01/08/2020 18:45;Não
2020-11753007-6;(BM) 2020-036928189-001;01/08/2020 14:54;RUA MARANHAO, Nº 157 - BELA VISTA - PASSOS;-207.156.403;-466.019.521;S06005 - CAPTURA DE INSETOS (C) (Prioridade: 2 - Média);1CIA IND/2CIA/1PEL(PASSOS);ASL00064;Não;Não;Não;BOLETIM DE OCORRENCIA;Classificada;02/08/2020 06:22;Não
2020-11753184-1;(BM) 2020-036893316-001;01/08/2020 15:05;AVENIDA SAUDADE, Nº 84 - SAO BENEDITO - PASSOS;-207.236.382;-466.022.294;S06005 - CAPTURA DE INSETOS (C) (Prioridade: 2 - Média);1CIA IND/2CIA/1PEL(PASSOS);ABTS0495;Não;Não;Não;BOLETIM DE OCORRENCIA;Classificada;01/08/2020 18:44;Não
2020-11753417-8;(BM) 2020-036896166-001;01/08/2020 15:22;RUA TUPIS, Nº 224 - CANDEIAS - PASSOS;-207.210.484;-466.176.637;S06005 - CAPTURA DE INSETOS (C) (Prioridade: 2 - Média);1CIA IND/2CIA/1PEL(PASSOS);ASL00064;Não;Não;Não;BOLETIM DE OCORRENCIA;Classificada;02/08/2020 06:22;Não
2020-11763770-0;(BM) 2020-037001405-001;02/08/2020 06:01;RUA OVIDIO GARCIA, Nº 403 - SANTA MARIA - CASSIA;-20.590.627;-469.234.538;O02001 - INCENDIO EM RESIDENCIA/HABITACAO UNIFAMILIAR (CASA) (C) (Prioridade: 1 - Alta);1CIA IND/2CIA/1PEL(PASSOS);ABTS0495;Não;Não;Não;BOLETIM DE OCORRENCIA;Classificada;02/08/2020 16:56;Não
2020-11764636-3;(BM) 2020-037011796-001;02/08/2020 09:05;RUA BUENOS AIRES, Nº S/N - NOVA CALIFORNIA - PASSOS;-20.703.798;-466.221.381;S06005 - CAPTURA DE INSETOS (C) (Prioridade: 2 - Média);1CIA IND/2CIA/1PEL(PASSOS);UR0565;Não;Não;Não;BOLETIM DE OCORRENCIA;Classificada;03/08/2020 08:14;Não
2020-11767348-5;(BM) 2020-037043999-001;02/08/2020 14:46;AVENIDA AMAZONAS, Nº S/N - BELA VISTA 2 - PASSOS;-207.111.388;-465.945.885;S05308 - COLISAO ENTRE AUTOMOVEL X MOTOCICLETA (C) (Prioridade: 1 - Alta);1CIA IND/2CIA/1PEL(PASSOS);UR0565;Não;Não;Não;BOLETIM DE OCORRENCIA;Classificada;03/08/2020 08:16;Não
2020-11768978-9;(BM) 2020-037055088-001;02/08/2020 16:55;RUA ADOLFO COELHO LEMOS, Nº 147 - JARDIM PINHEIROS - PASSOS;-207.234.904;-466.217.453;O04012 - INCENDIO EM LOTE VAGO (AREA URBANA) (C) (Prioridade: 2 - Média);1CIA IND/2CIA/1PEL(PASSOS);ABTS0495;Não;Não;Não;BOLETIM DE OCORRENCIA;Classificada;03/08/2020 08:15;Não
2020-11769607-2;(BM) 2020-037075470-001;02/08/2020 17:40;AVENIDA JUPITER, Nº 337 - SANTA CASA - PASSOS;-20.712.147;-466.166.219;O04008 - INCENDIO EM AREA RURAL NAO PROTEGIDA (C) (Prioridade: 2 - Média);1CIA IND/2CIA/1PEL(PASSOS);ABTS0495;Não;Não;Não;BOLETIM DE OCORRENCIA;Classificada;03/08/2020 08:16;Não
2020-11771237-8;(BM) 2020-037075771-001;02/08/2020 19:33;RUA VEREADOR DOMINGOS ANTONIO RIBEIRO, Nº S/N - COHAB 4 - PASSOS;-207.205.441;-466.340.914;S06008 - CORTE DE ARVORE CAIDA EM VIA PUBLICA (C) (Prioridade: 2 - Média);1CIA IND/2CIA/1PEL(PASSOS);ASL00064;Não;Não;Não;BOLETIM DE OCORRENCIA;Classificada;03/08/2020 08:16;Não
2020-11775848-3;(BM) 2020-037133883-001;03/08/2020 07:31;RUA JOSE INACIO DE ANDRADE, Nº 171 - JARDIM ITALIA - PASSOS;-207.507.769;-466.048.935;V01004 - VITIMA COM CRISE DIABETICA / HIPOGLICEMIA (C) (Prioridade: 1 - Alta);1CIA IND/2CIA/1PEL(PASSOS);UR0565;Não;Não;Não;BOLETIM DE OCORRENCIA;Classificada;03/08/2020 08:16;Não
2020-11776707-7;(BM) 2020-037154694-001;03/08/2020 09:01;RUA RIO NEGRO / RUA NITEROI - RECANTO DA HARMONIA - PASSOS;-207.055.842;-465.966.895;V03018 - VITIMA DE QUEDA DA PROPRIA ALTURA (C) (Prioridade: 1 - Alta);1CIA IND/2CIA/1PEL(PASSOS);UR0565;Não;Não;Não;BOLETIM DE OCORRENCIA;Classificada;07/08/2020 19:25;Não
2020-11777783-0;(BM) 2020-037165311-001;03/08/2020 10:37;RUA PALMEIRAS, Nº 212 - SERRA DAS BRISAS - PASSOS;-20.732.818;-465.942.467;V01023 - VITIMA DE SINCOPE (DESMAIO) (C) (Prioridade: 1 - Alta);1CIA IND/2CIA/1PEL(PASSOS);UR0565;Não;Não;Não;BOLETIM DE OCORRENCIA;Classificada;07/08/2020 19:25;Não
2020-11778384-0;(BM) 2020-037176049-001;03/08/2020 11:29;RUA FUNCIONARIOS, Nº 162 - BELO HORIZONTE - PASSOS;-207.318.375;-466.053.603;V01006 - VITIMA COM DIFICULDADE DE LOCOMOCAO (C) (Prioridade: 1 - Alta);1CIA IND/2CIA/1PEL(PASSOS);UR0565;Não;Não;Não;BOLETIM DE OCORRENCIA;Classificada;07/08/2020 19:25;Não
2020-11779211-8;(BM) 2020-037225253-001;03/08/2020 13:04;RODOVIA MGC 265, Km 523 - CARMO DO RIO CLARO;-209.229.274;-462.040.587;O04008 - INCENDIO EM AREA RURAL NAO PROTEGIDA (C) (Prioridade: 2 - Média);1CIA IND/2CIA/1PEL(PASSOS);ASL00064;Não;Não;Não;BOLETIM DE OCORRENCIA;Classificada;07/08/2020 19:24;Não
2020-11780346-4;(BM) 2020-037225500-001;03/08/2020 14:33;RUA TRES DE MAIO, Nº 627 - SAO BENEDITO - PASSOS;-207.244.855;-466.014.472;V01018 - VITIMA DE MAL NAO DEFINIDO (DISTURBIO) (C) (Prioridade: 1 - Alta);1CIA IND/2CIA/1PEL(PASSOS);UR0565;Não;Não;Não;BOLETIM DE OCORRENCIA;Classificada;07/08/2020 19:25;Não
2020-11780696-6;(BM) 2020-037199491-001;03/08/2020 14:53;PRACA GERALDO DA SILVA MAIA, Nº 175 - CENTRO - PASSOS;-207.217.853;-466.085.971;W99000 - OUTROS PROCEDIMENTOS ADMINISTRATIVOS (C) (Prioridade: 3 - Baixa);1CIA IND/2CIA/PEL PREV E VIST(PASSOS);APF01362;Não;Não;Não;BOLETIM DE OCORRENCIA;Classificada;07/08/2020 19:24;Não
2020-11781026-9;(BM) 2020-037225604-001;03/08/2020 15:12;FAZENDA 10007 - FAZENDA BREJO - REJANE MARGARETE DE SOUZA SILVA, Nº S/N - SAO JOAO BATISTA GLORIA;-205.915.542;-465.785.775;O04003 - INCENDIO EM PRODUCAO AGRICOLA / PASTO (C) (Prioridade: 2 - Média);1CIA IND/2CIA/1PEL(PASSOS);ABTS0495;Não;Não;Não;BOLETIM DE OCORRENCIA;Classificada;07/08/2020 19:24;Não
2020-11785930-9;(BM) 2020-037272021-001;03/08/2020 21:04;RODOVIA MG 050, Nº S/N - NOSSA SENHORA DAS GRAÇAS - PASSOS;-20.739.951;-466.020.282;V02301 - VITIMA DE CAPOTAMENTO DE AUTOMOVEL (CARRO / CAMINHONETE) (C) (Prioridade: 1 - Alta);1CIA IND/2CIA/1PEL(PASSOS);UR0565;Não;Não;Não;BOLETIM DE OCORRENCIA;Classificada;07/08/2020 19:25;Não
2020-11786147-0;;03/08/2020 21:26;FAZENDA 10007 - FAZENDA BREJO - REJANE MARGARETE DE SOUZA SILVA, Nº S/N - SAO JOAO BATISTA GLORIA;-205.915.542;-465.785.775;O04008 - INCENDIO EM AREA RURAL NAO PROTEGIDA (C) (Prioridade: 2 - Média);1CIA IND/2CIA/1PEL(PASSOS);ASL00064;Não;Não;Não;W08000-CANCELADA POR INDISPONIBILIDADE DE MEIOS;Classificada;03/08/2020 21:31;Não
2020-11788710-9;(BM) 2020-037320335-001;04/08/2020 07:09;ESTRADA PRINCIPAL JULIEIRA KM 05, Nº S/N - PASSOS;-206.671.526;-466.586.461;O04008 - INCENDIO EM AREA RURAL NAO PROTEGIDA (C) (Prioridade: 2 - Média);1CIA IND/2CIA/1PEL(PASSOS);ASL00064;Não;Não;Não;BOLETIM DE OCORRENCIA;Classificada;04/08/2020 20:10;Não
2020-11789147-7;(BM) 2020-037318496-001;04/08/2020 08:14;RUA ALAGOAS, Nº 289 - PASSOS;-20.714.994;-466.043.566;V01006 - VITIMA COM DIFICULDADE DE LOCOMOCAO (C) (Prioridade: 1 - Alta);1CIA IND/2CIA/1PEL(PASSOS);UR0565;Não;Não;Não;BOLETIM DE OCORRENCIA;Classificada;04/08/2020 17:46;Não
2020-11789978-7;(BM) 2020-037328855-001;04/08/2020 09:31;ESTRADA BR 146 [FAZENDA MUMBUCA 35 KM PASSOS], Nº S/N - PASSOS;-209.620.287;-465.412.754;P01002 - VISTORIA DE LIBERACAO / EMISSAO DE AVCB (C) (Prioridade: 2 - Média);1CIA IND/2CIA/PEL PREV E VIST(PASSOS);APF01362;Não;Não;Não;BOLETIM DE OCORRENCIA;Classificada;04/08/2020 17:45;Não
2020-11790530-0;(BM) 2020-037339974-001;04/08/2020 10:17;AVENIDA ANTONIO ADAO DA SILVA, Nº S/N - PENHA 2 - PASSOS;-207.196.212;-466.310.269;V03018 - VITIMA DE QUEDA DA PROPRIA ALTURA (C) (Prioridade: 1 - Alta);1CIA IND/2CIA/1PEL(PASSOS);UR0565;Não;Não;Não;BOLETIM DE OCORRENCIA;Classificada;04/08/2020 17:46;Não
2020-11792477-0;(BM) 2020-037378367-001;04/08/2020 13:37;RODOVIA MG 050, Nº S/N - NOSSA SENHORA DAS GRAÇAS - PASSOS;-20.739.951;-466.020.282;V01005 - VITIMA COM CRISE HIPERTENSIVA (C) (Prioridade: 1 - Alta);1CIA IND/2CIA/1PEL(PASSOS);UR0565;Não;Não;Não;BOLETIM DE OCORRENCIA;Classificada;04/08/2020 17:46;Não
2020-11792479-5;(BM) 2020-037385096-001;04/08/2020 13:38;PRACA BLANDINA DE ANDRADE, Nº 16 - CENTRO - PASSOS;-207.158.964;-466.116.154;P01002 - VISTORIA DE LIBERACAO / EMISSAO DE AVCB (C) (Prioridade: 2 - Média);1CIA IND/2CIA/PEL PREV E VIST(PASSOS);APF01362;Não;Não;Não;BOLETIM DE OCORRENCIA;Classificada;04/08/2020 17:45;Não
2020-11792515-7;(BM) 2020-037397978-002;04/08/2020 13:42;RODOVIA BR 265, Km 485 - CARMO DO RIO CLARO;-209.311.346;-459.044.811;O04008 - INCENDIO EM AREA RURAL NAO PROTEGIDA (C) (Prioridade: 2 - Média);1CIA IND/2CIA/1PEL(PASSOS);ASL00064;Não;Não;Não;BOLETIM DE OCORRENCIA;Classificada;04/08/2020 17:45;Não
2020-11794010-1;(BM) 2020-037398039-001;04/08/2020 15:16;RUA DOUTOR JOSE BALBINO, Nº 558 - CENTRO - ITAU DE MINAS;-207.431.556;-46.751.373;P01002 - VISTORIA DE LIBERACAO / EMISSAO DE AVCB (C) (Prioridade: 2 - Média);1CIA IND/2CIA/PEL PREV E VIST(PASSOS);APF01362;Não;Não;Não;BOLETIM DE OCORRENCIA;Classificada;04/08/2020 17:45;Não
2020-11794532-7;(BM) 2020-037398117-001;04/08/2020 15:47;RUA AURORA, Nº 15 - SAO BENEDITO - PASSOS;-207.226.957;-466.020.862;S06002 - CAPTURA DE ANIMAL SILVESTRE PERIGOSO / AGRESSIVO (C) (Prioridade: 2 - Média);1CIA IND/2CIA/1PEL(PASSOS);ABTS0495;Não;Não;Não;BOLETIM DE OCORRENCIA;Classificada;04/08/2020 17:46;Não
2020-11795087-1;(BM) 2020-037409084-001;04/08/2020 16:18;RUA DOUTOR JOSE MARIO TAVARES DE OLIVA, Nº 193 - CENTRO - ITAU DE MINAS;-207.436.978;-467.523.435;P01002 - VISTORIA DE LIBERACAO / EMISSAO DE AVCB (C) (Prioridade: 2 - Média);1CIA IND/2CIA/PEL PREV E VIST(PASSOS);APF01362;Não;Não;Não;BOLETIM DE OCORRENCIA;Classificada;04/08/2020 17:46;Não
2020-11795614-5;(BM) 2020-037415523-001;04/08/2020 16:56;RUA DOUTOR CARVALHO, Nº 1455 - NOSSA SENHORA DAS GRAÇAS - PASSOS;-207.352.269;-466.037.303;S06001 - SALVAMENTO DE ANIMAL EM RISCO / PERIGO (C) (Prioridade: 2 - Média);1CIA IND/2CIA/1PEL(PASSOS);ABTS0495;Não;Não;Não;BOLETIM DE OCORRENCIA;Classificada;04/08/2020 17:46;Não
2020-11796095-5;(BM) 2020-037415902-001;04/08/2020 17:28;RUA VITORIA, Nº 208 - JARDIM COLEGIO DE PASSOS - PASSOS;-207.209.551;-465.945.264;S06005 - CAPTURA DE INSETOS (C) (Prioridade: 2 - Média);1CIA IND/2CIA/1PEL(PASSOS);ABTS0495;Não;Não;Não;BOLETIM DE OCORRENCIA;Classificada;04/08/2020 17:46;Não
2020-11796972-0;(BM) 2020-037428823-001;04/08/2020 18:30;RUA VITORIA, Nº 208 - JARDIM COLEGIO DE PASSOS - PASSOS;-207.209.551;-465.945.264;S06006 - EXTERMINIO DE INSETOS (C) (Prioridade: 2 - Média);1CIA IND/2CIA/1PEL(PASSOS);ASL00064;Não;Não;Não;BOLETIM DE OCORRENCIA;Classificada;04/08/2020 20:08;Não
2020-11797124-7;(BM) 2020-037431028-001;04/08/2020 18:44;RUA SANTA INES, Nº 645 - BELO HORIZONTE - PASSOS;-207.300.426;-466.070.655;V02408 - VITIMA DE COLISAO ENTRE AUTOMOVEL X MOTOCICLETA (C) (Prioridade: 1 - Alta);1CIA IND/2CIA/1PEL(PASSOS);UR0565;Não;Não;Não;BOLETIM DE OCORRENCIA;Classificada;04/08/2020 20:08;Não
2020-11797704-7;(BM) 2020-037439416-001;04/08/2020 19:27;RUA AMARANTOS, Nº S/N - MIRANTE DO VALE - PASSOS;-20.720.362;-46.577.423;S06006 - EXTERMINIO DE INSETOS (C) (Prioridade: 2 - Média);1CIA IND/2CIA/1PEL(PASSOS);ASL00064;Não;Não;Não;BOLETIM DE OCORRENCIA;Classificada;04/08/2020 20:08;Não
2020-11797854-0;(BM) 2020-037440304-001;04/08/2020 19:37;AVENIDA SABIA, Nº S/N - PARQUE DA FAZENDA - PASSOS;-207.371.994;-466.090.079;P03001 - PERIGO DE DERRAPAGEM (C) (Prioridade: 2 - Média);1CIA IND/2CIA/1PEL(PASSOS);ASL00064;Não;Não;Não;BOLETIM DE OCORRENCIA;Classificada;04/08/2020 20:08;Não
2020-11802009-1;(BM) 2020-037498483-001;05/08/2020 07:22;RUA TENENTE VASCONCELOS, Nº 560 - CARMELO - PASSOS;-207.142.878;-466.072.831;V01018 - VITIMA DE MAL NAO DEFINIDO (DISTURBIO) (C) (Prioridade: 1 - Alta);1CIA IND/2CIA/1PEL(PASSOS);UR0565;Não;Não;Não;BOLETIM DE OCORRENCIA;Classificada;05/08/2020 07:55;Não
2020-11802967-9;(BM) 2020-037509171-001;05/08/2020 09:11;RUA DOUTOR CARVALHO, Nº 1633 - NOSSA SENHORA DAS GRAÇAS - PASSOS;-207.357.472;-466.035.394;S06007 - CORTE / PODA DE ARVORE COM RISCO IMINENTE DE QUEDA (C) (Prioridade: 2 - Média);1CIA IND/2CIA/1PEL(PASSOS);ASL00064;Não;Não;Não;BOLETIM DE OCORRENCIA;Classificada;06/08/2020 06:00;Não
2020-11803689-3;(BM) 2020-037518705-001;05/08/2020 10:17;RUA AUSTRIA, Nº S/N - NOVO MUNDO 4 - PASSOS;-207.274.343;-465.866.653;S06001 - SALVAMENTO DE ANIMAL EM RISCO / PERIGO (C) (Prioridade: 2 - Média);1CIA IND/2CIA/1PEL(PASSOS);ABTS0495;Não;Não;Não;BOLETIM DE OCORRENCIA;Classificada;06/08/2020 05:50;Não
2020-11804251-8;(BM) 2020-037526504-001;05/08/2020 11:03;RUA HOLANDA, Nº 213 - CONDOMINIO DAS NACOES - PASSOS;-207.307.339;-465.921.882;V01023 - VITIMA DE SINCOPE (DESMAIO) (C) (Prioridade: 1 - Alta);1CIA IND/2CIA/1PEL(PASSOS);UR0565;Não;Não;Não;BOLETIM DE OCORRENCIA;Classificada;06/08/2020 06:04;Não
2020-11805649-0;(BM) 2020-037548783-001;05/08/2020 13:35;RUA SANTA MARTA, Nº 58 - CARMELO - PASSOS;-207.136.857;-466.065.617;V03018 - VITIMA DE QUEDA DA PROPRIA ALTURA (C) (Prioridade: 1 - Alta);1CIA IND/2CIA/1PEL(PASSOS);UR0565;Não;Não;Não;BOLETIM DE OCORRENCIA;Classificada;06/08/2020 06:05;Não
2020-11806611-2;(BM) 2020-037675074-001;05/08/2020 14:43;AVENIDA AMAZONAS, Nº S/N - BELA VISTA 2 - PASSOS;-207.111.388;-465.945.885;S06001 - SALVAMENTO DE ANIMAL EM RISCO / PERIGO (C) (Prioridade: 2 - Média);1CIA IND/2CIA/1PEL(PASSOS);ABTS0495;Não;Não;Não;BOLETIM DE OCORRENCIA;Classificada;06/08/2020 05:51;Não
2020-11807469-9;(BM) 2020-037572018-001;05/08/2020 15:39;AVENIDA COMENDADOR FRANCISCO A MAIA, Nº S/N - CENTRO - PASSOS;-2.071.934;-466.130.801;S04012 - BUSCA E SALVAMENTO EM LOCAL DE DIFICIL ACESSO (C) (Prioridade: 1 - Alta);1CIA IND/2CIA/1PEL(PASSOS);ASL00064;Não;Não;Não;BOLETIM DE OCORRENCIA;Classificada;06/08/2020 06:01;Não
2020-11808137-4;(BM) 2020-037581727-001;05/08/2020 16:19;RUA ALPINOPOLIS, Nº 17 - CANJERANUS - PASSOS;-207.095.776;-466.072.442;V01024 - VITIMA DE SUICIDIO (TENTATIVA) - APH CLINICO (C) (Prioridade: 1 - Alta);1CIA IND/2CIA/1PEL(PASSOS);UR0565;Não;Não;Não;BOLETIM DE OCORRENCIA;Classificada;06/08/2020 06:07;Não
2020-11810555-7;(BM) 2020-037618859-001;05/08/2020 19:10;RODOVIA MG 050, Nº S/N - NOSSA SENHORA DAS GRAÇAS - PASSOS;-20.739.951;-466.020.282;O04012 - INCENDIO EM LOTE VAGO (AREA URBANA) (C) (Prioridade: 2 - Média);1CIA IND/2CIA/1PEL(PASSOS);ABTS0495;Não;Não;Não;BOLETIM DE OCORRENCIA;Classificada;06/08/2020 05:53;Não
2020-11811434-8;(BM) 2020-037626792-001;05/08/2020 20:17;AVENIDA COMENDADOR FRANCISCO A MAIA, Nº S/N - CENTRO - PASSOS;-2.071.934;-466.130.801;O02033 - INCENDIO EM AMONTOADO DE LIXO (C) (Prioridade: 2 - Média);1CIA IND/2CIA/1PEL(PASSOS);ABTS0495;Não;Não;Não;BOLETIM DE OCORRENCIA;Classificada;06/08/2020 05:54;Não
2020-11815644-2;(BM) 2020-037684783-001;06/08/2020 08:28;RUA BARAO RIO BRANCO, Nº 1070 - CENTRO - PASSOS;-207.233.562;-466.050.914;V01004 - VITIMA COM CRISE DIABETICA / HIPOGLICEMIA (C) (Prioridade: 1 - Alta);1CIA IND/2CIA/1PEL(PASSOS);UR0565;Não;Não;Não;BOLETIM DE OCORRENCIA;Classificada;07/08/2020 19:26;Não
2020-11816621-2;(BM) 2020-037711721-001;06/08/2020 09:56;CLUBE NAUTICO CLUBE, Nº S/N - SAO JOSE DA BARRA;-206.676.182;-462.844.882;Q03003 - TREINAMENTO DE SALVAMENTO AQUATICO (C) (Prioridade: 2 - Média);1CIA IND/2CIA/1PEL(PASSOS);ASL00064;Não;Não;Não;BOLETIM DE OCORRENCIA;Classificada;07/08/2020 19:24;Não
2020-11817664-0;(BM) 2020-037711669-001;06/08/2020 11:28;RUA LEAO, Nº S/N - SERRA VERDE - PASSOS;-207.404.839;-465.974.257;O04012 - INCENDIO EM LOTE VAGO (AREA URBANA) (C) (Prioridade: 2 - Média);1CIA IND/2CIA/1PEL(PASSOS);ABTS0495;Não;Não;Não;BOLETIM DE OCORRENCIA;Classificada;07/08/2020 19:24;Não
2020-11820513-3;(BM) 2020-037770849-001;06/08/2020 15:18;RODOVIA MG 050, Nº 335 - MONSENHOR MESSIAS - PASSOS;-207.388.577;-465.979.611;O04011 - INCENDIO EM AREA URBANA NAO PROTEGIDA (C) (Prioridade: 2 - Média);1CIA IND/2CIA/1PEL(PASSOS);ABTS0495;Não;Não;Não;BOLETIM DE OCORRENCIA;Classificada;07/08/2020 19:25;Não
2020-11824569-0;(BM) 2020-037811561-001;06/08/2020 19:43;RUA SAO LUIZ, Nº 35 - CARMELO - PASSOS;-207.145.077;-466.071.374;S06005 - CAPTURA DE INSETOS (C) (Prioridade: 2 - Média);1CIA IND/2CIA/1PEL(PASSOS);ASL00064;Não;Não;Não;BOLETIM DE OCORRENCIA;Classificada;07/08/2020 19:25;Não
2020-11826671-7;(BM) 2020-037846426-001;06/08/2020 22:50;ESTRADA DAS AGUAS, Nº S/N - PASSOS;-208.164.734;-466.004.977;O04012 - INCENDIO EM LOTE VAGO (AREA URBANA) (C) (Prioridade: 2 - Média);1CIA IND/2CIA/1PEL(PASSOS);ABTS0495;Não;Não;Não;BOLETIM DE OCORRENCIA;Classificada;07/08/2020 19:25;Não
2020-11826724-1;;06/08/2020 22:56;RUA AGUAS, Nº 625 - SERRA VERDE - PASSOS;-207.453.798;-465.921.732;O04012 - INCENDIO EM LOTE VAGO (AREA URBANA) (C) (Prioridade: 2 - Média);1CIA IND/2CIA/1PEL(PASSOS);;Não;Não;Não;DUPLICADA;Classificada;06/08/2020 22:57;Não
2020-11830931-0;(BM) 2020-037887147-001;07/08/2020 10:30;RUA MARIA FRANCISCA DE JESUS, Nº 53 - JARDIM CANADA - PASSOS;-207.529.573;-466.066.929;V01022 - VITIMA PARTURIENTE / EMERGENCIAS OBSTETRICAS (C) (Prioridade: 1 - Alta);1CIA IND/2CIA/1PEL(PASSOS);UR0565;Não;Não;Não;BOLETIM DE OCORRENCIA;Classificada;08/08/2020 02:29;Não
2020-11831906-8;(BM) 2020-037902360-001;07/08/2020 12:09;RUA PARAGUACU, Nº 336 - VILA RICA - PASSOS;-207.272.518;-465.941.763;S06005 - CAPTURA DE INSETOS (C) (Prioridade: 2 - Média);1CIA IND/2CIA/1PEL(PASSOS);ASL00064;Não;Não;Não;BOLETIM DE OCORRENCIA;Classificada;08/08/2020 02:28;Não
2020-11833864-0;(BM) 2020-037952000-001;07/08/2020 14:52;RUA PONTALINA, Nº S/N - JARDIM PLANALTO - PASSOS;-207.216.421;-466.255.932;O04012 - INCENDIO EM LOTE VAGO (AREA URBANA) (C) (Prioridade: 2 - Média);1CIA IND/2CIA/1PEL(PASSOS);ABTS0495;Não;Não;Não;BOLETIM DE OCORRENCIA;Classificada;08/08/2020 02:28;Não
2020-11836355-3;(BM) 2020-037968751-001;07/08/2020 17:32;RUA GOVERNADOR VALADARES, Nº 497 - CENTENARIO - PASSOS;-207.328.192;-466.147.458;O04012 - INCENDIO EM LOTE VAGO (AREA URBANA) (C) (Prioridade: 2 - Média);1CIA IND/2CIA/1PEL(PASSOS);ABTS0495;Não;Não;Não;BOLETIM DE OCORRENCIA;Classificada;08/08/2020 02:28;Não
2020-11838170-9;(BM) 2020-037987052-001;07/08/2020 19:40;RUA GUAPE, Nº S/N - RESIDENCIAL PORTAL DAS PALMEIRAS - PASSOS;-20.696.374;-466.110.661;O04003 - INCENDIO EM PRODUCAO AGRICOLA / PASTO (C) (Prioridade: 2 - Média);1CIA IND/2CIA/1PEL(PASSOS);ABTS0495;Não;Não;Não;BOLETIM DE OCORRENCIA;Classificada;08/08/2020 02:28;Não
2020-11842946-4;(BM) 2020-038038859-001;08/08/2020 02:25;RUA SANTA INES, Nº 771 - BELO HORIZONTE - PASSOS;-207.313.596;-466.065.936;V03018 - VITIMA DE QUEDA DA PROPRIA ALTURA (C) (Prioridade: 1 - Alta);1CIA IND/2CIA/1PEL(PASSOS);UR0565;Não;Não;Não;BOLETIM DE OCORRENCIA;Classificada;08/08/2020 03:18;Não
2020-11845298-2;(BM) 2020-038061853-001;08/08/2020 09:56;RUA ACRE, Nº 496 - BELA VISTA - PASSOS;-207.118.393;-466.021.639;P02001 - VISTORIA EM HIDRANTE (C) (Prioridade: 2 - Média);1CIA IND/2CIA/1PEL(PASSOS);ABTS0495;Não;Não;Não;BOLETIM DE OCORRENCIA;Classificada;08/08/2020 12:07;Não
2020-11845321-2;(BM) 2020-038069470-001;08/08/2020 09:57;AVENIDA PENHA, Nº 86 - PASSOS;-207.253.205;-46.620.158;P02001 - VISTORIA EM HIDRANTE (C) (Prioridade: 2 - Média);1CIA IND/2CIA/1PEL(PASSOS);ABTS0495;Não;Não;Não;BOLETIM DE OCORRENCIA;Classificada;08/08/2020 12:02;Não
2020-11845324-0;(BM) 2020-038070750-001;08/08/2020 09:58;AVENIDA OTTO KRAKAUER, Nº 900 - SANTA CASA - PASSOS;-207.113.585;-466.112.457;P02001 - VISTORIA EM HIDRANTE (C) (Prioridade: 2 - Média);1CIA IND/2CIA/1PEL(PASSOS);ABTS0495;Não;Não;Não;ATENPO-ATENDIDA POR OUTROS ÓRGÃOS;Classificada;08/08/2020 11:21;Não
2020-11845325-3;(BM) 2020-038068723-001;08/08/2020 09:58;RUA JULIA BORSARI CARDOSO, Nº S/N - NOVA PASSOS II - PASSOS;-206.997.417;-466.316.048;P02001 - VISTORIA EM HIDRANTE (C) (Prioridade: 2 - Média);1CIA IND/2CIA/1PEL(PASSOS);ABTS0495;Não;Não;Não;BOLETIM DE OCORRENCIA;Classificada;08/08/2020 12:01;Não
2020-11845326-6;(BM) 2020-038070397-001;08/08/2020 09:59;AVENIDA PROFESSORA MARIA VALERIA LEMOS BORSARI, Nº S/N - NOVA PASSOS II - PASSOS;-206.991.285;-466.304.102;P02001 - VISTORIA EM HIDRANTE (C) (Prioridade: 2 - Média);1CIA IND/2CIA/1PEL(PASSOS);ABTS0495;Não;Não;Não;BOLETIM DE OCORRENCIA;Classificada;08/08/2020 12:00;Não
2020-11846340-2;;08/08/2020 11:50;RODOVIA BR491 - ZONA RURAL - GUARANESIA;;;O04008 - INCENDIO EM AREA RURAL NAO PROTEGIDA (C) (Prioridade: 2 - Média);1CIA IND (POCOS DE CALDAS);;Não;Não;Não;W08000-CANCELADA POR INDISPONIBILIDADE DE MEIOS;Classificada;08/08/2020 11:51;Não
2020-11846940-0;(BM) 2020-038079751-001;08/08/2020 13:13;ILHA TRES ILHAS, Nº S/N - PASSOS;-206.441.688;-465.831.371;V02501 - VITIMA DE QUEDA (CICLISTA) (C) (Prioridade: 1 - Alta);1CIA IND/2CIA/1PEL(PASSOS);UR0565;Não;Não;Não;BOLETIM DE OCORRENCIA;Classificada;09/08/2020 02:04;Não
2020-11847617-0;(BM) 2020-038094210-001;08/08/2020 14:22;AVENIDA ARLINDO FIGUEIREDO, Nº 850 - JARDIM PINHEIROS - PASSOS;-207.248.365;-466.210.844;O04012 - INCENDIO EM LOTE VAGO (AREA URBANA) (C) (Prioridade: 2 - Média);1CIA IND/2CIA/1PEL(PASSOS);ABTS0495;Não;Não;Não;BOLETIM DE OCORRENCIA;Classificada;09/08/2020 02:04;Não
2020-11848154-9;(BM) 2020-038094070-001;08/08/2020 14:58;TRAVESSA JOAQUIM GETULIO, Nº 120 - CENTRO - PASSOS;-207.180.576;-466.122.763;V03006 - VITIMA DE ATAQUE DE ANIMAIS PECONHENTOS (C) (Prioridade: 1 - Alta);1CIA IND/2CIA/1PEL(PASSOS);UR0565;Não;Não;Não;BOLETIM DE OCORRENCIA;Classificada;09/08/2020 02:03;Não
2020-11848561-2;(BM) 2020-038097963-001;08/08/2020 15:29;RUA VITORIA, Nº 182 - PASSOS;-207.108.596;-465.993.297;V01017 - VITIMA DE INTOXICACAO / ENVENENAMENTO (C) (Prioridade: 1 - Alta);1CIA IND/2CIA/1PEL(PASSOS);UR0565;Não;Não;Não;BOLETIM DE OCORRENCIA;Classificada;09/08/2020 02:03;Não
2020-11849320-1;(BM) 2020-038113250-001;08/08/2020 16:23;RUA SETE DE SETEMBRO, Nº 97 - CENTRO - PASSOS;-207.229.251;-466.089.629;V03018 - VITIMA DE QUEDA DA PROPRIA ALTURA (C) (Prioridade: 1 - Alta);1CIA IND/2CIA/1PEL(PASSOS);UR0565;Não;Não;Não;BOLETIM DE OCORRENCIA;Classificada;09/08/2020 02:03;Não
2020-11849779-2;(BM) 2020-038113300-001;08/08/2020 16:58;RUA DOUTOR JOSE MENDES, Nº 98 - BELO HORIZONTE - PASSOS;-207.323.989;-466.083.609;W03000 - SOLICITANTE ENCONTRADO - PROVIDENCIA DISPENSADA (C) (Prioridade: 3 - Baixa);1CIA IND/2CIA/1PEL(PASSOS);ASL00064;Não;Não;Não;BOLETIM DE OCORRENCIA;Classificada;09/08/2020 02:04;Não
2020-11850237-7;(BM) 2020-038120236-001;08/08/2020 17:30;AVENIDA PAULO ESPER PIMENTA, Nº 151 - PARQUE DA ESTACAO - PASSOS;-207.092.421;-466.125.297;V01018 - VITIMA DE MAL NAO DEFINIDO (DISTURBIO) (C) (Prioridade: 1 - Alta);1CIA IND/2CIA/1PEL(PASSOS);UR0565;Não;Não;Não;BOLETIM DE OCORRENCIA;Classificada;09/08/2020 02:03;Não
2020-11850412-5;;08/08/2020 17:41;AVENIDA ALCOA, Nº S/N - CONJUNTO HABITACIONAL PEDRO AFONSO JUNQUEIRA - POCOS DE CALDAS;;;O04008 - INCENDIO EM AREA RURAL NAO PROTEGIDA (C) (Prioridade: 2 - Média);1CIA IND (POCOS DE CALDAS);;Não;Não;Não;DISPEN-DISPENSADO PELO SOLICITANTE;Classificada;08/08/2020 21:23;Não
2020-11850491-1;(BM) 2020-038120186-001;08/08/2020 17:48;RUA JOAQUIM LEMOS MAIA, Nº 1044 - NOVA PASSOS - PASSOS;-207.046.479;-466.377.152;V02502 - VITIMA DE QUEDA (MOTOCICLISTA) (C) (Prioridade: 1 - Alta);1CIA IND/2CIA/1PEL(PASSOS);UR08842;Não;Não;Não;BOLETIM DE OCORRENCIA;Classificada;09/08/2020 02:03;Não
2020-11851407-0;(BM) 2020-038142684-001;08/08/2020 18:52;RUA SAO FRANCISCO DE ASSIS, Nº 10 - RESIDENCIAL ELDORADO - PASSOS;-207.354.318;-466.289.078;O02033 - INCENDIO EM AMONTOADO DE LIXO (C) (Prioridade: 2 - Média);1CIA IND/2CIA/1PEL(PASSOS);ABTS0495;Não;Não;Não;BOLETIM DE OCORRENCIA;Classificada;09/08/2020 02:04;Não
2020-11854147-8;;08/08/2020 21:58;A DEFINIR ULTIMA RUA  - ANDRADAS;;;O04011 - INCENDIO EM AREA URBANA NAO PROTEGIDA (C) (Prioridade: 2 - Média);1CIA IND (POCOS DE CALDAS);;Não;Não;Não;ATENPO-ATENDIDA POR OUTROS ÓRGÃOS;Classificada;09/08/2020 06:02;Não
2020-11854521-2;(BM) 2020-038177038-001;08/08/2020 22:19;AVENIDA JUPITER, Nº 1295 - COHAB 3 - PASSOS;-207.051.173;-466.243.032;O02001 - INCENDIO EM RESIDENCIA/HABITACAO UNIFAMILIAR (CASA) (C) (Prioridade: 1 - Alta);1CIA IND/2CIA/1PEL(PASSOS);ABTS0495;Não;Não;Não;BOLETIM DE OCORRENCIA;Classificada;09/08/2020 02:03;Não
2020-11859681-6;(BM) 2020-038206856-001;09/08/2020 08:29;RUA VENEZUELA, Nº 501 - POLIVALENTE - PASSOS;-207.042.503;-466.049.704;S06001 - SALVAMENTO DE ANIMAL EM RISCO / PERIGO (C) (Prioridade: 2 - Média);1CIA IND/2CIA/1PEL(PASSOS);ASL00064;Não;Não;Não;BOLETIM DE OCORRENCIA;Classificada;11/08/2020 08:21;Não
2020-11860100-9;(BM) 2020-038211062-001;09/08/2020 09:38;RUA CANJERANUS, Nº 1684 - SANTA LUZIA - PASSOS;-207.058.779;-466.038.071;V03018 - VITIMA DE QUEDA DA PROPRIA ALTURA (C) (Prioridade: 1 - Alta);1CIA IND/2CIA/1PEL(PASSOS);UR0565;Não;Não;Não;BOLETIM DE OCORRENCIA;Classificada;11/08/2020 08:20;Não
2020-11861819-4;(BM) 2020-038229926-001;09/08/2020 13:59;ESTRADA PRINCIPAL BABILONIA, Nº S/N - DELFINOPOLIS;-204.914.828;-466.281.572;O04001 - INCENDIO EM UNIDADE DE CONSERVACAO (UC) (C) (Prioridade: 2 - Média);1CIA IND/2CIA/1PEL(PASSOS);ASL00064;Não;Não;Não;BOLETIM DE OCORRENCIA;Classificada;11/08/2020 08:21;Não
2020-11863097-2;(BM) 2020-038243369-001;09/08/2020 15:41;RUA WALDOMIRO CAETANO MACHADO, Nº 541 - NOVA CALIFORNIA - PASSOS;-206.991.197;-466.233.324;S06001 - SALVAMENTO DE ANIMAL EM RISCO / PERIGO (C) (Prioridade: 2 - Média);1CIA IND/2CIA/1PEL(PASSOS);ABTS0495;Não;Não;Não;BOLETIM DE OCORRENCIA;Classificada;11/08/2020 08:20;Não
2020-11863792-0;(BM) 2020-038252792-001;09/08/2020 16:37;RUA JUAREZ FRANCISCO DUARTE, Nº S/N - JARDIM SATELITE - PASSOS;-20.710.703;-466.224.687;O04012 - INCENDIO EM LOTE VAGO (AREA URBANA) (C) (Prioridade: 2 - Média);1CIA IND/2CIA/1PEL(PASSOS);ABTS0495;Não;Não;Não;BOLETIM DE OCORRENCIA;Classificada;11/08/2020 08:20;Não
2020-11866282-0;(BM) 2020-038278251-001;09/08/2020 19:45;RODOVIA MG 050, Km 352 - SERRA DAS BRISAS - PASSOS;-207.369.273;-465.907.132;O04003 - INCENDIO EM PRODUCAO AGRICOLA / PASTO (C) (Prioridade: 2 - Média);1CIA IND/2CIA/1PEL(PASSOS);ABTS0495;Não;Não;Não;BOLETIM DE OCORRENCIA;Classificada;11/08/2020 08:20;Não
2020-11868488-7;(BM) 2020-038301141-001;09/08/2020 22:27;AVENIDA JUCA STOCKLER, Nº 518 - BELO HORIZONTE - PASSOS;-207.283.612;-466.054.844;V01011 - VITIMA COM DOR RENAL (COLICA) (C) (Prioridade: 1 - Alta);1CIA IND/2CIA/1PEL(PASSOS);UR0565;Não;Não;Não;BOLETIM DE OCORRENCIA;Classificada;11/08/2020 08:19;Não
2020-11871606-0;(BM) 2020-038345007-001;10/08/2020 08:30;RUA PONTALINA, Nº 196 - JARDIM PLANALTO - PASSOS;-207.188.484;-466.230.087;O02027 - INCENDIO EM VEICULO AUTOMOTOR (EXCETO TANQUE DE CARGA) (C) (Prioridade: 1 - Alta);1CIA IND/2CIA/1PEL(PASSOS);ABTS0495;Não;Não;Não;BOLETIM DE OCORRENCIA;Classificada;11/08/2020 08:19;Não
2020-11872173-0;(BM) 2020-038352522-001;10/08/2020 09:19;RUA BUENOS AIRES, Nº S/N - NOVA CALIFORNIA - PASSOS;-20.703.798;-466.221.381;S06001 - SALVAMENTO DE ANIMAL EM RISCO / PERIGO (C) (Prioridade: 2 - Média);1CIA IND/2CIA/1PEL(PASSOS);ASL00064;Não;Não;Não;BOLETIM DE OCORRENCIA;Classificada;11/08/2020 08:20;Não
2020-11872197-8;(BM) 2020-038361551-001;10/08/2020 09:21;PRACA N. S. DO ROSARIO, Nº S/N - CENTRO - FORTALEZA DE MINAS;-208.493.756;-467.122.027;P01002 - VISTORIA DE LIBERACAO / EMISSAO DE AVCB (C) (Prioridade: 2 - Média);1CIA IND/2CIA/PEL PREV E VIST(PASSOS);APF01362;Não;Não;Não;BOLETIM DE OCORRENCIA;Classificada;11/08/2020 08:20;Não
2020-11872307-4;(BM) 2020-038353110-001;10/08/2020 09:29;RUA GAIVOTA, Nº 321 - NOSSA SENHORA DAS GRAÇAS - PASSOS;-207.390.227;-466.065.032;V01021 - VITIMA COM PARADA RESPIRATORIA (C) (Prioridade: 1 - Alta);1CIA IND/2CIA/1PEL(PASSOS);UR0565;Não;Não;Não;BOLETIM DE OCORRENCIA;Classificada;11/08/2020 08:19;Não
2020-11872596-3;(BM) 2020-038368986-001;10/08/2020 09:52;RODOVIA BR 146, Nº S/N - DISTRITO INDUSTRIAL 1 - PASSOS;-207.020.967;-465.895.427;V02404 - VITIMA DE COLISAO ENTRE CAMINHOES / CARRETAS (C) (Prioridade: 1 - Alta);1CIA IND/2CIA/1PEL(PASSOS);ABTS0495 / UR08842;Não;Não;Não;BOLETIM DE OCORRENCIA;Classificada;11/08/2020 08:19;Não
2020-11873702-4;(BM) 2020-038373781-001;10/08/2020 11:25;RODOVIA MG 050, Nº S/N - NOSSA SENHORA DAS GRAÇAS - PASSOS;-20.739.951;-466.020.282;O04006 - INCENDIO EM AREA RURAL PERTENCENTE A ORGAO PRIVADO (C) (Prioridade: 2 - Média);1CIA IND/2CIA/1PEL(PASSOS);ABTS0495;Não;Não;Não;BOLETIM DE OCORRENCIA;Classificada;11/08/2020 08:20;Não
2020-11873797-0;;10/08/2020 11:36;RUA DOUTOR BERNARDINO VIEIRA, Nº 9 - PASSOS;-20.716.506;-466.115.001;W07000 - TROTE (C) (Prioridade: 3 - Baixa);1CIA IND/2CIA/1PEL(PASSOS);UR0565;Não;Não;Não;ATENPO-ATENDIDA POR OUTROS ÓRGÃOS;Classificada;11/08/2020 08:21;Não
2020-11874041-0;(BM) 2020-038374300-001;10/08/2020 12:01;RUA DOUTOR CARVALHO, Nº 1455 - NOSSA SENHORA DAS GRAÇAS - PASSOS;-207.352.269;-466.037.303;W99000 - OUTROS PROCEDIMENTOS ADMINISTRATIVOS (C) (Prioridade: 3 - Baixa);1CIA IND/2CIA/PEL PREV E VIST(PASSOS);APF01362;Não;Não;Não;BOLETIM DE OCORRENCIA;Classificada;11/08/2020 08:21;Não
2020-11875287-5;(BM) 2020-038407747-001;10/08/2020 14:09;AVENIDA EXPEDICIONARIOS, Nº 185 - CENTRO - PASSOS;-207.215.359;-46.606.162;P01002 - VISTORIA DE LIBERACAO / EMISSAO DE AVCB (C) (Prioridade: 2 - Média);1CIA IND/2CIA/1PEL(PASSOS);ASL00064;Não;Não;Não;BOLETIM DE OCORRENCIA;Classificada;11/08/2020 08:20;Não
2020-11875555-2;(BM) 2020-038408256-001;10/08/2020 14:24;RUA VEREADOR ANTONIO CAETANO ANDRADE, Nº 131 - COHAB 5 - PASSOS;-207.206.123;-466.387.473;V01003 - VITIMA COM CRISE CONVULSIVA (C) (Prioridade: 1 - Alta);1CIA IND/2CIA/1PEL(PASSOS);UR0565;Não;Não;Não;BOLETIM DE OCORRENCIA;Classificada;11/08/2020 08:19;Não
2020-11876366-5;(BM) 2020-038408180-001;10/08/2020 15:13;RUA DA PRAIA, Nº 450 - PENHA - PASSOS;-207.159.614;-466.168.719;P01001 - VISTORIA DE FISCALIZACAO (C) (Prioridade: 2 - Média);1CIA IND/2CIA/1PEL(PASSOS);ASL00064;Não;Não;Não;BOLETIM DE OCORRENCIA;Classificada;11/08/2020 08:20;Não
2020-11876674-7;(BM) 2020-038412780-001;10/08/2020 15:30;AVENIDA DONA LIQUINHA SILVEIRA, Nº 220 - JARDIM SATELITE - PASSOS;-207.135.996;-466.236.393;P01001 - VISTORIA DE FISCALIZACAO (C) (Prioridade: 2 - Média);1CIA IND/2CIA/1PEL(PASSOS);ASL00064;Não;Não;Não;BOLETIM DE OCORRENCIA;Classificada;11/08/2020 08:20;Não
2020-11877066-7;(BM) 2020-038418788-001;10/08/2020 15:54;AVENIDA ARLINDO FIGUEIREDO, Nº 610 - CANDEIAS - PASSOS;-207.235.488;-466.191.201;P01001 - VISTORIA DE FISCALIZACAO (C) (Prioridade: 2 - Média);1CIA IND/2CIA/1PEL(PASSOS);ASL00064;Não;Não;Não;BOLETIM DE OCORRENCIA;Classificada;11/08/2020 08:20;Não
2020-11877316-2;(BM) 2020-038422065-001;10/08/2020 16:10;AVENIDA JUCA STOCKLER, Nº 528 - BELO HORIZONTE - PASSOS;-207.287.104;-466.053.694;P01001 - VISTORIA DE FISCALIZACAO (C) (Prioridade: 2 - Média);1CIA IND/2CIA/1PEL(PASSOS);ASL00064;Não;Não;Não;BOLETIM DE OCORRENCIA;Classificada;11/08/2020 08:20;Não
2020-11877853-1;(BM) 2020-038439940-001;10/08/2020 16:47;RUA FAZENDEIROS, Nº 179 - PASSOS;-207.247.367;-46.590.005;V01017 - VITIMA DE INTOXICACAO / ENVENENAMENTO (C) (Prioridade: 1 - Alta);1CIA IND/2CIA/1PEL(PASSOS);UR0565;Não;Não;Não;BOLETIM DE OCORRENCIA;Classificada;11/08/2020 08:19;Não
2020-11878590-0;(BM) 2020-038446380-001;10/08/2020 17:40;RUA COLORADO, Nº 609 - RESIDENCIAL ELDORADO - PASSOS;-207.327.321;-466.238.153;O04012 - INCENDIO EM LOTE VAGO (AREA URBANA) (C) (Prioridade: 2 - Média);1CIA IND/2CIA/1PEL(PASSOS);ABTS0495;Não;Não;Não;BOLETIM DE OCORRENCIA;Classificada;11/08/2020 08:20;Não
2020-11883761-0;(BM) 2020-038512198-001;11/08/2020 03:29;RUA PONTA PORA, Nº 538 - BELA VISTA 2 - PASSOS;-207.111.457;-465.979.579;V03018 - VITIMA DE QUEDA DA PROPRIA ALTURA (C) (Prioridade: 1 - Alta);1CIA IND/2CIA/1PEL(PASSOS);UR0565;Não;Não;Não;BOLETIM DE OCORRENCIA;Classificada;11/08/2020 08:19;Não
2020-11884474-3;(BM) 2020-038521775-001;11/08/2020 07:35;AVENIDA COMENDADOR FRANCISCO A MAIA, Nº S/N - CENTRO - PASSOS;-2.071.934;-466.130.801;V02103 - VITIMA DE ATROPELAMENTO POR AUTOMOVEL (CARRO / CAMINHONETE) (C) (Prioridade: 1 - Alta);1CIA IND/2CIA/1PEL(PASSOS);UR0565;Não;Não;Não;BOLETIM DE OCORRENCIA;Classificada;11/08/2020 08:19;Não
2020-11884945-8;(BM) 2020-038703540-001;11/08/2020 08:22;RUA CORONEL JOAO DE BARROS, Nº 1490 - BELO HORIZONTE - PASSOS;-207.299.669;-466.078.086;W99000 - OUTROS PROCEDIMENTOS ADMINISTRATIVOS (C) (Prioridade: 3 - Baixa);1CIA IND/2CIA/1PEL(PASSOS);UR0565;Não;Sim;Não;BOLETIM DE OCORRENCIA;Classificada;12/08/2020 07:14;Não
2020-11887010-9;(BM) 2020-038554236-001;11/08/2020 11:22;RUA RIO TIETE, Nº 529 - SANTA LUZIA - PASSOS;-207.075.924;-466.008.503;P01002 - VISTORIA DE LIBERACAO / EMISSAO DE AVCB (C) (Prioridade: 2 - Média);1CIA IND/2CIA/PEL PREV E VIST(PASSOS);APF01362;Não;Não;Não;BOLETIM DE OCORRENCIA;Classificada;12/08/2020 07:08;Não
2020-11887014-0;(BM) 2020-038554509-001;11/08/2020 11:23;RUA BARAO DE PASSOS, Nº 536 - SAO BENEDITO - PASSOS;-207.185.325;-466.064.533;V01018 - VITIMA DE MAL NAO DEFINIDO (DISTURBIO) (C) (Prioridade: 1 - Alta);1CIA IND/2CIA/1PEL(PASSOS);UR0565;Não;Não;Não;BOLETIM DE OCORRENCIA;Classificada;12/08/2020 07:07;Não
2020-11887308-0;(BM) 2020-038558507-001;11/08/2020 11:56;RUA PONTA PORA, Nº 453 - BELA VISTA 2 - PASSOS;-207.115.762;-465.986.378;P01002 - VISTORIA DE LIBERACAO / EMISSAO DE AVCB (C) (Prioridade: 2 - Média);1CIA IND/2CIA/PEL PREV E VIST(PASSOS);APF01362;Não;Não;Não;BOLETIM DE OCORRENCIA;Classificada;12/08/2020 07:08;Não
2020-11887826-5;(BM) 2020-038581464-001;11/08/2020 12:56;RUA GERALDO DE OLIVEIRA LIMA, Nº S/N - JARDIM PLANALTO - PASSOS;-207.196.273;-466.266.262;O04012 - INCENDIO EM LOTE VAGO (AREA URBANA) (C) (Prioridade: 2 - Média);1CIA IND/2CIA/1PEL(PASSOS);ABTS0495;Não;Não;Não;BOLETIM DE OCORRENCIA;Classificada;12/08/2020 07:08;Não
2020-11888630-9;(BM) 2020-038575783-001;11/08/2020 14:05;AVENIDA PINHEIRO, Nº 2143 - SERRA DAS BRISAS - PASSOS;-207.346.735;-465.949.726;P01002 - VISTORIA DE LIBERACAO / EMISSAO DE AVCB (C) (Prioridade: 2 - Média);1CIA IND/2CIA/PEL PREV E VIST(PASSOS);APF01362;Não;Não;Não;BOLETIM DE OCORRENCIA;Classificada;12/08/2020 07:08;Não
2020-11889065-1;(BM) 2020-038584220-001;11/08/2020 14:30;AVENIDA DOUTOR BRENO SOARES MAIA, Nº 178 - BELO HORIZONTE - PASSOS;-207.276.264;-466.047.215;P01002 - VISTORIA DE LIBERACAO / EMISSAO DE AVCB (C) (Prioridade: 2 - Média);1CIA IND/2CIA/PEL PREV E VIST(PASSOS);APF01362;Não;Não;Não;BOLETIM DE OCORRENCIA;Classificada;12/08/2020 07:08;Não
2020-11889229-7;(BM) 2020-038584258-001;11/08/2020 14:40;AVENIDA JUCA STOCKLER, Nº S/N - ACLIMACAO - PASSOS;-20.755.412;-4.659.837;O04003 - INCENDIO EM PRODUCAO AGRICOLA / PASTO (C) (Prioridade: 2 - Média);1CIA IND/2CIA/1PEL(PASSOS);ABTS0495;Não;Não;Não;BOLETIM DE OCORRENCIA;Classificada;12/08/2020 07:08;Não
2020-11889594-2;(BM) 2020-038590387-001;11/08/2020 15:01;RODOVIA MG 050, Nº S/N - NOSSA SENHORA DAS GRAÇAS - PASSOS;-20.739.951;-466.020.282;X99000 - OUTROS TIPOS DE ACOES DE COORDENACAO E CONTROLE (C) (Prioridade: 1 - Alta);1CIA IND/2CIA/1PEL(PASSOS);UR0565;Não;Sim;Não;BOLETIM DE OCORRENCIA;Classificada;12/08/2020 07:07;Não
2020-11892588-8;(BM) 2020-038633001-001;11/08/2020 18:17;RUA DOUTOR CARVALHO, Nº 1455 - NOSSA SENHORA DAS GRAÇAS - PASSOS;-207.352.269;-466.037.303;Q03999 - OUTROS TIPOS DE TREINAMENTO (C) (Prioridade: 2 - Média);1CIA IND/2CIA/1PEL(PASSOS);ABTS0495;Não;Não;Não;BOLETIM DE OCORRENCIA;Classificada;12/08/2020 07:08;Não
2020-11893434-0;(BM) 2020-038643414-001;11/08/2020 19:14;AVENIDA JUCA STOCKLER, Nº S/N - BELO HORIZONTE - PASSOS;-20.728.244;-466.056.438;P03001 - PERIGO DE DERRAPAGEM (C) (Prioridade: 2 - Média);1CIA IND/2CIA/1PEL(PASSOS);ABTS0495;Não;Não;Não;BOLETIM DE OCORRENCIA;Classificada;12/08/2020 07:08;Não
2020-11897100-6;(BM) 2020-038692129-001;12/08/2020 01:54;RUA GUAPORE, Nº 750 - DISTRITO INDUSTRIAL 1 - PASSOS;-207.080.262;-465.965.073;S06002 - CAPTURA DE ANIMAL SILVESTRE PERIGOSO / AGRESSIVO (C) (Prioridade: 2 - Média);1CIA IND/2CIA/1PEL(PASSOS);ASL00064;Não;Não;Não;BOLETIM DE OCORRENCIA;Classificada;12/08/2020 07:08;Não
2020-11898964-0;(BM) 2020-038715075-001;12/08/2020 09:08;RUA GENARO JOELE, Nº 274 - DISTRITO INDUSTRIAL 1 - PASSOS;-207.066.956;-465.933.737;P02001 - VISTORIA EM HIDRANTE (C) (Prioridade: 2 - Média);1CIA IND/2CIA/1PEL(PASSOS);ASL00064;Não;Não;Não;BOLETIM DE OCORRENCIA;Classificada;12/08/2020 11:03;Não
2020-11898999-5;(BM) 2020-038718116-001;12/08/2020 09:12;RUA CAMBUQUIRA / AVENIDA JOSE CAETANO DE ANDRADE - SAO FRANCISCO - PASSOS;-207.297.832;-466.157.193;P02001 - VISTORIA EM HIDRANTE (C) (Prioridade: 2 - Média);1CIA IND/2CIA/1PEL(PASSOS);ASL00064;Não;Não;Não;BOLETIM DE OCORRENCIA;Classificada;12/08/2020 11:03;Não
2020-11899032-9;(BM) 2020-038720457-001;12/08/2020 09:12;RUA DOUTOR JOSE LEMOS DE BARROS / RUA FORMIGA - MARIO MAGALHAES - PASSOS;-207.264.215;-466.126.519;P02001 - VISTORIA EM HIDRANTE (C) (Prioridade: 2 - Média);1CIA IND/2CIA/1PEL(PASSOS);ASL00064;Não;Não;Não;BOLETIM DE OCORRENCIA;Classificada;12/08/2020 11:02;Não
2020-11899033-1;(BM) 2020-038721399-001;12/08/2020 09:13;RUA BONSUCESSO, Nº 888 - CANDEIAS - PASSOS;-20.721.233;-466.188.426;P02001 - VISTORIA EM HIDRANTE (C) (Prioridade: 2 - Média);1CIA IND/2CIA/1PEL(PASSOS);ASL00064;Não;Não;Não;BOLETIM DE OCORRENCIA;Classificada;12/08/2020 11:02;Não
2020-11900027-0;(BM) 2020-038731667-001;12/08/2020 10:36;RODOVIA MG 050, Nº S/N - NOSSA SENHORA DAS GRAÇAS - PASSOS;-20.739.951;-466.020.282;X03000 - EMPENHO ADMINISTRATIVO (C) (Prioridade: 2 - Média);1CIA IND/2CIA/1PEL(PASSOS);UR0565;Não;Não;Não;BOLETIM DE OCORRENCIA;Classificada;12/08/2020 12:15;Não
2020-11900300-7;(BM) 2020-038731641-001;12/08/2020 10:54;RUA OSVALDO BATISTA BONFIM, Nº 962 - SERRA VERDE - PASSOS;-207.446.504;-465.902.056;S06005 - CAPTURA DE INSETOS (C) (Prioridade: 2 - Média);1CIA IND/2CIA/1PEL(PASSOS);UR0565;Não;Não;Não;BOLETIM DE OCORRENCIA;Classificada;12/08/2020 12:15;Não
2020-11900713-7;(BM) 2020-038737859-001;12/08/2020 11:31;RUA EGITO, Nº 11 - NOVO MUNDO 4 - PASSOS;-207.294.886;-465.877.311;V03018 - VITIMA DE QUEDA DA PROPRIA ALTURA (C) (Prioridade: 1 - Alta);1CIA IND/2CIA/1PEL(PASSOS);UR0565;Não;Não;Não;BOLETIM DE OCORRENCIA;Classificada;12/08/2020 12:15;Não
2020-11901032-5;(BM) 2020-038742548-001;12/08/2020 12:04;RODOVIA MG 050, Nº S/N - NOSSA SENHORA DAS GRAÇAS - PASSOS;-20.739.951;-466.020.282;X03000 - EMPENHO ADMINISTRATIVO (C) (Prioridade: 2 - Média);1CIA IND/2CIA/1PEL(PASSOS);ASL00064;Não;Não;Não;BOLETIM DE OCORRENCIA;Classificada;15/08/2020 05:22;Não
2020-11901136-0;(BM) 2020-038744506-001;12/08/2020 12:19;RUA BARAO DE PASSOS, Nº S/N - BELA VISTA - PASSOS;-207.138.188;-466.018.173;O02027 - INCENDIO EM VEICULO AUTOMOTOR (EXCETO TANQUE DE CARGA) (C) (Prioridade: 1 - Alta);1CIA IND/2CIA/1PEL(PASSOS);ABTS0495;Não;Não;Não;BOLETIM DE OCORRENCIA;Classificada;15/08/2020 05:22;Não
2020-11902523-2;;12/08/2020 14:22;A DEFINIR ZONA RURAL A DEFINIR  - BANDEIRA DO SUL;;;O04008 - INCENDIO EM AREA RURAL NAO PROTEGIDA (C) (Prioridade: 2 - Média);1CIA IND (POCOS DE CALDAS);;Não;Não;Não;DISPEN-DISPENSADO PELO SOLICITANTE;Classificada;12/08/2020 15:43;Não
2020-11902573-0;(BM) 2020-038858521-001;12/08/2020 14:26;ESTRADA PRINCIPAL BETEL, Nº S/N - ALPINOPOLIS;-208.172.955;-463.636.103;O04008 - INCENDIO EM AREA RURAL NAO PROTEGIDA (C) (Prioridade: 2 - Média);1CIA IND/2CIA/1PEL(PASSOS);ASL00064;Não;Não;Não;BOLETIM DE OCORRENCIA;Classificada;15/08/2020 05:22;Não
2020-11904384-9;(BM) 2020-038801234-001;12/08/2020 16:13;RUA TOCANTINS, Nº S/N - VILA ROMANA - PASSOS;-207.417.264;-466.091.606;O04011 - INCENDIO EM AREA URBANA NAO PROTEGIDA (C) (Prioridade: 2 - Média);1CIA IND/2CIA/1PEL(PASSOS);ABTS0495;Não;Não;Não;BOLETIM DE OCORRENCIA;Classificada;12/08/2020 17:18;Não
2020-11905661-2;(BM) 2020-038808593-001;12/08/2020 17:38;RODOVIA MG 050, Nº 319 - MONSENHOR MESSIAS - PASSOS;-207.389.072;-465.983.249;V02409 - VITIMA DE COLISAO ENTRE AUTOMOVEL X CAMINHAO / CARRETA (C) (Prioridade: 1 - Alta);1CIA IND/2CIA/1PEL(PASSOS);UR0565 / ABTS0495;Não;Não;Não;BOLETIM DE OCORRENCIA;Classificada;15/08/2020 05:21;Não
2020-11908117-4;;12/08/2020 20:49;RUA PEDRO PROSPERI, Nº S/N - RESIDENCIAL AROEIRA DOIS - GUAXUPE;;;W08000 - CANCELADA POR INDISPONIBILIDADE DE VIATURA (C) (Prioridade: 3 - Baixa);1CIA IND (POCOS DE CALDAS);;Não;Não;Não;W08000-CANCELADA POR INDISPONIBILIDADE DE MEIOS;Classificada;12/08/2020 20:53;Não
2020-11912499-6;(BM) 2020-038896853-001;13/08/2020 08:46;RUA PARDAL, Nº 874 - PARQUE DA FAZENDA - PASSOS;-207.379.726;-466.102.237;S06005 - CAPTURA DE INSETOS (C) (Prioridade: 2 - Média);1CIA IND/2CIA/PEL PREV E VIST(PASSOS);APF01362;Não;Não;Não;BOLETIM DE OCORRENCIA;Classificada;14/08/2020 05:54;Não
2020-11912576-5;(BM) 2020-038897951-001;13/08/2020 08:57;BALNEARIO LAGO DE FURNAS - TURVO, Nº S/N - PASSOS;;;S04007 - BUSCA E SALVAMENTO DE PESSOA PERDIDA / DESAPARECIDA (C) (Prioridade: 1 - Alta);1CIA IND/2CIA/1PEL(PASSOS);ASL00064;Não;Não;Não;BOLETIM DE OCORRENCIA;Classificada;14/08/2020 05:57;Não
2020-11913810-6;(BM) 2020-038912271-001;13/08/2020 10:36;RUA DOUTOR JOSE MARIO TAVARES DE OLIVA, Nº 193 - CENTRO - ITAU DE MINAS;-207.436.978;-467.523.435;P01002 - VISTORIA DE LIBERACAO / EMISSAO DE AVCB (C) (Prioridade: 2 - Média);1CIA IND/2CIA/PEL PREV E VIST(PASSOS);APF01362;Não;Não;Não;BOLETIM DE OCORRENCIA;Classificada;14/08/2020 05:54;Não
2020-11914165-1;(BM) 2020-038917506-001;13/08/2020 11:09;RUA DOUTOR CARVALHO, Nº S/N - CENTRO - PASSOS;-207.218.279;-466.083.676;V02408 - VITIMA DE COLISAO ENTRE AUTOMOVEL X MOTOCICLETA (C) (Prioridade: 1 - Alta);1CIA IND/2CIA/1PEL(PASSOS);UR08842;Não;Não;Não;BOLETIM DE OCORRENCIA;Classificada;14/08/2020 06:09;Não
2020-11914625-0;(BM) 2020-038923375-001;13/08/2020 11:50;RUA CANDELARIA, Nº S/N - JARDIM SATELITE - PASSOS;-207.145.751;-466.176.008;O04001 - INCENDIO EM UNIDADE DE CONSERVACAO (UC) (C) (Prioridade: 2 - Média);1CIA IND/2CIA/1PEL(PASSOS);ABTS0495;Não;Não;Não;BOLETIM DE OCORRENCIA;Classificada;14/08/2020 06:02;Não
2020-11914860-0;(BM) 2020-038925898-001;13/08/2020 12:10;RODOVIA MG 050, Nº S/N - NOSSA SENHORA DAS GRAÇAS - PASSOS;-20.739.951;-466.020.282;W99000 - OUTROS PROCEDIMENTOS ADMINISTRATIVOS (C) (Prioridade: 3 - Baixa);1CIA IND/2CIA/PEL PREV E VIST(PASSOS);APF01362;Não;Não;Não;BOLETIM DE OCORRENCIA;Classificada;14/08/2020 05:53;Não
2020-11915957-5;(BM) 2020-038941273-001;13/08/2020 13:56;ESTRADA PRINCIPAL ESTRADA LINHA DAS AGUAS, Nº S/N - PASSOS;-2.084.525;-46.554.028;W08000 - CANCELADA POR INDISPONIBILIDADE DE VIATURA (C) (Prioridade: 3 - Baixa);1CIA IND/2CIA/1PEL(PASSOS);1193;Não;Não;Não;BOLETIM DE OCORRENCIA;Classificada;14/08/2020 06:25;Não
2020-11916209-6;(BM) 2020-038943558-001;13/08/2020 14:15;RUA VIOLETAS, Nº S/N - SANTA CASA - PASSOS;-207.118.976;-466.160.706;S04009 - SALVAMENTO DE PESSOA PRESA EM IMOVEL (C) (Prioridade: 2 - Média);1CIA IND/2CIA/1PEL(PASSOS);UR0565;Não;Não;Não;BOLETIM DE OCORRENCIA;Classificada;14/08/2020 06:13;Não
2020-11916326-0;(BM) 2020-038944446-001;13/08/2020 14:20;RUA AGUAS, Nº S/N - RECANTO DA TEKA - PASSOS;-207.454.774;-465.923.393;O04003 - INCENDIO EM PRODUCAO AGRICOLA / PASTO (C) (Prioridade: 2 - Média);1CIA IND/2CIA/1PEL(PASSOS);ABTS0495;Não;Não;Não;BOLETIM DE OCORRENCIA;Classificada;14/08/2020 06:13;Não
2020-11916471-9;(BM) 2020-038946103-001;13/08/2020 14:26;AVENIDA GOVERNADOR VALADARES, Nº 626 - CENTRO - ALPINOPOLIS;-208.628.703;-463.862;P01002 - VISTORIA DE LIBERACAO / EMISSAO DE AVCB (C) (Prioridade: 2 - Média);1CIA IND/2CIA/PEL PREV E VIST(PASSOS);APF01362;Não;Não;Não;BOLETIM DE OCORRENCIA;Classificada;14/08/2020 05:54;Não
2020-11916578-2;(BM) 2020-038951238-001;13/08/2020 14:36;RUA DOUTOR CARVALHO, Nº 1455 - NOSSA SENHORA DAS GRAÇAS - PASSOS;-207.352.269;-466.037.303;W06000 - TESTE (C) (Prioridade: 3 - Baixa);1CIA IND/2CIA/1PEL(PASSOS);1193;Não;Não;Não;BOLETIM DE OCORRENCIA;Classificada;14/08/2020 06:25;Não
2020-11917601-8;(BM) 2020-038960871-001;13/08/2020 15:28;RUA DOUTOR CARVALHO, Nº S/N - CENTRO - PASSOS;-207.218.279;-466.083.676;S03009 - SALVAMENTO DE PESSOA PRENSADA EM ELEVADOR (C) (Prioridade: 1 - Alta);1CIA IND/2CIA/1PEL(PASSOS);UR0565;Não;Não;Não;BOLETIM DE OCORRENCIA;Classificada;14/08/2020 06:11;Não
2020-11919308-4;(BM) 2020-038985624-001;13/08/2020 17:14;AVENIDA SABIA, Nº S/N - PARQUE DA FAZENDA - PASSOS;-207.371.994;-466.090.079;V01010 - VITIMA COM DOR PRECORDIAL (PEITO) (C) (Prioridade: 1 - Alta);1CIA IND/2CIA/1PEL(PASSOS);UR0565;Não;Não;Não;BOLETIM DE OCORRENCIA;Classificada;14/08/2020 06:14;Não
2020-11920494-8;(BM) 2020-039001243-001;13/08/2020 18:27;RUA SAO TOME, Nº 106 - CANDEIAS - PASSOS;-207.256.843;-466.165.762;V01018 - VITIMA DE MAL NAO DEFINIDO (DISTURBIO) (C) (Prioridade: 1 - Alta);1CIA IND/2CIA/1PEL(PASSOS);UR0565;Não;Não;Não;BOLETIM DE OCORRENCIA;Classificada;14/08/2020 06:15;Não
2020-11921672-0;(BM) 2020-039067663-001;13/08/2020 19:46;RUA PARDAL, Nº 874 - PARQUE DA FAZENDA - PASSOS;-207.379.726;-466.102.237;S06005 - CAPTURA DE INSETOS (C) (Prioridade: 2 - Média);1CIA IND/2CIA/1PEL(PASSOS);ASL00064;Não;Não;Não;BOLETIM DE OCORRENCIA;Classificada;14/08/2020 05:59;Não
2020-11925157-5;(BM) 2020-039058230-001;14/08/2020 01:21;RUA CRISTIANE FERREIRA DA SILVA, Nº 58 - VILA BETINHO - PASSOS;-207.168.459;-466.362.795;V01018 - VITIMA DE MAL NAO DEFINIDO (DISTURBIO) (C) (Prioridade: 1 - Alta);1CIA IND/2CIA/1PEL(PASSOS);UR0565;Não;Não;Não;BOLETIM DE OCORRENCIA;Classificada;14/08/2020 06:18;Não
2020-11927089-8;(BM) 2020-039082098-001;14/08/2020 08:43;RUA MARIA AUGUSTA DE FARIA, Nº 101 - PASSOS;-207.371.553;-46.586.739;S06002 - CAPTURA DE ANIMAL SILVESTRE PERIGOSO / AGRESSIVO (C) (Prioridade: 2 - Média);1CIA IND/2CIA/1PEL(PASSOS);ASL00064;Não;Não;Não;BOLETIM DE OCORRENCIA;Classificada;15/08/2020 05:20;Não
2020-11928117-7;(BM) 2020-039095959-001;14/08/2020 10:09;RUA PADRE PIRES, Nº 316 - SAO FRANCISCO - PASSOS;-207.271.796;-466.197.933;V01003 - VITIMA COM CRISE CONVULSIVA (C) (Prioridade: 1 - Alta);1CIA IND/2CIA/1PEL(PASSOS);UR0565;Não;Não;Não;BOLETIM DE OCORRENCIA;Classificada;15/08/2020 05:18;Não
2020-11929405-7;(BM) 2020-039118009-001;14/08/2020 11:58;AVENIDA BRASIL, Nº S/N - PENHA - PASSOS;-207.155.916;-466.170.657;V01021 - VITIMA COM PARADA RESPIRATORIA (C) (Prioridade: 1 - Alta);1CIA IND/2CIA/1PEL(PASSOS);UR0565;Não;Não;Não;BOLETIM DE OCORRENCIA;Classificada;15/08/2020 05:18;Não
2020-11930570-0;(BM) 2020-039257175-001;14/08/2020 13:57;AVENIDA ARLINDO FIGUEIREDO, Nº S/N - JARDIM CIDADE - PASSOS;-207.292.591;-466.250.794;O04012 - INCENDIO EM LOTE VAGO (AREA URBANA) (C) (Prioridade: 2 - Média);1CIA IND/2CIA/1PEL(PASSOS);ABTS0495;Não;Não;Não;BOLETIM DE OCORRENCIA;Classificada;15/08/2020 05:20;Não
2020-11932482-6;(BM) 2020-039233016-001;14/08/2020 15:49;AVENIDA ARLINDO FIGUEIREDO, Nº S/N - JARDIM CIDADE - PASSOS;-207.292.591;-466.250.794;O04012 - INCENDIO EM LOTE VAGO (AREA URBANA) (C) (Prioridade: 2 - Média);1CIA IND/2CIA/1PEL(PASSOS);ABTS0495;Não;Não;Não;BOLETIM DE OCORRENCIA;Classificada;15/08/2020 05:20;Não
2020-11933296-7;(BM) 2020-039166821-001;14/08/2020 16:44;RUA MORGANITA, Nº 526 - ACLIMACAO - PASSOS;-207.531.592;-466.054.119;S06002 - CAPTURA DE ANIMAL SILVESTRE PERIGOSO / AGRESSIVO (C) (Prioridade: 2 - Média);1CIA IND/2CIA/1PEL(PASSOS);ASL00064;Não;Não;Não;BOLETIM DE OCORRENCIA;Classificada;15/08/2020 05:19;Não
2020-11933476-9;(BM) 2020-039169879-001;14/08/2020 16:54;RODOVIA MG 050, Nº S/N - NOSSA SENHORA DAS GRAÇAS - PASSOS;-20.739.951;-466.020.282;V02408 - VITIMA DE COLISAO ENTRE AUTOMOVEL X MOTOCICLETA (C) (Prioridade: 1 - Alta);1CIA IND/2CIA/1PEL(PASSOS);UR0565;Não;Não;Não;BOLETIM DE OCORRENCIA;Classificada;15/08/2020 05:18;Não
2020-11934421-2;;14/08/2020 17:57;RUA MAJESTOSA, Nº S/N - RESIDENCIAL PORTAL DAS PALMEIRAS - PASSOS;-206.964.796;-466.088.027;O04012 - INCENDIO EM LOTE VAGO (AREA URBANA) (C) (Prioridade: 2 - Média);1CIA IND/2CIA/1PEL(PASSOS);;Não;Não;Não;W08000-CANCELADA POR INDISPONIBILIDADE DE MEIOS;Classificada;14/08/2020 17:58;Não
2020-11935015-7;;14/08/2020 18:39;AVENIDA ARLINDO FIGUEIREDO, Nº S/N - JARDIM CIDADE - PASSOS;-207.292.591;-466.250.794;O04012 - INCENDIO EM LOTE VAGO (AREA URBANA) (C) (Prioridade: 2 - Média);1CIA IND/2CIA/1PEL(PASSOS);;Não;Não;Não;W08000-CANCELADA POR INDISPONIBILIDADE DE MEIOS;Classificada;14/08/2020 18:39;Não
2020-11935116-4;;14/08/2020 18:44;ESTRADA PRINCIPAL JULIEIRA KM 01 -  APOS A SAIDA DA CIDADE, Nº S/N - PASSOS;-206.904.404;-466.404.911;O04012 - INCENDIO EM LOTE VAGO (AREA URBANA) (C) (Prioridade: 2 - Média);1CIA IND/2CIA/1PEL(PASSOS);;Não;Não;Não;W08000-CANCELADA POR INDISPONIBILIDADE DE MEIOS;Classificada;14/08/2020 18:44;Não
2020-11936389-2;(BM) 2020-039222295-001;14/08/2020 20:05;RODOVIA MG 050, Nº S/N - NOSSA SENHORA DAS GRAÇAS - PASSOS;-20.739.951;-466.020.282;O04008 - INCENDIO EM AREA RURAL NAO PROTEGIDA (C) (Prioridade: 2 - Média);1CIA IND/2CIA/1PEL(PASSOS);ABTS0495;Não;Não;Não;BOLETIM DE OCORRENCIA;Classificada;15/08/2020 05:19;Não
2020-11936497-5;(BM) 2020-039222345-001;14/08/2020 20:15;RUA SELENITA, Nº 59 - ACLIMACAO - PASSOS;-207.515.477;-466.008.241;V01015 - VITIMA COM HEMORRAGIA (C) (Prioridade: 1 - Alta);1CIA IND/2CIA/1PEL(PASSOS);UR0565;Não;Não;Não;BOLETIM DE OCORRENCIA;Classificada;15/08/2020 05:18;Não
2020-11939776-5;(BM) 2020-039240557-001;15/08/2020 00:07;AVENIDA ARLINDO FIGUEIREDO, Nº S/N - JARDIM CIDADE - PASSOS;-207.292.591;-466.250.794;O04008 - INCENDIO EM AREA RURAL NAO PROTEGIDA (C) (Prioridade: 2 - Média);1CIA IND/2CIA/1PEL(PASSOS);ABTS0495;Não;Não;Não;BOLETIM DE OCORRENCIA;Classificada;15/08/2020 05:19;Não
2020-11943227-0;(BM) 2020-039271517-001;15/08/2020 08:31;RUA FRANCISCO VENANCIO, Nº 198 - NOVA CALIFORNIA - PASSOS;-207.018.306;-466.258.318;V01009 - VITIMA COM DOR NA COLUNA VERTEBRAL (COSTAS) (C) (Prioridade: 1 - Alta);1CIA IND/2CIA/1PEL(PASSOS);UR0565;Não;Não;Não;BOLETIM DE OCORRENCIA;Classificada;16/08/2020 02:50;Não
2020-11943769-3;(BM) 2020-039280427-001;15/08/2020 09:31;RUA NOSSA SENHORA DE FATIMA, Nº S/N - NOSSA SENHORA DE FATIMA - PASSOS;-206.997.413;-466.151.011;O04012 - INCENDIO EM LOTE VAGO (AREA URBANA) (C) (Prioridade: 2 - Média);1CIA IND/2CIA/1PEL(PASSOS);ABTS0495;Não;Não;Não;BOLETIM DE OCORRENCIA;Classificada;16/08/2020 02:50;Não
2020-11944148-1;(BM) 2020-039280401-001;15/08/2020 10:10;RUA DOUTOR CARVALHO, Nº 920 - BELO HORIZONTE - PASSOS;-207.298.973;-466.058.365;V02408 - VITIMA DE COLISAO ENTRE AUTOMOVEL X MOTOCICLETA (C) (Prioridade: 1 - Alta);1CIA IND/2CIA/1PEL(PASSOS);UR0565;Não;Não;Não;BOLETIM DE OCORRENCIA;Classificada;16/08/2020 02:49;Não
2020-11944753-9;(BM) 2020-039286255-001;15/08/2020 11:11;ESTRADA ESTRADA GLORIA/DELFINOPOLIS, Nº S/N - SAO JOAO BATISTA GLORIA;-20.581.111;-46.539.167;V02403 - VITIMA DE COLISAO ENTRE AUTOMOVEIS (CARRO / CAMINHONETE) (C) (Prioridade: 1 - Alta);1CIA IND/2CIA/1PEL(PASSOS);UR0565;Não;Não;Não;BOLETIM DE OCORRENCIA;Classificada;16/08/2020 02:49;Não
2020-11947773-2;(BM) 2020-039324381-001;15/08/2020 15:52;AVENIDA JUCA STOCKLER, Nº S/N - BELO HORIZONTE - PASSOS;-20.728.244;-466.056.438;V01003 - VITIMA COM CRISE CONVULSIVA (C) (Prioridade: 1 - Alta);1CIA IND/2CIA/1PEL(PASSOS);UR0565;Não;Não;Não;BOLETIM DE OCORRENCIA;Classificada;16/08/2020 02:49;Não
2020-11949305-5;(BM) 2020-039339286-001;15/08/2020 17:44;RUA GOIAS, Nº 2049 - JARDIM COLEGIO DE PASSOS - PASSOS;-207.172.764;-465.939.224;V03018 - VITIMA DE QUEDA DA PROPRIA ALTURA (C) (Prioridade: 1 - Alta);1CIA IND/2CIA/1PEL(PASSOS);UR0565;Não;Não;Não;BOLETIM DE OCORRENCIA;Classificada;16/08/2020 02:49;Não
2020-11951644-3;(BM) 2020-039380410-001;15/08/2020 20:14;ILHA TRES ILHAS, Nº S/N - PASSOS;-206.441.688;-465.831.371;S04008 - SALVAMENTO DE PESSOA ILHADA (C) (Prioridade: 2 - Média);1CIA IND/2CIA/1PEL(PASSOS);ASL00064;Não;Não;Não;BOLETIM DE OCORRENCIA;Classificada;16/08/2020 02:50;Não
2020-11951689-1;(BM) 2020-039368115-001;15/08/2020 20:18;RUA VEREADOR ANTONIO CAETANO ANDRADE, Nº 230 - COHAB 5 - PASSOS;-207.195.702;-466.383.577;O01001 - EXPLOSAO EM RESIDENCIA/HABITACAO UNIFAMILIAR (CASA) (C) (Prioridade: 1 - Alta);1CIA IND/2CIA/1PEL(PASSOS);ABTS0495;Não;Não;Não;BOLETIM DE OCORRENCIA;Classificada;16/08/2020 02:49;Não
2020-11952543-1;(BM) 2020-039380317-001;15/08/2020 21:13;RUA BARAO RIO BRANCO, Nº S/N - CENTRO - PASSOS;-207.252.185;-466.062.145;O04012 - INCENDIO EM LOTE VAGO (AREA URBANA) (C) (Prioridade: 2 - Média);1CIA IND/2CIA/1PEL(PASSOS);ABTS0495;Não;Não;Não;BOLETIM DE OCORRENCIA;Classificada;16/08/2020 02:50;Não
2020-11954080-6;(BM) 2020-039381380-001;15/08/2020 22:43;RUA Oscar Cândido Monteiro, Nº 1000 - PASSOS;;;O04012 - INCENDIO EM LOTE VAGO (AREA URBANA) (C) (Prioridade: 2 - Média);1CIA IND/2CIA/1PEL(PASSOS);ABTS0495;Não;Não;Não;BOLETIM DE OCORRENCIA;Classificada;16/08/2020 02:50;Não
2020-11955071-0;(BM) 2020-039388997-001;15/08/2020 23:38;RUA JOSE BARBOSA DA SILVA, Nº 45 - JARDIM COLEGIO DE PASSOS - PASSOS;-207.224.122;-465.983.636;V03019 - VITIMA DE QUEDA DE ALTURA (C) (Prioridade: 1 - Alta);1CIA IND/2CIA/1PEL(PASSOS);UR0565;Não;Não;Não;BOLETIM DE OCORRENCIA;Classificada;16/08/2020 02:49;Não
2020-11956335-6;(BM) 2020-039398951-001;16/08/2020 00:47;RUA CEARA, Nº 704 - BELA VISTA - PASSOS;-207.165.076;-465.997.159;V01005 - VITIMA COM CRISE HIPERTENSIVA (C) (Prioridade: 1 - Alta);1CIA IND/2CIA/1PEL(PASSOS);UR0565;Não;Não;Não;BOLETIM DE OCORRENCIA;Classificada;16/08/2020 02:49;Não
2020-11957739-0;;16/08/2020 02:29;RODOVIA MG 344, Nº S/N - CASSIA;-206.059.151;-468.965.632;V02599 - OUTROS TIPOS DE VITIMAS DE ACIDENTES DE TRANSITO DIVERSOS   (C) (Prioridade: 1 - Alta);1CIA IND/2CIA/1PEL(PASSOS);;Não;Não;Não;REPASS-REPASSADA A OUTROS ORGÃOS;Classificada;16/08/2020 02:34;Não
2020-11959019-2;(BM) 2020-039416143-001;16/08/2020 06:22;ILHA TRES ILHAS, Nº S/N - PASSOS;-206.441.688;-465.831.371;V03005 - VITIMA DE AGRESSAO FISICA SEM USO DE ARMA (C) (Prioridade: 1 - Alta);1CIA IND/2CIA/1PEL(PASSOS);UR0565;Não;Não;Não;BOLETIM DE OCORRENCIA;Classificada;16/08/2020 07:48;Não
2020-11959114-3;(BM) 2020-039420728-001;16/08/2020 06:52;RUA ESTRELA DALVA, Nº 217 - JARDIM SATELITE - PASSOS;-207.133.424;-466.198.116;R01999 - OUTROS TIPOS DE ACOES DE APOIO A COMUNIDADE   (C) (Prioridade: 2 - Média);1CIA IND/2CIA/1PEL(PASSOS);ASL00064;Não;Não;Não;BOLETIM DE OCORRENCIA;Classificada;16/08/2020 07:48;Não
2020-11960306-1;(BM) 2020-039428962-001;16/08/2020 09:48;AVENIDA NACOES, Nº 259 - VILA RICA - PASSOS;-20.727.933;-465.984.176;P02001 - VISTORIA EM HIDRANTE (C) (Prioridade: 2 - Média);1CIA IND/2CIA/1PEL(PASSOS);ASL00064;Não;Não;Não;BOLETIM DE OCORRENCIA;Classificada;16/08/2020 12:45;Não
2020-11960307-4;(BM) 2020-039430749-001;16/08/2020 09:49;RUA GONCALVES DIAS / RUA ETIOPIA - CENTRO - PASSOS;-207.209.216;-466.034.497;P02001 - VISTORIA EM HIDRANTE (C) (Prioridade: 2 - Média);1CIA IND/2CIA/1PEL(PASSOS);ASL00064;Não;Não;Não;BOLETIM DE OCORRENCIA;Classificada;16/08/2020 12:45;Não
2020-11960308-7;(BM) 2020-039432644-001;16/08/2020 09:49;PRACA GERALDO DA SILVA MAIA, Nº S/N - CENTRO - PASSOS;-207.208.941;-46.609.005;P02001 - VISTORIA EM HIDRANTE (C) (Prioridade: 2 - Média);1CIA IND/2CIA/1PEL(PASSOS);ASL00064;Não;Não;Não;BOLETIM DE OCORRENCIA;Classificada;16/08/2020 12:45;Não
2020-11960735-8;(BM) 2020-039435228-001;16/08/2020 10:37;AVENIDA PROJETADA, Nº S/N - JARDIM FLORENCA - PASSOS;-206.924.763;-466.115.051;P02001 - VISTORIA EM HIDRANTE (C) (Prioridade: 2 - Média);1CIA IND/2CIA/1PEL(PASSOS);ASL00064;Não;Não;Não;BOLETIM DE OCORRENCIA;Classificada;16/08/2020 12:46;Não
2020-11960925-3;;16/08/2020 10:57;ALAMEDA JASMIM, Nº 36 - GUAXUPE;;;O04012 - INCENDIO EM LOTE VAGO (AREA URBANA) (C) (Prioridade: 2 - Média);1CIA IND (POCOS DE CALDAS);;Não;Não;Não;FALTEF-NÃO ATENDIDA FALTA DE EFETIVO;Classificada;16/08/2020 10:59;Não
2020-11961383-8;(BM) 2020-039439620-001;16/08/2020 11:52;AVENIDA JUCA STOCKLER, Nº 1530 - NOSSA SENHORA DAS GRAÇAS - PASSOS;-207.365.885;-466.027.501;P02001 - VISTORIA EM HIDRANTE (C) (Prioridade: 2 - Média);1CIA IND/2CIA/1PEL(PASSOS);ASL00064;Não;Não;Não;BOLETIM DE OCORRENCIA;Classificada;16/08/2020 12:46;Não
2020-11961385-3;(BM) 2020-039440876-001;16/08/2020 11:54;AVENIDA UNIMED, Nº S/N - MIRANTE DO VALE - PASSOS;-207.234.112;-465.770.051;P02001 - VISTORIA EM HIDRANTE (C) (Prioridade: 2 - Média);1CIA IND/2CIA/1PEL(PASSOS);ASL00064;Não;Não;Não;BOLETIM DE OCORRENCIA;Classificada;16/08/2020 12:46;Não
2020-11961387-9;(BM) 2020-039442232-001;16/08/2020 11:55;RUA JURANDIR LEANDRO VIEIRA, Nº S/N - RESIDENCIAL VILLAGIO DI ITALIA - PASSOS;-207.345.147;-465.913.156;P02001 - VISTORIA EM HIDRANTE (C) (Prioridade: 2 - Média);1CIA IND/2CIA/1PEL(PASSOS);ASL00064;Não;Não;Não;BOLETIM DE OCORRENCIA;Classificada;16/08/2020 12:46;Não
2020-11961430-6;(BM) 2020-039442520-001;16/08/2020 11:56;RUA JURANDIR LEANDRO VIEIRA, Nº S/N - RESIDENCIAL VILLAGIO DI ITALIA - PASSOS;-207.345.147;-465.913.156;P02001 - VISTORIA EM HIDRANTE (C) (Prioridade: 2 - Média);1CIA IND/2CIA/1PEL(PASSOS);ASL00064;Não;Não;Não;BOLETIM DE OCORRENCIA;Classificada;16/08/2020 13:11;Não
2020-11961432-1;(BM) 2020-039441448-001;16/08/2020 11:58;RUA DOUTOR CARVALHO, Nº 1455 - NOSSA SENHORA DAS GRAÇAS - PASSOS;-207.352.269;-466.037.303;P02001 - VISTORIA EM HIDRANTE (C) (Prioridade: 2 - Média);1CIA IND/2CIA/1PEL(PASSOS);ASL00064;Não;Não;Não;BOLETIM DE OCORRENCIA;Classificada;16/08/2020 13:11;Não
2020-11961515-7;;16/08/2020 12:17;AVENIDA UNIMED, Nº S/N - MIRANTE DO VALE - PASSOS;-207.234.112;-465.770.051;P02001 - VISTORIA EM HIDRANTE (C) (Prioridade: 2 - Média);1CIA IND/2CIA/1PEL(PASSOS);;Não;Não;Não;ATENPO-ATENDIDA POR OUTROS ÓRGÃOS;Classificada;16/08/2020 12:18;Não
2020-11962903-1;(BM) 2020-039466805-001;16/08/2020 14:43;AVENIDA PERIMETRAL, Nº S/N - PENHA - PASSOS;-207.217.481;-466.215.253;O04011 - INCENDIO EM AREA URBANA NAO PROTEGIDA (C) (Prioridade: 2 - Média);1CIA IND/2CIA/1PEL(PASSOS);ABTS0495;Não;Não;Não;BOLETIM DE OCORRENCIA;Classificada;17/08/2020 07:08;Não
2020-11965132-0;(BM) 2020-039484497-001;16/08/2020 17:24;AVENIDA ARLINDO FIGUEIREDO, Nº S/N - JARDIM CIDADE - PASSOS;-207.292.591;-466.250.794;O04008 - INCENDIO EM AREA RURAL NAO PROTEGIDA (C) (Prioridade: 2 - Média);1CIA IND/2CIA/1PEL(PASSOS);ABTS0495;Não;Não;Não;BOLETIM DE OCORRENCIA;Classificada;17/08/2020 07:08;Não
2020-11966485-5;(BM) 2020-039493667-001;16/08/2020 18:59;RODOVIA LMG 837, Km 8 - PASSOS;-207.809.487;-466.600.528;W04000 - NADA CONSTATADO (C) (Prioridade: 3 - Baixa);1CIA IND/2CIA/1PEL(PASSOS);UR0565 / ASL00064;Não;Não;Não;BOLETIM DE OCORRENCIA;Classificada;16/08/2020 21:24;Não
2020-11968110-3;(BM) 2020-039557475-001;16/08/2020 20:47;RODOVIA MG 050, Km 360 - PASSOS;-207.370.641;-46.646.356;O02036 - INCENDIO EM AMONTOADO DE MADEIRA (C) (Prioridade: 2 - Média);1CIA IND/2CIA/1PEL(PASSOS);ABTS0495 / ASL00064;Não;Não;Não;BOLETIM DE OCORRENCIA;Classificada;17/08/2020 05:06;Não
2020-11972699-3;(BM) 2020-039563080-001;17/08/2020 08:08;RUA SANTA MARTA, Nº 100 - CARMELO - PASSOS;-207.144.062;-46.605.975;V01018 - VITIMA DE MAL NAO DEFINIDO (DISTURBIO) (C) (Prioridade: 1 - Alta);1CIA IND/2CIA/1PEL(PASSOS);UR0565;Não;Não;Não;BOLETIM DE OCORRENCIA;Classificada;18/08/2020 05:57;Não
2020-11973536-4;(BM) 2020-039572928-001;17/08/2020 09:17;RUA HEVERALDO PENHA VIEIRA, Nº S/N - RECANTO DO BOSQUE - PASSOS;-207.237.496;-46.583.797;S06002 - CAPTURA DE ANIMAL SILVESTRE PERIGOSO / AGRESSIVO (C) (Prioridade: 2 - Média);1CIA IND/2CIA/1PEL(PASSOS);ABTS0495;Não;Não;Não;BOLETIM DE OCORRENCIA;Classificada;18/08/2020 06:04;Não
2020-11973569-3;(BM) 2020-039573675-001;17/08/2020 09:20;FAZENDA SANTANA - PORTO DE AREIA, Nº S/N - PRATAPOLIS;-207.283.542;-468.339.414;S02002 - AFOGAMENTO EM RIO / RIACHO / CORREGO (C) (Prioridade: 1 - Alta);1CIA IND/2CIA/1PEL(PASSOS);ASL00064;Não;Não;Não;BOLETIM DE OCORRENCIA;Classificada;18/08/2020 05:54;Não
2020-11973911-1;(BM) 2020-039645150-001;17/08/2020 09:51;RUA AMETISTA, Nº 394 - ACLIMACAO - PASSOS;-20.751.875;-466.016.816;R99999 - OUTROS TIPOS DE ATIVIDADES DE DEFESA CIVIL   (C) (Prioridade: 2 - Média);1CIA IND/2CIA/PEL PREV E VIST(PASSOS);APF01362;Não;Não;Não;BOLETIM DE OCORRENCIA;Classificada;18/08/2020 05:54;Não
2020-11974696-6;(BM) 2020-039645003-001;17/08/2020 10:48;RUA GUATEMALA, Nº 618 - POLIVALENTE - PASSOS;-207.008.612;-46.602.753;R99999 - OUTROS TIPOS DE ATIVIDADES DE DEFESA CIVIL   (C) (Prioridade: 2 - Média);1CIA IND/2CIA/PEL PREV E VIST(PASSOS);APF01362;Não;Não;Não;BOLETIM DE OCORRENCIA;Classificada;18/08/2020 05:54;Não
2020-11975110-3;(BM) 2020-039644927-001;17/08/2020 11:19;RUA PARAGUAI, Nº 104 - CANJERANUS - PASSOS;-207.108.986;-466.065.702;R99999 - OUTROS TIPOS DE ATIVIDADES DE DEFESA CIVIL   (C) (Prioridade: 2 - Média);1CIA IND/2CIA/PEL PREV E VIST(PASSOS);APF01362;Não;Não;Não;BOLETIM DE OCORRENCIA;Classificada;18/08/2020 05:54;Não
2020-11975600-2;(BM) 2020-039644695-001;17/08/2020 12:06;RUA CUIABA, Nº 440 - CASARAO - PASSOS;-207.212.588;-465.918.947;R99999 - OUTROS TIPOS DE ATIVIDADES DE DEFESA CIVIL   (C) (Prioridade: 2 - Média);1CIA IND/2CIA/PEL PREV E VIST(PASSOS);APF01362;Não;Não;Não;BOLETIM DE OCORRENCIA;Classificada;18/08/2020 05:55;Não
2020-11976513-5;(BM) 2020-039726267-001;17/08/2020 13:40;RODOVIA MG 050, Km 343 - PASSOS;-207.242.262;-46.493.604;O04003 - INCENDIO EM PRODUCAO AGRICOLA / PASTO (C) (Prioridade: 2 - Média);1CIA IND/2CIA/1PEL(PASSOS);ABTS0495;Não;Não;Não;BOLETIM DE OCORRENCIA;Classificada;18/08/2020 06:04;Não
2020-11978050-0;;17/08/2020 15:11;RUA MARGARIDA DE OLIVEIRA, Nº 4 - SAGRADA FAMILIA - ITAU DE MINAS;-207.425.831;-467.415.081;W08000 - CANCELADA POR INDISPONIBILIDADE DE VIATURA (C) (Prioridade: 3 - Baixa);1CIA IND/2CIA/1PEL(PASSOS);;Não;Não;Não;FALTEF-NÃO ATENDIDA FALTA DE EFETIVO;Classificada;17/08/2020 15:39;Não
2020-11987358-6;(BM) 2020-039768989-001;18/08/2020 08:42;AVENIDA BRASIL, Nº S/N - PENHA - PASSOS;-207.155.916;-466.170.657;S06002 - CAPTURA DE ANIMAL SILVESTRE PERIGOSO / AGRESSIVO (C) (Prioridade: 2 - Média);1CIA IND/2CIA/1PEL(PASSOS);ASL00064;Não;Não;Não;BOLETIM DE OCORRENCIA;Classificada;19/08/2020 11:06;Não
2020-11988814-9;(BM) 2020-039783699-001;18/08/2020 10:29;RODOVIA MG 050, Nº 608 - SERRA VERDE - PASSOS;-207.388.763;-465.953.645;P01001 - VISTORIA DE FISCALIZACAO (C) (Prioridade: 2 - Média);1CIA IND/2CIA/PEL PREV E VIST(PASSOS);APF01362;Não;Não;Não;BOLETIM DE OCORRENCIA;Classificada;19/08/2020 11:06;Não
2020-11989194-1;(BM) 2020-039784273-001;18/08/2020 10:56;RODOVIA MG 050, Nº 575 - SERRA DAS BRISAS - PASSOS;-207.383.994;-465.956.904;P01001 - VISTORIA DE FISCALIZACAO (C) (Prioridade: 2 - Média);1CIA IND/2CIA/PEL PREV E VIST(PASSOS);APF01362;Não;Não;Não;BOLETIM DE OCORRENCIA;Classificada;19/08/2020 11:06;Não
2020-11989450-0;(BM) 2020-039787537-001;18/08/2020 11:12;RODOVIA MG 050, Nº 555 - JARDIM EMBRATEL - PASSOS;-207.391.416;-465.965.955;P01001 - VISTORIA DE FISCALIZACAO (C) (Prioridade: 2 - Média);1CIA IND/2CIA/PEL PREV E VIST(PASSOS);APF01362;Não;Não;Não;BOLETIM DE OCORRENCIA;Classificada;19/08/2020 11:06;Não
2020-11990952-5;(BM) 2020-039812335-001;18/08/2020 13:32;AVENIDA ILDEFONSO DEL BIANCO, Nº 219 - CASSIA;-205.852.473;-469.257.495;P01002 - VISTORIA DE LIBERACAO / EMISSAO DE AVCB (C) (Prioridade: 2 - Média);1CIA IND/2CIA/PEL PREV E VIST(PASSOS);APF01362;Não;Não;Não;BOLETIM DE OCORRENCIA;Classificada;19/08/2020 11:06;Não
2020-11993131-5;(BM) 2020-039834047-001;18/08/2020 15:31;RUA ANTONIO SALVIANO FILHO, Nº 969 - JARDIM BELA VISTA - ITAU DE MINAS;-207.485.628;-467.602.939;S06005 - CAPTURA DE INSETOS (C) (Prioridade: 2 - Média);1CIA IND/2CIA/1PEL(PASSOS);ASL00064;Não;Não;Não;BOLETIM DE OCORRENCIA;Classificada;19/08/2020 11:07;Não
2020-11994551-6;(BM) 2020-039852694-001;18/08/2020 16:46;RUA ANTONIO ELIAS CALIXTO, Nº 90 - RECANTO DA TEKA - PASSOS;-207.434.693;-465.977.227;S06005 - CAPTURA DE INSETOS (C) (Prioridade: 2 - Média);1CIA IND/2CIA/1PEL(PASSOS);ASL00064;Não;Não;Não;BOLETIM DE OCORRENCIA;Classificada;19/08/2020 11:07;Não
2020-11995833-3;(BM) 2020-039889391-001;18/08/2020 17:59;RUA JERONIMO NETO, Nº S/N - CENTRO - PASSOS;-2.072.479;-466.060.895;V01001 - VITIMA DE ACIDENTE VASCULAR CEREBRAL (AVC) (C) (Prioridade: 1 - Alta);1CIA IND/2CIA/1PEL(PASSOS);UR0565;Não;Não;Não;BOLETIM DE OCORRENCIA;Classificada;19/08/2020 11:06;Não
2020-11996786-0;(BM) 2020-039888841-001;18/08/2020 18:58;RODOVIA MG 050, Nº S/N - NOSSA SENHORA DAS GRAÇAS - PASSOS;-20.739.951;-466.020.282;S06008 - CORTE DE ARVORE CAIDA EM VIA PUBLICA (C) (Prioridade: 2 - Média);1CIA IND/2CIA/1PEL(PASSOS);ASL00064;Não;Não;Não;BOLETIM DE OCORRENCIA;Classificada;19/08/2020 11:07;Não
2020-12005669-7;(BM) 2020-039991945-001;19/08/2020 11:05;RODOVIA MG 050, Nº S/N - NOSSA SENHORA DAS GRAÇAS - PASSOS;-20.739.951;-466.020.282;O04003 - INCENDIO EM PRODUCAO AGRICOLA / PASTO (C) (Prioridade: 2 - Média);1CIA IND/2CIA/1PEL(PASSOS);ABTS0495;Não;Não;Não;BOLETIM DE OCORRENCIA;Classificada;20/08/2020 07:44;Não
2020-12006460-9;(BM) 2020-039992260-001;19/08/2020 12:07;RUA LICOMEDIO HONORIO DE FREITAS, Nº 139 - RECANTO DA TEKA - PASSOS;-207.425.501;-46.598.405;V03019 - VITIMA DE QUEDA DE ALTURA (C) (Prioridade: 1 - Alta);1CIA IND/2CIA/1PEL(PASSOS);UR0565;Não;Não;Não;BOLETIM DE OCORRENCIA;Classificada;20/08/2020 07:45;Não
2020-12006659-9;;19/08/2020 12:29;RODOVIA MG 050, Km 334 - PASSOS;-207.233.932;-464.046.505;O04003 - INCENDIO EM PRODUCAO AGRICOLA / PASTO (C) (Prioridade: 2 - Média);1CIA IND/2CIA/1PEL(PASSOS);;Não;Não;Não;W06000-TESTE;Classificada;19/08/2020 13:13;Não
2020-12007498-7;(BM) 2020-040003981-001;19/08/2020 13:41;RODOVIA MG 050, Nº S/N - NOSSA SENHORA DAS GRAÇAS - PASSOS;-20.739.951;-466.020.282;O04008 - INCENDIO EM AREA RURAL NAO PROTEGIDA (C) (Prioridade: 2 - Média);1CIA IND/2CIA/1PEL(PASSOS);ABTS0495;Não;Não;Não;BOLETIM DE OCORRENCIA;Classificada;20/08/2020 07:44;Não
2020-12010072-3;(BM) 2020-040056049-001;19/08/2020 16:01;RODOVIA MG 050, Nº S/N - MARIA PARREIRA - ITAU DE MINAS;-20.747.495;-467.514.113;O04008 - INCENDIO EM AREA RURAL NAO PROTEGIDA (C) (Prioridade: 2 - Média);1CIA IND/2CIA/1PEL(PASSOS);ABTS0495;Não;Não;Não;BOLETIM DE OCORRENCIA;Classificada;20/08/2020 07:44;Não
2020-12010576-7;;19/08/2020 16:29;AVENIDA ARLINDO FIGUEIREDO, Nº S/N - JARDIM CIDADE - PASSOS;-207.292.591;-466.250.794;W08000 - CANCELADA POR INDISPONIBILIDADE DE VIATURA (C) (Prioridade: 3 - Baixa);1CIA IND/2CIA/1PEL(PASSOS);;Não;Não;Não;FALTAV-NÃO ATENDIDA FALTA VIATURA;Classificada;19/08/2020 16:31;Não
2020-12011751-0;(BM) 2020-040056575-001;19/08/2020 17:40;AVENIDA ARLINDO FIGUEIREDO, Nº S/N - JARDIM CIDADE - PASSOS;-207.292.591;-466.250.794;O04011 - INCENDIO EM AREA URBANA NAO PROTEGIDA (C) (Prioridade: 2 - Média);1CIA IND/2CIA/1PEL(PASSOS);ABTS0495;Não;Não;Não;BOLETIM DE OCORRENCIA;Classificada;20/08/2020 07:44;Não
2020-12012586-1;(BM) 2020-040073804-001;19/08/2020 18:32;RODOVIA MG 050, Km 349 - PASSOS;-207.282.214;-465.584.838;O04008 - INCENDIO EM AREA RURAL NAO PROTEGIDA (C) (Prioridade: 2 - Média);1CIA IND/2CIA/1PEL(PASSOS);ASL00064;Não;Não;Não;BOLETIM DE OCORRENCIA;Classificada;20/08/2020 07:44;Não
2020-12013587-0;(BM) 2020-040087219-001;19/08/2020 19:35;RUA MANGAS, Nº S/N - NOSSA SENHORA DE LOURDES - PASSOS;-206.964.104;-466.194.912;O04011 - INCENDIO EM AREA URBANA NAO PROTEGIDA (C) (Prioridade: 2 - Média);1CIA IND/2CIA/1PEL(PASSOS);ASL00064;Não;Não;Não;BOLETIM DE OCORRENCIA;Classificada;20/08/2020 07:45;Não
2020-12015596-1;(BM) 2020-040111486-001;19/08/2020 22:04;RUA JOAO PAULO I / AVENIDA MONTESE - RECANTO DEL REI - PASSOS;-207.299.065;-465.965.734;O04012 - INCENDIO EM LOTE VAGO (AREA URBANA) (C) (Prioridade: 2 - Média);1CIA IND/2CIA/1PEL(PASSOS);ABTS0495;Não;Não;Não;BOLETIM DE OCORRENCIA;Classificada;20/08/2020 07:45;Não
2020-12016734-9;(BM) 2020-040111551-001;19/08/2020 23:28;RUA MANGAS, Nº S/N - NOSSA SENHORA DE LOURDES - PASSOS;-206.964.104;-466.194.912;O04012 - INCENDIO EM LOTE VAGO (AREA URBANA) (C) (Prioridade: 2 - Média);1CIA IND/2CIA/1PEL(PASSOS);ABTS0495;Não;Não;Não;BOLETIM DE OCORRENCIA;Classificada;20/08/2020 07:45;Não
2020-12018758-8;(BM) 2020-040237108-001;20/08/2020 06:13;RUA DOUTOR CARVALHO, Nº 1455 - NOSSA SENHORA DAS GRAÇAS - PASSOS;-207.352.269;-466.037.303;X03000 - EMPENHO ADMINISTRATIVO (C) (Prioridade: 2 - Média);1CIA IND/2CIA/PEL PREV E VIST(PASSOS);APF01362;Não;Não;Não;BOLETIM DE OCORRENCIA;Classificada;21/08/2020 08:01;Não
2020-12020103-1;(BM) 2020-040225038-001;20/08/2020 08:54;RUA TREZE DE MAIO, Nº S/N - CENTRO - NOVA RESENDE;-211.274.805;-464.258.754;X03000 - EMPENHO ADMINISTRATIVO (C) (Prioridade: 2 - Média);1CIA IND/2CIA/1PEL(PASSOS);ASL00064;Não;Não;Não;BOLETIM DE OCORRENCIA;Classificada;21/08/2020 08:01;Não
2020-12020600-6;(BM) 2020-040167569-001;20/08/2020 09:24;RUA DEPUTADO LOURENCO DE ANDRADE, Nº 744 - CENTRO - PASSOS;-207.136.985;-46.610.422;P01002 - VISTORIA DE LIBERACAO / EMISSAO DE AVCB (C) (Prioridade: 2 - Média);1CIA IND/2CIA/1PEL(PASSOS);UR08842;Não;Não;Não;BOLETIM DE OCORRENCIA;Classificada;21/08/2020 08:01;Não
2020-12021777-0;(BM) 2020-040171751-001;20/08/2020 10:44;RUA CRUZEIRO, Nº S/N - PASSOS;;;O02033 - INCENDIO EM AMONTOADO DE LIXO (C) (Prioridade: 2 - Média);1CIA IND/2CIA/1PEL(PASSOS);ABTS0495;Não;Não;Não;BOLETIM DE OCORRENCIA;Classificada;21/08/2020 08:01;Não
2020-12023225-5;(BM) 2020-040189712-001;20/08/2020 12:58;RUA COIMBRAS, Nº S/N - JARDIM ELAINE - PASSOS;-206.944.347;-466.170.168;V02408 - VITIMA DE COLISAO ENTRE AUTOMOVEL X MOTOCICLETA (C) (Prioridade: 1 - Alta);1CIA IND/2CIA/1PEL(PASSOS);UR0565;Não;Não;Não;BOLETIM DE OCORRENCIA;Classificada;21/08/2020 08:00;Não
2020-12025780-7;(BM) 2020-040219673-001;20/08/2020 15:29;AVENIDA ARLINDO FIGUEIREDO, Nº S/N - JARDIM CIDADE - PASSOS;-207.292.591;-466.250.794;O02033 - INCENDIO EM AMONTOADO DE LIXO (C) (Prioridade: 2 - Média);1CIA IND/2CIA/1PEL(PASSOS);ABTS0495;Não;Não;Não;BOLETIM DE OCORRENCIA;Classificada;21/08/2020 08:01;Não
2020-12026138-9;(BM) 2020-040226606-001;20/08/2020 15:46;RUA CANJERANUS, Nº 940 - CANJERANUS - PASSOS;-207.112.789;-466.070.677;P02999 - OUTROS TIPOS DE VISTORIAS OPERACIONAIS DIVERSAS  (C) (Prioridade: 2 - Média);1CIA IND/2CIA/1PEL(PASSOS);ABTS0495;Não;Não;Não;BOLETIM DE OCORRENCIA;Classificada;21/08/2020 08:00;Não
2020-12031227-6;(BM) 2020-040280893-001;20/08/2020 20:25;RUA SAO SEBASTIAO, Nº 326 - BELA VISTA - PASSOS;-207.140.229;-466.025.676;V01013 - VITIMA DE EMERGENCIAS PSIQUIATRICAS (C) (Prioridade: 1 - Alta);1CIA IND/2CIA/1PEL(PASSOS);UR0565;Não;Não;Não;BOLETIM DE OCORRENCIA;Classificada;21/08/2020 08:00;Não
2020-12036631-9;(BM) 2020-040334089-001;21/08/2020 08:02;RUA CORONEL JOAO DE BARROS, Nº 1273 - BELO HORIZONTE - PASSOS;-207.282.893;-466.082.384;O02001 - INCENDIO EM RESIDENCIA/HABITACAO UNIFAMILIAR (CASA) (C) (Prioridade: 1 - Alta);1CIA IND/2CIA/1PEL(PASSOS);ABTS0495;Não;Não;Não;BOLETIM DE OCORRENCIA;Classificada;22/08/2020 05:54;Não
2020-12038067-0;(BM) 2020-040350207-001;21/08/2020 09:57;RUA MISSOES, Nº S/N - JARDIM PLANALTO - PASSOS;-207.183.555;-466.264.993;S06002 - CAPTURA DE ANIMAL SILVESTRE PERIGOSO / AGRESSIVO (C) (Prioridade: 2 - Média);1CIA IND/2CIA/1PEL(PASSOS);ASL00064;Não;Não;Não;BOLETIM DE OCORRENCIA;Classificada;22/08/2020 06:00;Não
2020-12038414-1;(BM) 2020-040360390-001;21/08/2020 10:22;RUA PECUARIA, Nº 394 - SAO FRANCISCO - PASSOS;-207.282.684;-466.185.327;V01003 - VITIMA COM CRISE CONVULSIVA (C) (Prioridade: 1 - Alta);1CIA IND/2CIA/1PEL(PASSOS);UR0565;Não;Não;Não;BOLETIM DE OCORRENCIA;Classificada;22/08/2020 06:02;Não
2020-12040075-0;(BM) 2020-040374955-001;21/08/2020 12:49;RUA CORONEL JOAO DE BARROS, Nº 1538 - BELO HORIZONTE - PASSOS;-207.304.341;-466.076.371;V01003 - VITIMA COM CRISE CONVULSIVA (C) (Prioridade: 1 - Alta);1CIA IND/2CIA/1PEL(PASSOS);UR0565;Não;Não;Não;BOLETIM DE OCORRENCIA;Classificada;22/08/2020 06:06;Não
2020-12040354-4;(BM) 2020-040377990-001;21/08/2020 13:13;RUA TRES, Nº S/N - JARDIM IPÊ 1 - CONCEICAO DA APARECIDA;-210.996.889;-461.963.834;P01002 - VISTORIA DE LIBERACAO / EMISSAO DE AVCB (C) (Prioridade: 2 - Média);1CIA IND/2CIA/PEL PREV E VIST(PASSOS);APF01362 / ASL00064;Não;Não;Não;BOLETIM DE OCORRENCIA;Classificada;22/08/2020 05:34;Não
2020-12041135-6;(BM) 2020-040392446-001;21/08/2020 14:09;TRAVESSA RUI BARBOSA, Nº S/N - CANJERANUS - PASSOS;-207.130.293;-466.095.465;S06002 - CAPTURA DE ANIMAL SILVESTRE PERIGOSO / AGRESSIVO (C) (Prioridade: 2 - Média);1CIA IND/2CIA/PEL PREV E VIST(PASSOS);APF01362;Não;Não;Não;BOLETIM DE OCORRENCIA;Classificada;22/08/2020 05:34;Não
2020-12042025-3;(BM) 2020-040402023-001;21/08/2020 14:55;RODOVIA MG 050, Km 322 - PASSOS;;;S05104 - CHOQUE DE CAMINHAO / CARRETA (C) (Prioridade: 1 - Alta);1CIA IND/2CIA/1PEL(PASSOS);ABTS0495 / UR0565;Não;Não;Não;BOLETIM DE OCORRENCIA;Classificada;22/08/2020 05:57;Não
2020-12044695-7;;21/08/2020 17:21;AVENIDA ANTONIO ADAO DA SILVA, Nº S/N - PENHA 2 - PASSOS;-207.196.212;-466.310.269;V03018 - VITIMA DE QUEDA DA PROPRIA ALTURA (C) (Prioridade: 1 - Alta);1CIA IND/2CIA/1PEL(PASSOS);;Não;Não;Não;ATENSA-ATENDIDA PELO SAMU;Classificada;21/08/2020 17:22;Não
2020-12053922-8;(BM) 2020-040523382-001;22/08/2020 09:19;RUA AUSTRIA, Nº 41 - NOVO MUNDO 2 - PASSOS;-207.271.792;-465.889.774;S06005 - CAPTURA DE INSETOS (C) (Prioridade: 2 - Média);1CIA IND/2CIA/1PEL(PASSOS);UR0565;Não;Não;Não;BOLETIM DE OCORRENCIA;Classificada;23/08/2020 11:31;Não
2020-12054191-0;(BM) 2020-040526107-001;22/08/2020 09:54;ESTRADA LINHA DAS AGUAS KM 18, Nº S/N - PASSOS;-20.850.918;-465.409.979;V02501 - VITIMA DE QUEDA (CICLISTA) (C) (Prioridade: 1 - Alta);1CIA IND/2CIA/1PEL(PASSOS);UR0565;Não;Não;Não;BOLETIM DE OCORRENCIA;Classificada;23/08/2020 11:31;Não
2020-12056306-0;(BM) 2020-040547591-001;22/08/2020 14:02;RODOVIA MG 050, Nº S/N - NOSSA SENHORA DAS GRAÇAS - PASSOS;-20.739.951;-466.020.282;P02002 - VISTORIA EM RISCO DE QUEDA DE ARVORE (C) (Prioridade: 2 - Média);1CIA IND/2CIA/1PEL(PASSOS);ASL00064;Não;Não;Não;BOLETIM DE OCORRENCIA;Classificada;23/08/2020 11:31;Não
2020-12060671-0;(BM) 2020-040595637-001;22/08/2020 19:07;RUA ANTONIO ELIAS CALIXTO, Nº S/N - RECANTO DA TEKA - PASSOS;-207.435.511;-46.597.995;S06005 - CAPTURA DE INSETOS (C) (Prioridade: 2 - Média);1CIA IND/2CIA/1PEL(PASSOS);ASL00064;Não;Não;Não;BOLETIM DE OCORRENCIA;Classificada;23/08/2020 11:31;Não
2020-12069251-3;(BM) 2020-040675357-001;23/08/2020 09:15;ESTRADA PRINCIPAL PORTO VELHO SN, Nº S/N - PASSOS;-206.642.591;-465.102.239;A03000 - AUTO EXTERMINIO (SUICIDIO) (C) (Prioridade: 1 - Alta);1CIA IND/2CIA/1PEL(PASSOS);ASL00064;Não;Não;Não;BOLETIM DE OCORRENCIA;Classificada;26/08/2020 05:55;Não
2020-12071878-0;(BM) 2020-040701959-001;23/08/2020 14:26;RUA SEBASTIAO BENEDITO DE ANDRADE, Nº 253 - JARDIM CANADA - PASSOS;-207.487.613;-466.068.011;V03018 - VITIMA DE QUEDA DA PROPRIA ALTURA (C) (Prioridade: 1 - Alta);1CIA IND/2CIA/1PEL(PASSOS);UR0565;Não;Não;Não;BOLETIM DE OCORRENCIA;Classificada;26/08/2020 05:56;Não
2020-12072555-6;(BM) 2020-040702063-001;23/08/2020 15:12;RUA JAPAO, Nº 108 - NOVO MUNDO 2 - PASSOS;-20.727.823;-465.899.092;V03019 - VITIMA DE QUEDA DE ALTURA (C) (Prioridade: 1 - Alta);1CIA IND/2CIA/1PEL(PASSOS);UR0565;Não;Não;Não;BOLETIM DE OCORRENCIA;Classificada;26/08/2020 05:56;Não
2020-12072599-1;(BM) 2020-040701749-001;23/08/2020 15:15;RUA BOIADEIROS, Nº 320 - PENHA - PASSOS;-207.199.207;-466.189.744;V01003 - VITIMA COM CRISE CONVULSIVA (C) (Prioridade: 1 - Alta);1CIA IND/2CIA/1PEL(PASSOS);UR08842;Não;Não;Não;BOLETIM DE OCORRENCIA;Classificada;26/08/2020 05:56;Não
2020-12074144-2;(BM) 2020-040713091-001;23/08/2020 17:08;RUA DOMINGOS F DE CARVALHO, Nº 273 - PENHA 2 - PASSOS;-207.153.815;-466.316.885;V01003 - VITIMA COM CRISE CONVULSIVA (C) (Prioridade: 1 - Alta);1CIA IND/2CIA/1PEL(PASSOS);UR0565;Não;Não;Não;BOLETIM DE OCORRENCIA;Classificada;26/08/2020 05:56;Não
2020-12074738-7;(BM) 2020-040725735-001;23/08/2020 17:53;ESTRADA BR 146 [FAZENDA MUMBUCA 35 KM PASSOS], Nº S/N - PASSOS;-209.620.287;-465.412.754;O02027 - INCENDIO EM VEICULO AUTOMOTOR (EXCETO TANQUE DE CARGA) (C) (Prioridade: 1 - Alta);1CIA IND/2CIA/1PEL(PASSOS);ABTS0495;Não;Não;Não;BOLETIM DE OCORRENCIA;Classificada;26/08/2020 05:56;Não
2020-12076527-2;;23/08/2020 19:39;AVENIDA PADRE SALIM, Nº S/N - CENTRO - SAO JOSE DA BARRA;-207.184.716;-46.321.126;W03000 - SOLICITANTE ENCONTRADO - PROVIDENCIA DISPENSADA (C) (Prioridade: 3 - Baixa);1CIA IND/2CIA/1PEL(PASSOS);ABTS0495 / UR0565;Não;Não;Não;DISPEN-DISPENSADO PELO SOLICITANTE;Classificada;23/08/2020 20:42;Não
2020-12077405-0;(BM) 2020-040748194-001;23/08/2020 20:39;RODOVIA MG 050, Nº S/N - NOSSA SENHORA DAS GRAÇAS - PASSOS;-20.739.951;-466.020.282;S05309 - COLISAO ENTRE AUTOMOVEL X CAMINHAO / CARRETA (C) (Prioridade: 1 - Alta);1CIA IND/2CIA/1PEL(PASSOS);UR0565 / ABTS0495;Não;Não;Não;BOLETIM DE OCORRENCIA;Classificada;26/08/2020 05:56;Não
2020-12083734-7;(BM) 2020-040812927-001;24/08/2020 10:08;RUA ANTONIO CELESTINO, Nº 909 - CANJERANUS - PASSOS;-207.134.344;-466.084.749;P02002 - VISTORIA EM RISCO DE QUEDA DE ARVORE (C) (Prioridade: 2 - Média);1CIA IND/2CIA/1PEL(PASSOS);ASL00064;Não;Não;Não;BOLETIM DE OCORRENCIA;Classificada;26/08/2020 05:55;Não
2020-12085388-9;;24/08/2020 12:11;RODOVIA MG 050, Km 360 - PASSOS;-207.370.641;-46.646.356;Y40035 - APOIO DE SOLO EM OPERACOES AEREAS (C) (Prioridade: 2 - Média);1CIA IND/2CIA/1PEL(PASSOS);UR0565;Não;Não;Não;ATENPO-ATENDIDA POR OUTROS ÓRGÃOS;Classificada;26/08/2020 05:55;Não
2020-12085495-9;(BM) 2020-040838139-001;24/08/2020 12:23;RUA ESCORPIAO, Nº 11 - SERRA VERDE - PASSOS;-207.400.951;-465.926.455;S05201 - CAPOTAMENTO DE AUTOMOVEL (CARRO, CAMIONETA, CAMINHONETE) (C) (Prioridade: 1 - Alta);1CIA IND/2CIA/1PEL(PASSOS);UR08842 / ABTS0495;Não;Não;Não;BOLETIM DE OCORRENCIA;Classificada;26/08/2020 05:57;Não
2020-12085986-0;(BM) 2020-040868477-001;24/08/2020 13:11;AVENIDA PADRE SALIM, Nº 338 - CENTRO - SAO JOSE DA BARRA;-207.179.552;-463.170.606;P01002 - VISTORIA DE LIBERACAO / EMISSAO DE AVCB (C) (Prioridade: 2 - Média);1CIA IND/2CIA/PEL PREV E VIST(PASSOS);APF01362;Não;Não;Não;BOLETIM DE OCORRENCIA;Classificada;26/08/2020 05:55;Não
2020-12088140-0;(BM) 2020-040873257-001;24/08/2020 15:19;TRAVESSA JOSE MATILDE DE CARVALHO, Nº 40 - CENTRO - CARMO DO RIO CLARO;-209.708.896;-461.212.378;P01002 - VISTORIA DE LIBERACAO / EMISSAO DE AVCB (C) (Prioridade: 2 - Média);1CIA IND/2CIA/PEL PREV E VIST(PASSOS);APF01362;Não;Não;Não;BOLETIM DE OCORRENCIA;Classificada;26/08/2020 05:55;Não
2020-12088524-1;(BM) 2020-040891891-001;24/08/2020 15:37;RUA CAPITAO JOAO EVARISTO, Nº 145 - CENTRO - CARMO DO RIO CLARO;-209.724.177;-461.220.509;P01002 - VISTORIA DE LIBERACAO / EMISSAO DE AVCB (C) (Prioridade: 2 - Média);1CIA IND/2CIA/PEL PREV E VIST(PASSOS);APF01362;Não;Não;Não;BOLETIM DE OCORRENCIA;Classificada;26/08/2020 05:55;Não
2020-12093755-3;(BM) 2020-040939900-001;24/08/2020 21:10;RUA ALPINOPOLIS, Nº 414 - SANTA LUZIA - PASSOS;-207.114.808;-466.035.485;V01006 - VITIMA COM DIFICULDADE DE LOCOMOCAO (C) (Prioridade: 1 - Alta);1CIA IND/2CIA/1PEL(PASSOS);UR0565;Não;Não;Não;BOLETIM DE OCORRENCIA;Classificada;26/08/2020 05:58;Não
2020-12097906-9;(BM) 2020-040984435-001;25/08/2020 08:28;AVENIDA COMENDADOR FRANCISCO A MAIA, Nº S/N - CENTRO - PASSOS;-2.071.934;-466.130.801;S06001 - SALVAMENTO DE ANIMAL EM RISCO / PERIGO (C) (Prioridade: 2 - Média);1CIA IND/2CIA/1PEL(PASSOS);ASL00064;Não;Não;Não;BOLETIM DE OCORRENCIA;Classificada;26/08/2020 06:10;Não
2020-12099117-0;(BM) 2020-040998545-001;25/08/2020 10:03;RUA CRISTIANO STOCKLER, Nº 271 - CENTRO - PASSOS;-207.205.844;-466.061.703;P01002 - VISTORIA DE LIBERACAO / EMISSAO DE AVCB (C) (Prioridade: 2 - Média);1CIA IND/2CIA/PEL PREV E VIST(PASSOS);APF01362;Não;Não;Não;BOLETIM DE OCORRENCIA;Classificada;26/08/2020 05:59;Não
2020-12099147-0;(BM) 2020-040998978-001;25/08/2020 10:06;CHACARA CORREDOR SAO DOMINGOS S/N, Nº S/N - PASSOS;-207.173.756;-46.582.714;S06008 - CORTE DE ARVORE CAIDA EM VIA PUBLICA (C) (Prioridade: 2 - Média);1CIA IND/2CIA/1PEL(PASSOS);ASL00064;Não;Não;Não;BOLETIM DE OCORRENCIA;Classificada;26/08/2020 06:10;Não
2020-12101396-1;(BM) 2020-041026773-001;25/08/2020 13:14;RUA JOSE MERCHIORATO, Nº 271 - SANTA CASA - PASSOS;-207.122.484;-466.130.232;P01002 - VISTORIA DE LIBERACAO / EMISSAO DE AVCB (C) (Prioridade: 2 - Média);1CIA IND/2CIA/PEL PREV E VIST(PASSOS);APF01362;Não;Não;Não;BOLETIM DE OCORRENCIA;Classificada;26/08/2020 05:57;Não
2020-12102862-8;(BM) 2020-041052468-001;25/08/2020 14:48;ESTRADA PRINCIPAL MUMBUCA, Nº S/N - PASSOS;-20.886.111;-46.605.833;V03018 - VITIMA DE QUEDA DA PROPRIA ALTURA (C) (Prioridade: 1 - Alta);1CIA IND/2CIA/1PEL(PASSOS);UR0565;Não;Não;Não;BOLETIM DE OCORRENCIA;Classificada;26/08/2020 06:00;Não
2020-12106098-0;(BM) 2020-041087181-001;25/08/2020 17:45;RUA TRES DE MAIO, Nº 541 - SAO BENEDITO - PASSOS;-207.242.658;-466.022.588;W03000 - SOLICITANTE ENCONTRADO - PROVIDENCIA DISPENSADA (C) (Prioridade: 3 - Baixa);1CIA IND/2CIA/1PEL(PASSOS);UR0565;Não;Não;Não;BOLETIM DE OCORRENCIA;Classificada;26/08/2020 06:01;Não
2020-12108507-9;(BM) 2020-041117346-001;25/08/2020 20:16;RUA PERNAMBUCO, Nº 635 - BELA VISTA - PASSOS;-207.145.536;-465.966.334;S06005 - CAPTURA DE INSETOS (C) (Prioridade: 2 - Média);1CIA IND/2CIA/1PEL(PASSOS);ASL00064;Não;Não;Não;BOLETIM DE OCORRENCIA;Classificada;26/08/2020 05:57;Não
2020-12111765-2;(BM) 2020-041154121-001;26/08/2020 01:27;RUA ESPIRITO SANTO, Nº 648 - BELA VISTA - PASSOS;-207.150.333;-465.960.371;V01022 - VITIMA PARTURIENTE / EMERGENCIAS OBSTETRICAS (C) (Prioridade: 1 - Alta);1CIA IND/2CIA/1PEL(PASSOS);UR0565;Não;Não;Não;BOLETIM DE OCORRENCIA;Classificada;26/08/2020 06:02;Não
2020-12114595-0;(BM) 2020-041182761-001;26/08/2020 09:55;RUA ESTEVAM PARENTI, Nº 260 - COHAB 2 - PASSOS;-207.123.538;-466.290.815;V03018 - VITIMA DE QUEDA DA PROPRIA ALTURA (C) (Prioridade: 1 - Alta);1CIA IND/2CIA/1PEL(PASSOS);UR0565;Não;Não;Não;BOLETIM DE OCORRENCIA;Classificada;27/08/2020 11:41;Não
2020-12116456-5;(BM) 2020-041238692-001;26/08/2020 12:31;RUA DOUTOR CARVALHO, Nº 1455 - NOSSA SENHORA DAS GRAÇAS - PASSOS;-207.352.269;-466.037.303;W99000 - OUTROS PROCEDIMENTOS ADMINISTRATIVOS (C) (Prioridade: 3 - Baixa);1CIA IND/2CIA/1PEL(PASSOS);UR0565;Não;Não;Não;BOLETIM DE OCORRENCIA;Classificada;27/08/2020 11:42;Não
2020-12117208-9;(BM) 2020-041227532-001;26/08/2020 13:41;RODOVIA MG 050, Km 4, Nº 567 - SERRAS DAS BRISAS - PASSOS;-207.373.773;-465.935.535;O04008 - INCENDIO EM AREA RURAL NAO PROTEGIDA (C) (Prioridade: 2 - Média);1CIA IND/2CIA/1PEL(PASSOS);ABTS0495;Não;Não;Não;BOLETIM DE OCORRENCIA;Classificada;27/08/2020 11:42;Não
2020-12121306-1;(BM) 2020-041264045-001;26/08/2020 17:40;RUA PITANGUI, Nº 103 - COHAB 1 - PASSOS;-207.117.209;-466.271.359;V03018 - VITIMA DE QUEDA DA PROPRIA ALTURA (C) (Prioridade: 1 - Alta);1CIA IND/2CIA/1PEL(PASSOS);UR0565;Não;Não;Não;BOLETIM DE OCORRENCIA;Classificada;27/08/2020 11:41;Não
2020-12121964-5;(BM) 2020-041276394-001;26/08/2020 18:15;AVENIDA ARLINDO FIGUEIREDO, Nº S/N - JARDIM CIDADE - PASSOS;-207.292.591;-466.250.794;O02027 - INCENDIO EM VEICULO AUTOMOTOR (EXCETO TANQUE DE CARGA) (C) (Prioridade: 1 - Alta);1CIA IND/2CIA/1PEL(PASSOS);ABTS0495;Não;Não;Não;BOLETIM DE OCORRENCIA;Classificada;27/08/2020 11:41;Não
2020-12123409-5;(BM) 2020-041285746-001;26/08/2020 19:51;RUA VANCOUVER, Nº 567 - JARDIM CANADA II - PASSOS;-207.539.402;-466.101.579;S06005 - CAPTURA DE INSETOS (C) (Prioridade: 2 - Média);1CIA IND/2CIA/1PEL(PASSOS);ASL00064;Não;Não;Não;BOLETIM DE OCORRENCIA;Classificada;27/08/2020 11:41;Não
2020-12123475-0;(BM) 2020-041286268-001;26/08/2020 19:55;RUA BALSAMO, Nº S/N - SERRA DAS BRISAS - PASSOS;-20.735.507;-465.931.646;O04008 - INCENDIO EM AREA RURAL NAO PROTEGIDA (C) (Prioridade: 2 - Média);1CIA IND/2CIA/1PEL(PASSOS);ABTS0495;Não;Não;Não;BOLETIM DE OCORRENCIA;Classificada;27/08/2020 11:41;Não
2020-12128775-0;(BM) 2020-041344144-001;27/08/2020 08:12;RUA RENATO BARROS VILELA, Nº 97 - PARQUE DAS AROEIRAS - PASSOS;-207.219.211;-466.290.581;S06001 - SALVAMENTO DE ANIMAL EM RISCO / PERIGO (C) (Prioridade: 2 - Média);1CIA IND/2CIA/1PEL(PASSOS);ASL00064;Não;Não;Não;BOLETIM DE OCORRENCIA;Classificada;30/08/2020 06:09;Não
2020-12129755-9;(BM) 2020-041356230-001;27/08/2020 09:26;RUA FAZENDEIROS, Nº S/N - MONSENHOR MESSIAS - PASSOS;-20.737.398;-466.011.889;O04012 - INCENDIO EM LOTE VAGO (AREA URBANA) (C) (Prioridade: 2 - Média);1CIA IND/2CIA/1PEL(PASSOS);ABTS0495;Não;Não;Não;BOLETIM DE OCORRENCIA;Classificada;30/08/2020 06:09;Não
2020-12131154-1;(BM) 2020-041382212-001;27/08/2020 11:05;RUA DOUTOR CARVALHO, Nº 1455 - NOSSA SENHORA DAS GRAÇAS - PASSOS;-207.352.269;-466.037.303;V01999 - OUTROS TIPOS DE APH CLINICO (C) (Prioridade: 1 - Alta);1CIA IND/2CIA/1PEL(PASSOS);UR0565;Não;Não;Não;BOLETIM DE OCORRENCIA;Classificada;28/08/2020 21:20;Não
2020-12132621-0;(BM) 2020-041410657-001;27/08/2020 13:22;RUA DONA MARIANA UBALDINA, Nº S/N - CENTRO - CAPETINGA;-206.199.669;-47.060.331;P01002 - VISTORIA DE LIBERACAO / EMISSAO DE AVCB (C) (Prioridade: 2 - Média);1CIA IND/2CIA/PEL PREV E VIST(PASSOS);APF01362;Não;Não;Não;BOLETIM DE OCORRENCIA;Classificada;30/08/2020 06:09;Não
2020-12133438-0;(BM) 2020-041401775-001;27/08/2020 14:18;RUA GOIAS, Nº 2717 - JARDIM COLEGIO DE PASSOS - PASSOS;-207.181.319;-465.930.469;S06002 - CAPTURA DE ANIMAL SILVESTRE PERIGOSO / AGRESSIVO (C) (Prioridade: 2 - Média);1CIA IND/2CIA/1PEL(PASSOS);ASL00064;Não;Não;Não;BOLETIM DE OCORRENCIA;Classificada;30/08/2020 06:08;Não
2020-12134074-0;(BM) 2020-041438394-001;27/08/2020 14:48;RUA FAZENDEIROS, Nº S/N - MONSENHOR MESSIAS - PASSOS;-20.737.398;-466.011.889;O02014 - INCENDIO EM DEPOSITOS / PATIO DE CONTAINER (C) (Prioridade: 1 - Alta);1CIA IND/2CIA/1PEL(PASSOS);ABTS0495 / ASL00064;Não;Não;Não;BOLETIM DE OCORRENCIA;Classificada;30/08/2020 06:08;Não
2020-12137502-9;(BM) 2020-041452188-001;27/08/2020 17:51;RUA VEREADOR PROF OSVALDO L NEGRAO, Nº 417 - COHAB 5 - PASSOS;-207.217.958;-466.392.599;V01010 - VITIMA COM DOR PRECORDIAL (PEITO) (C) (Prioridade: 1 - Alta);1CIA IND/2CIA/1PEL(PASSOS);UR0565;Não;Não;Não;BOLETIM DE OCORRENCIA;Classificada;30/08/2020 06:08;Não
2020-12138071-4;;27/08/2020 18:21;AVENIDA EXPEDICIONARIOS, Nº S/N - SAO BENEDITO - PASSOS;-207.225.155;-466.016.721;W08000 - CANCELADA POR INDISPONIBILIDADE DE VIATURA (C) (Prioridade: 3 - Baixa);1CIA IND/2CIA/1PEL(PASSOS);;Não;Não;Não;W08000-CANCELADA POR INDISPONIBILIDADE DE MEIOS;Classificada;27/08/2020 18:22;Não
2020-12139326-9;(BM) 2020-041472122-001;27/08/2020 19:36;AVENIDA EXPEDICIONARIOS, Nº S/N - SAO BENEDITO - PASSOS;-207.225.155;-466.016.721;O04003 - INCENDIO EM PRODUCAO AGRICOLA / PASTO (C) (Prioridade: 2 - Média);1CIA IND/2CIA/1PEL(PASSOS);ABTS0495;Não;Não;Não;BOLETIM DE OCORRENCIA;Classificada;28/08/2020 21:20;Não
2020-12140734-2;(BM) 2020-041487920-001;27/08/2020 21:09;AVENIDA EXPEDICIONARIOS, Nº S/N - SAO BENEDITO - PASSOS;-207.225.155;-466.016.721;O04003 - INCENDIO EM PRODUCAO AGRICOLA / PASTO (C) (Prioridade: 2 - Média);1CIA IND/2CIA/1PEL(PASSOS);ABTS0495;Não;Não;Não;BOLETIM DE OCORRENCIA;Classificada;28/08/2020 21:20;Não
2020-12141233-2;(BM) 2020-041495681-001;27/08/2020 21:49;RUA CAPITOLIO, Nº 601 - PASSOS;-207.315.056;-466.012.778;O04012 - INCENDIO EM LOTE VAGO (AREA URBANA) (C) (Prioridade: 2 - Média);1CIA IND/2CIA/1PEL(PASSOS);ABTS0495;Não;Não;Não;BOLETIM DE OCORRENCIA;Classificada;28/08/2020 21:20;Não
2020-12141927-1;(BM) 2020-041508901-001;27/08/2020 22:40;ESTRADA PRINCIPAL MUMBUCA, Nº S/N - PASSOS;-20.886.111;-46.605.833;O04006 - INCENDIO EM AREA RURAL PERTENCENTE A ORGAO PRIVADO (C) (Prioridade: 2 - Média);1CIA IND/2CIA/1PEL(PASSOS);ASL00064;Não;Não;Não;BOLETIM DE OCORRENCIA;Classificada;30/08/2020 06:08;Não
2020-12145357-7;(BM) 2020-041535384-001;28/08/2020 07:56;RUA LIBERDADE, Nº 359 - PENHA - PASSOS;-207.175.673;-466.147.354;V01018 - VITIMA DE MAL NAO DEFINIDO (DISTURBIO) (C) (Prioridade: 1 - Alta);1CIA IND/2CIA/1PEL(PASSOS);UR0565;Não;Não;Não;BOLETIM DE OCORRENCIA;Classificada;28/08/2020 21:20;Não
2020-12149382-6;(BM) 2020-041582243-001;28/08/2020 13:18;RUA JOAQUIM DE MELO LEMOS, Nº 90 - FLAMBOYANT - PASSOS;-207.542.966;-46.605.295;V01023 - VITIMA DE SINCOPE (DESMAIO) (C) (Prioridade: 1 - Alta);1CIA IND/2CIA/1PEL(PASSOS);UR0565;Não;Não;Não;BOLETIM DE OCORRENCIA;Classificada;28/08/2020 21:20;Não
2020-12149917-1;(BM) 2020-041602142-001;28/08/2020 14:00;AVENIDA PAINEIRA, Nº 2393 - SERRA DAS BRISAS - PASSOS;-207.328.735;-465.960.016;V02502 - VITIMA DE QUEDA (MOTOCICLISTA) (C) (Prioridade: 1 - Alta);1CIA IND/2CIA/1PEL(PASSOS);UR08842;Não;Não;Não;BOLETIM DE OCORRENCIA;Classificada;28/08/2020 21:20;Não
2020-12150777-1;(BM) 2020-041602064-001;28/08/2020 14:46;AVENIDA PAINEIRA, Nº 2393 - SERRA DAS BRISAS - PASSOS;-207.328.735;-465.960.016;V02502 - VITIMA DE QUEDA (MOTOCICLISTA) (C) (Prioridade: 1 - Alta);1CIA IND/2CIA/1PEL(PASSOS);UR0565;Não;Não;Não;BOLETIM DE OCORRENCIA;Classificada;28/08/2020 21:20;Não
2020-12151063-0;(BM) 2020-041675499-001;28/08/2020 15:02;AVENIDA EXPEDICIONARIOS, Nº 1759 - CASARAO - PASSOS;-207.246.443;-465.911.964;O04012 - INCENDIO EM LOTE VAGO (AREA URBANA) (C) (Prioridade: 2 - Média);1CIA IND/2CIA/1PEL(PASSOS);ABTS0495;Não;Não;Não;BOLETIM DE OCORRENCIA;Classificada;28/08/2020 21:20;Não
2020-12153622-1;;28/08/2020 17:16;ACESSO RURAL BR146, Nº S/N - TREVO DA BIGUATINGUA - SAO PEDRO DA UNIAO;;;O04008 - INCENDIO EM AREA RURAL NAO PROTEGIDA (C) (Prioridade: 2 - Média);1CIA IND (POCOS DE CALDAS);;Não;Não;Não;FALTEF-NÃO ATENDIDA FALTA DE EFETIVO;Classificada;28/08/2020 17:17;Não
2020-12155479-0;(BM) 2020-041680645-001;28/08/2020 19:05;RUA MARGARIDA DE OLIVEIRA, Nº 541 - MORADA DO SOL - ITAU DE MINAS;-20.747.471;-467.423.609;O04010 - INCENDIO EM AREA URBANA PERTENCENTE A ORGAO PRIVADO (C) (Prioridade: 2 - Média);1CIA IND/2CIA/1PEL(PASSOS);ABTS0495;Não;Não;Não;BOLETIM DE OCORRENCIA;Classificada;28/08/2020 21:20;Não
2020-12158709-5;(BM) 2020-041690900-001;28/08/2020 22:34;RUA DOUTOR SATURNINO, Nº 100 - CENTRO - PASSOS;-207.278.942;-465.993.492;O04012 - INCENDIO EM LOTE VAGO (AREA URBANA) (C) (Prioridade: 2 - Média);1CIA IND/2CIA/1PEL(PASSOS);ABTS0495;Não;Não;Não;BOLETIM DE OCORRENCIA;Classificada;28/08/2020 23:22;Não
2020-12163968-2;;29/08/2020 08:45;AVENIDA NACOES, Nº S/N - VILA RICA - PASSOS;-20.727.772;-465.999.239;S06002 - CAPTURA DE ANIMAL SILVESTRE PERIGOSO / AGRESSIVO (C) (Prioridade: 2 - Média);1CIA IND/2CIA/1PEL(PASSOS);ASL00064;Não;Não;Não;ATENPO-ATENDIDA POR OUTROS ÓRGÃOS;Classificada;30/08/2020 06:03;Não
2020-12164040-8;(BM) 2020-041730293-001;29/08/2020 08:48;AVENIDA NACOES, Nº S/N - VILA RICA - PASSOS;-20.727.772;-465.999.239;S06002 - CAPTURA DE ANIMAL SILVESTRE PERIGOSO / AGRESSIVO (C) (Prioridade: 2 - Média);1CIA IND/2CIA/1PEL(PASSOS);ASL00064;Não;Não;Não;BOLETIM DE OCORRENCIA;Classificada;30/08/2020 06:03;Não
2020-12165199-0;(BM) 2020-041741748-001;29/08/2020 10:43;RUA MONTREAL, Nº S/N - JARDIM CANADA II - PASSOS;-207.537.252;-466.098.218;S06005 - CAPTURA DE INSETOS (C) (Prioridade: 2 - Média);1CIA IND/2CIA/1PEL(PASSOS);ASL00064;Não;Não;Não;BOLETIM DE OCORRENCIA;Classificada;30/08/2020 06:04;Não
2020-12165238-0;(BM) 2020-041742376-001;29/08/2020 10:47;RUA MONTES CLAROS, Nº 676 - COHAB 3 - PASSOS;-207.057.312;-466.290.791;W03000 - SOLICITANTE ENCONTRADO - PROVIDENCIA DISPENSADA (C) (Prioridade: 3 - Baixa);1CIA IND/2CIA/1PEL(PASSOS);UR0565;Não;Não;Não;BOLETIM DE OCORRENCIA;Classificada;30/08/2020 06:10;Não
2020-12165939-5;(BM) 2020-041749402-001;29/08/2020 12:03;RUA ITAJAI, Nº S/N - VILA RICA - PASSOS;-207.273.072;-465.946.296;O04012 - INCENDIO EM LOTE VAGO (AREA URBANA) (C) (Prioridade: 2 - Média);1CIA IND/2CIA/1PEL(PASSOS);ABTS0495;Não;Não;Não;BOLETIM DE OCORRENCIA;Classificada;30/08/2020 06:16;Não
2020-12166017-7;(BM) 2020-041750541-001;29/08/2020 12:15;RODOVIA MG 050, Nº S/N - NOSSA SENHORA DAS GRAÇAS - PASSOS;-20.739.951;-466.020.282;V02408 - VITIMA DE COLISAO ENTRE AUTOMOVEL X MOTOCICLETA (C) (Prioridade: 1 - Alta);1CIA IND/2CIA/1PEL(PASSOS);UR0565;Não;Não;Não;BOLETIM DE OCORRENCIA;Classificada;30/08/2020 06:12;Não
2020-12166588-8;(BM) 2020-041755700-001;29/08/2020 13:22;RUA AMBROSIA DAS GRACAS CUNHA, Nº S/N - PENHA 2 - PASSOS;-207.188.972;-466.319.274;V01022 - VITIMA PARTURIENTE / EMERGENCIAS OBSTETRICAS (C) (Prioridade: 1 - Alta);1CIA IND/2CIA/1PEL(PASSOS);UR0565;Não;Não;Não;BOLETIM DE OCORRENCIA;Classificada;30/08/2020 06:13;Não
2020-12167432-4;(BM) 2020-041763224-001;29/08/2020 14:28;RODOVIA MG 050, Km 332 - PASSOS;-207.224.754;-463.952.797;V03019 - VITIMA DE QUEDA DE ALTURA (C) (Prioridade: 1 - Alta);1CIA IND/2CIA/1PEL(PASSOS);UR0565;Não;Não;Não;BOLETIM DE OCORRENCIA;Classificada;30/08/2020 06:13;Não
2020-12170371-0;(BM) 2020-041829674-001;29/08/2020 17:45;AVENIDA NACOES, Nº S/N - VILA RICA - PASSOS;-20.727.772;-465.999.239;O04001 - INCENDIO EM UNIDADE DE CONSERVACAO (UC) (C) (Prioridade: 2 - Média);1CIA IND/2CIA/1PEL(PASSOS);ABTS0495;Não;Não;Não;BOLETIM DE OCORRENCIA;Classificada;30/08/2020 06:17;Não
2020-12171985-7;(BM) 2020-041829399-001;29/08/2020 19:21;RUA BENEDITA DA SILVEIRA MAIA, Nº 23 - JARDIM PINHEIROS - PASSOS;-207.229.488;-466.227.585;O04012 - INCENDIO EM LOTE VAGO (AREA URBANA) (C) (Prioridade: 2 - Média);1CIA IND/2CIA/1PEL(PASSOS);ABTS0495;Não;Não;Não;BOLETIM DE OCORRENCIA;Classificada;30/08/2020 06:17;Não
2020-12175338-1;(BM) 2020-041836770-001;29/08/2020 22:39;ESTRADA ESTRADA PASSOS / USINA RIO GRANDE KM 05, Nº S/N - PASSOS;-206.563.376;-465.854.434;O04003 - INCENDIO EM PRODUCAO AGRICOLA / PASTO (C) (Prioridade: 2 - Média);1CIA IND/2CIA/1PEL(PASSOS);ASL00064;Não;Não;Não;BOLETIM DE OCORRENCIA;Classificada;30/08/2020 06:07;Não
2020-12181493-9;(BM) 2020-041883654-001;30/08/2020 08:46;AVENIDA OTTO KRAKAUER, Nº S/N - SANTA CASA - PASSOS;-207.118.237;-466.110.535;P02001 - VISTORIA EM HIDRANTE (C) (Prioridade: 2 - Média);1CIA IND/2CIA/1PEL(PASSOS);UR0565;Não;Não;Não;BOLETIM DE OCORRENCIA;Classificada;31/08/2020 07:04;Não
2020-12183694-1;(BM) 2020-041899973-001;30/08/2020 13:21;RODOVIA MG 050, Nº S/N - NOSSA SENHORA DAS GRAÇAS - PASSOS;-20.739.951;-466.020.282;O04008 - INCENDIO EM AREA RURAL NAO PROTEGIDA (C) (Prioridade: 2 - Média);1CIA IND/2CIA/1PEL(PASSOS);ABTS0495 / ASL00064;Não;Não;Não;BOLETIM DE OCORRENCIA;Classificada;31/08/2020 07:04;Não
2020-12184157-8;;30/08/2020 14:07;RUA JOAO SEBASTIAO DE OLIVEIRA, Nº 532 - POCOS DE CALDAS;;;V01999 - OUTROS TIPOS DE APH CLINICO (C) (Prioridade: 1 - Alta);1CIA IND (POCOS DE CALDAS);;Não;Não;Não;ATENPO-ATENDIDA POR OUTROS ÓRGÃOS;Classificada;30/08/2020 23:00;COVID-19
2020-12184553-5;;30/08/2020 14:34;RODOVIA BR 146, Nº S/N - DISTRITO INDUSTRIAL 1 - PASSOS;-207.020.967;-465.895.427;O04008 - INCENDIO EM AREA RURAL NAO PROTEGIDA (C) (Prioridade: 2 - Média);1CIA IND/2CIA/1PEL(PASSOS);;Não;Não;Não;W08000-CANCELADA POR INDISPONIBILIDADE DE MEIOS;Classificada;30/08/2020 14:35;Não
2020-12184861-7;;30/08/2020 14:53;AVENIDA SABIA, Nº S/N - PARQUE DA FAZENDA - PASSOS;-207.371.994;-466.090.079;O04009 - INCENDIO EM AREA URBANA PERTENCENTE A ORGAO PUBLICO (C) (Prioridade: 2 - Média);1CIA IND/2CIA/1PEL(PASSOS);;Não;Não;Não;W08000-CANCELADA POR INDISPONIBILIDADE DE MEIOS;Classificada;30/08/2020 14:53;Não
2020-12184869-9;;30/08/2020 14:54;RUA GUANABARA, Nº S/N - POLIVALENTE - PASSOS;-207.011.423;-466.045.562;O04012 - INCENDIO EM LOTE VAGO (AREA URBANA) (C) (Prioridade: 2 - Média);1CIA IND/2CIA/1PEL(PASSOS);;Não;Não;Não;W08000-CANCELADA POR INDISPONIBILIDADE DE MEIOS;Classificada;30/08/2020 14:55;Não
2020-12188098-2;(BM) 2020-041942550-001;30/08/2020 18:29;RODOVIA MG 050, Km 342 - PASSOS;-207.227.202;-464.848.069;O04010 - INCENDIO EM AREA URBANA PERTENCENTE A ORGAO PRIVADO (C) (Prioridade: 2 - Média);1CIA IND/2CIA/1PEL(PASSOS);ABTS0495;Não;Não;Não;BOLETIM DE OCORRENCIA;Classificada;31/08/2020 07:04;Não
2020-12188620-2;(BM) 2020-041953641-001;30/08/2020 19:00;RUA LIBRA, Nº 24 - SERRA VERDE - PASSOS;-207.393.602;-465.940.042;O04012 - INCENDIO EM LOTE VAGO (AREA URBANA) (C) (Prioridade: 2 - Média);1CIA IND/2CIA/1PEL(PASSOS);ABTS0495;Não;Não;Não;BOLETIM DE OCORRENCIA;Classificada;31/08/2020 07:04;Não
2020-12189647-4;(BM) 2020-041961739-001;30/08/2020 20:01;RODOVIA MG 050, Km 343 - PASSOS;-207.242.262;-46.493.604;V02403 - VITIMA DE COLISAO ENTRE AUTOMOVEIS (CARRO / CAMINHONETE) (C) (Prioridade: 1 - Alta);1CIA IND/2CIA/1PEL(PASSOS);UR0565;Não;Não;Não;BOLETIM DE OCORRENCIA;Classificada;31/08/2020 07:04;Não
2020-12190717-5;(BM) 2020-041963151-001;30/08/2020 21:05;RUA ALFREDO PONSSANCINI FILHO, Nº 29 - JARDIM PINHEIROS - PASSOS;-207.227.914;-466.214.986;V01020 - VITIMA COM PARADA CARDIORRESPIRATORIA / INFARTO (IAM) (C) (Prioridade: 1 - Alta);1CIA IND/2CIA/1PEL(PASSOS);UR0565;Não;Não;Não;BOLETIM DE OCORRENCIA;Classificada;31/08/2020 07:03;Não
2020-12197443-0;(BM) 2020-042030725-001;31/08/2020 10:11;RUA GUANABARA, Nº S/N - POLIVALENTE - PASSOS;-207.011.423;-466.045.562;O04011 - INCENDIO EM AREA URBANA NAO PROTEGIDA (C) (Prioridade: 2 - Média);1CIA IND/2CIA/1PEL(PASSOS);ABTS0495;Não;Não;Não;BOLETIM DE OCORRENCIA;Classificada;01/09/2020 00:33;Não
2020-12199020-7;(BM) 2020-042049132-001;31/08/2020 12:02;RUA IRLANDA, Nº 21 - NOVO MUNDO 4 - PASSOS;-207.299.356;-465.884.367;O04012 - INCENDIO EM LOTE VAGO (AREA URBANA) (C) (Prioridade: 2 - Média);1CIA IND/2CIA/1PEL(PASSOS);ABTS0495;Não;Não;Não;BOLETIM DE OCORRENCIA;Classificada;01/09/2020 00:33;Não
2020-12199790-4;(BM) 2020-042176840-001;31/08/2020 13:15;RUA LAVRAS, Nº S/N - MARIO MAGALHAES - PASSOS;-207.265.638;-466.117.853;W04000 - NADA CONSTATADO (C) (Prioridade: 3 - Baixa);1CIA IND/2CIA/1PEL(PASSOS);UR0565;Não;Não;Não;BOLETIM DE OCORRENCIA;Classificada;01/09/2020 00:34;Não
2020-12200917-4;(BM) 2020-042071314-001;31/08/2020 14:24;TRAVESSA CACHOEIRA 2, Nº 28 - NOVO HORIZONTE - PASSOS;-207.332.761;-465.990.039;S06005 - CAPTURA DE INSETOS (C) (Prioridade: 2 - Média);1CIA IND/2CIA/1PEL(PASSOS);UR0565 / ASL00064;Não;Não;Não;BOLETIM DE OCORRENCIA;Classificada;01/09/2020 00:33;Não
2020-12202920-0;(BM) 2020-042104043-001;31/08/2020 16:08;RUA GUANABARA, Nº 616 - POLIVALENTE - PASSOS;-207.008.076;-466.051.593;O04003 - INCENDIO EM PRODUCAO AGRICOLA / PASTO (C) (Prioridade: 2 - Média);1CIA IND/2CIA/1PEL(PASSOS);ABTS0495;Não;Não;Não;BOLETIM DE OCORRENCIA;Classificada;01/09/2020 00:34;Não
2020-12204178-4;(BM) 2020-042129887-001;31/08/2020 17:21;RODOVIA MG 444, Km 13 - CAPETINGA;-205.987.096;-470.225.462;O04008 - INCENDIO EM AREA RURAL NAO PROTEGIDA (C) (Prioridade: 2 - Média);1CIA IND/2CIA/1PEL(PASSOS);ABTS0495;Não;Não;Não;BOLETIM DE OCORRENCIA;Classificada;01/09/2020 00:34;Não
2020-12204554-4;;31/08/2020 17:41;RUA DAS FLORESTAS, Nº 55 - POCOS DE CALDAS;;;O04003 - INCENDIO EM PRODUCAO AGRICOLA / PASTO (C) (Prioridade: 2 - Média);1CIA IND (POCOS DE CALDAS);;Não;Não;Não;DISPEN-DISPENSADO PELO SOLICITANTE;Classificada;31/08/2020 18:10;Não
2020-12204591-0;;31/08/2020 17:43;AVENIDA CANADA, Nº S/N - JARDIM CANADA II - PASSOS;-207.533.453;-466.124.556;W08000 - CANCELADA POR INDISPONIBILIDADE DE VIATURA (C) (Prioridade: 3 - Baixa);1CIA IND/2CIA/1PEL(PASSOS);;Não;Não;Não;FALTAV-NÃO ATENDIDA FALTA VIATURA;Classificada;31/08/2020 17:50;Não
2020-12204750-2;(BM) 2020-042139776-001;31/08/2020 17:52;RODOVIA MG 050, Nº S/N - NOSSA SENHORA DAS GRAÇAS - PASSOS;-20.739.951;-466.020.282;O04005 - INCENDIO EM AREA RURAL PERTENCENTE A ORGAO PUBLICO (C) (Prioridade: 2 - Média);1CIA IND/2CIA/1PEL(PASSOS);ABTS0495;Não;Não;Não;BOLETIM DE OCORRENCIA;Classificada;01/09/2020 00:34;Não
2020-12208341-5;(BM) 2020-042172252-001;31/08/2020 21:55;AVENIDA JOSE CARRILHO AMORIM, Nº S/N - CONJUNTO HABITACIONAL SAO LUCAS - ITAU DE MINAS;-207.379.218;-467.596.576;O04012 - INCENDIO EM LOTE VAGO (AREA URBANA) (C) (Prioridade: 2 - Média);1CIA IND/2CIA/1PEL(PASSOS);ABTS0495;Não;Não;Não;BOLETIM DE OCORRENCIA;Classificada;01/09/2020 00:34;Não
