Nº chamada;Nº REDS;Data/hora de criação;Local do fato;Latitude  do local;Longitude do local;Natureza;Unidade Responsável;Recursos empenhados;Alerta;Destaque;Envolve autoridade;Tipo de classificação;Situação;Data/hora da situação atual;Evento associado
2022-22408957-6;(BM) 2022-023298050-001;01/06/2022 06:34;ESTRADA PRINCIPAL JULIERIA KM 02 - APOS A SAIDA DA CIDADE, Nº S/N - PASSOS;-206.848.703;-466.479.576;W04000 - NADA CONSTATADO (C) (Prioridade: 3 - Baixa);1CIA IND/2CIA/1PEL(PASSOS);UR0565;Não;Não;Não;BOLETIM DE OCORRENCIA;Classificada;01/06/2022 07:09;Não
2022-22409323-2;(BM) 2022-023300521-001;01/06/2022 07:36;RUA CORONEL TIMOTEO, Nº 790 - CENTRO - IBIRACI;-204.644.802;-471.270.686;P01002 - VISTORIA DE LIBERACAO / EMISSAO DE AVCB (C) (Prioridade: 2 - Média);1CIA IND/2CIA/PEL PREV E VIST(PASSOS);APF01362;Não;Não;Não;BOLETIM DE OCORRENCIA;Classificada;03/06/2022 06:21;Não
2022-22409427-8;(BM) 2022-023303434-001;01/06/2022 07:51;AVENIDA COMENDADOR FRANCISCO A MAIA, Nº S/N - SANTA CASA - PASSOS;-207.146.788;-466.127.072;W10000 - DISPENSADA POR DUPLICIDADE DE EMPENHO COM OUTROS ORGAOS (C) (Prioridade: 1 - Alta);1CIA IND/2CIA/1PEL(PASSOS);UR0565;Não;Não;Não;BOLETIM DE OCORRENCIA;Classificada;03/06/2022 06:23;Não
2022-22409966-2;(BM) 2022-023307655-001;01/06/2022 08:48;RUA ALCEBIADES CANDIDO DE ASSIS, Nº 80 - ITAU DE MINAS;;;X03000 - EMPENHO ADMINISTRATIVO (C) (Prioridade: 2 - Média);1CIA IND/2CIA/PEL PREV E VIST(PASSOS);APF01044;Não;Não;Não;BOLETIM DE OCORRENCIA;Classificada;03/06/2022 06:21;Não
2022-22410005-4;(BM) 2022-023307705-001;01/06/2022 08:51;RUA QUERUBINO MOURAO, Nº 889 - PIUMHI;;;X03000 - EMPENHO ADMINISTRATIVO (C) (Prioridade: 2 - Média);1CIA IND/2CIA/1PEL(PASSOS);ASL00064;Não;Não;Não;BOLETIM DE OCORRENCIA;Classificada;03/06/2022 06:21;Não
2022-22410543-6;(BM) 2022-023314419-001;01/06/2022 09:41;RUA CORONEL TIMOTEO, Nº 790 - CENTRO - IBIRACI;-204.644.802;-471.270.686;P01002 - VISTORIA DE LIBERACAO / EMISSAO DE AVCB (C) (Prioridade: 2 - Média);1CIA IND/2CIA/PEL PREV E VIST(PASSOS);APF01362;Não;Não;Não;BOLETIM DE OCORRENCIA;Classificada;03/06/2022 06:21;Não
2022-22411126-4;(BM) 2022-023322913-001;01/06/2022 10:35;RUA JOAO KIRCHNER, Nº 603 - ITAU DE MINAS;-207.435.689;-46.749.879;P01002 - VISTORIA DE LIBERACAO / EMISSAO DE AVCB (C) (Prioridade: 2 - Média);1CIA IND/2CIA/PEL PREV E VIST(PASSOS);APF01362;Não;Não;Não;BOLETIM DE OCORRENCIA;Classificada;03/06/2022 06:21;Não
2022-22411561-3;(BM) 2022-023328560-001;01/06/2022 11:11;RUA JANAUBA, Nº 25 - COHAB 2 - PASSOS;-207.104.743;-466.273.569;V03018 - VITIMA DE QUEDA DA PROPRIA ALTURA (C) (Prioridade: 1 - Alta);1CIA IND/2CIA/1PEL(PASSOS);UR0565;Não;Não;Não;BOLETIM DE OCORRENCIA;Classificada;03/06/2022 06:23;Não
2022-22414045-0;(BM) 2022-023359495-001;01/06/2022 14:44;RUA CANAPE, Nº 513 - CASARAO - PASSOS;-207.242.529;-465.900.724;V01006 - VITIMA COM DIFICULDADE DE LOCOMOCAO (C) (Prioridade: 1 - Alta);1CIA IND/2CIA/1PEL(PASSOS);UR0565;Não;Não;Não;BOLETIM DE OCORRENCIA;Classificada;03/06/2022 06:23;Não
2022-22415747-3;(BM) 2022-023381075-001;01/06/2022 16:27;RUA SANTA TEREZINHA, Nº 204 - SAO FRANCISCO - PASSOS;-207.276.546;-466.173.845;V03018 - VITIMA DE QUEDA DA PROPRIA ALTURA (C) (Prioridade: 1 - Alta);1CIA IND/2CIA/1PEL(PASSOS);UR0565;Não;Não;Não;BOLETIM DE OCORRENCIA;Classificada;03/06/2022 06:23;Não
2022-22419280-8;(BM) 2022-023419327-001;01/06/2022 20:12;RUA SAO TOME, Nº 10 - CANDEIAS - PASSOS;-207.257.866;-466.153.731;V01003 - VITIMA COM CRISE CONVULSIVA (C) (Prioridade: 1 - Alta);1CIA IND/2CIA/1PEL(PASSOS);UR0565;Não;Não;Não;BOLETIM DE OCORRENCIA;Classificada;03/06/2022 06:23;Não
2022-22419809-0;(BM) 2022-023425653-001;01/06/2022 20:59;RUA COLORADO, Nº 700 - RESIDENCIAL ELDORADO - PASSOS;-207.333.808;-466.243.566;S06002 - CAPTURA DE ANIMAL SILVESTRE PERIGOSO / AGRESSIVO (C) (Prioridade: 2 - Média);1CIA IND/2CIA/1PEL(PASSOS);ASL00064;Não;Não;Não;BOLETIM DE OCORRENCIA;Classificada;03/06/2022 06:21;Não
2022-22425181-0;(BM) 2022-023492920-001;02/06/2022 09:42;RUA RIO GRANDE DO SUL, Nº 502 - BELA VISTA - PASSOS;-207.149.925;-46.597.684;S06002 - CAPTURA DE ANIMAL SILVESTRE PERIGOSO / AGRESSIVO (C) (Prioridade: 2 - Média);1CIA IND/2CIA/1PEL(PASSOS);ABTS0495;Não;Não;Não;BOLETIM DE OCORRENCIA;Classificada;03/06/2022 06:21;Não
2022-22425351-9;(BM) 2022-023483252-001;02/06/2022 10:00;RODOVIA MGC 146 - S  - N, Nº S/N - PASSOS;-207.005.628;-465.873.428;S06007 - CORTE / PODA DE ARVORE COM RISCO IMINENTE DE QUEDA (C) (Prioridade: 2 - Média);1CIA IND/2CIA/1PEL(PASSOS);ASL00064;Não;Não;Não;BOLETIM DE OCORRENCIA;Classificada;03/06/2022 06:21;Não
2022-22426196-3;(BM) 2022-023493141-001;02/06/2022 11:07;RUA BARTOLOMEU DE GUSMAO, Nº 399 - BELO HORIZONTE - PASSOS;-207.274.685;-466.092.255;V01018 - VITIMA DE MAL NAO DEFINIDO (DISTURBIO) (C) (Prioridade: 1 - Alta);1CIA IND/2CIA/1PEL(PASSOS);UR0565;Não;Não;Não;BOLETIM DE OCORRENCIA;Classificada;03/06/2022 06:23;Não
2022-22426959-3;(BM) 2022-023586133-001;02/06/2022 12:22;PRACA GERALDO DA SILVA MAIA, Nº 5 - CENTRO - PASSOS;-20.720.853;-466.080.518;O02003 - INCENDIO EM EDIFICACAO COMERCIAL (C) (Prioridade: 1 - Alta);1CIA IND/2CIA/1PEL(PASSOS);ABTS0495;Não;Não;Não;BOLETIM DE OCORRENCIA;Classificada;03/06/2022 06:24;Não
2022-22427713-9;(BM) 2022-023514110-001;02/06/2022 13:31;RUA VICENTINOS, Nº 40 - CANDEIAS - PASSOS;-207.229.295;-4.661.721;V01007 - VITIMA COM DISPNEIA (FALTA DE AR) (C) (Prioridade: 1 - Alta);1CIA IND/2CIA/1PEL(PASSOS);UR0565;Não;Não;Não;BOLETIM DE OCORRENCIA;Classificada;03/06/2022 06:24;Não
2022-22427902-1;(BM) 2022-023512726-001;02/06/2022 13:45;RUA BOIADEIROS, Nº 219 - CANDEIAS - PASSOS;-207.210.175;-466.183.041;P01001 - VISTORIA DE FISCALIZACAO (C) (Prioridade: 2 - Média);1CIA IND/2CIA/PEL PREV E VIST(PASSOS);APF01044;Não;Não;Não;BOLETIM DE OCORRENCIA;Classificada;03/06/2022 06:22;Não
2022-22428331-8;(BM) 2022-023518002-001;02/06/2022 14:15;RUA PADRE PIRES, Nº 156 - SAO FRANCISCO - PASSOS;-207.269.884;-46.618.196;P01001 - VISTORIA DE FISCALIZACAO (C) (Prioridade: 2 - Média);1CIA IND/2CIA/PEL PREV E VIST(PASSOS);APF01044;Não;Não;Não;BOLETIM DE OCORRENCIA;Classificada;03/06/2022 06:22;Não
2022-22428640-2;(BM) 2022-023521701-001;02/06/2022 14:32;RUA ANDORINHA, Nº 76 - NOSSA SENHORA DAS GRAÇAS - PASSOS;-207.391.975;-466.040.677;P01001 - VISTORIA DE FISCALIZACAO (C) (Prioridade: 2 - Média);1CIA IND/2CIA/PEL PREV E VIST(PASSOS);APF01044;Não;Não;Não;BOLETIM DE OCORRENCIA;Classificada;03/06/2022 06:22;Não
2022-22428914-6;(BM) 2022-023526219-001;02/06/2022 14:47;RUA VEREADOR OTACILIO BALDINI, Nº 130 - COHAB 4 - PASSOS;-207.217.828;-466.336.106;V01018 - VITIMA DE MAL NAO DEFINIDO (DISTURBIO) (C) (Prioridade: 1 - Alta);1CIA IND/2CIA/1PEL(PASSOS);UR0565;Não;Não;Não;BOLETIM DE OCORRENCIA;Classificada;03/06/2022 06:24;Não
2022-22428946-2;(BM) 2022-023525571-001;02/06/2022 14:49;AVENIDA ELDORADO, Nº 369 - RESIDENCIAL ELDORADO - PASSOS;-207.316.792;-46.619.889;P01001 - VISTORIA DE FISCALIZACAO (C) (Prioridade: 2 - Média);1CIA IND/2CIA/PEL PREV E VIST(PASSOS);APF01044;Não;Não;Não;BOLETIM DE OCORRENCIA;Classificada;03/06/2022 06:22;Não
2022-22429189-4;(BM) 2022-023545572-001;02/06/2022 15:04;RODOVIA MG 444, Km 19 - DOUTOR JOSE TEODORO DE SOUZA - CAPETINGA;-206.222.147;-470.522.426;O04014 - INCENDIO AS MARGENS DE RODOVIA (C) (Prioridade: 2 - Média);1CIA IND/2CIA/1PEL(PASSOS);ABTS0495;Não;Não;Não;BOLETIM DE OCORRENCIA;Classificada;03/06/2022 06:22;Não
2022-22430512-5;(BM) 2022-023556980-001;02/06/2022 16:16;RODOVIA LMG 856, Km 14 - CASSIA;-204.571.254;-469.015.368;V02403 - VITIMA DE COLISAO ENTRE AUTOMOVEIS (CARRO / CAMINHONETE) (C) (Prioridade: 1 - Alta);1CIA IND/2CIA/1PEL(PASSOS);ABTS0495;Não;Não;Não;BOLETIM DE OCORRENCIA;Classificada;03/06/2022 06:24;Não
2022-22433073-3;(BM) 2022-023576909-001;02/06/2022 18:43;RUA PADRE PIRES, Nº 339 - SAO FRANCISCO - PASSOS;-207.275.195;-466.200.985;V01018 - VITIMA DE MAL NAO DEFINIDO (DISTURBIO) (C) (Prioridade: 1 - Alta);1CIA IND/2CIA/1PEL(PASSOS);UR0565;Não;Não;Não;BOLETIM DE OCORRENCIA;Classificada;03/06/2022 06:24;Não
2022-22435169-1;(BM) 2022-023599474-001;02/06/2022 21:08;RUA JOSE DELFRARO, Nº 344 - FLAMBOYANT - PASSOS;-207.557.736;-466.070.041;W10000 - DISPENSADA POR DUPLICIDADE DE EMPENHO COM OUTROS ORGAOS (C) (Prioridade: 1 - Alta);1CIA IND/2CIA/1PEL(PASSOS);UR0565;Não;Não;Não;BOLETIM DE OCORRENCIA;Classificada;03/06/2022 06:24;Não
2022-22440569-9;(BM) 2022-023652527-001;03/06/2022 09:19;RUA TOPAZIO, Nº S/N - ACLIMACAO - PASSOS;-207.495.243;-465.981.571;P01002 - VISTORIA DE LIBERACAO / EMISSAO DE AVCB (C) (Prioridade: 2 - Média);1CIA IND/2CIA/PEL PREV E VIST(PASSOS);APF01362;Não;Não;Não;BOLETIM DE OCORRENCIA;Classificada;04/06/2022 04:03;Não
2022-22441188-0;(BM) 2022-023660668-001;03/06/2022 10:11;RUA TRES CORACOES, Nº S/N - MARIO MAGALHAES - PASSOS;-207.255.294;-466.138.952;P01002 - VISTORIA DE LIBERACAO / EMISSAO DE AVCB (C) (Prioridade: 2 - Média);1CIA IND/2CIA/PEL PREV E VIST(PASSOS);APF01362;Não;Não;Não;BOLETIM DE OCORRENCIA;Classificada;04/06/2022 04:03;Não
2022-22441355-0;(BM) 2022-023664290-001;03/06/2022 10:24;RUA TRES CORACOES, Nº 976 - SANTA RITA - PASSOS;-207.310.927;-466.087.491;P01001 - VISTORIA DE FISCALIZACAO (C) (Prioridade: 2 - Média);1CIA IND/2CIA/PEL PREV E VIST(PASSOS);APF01362;Não;Não;Não;BOLETIM DE OCORRENCIA;Classificada;04/06/2022 04:03;Não
2022-22442146-6;(BM) 2022-023675196-001;03/06/2022 11:25;RUA DOUTOR CARVALHO, Nº 1455 - NOSSA SENHORA DAS GRAÇAS - PASSOS;-207.352.269;-466.037.303;Q05002 - PROJETO DE DIVULGACAO DA NATACAO (C) (Prioridade: 1 - Alta);1CIA IND/2CIA/1PEL(PASSOS);BM1786441;Não;Não;Não;BOLETIM DE OCORRENCIA;Classificada;04/06/2022 08:07;Não
2022-22443089-0;(BM) 2022-023717420-001;03/06/2022 13:01;RUA B, Nº 36 - NOVO HORIZONTE - PASSOS;-207.320.087;-466.003.566;V01008 - VITIMA COM DOR ABDOMINAL (ABDOME AGUDO) (C) (Prioridade: 1 - Alta);1CIA IND/2CIA/1PEL(PASSOS);UR0565;Não;Não;Não;BOLETIM DE OCORRENCIA;Classificada;04/06/2022 08:07;Não
2022-22446293-2;(BM) 2022-023739446-001;03/06/2022 16:27;RODOVIA BR 464 SAO JOAO BATISTA DO GLORIA / DELFINOPOLIS, Nº S/N - SAO JOAO BATISTA GLORIA;-206.197.406;-465.240.295;S06001 - SALVAMENTO DE ANIMAL EM RISCO / PERIGO (C) (Prioridade: 2 - Média);1CIA IND/2CIA/1PEL(PASSOS);ASL00064;Não;Não;Não;BOLETIM DE OCORRENCIA;Classificada;04/06/2022 04:02;Não
2022-22446297-3;(BM) 2022-023734939-001;03/06/2022 16:28;RUA MARANHAO, Nº 204 - BELA VISTA - PASSOS;-207.154.601;-466.015.333;V01001 - VITIMA DE ACIDENTE VASCULAR CEREBRAL (AVC) (C) (Prioridade: 1 - Alta);1CIA IND/2CIA/1PEL(PASSOS);UR0565;Não;Não;Não;BOLETIM DE OCORRENCIA;Classificada;04/06/2022 04:02;Não
2022-22448596-5;(BM) 2022-023758336-001;03/06/2022 18:42;RUA RIO DOCE / RUA MATO GROSSO - SANTA LUZIA - PASSOS;-207.078.336;-466.019.922;V03005 - VITIMA DE AGRESSAO FISICA SEM USO DE ARMA (C) (Prioridade: 1 - Alta);1CIA IND/2CIA/1PEL(PASSOS);UR0565;Não;Não;Não;BOLETIM DE OCORRENCIA;Classificada;04/06/2022 08:06;Não
2022-22449057-6;(PM) 2022-023763627-001;03/06/2022 19:11;AVENIDA ANTONIO DIAS MACHADO, Nº S/N - DISTRITO INDUSTRIAL 2 - PASSOS;-207.355.142;-466.491.653;W98011 - SOLICITACAO DE APOIO (C) (Prioridade: 1 - Alta);1CIA IND/2CIA/1PEL(PASSOS);;Não;Não;Não;ATENDIDA PELO SAMU;Classificada;04/06/2022 08:05;Não
2022-22449337-2;;03/06/2022 19:29;RODOVIA MG 050, Nº S/N - PASSOS;-207.371.492;-466.395.925;W98011 - SOLICITACAO DE APOIO (C) (Prioridade: 1 - Alta);1CIA IND/2CIA/1PEL(PASSOS);;Não;Não;Não;DUPLICADA;Classificada;04/06/2022 08:06;Não
2022-22449622-9;(BM) 2022-023761039-001;03/06/2022 19:47;RODOVIA MG 050, Km 351 - PASSOS;-20.734.536;-465.792.906;V02408 - VITIMA DE COLISAO ENTRE AUTOMOVEL X MOTOCICLETA (C) (Prioridade: 1 - Alta);1CIA IND/2CIA/1PEL(PASSOS);UR0565;Não;Não;Não;BOLETIM DE OCORRENCIA;Classificada;04/06/2022 08:06;Não
2022-22452412-4;(BM) 2022-023788226-001;03/06/2022 22:54;AVENIDA DONA LIQUINHA SILVEIRA, Nº S/N - JARDIM SATELITE - PASSOS;-207.086.809;-466.237.875;S05302 - COLISAO ENTRE MOTOCICLETAS (C) (Prioridade: 1 - Alta);1CIA IND/2CIA/1PEL(PASSOS);UR0565;Não;Não;Não;BOLETIM DE OCORRENCIA;Classificada;04/06/2022 08:06;Não
2022-22453961-8;(BM) 2022-023813507-001;04/06/2022 00:41;RUA CEARA, Nº 886 - BELA VISTA - PASSOS;-207.176.827;-465.984.053;V01006 - VITIMA COM DIFICULDADE DE LOCOMOCAO (C) (Prioridade: 1 - Alta);1CIA IND/2CIA/1PEL(PASSOS);UR0565;Não;Não;Não;BOLETIM DE OCORRENCIA;Classificada;04/06/2022 08:06;Não
2022-22456293-9;(BM) 2022-023817220-001;04/06/2022 06:49;RODOVIA MG 050, Nº S/N - PASSOS;-207.371.492;-466.395.925;S05102 - CHOQUE DE MOTOCICLETA (C) (Prioridade: 1 - Alta);1CIA IND/2CIA/1PEL(PASSOS);UR0565;Não;Não;Não;BOLETIM DE OCORRENCIA;Classificada;04/06/2022 08:06;Não
2022-22457421-2;(BM) 2022-023826954-001;04/06/2022 09:29;AVENIDA SABIA, Nº S/N - MUARAMA 2 - PASSOS;-207.330.855;-466.157.928;S06003 - CAPTURA DE CAO PERIGOSO / AGRESSIVO (C) (Prioridade: 2 - Média);1CIA IND/2CIA/1PEL(PASSOS);ASL00064;Não;Não;Não;BOLETIM DE OCORRENCIA;Classificada;05/06/2022 07:34;Não
2022-22458481-0;(BM) 2022-023841244-001;04/06/2022 11:26;RUA DOUTOR CARVALHO, Nº 1455 - NOSSA SENHORA DAS GRAÇAS - PASSOS;-207.352.269;-466.037.303;Q03005 - TREINAMENTO DE SALVAMENTO TERRESTRE (C) (Prioridade: 2 - Média);1CIA IND/2CIA/1PEL(PASSOS);BM1795095;Não;Não;Não;BOLETIM DE OCORRENCIA;Classificada;05/06/2022 07:30;Não
2022-22458985-3;(BM) 2022-023840854-001;04/06/2022 12:36;RUA RIO PARDO, Nº 613 - SANTA LUZIA - PASSOS;-207.061.936;-466.022.967;V01018 - VITIMA DE MAL NAO DEFINIDO (DISTURBIO) (C) (Prioridade: 1 - Alta);1CIA IND/2CIA/1PEL(PASSOS);UR0565;Não;Não;Não;BOLETIM DE OCORRENCIA;Classificada;05/06/2022 07:39;Não
2022-22460787-2;(BM) 2022-023858555-001;04/06/2022 15:16;RUA DO MEIO, Nº 180 - NOVO HORIZONTE - PASSOS;-207.337.095;-466.012.792;V01018 - VITIMA DE MAL NAO DEFINIDO (DISTURBIO) (C) (Prioridade: 1 - Alta);1CIA IND/2CIA/1PEL(PASSOS);UR0565;Não;Não;Não;BOLETIM DE OCORRENCIA;Classificada;05/06/2022 07:39;Não
2022-22461547-4;(BM) 2022-023866079-001;04/06/2022 16:10;RUA SANTA INES, Nº 770 - BELO HORIZONTE - PASSOS;-207.316.099;-466.066.783;S06002 - CAPTURA DE ANIMAL SILVESTRE PERIGOSO / AGRESSIVO (C) (Prioridade: 2 - Média);1CIA IND/2CIA/1PEL(PASSOS);ASL00064;Não;Não;Não;BOLETIM DE OCORRENCIA;Classificada;05/06/2022 07:34;Não
2022-22462501-9;(BM) 2022-023878753-001;04/06/2022 17:13;RUA DOUTOR CARVALHO, Nº 1455 - NOSSA SENHORA DAS GRAÇAS - PASSOS;-207.352.269;-466.037.303;V01019 - VITIMA COM OBSTRUCAO DE VIAS AEREAS POR CORPOS ESTRANHOS (C) (Prioridade: 1 - Alta);1CIA IND/2CIA/1PEL(PASSOS);UR0565;Não;Não;Não;BOLETIM DE OCORRENCIA;Classificada;05/06/2022 07:39;Não
2022-22463501-4;(BM) 2022-023885517-001;04/06/2022 18:21;RUA OLAVO BILAC, Nº S/N - PENHA - PASSOS;-207.150.152;-466.224.072;S06005 - CAPTURA DE INSETOS (C) (Prioridade: 2 - Média);1CIA IND/2CIA/1PEL(PASSOS);ASL00064;Não;Não;Não;BOLETIM DE OCORRENCIA;Classificada;05/06/2022 07:34;Não
2022-22463706-7;(BM) 2022-023890338-001;04/06/2022 18:37;RUA DOUTOR CARVALHO, Nº 1455 - NOSSA SENHORA DAS GRAÇAS - PASSOS;-207.352.269;-466.037.303;Q03017 - TREINAMENTO DE PRIMEIROS SOCORROS (C) (Prioridade: 2 - Média);1CIA IND/2CIA/1PEL(PASSOS);BM1637750;Não;Não;Não;BOLETIM DE OCORRENCIA;Classificada;05/06/2022 07:30;Não
2022-22463873-9;(BM) 2022-023890290-001;04/06/2022 18:46;AVENIDA JUCA STOCKLER, Nº S/N - NOVO HORIZONTE - PASSOS;-207.366.397;-466.024.583;O02033 - INCENDIO EM AMONTOADO DE LIXO (C) (Prioridade: 2 - Média);1CIA IND/2CIA/1PEL(PASSOS);ABTS0495;Não;Não;Não;BOLETIM DE OCORRENCIA;Classificada;05/06/2022 07:30;Não
2022-22473787-5;(BM) 2022-023970857-001;05/06/2022 11:18;RUA ELZO CALIXTO MATTAR, Nº 653 - SANTA RITA - PASSOS;-207.326.325;-466.113.045;V03019 - VITIMA DE QUEDA DE ALTURA (C) (Prioridade: 1 - Alta);1CIA IND/2CIA/1PEL(PASSOS);UR0565;Não;Não;Não;BOLETIM DE OCORRENCIA;Classificada;07/06/2022 05:05;Não
2022-22473824-0;(BM) 2022-023971093-001;05/06/2022 11:21;RUA PALMEIRAS, Nº S/N - SERRA DAS BRISAS - PASSOS;-207.319.886;-465.950.805;O04012 - INCENDIO EM LOTE VAGO (AREA URBANA) (C) (Prioridade: 2 - Média);1CIA IND/2CIA/1PEL(PASSOS);ABTS0495;Não;Não;Não;BOLETIM DE OCORRENCIA;Classificada;07/06/2022 05:05;Não
2022-22474933-0;(BM) 2022-024046481-001;05/06/2022 13:46;RUA DOUTOR CARVALHO, Nº 1455 - NOSSA SENHORA DAS GRAÇAS - PASSOS;-207.352.269;-466.037.303;S04014 - SALVAMENTO DE PESSOA COM OBJETO PRESO AO CORPO (C) (Prioridade: 1 - Alta);1CIA IND/2CIA/1PEL(PASSOS);BM1274612;Não;Não;Não;BOLETIM DE OCORRENCIA;Classificada;07/06/2022 05:06;Não
2022-22474939-7;;05/06/2022 13:48;RUA FLORIANOPOLIS, Nº 551 - JARDIM COLEGIO DE PASSOS - PASSOS;-207.181.069;-465.926.431;V01023 - VITIMA DE SINCOPE (DESMAIO)/VERTIGEM (C) (Prioridade: 1 - Alta);1CIA IND/2CIA/1PEL(PASSOS);UR0565;Não;Não;Não;ATENDIDA PELO SAMU;Classificada;07/06/2022 05:06;Não
2022-22476722-6;(BM) 2022-023998447-001;05/06/2022 16:01;RUA MUZAMBINHO, Nº 1285 - JARDIM ELAINE - PASSOS;-20.695.593;-466.142.236;V01004 - VITIMA COM CRISE DIABETICA / HIPOGLICEMIA (C) (Prioridade: 1 - Alta);1CIA IND/2CIA/1PEL(PASSOS);UR0565;Não;Não;Não;BOLETIM DE OCORRENCIA;Classificada;07/06/2022 05:06;Não
2022-22477422-8;(BM) 2022-024005080-001;05/06/2022 16:52;RODOVIA MG 050, Km 355 - PASSOS;-207.388.237;-466.163.847;O04007 - INCENDIO EM PROPRIEDADE RURAL PARTICULAR (C) (Prioridade: 2 - Média);1CIA IND/2CIA/1PEL(PASSOS);ABTS0495;Não;Não;Não;BOLETIM DE OCORRENCIA;Classificada;07/06/2022 05:05;Não
2022-22478775-3;(BM) 2022-024031427-001;05/06/2022 18:18;RUA ROSAS, Nº S/N - COHAB 3 - PASSOS;-207.054.298;-466.213.988;W03000 - SOLICITANTE ENCONTRADO - PROVIDENCIA DISPENSADA (C) (Prioridade: 3 - Baixa);1CIA IND/2CIA/1PEL(PASSOS);UR0565;Não;Não;Não;BOLETIM DE OCORRENCIA;Classificada;07/06/2022 05:05;Não
2022-22480979-6;(BM) 2022-024038851-001;05/06/2022 20:37;RODOVIA MG 050, Nº S/N - PASSOS;-207.351.074;-465.719.703;O04014 - INCENDIO AS MARGENS DE RODOVIA (C) (Prioridade: 2 - Média);1CIA IND/2CIA/1PEL(PASSOS);ABTS0495;Não;Não;Não;BOLETIM DE OCORRENCIA;Classificada;07/06/2022 05:05;Não
2022-22485404-1;(BM) 2022-024081086-001;06/06/2022 07:22;TRAVESSA OSVALDO CRUZ, Nº 28 - CENTRO - PASSOS;-207.221.332;-46.608.695;V01001 - VITIMA DE ACIDENTE VASCULAR CEREBRAL (AVC) (C) (Prioridade: 1 - Alta);1CIA IND/2CIA/1PEL(PASSOS);UR0565;Não;Não;Não;BOLETIM DE OCORRENCIA;Classificada;07/06/2022 05:06;Não
2022-22486485-9;(BM) 2022-024101442-001;06/06/2022 09:22;RUA VESPASIANO, Nº 401 - PENHA 2 - PASSOS;-207.133.981;-466.293.155;V03005 - VITIMA DE AGRESSAO FISICA SEM USO DE ARMA (C) (Prioridade: 1 - Alta);1CIA IND/2CIA/1PEL(PASSOS);UR0565;Não;Não;Não;BOLETIM DE OCORRENCIA;Classificada;07/06/2022 07:31;Não
2022-22486689-9;(BM) 2022-024100961-001;06/06/2022 09:39;AVENIDA COMENDADOR FRANCISCO A MAIA, Nº 3300 - MARIO MAGALHAES - PASSOS;-207.275.447;-466.107.271;P01002 - VISTORIA DE LIBERACAO / EMISSAO DE AVCB (C) (Prioridade: 2 - Média);1CIA IND/2CIA/PEL PREV E VIST(PASSOS);APF01044;Não;Não;Não;BOLETIM DE OCORRENCIA;Classificada;07/06/2022 07:30;Não
2022-22487054-2;(BM) 2022-024104524-001;06/06/2022 10:11;RUA TRES CORACOES, Nº 320 - MARIO MAGALHAES - PASSOS;-207.274.195;-466.130.722;P01002 - VISTORIA DE LIBERACAO / EMISSAO DE AVCB (C) (Prioridade: 2 - Média);1CIA IND/2CIA/PEL PREV E VIST(PASSOS);APF01044;Não;Não;Não;BOLETIM DE OCORRENCIA;Classificada;07/06/2022 07:30;Não
2022-22487342-7;(BM) 2022-024125859-001;06/06/2022 10:35;PRACA CORONEL FRANCISCO GOMES, Nº 46 - CENTRO - PASSOS;-207.164.972;-466.070.682;X03000 - EMPENHO ADMINISTRATIVO (C) (Prioridade: 2 - Média);1CIA IND/2CIA/PEL PREV E VIST(PASSOS);APF01044;Não;Não;Não;BOLETIM DE OCORRENCIA;Classificada;07/06/2022 07:30;Não
2022-22487885-2;(BM) 2022-024113791-001;06/06/2022 11:17;RUA BARTOLOMEU DE GUSMAO, Nº 448 - BELO HORIZONTE - PASSOS;-207.274.357;-46.609.718;P01001 - VISTORIA DE FISCALIZACAO (C) (Prioridade: 2 - Média);1CIA IND/2CIA/PEL PREV E VIST(PASSOS);APF01044;Não;Não;Não;BOLETIM DE OCORRENCIA;Classificada;07/06/2022 07:30;Não
2022-22487917-7;(BM) 2022-024116648-001;06/06/2022 11:19;RUA DOUTOR CARVALHO, Nº 1455 - NOSSA SENHORA DAS GRAÇAS - PASSOS;-207.352.269;-466.037.303;Q05002 - PROJETO DE DIVULGACAO DA NATACAO (C) (Prioridade: 1 - Alta);1CIA IND/2CIA/1PEL(PASSOS);BM1785948;Não;Não;Não;BOLETIM DE OCORRENCIA;Classificada;07/06/2022 07:31;Não
2022-22488009-3;(BM) 2022-024114006-001;06/06/2022 11:28;RUA BARTOLOMEU DE GUSMAO, Nº S/N - BELO HORIZONTE - PASSOS;-20.726.416;-466.056.821;P01001 - VISTORIA DE FISCALIZACAO (C) (Prioridade: 2 - Média);1CIA IND/2CIA/PEL PREV E VIST(PASSOS);APF01044;Não;Não;Não;BOLETIM DE OCORRENCIA;Classificada;07/06/2022 07:30;Não
2022-22491294-0;(BM) 2022-024164332-001;06/06/2022 15:22;RUA ALAGOAS, Nº 497 - BELA VISTA - PASSOS;-207.163.532;-466.014.529;V01007 - VITIMA COM DISPNEIA (FALTA DE AR) (C) (Prioridade: 1 - Alta);1CIA IND/2CIA/1PEL(PASSOS);UR0565;Não;Não;Não;BOLETIM DE OCORRENCIA;Classificada;07/06/2022 07:31;Não
2022-22492254-0;(BM) 2022-024177331-001;06/06/2022 16:10;RUA SEBASTIAO TEOFILO, Nº S/N - NOVA CALIFORNIA - PASSOS;-206.992.396;-46.623.617;V03021 - VITIMA DE SUICIDIO (TENTATIVA) - APH TRAUMA (C) (Prioridade: 1 - Alta);1CIA IND/2CIA/1PEL(PASSOS);UR0565;Não;Não;Não;BOLETIM DE OCORRENCIA;Classificada;07/06/2022 07:31;Não
2022-22493177-7;(BM) 2022-024183523-001;06/06/2022 17:03;RUA BOIADEIROS, Nº 541 - PENHA - PASSOS;-207.174.944;-466.205.362;W05000 - DUPLICATA (C) (Prioridade: 3 - Baixa);1CIA IND/2CIA/1PEL(PASSOS);UR0565;Não;Não;Não;BOLETIM DE OCORRENCIA;Classificada;07/06/2022 07:30;Não
2022-22494696-0;(BM) 2022-024199513-001;06/06/2022 18:23;RUA SANTA CASA, Nº 145 - SANTA CASA - PASSOS;-207.131.994;-466.123.234;V01007 - VITIMA COM DISPNEIA (FALTA DE AR) (C) (Prioridade: 1 - Alta);1CIA IND/2CIA/1PEL(PASSOS);UR0565;Não;Não;Não;BOLETIM DE OCORRENCIA;Classificada;07/06/2022 07:31;Não
2022-22496151-0;(BM) 2022-024217389-001;06/06/2022 19:54;RUA CEARA, Nº 490 - BELA VISTA - PASSOS;-207.152.109;-46.601.052;V01004 - VITIMA COM CRISE DIABETICA / HIPOGLICEMIA (C) (Prioridade: 1 - Alta);1CIA IND/2CIA/1PEL(PASSOS);UR0565;Não;Não;Não;BOLETIM DE OCORRENCIA;Classificada;07/06/2022 07:31;Não
2022-22500476-1;(BM) 2022-024258946-001;07/06/2022 07:14;AVENIDA COMENDADOR FRANCISCO A MAIA, Nº S/N - SANTA CASA - PASSOS;-207.146.788;-466.127.072;V02102 - VITIMA DE ATROPELAMENTO POR MOTOCICLETA (C) (Prioridade: 1 - Alta);1CIA IND/2CIA/1PEL(PASSOS);UR0565;Não;Não;Não;BOLETIM DE OCORRENCIA;Classificada;07/06/2022 07:59;Não
2022-22500479-0;(BM) 2022-024259063-001;07/06/2022 07:15;AVENIDA JK, Nº S/N - MONSENHOR MESSIAS - PASSOS;-207.342.178;-465.979.772;O04011 - INCENDIO EM AREA URBANA NAO PROTEGIDA (C) (Prioridade: 2 - Média);1CIA IND/2CIA/1PEL(PASSOS);ABTS0495;Não;Não;Não;BOLETIM DE OCORRENCIA;Classificada;07/06/2022 07:45;Não
2022-22501003-5;(BM) 2022-024282763-001;07/06/2022 08:15;RUA PADRE ABEL, Nº 590 - PIUMHI;-204.611.146;-459.688.005;X03000 - EMPENHO ADMINISTRATIVO (C) (Prioridade: 2 - Média);1CIA IND/2CIA/1PEL(PASSOS);ASL00064;Não;Não;Não;BOLETIM DE OCORRENCIA;Classificada;08/06/2022 07:07;Não
2022-22504011-0;(BM) 2022-024299786-001;07/06/2022 12:59;RUA CONTAGEM, Nº 74 - PENHA - PASSOS;-207.150.681;-466.272.934;V01008 - VITIMA COM DOR ABDOMINAL (ABDOME AGUDO) (C) (Prioridade: 1 - Alta);1CIA IND/2CIA/1PEL(PASSOS);UR0565;Não;Não;Não;BOLETIM DE OCORRENCIA;Classificada;08/06/2022 07:08;Não
2022-22504447-5;(BM) 2022-024304410-001;07/06/2022 13:35;RUA BALSAMO, Nº 227 - SERRA DAS BRISAS - PASSOS;-207.355.562;-46.592.476;P01002 - VISTORIA DE LIBERACAO / EMISSAO DE AVCB (C) (Prioridade: 2 - Média);1CIA IND/2CIA/PEL PREV E VIST(PASSOS);APF01362;Não;Não;Não;BOLETIM DE OCORRENCIA;Classificada;08/06/2022 07:07;Não
2022-22504858-0;(BM) 2022-024308616-001;07/06/2022 14:03;RUA COLORADO, Nº 573 - RESIDENCIAL ELDORADO - PASSOS;-207.324.844;-466.236.388;P01001 - VISTORIA DE FISCALIZACAO (C) (Prioridade: 2 - Média);1CIA IND/2CIA/PEL PREV E VIST(PASSOS);APF01362;Não;Não;Não;BOLETIM DE OCORRENCIA;Classificada;08/06/2022 07:07;Não
2022-22505277-2;(BM) 2022-024313606-001;07/06/2022 14:28;RUA PARDAL, Nº 487 - NOSSA SENHORA DAS GRAÇAS - PASSOS;-207.366.845;-466.067.017;P01001 - VISTORIA DE FISCALIZACAO (C) (Prioridade: 2 - Média);1CIA IND/2CIA/PEL PREV E VIST(PASSOS);APF01362;Não;Não;Não;BOLETIM DE OCORRENCIA;Classificada;08/06/2022 07:07;Não
2022-22506265-9;(BM) 2022-024325810-001;07/06/2022 15:18;RUA MISSOES, Nº 713 - JARDIM PLANALTO - PASSOS;-207.174.444;-466.255.034;S06001 - SALVAMENTO DE ANIMAL EM RISCO / PERIGO (C) (Prioridade: 2 - Média);1CIA IND/2CIA/1PEL(PASSOS);ASL00064;Não;Não;Não;BOLETIM DE OCORRENCIA;Classificada;08/06/2022 07:07;Não
2022-22506681-3;(BM) 2022-024330538-001;07/06/2022 15:40;RUA COLORADO, Nº 700 - RESIDENCIAL ELDORADO - PASSOS;-207.333.808;-466.243.566;S06002 - CAPTURA DE ANIMAL SILVESTRE PERIGOSO / AGRESSIVO (C) (Prioridade: 2 - Média);1CIA IND/2CIA/1PEL(PASSOS);ABTS0495;Não;Não;Não;BOLETIM DE OCORRENCIA;Classificada;08/06/2022 07:08;Não
2022-22510878-1;(BM) 2022-024380197-001;07/06/2022 19:56;RUA GOIAS, Nº 1890 - BELA VISTA - PASSOS;-207.162.414;-465.953.142;O04012 - INCENDIO EM LOTE VAGO (AREA URBANA) (C) (Prioridade: 2 - Média);1CIA IND/2CIA/1PEL(PASSOS);ABTS0495;Não;Não;Não;BOLETIM DE OCORRENCIA;Classificada;08/06/2022 07:08;Não
2022-22512544-7;(BM) 2022-024397100-001;07/06/2022 22:00;RUA PETUNIAS, Nº S/N - PANORAMA - PASSOS;-207.107.415;-466.143.014;O02034 - INCENDIO EM CACAMBA DE LIXO / ENTULHO (C) (Prioridade: 2 - Média);1CIA IND/2CIA/1PEL(PASSOS);ABTS0495;Não;Não;Não;BOLETIM DE OCORRENCIA;Classificada;08/06/2022 07:08;Não
2022-22516935-6;(BM) 2022-024450184-001;08/06/2022 09:31;AVENIDA SABIA, Nº S/N - MUARAMA 2 - PASSOS;-207.330.855;-466.157.928;S06001 - SALVAMENTO DE ANIMAL EM RISCO / PERIGO (C) (Prioridade: 2 - Média);1CIA IND/2CIA/1PEL(PASSOS);ASL00064;Não;Não;Não;BOLETIM DE OCORRENCIA;Classificada;09/06/2022 07:24;Não
2022-22517400-4;(BM) 2022-024451098-001;08/06/2022 10:12;RUA FLORIPES NOGUEIRA MENDES, Nº 485 - PASSOS;-20.747.152;-466.037.271;P01002 - VISTORIA DE LIBERACAO / EMISSAO DE AVCB (C) (Prioridade: 2 - Média);1CIA IND/2CIA/PEL PREV E VIST(PASSOS);APF01362;Não;Não;Não;BOLETIM DE OCORRENCIA;Classificada;09/06/2022 07:24;Não
2022-22517623-9;(BM) 2022-024454310-001;08/06/2022 10:31;RODOVIA MG 050, Nº 1360 - SERRA VERDE - PASSOS;-20.737.687;-465.900.815;X03000 - EMPENHO ADMINISTRATIVO (C) (Prioridade: 2 - Média);1CIA IND/2CIA/1PEL(PASSOS);ASL00064;Não;Não;Não;BOLETIM DE OCORRENCIA;Classificada;09/06/2022 07:24;Não
2022-22517628-2;(BM) 2022-024454715-001;08/06/2022 10:33;RUA ALPENINOS, Nº 130 - CALIFORNIA - PASSOS;-207.056.745;-46.615.553;P01002 - VISTORIA DE LIBERACAO / EMISSAO DE AVCB (C) (Prioridade: 2 - Média);1CIA IND/2CIA/PEL PREV E VIST(PASSOS);APF01362;Não;Não;Não;BOLETIM DE OCORRENCIA;Classificada;09/06/2022 07:24;Não
2022-22518064-4;(BM) 2022-024460502-001;08/06/2022 11:07;AVENIDA ANTONIO ADAO DA SILVA, Nº 111 - PENHA 2 - PASSOS;-207.189.598;-466.322.189;W09000 - CANCELADA POR ORDEM DO ORGAO DE COORDENACAO E CONTROLE (C) (Prioridade: 3 - Baixa);1CIA IND/2CIA/1PEL(PASSOS);UR0565;Não;Não;Não;BOLETIM DE OCORRENCIA;Classificada;09/06/2022 07:19;Não
2022-22519649-3;(BM) 2022-024479459-001;08/06/2022 13:33;RUA AMAPA, Nº S/N - SANTA LUZIA - PASSOS;-207.079.877;-465.972.919;O04012 - INCENDIO EM LOTE VAGO (AREA URBANA) (C) (Prioridade: 2 - Média);1CIA IND/2CIA/1PEL(PASSOS);ABTS0495;Não;Não;Não;BOLETIM DE OCORRENCIA;Classificada;09/06/2022 07:22;Não
2022-22519831-7;(BM) 2022-024490158-001;08/06/2022 13:44;AVENIDA EXPEDICIONARIOS, Nº S/N - MIRANTE DO VALE - PASSOS;-207.256.744;-465.818.365;S06002 - CAPTURA DE ANIMAL SILVESTRE PERIGOSO / AGRESSIVO (C) (Prioridade: 2 - Média);1CIA IND/2CIA/1PEL(PASSOS);ASL00064;Não;Não;Não;BOLETIM DE OCORRENCIA;Classificada;09/06/2022 07:24;Não
2022-22520123-4;(BM) 2022-024484709-001;08/06/2022 14:07;RUA SANTA MONICA, Nº 50 - CARMELO - PASSOS;-207.141.812;-46.605.511;P01001 - VISTORIA DE FISCALIZACAO (C) (Prioridade: 2 - Média);1CIA IND/2CIA/PEL PREV E VIST(PASSOS);APF01362;Não;Não;Não;BOLETIM DE OCORRENCIA;Classificada;09/06/2022 07:24;Não
2022-22521911-7;(BM) 2022-024508634-001;08/06/2022 15:48;RUA LEONARDO HENRY AGUIAR SILVA, Nº S/N - RESIDENCIAL VILLAGIO DI ITALIA - PASSOS;-207.332.558;-465.927.498;O04012 - INCENDIO EM LOTE VAGO (AREA URBANA) (C) (Prioridade: 2 - Média);1CIA IND/2CIA/1PEL(PASSOS);ABTS0495;Não;Não;Não;BOLETIM DE OCORRENCIA;Classificada;09/06/2022 07:22;Não
2022-22522449-2;(BM) 2022-024515664-001;08/06/2022 16:21;RUA PADRE PIRES, Nº 339 - SAO FRANCISCO - PASSOS;-207.275.195;-466.200.985;V01018 - VITIMA DE MAL NAO DEFINIDO (DISTURBIO) (C) (Prioridade: 1 - Alta);1CIA IND/2CIA/1PEL(PASSOS);UR0565;Não;Não;Não;BOLETIM DE OCORRENCIA;Classificada;09/06/2022 07:19;Não
2022-22524884-2;(BM) 2022-024542880-001;08/06/2022 18:51;RUA AMAPA, Nº S/N - SANTA LUZIA - PASSOS;-207.079.877;-465.972.919;V01018 - VITIMA DE MAL NAO DEFINIDO (DISTURBIO) (C) (Prioridade: 1 - Alta);1CIA IND/2CIA/1PEL(PASSOS);UR0565;Não;Não;Não;BOLETIM DE OCORRENCIA;Classificada;09/06/2022 07:19;Não
2022-22526405-9;(BM) 2022-024558581-001;08/06/2022 20:32;RUA CAMPANARIO, Nº 321 - COHAB 2 - PASSOS;-207.085.192;-466.298.095;O02039 - INCENDIO EM TRONCO DE ARVORE (C) (Prioridade: 2 - Média);1CIA IND/2CIA/1PEL(PASSOS);ABTS0495;Não;Não;Não;BOLETIM DE OCORRENCIA;Classificada;09/06/2022 07:22;Não
2022-22527835-3;(BM) 2022-024574515-001;08/06/2022 22:22;RUA ROSAS, Nº S/N - COHAB 3 - PASSOS;-207.054.298;-466.213.988;O04011 - INCENDIO EM AREA URBANA NAO PROTEGIDA (C) (Prioridade: 2 - Média);1CIA IND/2CIA/1PEL(PASSOS);ABTS0495;Não;Não;Não;BOLETIM DE OCORRENCIA;Classificada;09/06/2022 07:22;Não
2022-22532850-6;(BM) 2022-024626212-001;09/06/2022 10:00;RUA CANJERANUS, Nº S/N - CANJERANUS - PASSOS;-207.089.894;-466.069.659;S06004 - CAPTURA DE OUTROS ANIMAIS DOMESTICOS PERIGOSOS / AGRESSIVOS (C) (Prioridade: 2 - Média);1CIA IND/2CIA/1PEL(PASSOS);ASL00064;Não;Não;Não;BOLETIM DE OCORRENCIA;Classificada;10/06/2022 08:02;Não
2022-22533650-2;(BM) 2022-024636547-001;09/06/2022 10:59;RUA AMETISTA, Nº S/N - ACLIMACAO - PASSOS;-207.518.491;-46.601.633;S06001 - SALVAMENTO DE ANIMAL EM RISCO / PERIGO (C) (Prioridade: 2 - Média);1CIA IND/2CIA/1PEL(PASSOS);ASL00064;Não;Não;Não;BOLETIM DE OCORRENCIA;Classificada;10/06/2022 08:02;Não
2022-22533814-8;(BM) 2022-024638546-001;09/06/2022 11:12;RUA ALBERTINO FERREIRA ROSA, Nº 440 - JARDIM ITALIA - PASSOS;-207.470.106;-466.043.757;V03018 - VITIMA DE QUEDA DA PROPRIA ALTURA (C) (Prioridade: 1 - Alta);1CIA IND/2CIA/1PEL(PASSOS);UR0565;Não;Não;Não;BOLETIM DE OCORRENCIA;Classificada;10/06/2022 08:01;Não
2022-22534714-9;(BM) 2022-024651439-001;09/06/2022 12:33;RUA COLORADO, Nº 658 - RESIDENCIAL ELDORADO - PASSOS;-207.328.749;-466.241.099;W10000 - DISPENSADA POR DUPLICIDADE DE EMPENHO COM OUTROS ORGAOS (C) (Prioridade: 1 - Alta);1CIA IND/2CIA/1PEL(PASSOS);UR0565;Não;Não;Não;BOLETIM DE OCORRENCIA;Classificada;10/06/2022 08:01;Não
2022-22535716-0;;09/06/2022 13:55;AVENIDA JUCA STOCKLER, Nº 533 - BELO HORIZONTE - PASSOS;-20.728.361;-466.051.976;V01018 - VITIMA DE MAL NAO DEFINIDO (DISTURBIO) (C) (Prioridade: 1 - Alta);1CIA IND/2CIA/1PEL(PASSOS);;Não;Não;Não;ATENDIDA PELO SAMU;Classificada;09/06/2022 14:41;Não
2022-22537284-8;(BM) 2022-024682769-001;09/06/2022 15:13;RUA LAVRAS, Nº 769 - MARIO MAGALHAES - PASSOS;-207.291.915;-466.106.065;V01001 - VITIMA DE ACIDENTE VASCULAR CEREBRAL (AVC) (C) (Prioridade: 1 - Alta);1CIA IND/2CIA/1PEL(PASSOS);UR0565;Não;Não;Não;BOLETIM DE OCORRENCIA;Classificada;10/06/2022 08:01;Não
2022-22537570-7;(BM) 2022-024682715-001;09/06/2022 15:25;RUA AUSTRIA, Nº 211 - NOVO MUNDO - PASSOS;-207.268.558;-465.907.716;P01001 - VISTORIA DE FISCALIZACAO (C) (Prioridade: 2 - Média);1CIA IND/2CIA/PEL PREV E VIST(PASSOS);APF01362;Não;Não;Não;BOLETIM DE OCORRENCIA;Classificada;11/06/2022 05:07;Não
2022-22537926-3;(BM) 2022-024686964-001;09/06/2022 15:45;RUA LARANJEIRAS, Nº 22 - SERRA DAS BRISAS - PASSOS;-207.362.311;-465.917.043;P01001 - VISTORIA DE FISCALIZACAO (C) (Prioridade: 2 - Média);1CIA IND/2CIA/PEL PREV E VIST(PASSOS);APF01362;Não;Não;Não;BOLETIM DE OCORRENCIA;Classificada;11/06/2022 05:07;Não
2022-22538245-1;(BM) 2022-024690527-001;09/06/2022 16:00;RUA TRES CORACOES, Nº 976 - SANTA RITA - PASSOS;-207.310.927;-466.087.491;P01001 - VISTORIA DE FISCALIZACAO (C) (Prioridade: 2 - Média);1CIA IND/2CIA/PEL PREV E VIST(PASSOS);APF01362;Não;Não;Não;BOLETIM DE OCORRENCIA;Classificada;11/06/2022 05:07;Não
2022-22538507-6;(BM) 2022-024694146-001;09/06/2022 16:14;RUA ROUXINOL, Nº 1037 - SAO JOAO - PASSOS;-207.362;-466.091.205;P01001 - VISTORIA DE FISCALIZACAO (C) (Prioridade: 2 - Média);1CIA IND/2CIA/PEL PREV E VIST(PASSOS);APF01362;Não;Não;Não;BOLETIM DE OCORRENCIA;Classificada;11/06/2022 05:07;Não
2022-22547927-2;(BM) 2022-024795056-001;10/06/2022 07:24;RUA ONOFRE R TEIXEIRA, Nº 63 - PENHA - PASSOS;-207.139.338;-466.289.165;P01001 - VISTORIA DE FISCALIZACAO (C) (Prioridade: 2 - Média);1CIA IND/2CIA/PEL PREV E VIST(PASSOS);APF01362;Não;Não;Não;BOLETIM DE OCORRENCIA;Classificada;11/06/2022 05:13;Não
2022-22547953-2;(BM) 2022-024795620-001;10/06/2022 07:25;RUA DOUTOR CARVALHO, Nº 1455 - NOSSA SENHORA DAS GRAÇAS - PASSOS;-207.352.269;-466.037.303;Q03018 - TREINAMENTO DE CONDUCAO E OPERACAO DE VIATURAS (C) (Prioridade: 3 - Baixa);1CIA IND/2CIA/1PEL(PASSOS);BM1274612;Não;Não;Não;BOLETIM DE OCORRENCIA;Classificada;10/06/2022 08:02;Não
2022-22548164-8;(BM) 2022-024797490-001;10/06/2022 07:46;RUA ALFERES JOAO PIMENTA DE ABREU, Nº 144 - EXPOSICAO - PASSOS;-207.322.384;-466.091.226;P01001 - VISTORIA DE FISCALIZACAO (C) (Prioridade: 2 - Média);1CIA IND/2CIA/PEL PREV E VIST(PASSOS);APF01044;Não;Não;Não;BOLETIM DE OCORRENCIA;Classificada;11/06/2022 05:11;Não
2022-22548193-6;(BM) 2022-024797750-001;10/06/2022 07:49;RUA CAMPANARIO, Nº 101 - COHAB 2 - PASSOS;-20.709.459;-466.274.774;P01001 - VISTORIA DE FISCALIZACAO (C) (Prioridade: 2 - Média);1CIA IND/2CIA/PEL PREV E VIST(PASSOS);APF01362;Não;Não;Não;BOLETIM DE OCORRENCIA;Classificada;11/06/2022 05:13;Não
2022-22548254-9;(BM) 2022-024799838-001;10/06/2022 07:57;RUA GUAXUPE, Nº 761 - PASSOS;-207.254.656;-466.330.075;P01001 - VISTORIA DE FISCALIZACAO (C) (Prioridade: 2 - Média);1CIA IND/2CIA/PEL PREV E VIST(PASSOS);APF01362;Não;Não;Não;BOLETIM DE OCORRENCIA;Classificada;11/06/2022 05:13;Não
2022-22548298-4;(BM) 2022-024799734-001;10/06/2022 08:03;RUA MARIA AUGUSTA DE FARIA, Nº 536 - JARDIM ITALIA - PASSOS;-207.480.259;-466.040.993;P01001 - VISTORIA DE FISCALIZACAO (C) (Prioridade: 2 - Média);1CIA IND/2CIA/PEL PREV E VIST(PASSOS);APF01044;Não;Não;Não;BOLETIM DE OCORRENCIA;Classificada;11/06/2022 05:12;Não
2022-22548337-4;(BM) 2022-024811427-001;10/06/2022 08:05;RUA PARA, Nº S/N - POLIVALENTE - PASSOS;-207.065.593;-466.081.424;V02408 - VITIMA DE COLISAO ENTRE AUTOMOVEL X MOTOCICLETA (C) (Prioridade: 1 - Alta);1CIA IND/2CIA/1PEL(PASSOS);UR0565;Não;Não;Não;BOLETIM DE OCORRENCIA;Classificada;11/06/2022 07:36;Não
2022-22548565-9;(BM) 2022-024801083-001;10/06/2022 08:21;RUA MARIA AUGUSTA DE FARIA, Nº 734 - JARDIM CANADA - PASSOS;-207.483.227;-466.033.979;P01001 - VISTORIA DE FISCALIZACAO (C) (Prioridade: 2 - Média);1CIA IND/2CIA/PEL PREV E VIST(PASSOS);APF01044;Não;Não;Não;BOLETIM DE OCORRENCIA;Classificada;11/06/2022 05:12;Não
2022-22548860-9;(BM) 2022-024804494-001;10/06/2022 08:42;RUA FRANCISCA CHERCHIGLIA PIASSI, Nº 105 - JARDIM CANADA - PASSOS;-207.521.804;-4.660.755;P01001 - VISTORIA DE FISCALIZACAO (C) (Prioridade: 2 - Média);1CIA IND/2CIA/PEL PREV E VIST(PASSOS);APF01044;Não;Não;Não;BOLETIM DE OCORRENCIA;Classificada;11/06/2022 05:12;Não
2022-22549079-6;(BM) 2022-024808060-001;10/06/2022 08:57;RUA DOUTOR CARVALHO, Nº 1455 - NOSSA SENHORA DAS GRAÇAS - PASSOS;-207.352.269;-466.037.303;Q05002 - PROJETO DE DIVULGACAO DA NATACAO (C) (Prioridade: 1 - Alta);1CIA IND/2CIA/1PEL(PASSOS);BM1644855;Não;Não;Não;BOLETIM DE OCORRENCIA;Classificada;11/06/2022 07:35;Não
2022-22549104-1;(BM) 2022-024807312-001;10/06/2022 08:57;RUA TEREZA LIMA MAIA, Nº 397 - PENHA 2 - PASSOS;-20.716.266;-466.303.082;P01001 - VISTORIA DE FISCALIZACAO (C) (Prioridade: 2 - Média);1CIA IND/2CIA/PEL PREV E VIST(PASSOS);APF01362;Não;Não;Não;BOLETIM DE OCORRENCIA;Classificada;11/06/2022 05:12;Não
2022-22549108-2;(BM) 2022-024808107-001;10/06/2022 08:58;RUA JOAO BATISTA PEREIRA, Nº 356 - JARDIM CANADA II - PASSOS;-207.536.295;-466.120.454;P01001 - VISTORIA DE FISCALIZACAO (C) (Prioridade: 2 - Média);1CIA IND/2CIA/PEL PREV E VIST(PASSOS);APF01044;Não;Não;Não;BOLETIM DE OCORRENCIA;Classificada;11/06/2022 05:12;Não
2022-22549453-0;;10/06/2022 09:17;RUA ODILON LEMOS DE MELO, Nº 61 - FLAMBOYANT - PASSOS;-207.546.847;-466.047.817;P01001 - VISTORIA DE FISCALIZACAO (C) (Prioridade: 2 - Média);1CIA IND/2CIA/PEL PREV E VIST(PASSOS);APF01044;Não;Não;Não;DUPLICADA;Classificada;10/06/2022 10:35;Não
2022-22549495-0;(BM) 2022-024811380-001;10/06/2022 09:19;AVENIDA AMAZONAS, Nº 784 - BELA VISTA 2 - PASSOS;-207.126.559;-465.961.335;P01001 - VISTORIA DE FISCALIZACAO (C) (Prioridade: 2 - Média);1CIA IND/2CIA/PEL PREV E VIST(PASSOS);APF01362;Não;Não;Não;BOLETIM DE OCORRENCIA;Classificada;11/06/2022 05:12;Não
2022-22549667-4;(BM) 2022-024813846-001;10/06/2022 09:31;RUA ODILON LEMOS DE MELO, Nº 61 - FLAMBOYANT - PASSOS;-207.546.847;-466.047.817;P01001 - VISTORIA DE FISCALIZACAO (C) (Prioridade: 2 - Média);1CIA IND/2CIA/PEL PREV E VIST(PASSOS);APF01044;Não;Não;Não;BOLETIM DE OCORRENCIA;Classificada;11/06/2022 05:12;Não
2022-22549708-0;(BM) 2022-024814132-001;10/06/2022 09:32;RUA PITANGUI, Nº 563 - COHAB 2 - PASSOS;-207.114.291;-466.322.783;P01001 - VISTORIA DE FISCALIZACAO (C) (Prioridade: 2 - Média);1CIA IND/2CIA/PEL PREV E VIST(PASSOS);APF01362;Não;Não;Não;BOLETIM DE OCORRENCIA;Classificada;11/06/2022 05:12;Não
2022-22549956-1;(BM) 2022-024817584-001;10/06/2022 09:49;RUA FLORIPES NOGUEIRA MENDES, Nº 365 - JARDIM ITALIA - PASSOS;-207.462.089;-466.035.444;P01001 - VISTORIA DE FISCALIZACAO (C) (Prioridade: 2 - Média);1CIA IND/2CIA/PEL PREV E VIST(PASSOS);APF01044;Não;Não;Não;BOLETIM DE OCORRENCIA;Classificada;11/06/2022 05:11;Não
2022-22550018-9;(BM) 2022-024817619-001;10/06/2022 09:50;RUA SALINAS, Nº 20 - COHAB 2 - PASSOS;-207.120.129;-466.266.995;P01001 - VISTORIA DE FISCALIZACAO (C) (Prioridade: 2 - Média);1CIA IND/2CIA/PEL PREV E VIST(PASSOS);APF01362;Não;Não;Não;BOLETIM DE OCORRENCIA;Classificada;11/06/2022 05:11;Não
2022-22550206-9;(BM) 2022-024820205-001;10/06/2022 10:03;ESTRADA SBG 010 - POUSADA MIRANTE, Nº S/N - SAO JOAO BATISTA GLORIA;-20.515.919;-464.734.993;P01003 - VISTORIA EM EVENTOS TEMPORARIOS (C) (Prioridade: 1 - Alta);1CIA IND/2CIA/PEL PREV E VIST(PASSOS);APF01362;Não;Não;Não;BOLETIM DE OCORRENCIA;Classificada;11/06/2022 05:11;Não
2022-22550231-6;(BM) 2022-024820380-001;10/06/2022 10:05;RUA MORGANITA, Nº 1604 - ACLIMACAO - PASSOS;-207.534.274;-465.993.975;P01001 - VISTORIA DE FISCALIZACAO (C) (Prioridade: 2 - Média);1CIA IND/2CIA/PEL PREV E VIST(PASSOS);APF01044;Não;Não;Não;BOLETIM DE OCORRENCIA;Classificada;11/06/2022 05:11;Não
2022-22550471-0;(BM) 2022-024823904-001;10/06/2022 10:17;RUA TORONTO, Nº 676 - JARDIM CANADA II - PASSOS;-207.539.125;-466.086.057;S06001 - SALVAMENTO DE ANIMAL EM RISCO / PERIGO (C) (Prioridade: 2 - Média);1CIA IND/2CIA/1PEL(PASSOS);ASL00064;Não;Não;Não;BOLETIM DE OCORRENCIA;Classificada;11/06/2022 07:36;Não
2022-22551929-1;(BM) 2022-024840600-001;10/06/2022 11:48;RUA FLORIANOPOLIS, Nº 294 - JARDIM COLEGIO DE PASSOS - PASSOS;-207.198.029;-465.942.991;P01001 - VISTORIA DE FISCALIZACAO (C) (Prioridade: 2 - Média);1CIA IND/2CIA/PEL PREV E VIST(PASSOS);APF01362;Não;Não;Não;BOLETIM DE OCORRENCIA;Classificada;11/06/2022 05:11;Não
2022-22552775-5;(BM) 2022-024849382-001;10/06/2022 13:08;RUA OURO PRETO, Nº 282 - CENTRO - PASSOS;-207.248.256;-466.103.651;P01001 - VISTORIA DE FISCALIZACAO (C) (Prioridade: 2 - Média);1CIA IND/2CIA/PEL PREV E VIST(PASSOS);APF01362;Não;Não;Não;BOLETIM DE OCORRENCIA;Classificada;11/06/2022 05:11;Não
2022-22553721-1;(BM) 2022-024866091-001;10/06/2022 14:14;RUA RIO TIETE, Nº 176 - SANTA LUZIA - PASSOS;-207.099.317;-466.031.191;V01007 - VITIMA COM DISPNEIA (FALTA DE AR) (C) (Prioridade: 1 - Alta);1CIA IND/2CIA/1PEL(PASSOS);UR0565;Não;Não;Não;BOLETIM DE OCORRENCIA;Classificada;11/06/2022 07:35;Não
2022-22555830-8;(BM) 2022-024912807-001;10/06/2022 16:11;RUA SEXTA CHAPADA, Nº S/N - BELO HORIZONTE - PASSOS;-207.262.513;-466.039.598;V03018 - VITIMA DE QUEDA DA PROPRIA ALTURA (C) (Prioridade: 1 - Alta);1CIA IND/2CIA/1PEL(PASSOS);UR0565;Não;Não;Não;BOLETIM DE OCORRENCIA;Classificada;11/06/2022 07:35;Não
2022-22561899-9;(BM) 2022-024956716-001;10/06/2022 22:25;RUA MURIAE, Nº 120 - CALIFORNIA - PASSOS;-207.020.194;-466.164.848;V01023 - VITIMA DE SINCOPE (DESMAIO)/VERTIGEM (C) (Prioridade: 1 - Alta);1CIA IND/2CIA/1PEL(PASSOS);UR0565;Não;Não;Não;BOLETIM DE OCORRENCIA;Classificada;11/06/2022 07:35;Não
2022-22567059-0;(BM) 2022-024996417-001;11/06/2022 09:06;RUA DOUTOR CARVALHO, Nº 1455 - NOSSA SENHORA DAS GRAÇAS - PASSOS;-207.352.269;-466.037.303;Q03004 - TREINAMENTO DE SALVAMENTO EM ALTURA (C) (Prioridade: 2 - Média);1CIA IND/2CIA/1PEL(PASSOS);BM1315175;Não;Não;Não;BOLETIM DE OCORRENCIA;Classificada;12/06/2022 03:06;Não
2022-22568655-2;(BM) 2022-025013071-001;11/06/2022 12:14;AVENIDA JUCA STOCKLER, Nº S/N - SAO JOAQUIM - PASSOS;-207.420.993;-46.600.964;X03000 - EMPENHO ADMINISTRATIVO (C) (Prioridade: 2 - Média);1CIA IND/2CIA/1PEL(PASSOS);ASL00064;Não;Não;Não;BOLETIM DE OCORRENCIA;Classificada;12/06/2022 03:06;Não
2022-22569339-8;(BM) 2022-025018180-001;11/06/2022 13:42;RUA VEREADOR NADRA ESPER KALLAS, Nº 40 - COHAB 4 - PASSOS;-207.202.563;-466.352.788;V02408 - VITIMA DE COLISAO ENTRE AUTOMOVEL X MOTOCICLETA (C) (Prioridade: 1 - Alta);1CIA IND/2CIA/1PEL(PASSOS);UR0565;Não;Não;Não;BOLETIM DE OCORRENCIA;Classificada;12/06/2022 03:05;Não
2022-22571133-5;(BM) 2022-025034835-001;11/06/2022 15:47;RUA CORONEL GASPARINO DE ANDRADE, Nº 873 - CENTRO - ITAU DE MINAS;-207.450.248;-467.537.103;P02011 - VISTORIA EM ENXAME DE INSETOS (C) (Prioridade: 2 - Média);1CIA IND/2CIA/1PEL(PASSOS);ASL00064;Não;Não;Não;BOLETIM DE OCORRENCIA;Classificada;12/06/2022 03:06;Não
2022-22571628-8;(BM) 2022-025038307-001;11/06/2022 16:19;AVENIDA NACOES, Nº 259 - VILA RICA - PASSOS;-20.727.933;-465.984.176;P02001 - VISTORIA EM HIDRANTE (C) (Prioridade: 2 - Média);1CIA IND/2CIA/1PEL(PASSOS);ABTS0495;Não;Não;Não;BOLETIM DE OCORRENCIA;Classificada;12/06/2022 03:05;Não
2022-22571896-7;(BM) 2022-025041198-001;11/06/2022 16:40;ESTRADA PRINCIPAL BANANAL, Nº S/N - PASSOS;-20.650.833;-46.740.833;V02203 - VITIMA DE CHOQUE DE AUTOMOVEL (CARRO / CAMINHONETE) (C) (Prioridade: 1 - Alta);1CIA IND/2CIA/1PEL(PASSOS);UR0565;Não;Não;Não;BOLETIM DE OCORRENCIA;Classificada;12/06/2022 03:05;Não
2022-22577026-8;(BM) 2022-025087799-001;11/06/2022 22:22;ESTRADA PRINCIPAL LINHA DO BANANAL KM 20, Nº S/N - PASSOS;-20.651.944;-46.789.444;V01003 - VITIMA COM CRISE CONVULSIVA (C) (Prioridade: 1 - Alta);1CIA IND/2CIA/1PEL(PASSOS);UR0565;Não;Não;Não;BOLETIM DE OCORRENCIA;Classificada;12/06/2022 03:04;Não
2022-22582925-5;(BM) 2022-025131277-001;12/06/2022 09:47;RUA SENZALA, Nº 504 - CASARAO - PASSOS;-207.198.747;-465.866.061;V01003 - VITIMA COM CRISE CONVULSIVA (C) (Prioridade: 1 - Alta);1CIA IND/2CIA/1PEL(PASSOS);UR0565;Não;Não;Não;BOLETIM DE OCORRENCIA;Classificada;13/06/2022 07:22;Não
2022-22583410-0;(BM) 2022-025207049-001;12/06/2022 10:52;RUA DOUTOR CARVALHO, Nº 1455 - NOSSA SENHORA DAS GRAÇAS - PASSOS;-207.352.269;-466.037.303;Q03005 - TREINAMENTO DE SALVAMENTO TERRESTRE (C) (Prioridade: 2 - Média);1CIA IND/2CIA/1PEL(PASSOS);BM1178490;Não;Não;Não;BOLETIM DE OCORRENCIA;Classificada;13/06/2022 07:09;Não
2022-22583571-0;(BM) 2022-025244692-001;12/06/2022 11:15;AVENIDA ARLINDO FIGUEIREDO, Nº 2211 - JARDIM CIDADE - PASSOS;-207.320.493;-466.302.434;V01023 - VITIMA DE SINCOPE (DESMAIO)/VERTIGEM (C) (Prioridade: 1 - Alta);1CIA IND/2CIA/1PEL(PASSOS);UR0565;Não;Não;Não;BOLETIM DE OCORRENCIA;Classificada;13/06/2022 07:22;Não
2022-22584715-3;(BM) 2022-025147360-001;12/06/2022 13:49;RUA JOCILIO PIANTINO, Nº S/N - COHAB 3 - PASSOS;-207.039.863;-466.260.123;V02201 - VITIMA DE CHOQUE DE BICICLETA (C) (Prioridade: 1 - Alta);1CIA IND/2CIA/1PEL(PASSOS);UR0565;Não;Não;Não;BOLETIM DE OCORRENCIA;Classificada;13/06/2022 07:22;Não
2022-22586221-4;(BM) 2022-025161994-001;12/06/2022 15:45;RUA SALINAS, Nº 159 - PENHA 2 - PASSOS;-20.712.078;-466.283.267;V01007 - VITIMA COM DISPNEIA (FALTA DE AR) (C) (Prioridade: 1 - Alta);1CIA IND/2CIA/1PEL(PASSOS);UR0565;Não;Não;Não;BOLETIM DE OCORRENCIA;Classificada;13/06/2022 07:21;Não
2022-22586543-0;(BM) 2022-025165585-001;12/06/2022 16:11;RUA JOSE ANTONIO DE OLIVEIRA, Nº 71 - COHAB 3 - PASSOS;-207.037.744;-466.267.147;V01018 - VITIMA DE MAL NAO DEFINIDO (DISTURBIO) (C) (Prioridade: 1 - Alta);1CIA IND/2CIA/1PEL(PASSOS);UR0565;Não;Não;Não;BOLETIM DE OCORRENCIA;Classificada;13/06/2022 07:21;Não
2022-22587298-4;(BM) 2022-025172819-001;12/06/2022 17:09;AVENIDA COMENDADOR FRANCISCO A MAIA, Nº 3661 - BELO HORIZONTE - PASSOS;-2.073.046;-466.082.084;W03000 - SOLICITANTE ENCONTRADO - PROVIDENCIA DISPENSADA (C) (Prioridade: 3 - Baixa);1CIA IND/2CIA/1PEL(PASSOS);UR0565;Não;Não;Não;BOLETIM DE OCORRENCIA;Classificada;13/06/2022 07:22;Não
2022-22592182-9;(BM) 2022-025221750-001;12/06/2022 22:36;RUA RIO GRANDE, Nº S/N - JARDIM COLEGIO DE PASSOS - PASSOS;-207.227.077;-465.969.399;V02502 - VITIMA DE QUEDA (MOTOCICLISTA) (C) (Prioridade: 1 - Alta);1CIA IND/2CIA/1PEL(PASSOS);UR0565;Não;Não;Não;BOLETIM DE OCORRENCIA;Classificada;13/06/2022 07:21;Não
2022-22592976-2;(BM) 2022-025226017-001;12/06/2022 23:39;RUA BARAO DE PASSOS, Nº S/N - CENTRO - PASSOS;-207.194.995;-466.074.223;V03012 - VITIMA COM OBJETO PRESO AO CORPO (C) (Prioridade: 1 - Alta);1CIA IND/2CIA/1PEL(PASSOS);ASL00064;Não;Não;Não;BOLETIM DE OCORRENCIA;Classificada;13/06/2022 07:10;Não
2022-22594900-1;(BM) 2022-025243920-001;13/06/2022 07:07;RUA LAVRAS, Nº 288 - FURNAS - SAO JOSE DA BARRA;-20.679.014;-463.342.384;X03000 - EMPENHO ADMINISTRATIVO (C) (Prioridade: 2 - Média);1CIA IND/2CIA/1PEL(PASSOS);ASL00064;Não;Não;Não;BOLETIM DE OCORRENCIA;Classificada;15/06/2022 19:18;Não
2022-22596693-0;(BM) 2022-025264204-001;13/06/2022 10:08;RUA DO MEIO, Nº 455 - NOVO HORIZONTE - PASSOS;-207.359.453;-466.021.091;V01025 - VITIMA DE USO / ABUSO / DEPENDENCIA DE DROGAS / ALCOOL (C) (Prioridade: 1 - Alta);1CIA IND/2CIA/1PEL(PASSOS);UR0565;Não;Não;Não;BOLETIM DE OCORRENCIA;Classificada;15/06/2022 19:21;Não
2022-22597742-9;(BM) 2022-025292950-001;13/06/2022 11:39;RUA CARAMANCHAO, Nº 79 - CASARAO - PASSOS;-207.217.586;-465.899.418;V02408 - VITIMA DE COLISAO ENTRE AUTOMOVEL X MOTOCICLETA (C) (Prioridade: 1 - Alta);1CIA IND/2CIA/1PEL(PASSOS);UR0565;Não;Não;Não;BOLETIM DE OCORRENCIA;Classificada;15/06/2022 19:21;Não
2022-22598026-6;(BM) 2022-025290297-001;13/06/2022 12:01;RUA DOUTOR CARVALHO, Nº 1455 - NOSSA SENHORA DAS GRAÇAS - PASSOS;-207.352.269;-466.037.303;Q05002 - PROJETO DE DIVULGACAO DA NATACAO (C) (Prioridade: 1 - Alta);1CIA IND/2CIA/PEL PREV E VIST(PASSOS);BM1644855;Não;Não;Não;BOLETIM DE OCORRENCIA;Classificada;15/06/2022 19:21;Não
2022-22600092-7;(BM) 2022-025306081-001;13/06/2022 14:49;RUA JOAO XXIII, Nº 808 - SAO JOAO - PASSOS;-207.343.434;-466.081.656;V03019 - VITIMA DE QUEDA DE ALTURA (C) (Prioridade: 1 - Alta);1CIA IND/2CIA/1PEL(PASSOS);UR0565;Não;Não;Não;BOLETIM DE OCORRENCIA;Classificada;15/06/2022 19:21;Não
2022-22601580-6;(BM) 2022-025336439-001;13/06/2022 16:10;RUA NOVA LIMA, Nº 47 - COHAB 1 - PASSOS;-20.712.692;-466.255.189;P02011 - VISTORIA EM ENXAME DE INSETOS (C) (Prioridade: 2 - Média);1CIA IND/2CIA/1PEL(PASSOS);UR0565;Não;Não;Não;BOLETIM DE OCORRENCIA;Classificada;15/06/2022 19:18;Não
2022-22602455-0;(BM) 2022-025340502-001;13/06/2022 17:01;RUA BARAO DO RIO BRANCO, Nº 1126 - CENTRO - PASSOS;-207.238.155;-466.053.799;P02011 - VISTORIA EM ENXAME DE INSETOS (C) (Prioridade: 2 - Média);1CIA IND/2CIA/1PEL(PASSOS);UR0565;Não;Não;Não;BOLETIM DE OCORRENCIA;Classificada;15/06/2022 19:20;Não
2022-22603380-8;(BM) 2022-025349440-001;13/06/2022 17:52;RUA DOUTOR CARVALHO, Nº 1455 - NOSSA SENHORA DAS GRAÇAS - PASSOS;-207.352.269;-466.037.303;Q03004 - TREINAMENTO DE SALVAMENTO EM ALTURA (C) (Prioridade: 2 - Média);1CIA IND/2CIA/1PEL(PASSOS);BM1274612;Não;Não;Não;BOLETIM DE OCORRENCIA;Classificada;15/06/2022 19:20;Não
2022-22603560-0;(BM) 2022-025349503-001;13/06/2022 18:04;AVENIDA COMENDADOR FRANCISCO A MAIA, Nº S/N - SANTA CASA - PASSOS;-207.146.788;-466.127.072;P03001 - PERIGO DE DERRAPAGEM (C) (Prioridade: 2 - Média);1CIA IND/2CIA/1PEL(PASSOS);ASL00064;Não;Não;Não;BOLETIM DE OCORRENCIA;Classificada;15/06/2022 19:20;Não
2022-22604587-1;(BM) 2022-025359931-001;13/06/2022 19:07;RUA BOROROS, Nº 2186 - NOSSA SENHORA APARECIDA - PASSOS;-207.459.294;-466.074.077;V03018 - VITIMA DE QUEDA DA PROPRIA ALTURA (C) (Prioridade: 1 - Alta);1CIA IND/2CIA/1PEL(PASSOS);UR0565;Não;Não;Não;BOLETIM DE OCORRENCIA;Classificada;15/06/2022 19:22;Não
2022-22609616-5;(PM) 2022-025417586-001;14/06/2022 07:00;RUA TUPIS, Nº 261 - CANDEIAS - PASSOS;-207.213.757;-466.181.438;W98011 - SOLICITACAO DE APOIO (C) (Prioridade: 1 - Alta);1CIA IND/2CIA/1PEL(PASSOS);;Não;Não;Não;ATENDIDA PELO SAMU;Classificada;16/06/2022 05:11;Não
2022-22609672-6;(BM) 2022-025416343-001;14/06/2022 07:09;RUA LAVRAS, Nº 288 - FURNAS - SAO JOSE DA BARRA;-20.679.014;-463.342.384;X03000 - EMPENHO ADMINISTRATIVO (C) (Prioridade: 2 - Média);1CIA IND/2CIA/1PEL(PASSOS);ASL00064;Não;Não;Não;BOLETIM DE OCORRENCIA;Classificada;15/06/2022 19:20;Não
2022-22609891-0;(BM) 2022-025418490-001;14/06/2022 07:40;RUA ESMERALDA, Nº S/N - CANDEIAS - PASSOS;-207.219.039;-466.188.998;V02408 - VITIMA DE COLISAO ENTRE AUTOMOVEL X MOTOCICLETA (C) (Prioridade: 1 - Alta);1CIA IND/2CIA/1PEL(PASSOS);UR0565;Não;Não;Não;BOLETIM DE OCORRENCIA;Classificada;15/06/2022 19:22;Não
2022-22613097-3;(BM) 2022-025457600-001;14/06/2022 12:45;RUA JOAO XXIII, Nº S/N - NOSSA SENHORA DAS GRAÇAS - PASSOS;-207.369.075;-466.056.281;V02408 - VITIMA DE COLISAO ENTRE AUTOMOVEL X MOTOCICLETA (C) (Prioridade: 1 - Alta);1CIA IND/2CIA/1PEL(PASSOS);UR0565;Não;Não;Não;BOLETIM DE OCORRENCIA;Classificada;15/06/2022 19:22;Não
2022-22613477-4;(BM) 2022-025462537-001;14/06/2022 13:19;RUA DEPUTADO LOURENCO DE ANDRADE, Nº 803 - SANTA CASA - PASSOS;-207.133.595;-466.106.986;P01002 - VISTORIA DE LIBERACAO / EMISSAO DE AVCB (C) (Prioridade: 2 - Média);1CIA IND/2CIA/PEL PREV E VIST(PASSOS);APF01362;Não;Não;Não;BOLETIM DE OCORRENCIA;Classificada;15/06/2022 19:20;Não
2022-22613834-0;(BM) 2022-025465794-001;14/06/2022 13:47;RUA BALSAMO, Nº 227 - SERRA DAS BRISAS - PASSOS;-207.355.562;-46.592.476;P01002 - VISTORIA DE LIBERACAO / EMISSAO DE AVCB (C) (Prioridade: 2 - Média);1CIA IND/2CIA/PEL PREV E VIST(PASSOS);APF01362;Não;Não;Não;BOLETIM DE OCORRENCIA;Classificada;15/06/2022 19:20;Não
2022-22613838-0;(BM) 2022-025496622-001;14/06/2022 13:49;RODOVIA MG 050, Nº S/N - PASSOS;-207.371.492;-466.395.925;O04008 - INCENDIO EM AREA RURAL NAO PROTEGIDA (C) (Prioridade: 2 - Média);1CIA IND/2CIA/1PEL(PASSOS);ABTS0495;Não;Não;Não;BOLETIM DE OCORRENCIA;Classificada;15/06/2022 19:20;Não
2022-22614072-8;(BM) 2022-025468807-001;14/06/2022 14:07;RUA ALVIN DA SILVA LEMOS, Nº 35 - JARDIM CIDADE - PASSOS;-207.317.376;-466.269.139;P01001 - VISTORIA DE FISCALIZACAO (C) (Prioridade: 2 - Média);1CIA IND/2CIA/PEL PREV E VIST(PASSOS);APF01362;Não;Não;Não;BOLETIM DE OCORRENCIA;Classificada;15/06/2022 19:20;Não
2022-22615759-7;(BM) 2022-025492220-001;14/06/2022 15:40;RUA PANORAMA, Nº 575 - PANORAMA - PASSOS;-207.077.307;-466.175.699;S06002 - CAPTURA DE ANIMAL SILVESTRE PERIGOSO / AGRESSIVO (C) (Prioridade: 2 - Média);1CIA IND/2CIA/1PEL(PASSOS);ABTS0495;Não;Não;Não;BOLETIM DE OCORRENCIA;Classificada;15/06/2022 19:20;Não
2022-22617076-5;(BM) 2022-025508211-001;14/06/2022 16:52;RUA CANOAS, Nº 347 - NOVO HORIZONTE - PASSOS;-207.335.766;-466.019.431;V01007 - VITIMA COM DISPNEIA (FALTA DE AR) (C) (Prioridade: 1 - Alta);1CIA IND/2CIA/1PEL(PASSOS);UR0565;Não;Não;Não;BOLETIM DE OCORRENCIA;Classificada;15/06/2022 19:22;Não
2022-22618884-5;(BM) 2022-025536563-001;14/06/2022 18:36;AVENIDA AROUCA, Nº 650 - CENTRO - PASSOS;-207.185.131;-466.074.194;P02999 - OUTROS TIPOS DE VISTORIAS OPERACIONAIS DIVERSAS  (C) (Prioridade: 2 - Média);1CIA IND/2CIA/1PEL(PASSOS);ABTS0495;Não;Não;Não;BOLETIM DE OCORRENCIA;Classificada;15/06/2022 19:20;Não
2022-22620390-8;(BM) 2022-025545837-001;14/06/2022 20:16;RUA AMEIXAS, Nº 42 - NOSSA SENHORA DE LOURDES - PASSOS;-206.987.112;-466.184.107;V03005 - VITIMA DE AGRESSAO FISICA SEM USO DE ARMA (C) (Prioridade: 1 - Alta);1CIA IND/2CIA/1PEL(PASSOS);UR0565;Não;Não;Não;BOLETIM DE OCORRENCIA;Classificada;15/06/2022 19:27;Não
2022-22621445-3;(BM) 2022-025567880-001;14/06/2022 21:34;TRAVESSA INCONFIDENTES, Nº 57 - CENTRO - PASSOS;-207.170.428;-466.119.601;V01007 - VITIMA COM DISPNEIA (FALTA DE AR) (C) (Prioridade: 1 - Alta);1CIA IND/2CIA/1PEL(PASSOS);UR0565;Não;Não;Não;BOLETIM DE OCORRENCIA;Classificada;15/06/2022 19:27;Não
2022-22622470-6;(BM) 2022-025573007-001;14/06/2022 22:48;RUA PARA, Nº 1132 - BELA VISTA - PASSOS;-207.134.528;-466.006.196;V01010 - VITIMA COM DOR TORACICA/SUSPEITA DE INFARTO (IAM) (C) (Prioridade: 1 - Alta);1CIA IND/2CIA/1PEL(PASSOS);UR0565;Não;Não;Não;BOLETIM DE OCORRENCIA;Classificada;15/06/2022 19:28;Não
2022-22628117-2;(BM) 2022-025635013-001;15/06/2022 12:31;RUA BAHIA, Nº 164 - NOSSA SENHORA DAS DORES - GUAXUPE;-213.130.228;-466.941.351;X03000 - EMPENHO ADMINISTRATIVO (C) (Prioridade: 2 - Média);1CIA IND/2CIA/PEL PREV E VIST(PASSOS);BM1644855;Não;Não;Não;BOLETIM DE OCORRENCIA;Classificada;15/06/2022 19:21;Não
2022-22628202-0;(BM) 2022-025635280-001;15/06/2022 12:37;RUA MUZAMBINHO, Nº 1209 - JARDIM ELAINE - PASSOS;-206.960.525;-466.141.269;V01018 - VITIMA DE MAL NAO DEFINIDO (DISTURBIO) (C) (Prioridade: 1 - Alta);1CIA IND/2CIA/1PEL(PASSOS);UR0565;Não;Não;Não;BOLETIM DE OCORRENCIA;Classificada;15/06/2022 19:28;Não
2022-22628205-8;(BM) 2022-025635853-001;15/06/2022 12:40;RUA ENGENHEIROS, Nº S/N - BELO HORIZONTE - PASSOS;-207.294.706;-466.069.895;V02202 - VITIMA DE CHOQUE DE MOTOCICLETA (C) (Prioridade: 1 - Alta);1CIA IND/2CIA/1PEL(PASSOS);UR0565;Não;Não;Não;BOLETIM DE OCORRENCIA;Classificada;15/06/2022 19:28;Não
2022-22628389-2;(BM) 2022-025658228-001;15/06/2022 12:59;RUA DOUTOR CARVALHO, Nº 1455 - NOSSA SENHORA DAS GRAÇAS - PASSOS;-207.352.269;-466.037.303;Q03001 - TREINAMENTO DE COMBATE A INCENDIO (C) (Prioridade: 2 - Média);1CIA IND/2CIA/1PEL(PASSOS);BM1317692;Não;Não;Não;BOLETIM DE OCORRENCIA;Classificada;15/06/2022 19:21;Não
2022-22628534-0;(BM) 2022-025638963-001;15/06/2022 13:13;RODOVIA LMG 856, Km 5 - CASSIA;-205.255.486;-469.375.554;P01002 - VISTORIA DE LIBERACAO / EMISSAO DE AVCB (C) (Prioridade: 2 - Média);1CIA IND/2CIA/PEL PREV E VIST(PASSOS);APF01362;Não;Não;Não;BOLETIM DE OCORRENCIA;Classificada;15/06/2022 19:21;Não
2022-22629510-7;(BM) 2022-025650626-001;15/06/2022 14:26;RUA AGAPANTOS, Nº S/N - MIRANTE DO VALE - PASSOS;-207.239.899;-465.800.709;P02001 - VISTORIA EM HIDRANTE (C) (Prioridade: 2 - Média);1CIA IND/2CIA/1PEL(PASSOS);ABTS0495;Não;Não;Não;BOLETIM DE OCORRENCIA;Classificada;15/06/2022 19:21;Não
2022-22630451-7;(BM) 2022-025663127-001;15/06/2022 15:19;RUA ESTUDANTES, Nº 101 - PENHA - PASSOS;-20.717.951;-46.618.301;V01024 - VITIMA DE SUICIDIO (TENTATIVA) - APH CLINICO (C) (Prioridade: 1 - Alta);1CIA IND/2CIA/1PEL(PASSOS);UR0565;Não;Não;Não;BOLETIM DE OCORRENCIA;Classificada;15/06/2022 19:28;Não
2022-22630760-1;(BM) 2022-025666685-001;15/06/2022 15:35;RUA JURANDIR LEANDRO VIEIRA, Nº S/N - RESIDENCIAL VILLAGIO DI ITALIA - PASSOS;-207.345.147;-465.913.156;P02001 - VISTORIA EM HIDRANTE (C) (Prioridade: 2 - Média);1CIA IND/2CIA/1PEL(PASSOS);ABTS0495;Não;Não;Não;BOLETIM DE OCORRENCIA;Classificada;15/06/2022 19:21;Não
2022-22631373-0;(BM) 2022-025675147-001;15/06/2022 16:08;RUA CANADA, Nº 115 - NOVO MUNDO - PASSOS;-207.274.898;-465.906.193;P02011 - VISTORIA EM ENXAME DE INSETOS (C) (Prioridade: 2 - Média);1CIA IND/2CIA/1PEL(PASSOS);ASL00064;Não;Não;Não;BOLETIM DE OCORRENCIA;Classificada;15/06/2022 19:21;Não
2022-22632017-1;(BM) 2022-025683892-001;15/06/2022 16:45;RUA LAVRAS, Nº 288 - FURNAS - SAO JOSE DA BARRA;-20.679.014;-463.342.384;X03000 - EMPENHO ADMINISTRATIVO (C) (Prioridade: 2 - Média);1CIA IND/2CIA/1PEL(PASSOS);ASL00064;Não;Não;Não;BOLETIM DE OCORRENCIA;Classificada;15/06/2022 19:21;Não
2022-22634483-5;(BM) 2022-025713518-001;15/06/2022 19:13;RUA ELZO CALIXTO MATTAR, Nº 653 - SANTA RITA - PASSOS;-207.326.325;-466.113.045;V03018 - VITIMA DE QUEDA DA PROPRIA ALTURA (C) (Prioridade: 1 - Alta);1CIA IND/2CIA/1PEL(PASSOS);UR0565;Não;Não;Não;BOLETIM DE OCORRENCIA;Classificada;16/06/2022 09:27;Não
2022-22640218-9;;16/06/2022 07:08;RODOVIA MG 050, Km 306 - CAPITOLIO;-206.541.637;-462.162.524;Q01003 - DEMONSTRACAO DE SALVAMENTO AQUATICO (C) (Prioridade: 2 - Média);1CIA IND/2CIA/1PEL(PASSOS);ASL00064;Não;Não;Não;DUPLICADA;Classificada;16/06/2022 08:46;Não
2022-22640543-0;(BM) 2022-025812808-001;16/06/2022 07:50;RUA LAVRAS, Nº 288 - FURNAS - SAO JOSE DA BARRA;-20.679.014;-463.342.384;X03000 - EMPENHO ADMINISTRATIVO (C) (Prioridade: 2 - Média);1CIA IND/2CIA/PEL PREV E VIST(PASSOS);APF01362;Não;Não;Não;BOLETIM DE OCORRENCIA;Classificada;17/06/2022 07:45;Não
2022-22640547-0;(BM) 2022-025771998-001;16/06/2022 07:55;RUA ALFA, Nº 425 - JARDIM SATELITE - PASSOS;-207.120.272;-466.187.447;V01008 - VITIMA COM DOR ABDOMINAL (ABDOME AGUDO) (C) (Prioridade: 1 - Alta);1CIA IND/2CIA/1PEL(PASSOS);UR0565;Não;Não;Não;BOLETIM DE OCORRENCIA;Classificada;17/06/2022 03:22;Não
2022-22640678-9;(BM) 2022-025885838-001;16/06/2022 08:08;RODOVIA MG 050, Nº S/N - PASSOS;-207.371.492;-466.395.925;O02027 - INCENDIO VEIC. AUTOMOTOR (EXCETO TANQUE/ONIBUS/MICRO-ONIBUS) (C) (Prioridade: 1 - Alta);1CIA IND/2CIA/1PEL(PASSOS);ABTS0495;Não;Não;Não;BOLETIM DE OCORRENCIA;Classificada;17/06/2022 03:22;Não
2022-22641022-2;(BM) 2022-025774597-001;16/06/2022 08:45;RODOVIA MG 050, Km 306 - CAPITOLIO;-206.541.637;-462.162.524;P03003 - PREVENCAO AQUATICA / OPERACAO VERANICO (C) (Prioridade: 2 - Média);1CIA IND/2CIA/1PEL(PASSOS);ASL00064;Não;Não;Não;BOLETIM DE OCORRENCIA;Classificada;17/06/2022 03:22;Não
2022-22641115-1;(BM) 2022-025775704-001;16/06/2022 08:57;RUA DOUTOR DARCY DE PAULA SILVEIRA, Nº 96 - COHAB 3 - PASSOS;-207.059.744;-466.226.694;V01007 - VITIMA COM DISPNEIA (FALTA DE AR) (C) (Prioridade: 1 - Alta);1CIA IND/2CIA/1PEL(PASSOS);UR0565;Não;Não;Não;BOLETIM DE OCORRENCIA;Classificada;17/06/2022 03:22;Não
2022-22642389-2;(BM) 2022-025790182-001;16/06/2022 11:17;RUA PECUARIA, Nº 144 - SAO FRANCISCO - PASSOS;-207.261.015;-466.183.913;V01007 - VITIMA COM DISPNEIA (FALTA DE AR) (C) (Prioridade: 1 - Alta);1CIA IND/2CIA/1PEL(PASSOS);UR0565;Não;Não;Não;BOLETIM DE OCORRENCIA;Classificada;17/06/2022 03:22;Não
2022-22643168-9;(BM) 2022-025799519-001;16/06/2022 12:47;RUA IPATINGA, Nº 260 - CALIFORNIA - PASSOS;-207.043.731;-466.167.446;S04009 - SALVAMENTO DE PESSOA PRESA EM IMOVEL (C) (Prioridade: 2 - Média);1CIA IND/2CIA/1PEL(PASSOS);UR0565 / ABTS0495;Não;Não;Não;BOLETIM DE OCORRENCIA;Classificada;17/06/2022 03:22;Não
2022-22643509-8;(BM) 2022-025799521-001;16/06/2022 13:24;RUA DOUTOR SEPULVEDA, Nº S/N - SANTA CASA - PASSOS;-207.105.701;-466.129.292;O04012 - INCENDIO EM LOTE VAGO (AREA URBANA) (C) (Prioridade: 2 - Média);1CIA IND/2CIA/1PEL(PASSOS);ABTS0495;Não;Não;Não;BOLETIM DE OCORRENCIA;Classificada;17/06/2022 03:22;Não
2022-22645363-5;(BM) 2022-025818006-001;16/06/2022 15:29;RUA DOUTOR BERNARDINO VIEIRA, Nº 601 - CARMELO - PASSOS;-207.149.997;-466.047.762;S06002 - CAPTURA DE ANIMAL SILVESTRE PERIGOSO / AGRESSIVO (C) (Prioridade: 2 - Média);1CIA IND/2CIA/1PEL(PASSOS);ABTS0495;Não;Não;Não;BOLETIM DE OCORRENCIA;Classificada;17/06/2022 03:22;Não
2022-22647311-2;(BM) 2022-025844255-001;16/06/2022 17:24;RUA ESPIRITO SANTO, Nº 18 - SAO BENEDITO - PASSOS;-207.191.837;-466.003.456;V03018 - VITIMA DE QUEDA DA PROPRIA ALTURA (C) (Prioridade: 1 - Alta);1CIA IND/2CIA/1PEL(PASSOS);UR0565;Não;Não;Não;BOLETIM DE OCORRENCIA;Classificada;17/06/2022 03:22;Não
2022-22648077-2;(BM) 2022-025845379-001;16/06/2022 18:10;RUA ALBERTINO FERREIRA ROSA, Nº S/N - JARDIM CANADA - PASSOS;-207.477.042;-466.095.863;S06001 - SALVAMENTO DE ANIMAL EM RISCO / PERIGO (C) (Prioridade: 2 - Média);1CIA IND/2CIA/1PEL(PASSOS);ABTS0495;Não;Não;Não;BOLETIM DE OCORRENCIA;Classificada;17/06/2022 03:22;Não
2022-22655174-9;(BM) 2022-025913696-001;17/06/2022 07:04;RUA DUQUE CAXIAS, Nº S/N - MARIO MAGALHAES - PASSOS;-207.244.305;-466.137.901;V02408 - VITIMA DE COLISAO ENTRE AUTOMOVEL X MOTOCICLETA (C) (Prioridade: 1 - Alta);1CIA IND/2CIA/1PEL(PASSOS);UR0565;Não;Não;Não;BOLETIM DE OCORRENCIA;Classificada;17/06/2022 07:45;Não
2022-22655441-3;(BM) 2022-025933301-001;17/06/2022 07:35;RODOVIA MG 050, Km 306 - CAPITOLIO;-206.541.637;-462.162.524;P03003 - PREVENCAO AQUATICA / OPERACAO VERANICO (C) (Prioridade: 2 - Média);1CIA IND/2CIA/1PEL(PASSOS);ASL00064;Não;Não;Não;BOLETIM DE OCORRENCIA;Classificada;18/06/2022 08:09;Não
2022-22655601-8;(BM) 2022-025921100-001;17/06/2022 08:00;RUA BRANDOES, Nº S/N - CENTRO - PASSOS;-207.239.578;-466.067.288;V02408 - VITIMA DE COLISAO ENTRE AUTOMOVEL X MOTOCICLETA (C) (Prioridade: 1 - Alta);1CIA IND/2CIA/1PEL(PASSOS);UR0565;Não;Não;Não;BOLETIM DE OCORRENCIA;Classificada;18/06/2022 08:10;Não
2022-22663258-2;(BM) 2022-026006274-001;17/06/2022 18:14;RUA MONSENHOR MESSIAS BRAGANCA, Nº 1109 - RESIDENCIAL ELDORADO - PASSOS;-207.287.012;-466.226.504;V01018 - VITIMA DE MAL NAO DEFINIDO (DISTURBIO) (C) (Prioridade: 1 - Alta);1CIA IND/2CIA/1PEL(PASSOS);UR0565;Não;Não;Não;BOLETIM DE OCORRENCIA;Classificada;18/06/2022 08:10;Não
2022-22663817-2;(BM) 2022-026005724-001;17/06/2022 18:52;RUA DOUTOR CARVALHO, Nº 1455 - NOSSA SENHORA DAS GRAÇAS - PASSOS;-207.352.269;-466.037.303;Q03006 - TREINAMENTO DE FORMACAO DE BRIGADAS (C) (Prioridade: 2 - Média);1CIA IND/2CIA/1PEL(PASSOS);BM1123223;Não;Não;Não;BOLETIM DE OCORRENCIA;Classificada;18/06/2022 08:09;Não
2022-22665612-0;(BM) 2022-026040476-001;17/06/2022 20:50;RODOVIA MG050, Nº 8 - PASSOS;-207.331.352;-465.723.036;V02109 - VITIMA DE ATROPELAMENTO DE AUTOMOVEL X ANIMAL (C) (Prioridade: 1 - Alta);1CIA IND/2CIA/1PEL(PASSOS);UR0565 / ABTS0495;Não;Não;Não;BOLETIM DE OCORRENCIA;Classificada;18/06/2022 08:10;Não
2022-22670904-5;(BM) 2022-026075068-001;18/06/2022 07:16;RUA VIRGINIA, Nº 142 - COHAB 2 - PASSOS;-207.109.694;-46.629.374;V01007 - VITIMA COM DISPNEIA (FALTA DE AR) (C) (Prioridade: 1 - Alta);1CIA IND/2CIA/1PEL(PASSOS);UR0565;Não;Não;Não;BOLETIM DE OCORRENCIA;Classificada;18/06/2022 08:45;Não
2022-22671087-7;(BM) 2022-026076363-001;18/06/2022 07:54;RODOVIA MG 050, Nº S/N - CAPITOLIO;-20.599.749;-460.676.894;P03003 - PREVENCAO AQUATICA / OPERACAO VERANICO (C) (Prioridade: 2 - Média);1CIA IND/2CIA/1PEL(PASSOS);ASL00064;Não;Não;Não;BOLETIM DE OCORRENCIA;Classificada;19/06/2022 05:09;Não
2022-22671768-4;(BM) 2022-026087692-001;18/06/2022 09:21;RUA JUAREZ MELO LEMOS, Nº 299 - JARDIM SATELITE - PASSOS;-207.124.741;-466.233.274;V01018 - VITIMA DE MAL NAO DEFINIDO (DISTURBIO) (C) (Prioridade: 1 - Alta);1CIA IND/2CIA/1PEL(PASSOS);UR0565;Não;Não;Não;BOLETIM DE OCORRENCIA;Classificada;19/06/2022 05:09;Não
2022-22675313-6;(BM) 2022-026116902-001;18/06/2022 15:31;RUA CONTORNO, Nº 416 - SAO BENEDITO - PASSOS;-20.718.281;-466.023.391;V01018 - VITIMA DE MAL NAO DEFINIDO (DISTURBIO) (C) (Prioridade: 1 - Alta);1CIA IND/2CIA/1PEL(PASSOS);UR0565;Não;Não;Não;BOLETIM DE OCORRENCIA;Classificada;19/06/2022 05:10;Não
2022-22676406-0;(BM) 2022-026134594-001;18/06/2022 16:42;RODOVIA MG 050, Nº S/N - PASSOS;-207.371.492;-466.395.925;V02502 - VITIMA DE QUEDA (MOTOCICLISTA) (C) (Prioridade: 1 - Alta);1CIA IND/2CIA/1PEL(PASSOS);UR0565;Não;Não;Não;BOLETIM DE OCORRENCIA;Classificada;19/06/2022 05:10;Não
2022-22679512-4;(BM) 2022-026156490-001;18/06/2022 20:03;AVENIDA SAO DOMINGOS, Nº 500 - CASARAO - PASSOS;-207.180.636;-465.842.915;W04000 - NADA CONSTATADO (C) (Prioridade: 3 - Baixa);1CIA IND/2CIA/1PEL(PASSOS);ASL00064;Não;Não;Não;BOLETIM DE OCORRENCIA;Classificada;19/06/2022 05:09;Não
2022-22686654-9;(BM) 2022-026213294-001;19/06/2022 07:25;RODOVIA MG 050, Nº S/N - CAPITOLIO;-20.599.749;-460.676.894;P03003 - PREVENCAO AQUATICA / OPERACAO VERANICO (C) (Prioridade: 2 - Média);1CIA IND/2CIA/1PEL(PASSOS);ASL00064;Não;Não;Não;BOLETIM DE OCORRENCIA;Classificada;20/06/2022 01:29;Não
2022-22687563-0;(BM) 2022-026222031-001;19/06/2022 09:45;RUA DOUTOR CARVALHO, Nº 1455 - NOSSA SENHORA DAS GRAÇAS - PASSOS;-207.352.269;-466.037.303;Q03001 - TREINAMENTO DE COMBATE A INCENDIO (C) (Prioridade: 2 - Média);1CIA IND/2CIA/1PEL(PASSOS);ABTS0495;Não;Não;Não;BOLETIM DE OCORRENCIA;Classificada;20/06/2022 01:29;Não
2022-22688113-0;(BM) 2022-026226854-001;19/06/2022 10:54;RUA JOAQUIM LOPES, Nº S/N - PENHA - PASSOS;-207.164.698;-466.285.663;V03005 - VITIMA DE AGRESSAO FISICA SEM USO DE ARMA (C) (Prioridade: 1 - Alta);1CIA IND/2CIA/1PEL(PASSOS);UR0565;Não;Não;Não;BOLETIM DE OCORRENCIA;Classificada;20/06/2022 01:27;Não
2022-22688170-3;(BM) 2022-026227495-001;19/06/2022 10:58;RUA UNIMED, Nº S/N - MIRANTE DO VALE - PASSOS;-207.215.211;-465.754.861;P02001 - VISTORIA EM HIDRANTE (C) (Prioridade: 2 - Média);1CIA IND/2CIA/1PEL(PASSOS);ABTS0495;Não;Não;Não;BOLETIM DE OCORRENCIA;Classificada;20/06/2022 01:29;Não
2022-22688711-1;(BM) 2022-026234534-001;19/06/2022 12:14;AVENIDA EXPEDICIONARIOS, Nº S/N - MIRANTE DO VALE - PASSOS;-207.256.744;-465.818.365;W03000 - SOLICITANTE ENCONTRADO - PROVIDENCIA DISPENSADA (C) (Prioridade: 3 - Baixa);1CIA IND/2CIA/1PEL(PASSOS);UR0565;Não;Não;Não;BOLETIM DE OCORRENCIA;Classificada;20/06/2022 01:29;Não
2022-22690471-2;(BM) 2022-026258089-001;19/06/2022 15:08;RUA JEQUITIBA, Nº S/N - CONDOMÍNIO DOS IPÊS - PASSOS;-20.755.583;-466.203.025;S06001 - SALVAMENTO DE ANIMAL EM RISCO / PERIGO (C) (Prioridade: 2 - Média);1CIA IND/2CIA/1PEL(PASSOS);ABTS0495;Não;Não;Não;BOLETIM DE OCORRENCIA;Classificada;20/06/2022 01:28;Não
2022-22692362-8;(BM) 2022-026268106-001;19/06/2022 17:14;RODOVIA MG 050, Nº S/N - PASSOS;-207.371.492;-466.395.925;S06002 - CAPTURA DE ANIMAL SILVESTRE PERIGOSO / AGRESSIVO (C) (Prioridade: 2 - Média);1CIA IND/2CIA/1PEL(PASSOS);ASL00064;Não;Não;Não;BOLETIM DE OCORRENCIA;Classificada;20/06/2022 01:28;Não
2022-22698279-9;(BM) 2022-026323781-001;20/06/2022 00:22;RUA CORONEL JOAO DE BARROS, Nº S/N - CENTRO - PASSOS;-207.225.258;-466.102.743;O02041 - INCENDIO EM IMOVEL ABANDONADO (C) (Prioridade: 2 - Média);1CIA IND/2CIA/1PEL(PASSOS);ABTS0495;Não;Não;Não;BOLETIM DE OCORRENCIA;Classificada;20/06/2022 01:28;Não
2022-22700397-1;(BM) 2022-026345779-001;20/06/2022 08:33;RUA DOUTOR CARVALHO, Nº 1455 - NOSSA SENHORA DAS GRAÇAS - PASSOS;-207.352.269;-466.037.303;Q03001 - TREINAMENTO DE COMBATE A INCENDIO (C) (Prioridade: 2 - Média);1CIA IND/2CIA/1PEL(PASSOS);BM1256320;Não;Não;Não;BOLETIM DE OCORRENCIA;Classificada;21/06/2022 08:28;Não
2022-22700653-0;(BM) 2022-026348941-001;20/06/2022 08:58;RUA DOUTOR CARVALHO, Nº 1455 - NOSSA SENHORA DAS GRAÇAS - PASSOS;-207.352.269;-466.037.303;Q05002 - PROJETO DE DIVULGACAO DA NATACAO (C) (Prioridade: 1 - Alta);1CIA IND/2CIA/PEL PREV E VIST(PASSOS);BM1644855;Não;Não;Não;BOLETIM DE OCORRENCIA;Classificada;21/06/2022 08:28;Não
2022-22701415-7;(BM) 2022-026359130-001;20/06/2022 10:02;RUA DOUTOR CARVALHO, Nº 1455 - NOSSA SENHORA DAS GRAÇAS - PASSOS;-207.352.269;-466.037.303;Q03004 - TREINAMENTO DE SALVAMENTO EM ALTURA (C) (Prioridade: 2 - Média);1CIA IND/2CIA/1PEL(PASSOS);BM1178490;Não;Não;Não;BOLETIM DE OCORRENCIA;Classificada;21/06/2022 08:28;Não
2022-22703023-8;(BM) 2022-026379394-001;20/06/2022 12:12;RUA SANTO ANTONIO, Nº 74 - CENTRO - PASSOS;-207.166.954;-466.102.229;W08000 - CANCELADA POR INDISPONIBILIDADE DE VIATURA (C) (Prioridade: 3 - Baixa);1CIA IND/2CIA/1PEL(PASSOS);BM1637750;Não;Não;Não;BOLETIM DE OCORRENCIA;Classificada;21/06/2022 08:27;Não
2022-22703187-5;(BM) 2022-026381311-001;20/06/2022 12:30;RUA MANUEL DA SILVEIRA MAIA, Nº 62 - PENHA 2 - PASSOS;-207.168.904;-466.322.966;W08000 - CANCELADA POR INDISPONIBILIDADE DE VIATURA (C) (Prioridade: 3 - Baixa);1CIA IND/2CIA/1PEL(PASSOS);BM1637750;Não;Não;Não;BOLETIM DE OCORRENCIA;Classificada;21/06/2022 08:28;Não
2022-22703652-3;(BM) 2022-026394559-001;20/06/2022 13:17;RUA BOA VISTA, Nº 55 - SANTA CASA - PASSOS;-207.140.712;-466.133.887;P01002 - VISTORIA DE LIBERACAO / EMISSAO DE AVCB (C) (Prioridade: 2 - Média);1CIA IND/2CIA/PEL PREV E VIST(PASSOS);APF01362;Não;Não;Não;BOLETIM DE OCORRENCIA;Classificada;21/06/2022 08:28;Não
2022-22705467-2;(BM) 2022-026409483-001;20/06/2022 15:10;AVENIDA JUCA STOCKLER, Nº 2145 - SAO JOAQUIM - PASSOS;-207.422.139;-466.006.277;X03000 - EMPENHO ADMINISTRATIVO (C) (Prioridade: 2 - Média);1CIA IND/2CIA/1PEL(PASSOS);UR0565;Não;Não;Não;BOLETIM DE OCORRENCIA;Classificada;21/06/2022 08:27;Não
2022-22706152-7;(BM) 2022-026418233-001;20/06/2022 15:46;RUA DOUTOR SATURNINO, Nº 63 - PASSOS;-207.275.207;-465.991.865;X03000 - EMPENHO ADMINISTRATIVO (C) (Prioridade: 2 - Média);1CIA IND/2CIA/1PEL(PASSOS);ASL00064;Não;Não;Não;BOLETIM DE OCORRENCIA;Classificada;21/06/2022 08:28;Não
2022-22708022-2;(BM) 2022-026442022-001;20/06/2022 17:26;CLUBE NAUTICO ENGENHEIRO MAURO FERRAZ - BAIRRO RURAL MANGUEIRA, Nº S/N - SAO JOAO BATISTA GLORIA;-206.567.395;-463.034.296;X03000 - EMPENHO ADMINISTRATIVO (C) (Prioridade: 2 - Média);1CIA IND/2CIA/1PEL(PASSOS);ASL00064;Não;Não;Não;BOLETIM DE OCORRENCIA;Classificada;21/06/2022 08:28;Não
2022-22708511-9;(BM) 2022-026450270-001;20/06/2022 17:54;RUA GUAPORE, Nº 795 - RECANTO DA HARMONIA - PASSOS;-207.074.973;-465.961.851;S06002 - CAPTURA DE ANIMAL SILVESTRE PERIGOSO / AGRESSIVO (C) (Prioridade: 2 - Média);1CIA IND/2CIA/1PEL(PASSOS);ABTS0495;Não;Não;Não;BOLETIM DE OCORRENCIA;Classificada;21/06/2022 08:27;Não
2022-22711012-7;(BM) 2022-026483107-001;20/06/2022 20:46;RUA DOUTOR CARVALHO, Nº 2560 - SAO JOAQUIM - PASSOS;-207.443.995;-466.009.831;V03021 - VITIMA DE SUICIDIO (TENTATIVA) - APH TRAUMA (C) (Prioridade: 1 - Alta);1CIA IND/2CIA/1PEL(PASSOS);UR0565;Não;Não;Não;BOLETIM DE OCORRENCIA;Classificada;21/06/2022 08:28;Não
2022-22717643-0;(BM) 2022-026598863-001;21/06/2022 12:02;RUA IRACEMA PEREIRA LEMOS, Nº 227 - RECANTO DO BOSQUE - PASSOS;-207.251.291;-465.823.335;P02011 - VISTORIA EM ENXAME DE INSETOS (C) (Prioridade: 2 - Média);1CIA IND/2CIA/1PEL(PASSOS);ASL00064;Não;Não;Não;BOLETIM DE OCORRENCIA;Classificada;22/06/2022 07:59;Não
2022-22717828-6;(BM) 2022-026559223-001;21/06/2022 12:23;RUA DO MEIO, Nº 455 - NOVO HORIZONTE - PASSOS;-207.359.453;-466.021.091;V03018 - VITIMA DE QUEDA DA PROPRIA ALTURA (C) (Prioridade: 1 - Alta);1CIA IND/2CIA/1PEL(PASSOS);UR0565;Não;Não;Não;BOLETIM DE OCORRENCIA;Classificada;22/06/2022 07:59;Não
2022-22718272-6;(BM) 2022-026621779-001;21/06/2022 13:11;ESTRADA JULIEIRA, Nº S/N - NOVA CALIFORNIA - PASSOS;-207.018.793;-466.242.379;V02502 - VITIMA DE QUEDA (MOTOCICLISTA) (C) (Prioridade: 1 - Alta);1CIA IND/2CIA/1PEL(PASSOS);UR0565;Não;Não;Não;BOLETIM DE OCORRENCIA;Classificada;22/06/2022 08:00;Não
2022-22718379-0;(BM) 2022-026565519-001;21/06/2022 13:21;RUA JOSE MERCHIORATO, Nº 793 - CANJERANUS - PASSOS;-207.105.996;-46.608.639;P01002 - VISTORIA DE LIBERACAO / EMISSAO DE AVCB (C) (Prioridade: 2 - Média);1CIA IND/2CIA/PEL PREV E VIST(PASSOS);APF01362;Não;Não;Não;BOLETIM DE OCORRENCIA;Classificada;22/06/2022 07:59;Não
2022-22718755-0;(BM) 2022-026595976-001;21/06/2022 13:53;RUA BARAO DE PASSOS, Nº 443 - CENTRO - PASSOS;-207.189.624;-466.071.075;W10000 - DISPENSADA POR DUPLICIDADE DE EMPENHO COM OUTROS ORGAOS (C) (Prioridade: 1 - Alta);1CIA IND/2CIA/1PEL(PASSOS);UR0565;Não;Não;Não;BOLETIM DE OCORRENCIA;Classificada;22/06/2022 08:00;Não
2022-22719319-3;(BM) 2022-026574040-001;21/06/2022 14:26;RUA CARLOS SUHADOLNIK, Nº 118 - DISTRITO INDUSTRIAL 1 - PASSOS;-207.082.129;-46.594.337;P01002 - VISTORIA DE LIBERACAO / EMISSAO DE AVCB (C) (Prioridade: 2 - Média);1CIA IND/2CIA/PEL PREV E VIST(PASSOS);APF01362;Não;Não;Não;BOLETIM DE OCORRENCIA;Classificada;22/06/2022 07:59;Não
2022-22719617-1;(BM) 2022-026578126-001;21/06/2022 14:44;RUA COLORADO, Nº 573 - RESIDENCIAL ELDORADO - PASSOS;-207.324.844;-466.236.388;P01002 - VISTORIA DE LIBERACAO / EMISSAO DE AVCB (C) (Prioridade: 2 - Média);1CIA IND/2CIA/PEL PREV E VIST(PASSOS);APF01362;Não;Não;Não;BOLETIM DE OCORRENCIA;Classificada;22/06/2022 07:59;Não
2022-22719954-1;(BM) 2022-026582090-001;21/06/2022 15:00;RUA OPERARIOS, Nº 557 - MUARAMA 2 - PASSOS;-207.332.842;-466.114.567;P01002 - VISTORIA DE LIBERACAO / EMISSAO DE AVCB (C) (Prioridade: 2 - Média);1CIA IND/2CIA/PEL PREV E VIST(PASSOS);APF01362;Não;Não;Não;BOLETIM DE OCORRENCIA;Classificada;22/06/2022 07:59;Não
2022-22720606-2;(BM) 2022-026591153-001;21/06/2022 15:36;RODOVIA MG 050, Nº S/N - PASSOS;-207.371.492;-466.395.925;O04014 - INCENDIO AS MARGENS DE RODOVIA (C) (Prioridade: 2 - Média);1CIA IND/2CIA/1PEL(PASSOS);ABTS0495;Não;Não;Não;BOLETIM DE OCORRENCIA;Classificada;22/06/2022 07:59;Não
2022-22723348-5;;21/06/2022 18:13;RODOVIA MG 455, Nº S/N - ANDRADAS;-220.840.085;-466.018.053;O02027 - INCENDIO VEIC. AUTOMOTOR (EXCETO TANQUE/ONIBUS/MICRO-ONIBUS) (C) (Prioridade: 1 - Alta);1CIA IND (POCOS DE CALDAS);;Não;Não;Não;DISPENSADA PELO SOLICITANTE;Classificada;21/06/2022 22:27;Não
2022-22724399-1;(BM) 2022-026634674-001;21/06/2022 19:20;TRAVESSA DIAMANTINA, Nº S/N - CANDEIAS - PASSOS;-207.242.566;-466.175.507;V01011 - VITIMA COM DOR RENAL (COLICA) (C) (Prioridade: 1 - Alta);1CIA IND/2CIA/1PEL(PASSOS);UR0565;Não;Não;Não;BOLETIM DE OCORRENCIA;Classificada;22/06/2022 08:00;Não
2022-22725619-1;(BM) 2022-026671030-001;21/06/2022 20:48;RUA DOUTOR CARVALHO, Nº 1455 - NOSSA SENHORA DAS GRAÇAS - PASSOS;-207.352.269;-466.037.303;Q03006 - TREINAMENTO DE FORMACAO DE BRIGADAS (C) (Prioridade: 2 - Média);1CIA IND/2CIA/1PEL(PASSOS);BM1123223;Não;Não;Não;BOLETIM DE OCORRENCIA;Classificada;22/06/2022 07:59;Não
2022-22727374-7;(BM) 2022-026668077-001;21/06/2022 23:01;RUA DOUTOR MANOEL PATTI, Nº S/N - CENTRO - PASSOS;-207.234.883;-466.090.307;W04000 - NADA CONSTATADO (C) (Prioridade: 3 - Baixa);1CIA IND/2CIA/1PEL(PASSOS);UR0565;Não;Não;Não;BOLETIM DE OCORRENCIA;Classificada;22/06/2022 07:59;Não
2022-22727937-8;(BM) 2022-026676192-001;21/06/2022 23:57;RUA SANTO ONOFRE, Nº 223 - CANJERANUS - PASSOS;-207.132.926;-466.018.999;V01018 - VITIMA DE MAL NAO DEFINIDO (DISTURBIO) (C) (Prioridade: 1 - Alta);1CIA IND/2CIA/1PEL(PASSOS);UR0565;Não;Não;Não;BOLETIM DE OCORRENCIA;Classificada;22/06/2022 08:00;Não
2022-22729256-1;(BM) 2022-026692847-001;22/06/2022 06:07;RUA PARDAL, Nº 221 - NOSSA SENHORA DAS GRAÇAS - PASSOS;-207.360.851;-466.050.747;V01018 - VITIMA DE MAL NAO DEFINIDO (DISTURBIO) (C) (Prioridade: 1 - Alta);1CIA IND/2CIA/1PEL(PASSOS);UR0565;Não;Não;Não;BOLETIM DE OCORRENCIA;Classificada;22/06/2022 08:00;Não
2022-22729981-0;(BM) 2022-026695853-001;22/06/2022 08:03;AVENIDA GOVERNADOR VALADARES, Nº S/N - ROSÁRIO - ALPINOPOLIS;-208.638.081;-463.815.796;P01002 - VISTORIA DE LIBERACAO / EMISSAO DE AVCB (C) (Prioridade: 2 - Média);1CIA IND/2CIA/PEL PREV E VIST(PASSOS);APF01362;Não;Não;Não;BOLETIM DE OCORRENCIA;Classificada;23/06/2022 05:33;Não
2022-22730230-5;(BM) 2022-026698493-001;22/06/2022 08:30;AVENIDA COMENDADOR FRANCISCO A MAIA, Nº S/N - SANTA CASA - PASSOS;-207.146.788;-466.127.072;Q03017 - TREINAMENTO DE PRIMEIROS SOCORROS (C) (Prioridade: 2 - Média);1CIA IND/2CIA/1PEL(PASSOS);ASL00064;Não;Não;Não;BOLETIM DE OCORRENCIA;Classificada;23/06/2022 05:33;Não
2022-22730371-7;(BM) 2022-026706604-001;22/06/2022 08:44;RUA JUAREZ FRANCISCO DUARTE, Nº 475 - JARDIM SATELITE - PASSOS;-207.115.301;-466.223.711;V01023 - VITIMA DE SINCOPE (DESMAIO)/VERTIGEM (C) (Prioridade: 1 - Alta);1CIA IND/2CIA/1PEL(PASSOS);UR0565;Não;Não;Não;BOLETIM DE OCORRENCIA;Classificada;23/06/2022 05:34;Não
2022-22730924-4;(BM) 2022-026706660-001;22/06/2022 09:36;RUA CARIJOS, Nº 105 - JARDIM EMBRATEL - PASSOS;-207.408.503;-466.026.757;P01002 - VISTORIA DE LIBERACAO / EMISSAO DE AVCB (C) (Prioridade: 2 - Média);1CIA IND/2CIA/PEL PREV E VIST(PASSOS);APF01362;Não;Não;Não;BOLETIM DE OCORRENCIA;Classificada;23/06/2022 05:33;Não
2022-22731287-8;(BM) 2022-026711362-001;22/06/2022 10:04;RUA LOULOU, Nº 375 - BELO HORIZONTE - PASSOS;-207.260.282;-466.025.843;P01002 - VISTORIA DE LIBERACAO / EMISSAO DE AVCB (C) (Prioridade: 2 - Média);1CIA IND/2CIA/PEL PREV E VIST(PASSOS);APF01362;Não;Não;Não;BOLETIM DE OCORRENCIA;Classificada;23/06/2022 05:34;Não
2022-22732235-0;(BM) 2022-026725927-001;22/06/2022 11:17;RUA TOCANTINS, Nº 57 - VILA ROMANA - PASSOS;-207.408.352;-466.087.478;W04000 - NADA CONSTATADO (C) (Prioridade: 3 - Baixa);1CIA IND/2CIA/1PEL(PASSOS);UR0565;Não;Não;Não;BOLETIM DE OCORRENCIA;Classificada;23/06/2022 05:33;Não
2022-22732914-1;(BM) 2022-026733202-001;22/06/2022 12:26;RUA BOA VISTA, Nº 55 - SANTA CASA - PASSOS;-207.140.712;-466.133.887;V01019 - VITIMA COM OBSTRUCAO DE VIAS AEREAS POR CORPOS ESTRANHOS (C) (Prioridade: 1 - Alta);1CIA IND/2CIA/1PEL(PASSOS);UR0565;Não;Não;Não;BOLETIM DE OCORRENCIA;Classificada;23/06/2022 05:35;Não
2022-22733340-0;(BM) 2022-026735794-001;22/06/2022 13:09;RODOVIA MG 050, Km 356 - VILA ROMANA - PASSOS;-207.387.797;-4.661.397;P01002 - VISTORIA DE LIBERACAO / EMISSAO DE AVCB (C) (Prioridade: 2 - Média);1CIA IND/2CIA/PEL PREV E VIST(PASSOS);APF01362;Não;Não;Não;BOLETIM DE OCORRENCIA;Classificada;23/06/2022 05:34;Não
2022-22733382-0;(BM) 2022-026738340-001;22/06/2022 13:13;AVENIDA GOVERNADOR AURELIANO CHAVES, Nº 201 - JARDIM DO TREVO - ALPINOPOLIS;-208.619.334;-463.827.549;P01002 - VISTORIA DE LIBERACAO / EMISSAO DE AVCB (C) (Prioridade: 2 - Média);1CIA IND/2CIA/PEL PREV E VIST(PASSOS);APF01362;Não;Não;Não;BOLETIM DE OCORRENCIA;Classificada;23/06/2022 05:34;Não
2022-22733386-0;(BM) 2022-026745473-001;22/06/2022 13:14;AVENIDA GOVERNADOR AURELIANO CHAVES, Nº 220 - JARDIM DO TREVO - ALPINOPOLIS;-208.619.919;-463.825.245;P01002 - VISTORIA DE LIBERACAO / EMISSAO DE AVCB (C) (Prioridade: 2 - Média);1CIA IND/2CIA/PEL PREV E VIST(PASSOS);APF01362;Não;Não;Não;BOLETIM DE OCORRENCIA;Classificada;23/06/2022 05:34;Não
2022-22733437-0;(BM) 2022-026738290-002;22/06/2022 13:19;RUA SAO PAULO, Nº S/N - SAO BENEDITO - PASSOS;-207.204.647;-465.977.514;O04012 - INCENDIO EM LOTE VAGO (AREA URBANA) (C) (Prioridade: 2 - Média);1CIA IND/2CIA/1PEL(PASSOS);ABTS0495 / ASL00064;Não;Não;Não;BOLETIM DE OCORRENCIA;Classificada;23/06/2022 05:34;Não
2022-22735442-0;(BM) 2022-026763343-001;22/06/2022 15:32;RUA JOAQUIM FERNANDES DA SILVA, Nº 146 - RECANTO DA TEKA - PASSOS;-207.464.965;-4.659.521;O04012 - INCENDIO EM LOTE VAGO (AREA URBANA) (C) (Prioridade: 2 - Média);1CIA IND/2CIA/1PEL(PASSOS);ABTS0495;Não;Não;Não;BOLETIM DE OCORRENCIA;Classificada;23/06/2022 05:34;Não
2022-22738569-8;(BM) 2022-026801140-001;22/06/2022 18:41;AVENIDA CHICO XAVIER, Nº S/N - JARDIM PLANALTO - PASSOS;-207.197.803;-466.285.997;S06002 - CAPTURA DE ANIMAL SILVESTRE PERIGOSO / AGRESSIVO (C) (Prioridade: 2 - Média);1CIA IND/2CIA/1PEL(PASSOS);ASL00064;Não;Não;Não;BOLETIM DE OCORRENCIA;Classificada;23/06/2022 05:34;Não
2022-22744214-7;(BM) 2022-026864071-001;23/06/2022 06:58;AVENIDA COMENDADOR FRANCISCO A MAIA, Nº 4050 - EXPOSICAO - PASSOS;-207.333.293;-466.060.067;V02408 - VITIMA DE COLISAO ENTRE AUTOMOVEL X MOTOCICLETA (C) (Prioridade: 1 - Alta);1CIA IND/2CIA/1PEL(PASSOS);UR0565;Não;Não;Não;BOLETIM DE OCORRENCIA;Classificada;23/06/2022 07:45;Não
2022-22744769-1;(BM) 2022-026870787-001;23/06/2022 08:12;RUA DOUTOR CARVALHO, Nº 1455 - NOSSA SENHORA DAS GRAÇAS - PASSOS;-207.352.269;-466.037.303;Q03999 - OUTROS TIPOS DE TREINAMENTO (C) (Prioridade: 2 - Média);1CIA IND/2CIA/1PEL(PASSOS);BM1315175;Não;Não;Não;BOLETIM DE OCORRENCIA;Classificada;23/06/2022 19:55;Não
2022-22745240-2;(BM) 2022-026873295-001;23/06/2022 08:57;AVENIDA JUCA STOCKLER, Nº 622 - BELO HORIZONTE - PASSOS;-207.295.819;-466.050.783;P01002 - VISTORIA DE LIBERACAO / EMISSAO DE AVCB (C) (Prioridade: 2 - Média);1CIA IND/2CIA/PEL PREV E VIST(PASSOS);APF01362;Não;Não;Não;BOLETIM DE OCORRENCIA;Classificada;23/06/2022 19:55;Não
2022-22745418-2;(BM) 2022-026875699-001;23/06/2022 09:15;RUA DOUTOR CARVALHO, Nº 1455 - NOSSA SENHORA DAS GRAÇAS - PASSOS;-207.352.269;-466.037.303;Q03001 - TREINAMENTO DE COMBATE A INCENDIO (C) (Prioridade: 2 - Média);1CIA IND/2CIA/1PEL(PASSOS);BM1317692;Não;Não;Não;BOLETIM DE OCORRENCIA;Classificada;23/06/2022 19:55;Não
2022-22745637-6;(BM) 2022-026878520-001;23/06/2022 09:36;AVENIDA PENHA, Nº 415 - PENHA - PASSOS;-207.155.911;-466.243.632;P01001 - VISTORIA DE FISCALIZACAO (C) (Prioridade: 2 - Média);1CIA IND/2CIA/PEL PREV E VIST(PASSOS);APF01362;Não;Não;Não;BOLETIM DE OCORRENCIA;Classificada;23/06/2022 19:54;Não
2022-22745895-1;(BM) 2022-026881852-001;23/06/2022 10:00;RUA ALPENINOS, Nº 130 - CALIFORNIA - PASSOS;-207.056.745;-46.615.553;P01002 - VISTORIA DE LIBERACAO / EMISSAO DE AVCB (C) (Prioridade: 2 - Média);1CIA IND/2CIA/PEL PREV E VIST(PASSOS);APF01362;Não;Não;Não;BOLETIM DE OCORRENCIA;Classificada;23/06/2022 19:54;Não
2022-22747938-3;(BM) 2022-026908180-001;23/06/2022 13:24;RUA DOUTOR CARVALHO, Nº 1455 - NOSSA SENHORA DAS GRAÇAS - PASSOS;-207.352.269;-466.037.303;Q03017 - TREINAMENTO DE PRIMEIROS SOCORROS (C) (Prioridade: 2 - Média);1CIA IND/2CIA/1PEL(PASSOS);BM1636356;Não;Não;Não;BOLETIM DE OCORRENCIA;Classificada;23/06/2022 19:54;Não
2022-22748045-3;(BM) 2022-026908242-001;23/06/2022 13:30;RUA DO MEIO, Nº 455 - NOVO HORIZONTE - PASSOS;-207.359.453;-466.021.091;V03021 - VITIMA DE SUICIDIO (TENTATIVA) - APH TRAUMA (C) (Prioridade: 1 - Alta);1CIA IND/2CIA/1PEL(PASSOS);UR0565;Não;Não;Não;BOLETIM DE OCORRENCIA;Classificada;23/06/2022 19:53;Não
2022-22750812-3;(BM) 2022-026945814-001;23/06/2022 16:17;RUA VEREADORA ANTONINA LEMOS DE PADUA, Nº 157 - COHAB 4 - PASSOS;-207.202.214;-466.346.624;S06001 - SALVAMENTO DE ANIMAL EM RISCO / PERIGO (C) (Prioridade: 2 - Média);1CIA IND/2CIA/1PEL(PASSOS);ABTS0495;Não;Não;Não;BOLETIM DE OCORRENCIA;Classificada;23/06/2022 19:54;Não
2022-22751028-2;(BM) 2022-026964810-001;23/06/2022 16:29;RODOVIA MG 050, Km 315 - SAO JOAO BATISTA GLORIA;-206.496.808;-462.838.715;Q01002 - DEMONSTRACAO MISTA / CONJUNTA (C) (Prioridade: 2 - Média);1CIA IND/2CIA/1PEL(PASSOS);ASL00064;Não;Não;Não;BOLETIM DE OCORRENCIA;Classificada;23/06/2022 19:54;Não
2022-22751824-8;(BM) 2022-026953901-001;23/06/2022 17:17;RUA MONTE SANTO, Nº 323 - COHAB 3 - PASSOS;-207.066.134;-466.257.759;V03018 - VITIMA DE QUEDA DA PROPRIA ALTURA (C) (Prioridade: 1 - Alta);1CIA IND/2CIA/1PEL(PASSOS);UR0565;Não;Não;Não;BOLETIM DE OCORRENCIA;Classificada;23/06/2022 19:53;Não
2022-22752859-8;(BM) 2022-026976270-001;23/06/2022 18:19;RUA RIO PARDO, Nº 625 - SANTA LUZIA - PASSOS;-207.059.625;-466.020.513;O02001 - INCENDIO EM RESIDENCIA/HABITACAO UNIFAMILIAR (CASA) (C) (Prioridade: 1 - Alta);1CIA IND/2CIA/1PEL(PASSOS);ABTS0495;Não;Não;Não;BOLETIM DE OCORRENCIA;Classificada;24/06/2022 02:28;Não
2022-22759001-0;(BM) 2022-027034645-001;24/06/2022 06:38;RUA DALIAS, Nº 1209 - COHAB 3 - PASSOS;-207.048.955;-466.232.306;S06001 - SALVAMENTO DE ANIMAL EM RISCO / PERIGO (C) (Prioridade: 2 - Média);1CIA IND/2CIA/1PEL(PASSOS);ASL00064;Não;Não;Não;BOLETIM DE OCORRENCIA;Classificada;24/06/2022 07:54;Não
2022-22759636-1;(BM) 2022-027036631-001;24/06/2022 08:16;RUA DOUTOR CARVALHO, Nº 1455 - NOSSA SENHORA DAS GRAÇAS - PASSOS;-207.352.269;-466.037.303;Q03001 - TREINAMENTO DE COMBATE A INCENDIO (C) (Prioridade: 2 - Média);1CIA IND/2CIA/1PEL(PASSOS);BM1787076;Não;Não;Não;BOLETIM DE OCORRENCIA;Classificada;25/06/2022 06:53;Não
2022-22759674-0;(BM) 2022-027040053-001;24/06/2022 08:19;RUA DOUTOR CARVALHO, Nº 1455 - NOSSA SENHORA DAS GRAÇAS - PASSOS;-207.352.269;-466.037.303;Q05002 - PROJETO DE DIVULGACAO DA NATACAO (C) (Prioridade: 1 - Alta);1CIA IND/2CIA/PEL PREV E VIST(PASSOS);BM1644855;Não;Não;Não;BOLETIM DE OCORRENCIA;Classificada;25/06/2022 06:52;Não
2022-22759914-2;(BM) 2022-027039297-001;24/06/2022 08:43;TRAVESSA ARY BRASILEIRO DE CASTRO, Nº S/N - CENTRO - SAO JOSE DA BARRA;-207.163.425;-463.128.297;P01002 - VISTORIA DE LIBERACAO / EMISSAO DE AVCB (C) (Prioridade: 2 - Média);1CIA IND/2CIA/PEL PREV E VIST(PASSOS);APF01362;Não;Não;Não;BOLETIM DE OCORRENCIA;Classificada;25/06/2022 06:53;Não
2022-22759948-4;(BM) 2022-027043988-001;24/06/2022 08:50;RUA DOUTOR CARVALHO, Nº 1455 - NOSSA SENHORA DAS GRAÇAS - PASSOS;-207.352.269;-466.037.303;Q03006 - TREINAMENTO DE FORMACAO DE BRIGADAS (C) (Prioridade: 2 - Média);1CIA IND/2CIA/1PEL(PASSOS);BM1272152;Não;Não;Não;BOLETIM DE OCORRENCIA;Classificada;25/06/2022 06:53;Não
2022-22760046-5;(BM) 2022-027041192-001;24/06/2022 08:59;RUA DOUTOR SATURNINO, Nº 63 - PASSOS;-207.275.207;-465.991.865;X03000 - EMPENHO ADMINISTRATIVO (C) (Prioridade: 2 - Média);1CIA IND/2CIA/1PEL(PASSOS);UR0565;Não;Não;Não;BOLETIM DE OCORRENCIA;Classificada;25/06/2022 06:52;Não
2022-22760697-3;(BM) 2022-027049160-001;24/06/2022 10:01;RUA DOUTOR SATURNINO, Nº 63 - PASSOS;-207.275.207;-465.991.865;X03000 - EMPENHO ADMINISTRATIVO (C) (Prioridade: 2 - Média);1CIA IND/2CIA/1PEL(PASSOS);ASL00064;Não;Não;Não;BOLETIM DE OCORRENCIA;Classificada;25/06/2022 06:52;Não
2022-22762424-1;(BM) 2022-027070517-001;24/06/2022 12:36;RUA PERNAMBUCO, Nº S/N - BELA VISTA - PASSOS;-207.144.561;-465.965.224;W04000 - NADA CONSTATADO (C) (Prioridade: 3 - Baixa);1CIA IND/2CIA/1PEL(PASSOS);UR0565;Não;Não;Não;BOLETIM DE OCORRENCIA;Classificada;25/06/2022 06:54;Não
2022-22762510-1;(BM) 2022-027071383-001;24/06/2022 12:44;TRAVESSA ARY BRASILEIRO DE CASTRO, Nº S/N - CENTRO - SAO JOSE DA BARRA;-207.163.425;-463.128.297;X03000 - EMPENHO ADMINISTRATIVO (C) (Prioridade: 2 - Média);1CIA IND/2CIA/1PEL(PASSOS);ASL00064;Não;Não;Não;BOLETIM DE OCORRENCIA;Classificada;25/06/2022 06:52;Não
2022-22762938-9;(BM) 2022-027079680-001;24/06/2022 13:29;RODOVIA MG 050, Nº S/N - PASSOS;-207.371.492;-466.395.925;Y40035 - APOIO DE SOLO EM OPERACOES AEREAS (C) (Prioridade: 2 - Média);1CIA IND/2CIA/1PEL(PASSOS);UR0565;Não;Não;Não;BOLETIM DE OCORRENCIA;Classificada;25/06/2022 06:52;Não
2022-22763045-9;(BM) 2022-027077562-001;24/06/2022 13:40;RODOVIA RODOVIA SBG 080, Nº S/N - SAO JOAO BATISTA GLORIA;-206.297.319;-465.004.599;P01003 - VISTORIA EM EVENTOS TEMPORARIOS (C) (Prioridade: 1 - Alta);1CIA IND/2CIA/PEL PREV E VIST(PASSOS);APF01362;Não;Não;Não;BOLETIM DE OCORRENCIA;Classificada;25/06/2022 06:52;Não
2022-22763983-9;(BM) 2022-027097485-001;24/06/2022 14:40;RODOVIA MG 050, Km 348 - PASSOS;-207.281.619;-4.654.559;P02001 - VISTORIA EM HIDRANTE (C) (Prioridade: 2 - Média);1CIA IND/2CIA/1PEL(PASSOS);ABTS0495;Não;Não;Não;BOLETIM DE OCORRENCIA;Classificada;25/06/2022 06:52;Não
2022-22764408-6;(BM) 2022-027097429-001;24/06/2022 15:06;RUA UBERLANDIA, Nº 1208 - MUARAMA 2 - PASSOS;-207.330.693;-466.143.077;O04012 - INCENDIO EM LOTE VAGO (AREA URBANA) (C) (Prioridade: 2 - Média);1CIA IND/2CIA/1PEL(PASSOS);ABTS0495;Não;Não;Não;BOLETIM DE OCORRENCIA;Classificada;25/06/2022 06:52;Não
2022-22766872-4;(BM) 2022-027125352-001;24/06/2022 17:31;RUA ORQUIDEAS, Nº S/N - PANORAMA - PASSOS;-207.094.094;-466.166.711;O04011 - INCENDIO EM AREA URBANA NAO PROTEGIDA (C) (Prioridade: 2 - Média);1CIA IND/2CIA/1PEL(PASSOS);ABTS0495;Não;Não;Não;BOLETIM DE OCORRENCIA;Classificada;25/06/2022 06:52;Não
2022-22767924-1;(BM) 2022-027143774-001;24/06/2022 18:37;TREVO ITAU DE MINAS, Nº S/N - MARIA PARREIRA - ITAU DE MINAS;-207.431.353;-467.453.829;S05303 - COLISAO ENTRE AUTOMOVEIS (CARRO, CAMIONETA, CAMINHONETE) (C) (Prioridade: 1 - Alta);1CIA IND/2CIA/1PEL(PASSOS);ASL00064 / UR0565;Não;Não;Não;BOLETIM DE OCORRENCIA;Classificada;25/06/2022 06:51;Não
2022-22770204-0;(BM) 2022-027162181-001;24/06/2022 21:08;RUA IMACULADA CONCEICAO, Nº 345 - JARDIM PLANALTO - PASSOS;-207.190.527;-46.628.412;W03000 - SOLICITANTE ENCONTRADO - PROVIDENCIA DISPENSADA (C) (Prioridade: 3 - Baixa);1CIA IND/2CIA/1PEL(PASSOS);UR0565;Não;Não;Não;BOLETIM DE OCORRENCIA;Classificada;25/06/2022 06:53;Não
2022-22771456-9;(BM) 2022-027171518-001;24/06/2022 22:39;RUA BOA ESPERANCA, Nº 310 - CALIFORNIA - PASSOS;-207.011.316;-466.175.033;S04009 - SALVAMENTO DE PESSOA PRESA EM IMOVEL (C) (Prioridade: 2 - Média);1CIA IND/2CIA/1PEL(PASSOS);ASL00064;Não;Não;Não;BOLETIM DE OCORRENCIA;Classificada;25/06/2022 06:52;Não
2022-22775490-9;(BM) 2022-027207539-001;25/06/2022 08:05;RUA BONSUCESSO, Nº 769 - CANDEIAS - PASSOS;-207.206.853;-466.180.186;V01008 - VITIMA COM DOR ABDOMINAL (ABDOME AGUDO) (C) (Prioridade: 1 - Alta);1CIA IND/2CIA/1PEL(PASSOS);UR0565;Não;Não;Não;BOLETIM DE OCORRENCIA;Classificada;26/06/2022 06:14;Não
2022-22776639-6;(BM) 2022-027216542-001;25/06/2022 10:27;RUA DOUTOR CARVALHO, Nº 1455 - NOSSA SENHORA DAS GRAÇAS - PASSOS;-207.352.269;-466.037.303;Q03006 - TREINAMENTO DE FORMACAO DE BRIGADAS (C) (Prioridade: 2 - Média);1CIA IND/2CIA/1PEL(PASSOS);BM1123223;Não;Não;Não;BOLETIM DE OCORRENCIA;Classificada;26/06/2022 06:14;Não
2022-22777356-7;(BM) 2022-027222944-001;25/06/2022 11:46;RUA GONCALVES DIAS, Nº 30 - CENTRO - PASSOS;-207.161.692;-466.080.641;S06002 - CAPTURA DE ANIMAL SILVESTRE PERIGOSO / AGRESSIVO (C) (Prioridade: 2 - Média);1CIA IND/2CIA/1PEL(PASSOS);ASL00064;Não;Não;Não;BOLETIM DE OCORRENCIA;Classificada;26/06/2022 06:24;Não
2022-22778193-0;(BM) 2022-027253252-001;25/06/2022 13:36;ESTRADA ESTARDA QUE LIGA PAREDAO, Nº S/N - CONCEICAO DA APARECIDA;-210.659.166;-462.321.384;S03016 - SALVAMENTO PRATICANTE PARAGLIDER, ASA-DELTA E ASSEMELHADOS (C) (Prioridade: 1 - Alta);1CIA IND/2CIA/1PEL(PASSOS);ASL00064;Não;Não;Não;BOLETIM DE OCORRENCIA;Classificada;26/06/2022 06:15;Não
2022-22778280-2;(BM) 2022-027273751-001;25/06/2022 13:45;RUA SURINAME, Nº 220 - NOVO MUNDO - PASSOS;-207.260.382;-46.591.341;V01018 - VITIMA DE MAL NAO DEFINIDO (DISTURBIO) (C) (Prioridade: 1 - Alta);1CIA IND/2CIA/1PEL(PASSOS);UR0565;Não;Não;Não;BOLETIM DE OCORRENCIA;Classificada;26/06/2022 06:16;Não
2022-22779734-3;(BM) 2022-027253581-001;25/06/2022 15:42;RUA JOAQUIM DE MELO LEMOS, Nº 51 - FLAMBOYANT - PASSOS;-207.541.115;-466.049.286;V02502 - VITIMA DE QUEDA (MOTOCICLISTA) (C) (Prioridade: 1 - Alta);1CIA IND/2CIA/1PEL(PASSOS);UR0565;Não;Não;Não;BOLETIM DE OCORRENCIA;Classificada;26/06/2022 06:17;Não
2022-22781045-0;;25/06/2022 17:14;RUA QUISSISANA, Nº 32 - CENTRO - POCOS DE CALDAS;;;V03005 - VITIMA DE AGRESSAO FISICA SEM USO DE ARMA (C) (Prioridade: 1 - Alta);1CIA IND (POCOS DE CALDAS);;Não;Não;Não;REPASSADA A OUTROS ÓRGAOS;Classificada;26/06/2022 07:12;Não
2022-22781082-7;(BM) 2022-027259457-001;25/06/2022 17:15;RUA CAMPANARIO, Nº 131 - COHAB 2 - PASSOS;-2.070.935;-466.277.294;S06003 - CAPTURA DE CAO PERIGOSO / AGRESSIVO (C) (Prioridade: 2 - Média);1CIA IND/2CIA/1PEL(PASSOS);ABTS0495;Não;Não;Não;BOLETIM DE OCORRENCIA;Classificada;26/06/2022 06:27;Não
2022-22782196-1;(BM) 2022-027273896-001;25/06/2022 18:26;RUA PIUMHI / RUA JOAQUIM LOPES - PENHA - PASSOS;-207.166.421;-466.234.049;V02202 - VITIMA DE CHOQUE DE MOTOCICLETA (C) (Prioridade: 1 - Alta);1CIA IND/2CIA/1PEL(PASSOS);UR0565;Não;Não;Não;BOLETIM DE OCORRENCIA;Classificada;26/06/2022 06:18;Não
2022-22783193-9;(BM) 2022-027288511-001;25/06/2022 19:33;RODOVIA MG 050, Nº S/N - PASSOS;-207.371.492;-466.395.925;O04006 - INCENDIO EM AREA RURAL PERTENCENTE A ORGAO PRIVADO (C) (Prioridade: 2 - Média);1CIA IND/2CIA/1PEL(PASSOS);ABTS0495;Não;Não;Não;BOLETIM DE OCORRENCIA;Classificada;26/06/2022 06:27;Não
2022-22784085-1;(BM) 2022-027288524-001;25/06/2022 20:34;RUA VITORIA, Nº 286 - JARDIM COLEGIO DE PASSOS - PASSOS;-207.205.858;-465.941.238;V01023 - VITIMA DE SINCOPE (DESMAIO)/VERTIGEM (C) (Prioridade: 1 - Alta);1CIA IND/2CIA/1PEL(PASSOS);UR0565;Não;Não;Não;BOLETIM DE OCORRENCIA;Classificada;26/06/2022 06:19;Não
2022-22786398-8;(BM) 2022-027308765-001;25/06/2022 23:08;RUA GOIAS, Nº 374 - POLIVALENTE - PASSOS;-207.065.439;-466.058.811;V03018 - VITIMA DE QUEDA DA PROPRIA ALTURA (C) (Prioridade: 1 - Alta);1CIA IND/2CIA/1PEL(PASSOS);UR0565;Não;Não;Não;BOLETIM DE OCORRENCIA;Classificada;26/06/2022 06:20;Não
2022-22787859-4;(BM) 2022-027323791-001;26/06/2022 00:52;RUA RIO BRANCO, Nº 913 - POLIVALENTE - PASSOS;-207.044.616;-466.032.089;W03000 - SOLICITANTE ENCONTRADO - PROVIDENCIA DISPENSADA (C) (Prioridade: 3 - Baixa);1CIA IND/2CIA/1PEL(PASSOS);UR0565;Não;Não;Não;BOLETIM DE OCORRENCIA;Classificada;26/06/2022 06:23;Não
2022-22789583-6;(BM) 2022-027334603-001;26/06/2022 03:47;RODOVIA MG 446, Nº S/N - ALPINOPOLIS;;;V02416 - VITIMA DE COLISAO ENTRE MULTIPLOS VEICULOS / ENGAVETAMENTO (C) (Prioridade: 1 - Alta);1CIA IND/2CIA/1PEL(PASSOS);ABTS0495 / UR0565;Não;Não;Não;ATENDIDA PELO SAMU;Classificada;26/06/2022 06:25;Não
2022-22790070-9;;26/06/2022 05:47;ESTRADA JULIEIRA, Nº S/N - NOVA CALIFORNIA - PASSOS;-207.018.793;-466.242.379;V02203 - VITIMA DE CHOQUE DE AUTOMOVEL (CARRO / CAMINHONETE) (C) (Prioridade: 1 - Alta);1CIA IND/2CIA/1PEL(PASSOS);;Não;Não;Não;DISPENSADA PELO SOLICITANTE;Classificada;26/06/2022 05:48;Não
2022-22790391-2;(BM) 2022-027336944-001;26/06/2022 07:27;RUA DOUTOR SATURNINO, Nº 300 - CENTRO - PASSOS;-207.223.944;-466.123.876;P03004 - PREVENCAO EM EVENTO ESPORTIVO (C) (Prioridade: 2 - Média);1CIA IND/2CIA/1PEL(PASSOS);UR0565;Não;Não;Não;BOLETIM DE OCORRENCIA;Classificada;27/06/2022 08:13;Não
2022-22791368-6;(BM) 2022-027344007-001;26/06/2022 10:08;RODOVIA MG 050, Nº S/N - PASSOS;-207.371.492;-466.395.925;O02042 - INCENDIO EM ONIBUS/MICRO-ONIBUS (C) (Prioridade: 2 - Média);1CIA IND/2CIA/1PEL(PASSOS);ABTS0495;Não;Não;Não;BOLETIM DE OCORRENCIA;Classificada;27/06/2022 08:13;Não
2022-22791395-9;(BM) 2022-027344010-001;26/06/2022 10:13;RUA DOUTOR SATURNINO, Nº 300 - CENTRO - PASSOS;-207.223.944;-466.123.876;P03004 - PREVENCAO EM EVENTO ESPORTIVO (C) (Prioridade: 2 - Média);1CIA IND/2CIA/1PEL(PASSOS);UR0565;Não;Não;Não;BOLETIM DE OCORRENCIA;Classificada;27/06/2022 08:14;Não
2022-22792032-0;(BM) 2022-027350151-001;26/06/2022 11:33;RUA ZE MACHADO, Nº 119 - FLAMBOYANT - PASSOS;-207.557.867;-466.032.008;V01018 - VITIMA DE MAL NAO DEFINIDO (DISTURBIO) (C) (Prioridade: 1 - Alta);1CIA IND/2CIA/1PEL(PASSOS);UR0565;Não;Não;Não;BOLETIM DE OCORRENCIA;Classificada;27/06/2022 08:14;Não
2022-22793038-2;(BM) 2022-027360670-001;26/06/2022 14:02;RUA TEOFILO OTTONI, Nº 512 - COHAB 3 - PASSOS;-207.067.791;-466.280.064;W01000 - SOLICITANTE NAO ENCONTRADO (C) (Prioridade: 3 - Baixa);1CIA IND/2CIA/1PEL(PASSOS);UR0565;Não;Não;Não;BOLETIM DE OCORRENCIA;Classificada;27/06/2022 08:13;Não
2022-22793904-1;(BM) 2022-027369578-001;26/06/2022 15:10;RUA INHUMAS, Nº S/N - JARDIM PLANALTO - PASSOS;-207.199.046;-46.621.586;O04011 - INCENDIO EM AREA URBANA NAO PROTEGIDA (C) (Prioridade: 2 - Média);1CIA IND/2CIA/1PEL(PASSOS);ABTS0495;Não;Não;Não;BOLETIM DE OCORRENCIA;Classificada;27/06/2022 08:13;Não
2022-22795861-1;(BM) 2022-027387190-001;26/06/2022 17:24;RUA PEDESTRES, Nº 40 - CASARAO - PASSOS;-207.207.628;-465.905.728;V01003 - VITIMA COM CRISE CONVULSIVA (C) (Prioridade: 1 - Alta);1CIA IND/2CIA/1PEL(PASSOS);UR0565;Não;Não;Não;BOLETIM DE OCORRENCIA;Classificada;27/06/2022 08:12;Não
2022-22803828-5;(BM) 2022-027464816-001;27/06/2022 08:34;RUA DOUTOR CARVALHO, Nº 1455 - NOSSA SENHORA DAS GRAÇAS - PASSOS;-207.352.269;-466.037.303;Q03999 - OUTROS TIPOS DE TREINAMENTO (C) (Prioridade: 2 - Média);1CIA IND/2CIA/1PEL(PASSOS);BM1315175;Não;Não;Não;BOLETIM DE OCORRENCIA;Classificada;28/06/2022 08:49;Não
2022-22803988-1;(BM) 2022-027466477-001;27/06/2022 08:48;RUA DOUTOR CARVALHO, Nº 1455 - NOSSA SENHORA DAS GRAÇAS - PASSOS;-207.352.269;-466.037.303;Q03003 - TREINAMENTO DE SALVAMENTO AQUATICO (C) (Prioridade: 2 - Média);1CIA IND/2CIA/1PEL(PASSOS);BM1551159;Não;Não;Não;BOLETIM DE OCORRENCIA;Classificada;28/06/2022 08:49;Não
2022-22804814-6;(BM) 2022-027477618-001;27/06/2022 10:02;RUA DOUTOR CARVALHO, Nº 1455 - NOSSA SENHORA DAS GRAÇAS - PASSOS;-207.352.269;-466.037.303;Q05002 - PROJETO DE DIVULGACAO DA NATACAO (C) (Prioridade: 1 - Alta);1CIA IND/2CIA/PEL PREV E VIST(PASSOS);BM1644855;Não;Não;Não;BOLETIM DE OCORRENCIA;Classificada;28/06/2022 08:49;Não
2022-22805140-0;(BM) 2022-027481999-001;27/06/2022 10:29;RUA DOUTOR CARVALHO, Nº 780 - BELO HORIZONTE - PASSOS;-20.728.492;-466.063.538;V03018 - VITIMA DE QUEDA DA PROPRIA ALTURA (C) (Prioridade: 1 - Alta);1CIA IND/2CIA/1PEL(PASSOS);UR0565;Não;Não;Não;BOLETIM DE OCORRENCIA;Classificada;28/06/2022 08:50;Não
2022-22806822-5;(BM) 2022-027504290-001;27/06/2022 13:12;RUA SAO JOSE, Nº 383 - COUNTRY CLUB - POCOS DE CALDAS;-217.879.543;-465.915.699;X03000 - EMPENHO ADMINISTRATIVO (C) (Prioridade: 2 - Média);1CIA IND/2CIA/PEL PREV E VIST(PASSOS);APF01044;Não;Não;Não;BOLETIM DE OCORRENCIA;Classificada;28/06/2022 08:50;Não
2022-22808809-8;(BM) 2022-027540525-001;27/06/2022 15:16;RUA MATO GROSSO, Nº 1441 - BELA VISTA 2 - PASSOS;-207.110.191;-465.983.109;V01018 - VITIMA DE MAL NAO DEFINIDO (DISTURBIO) (C) (Prioridade: 1 - Alta);1CIA IND/2CIA/1PEL(PASSOS);UR0565;Não;Não;Não;BOLETIM DE OCORRENCIA;Classificada;28/06/2022 08:50;Não
2022-22810145-2;(BM) 2022-027554046-001;27/06/2022 16:24;RUA MARIA DA PENHA L BORSARI, Nº 100 - NOVA PASSOS II - PASSOS;-206.990.573;-46.631.675;W03000 - SOLICITANTE ENCONTRADO - PROVIDENCIA DISPENSADA (C) (Prioridade: 3 - Baixa);1CIA IND/2CIA/1PEL(PASSOS);UR0565;Não;Não;Não;BOLETIM DE OCORRENCIA;Classificada;28/06/2022 08:49;Não
2022-22813154-0;(BM) 2022-027587795-001;27/06/2022 19:23;RUA BARTOLOMEU DE GUSMAO, Nº 412 - BELO HORIZONTE - PASSOS;-207.273.264;-46.609.308;V01006 - VITIMA COM DIFICULDADE DE LOCOMOCAO (C) (Prioridade: 1 - Alta);1CIA IND/2CIA/1PEL(PASSOS);UR0565;Não;Não;Não;BOLETIM DE OCORRENCIA;Classificada;28/06/2022 08:49;Não
2022-22813906-3;(BM) 2022-027588551-001;27/06/2022 20:14;AVENIDA PERIMETRAL, Nº S/N - PARQUE DA ESTACAO - PASSOS;-207.057.771;-466.097.547;O04012 - INCENDIO EM LOTE VAGO (AREA URBANA) (C) (Prioridade: 2 - Média);1CIA IND/2CIA/1PEL(PASSOS);ABTS0495;Não;Não;Não;BOLETIM DE OCORRENCIA;Classificada;28/06/2022 08:49;Não
2022-22818673-4;(BM) 2022-027641539-001;28/06/2022 08:24;RUA SAO JOSE, Nº 383 - COUNTRY CLUB - POCOS DE CALDAS;-217.879.543;-465.915.699;X03000 - EMPENHO ADMINISTRATIVO (C) (Prioridade: 2 - Média);1CIA IND/2CIA/PEL PREV E VIST(PASSOS);APF01044;Não;Não;Não;BOLETIM DE OCORRENCIA;Classificada;29/06/2022 17:32;Não
2022-22818895-6;(BM) 2022-027649522-001;28/06/2022 08:50;RUA JOAQUIM LOPES, Nº 510 - PENHA - PASSOS;-207.164.279;-466.255.677;V01003 - VITIMA COM CRISE CONVULSIVA (C) (Prioridade: 1 - Alta);1CIA IND/2CIA/1PEL(PASSOS);UR0565;Não;Não;Não;BOLETIM DE OCORRENCIA;Classificada;29/06/2022 06:22;Não
2022-22819417-0;(BM) 2022-027661646-001;28/06/2022 09:42;RODOVIA MG-050, Nº 1315 - PASSOS;;;X03000 - EMPENHO ADMINISTRATIVO (C) (Prioridade: 2 - Média);1CIA IND/2CIA/1PEL(PASSOS);ASL00064;Não;Não;Não;BOLETIM DE OCORRENCIA;Classificada;29/06/2022 06:23;Não
2022-22819509-6;(BM) 2022-027652357-001;28/06/2022 09:52;RUA DEPUTADO LOURENCO DE ANDRADE, Nº 425 - CENTRO - PASSOS;-207.167.908;-466.095.143;P01002 - VISTORIA DE LIBERACAO / EMISSAO DE AVCB (C) (Prioridade: 2 - Média);1CIA IND/2CIA/PEL PREV E VIST(PASSOS);APF01362;Não;Não;Não;BOLETIM DE OCORRENCIA;Classificada;29/06/2022 06:23;Não
2022-22819916-0;(BM) 2022-027661270-001;28/06/2022 10:21;RUA LICOMEDIO HONORIO DE FREITAS, Nº 124 - RECANTO DA TEKA - PASSOS;-207.423.205;-465.986.277;P01001 - VISTORIA DE FISCALIZACAO (C) (Prioridade: 2 - Média);1CIA IND/2CIA/PEL PREV E VIST(PASSOS);APF01362;Não;Não;Não;BOLETIM DE OCORRENCIA;Classificada;29/06/2022 06:23;Não
2022-22820218-0;(BM) 2022-027661740-001;28/06/2022 10:52;RUA MONTREAL, Nº 67 - JARDIM CANADA II - PASSOS;-207.511.507;-46.613.483;P01001 - VISTORIA DE FISCALIZACAO (C) (Prioridade: 2 - Média);1CIA IND/2CIA/PEL PREV E VIST(PASSOS);APF01362;Não;Não;Não;BOLETIM DE OCORRENCIA;Classificada;29/06/2022 06:23;Não
2022-22821572-5;(BM) 2022-027678509-001;28/06/2022 13:04;RUA VITORIA, Nº 106 - JARDIM COLEGIO DE PASSOS - PASSOS;-207.215.852;-465.954.469;P01001 - VISTORIA DE FISCALIZACAO (C) (Prioridade: 2 - Média);1CIA IND/2CIA/PEL PREV E VIST(PASSOS);APF01362;Não;Não;Não;BOLETIM DE OCORRENCIA;Classificada;29/06/2022 06:22;Não
2022-22821877-2;(BM) 2022-027702278-001;28/06/2022 13:33;RODOVIA MG 050, Km 372 - JARDIM IPES - ITAU DE MINAS;-207.565.749;-467.570.194;X03000 - EMPENHO ADMINISTRATIVO (C) (Prioridade: 2 - Média);1CIA IND/2CIA/1PEL(PASSOS);ASL00064;Não;Não;Não;BOLETIM DE OCORRENCIA;Classificada;29/06/2022 06:22;Não
2022-22822629-6;(BM) 2022-027701299-001;28/06/2022 14:25;PRACA GERALDO DA SILVA MAIA, Nº S/N - CENTRO - PASSOS;-207.208.941;-46.609.005;X03000 - EMPENHO ADMINISTRATIVO (C) (Prioridade: 2 - Média);1CIA IND/2CIA/PEL PREV E VIST(PASSOS);APF01362;Não;Não;Não;BOLETIM DE OCORRENCIA;Classificada;29/06/2022 06:22;Não
2022-22822843-6;(BM) 2022-027693732-001;28/06/2022 14:37;RODOVIA MG 050, Nº S/N - PASSOS;-207.371.492;-466.395.925;W06000 - TESTE (C) (Prioridade: 3 - Baixa);1CIA IND/2CIA/1PEL(PASSOS);1193;Não;Não;Não;BOLETIM DE OCORRENCIA;Classificada;29/06/2022 06:23;Não
2022-22823805-2;(BM) 2022-027706592-001;28/06/2022 15:29;AVENIDA BRASILIA, Nº S/N - JARDIM PLANALTO - PASSOS;-207.188.862;-466.241.602;S06002 - CAPTURA DE ANIMAL SILVESTRE PERIGOSO / AGRESSIVO (C) (Prioridade: 2 - Média);1CIA IND/2CIA/1PEL(PASSOS);ASL00064;Não;Não;Não;BOLETIM DE OCORRENCIA;Classificada;29/06/2022 06:22;Não
2022-22828260-0;(BM) 2022-027758890-001;28/06/2022 19:53;RUA DOUTOR CARVALHO, Nº 1455 - NOSSA SENHORA DAS GRAÇAS - PASSOS;-207.352.269;-466.037.303;S04014 - SALVAMENTO DE PESSOA COM OBJETO PRESO AO CORPO (C) (Prioridade: 1 - Alta);1CIA IND/2CIA/1PEL(PASSOS);BM1256320;Não;Não;Não;BOLETIM DE OCORRENCIA;Classificada;29/06/2022 06:22;Não
2022-22829810-5;(BM) 2022-027775200-001;28/06/2022 21:51;RUA DOS MEDICOS, Nº 190 - BELO HORIZONTE - PASSOS;-207.303.018;-466.065;S07001 - VAZAMENTO DE GLP/GAS NATURAL (COZINHA) (C) (Prioridade: 1 - Alta);1CIA IND/2CIA/1PEL(PASSOS);ABTS0495;Não;Não;Não;BOLETIM DE OCORRENCIA;Classificada;29/06/2022 06:22;Não
2022-22833255-0;(BM) 2022-027812449-001;29/06/2022 08:25;RUA DOUTOR CARVALHO, Nº 1455 - NOSSA SENHORA DAS GRAÇAS - PASSOS;-207.352.269;-466.037.303;W06000 - TESTE (C) (Prioridade: 3 - Baixa);1CIA IND/2CIA/1PEL(PASSOS);ASL00064;Não;Não;Não;BOLETIM DE OCORRENCIA;Classificada;01/07/2022 05:08;Não
2022-22833395-9;(BM) 2022-027814162-001;29/06/2022 08:40;RUA GUANABARA, Nº 754 - POLIVALENTE - PASSOS;-207.019.158;-466.039.296;P01002 - VISTORIA DE LIBERACAO / EMISSAO DE AVCB (C) (Prioridade: 2 - Média);1CIA IND/2CIA/PEL PREV E VIST(PASSOS);APF01362;Não;Não;Não;BOLETIM DE OCORRENCIA;Classificada;01/07/2022 05:08;Não
2022-22833397-4;(BM) 2022-027817482-001;29/06/2022 08:41;RUA CORONEL JOAO DE BARROS, Nº 1052 - BELO HORIZONTE - PASSOS;-207.265.921;-466.089.908;P01002 - VISTORIA DE LIBERACAO / EMISSAO DE AVCB (C) (Prioridade: 2 - Média);1CIA IND/2CIA/PEL PREV E VIST(PASSOS);APF01362;Não;Não;Não;BOLETIM DE OCORRENCIA;Classificada;01/07/2022 05:08;Não
2022-22833398-7;(BM) 2022-027821108-001;29/06/2022 08:42;AVENIDA COMENDADOR FRANCISCO A MAIA, Nº 3065 - CENTRO - PASSOS;-20.725.229;-466.114.711;P01002 - VISTORIA DE LIBERACAO / EMISSAO DE AVCB (C) (Prioridade: 2 - Média);1CIA IND/2CIA/PEL PREV E VIST(PASSOS);APF01362;Não;Não;Não;BOLETIM DE OCORRENCIA;Classificada;01/07/2022 05:09;Não
2022-22834572-8;(BM) 2022-027829342-001;29/06/2022 10:25;AVENIDA OTTO KRAKAUER, Nº 913 - SANTA CASA - PASSOS;-207.112.799;-466.115.238;P02001 - VISTORIA EM HIDRANTE (C) (Prioridade: 2 - Média);1CIA IND/2CIA/1PEL(PASSOS);ABTS0495;Não;Não;Não;BOLETIM DE OCORRENCIA;Classificada;01/07/2022 05:09;Não
2022-22838931-0;(BM) 2022-027888143-001;29/06/2022 15:53;RUA SAO SEBASTIAO, Nº 325 - CANJERANUS - PASSOS;-207.138.533;-466.026.634;P01001 - VISTORIA DE FISCALIZACAO (C) (Prioridade: 2 - Média);1CIA IND/2CIA/PEL PREV E VIST(PASSOS);APF01362;Não;Não;Não;BOLETIM DE OCORRENCIA;Classificada;01/07/2022 05:09;Não
2022-22838937-7;(BM) 2022-027889029-001;29/06/2022 15:54;RUA SEBASTIAO BENEDITO DE ANDRADE, Nº 254 - JARDIM CANADA - PASSOS;-207.489.073;-466.067.125;P01001 - VISTORIA DE FISCALIZACAO (C) (Prioridade: 2 - Média);1CIA IND/2CIA/PEL PREV E VIST(PASSOS);APF01362;Não;Não;Não;BOLETIM DE OCORRENCIA;Classificada;01/07/2022 05:09;Não
2022-22839929-4;(BM) 2022-027896635-001;29/06/2022 16:52;AVENIDA SABIA, Nº S/N - MUARAMA 2 - PASSOS;-207.330.855;-466.157.928;W06000 - TESTE (C) (Prioridade: 3 - Baixa);1CIA IND/2CIA/1PEL(PASSOS);BM1123223;Não;Não;Não;BOLETIM DE OCORRENCIA;Classificada;01/07/2022 05:08;Não
2022-22840067-0;(BM) 2022-027931244-001;29/06/2022 17:00;RUA SAO MIGUEL, Nº S/N - JARDIM PLANALTO - PASSOS;-20.722.654;-466.243.921;O04011 - INCENDIO EM AREA URBANA NAO PROTEGIDA (C) (Prioridade: 2 - Média);1CIA IND/2CIA/1PEL(PASSOS);ABTS0495;Não;Não;Não;BOLETIM DE OCORRENCIA;Classificada;01/07/2022 05:09;Não
2022-22844163-5;(BM) 2022-027941280-001;29/06/2022 21:21;RUA BUENOS AIRES, Nº 815 - PANORAMA - PASSOS;-20.705.086;-46.619.532;O02027 - INCENDIO VEIC. AUTOMOTOR (EXCETO TANQUE/ONIBUS/MICRO-ONIBUS) (C) (Prioridade: 1 - Alta);1CIA IND/2CIA/1PEL(PASSOS);ABTS0495;Não;Não;Não;BOLETIM DE OCORRENCIA;Classificada;01/07/2022 05:10;Não
2022-22848847-2;(BM) 2022-027992690-001;30/06/2022 09:33;RUA RIO VERDE, Nº 424 - SANTA LUZIA - PASSOS;-20.707.136;-466.040.014;S06001 - SALVAMENTO DE ANIMAL EM RISCO / PERIGO (C) (Prioridade: 2 - Média);1CIA IND/2CIA/1PEL(PASSOS);ABTS0495;Não;Não;Não;BOLETIM DE OCORRENCIA;Classificada;01/07/2022 05:15;Não
2022-22849061-2;(BM) 2022-027995063-001;30/06/2022 09:50;AVENIDA JUCA STOCKLER, Nº 1530 - NOSSA SENHORA DAS GRAÇAS - PASSOS;-207.365.885;-466.027.501;S06007 - CORTE / PODA DE ARVORE COM RISCO IMINENTE DE QUEDA (C) (Prioridade: 2 - Média);1CIA IND/2CIA/1PEL(PASSOS);ASL00064;Não;Não;Não;BOLETIM DE OCORRENCIA;Classificada;01/07/2022 05:15;Não
2022-22849225-8;(BM) 2022-027998706-001;30/06/2022 10:05;RUA DOUTOR SEPULVEDA, Nº S/N - SANTA CASA - PASSOS;-207.105.701;-466.129.292;P01003 - VISTORIA EM EVENTOS TEMPORARIOS (C) (Prioridade: 1 - Alta);1CIA IND/2CIA/PEL PREV E VIST(PASSOS);APF01362;Não;Não;Não;BOLETIM DE OCORRENCIA;Classificada;01/07/2022 05:13;Não
2022-22849727-6;(BM) 2022-028003836-001;30/06/2022 10:50;AVENIDA SABIA, Nº 440 - PARQUE DA FAZENDA - PASSOS;-207.380.802;-466.098.309;P01001 - VISTORIA DE FISCALIZACAO (C) (Prioridade: 2 - Média);1CIA IND/2CIA/PEL PREV E VIST(PASSOS);APF01362;Não;Não;Não;BOLETIM DE OCORRENCIA;Classificada;01/07/2022 05:14;Não
2022-22849953-5;(BM) 2022-028008096-001;30/06/2022 11:08;RUA OPERARIOS, Nº 580 - SANTA RITA - PASSOS;-207.334.561;-466.117.602;P01001 - VISTORIA DE FISCALIZACAO (C) (Prioridade: 2 - Média);1CIA IND/2CIA/PEL PREV E VIST(PASSOS);APF01362;Não;Não;Não;BOLETIM DE OCORRENCIA;Classificada;01/07/2022 05:14;Não
2022-22850155-1;(BM) 2022-028010039-001;30/06/2022 11:28;RUA ARISTEU INACIO ANDRADE ROSA, Nº S/N - JARDIM CANADA - PASSOS;-207.480.124;-466.077.959;P01001 - VISTORIA DE FISCALIZACAO (C) (Prioridade: 2 - Média);1CIA IND/2CIA/PEL PREV E VIST(PASSOS);APF01362;Não;Não;Não;BOLETIM DE OCORRENCIA;Classificada;01/07/2022 05:14;Não
2022-22850947-0;(BM) 2022-028019280-001;30/06/2022 12:55;RUA DOUTOR CARVALHO, Nº 1455 - NOSSA SENHORA DAS GRAÇAS - PASSOS;-207.352.269;-466.037.303;R05999 - OUTROS TIPOS DE ACOES DA GESTAO DO RISCO DE DESASTRES (C) (Prioridade: 2 - Média);1CIA IND/2CIA/1PEL(PASSOS);BM1603695;Não;Não;Não;BOLETIM DE OCORRENCIA;Classificada;01/07/2022 05:14;Não
2022-22850999-3;(BM) 2022-028019932-001;30/06/2022 13:04;AVENIDA HUMBERTO DE ALMEIDA, Nº 590 - SAO JOSE - CASSIA;-205.964.156;-469.142.344;P01002 - VISTORIA DE LIBERACAO / EMISSAO DE AVCB (C) (Prioridade: 2 - Média);1CIA IND/2CIA/PEL PREV E VIST(PASSOS);APF01362;Não;Não;Não;BOLETIM DE OCORRENCIA;Classificada;01/07/2022 05:14;Não
2022-22851184-5;(BM) 2022-028021301-001;30/06/2022 13:15;RUA DOUTOR CARVALHO, Nº 1455 - NOSSA SENHORA DAS GRAÇAS - PASSOS;-207.352.269;-466.037.303;R05999 - OUTROS TIPOS DE ACOES DA GESTAO DO RISCO DE DESASTRES (C) (Prioridade: 2 - Média);1CIA IND/2CIA/PEL PREV E VIST(PASSOS);BM1271204;Não;Não;Não;BOLETIM DE OCORRENCIA;Classificada;01/07/2022 05:14;Não
2022-22852824-0;(BM) 2022-028041917-001;30/06/2022 15:03;ESTRADA DELFINOPOLIS/OLHOS D'AGUA, Nº S/N - DELFINOPOLIS;-203.372.195;-468.398.534;P01002 - VISTORIA DE LIBERACAO / EMISSAO DE AVCB (C) (Prioridade: 2 - Média);1CIA IND/2CIA/PEL PREV E VIST(PASSOS);APF01362;Não;Não;Não;BOLETIM DE OCORRENCIA;Classificada;01/07/2022 05:14;Não
2022-22854568-3;(BM) 2022-028071324-001;30/06/2022 16:43;RODOVIA MG 050, Nº S/N - PASSOS;-207.371.492;-466.395.925;O02003 - INCENDIO EM EDIFICACAO COMERCIAL (C) (Prioridade: 1 - Alta);1CIA IND/2CIA/1PEL(PASSOS);ABTS0495;Não;Não;Não;BOLETIM DE OCORRENCIA;Classificada;01/07/2022 05:13;Não
2022-22856620-2;(BM) 2022-028096030-001;30/06/2022 18:47;RUA COIMBRAS, Nº S/N - NOSSA SENHORA DE LOURDES - PASSOS;-206.987.548;-466.163.657;O02038 - INCENDIO EM REDE ELETRICA / POSTE / CURTO-CIRCUITO (C) (Prioridade: 2 - Média);1CIA IND/2CIA/1PEL(PASSOS);ABTS0495;Não;Não;Não;BOLETIM DE OCORRENCIA;Classificada;01/07/2022 05:14;Não
2022-22857288-3;(BM) 2022-028096070-001;30/06/2022 19:31;RUA PALMAS, Nº 119 - PANORAMA - PASSOS;-207.105.738;-466.145.383;O04012 - INCENDIO EM LOTE VAGO (AREA URBANA) (C) (Prioridade: 2 - Média);1CIA IND/2CIA/1PEL(PASSOS);ABTS0495;Não;Não;Não;BOLETIM DE OCORRENCIA;Classificada;01/07/2022 05:14;Não
2022-22857935-9;(BM) 2022-028104510-001;30/06/2022 20:14;RUA TRES DE MAIO, Nº 160 - CENTRO - PASSOS;-207.234.457;-466.059.536;O02034 - INCENDIO EM CACAMBA DE LIXO / ENTULHO (C) (Prioridade: 2 - Média);1CIA IND/2CIA/1PEL(PASSOS);ABTS0495;Não;Não;Não;BOLETIM DE OCORRENCIA;Classificada;01/07/2022 05:13;Não
