Nº chamada;Nº REDS;Data/hora de criação;Local do fato;Latitude  do local;Longitude do local;Natureza;Unidade Responsável;Recursos empenhados;Alerta;Destaque;Envolve autoridade;Tipo de classificação;Situação;Data/hora da situação atual;Evento associado
2022-20164384-0;(BM) 2022-000007028-001;01/01/2022 01:39;RUA CARAJAS, Nº S/N - VILA ROMANA - PASSOS;-207.435.197;-466.105.654;V02402 - VITIMA DE COLISAO ENTRE MOTOCICLETAS (C) (Prioridade: 1 - Alta);1CIA IND/2CIA/1PEL(PASSOS);UR0565;Não;Não;Não;BOLETIM DE OCORRENCIA;Classificada;02/01/2022 07:14;Não
2022-20165481-1;(BM) 2022-000013837-001;01/01/2022 02:54;RUA MUZAMBINHO, Nº 1209 - JARDIM ELAINE - PASSOS;-206.960.525;-466.141.269;V01007 - VITIMA COM DISPNEIA (FALTA DE AR) (C) (Prioridade: 1 - Alta);1CIA IND/2CIA/1PEL(PASSOS);UR0565;Não;Não;Não;BOLETIM DE OCORRENCIA;Classificada;02/01/2022 07:14;Não
2022-20167239-7;(BM) 2022-000022327-001;01/01/2022 05:50;RODOVIA MG 050, Nº S/N - PASSOS;-207.371.492;-466.395.925;S05103 - CHOQUE DE AUTOMOVEL (CARRO, CAMIONETA, CAMINHONETE) (C) (Prioridade: 1 - Alta);1CIA IND/2CIA/1PEL(PASSOS);UR0565 / ABTS0495;Não;Não;Não;BOLETIM DE OCORRENCIA;Classificada;02/01/2022 07:14;Não
2022-20168332-8;(BM) 2022-000031776-002;01/01/2022 08:33;RUA DOUTOR CARVALHO, Nº 1455 - NOSSA SENHORA DAS GRAÇAS - PASSOS;-207.352.269;-466.037.303;V03017 - VITIMA DE PRINCIPIO DE AFOGAMENTO (C) (Prioridade: 1 - Alta);1CIA IND/2CIA/1PEL(PASSOS);ASL00064 / UR0565;Não;Não;Não;BOLETIM DE OCORRENCIA;Classificada;02/01/2022 08:31;Não
2022-20169148-4;(BM) 2022-000035172-001;01/01/2022 10:20;RUA NITEROI, Nº 937 - RECANTO DA HARMONIA - PASSOS;-207.047.153;-465.975.489;V01013 - VITIMA DE EMERGENCIAS PSIQUIATRICAS (C) (Prioridade: 1 - Alta);1CIA IND/2CIA/1PEL(PASSOS);UR0565;Não;Não;Não;BOLETIM DE OCORRENCIA;Classificada;02/01/2022 08:31;Não
2022-20169620-8;(BM) 2022-000056804-001;01/01/2022 11:24;ESTRADA PRINCIPAL ESTRADA DAS TRES ILHAS S/N, Nº S/N - SAO JOAO BATISTA GLORIA;-206.341.689;-465.676.094;S06007 - CORTE / PODA DE ARVORE COM RISCO IMINENTE DE QUEDA (C) (Prioridade: 2 - Média);1CIA IND/2CIA/1PEL(PASSOS);ASL00064;Não;Não;Não;BOLETIM DE OCORRENCIA;Classificada;02/01/2022 08:31;Não
2022-20170080-0;(BM) 2022-000043545-001;01/01/2022 12:32;PRACA MONSENHOR MATIAS, Nº 156 - PENHA - PASSOS;-207.162.436;-466.156.603;V01007 - VITIMA COM DISPNEIA (FALTA DE AR) (C) (Prioridade: 1 - Alta);1CIA IND/2CIA/1PEL(PASSOS);UR0565;Não;Não;Não;BOLETIM DE OCORRENCIA;Classificada;02/01/2022 08:32;Não
2022-20172873-1;(BM) 2022-000069020-001;01/01/2022 16:52;RUA IATE, Nº 222 - MONSENHOR MESSIAS - PASSOS;-207.384.061;-466.014.221;V01013 - VITIMA DE EMERGENCIAS PSIQUIATRICAS (C) (Prioridade: 1 - Alta);1CIA IND/2CIA/1PEL(PASSOS);UR0565;Não;Não;Não;BOLETIM DE OCORRENCIA;Classificada;02/01/2022 08:32;Não
2022-20173371-9;(BM) 2022-000080738-001;01/01/2022 17:31;TRAVESSA SAO TOME, Nº 319 - CANDEIAS - PASSOS;-207.260.938;-466.158.512;V01018 - VITIMA DE MAL NAO DEFINIDO (DISTURBIO) (C) (Prioridade: 1 - Alta);1CIA IND/2CIA/1PEL(PASSOS);UR0565;Não;Não;Não;BOLETIM DE OCORRENCIA;Classificada;02/01/2022 08:32;Não
2022-20174325-7;(BM) 2022-000083051-001;01/01/2022 18:45;RUA DOUTOR CARVALHO, Nº 1455 - NOSSA SENHORA DAS GRAÇAS - PASSOS;-207.352.269;-466.037.303;Q03001 - TREINAMENTO DE COMBATE A INCENDIO (C) (Prioridade: 2 - Média);1CIA IND/2CIA/1PEL(PASSOS);ABTS0495;Não;Não;Não;BOLETIM DE OCORRENCIA;Classificada;02/01/2022 08:31;Não
2022-20174682-4;(BM) 2022-000085784-001;01/01/2022 19:09;AVENIDA JUPITER, Nº 1060 - COHAB 3 - PASSOS;-20.706.002;-466.231.863;V01018 - VITIMA DE MAL NAO DEFINIDO (DISTURBIO) (C) (Prioridade: 1 - Alta);1CIA IND/2CIA/1PEL(PASSOS);UR0565;Não;Não;Não;BOLETIM DE OCORRENCIA;Classificada;02/01/2022 08:32;Não
2022-20178700-6;(BM) 2022-000120196-001;02/01/2022 00:20;RUA TRES DE MAIO, Nº 282 - BELO HORIZONTE - PASSOS;-207.238.091;-466.047.169;V01018 - VITIMA DE MAL NAO DEFINIDO (DISTURBIO) (C) (Prioridade: 1 - Alta);1CIA IND/2CIA/1PEL(PASSOS);UR0565;Não;Não;Não;BOLETIM DE OCORRENCIA;Classificada;02/01/2022 08:32;Não
2022-20180684-4;(PM) 2022-000144624-001;02/01/2022 07:28;RUA ANGRA DOS REIS, Nº 370 - RECANTO DA HARMONIA - PASSOS;-207.032.693;-465.963.528;W98011 - SOLICITACAO DE APOIO (C) (Prioridade: 1 - Alta);1CIA IND/2CIA/1PEL(PASSOS);;Não;Não;Não;DISPENSADA PELO SOLICITANTE;Classificada;02/01/2022 08:30;Não
2022-20181205-5;(BM) 2022-000143918-001;02/01/2022 09:00;RUA DOUTOR CARVALHO, Nº 1455 - NOSSA SENHORA DAS GRAÇAS - PASSOS;-207.352.269;-466.037.303;Q01005 - DEMONSTRACAO DE SALVAMENTO TERRESTRE (C) (Prioridade: 2 - Média);1CIA IND/2CIA/1PEL(PASSOS);ASL00064;Não;Não;Não;BOLETIM DE OCORRENCIA;Classificada;02/01/2022 23:20;Não
2022-20182017-0;(BM) 2022-000154084-001;02/01/2022 10:48;RUA CASSIA, Nº 113 - SAO BENEDITO - PASSOS;-207.212.429;-466.019.146;V01018 - VITIMA DE MAL NAO DEFINIDO (DISTURBIO) (C) (Prioridade: 1 - Alta);1CIA IND/2CIA/1PEL(PASSOS);UR0565;Não;Não;Não;BOLETIM DE OCORRENCIA;Classificada;02/01/2022 23:21;Não
2022-20182222-0;(BM) 2022-000153142-001;02/01/2022 11:18;RUA DOUTOR CARVALHO, Nº 1455 - NOSSA SENHORA DAS GRAÇAS - PASSOS;-207.352.269;-466.037.303;Q03004 - TREINAMENTO DE SALVAMENTO EM ALTURA (C) (Prioridade: 2 - Média);1CIA IND/2CIA/1PEL(PASSOS);ASL00064;Não;Não;Não;BOLETIM DE OCORRENCIA;Classificada;02/01/2022 23:21;Não
2022-20182589-4;(BM) 2022-000157532-001;02/01/2022 12:13;AVENIDA JUCA STOCKLER, Nº 2928 - ACLIMACAO - PASSOS;-207.501.937;-465.983.854;W03000 - SOLICITANTE ENCONTRADO - PROVIDENCIA DISPENSADA (C) (Prioridade: 3 - Baixa);1CIA IND/2CIA/1PEL(PASSOS);UR0565;Não;Não;Não;BOLETIM DE OCORRENCIA;Classificada;02/01/2022 23:20;Não
2022-20183053-0;(BM) 2022-000161597-001;02/01/2022 13:28;AVENIDA JUCA STOCKLER, Nº 2978 - PASSOS;-207.327.744;-465.779.875;W04000 - NADA CONSTATADO (C) (Prioridade: 3 - Baixa);1CIA IND/2CIA/1PEL(PASSOS);UR0565;Não;Não;Não;BOLETIM DE OCORRENCIA;Classificada;02/01/2022 23:20;Não
2022-20183644-6;(BM) 2022-000174423-001;02/01/2022 14:31;RUA ITABIRA, Nº 421 - CALIFORNIA - PASSOS;-207.036.298;-46.617.856;V03018 - VITIMA DE QUEDA DA PROPRIA ALTURA (C) (Prioridade: 1 - Alta);1CIA IND/2CIA/1PEL(PASSOS);UR0565;Não;Não;Não;BOLETIM DE OCORRENCIA;Classificada;02/01/2022 23:22;Não
2022-20184352-6;(BM) 2022-000177170-001;02/01/2022 15:19;RUA DOUTOR CARVALHO / AVENIDA COMENDADOR FRANCISCO A MAIA - EXPOSICAO - PASSOS;-207.337.997;-466.043.035;V02408 - VITIMA DE COLISAO ENTRE AUTOMOVEL X MOTOCICLETA (C) (Prioridade: 1 - Alta);1CIA IND/2CIA/1PEL(PASSOS);UR0565;Não;Não;Não;BOLETIM DE OCORRENCIA;Classificada;02/01/2022 23:22;Não
2022-20184787-9;(BM) 2022-000178631-001;02/01/2022 15:52;RUA JOSE MERCHIORATO, Nº S/N - SANTA CASA - PASSOS;-207.115.647;-466.110.439;P03001 - PERIGO DE DERRAPAGEM (C) (Prioridade: 2 - Média);1CIA IND/2CIA/1PEL(PASSOS);ASL00064;Não;Não;Não;BOLETIM DE OCORRENCIA;Classificada;02/01/2022 23:21;Não
2022-20186038-2;(BM) 2022-000200709-001;02/01/2022 17:27;AVENIDA OTTO KRAKAUER, Nº 914 - SANTA CASA - PASSOS;-207.113.149;-466.112.597;P02001 - VISTORIA EM HIDRANTE (C) (Prioridade: 2 - Média);1CIA IND/2CIA/1PEL(PASSOS);ABTS0495;Não;Não;Não;BOLETIM DE OCORRENCIA;Classificada;02/01/2022 23:21;Não
2022-20187844-7;(BM) 2022-000211304-001;02/01/2022 19:41;RUA GUAPORE, Nº 1118 - PASSOS;-206.999.582;-46.611.263;S06002 - CAPTURA DE ANIMAL SILVESTRE PERIGOSO / AGRESSIVO (C) (Prioridade: 2 - Média);1CIA IND/2CIA/1PEL(PASSOS);ASL00064;Não;Não;Não;BOLETIM DE OCORRENCIA;Classificada;02/01/2022 23:21;Não
2022-20188406-5;(BM) 2022-000215055-001;02/01/2022 20:21;AVENIDA PADRE IVO SOARES MATOS, Nº 14 - CENTRO - DELFINOPOLIS;-203.464.357;-468.584.174;W03000 - SOLICITANTE ENCONTRADO - PROVIDENCIA DISPENSADA (C) (Prioridade: 3 - Baixa);1CIA IND/2CIA/1PEL(PASSOS);ABTS0495;Não;Não;Não;BOLETIM DE OCORRENCIA;Classificada;02/01/2022 23:20;Não
2022-20189534-0;(BM) 2022-000224673-001;02/01/2022 21:53;RUA JORGE BACIL, Nº 670 - PASSOS;-206.988.861;-466.245.751;V03018 - VITIMA DE QUEDA DA PROPRIA ALTURA (C) (Prioridade: 1 - Alta);1CIA IND/2CIA/1PEL(PASSOS);UR0565;Não;Não;Não;BOLETIM DE OCORRENCIA;Classificada;02/01/2022 23:22;Não
2022-20193599-0;(BM) 2022-000269035-001;03/01/2022 08:40;RUA DOUTOR CARVALHO, Nº 1455 - NOSSA SENHORA DAS GRAÇAS - PASSOS;-207.352.269;-466.037.303;Q03017 - TREINAMENTO DE PRIMEIROS SOCORROS (C) (Prioridade: 2 - Média);1CIA IND/2CIA/1PEL(PASSOS);BM1797554;Não;Não;Não;BOLETIM DE OCORRENCIA;Classificada;04/01/2022 07:14;Não
2022-20195653-4;(BM) 2022-000291113-001;03/01/2022 11:34;RUA VEREADOR JOAQUIM DE PADUA LEMOS, Nº 299 - COHAB 5 - PASSOS;-207.191.316;-466.374.148;P02011 - VISTORIA EM ENXAME DE INSETOS (C) (Prioridade: 2 - Média);1CIA IND/2CIA/1PEL(PASSOS);ASL00064;Não;Não;Não;BOLETIM DE OCORRENCIA;Classificada;09/01/2022 20:09;Não
2022-20196496-3;(BM) 2022-000430686-001;03/01/2022 13:10;RUA BOLIVIA / RUA NITEROI - POLIVALENTE - PASSOS;-207.019.056;-466.007.651;P03002 - PERIGO DE ELETROCUSSAO (C) (Prioridade: 2 - Média);1CIA IND/2CIA/1PEL(PASSOS);ASL00064;Não;Não;Não;BOLETIM DE OCORRENCIA;Classificada;04/01/2022 07:14;Não
2022-20196589-2;(BM) 2022-000303044-001;03/01/2022 13:22;RUA BARAO DE PASSOS, Nº 1011 - CARMELO - PASSOS;-207.150.642;-466.031.112;P01001 - VISTORIA DE FISCALIZACAO (C) (Prioridade: 2 - Média);1CIA IND/2CIA/PEL PREV E VIST(PASSOS);APF01362;Não;Não;Não;BOLETIM DE OCORRENCIA;Classificada;04/01/2022 07:15;Não
2022-20197180-5;(BM) 2022-000384406-001;03/01/2022 14:05;CHACARA CORREDOR SAO DOMINGOS S/N, Nº S/N - PASSOS;-207.173.756;-46.582.714;V01007 - VITIMA COM DISPNEIA (FALTA DE AR) (C) (Prioridade: 1 - Alta);1CIA IND/2CIA/1PEL(PASSOS);UR0565;Não;Não;Não;BOLETIM DE OCORRENCIA;Classificada;04/01/2022 07:15;Não
2022-20197697-0;(BM) 2022-000331929-001;03/01/2022 14:36;RODOVIA MG 050, Nº S/N - PASSOS;-207.371.492;-466.395.925;X03000 - EMPENHO ADMINISTRATIVO (C) (Prioridade: 2 - Média);1CIA IND/2CIA/1PEL(PASSOS);ASL00064;Não;Não;Não;BOLETIM DE OCORRENCIA;Classificada;04/01/2022 07:15;Não
2022-20201257-5;(BM) 2022-000362540-001;03/01/2022 17:57;RUA ESTRELA DALVA, Nº 217 - JARDIM SATELITE - PASSOS;-207.133.424;-466.198.116;S06002 - CAPTURA DE ANIMAL SILVESTRE PERIGOSO / AGRESSIVO (C) (Prioridade: 2 - Média);1CIA IND/2CIA/1PEL(PASSOS);ASL00064;Não;Não;Não;BOLETIM DE OCORRENCIA;Classificada;04/01/2022 07:15;Não
2022-20202866-9;(BM) 2022-000379535-001;03/01/2022 19:40;RUA VEREADOR JOAQUIM DE PADUA LEMOS, Nº 299 - COHAB 5 - PASSOS;-207.191.316;-466.374.148;S06005 - CAPTURA DE INSETOS (C) (Prioridade: 2 - Média);1CIA IND/2CIA/1PEL(PASSOS);ASL00064;Não;Não;Não;BOLETIM DE OCORRENCIA;Classificada;04/01/2022 07:15;Não
2022-20203426-1;(BM) 2022-000385558-001;03/01/2022 20:23;RODOVIA MG 050, Nº S/N - PASSOS;-207.371.492;-466.395.925;S06005 - CAPTURA DE INSETOS (C) (Prioridade: 2 - Média);1CIA IND/2CIA/1PEL(PASSOS);ASL00064;Não;Não;Não;BOLETIM DE OCORRENCIA;Classificada;04/01/2022 07:15;Não
2022-20209457-8;(BM) 2022-000531135-001;04/01/2022 10:23;RUA DOUTOR CARVALHO, Nº 1455 - NOSSA SENHORA DAS GRAÇAS - PASSOS;-207.352.269;-466.037.303;Q03999 - OUTROS TIPOS DE TREINAMENTO (C) (Prioridade: 2 - Média);1CIA IND/2CIA/1PEL(PASSOS);BM1787076;Não;Não;Não;BOLETIM DE OCORRENCIA;Classificada;05/01/2022 09:28;Não
2022-20209548-1;(BM) 2022-000453401-001;04/01/2022 10:30;AVENIDA COMENDADOR FRANCISCO A MAIA, Nº 850 - PASSOS;-207.138.739;-466.175.034;S06001 - SALVAMENTO DE ANIMAL EM RISCO / PERIGO (C) (Prioridade: 2 - Média);1CIA IND/2CIA/1PEL(PASSOS);ASL00064;Não;Não;Não;BOLETIM DE OCORRENCIA;Classificada;05/01/2022 09:28;Não
2022-20210282-3;(BM) 2022-000463896-001;04/01/2022 11:30;RUA GONCALVES DIAS, Nº 209 - CENTRO - PASSOS;-207.172.116;-466.067.703;V03018 - VITIMA DE QUEDA DA PROPRIA ALTURA (C) (Prioridade: 1 - Alta);1CIA IND/2CIA/1PEL(PASSOS);UR0565;Não;Não;Não;BOLETIM DE OCORRENCIA;Classificada;05/01/2022 09:29;Não
2022-20211118-5;(BM) 2022-000474699-001;04/01/2022 12:59;AVENIDA JK, Nº S/N - MONSENHOR MESSIAS - PASSOS;-207.342.178;-465.979.772;X03000 - EMPENHO ADMINISTRATIVO (C) (Prioridade: 2 - Média);1CIA IND/2CIA/1PEL(PASSOS);UR0565 / ABTS0495;Não;Não;Não;BOLETIM DE OCORRENCIA;Classificada;05/01/2022 09:28;Não
2022-20211375-8;(BM) 2022-000477558-001;04/01/2022 13:24;RUA PIANTINOS / RUA DOUTOR CARVALHO - BELO HORIZONTE - PASSOS;-207.258.529;-466.071.305;P02002 - VISTORIA EM RISCO DE QUEDA DE ARVORE (C) (Prioridade: 2 - Média);1CIA IND/2CIA/1PEL(PASSOS);UR0565;Não;Não;Não;BOLETIM DE OCORRENCIA;Classificada;05/01/2022 09:28;Não
2022-20212713-4;(BM) 2022-000494239-001;04/01/2022 14:48;RUA SANTA CASA, Nº 234 - SANTA CASA - PASSOS;-207.133.188;-466.131.312;S06001 - SALVAMENTO DE ANIMAL EM RISCO / PERIGO (C) (Prioridade: 2 - Média);1CIA IND/2CIA/1PEL(PASSOS);ASL00064;Não;Não;Não;BOLETIM DE OCORRENCIA;Classificada;05/01/2022 09:29;Não
2022-20212753-9;(BM) 2022-000495588-001;04/01/2022 14:52;RUA ACRE, Nº S/N - CANJERANUS - PASSOS;-207.127.097;-466.032.734;P01001 - VISTORIA DE FISCALIZACAO (C) (Prioridade: 2 - Média);1CIA IND/2CIA/PEL PREV E VIST(PASSOS);APF01362;Não;Não;Não;BOLETIM DE OCORRENCIA;Classificada;06/01/2022 08:06;Não
2022-20214239-6;(BM) 2022-000514636-001;04/01/2022 16:10;RUA BARAO DE PASSOS, Nº 1011 - CARMELO - PASSOS;-207.150.642;-466.031.112;P01001 - VISTORIA DE FISCALIZACAO (C) (Prioridade: 2 - Média);1CIA IND/2CIA/PEL PREV E VIST(PASSOS);APF01362;Não;Não;Não;BOLETIM DE OCORRENCIA;Classificada;06/01/2022 08:06;Não
2022-20215121-1;(BM) 2022-000547181-001;04/01/2022 17:00;RUA AGUAS FORMOSAS, Nº 53 - CENTENARIO - PASSOS;-207.288.302;-466.128.902;P02011 - VISTORIA EM ENXAME DE INSETOS (C) (Prioridade: 2 - Média);1CIA IND/2CIA/1PEL(PASSOS);ASL00064;Não;Não;Não;BOLETIM DE OCORRENCIA;Classificada;05/01/2022 09:29;Não
2022-20215604-5;(BM) 2022-000540149-001;04/01/2022 17:27;AVENIDA JK, Nº S/N - MONSENHOR MESSIAS - PASSOS;-207.342.178;-465.979.772;V02408 - VITIMA DE COLISAO ENTRE AUTOMOVEL X MOTOCICLETA (C) (Prioridade: 1 - Alta);1CIA IND/2CIA/1PEL(PASSOS);UR0565;Não;Não;Não;BOLETIM DE OCORRENCIA;Classificada;05/01/2022 09:29;Não
2022-20217485-9;(BM) 2022-000560622-001;04/01/2022 19:31;RUA AQUARIO, Nº 133 - PASSOS;-207.245.735;-465.839.404;V01018 - VITIMA DE MAL NAO DEFINIDO (DISTURBIO) (C) (Prioridade: 1 - Alta);1CIA IND/2CIA/1PEL(PASSOS);UR0565;Não;Não;Não;BOLETIM DE OCORRENCIA;Classificada;05/01/2022 09:28;Não
2022-20217501-3;(BM) 2022-000557748-001;04/01/2022 19:32;RUA AGUAS FORMOSAS, Nº 53 - CENTENARIO - PASSOS;-207.288.302;-466.128.902;S06005 - CAPTURA DE INSETOS (C) (Prioridade: 2 - Média);1CIA IND/2CIA/1PEL(PASSOS);ASL00064;Não;Não;Não;BOLETIM DE OCORRENCIA;Classificada;05/01/2022 09:29;Não
2022-20223174-3;(BM) 2022-000611955-001;05/01/2022 08:33;LUGAREJO CORREGO DO FEIJAO, Nº S/N - BRUMADINHO;-201.361.111;-441.136.111;X03000 - EMPENHO ADMINISTRATIVO (C) (Prioridade: 2 - Média);1CIA IND/2CIA/1PEL(PASSOS);BM1797331;Não;Não;Não;BOLETIM DE OCORRENCIA;Classificada;06/01/2022 17:56;Não
2022-20224221-7;(BM) 2022-000624850-001;05/01/2022 10:09;RUA DOUTOR CARVALHO, Nº 1455 - NOSSA SENHORA DAS GRAÇAS - PASSOS;-207.352.269;-466.037.303;Q03005 - TREINAMENTO DE SALVAMENTO TERRESTRE (C) (Prioridade: 2 - Média);1CIA IND/2CIA/1PEL(PASSOS);ABTS0495;Não;Não;Não;BOLETIM DE OCORRENCIA;Classificada;06/01/2022 08:06;Não
2022-20224482-0;(BM) 2022-000634031-001;05/01/2022 10:31;RODOVIA SAO JOAO BATISTA DO GLORIA, Nº 20 - DISTRITO INDUSTRIAL 1 - PASSOS;-207.079.194;-46.594.735;P01001 - VISTORIA DE FISCALIZACAO (C) (Prioridade: 2 - Média);1CIA IND/2CIA/1PEL(PASSOS);ASL00064;Não;Não;Não;BOLETIM DE OCORRENCIA;Classificada;06/01/2022 08:06;Não
2022-20224556-5;(BM) 2022-000629314-001;05/01/2022 10:38;AVENIDA PERIMETRAL, Nº S/N - PARQUE DA ESTACAO - PASSOS;-207.057.771;-466.097.547;V03019 - VITIMA DE QUEDA DE ALTURA (C) (Prioridade: 1 - Alta);1CIA IND/2CIA/1PEL(PASSOS);UR0565;Não;Não;Não;BOLETIM DE OCORRENCIA;Classificada;06/01/2022 08:05;Não
2022-20225074-0;(BM) 2022-000636294-001;05/01/2022 11:22;RUA ITAJAI, Nº 262 - VILA RICA - PASSOS;-207.265.425;-465.946.291;V01023 - VITIMA DE SINCOPE (DESMAIO)/VERTIGEM (C) (Prioridade: 1 - Alta);1CIA IND/2CIA/1PEL(PASSOS);UR0565;Não;Não;Não;BOLETIM DE OCORRENCIA;Classificada;06/01/2022 08:05;Não
2022-20225310-0;(BM) 2022-000639874-001;05/01/2022 11:45;RUA PEDRO SICAR ROMANELLI, Nº 61 - COHAB 3 - PASSOS;-207.024.212;-466.247.623;S06002 - CAPTURA DE ANIMAL SILVESTRE PERIGOSO / AGRESSIVO (C) (Prioridade: 2 - Média);1CIA IND/2CIA/1PEL(PASSOS);ASL00064;Não;Não;Não;BOLETIM DE OCORRENCIA;Classificada;06/01/2022 08:05;Não
2022-20227725-7;(BM) 2022-000686207-002;05/01/2022 15:04;RUA JOAO PESSOA, Nº S/N - CENTRO - SAO JOAO BATISTA GLORIA;-206.405.797;-465.065.334;V03021 - VITIMA DE SUICIDIO (TENTATIVA) - APH TRAUMA (C) (Prioridade: 1 - Alta);1CIA IND/2CIA/1PEL(PASSOS);UR0565 / ASL00064;Não;Não;Não;BOLETIM DE OCORRENCIA;Classificada;06/01/2022 08:05;Não
2022-20230805-2;(BM) 2022-000706920-001;05/01/2022 18:13;RUA PORTO ALEGRE, Nº 173 - BELA VISTA - PASSOS;-207.184.792;-46.594.845;V01007 - VITIMA COM DISPNEIA (FALTA DE AR) (C) (Prioridade: 1 - Alta);1CIA IND/2CIA/1PEL(PASSOS);UR0565;Não;Não;Não;BOLETIM DE OCORRENCIA;Classificada;06/01/2022 08:05;Não
2022-20232636-8;(BM) 2022-000738142-002;05/01/2022 20:19;RODOVIA MG 050, Nº S/N - PASSOS;-207.371.492;-466.395.925;V02301 - VITIMA DE CAPOTAMENTO DE AUTOMOVEL (CARRO / CAMINHONETE) (C) (Prioridade: 1 - Alta);1CIA IND/2CIA/1PEL(PASSOS);ABTS0495 / UR0565;Não;Não;Não;BOLETIM DE OCORRENCIA;Classificada;06/01/2022 08:04;Não
2022-20235383-0;(BM) 2022-000756759-001;06/01/2022 00:17;RUA NORIVAL SEVERIANO DA SILVA, Nº 395 - NOVA CALIFORNIA - PASSOS;-206.978.366;-466.227.945;V01003 - VITIMA COM CRISE CONVULSIVA (C) (Prioridade: 1 - Alta);1CIA IND/2CIA/1PEL(PASSOS);UR0565;Não;Não;Não;BOLETIM DE OCORRENCIA;Classificada;06/01/2022 08:04;Não
2022-20238440-9;(BM) 2022-000797545-001;06/01/2022 09:57;RUA SANTA INES, Nº 256 - BELO HORIZONTE - PASSOS;-20.726.941;-466.083.227;V01010 - VITIMA COM DOR TORACICA/SUSPEITA DE INFARTO (IAM) (C) (Prioridade: 1 - Alta);1CIA IND/2CIA/1PEL(PASSOS);UR0565;Não;Não;Não;BOLETIM DE OCORRENCIA;Classificada;06/01/2022 17:59;Não
2022-20239028-0;(BM) 2022-000800384-001;06/01/2022 10:48;RUA NEBRASKA, Nº S/N - RESIDENCIAL ELDORADO - PASSOS;-207.307.933;-466.232.401;W04000 - NADA CONSTATADO (C) (Prioridade: 3 - Baixa);1CIA IND/2CIA/1PEL(PASSOS);ABTS0495;Não;Não;Não;BOLETIM DE OCORRENCIA;Classificada;06/01/2022 17:55;Não
2022-20239489-3;(BM) 2022-000868580-001;06/01/2022 11:29;RUA FLORIANOPOLIS / RUA CEARA - JARDIM COLEGIO DE PASSOS - PASSOS;-20.720.544;-465.952.166;V01018 - VITIMA DE MAL NAO DEFINIDO (DISTURBIO) (C) (Prioridade: 1 - Alta);1CIA IND/2CIA/1PEL(PASSOS);UR0565;Não;Não;Não;BOLETIM DE OCORRENCIA;Classificada;06/01/2022 17:59;Não
2022-20240162-0;(BM) 2022-000812138-001;06/01/2022 12:39;RODOVIA MG 050, Nº S/N - PASSOS;-207.371.492;-466.395.925;W03000 - SOLICITANTE ENCONTRADO - PROVIDENCIA DISPENSADA (C) (Prioridade: 3 - Baixa);1CIA IND/2CIA/1PEL(PASSOS);ABTS0495 / ASL00064;Não;Não;Não;BOLETIM DE OCORRENCIA;Classificada;06/01/2022 17:58;Não
2022-20241673-5;(BM) 2022-000831150-001;06/01/2022 14:40;RUA LAMPADOSA, Nº 36 - VILA RICA - PASSOS;-20.726.902;-465.999.529;S06006 - EXTERMINIO DE INSETOS (C) (Prioridade: 2 - Média);1CIA IND/2CIA/1PEL(PASSOS);ASL00064;Não;Não;Não;BOLETIM DE OCORRENCIA;Classificada;06/01/2022 17:58;Não
2022-20243400-3;(BM) 2022-000852290-001;06/01/2022 16:11;RUA DOUTOR CARVALHO, Nº 1455 - NOSSA SENHORA DAS GRAÇAS - PASSOS;-207.352.269;-466.037.303;Q03001 - TREINAMENTO DE COMBATE A INCENDIO (C) (Prioridade: 2 - Média);1CIA IND/2CIA/1PEL(PASSOS);BM1637305;Não;Não;Não;BOLETIM DE OCORRENCIA;Classificada;06/01/2022 17:57;Não
2022-20243837-1;(BM) 2022-000858347-001;06/01/2022 16:39;RUA RIO NEGRO, Nº 446 - SANTA LUZIA - PASSOS;-207.088.849;-465.999.934;S06003 - CAPTURA DE CAO PERIGOSO / AGRESSIVO (C) (Prioridade: 2 - Média);1CIA IND/2CIA/1PEL(PASSOS);ASL00064;Não;Não;Não;BOLETIM DE OCORRENCIA;Classificada;06/01/2022 18:27;Não
2022-20244364-7;(BM) 2022-000864281-001;06/01/2022 17:08;LUGAREJO CORREGO DO FEIJAO, Nº S/N - BRUMADINHO;-201.361.111;-441.136.111;X03000 - EMPENHO ADMINISTRATIVO (C) (Prioridade: 2 - Média);1CIA IND/2CIA/1PEL(PASSOS);BM1787357;Não;Não;Não;BOLETIM DE OCORRENCIA;Classificada;06/01/2022 17:41;Não
2022-20245311-6;(BM) 2022-000886764-001;06/01/2022 18:14;RUA IPATINGA, Nº 561 - CALIFORNIA - PASSOS;-207.037.958;-466.195.999;V01999 - OUTROS TIPOS DE APH CLINICO (C) (Prioridade: 1 - Alta);1CIA IND/2CIA/1PEL(PASSOS);UR0565;Não;Não;Não;BOLETIM DE OCORRENCIA;Classificada;07/01/2022 07:38;Não
2022-20248172-8;(BM) 2022-000907291-001;06/01/2022 21:51;AVENIDA SABIA, Nº 750 - MUARAMA 2 - PASSOS;-207.353.885;-466.132.902;S06001 - SALVAMENTO DE ANIMAL EM RISCO / PERIGO (C) (Prioridade: 2 - Média);1CIA IND/2CIA/1PEL(PASSOS);ASL00064;Não;Não;Não;BOLETIM DE OCORRENCIA;Classificada;07/01/2022 07:38;Não
2022-20252131-4;(BM) 2022-000946574-001;07/01/2022 08:26;RUA JERONIMO NETO, Nº 842 - VILA RICA - PASSOS;-207.268.049;-465.994.763;W04000 - NADA CONSTATADO (C) (Prioridade: 3 - Baixa);1CIA IND/2CIA/1PEL(PASSOS);UR0565;Não;Não;Não;BOLETIM DE OCORRENCIA;Classificada;08/01/2022 07:08;Não
2022-20252165-6;(BM) 2022-000952740-001;07/01/2022 08:32;RUA PRESIDENTE ANTONIO CARLOS, Nº 123 - CENTRO - PASSOS;-207.198.982;-466.092.377;S06001 - SALVAMENTO DE ANIMAL EM RISCO / PERIGO (C) (Prioridade: 2 - Média);1CIA IND/2CIA/1PEL(PASSOS);ASL00064;Não;Não;Não;BOLETIM DE OCORRENCIA;Classificada;08/01/2022 07:08;Não
2022-20252373-3;(BM) 2022-000956450-001;07/01/2022 08:53;PRACA JOAO BARBOSA SOBRINHO, Nº S/N - CENTRO - CONCEICAO DA APARECIDA;-210.936.447;-462.045.168;P01001 - VISTORIA DE FISCALIZACAO (C) (Prioridade: 2 - Média);1CIA IND/2CIA/PEL PREV E VIST(PASSOS);APF01362;Não;Não;Não;BOLETIM DE OCORRENCIA;Classificada;08/01/2022 07:08;Não
2022-20252674-0;(BM) 2022-000952898-001;07/01/2022 09:23;RUA DOUTOR CARVALHO, Nº 1455 - NOSSA SENHORA DAS GRAÇAS - PASSOS;-207.352.269;-466.037.303;Q03017 - TREINAMENTO DE PRIMEIROS SOCORROS (C) (Prioridade: 2 - Média);1CIA IND/2CIA/1PEL(PASSOS);BM1637750;Não;Não;Não;BOLETIM DE OCORRENCIA;Classificada;08/01/2022 07:08;Não
2022-20252963-7;(BM) 2022-000956604-001;07/01/2022 09:52;RUA DOUTOR BERNARDINO VIEIRA, Nº 129 - CENTRO - CONCEICAO DA APARECIDA;-210.940.588;-462.037.092;P01001 - VISTORIA DE FISCALIZACAO (C) (Prioridade: 2 - Média);1CIA IND/2CIA/PEL PREV E VIST(PASSOS);APF01362;Não;Não;Não;BOLETIM DE OCORRENCIA;Classificada;08/01/2022 07:08;Não
2022-20253016-1;(BM) 2022-000957455-001;07/01/2022 09:57;RUA DOUTOR CARVALHO, Nº S/N - CENTRO - PASSOS;-207.218.279;-466.083.676;V01018 - VITIMA DE MAL NAO DEFINIDO (DISTURBIO) (C) (Prioridade: 1 - Alta);1CIA IND/2CIA/1PEL(PASSOS);UR0565;Não;Não;Não;BOLETIM DE OCORRENCIA;Classificada;08/01/2022 07:08;Não
2022-20253420-7;(BM) 2022-000962787-001;07/01/2022 10:31;AVENIDA BARRO PRETO, Nº 416 - PITO ACESO - CONCEICAO DA APARECIDA;-210.994.317;-461.987.921;P01001 - VISTORIA DE FISCALIZACAO (C) (Prioridade: 2 - Média);1CIA IND/2CIA/PEL PREV E VIST(PASSOS);APF01362;Não;Não;Não;BOLETIM DE OCORRENCIA;Classificada;08/01/2022 07:08;Não
2022-20253428-9;(BM) 2022-000963725-001;07/01/2022 10:34;AVENIDA PENHA, Nº 361 - PENHA - PASSOS;-207.156.597;-466.239.165;V01018 - VITIMA DE MAL NAO DEFINIDO (DISTURBIO) (C) (Prioridade: 1 - Alta);1CIA IND/2CIA/1PEL(PASSOS);UR0565;Não;Não;Não;BOLETIM DE OCORRENCIA;Classificada;08/01/2022 07:08;Não
2022-20254024-5;(BM) 2022-000971251-001;07/01/2022 11:30;RUA DELFIM MOREIRA, Nº 100 - CENTRO - CARMO DO RIO CLARO;-209.697.088;-461.228.438;P01002 - VISTORIA DE LIBERACAO / EMISSAO DE AVCB (C) (Prioridade: 2 - Média);1CIA IND/2CIA/PEL PREV E VIST(PASSOS);APF01362;Não;Não;Não;BOLETIM DE OCORRENCIA;Classificada;08/01/2022 07:08;Não
2022-20254505-3;(BM) 2022-000977274-001;07/01/2022 12:28;RUA JERONIMO NETO, Nº 325 - BELO HORIZONTE - PASSOS;-207.253.482;-46.604.172;V01001 - VITIMA DE ACIDENTE VASCULAR CEREBRAL (AVC) (C) (Prioridade: 1 - Alta);1CIA IND/2CIA/1PEL(PASSOS);UR0565;Não;Não;Não;BOLETIM DE OCORRENCIA;Classificada;09/01/2022 20:09;Não
2022-20257617-3;(BM) 2022-001015441-001;07/01/2022 16:00;RUA PARA, Nº 2112 - JARDIM COLEGIO DE PASSOS - PASSOS;-20.720.122;-465.934.838;V01007 - VITIMA COM DISPNEIA (FALTA DE AR) (C) (Prioridade: 1 - Alta);1CIA IND/2CIA/1PEL(PASSOS);UR0565;Não;Não;Não;BOLETIM DE OCORRENCIA;Classificada;08/01/2022 07:08;Não
2022-20260901-5;(BM) 2022-001058252-001;07/01/2022 19:40;RUA MATO GROSSO, Nº 950 - SANTA LUZIA - PASSOS;-207.080.276;-46.601.894;V02102 - VITIMA DE ATROPELAMENTO POR MOTOCICLETA (C) (Prioridade: 1 - Alta);1CIA IND/2CIA/1PEL(PASSOS);UR0565;Não;Não;Não;BOLETIM DE OCORRENCIA;Classificada;08/01/2022 07:08;Não
2022-20266210-7;(BM) 2022-001102555-001;08/01/2022 04:33;RUA DOUTOR CARVALHO, Nº 1455 - NOSSA SENHORA DAS GRAÇAS - PASSOS;-207.352.269;-466.037.303;V03005 - VITIMA DE AGRESSAO FISICA SEM USO DE ARMA (C) (Prioridade: 1 - Alta);1CIA IND/2CIA/1PEL(PASSOS);UR0565;Não;Não;Não;BOLETIM DE OCORRENCIA;Classificada;08/01/2022 07:08;Não
2022-20267111-0;(BM) 2022-001115069-001;08/01/2022 08:21;RUA FARMACEUTICOS, Nº 915 - NOVO HORIZONTE - PASSOS;-207.325.397;-466.021.059;V01022 - VITIMA PARTURIENTE / EMERGENCIAS OBSTETRICAS (C) (Prioridade: 1 - Alta);1CIA IND/2CIA/1PEL(PASSOS);UR0565;Não;Não;Não;BOLETIM DE OCORRENCIA;Classificada;09/01/2022 07:21;Não
2022-20267557-0;(BM) 2022-001119788-001;08/01/2022 09:19;RUA DIAMANTE, Nº 1091 - PASSOS;-207.391.783;-465.797.958;V02102 - VITIMA DE ATROPELAMENTO POR MOTOCICLETA (C) (Prioridade: 1 - Alta);1CIA IND/2CIA/1PEL(PASSOS);UR0565;Não;Não;Não;BOLETIM DE OCORRENCIA;Classificada;09/01/2022 07:21;Não
2022-20268459-6;(BM) 2022-001125352-001;08/01/2022 11:03;RUA DEPUTADO LOURENCO DE ANDRADE, Nº 860 - SANTA CASA - PASSOS;-207.128.353;-466.107.222;V02502 - VITIMA DE QUEDA (MOTOCICLISTA) (C) (Prioridade: 1 - Alta);1CIA IND/2CIA/1PEL(PASSOS);UR0565;Não;Não;Não;BOLETIM DE OCORRENCIA;Classificada;09/01/2022 07:21;Não
2022-20269111-1;(BM) 2022-001141277-007;08/01/2022 12:36;RODOVIA MG 050, Nº S/N - PASSOS;-207.371.492;-466.395.925;S01007 - ACIDENTE NAUTICO / AQUATICO (C) (Prioridade: 1 - Alta);1CIA IND/2CIA/1PEL(PASSOS);ASL00064 / ARC08 / UR0565 / APF01362;Não;Não;Não;BOLETIM DE OCORRENCIA;Classificada;09/01/2022 07:23;Não
2022-20276323-0;(BM) 2022-001202081-001;08/01/2022 21:28;RUA BOCAIUVA, Nº 211 - PENHA 2 - PASSOS;-207.127.263;-466.266.572;V03018 - VITIMA DE QUEDA DA PROPRIA ALTURA (C) (Prioridade: 1 - Alta);1CIA IND/2CIA/1PEL(PASSOS);UR0565;Não;Não;Não;BOLETIM DE OCORRENCIA;Classificada;09/01/2022 07:22;Não
2022-20276972-2;(BM) 2022-001207188-001;08/01/2022 22:14;RUA RIO BRANCO, Nº 1857 - PASSOS;-207.119.674;-465.949.632;S06001 - SALVAMENTO DE ANIMAL EM RISCO / PERIGO (C) (Prioridade: 2 - Média);1CIA IND/2CIA/1PEL(PASSOS);ASL00064;Não;Não;Não;BOLETIM DE OCORRENCIA;Classificada;09/01/2022 07:21;Não
2022-20279392-9;(BM) 2022-001220579-001;09/01/2022 00:49;RUA CANTO DA PENHA, Nº 36 - PENHA - PASSOS;-207.144.505;-466.232.226;V01007 - VITIMA COM DISPNEIA (FALTA DE AR) (C) (Prioridade: 1 - Alta);1CIA IND/2CIA/1PEL(PASSOS);UR0565;Não;Não;Não;BOLETIM DE OCORRENCIA;Classificada;09/01/2022 07:22;Não
2022-20280103-7;(BM) 2022-001228324-001;09/01/2022 01:47;AVENIDA COMENDADOR FRANCISCO A MAIA, Nº 1870 - SANTA CASA - PASSOS;-207.150.494;-466.128.561;V02203 - VITIMA DE CHOQUE DE AUTOMOVEL (CARRO / CAMINHONETE) (C) (Prioridade: 1 - Alta);1CIA IND/2CIA/1PEL(PASSOS);UR0565;Não;Não;Não;BOLETIM DE OCORRENCIA;Classificada;09/01/2022 07:23;Não
2022-20281467-9;(BM) 2022-001256770-003;09/01/2022 05:36;RODOVIA MG 050, Km 315 - SAO JOAO BATISTA GLORIA;-206.496.808;-462.838.715;S02006 - BUSCA E RECUPERACAO DE CADAVER SUBMERSO (EXCETO AFOGAMENTO) (C) (Prioridade: 2 - Média);1CIA IND/2CIA/1PEL(PASSOS);ASL00064 / APF01362;Não;Não;Não;BOLETIM DE OCORRENCIA;Classificada;10/01/2022 09:26;Não
2022-20284366-8;(BM) 2022-001259169-001;09/01/2022 12:26;RUA VITORIA, Nº 275 - JARDIM COLEGIO DE PASSOS - PASSOS;-207.205.456;-46.594.329;V01017 - VITIMA DE INTOXICACAO / ENVENENAMENTO (C) (Prioridade: 1 - Alta);1CIA IND/2CIA/1PEL(PASSOS);UR0565;Não;Não;Não;BOLETIM DE OCORRENCIA;Classificada;10/01/2022 09:26;Não
2022-20285195-2;(BM) 2022-001265649-001;09/01/2022 14:00;RUA TRES DE MAIO, Nº 482 - BELO HORIZONTE - PASSOS;-207.242.585;-466.029.784;V01018 - VITIMA DE MAL NAO DEFINIDO (DISTURBIO) (C) (Prioridade: 1 - Alta);1CIA IND/2CIA/1PEL(PASSOS);UR0565;Não;Não;Não;BOLETIM DE OCORRENCIA;Classificada;10/01/2022 09:27;Não
2022-20289030-4;(BM) 2022-001306374-001;09/01/2022 18:40;TRAVESSA CACHOEIRAS, Nº S/N - NOVO HORIZONTE - PASSOS;-207.324.216;-465.997.376;W03000 - SOLICITANTE ENCONTRADO - PROVIDENCIA DISPENSADA (C) (Prioridade: 3 - Baixa);1CIA IND/2CIA/1PEL(PASSOS);UR0565;Não;Não;Não;BOLETIM DE OCORRENCIA;Classificada;10/01/2022 09:24;Não
2022-20290273-3;(BM) 2022-001319282-002;09/01/2022 20:16;RUA QUINZINHO FUNCHAL, Nº 511 - NOVA CALIFORNIA - PASSOS;-206.983.975;-46.622.785;W03000 - SOLICITANTE ENCONTRADO - PROVIDENCIA DISPENSADA (C) (Prioridade: 3 - Baixa);1CIA IND/2CIA/1PEL(PASSOS);ABTS0495 / UR0565;Não;Não;Não;BOLETIM DE OCORRENCIA;Classificada;10/01/2022 09:25;Não
2022-20293328-0;(BM) 2022-001344063-001;10/01/2022 00:37;RUA PRATAPOLIS, Nº S/N - NOSSA SENHORA DE FATIMA - PASSOS;-206.981.623;-466.127.098;V03005 - VITIMA DE AGRESSAO FISICA SEM USO DE ARMA (C) (Prioridade: 1 - Alta);1CIA IND/2CIA/1PEL(PASSOS);UR0565;Não;Não;Não;BOLETIM DE OCORRENCIA;Classificada;10/01/2022 09:27;Não
2022-20294717-7;(BM) 2022-001357727-001;10/01/2022 06:48;RUA JOAO PIMENTA, Nº 379 - SAO BENEDITO - PASSOS;-207.204.617;-465.983.716;V01018 - VITIMA DE MAL NAO DEFINIDO (DISTURBIO) (C) (Prioridade: 1 - Alta);1CIA IND/2CIA/1PEL(PASSOS);UR0565;Não;Não;Não;BOLETIM DE OCORRENCIA;Classificada;10/01/2022 09:24;Não
2022-20295089-1;(BM) 2022-001361480-001;10/01/2022 07:53;RUA SENZALA, Nº 504 - CASARAO - PASSOS;-207.198.747;-465.866.061;V01003 - VITIMA COM CRISE CONVULSIVA (C) (Prioridade: 1 - Alta);1CIA IND/2CIA/1PEL(PASSOS);UR0565;Não;Não;Não;BOLETIM DE OCORRENCIA;Classificada;10/01/2022 14:54;Não
2022-20295903-7;(BM) 2022-001417208-001;10/01/2022 09:12;RODOVIA MG 050, Km 315 - SAO JOAO BATISTA GLORIA;-206.496.808;-462.838.715;S02006 - BUSCA E RECUPERACAO DE CADAVER SUBMERSO (EXCETO AFOGAMENTO) (C) (Prioridade: 2 - Média);1CIA IND/2CIA/1PEL(PASSOS);ASL00064;Não;Não;Não;BOLETIM DE OCORRENCIA;Classificada;10/01/2022 20:03;Não
2022-20297345-0;(BM) 2022-001388377-001;10/01/2022 11:07;RUA CEARA, Nº 490 - BELA VISTA - PASSOS;-207.152.109;-46.601.052;V01008 - VITIMA COM DOR ABDOMINAL (ABDOME AGUDO) (C) (Prioridade: 1 - Alta);1CIA IND/2CIA/1PEL(PASSOS);UR0565;Não;Não;Não;BOLETIM DE OCORRENCIA;Classificada;10/01/2022 14:56;Não
2022-20298185-1;(BM) 2022-001405125-001;10/01/2022 12:22;RODOVIA MG 050, Km 283 - SAO JOAO BATISTA GLORIA;;;Y40035 - APOIO DE SOLO EM OPERACOES AEREAS (C) (Prioridade: 2 - Média);1CIA IND/2CIA/PEL PREV E VIST(PASSOS);APF01362;Não;Não;Não;BOLETIM DE OCORRENCIA;Classificada;10/01/2022 20:02;Não
2022-20298420-0;(BM) 2022-001405075-001;10/01/2022 12:50;RUA CAETES, Nº 150 - JARDIM EMBRATEL - PASSOS;-207.423.206;-466.026.649;V01010 - VITIMA COM DOR TORACICA/SUSPEITA DE INFARTO (IAM) (C) (Prioridade: 1 - Alta);1CIA IND/2CIA/1PEL(PASSOS);UR0565;Não;Não;Não;BOLETIM DE OCORRENCIA;Classificada;10/01/2022 14:54;Não
2022-20298803-9;(BM) 2022-001404224-001;10/01/2022 13:26;RUA JASPE, Nº 43 - PASSOS;-207.520.983;-46.601.462;W08000 - CANCELADA POR INDISPONIBILIDADE DE VIATURA (C) (Prioridade: 3 - Baixa);1CIA IND/2CIA/1PEL(PASSOS);BM1636356;Não;Não;Não;BOLETIM DE OCORRENCIA;Classificada;10/01/2022 14:54;Não
2022-20298947-9;(BM) 2022-001405216-001;10/01/2022 13:36;RUA SANTOS DUMONT / RUA CORONEL JOAO DE BARROS - BELO HORIZONTE - PASSOS;-20.728.074;-466.083.931;V01018 - VITIMA DE MAL NAO DEFINIDO (DISTURBIO) (C) (Prioridade: 1 - Alta);1CIA IND/2CIA/1PEL(PASSOS);UR0565;Não;Não;Não;BOLETIM DE OCORRENCIA;Classificada;10/01/2022 14:54;Não
2022-20300118-0;(BM) 2022-001428370-001;10/01/2022 14:48;RUA GASPAR PIMENTA DE MORAES, Nº 71 - PENHA 2 - PASSOS;-207.160.236;-466.301.387;V01003 - VITIMA COM CRISE CONVULSIVA (C) (Prioridade: 1 - Alta);1CIA IND/2CIA/1PEL(PASSOS);UR0565;Não;Não;Não;BOLETIM DE OCORRENCIA;Classificada;10/01/2022 16:04;Não
2022-20302660-0;(BM) 2022-001455295-001;10/01/2022 17:07;RUA CANJERANUS, Nº 2420 - RECANTO DA HARMONIA - PASSOS;-207.015.321;-465.993.207;V01008 - VITIMA COM DOR ABDOMINAL (ABDOME AGUDO) (C) (Prioridade: 1 - Alta);1CIA IND/2CIA/1PEL(PASSOS);UR0565;Não;Não;Não;BOLETIM DE OCORRENCIA;Classificada;10/01/2022 20:03;Não
2022-20305346-2;(BM) 2022-001486634-001;10/01/2022 20:13;RUA DO MEIO, Nº 277 - PASSOS;-207.345.988;-466.014.077;V01017 - VITIMA DE INTOXICACAO / ENVENENAMENTO (C) (Prioridade: 1 - Alta);1CIA IND/2CIA/1PEL(PASSOS);UR0565;Não;Não;Não;BOLETIM DE OCORRENCIA;Classificada;10/01/2022 21:02;Não
2022-20310433-4;(BM) 2022-001537077-001;11/01/2022 08:58;RUA DOUTOR CARVALHO, Nº 1455 - NOSSA SENHORA DAS GRAÇAS - PASSOS;-207.352.269;-466.037.303;Q03005 - TREINAMENTO DE SALVAMENTO TERRESTRE (C) (Prioridade: 2 - Média);1CIA IND/2CIA/1PEL(PASSOS);BM1787076;Não;Não;Não;BOLETIM DE OCORRENCIA;Classificada;12/01/2022 06:25;Não
2022-20311231-5;(BM) 2022-001546563-001;11/01/2022 10:06;AVENIDA NACOES, Nº S/N - VILA RICA - PASSOS;-207.276.808;-46.600.861;S06002 - CAPTURA DE ANIMAL SILVESTRE PERIGOSO / AGRESSIVO (C) (Prioridade: 2 - Média);1CIA IND/2CIA/1PEL(PASSOS);ASL00064;Não;Não;Não;BOLETIM DE OCORRENCIA;Classificada;12/01/2022 06:30;Não
2022-20311507-4;(BM) 2022-001559534-001;11/01/2022 10:30;RUA VEREADOR MARCOS JOELI, Nº 35 - COHAB 5 - PASSOS;-207.212.572;-466.393.952;V01018 - VITIMA DE MAL NAO DEFINIDO (DISTURBIO) (C) (Prioridade: 1 - Alta);1CIA IND/2CIA/1PEL(PASSOS);UR0565;Não;Não;Não;BOLETIM DE OCORRENCIA;Classificada;12/01/2022 06:23;COVID-19
2022-20313136-5;(BM) 2022-001570205-001;11/01/2022 13:08;RUA SANTA CASA, Nº 164 - SANTA CASA - PASSOS;-207.129.746;-466.123.199;X03000 - EMPENHO ADMINISTRATIVO (C) (Prioridade: 2 - Média);1CIA IND/2CIA/1PEL(PASSOS);ASL00064;Não;Não;Não;BOLETIM DE OCORRENCIA;Classificada;12/01/2022 06:32;Não
2022-20313428-0;(BM) 2022-001572890-001;11/01/2022 13:33;RODOVIA MG 050, Nº S/N - PASSOS;-207.371.492;-466.395.925;X03000 - EMPENHO ADMINISTRATIVO (C) (Prioridade: 2 - Média);1CIA IND/2CIA/1PEL(PASSOS);ASL00064;Não;Não;Não;BOLETIM DE OCORRENCIA;Classificada;12/01/2022 06:32;Não
2022-20314616-6;(BM) 2022-001586474-001;11/01/2022 14:50;AVENIDA DONA LIQUINHA SILVEIRA, Nº S/N - JARDIM SATELITE - PASSOS;-207.086.809;-466.237.875;V01018 - VITIMA DE MAL NAO DEFINIDO (DISTURBIO) (C) (Prioridade: 1 - Alta);1CIA IND/2CIA/1PEL(PASSOS);UR0565;Não;Não;Não;BOLETIM DE OCORRENCIA;Classificada;12/01/2022 06:23;Não
2022-20316477-2;(BM) 2022-001609938-001;11/01/2022 16:31;RUA DOUTOR CARVALHO, Nº S/N - CENTRO - PASSOS;-207.218.279;-466.083.676;P03001 - PERIGO DE DERRAPAGEM (C) (Prioridade: 2 - Média);1CIA IND/2CIA/1PEL(PASSOS);ASL00064;Não;Não;Não;BOLETIM DE OCORRENCIA;Classificada;12/01/2022 06:34;Não
2022-20323553-9;(BM) 2022-001686834-001;12/01/2022 01:55;RUA GARCA, Nº 206 - NOSSA SENHORA DAS GRAÇAS - PASSOS;-2.073.902;-466.052.984;V01023 - VITIMA DE SINCOPE (DESMAIO)/VERTIGEM (C) (Prioridade: 1 - Alta);1CIA IND/2CIA/1PEL(PASSOS);UR0565;Não;Não;Não;BOLETIM DE OCORRENCIA;Classificada;12/01/2022 06:32;Não
2022-20325631-1;(BM) 2022-001709317-001;12/01/2022 09:30;RUA FARMACEUTICOS, Nº 150 - NOVO HORIZONTE - PASSOS;-207.293.932;-466.033.935;W04000 - NADA CONSTATADO (C) (Prioridade: 3 - Baixa);1CIA IND/2CIA/1PEL(PASSOS);UR0565;Não;Não;Não;BOLETIM DE OCORRENCIA;Classificada;13/01/2022 05:19;Não
2022-20325772-3;(BM) 2022-001712875-001;12/01/2022 09:45;RUA ADELIA FERREIRA DE SOUZA, Nº S/N - JARDIM CANADA - PASSOS;-207.542.559;-466.068.931;P02004 - VISTORIA EM RISCO DE DESABAMENTO / DESMORONAMENTO (C) (Prioridade: 2 - Média);1CIA IND/2CIA/PEL PREV E VIST(PASSOS);APF01362;Não;Não;Não;BOLETIM DE OCORRENCIA;Classificada;13/01/2022 06:23;Não
2022-20326851-3;(BM) 2022-001725216-001;12/01/2022 11:12;RUA ELZO CALIXTO MATTAR, Nº 1365 - NOSSA SENHORA DAS GRAÇAS - PASSOS;-207.375.615;-466.064.077;V01009 - VITIMA COM DOR NA COLUNA VERTEBRAL (COSTAS) (C) (Prioridade: 1 - Alta);1CIA IND/2CIA/1PEL(PASSOS);UR0565;Não;Não;Não;BOLETIM DE OCORRENCIA;Classificada;13/01/2022 05:35;Não
2022-20327932-9;(BM) 2022-001739865-001;12/01/2022 13:01;RUA JANGADA, Nº 28 - NOVO HORIZONTE - PASSOS;-207.330.577;-465.996.128;V01007 - VITIMA COM DISPNEIA (FALTA DE AR) (C) (Prioridade: 1 - Alta);1CIA IND/2CIA/1PEL(PASSOS);UR0565;Não;Não;Não;BOLETIM DE OCORRENCIA;Classificada;13/01/2022 06:08;Não
2022-20330684-7;(BM) 2022-001844250-001;12/01/2022 15:59;RUA CAETES, Nº 925 - RECANTO DA TEKA - PASSOS;-207.415.248;-465.964.911;S06001 - SALVAMENTO DE ANIMAL EM RISCO / PERIGO (C) (Prioridade: 2 - Média);1CIA IND/2CIA/1PEL(PASSOS);ASL00064;Não;Não;Não;BOLETIM DE OCORRENCIA;Classificada;13/01/2022 06:46;Não
2022-20330740-6;(BM) 2022-001781117-001;12/01/2022 16:00;RUA CANDEIAS, Nº S/N - CASARAO - PASSOS;-207.192.898;-465.891.483;V01018 - VITIMA DE MAL NAO DEFINIDO (DISTURBIO) (C) (Prioridade: 1 - Alta);1CIA IND/2CIA/1PEL(PASSOS);UR0565;Não;Não;Não;BOLETIM DE OCORRENCIA;Classificada;13/01/2022 06:23;Não
2022-20331618-8;(BM) 2022-001785892-001;12/01/2022 16:53;RUA CESARINO ANACLETO MAIA, Nº 101 - JARDIM PLANALTO - PASSOS;-207.215.479;-466.245.763;V03026 - VITIMA COM ENTORSE/ESTIRAMENTO/LUXACAO (C) (Prioridade: 1 - Alta);1CIA IND/2CIA/1PEL(PASSOS);UR0565;Não;Não;Não;BOLETIM DE OCORRENCIA;Classificada;13/01/2022 06:33;Não
2022-20335747-2;(BM) 2022-001844221-001;12/01/2022 21:39;RUA JOSE PERES OLIVEIRA, Nº 289 - NOSSA SENHORA DE FATIMA - PASSOS;-207.028.114;-466.118.611;S06001 - SALVAMENTO DE ANIMAL EM RISCO / PERIGO (C) (Prioridade: 2 - Média);1CIA IND/2CIA/1PEL(PASSOS);ASL00064;Não;Não;Não;BOLETIM DE OCORRENCIA;Classificada;13/01/2022 06:47;Não
2022-20336192-5;(BM) 2022-001835402-001;12/01/2022 22:11;RUA TEXAS, Nº 249 - JARDIM CIDADE - PASSOS;-207.305.238;-466.250.706;V01007 - VITIMA COM DISPNEIA (FALTA DE AR) (C) (Prioridade: 1 - Alta);1CIA IND/2CIA/1PEL(PASSOS);UR0565;Não;Não;Não;BOLETIM DE OCORRENCIA;Classificada;13/01/2022 06:46;Não
2022-20339075-8;(BM) 2022-001865017-001;13/01/2022 05:54;RUA DOUTOR CARVALHO, Nº 1455 - NOSSA SENHORA DAS GRAÇAS - PASSOS;-207.352.269;-466.037.303;Q03017 - TREINAMENTO DE PRIMEIROS SOCORROS (C) (Prioridade: 2 - Média);1CIA IND/2CIA/1PEL(PASSOS);BM1224443;Não;Não;Não;BOLETIM DE OCORRENCIA;Classificada;13/01/2022 06:47;Não
2022-20339564-4;(BM) 2022-001985240-001;13/01/2022 07:44;PRACA CRUZEIRO / RUA JOAQUIM LOPES - PENHA - PASSOS;-207.165.882;-466.208.767;V02201 - VITIMA DE CHOQUE DE BICICLETA (C) (Prioridade: 1 - Alta);1CIA IND/2CIA/1PEL(PASSOS);UR0565;Não;Não;Não;BOLETIM DE OCORRENCIA;Classificada;15/01/2022 06:41;Não
2022-20340159-3;(BM) 2022-001876634-001;13/01/2022 08:46;RUA DOUTOR CARVALHO, Nº 1455 - NOSSA SENHORA DAS GRAÇAS - PASSOS;-207.352.269;-466.037.303;V03012 - VITIMA COM OBJETO PRESO AO CORPO (C) (Prioridade: 1 - Alta);1CIA IND/2CIA/1PEL(PASSOS);UR0565;Não;Não;Não;BOLETIM DE OCORRENCIA;Classificada;15/01/2022 06:41;Não
2022-20340467-5;(BM) 2022-001880028-001;13/01/2022 09:16;RUA ADELIA FERREIRA DE SOUZA, Nº 351 - JARDIM CANADA - PASSOS;-207.544.845;-46.606.622;V01018 - VITIMA DE MAL NAO DEFINIDO (DISTURBIO) (C) (Prioridade: 1 - Alta);1CIA IND/2CIA/1PEL(PASSOS);UR0565;Não;Não;Não;BOLETIM DE OCORRENCIA;Classificada;15/01/2022 06:41;Não
2022-20341039-7;(BM) 2022-001970897-001;13/01/2022 10:04;ILHA TRES ILHAS, Nº S/N - PASSOS;-206.441.688;-465.831.371;P02002 - VISTORIA EM RISCO DE QUEDA DE ARVORE (C) (Prioridade: 2 - Média);1CIA IND/2CIA/1PEL(PASSOS);ASL00064;Não;Não;Não;BOLETIM DE OCORRENCIA;Classificada;15/01/2022 06:42;Não
2022-20341101-9;(BM) 2022-001897094-001;13/01/2022 10:07;RUA MARIA JOSE CALIXTO DE LIMA, Nº 195 - NOVA PASSOS - PASSOS;-207.036.636;-466.357.446;S06002 - CAPTURA DE ANIMAL SILVESTRE PERIGOSO / AGRESSIVO (C) (Prioridade: 2 - Média);1CIA IND/2CIA/1PEL(PASSOS);ABTS0495;Não;Não;Não;BOLETIM DE OCORRENCIA;Classificada;15/01/2022 06:42;Não
2022-20341792-1;(BM) 2022-001897038-002;13/01/2022 11:02;AVENIDA PENHA, Nº 381 - PENHA - PASSOS;-207.156.168;-466.241.961;V01003 - VITIMA COM CRISE CONVULSIVA (C) (Prioridade: 1 - Alta);1CIA IND/2CIA/1PEL(PASSOS);ABTS0495 / UR0565;Não;Não;Não;BOLETIM DE OCORRENCIA;Classificada;15/01/2022 06:41;Não
2022-20342163-1;(BM) 2022-001987853-001;13/01/2022 11:33;RODOVIA MG 050, Nº S/N - PASSOS;-207.371.492;-466.395.925;X03000 - EMPENHO ADMINISTRATIVO (C) (Prioridade: 2 - Média);1CIA IND/2CIA/PEL PREV E VIST(PASSOS);APF01362;Não;Não;Não;BOLETIM DE OCORRENCIA;Classificada;15/01/2022 06:42;Não
2022-20343307-5;(BM) 2022-001969394-001;13/01/2022 13:31;RODOVIA MG 184, Km 15 - CARMO DO RIO CLARO;-210.301.082;-461.414.786;S04012 - BUSCA E SALVAMENTO EM LOCAL DE DIFICIL ACESSO (C) (Prioridade: 1 - Alta);1CIA IND/2CIA/1PEL(PASSOS);ASL00064;Não;Não;Não;BOLETIM DE OCORRENCIA;Classificada;15/01/2022 06:40;Não
2022-20346087-7;(BM) 2022-002038729-001;13/01/2022 16:12;RUA VEREADOR MARCOS JOELI, Nº 30 - COHAB 5 - PASSOS;-207.214.407;-466.392.843;V03018 - VITIMA DE QUEDA DA PROPRIA ALTURA (C) (Prioridade: 1 - Alta);1CIA IND/2CIA/1PEL(PASSOS);UR0565;Não;Não;Não;BOLETIM DE OCORRENCIA;Classificada;15/01/2022 06:40;Não
2022-20346862-2;(BM) 2022-001969312-001;13/01/2022 16:56;RUA CARAN, Nº 284 - PENHA - PASSOS;-207.167.607;-466.265.217;V01020 - VITIMA COM PARADA CARDIORRESPIRATORIA (C) (Prioridade: 1 - Alta);1CIA IND/2CIA/1PEL(PASSOS);UR0565;Não;Não;Não;BOLETIM DE OCORRENCIA;Classificada;15/01/2022 06:40;Não
2022-20347767-7;(BM) 2022-001970029-001;13/01/2022 17:51;RUA GOIAS, Nº 1268 - BELA VISTA - PASSOS;-207.121.191;-465.997.572;V02102 - VITIMA DE ATROPELAMENTO POR MOTOCICLETA (C) (Prioridade: 1 - Alta);1CIA IND/2CIA/1PEL(PASSOS);UR0565;Não;Não;Não;BOLETIM DE OCORRENCIA;Classificada;15/01/2022 06:40;Não
2022-20349631-6;(BM) 2022-001992919-001;13/01/2022 19:47;RUA DEPUTADO LOURENCO DE ANDRADE, Nº S/N - CENTRO - PASSOS;-207.171.881;-466.092.284;P03001 - PERIGO DE DERRAPAGEM (C) (Prioridade: 2 - Média);1CIA IND/2CIA/1PEL(PASSOS);ASL00064;Não;Não;Não;BOLETIM DE OCORRENCIA;Classificada;15/01/2022 06:42;Não
2022-20349898-6;(BM) 2022-001992990-001;13/01/2022 20:06;RUA ROQUE ORLANDO RIBEIRO, Nº 500 - RECANTO DO BOSQUE - PASSOS;-207.224.847;-465.835.738;S06002 - CAPTURA DE ANIMAL SILVESTRE PERIGOSO / AGRESSIVO (C) (Prioridade: 2 - Média);1CIA IND/2CIA/1PEL(PASSOS);ABTS0495;Não;Não;Não;BOLETIM DE OCORRENCIA;Classificada;15/01/2022 06:41;Não
2022-20353938-2;(BM) 2022-002032433-001;14/01/2022 01:49;RUA CAETES, Nº 153 - RECANTO DA TEKA - PASSOS;-207.417.863;-465.964.137;V01007 - VITIMA COM DISPNEIA (FALTA DE AR) (C) (Prioridade: 1 - Alta);1CIA IND/2CIA/1PEL(PASSOS);UR0565;Não;Não;Não;BOLETIM DE OCORRENCIA;Classificada;15/01/2022 06:40;Não
2022-20354106-5;(BM) 2022-002034000-001;14/01/2022 02:20;RUA JASPE, Nº 130 - ACLIMACAO - PASSOS;-207.522.628;-466.008.809;V01007 - VITIMA COM DISPNEIA (FALTA DE AR) (C) (Prioridade: 1 - Alta);1CIA IND/2CIA/1PEL(PASSOS);UR0565;Não;Não;Não;BOLETIM DE OCORRENCIA;Classificada;15/01/2022 06:40;Não
2022-20355694-0;(BM) 2022-002052001-001;14/01/2022 08:24;RUA CANAPE, Nº 34 - CASARAO - PASSOS;-20.720.421;-465.907.441;V02502 - VITIMA DE QUEDA (MOTOCICLISTA) (C) (Prioridade: 1 - Alta);1CIA IND/2CIA/1PEL(PASSOS);UR0565 / ASL00064;Não;Não;Não;BOLETIM DE OCORRENCIA;Classificada;15/01/2022 06:40;Não
2022-20356521-8;(BM) 2022-002057935-001;14/01/2022 09:40;RUA MORGANITA, Nº 1817 - ACLIMACAO - PASSOS;-207.532.974;-465.976.268;P01001 - VISTORIA DE FISCALIZACAO (C) (Prioridade: 2 - Média);1CIA IND/2CIA/PEL PREV E VIST(PASSOS);APF01362;Não;Não;Não;BOLETIM DE OCORRENCIA;Classificada;15/01/2022 06:41;Não
2022-20356741-4;(BM) 2022-002064389-001;14/01/2022 09:59;RUA EVARISTO ALCANTARA LEMOS, Nº 231 - MUARAMA 2 - PASSOS;-207.339.742;-466.090.593;V01018 - VITIMA DE MAL NAO DEFINIDO (DISTURBIO) (C) (Prioridade: 1 - Alta);1CIA IND/2CIA/1PEL(PASSOS);UR0565;Não;Não;Não;BOLETIM DE OCORRENCIA;Classificada;15/01/2022 06:40;Não
2022-20356880-0;(BM) 2022-002063096-001;14/01/2022 10:10;RUA AMETISTA, Nº 371 - ACLIMACAO - PASSOS;-207.517.419;-466.012.228;P01001 - VISTORIA DE FISCALIZACAO (C) (Prioridade: 2 - Média);1CIA IND/2CIA/PEL PREV E VIST(PASSOS);APF01362;Não;Não;Não;BOLETIM DE OCORRENCIA;Classificada;15/01/2022 06:41;Não
2022-20356994-0;(BM) 2022-002064482-001;14/01/2022 10:19;RUA PAULO BRUNO DA SILVEIRA SOBRINHO, Nº S/N - FLAMBOYANT - PASSOS;-20.755.718;-466.051.418;P01001 - VISTORIA DE FISCALIZACAO (C) (Prioridade: 2 - Média);1CIA IND/2CIA/PEL PREV E VIST(PASSOS);APF01362;Não;Não;Não;BOLETIM DE OCORRENCIA;Classificada;15/01/2022 06:41;Não
2022-20357128-4;(BM) 2022-002065418-001;14/01/2022 10:29;RUA CURIO, Nº 602 - PARQUE DA FAZENDA - PASSOS;-207.392.661;-466.093.414;P01001 - VISTORIA DE FISCALIZACAO (C) (Prioridade: 2 - Média);1CIA IND/2CIA/PEL PREV E VIST(PASSOS);APF01362;Não;Não;Não;BOLETIM DE OCORRENCIA;Classificada;15/01/2022 06:41;Não
2022-20357633-7;(BM) 2022-002079543-001;14/01/2022 11:10;RUA AGUAS DE SAO PEDRO, Nº 508 - MUARAMA - PASSOS;-207.313.906;-466.157.358;V03012 - VITIMA COM OBJETO PRESO AO CORPO (C) (Prioridade: 1 - Alta);1CIA IND/2CIA/1PEL(PASSOS);UR0565;Não;Não;Não;BOLETIM DE OCORRENCIA;Classificada;15/01/2022 06:40;Não
2022-20358154-0;(BM) 2022-002160227-001;14/01/2022 12:06;RODOVIA MG 050, Km 315 - SAO JOAO BATISTA GLORIA;-206.496.808;-462.838.715;R01999 - OUTROS TIPOS DE ACOES DE APOIO A COMUNIDADE   (C) (Prioridade: 2 - Média);1CIA IND/2CIA/1PEL(PASSOS);ASL00064;Não;Não;Não;BOLETIM DE OCORRENCIA;Classificada;15/01/2022 06:41;Não
2022-20358251-6;(BM) 2022-002079230-001;14/01/2022 12:19;RUA DAVID BALDINI, Nº 106 - CENTRO - PASSOS;-207.242.377;-466.058.063;V01006 - VITIMA COM DIFICULDADE DE LOCOMOCAO (C) (Prioridade: 1 - Alta);1CIA IND/2CIA/1PEL(PASSOS);UR0565;Não;Não;Não;BOLETIM DE OCORRENCIA;Classificada;15/01/2022 06:39;Não
2022-20358784-8;(BM) 2022-002084819-001 / (PM) 2022-002084819-002;14/01/2022 13:21;RUA ELETRICISTAS, Nº S/N - MONSENHOR MESSIAS - PASSOS;-20.738.377;-465.974.989;V02408 - VITIMA DE COLISAO ENTRE AUTOMOVEL X MOTOCICLETA (C) (Prioridade: 1 - Alta);1CIA IND/2CIA/1PEL(PASSOS);UR0565;Não;Não;Não;BOLETIM DE OCORRENCIA;Classificada;15/01/2022 06:39;Não
2022-20359794-7;(BM) 2022-002097285-001;14/01/2022 14:36;RUA PRESIDENTE ANTONIO CARLOS, Nº 177 - CENTRO - PASSOS;-207.192.963;-46.609.429;P01001 - VISTORIA DE FISCALIZACAO (C) (Prioridade: 2 - Média);1CIA IND/2CIA/PEL PREV E VIST(PASSOS);APF01362;Não;Não;Não;BOLETIM DE OCORRENCIA;Classificada;15/01/2022 06:41;Não
2022-20359987-0;(BM) 2022-002118780-001;14/01/2022 14:47;RUA DOUTOR CARVALHO, Nº 262 - CENTRO - PASSOS;-207.241.971;-466.077.723;V01003 - VITIMA COM CRISE CONVULSIVA (C) (Prioridade: 1 - Alta);1CIA IND/2CIA/1PEL(PASSOS);UR0565;Não;Não;Não;BOLETIM DE OCORRENCIA;Classificada;15/01/2022 06:39;Não
2022-20361037-4;(BM) 2022-002118897-001;14/01/2022 15:46;RUA CICERO LEITE DOS SANTOS, Nº 51 - RESIDENCIAL RECANTO DOS PINHEIROS - PASSOS;-206.932.683;-466.117.583;V01018 - VITIMA DE MAL NAO DEFINIDO (DISTURBIO) (C) (Prioridade: 1 - Alta);1CIA IND/2CIA/1PEL(PASSOS);UR0565;Não;Não;Não;BOLETIM DE OCORRENCIA;Classificada;15/01/2022 06:39;Não
2022-20362811-2;(BM) 2022-002133841-001;14/01/2022 17:35;RUA DOUTOR CARVALHO, Nº 1455 - NOSSA SENHORA DAS GRAÇAS - PASSOS;-207.352.269;-466.037.303;Q03005 - TREINAMENTO DE SALVAMENTO TERRESTRE (C) (Prioridade: 2 - Média);1CIA IND/2CIA/1PEL(PASSOS);BM1785849;Não;Não;Não;BOLETIM DE OCORRENCIA;Classificada;15/01/2022 06:41;Não
2022-20362982-5;(BM) 2022-002135750-001;14/01/2022 17:47;RUA IMACULADA CONCEICAO, Nº 936 - COHAB 4 - PASSOS;-207.221.466;-466.339.736;W03000 - SOLICITANTE ENCONTRADO - PROVIDENCIA DISPENSADA (C) (Prioridade: 3 - Baixa);1CIA IND/2CIA/1PEL(PASSOS);UR0565;Não;Não;Não;BOLETIM DE OCORRENCIA;Classificada;15/01/2022 06:42;Não
2022-20364629-0;(BM) 2022-002152653-001;14/01/2022 19:40;RUA GOIAS, Nº 1230 - BELA VISTA - PASSOS;-207.118.776;-466.000.282;W03000 - SOLICITANTE ENCONTRADO - PROVIDENCIA DISPENSADA (C) (Prioridade: 3 - Baixa);1CIA IND/2CIA/1PEL(PASSOS);UR0565;Não;Não;Não;BOLETIM DE OCORRENCIA;Classificada;15/01/2022 06:42;Não
2022-20368351-7;(BM) 2022-002187299-001;14/01/2022 23:39;RUA DOUTOR CARVALHO, Nº 684 - BELO HORIZONTE - PASSOS;-207.279.349;-466.065.733;V01006 - VITIMA COM DIFICULDADE DE LOCOMOCAO (C) (Prioridade: 1 - Alta);1CIA IND/2CIA/1PEL(PASSOS);UR0565;Não;Não;Não;BOLETIM DE OCORRENCIA;Classificada;15/01/2022 06:39;Não
2022-20372508-0;(BM) 2022-002218852-001;15/01/2022 09:03;RUA ESPIRITO SANTO, Nº 331 - PASSOS;-207.169.575;-465.982.963;V01007 - VITIMA COM DISPNEIA (FALTA DE AR) (C) (Prioridade: 1 - Alta);1CIA IND/2CIA/1PEL(PASSOS);UR0565;Não;Não;Não;BOLETIM DE OCORRENCIA;Classificada;16/01/2022 07:53;COVID-19
2022-20372865-8;(BM) 2022-002223896-001;15/01/2022 09:44;RUA JOAO BATISTA PEREIRA, Nº 666 - JARDIM CANADA II - PASSOS;-207.554.634;-466.092.126;S06002 - CAPTURA DE ANIMAL SILVESTRE PERIGOSO / AGRESSIVO (C) (Prioridade: 2 - Média);1CIA IND/2CIA/1PEL(PASSOS);ASL00064;Não;Não;Não;BOLETIM DE OCORRENCIA;Classificada;16/01/2022 07:35;Não
2022-20373253-7;(BM) 2022-002257979-001;15/01/2022 10:29;RUA DOUTOR CARVALHO, Nº 1455 - NOSSA SENHORA DAS GRAÇAS - PASSOS;-207.352.269;-466.037.303;Q03001 - TREINAMENTO DE COMBATE A INCENDIO (C) (Prioridade: 2 - Média);1CIA IND/2CIA/1PEL(PASSOS);BM1795095;Não;Não;Não;BOLETIM DE OCORRENCIA;Classificada;16/01/2022 07:35;Não
2022-20373721-3;(BM) 2022-002240824-001;15/01/2022 11:16;RODOVIA MG 050, Nº S/N - PASSOS;-207.371.492;-466.395.925;Y40035 - APOIO DE SOLO EM OPERACOES AEREAS (C) (Prioridade: 2 - Média);1CIA IND/2CIA/1PEL(PASSOS);UR0565;Não;Não;Não;BOLETIM DE OCORRENCIA;Classificada;16/01/2022 07:53;Não
2022-20374973-1;(BM) 2022-002242550-001;15/01/2022 13:58;RUA LIBERDADE, Nº 584 - SANTA CASA - PASSOS;-207.155.106;-466.139.835;V01007 - VITIMA COM DISPNEIA (FALTA DE AR) (C) (Prioridade: 1 - Alta);1CIA IND/2CIA/1PEL(PASSOS);UR0565;Não;Não;Não;BOLETIM DE OCORRENCIA;Classificada;16/01/2022 07:53;COVID-19
2022-20375478-8;(BM) 2022-002247763-001;15/01/2022 14:35;RUA SEXTA CHAPADA, Nº 305 - BELO HORIZONTE - PASSOS;-207.269.487;-466.019.366;V01018 - VITIMA DE MAL NAO DEFINIDO (DISTURBIO) (C) (Prioridade: 1 - Alta);1CIA IND/2CIA/1PEL(PASSOS);UR0565;Não;Não;Não;BOLETIM DE OCORRENCIA;Classificada;16/01/2022 07:53;COVID-19
2022-20377688-1;(BM) 2022-002271524-001;15/01/2022 17:07;RODOVIA MG050, Nº 8 - PASSOS;-207.331.352;-465.723.036;X03000 - EMPENHO ADMINISTRATIVO (C) (Prioridade: 2 - Média);1CIA IND/2CIA/1PEL(PASSOS);ASL00064;Não;Não;Não;BOLETIM DE OCORRENCIA;Classificada;16/01/2022 07:35;Não
2022-20377867-0;(BM) 2022-002271628-001;15/01/2022 17:17;RUA BARAO DO RIO BRANCO, Nº 1064 - CENTRO - PASSOS;-207.232.894;-466.050.498;V01018 - VITIMA DE MAL NAO DEFINIDO (DISTURBIO) (C) (Prioridade: 1 - Alta);1CIA IND/2CIA/1PEL(PASSOS);UR0565;Não;Não;Não;BOLETIM DE OCORRENCIA;Classificada;16/01/2022 07:53;COVID-19
2022-20379063-4;;15/01/2022 18:41;RUA RIO GRANDE DO SUL, Nº 1861 - BELA VISTA 2 - PASSOS;-207.107.232;-465.935.585;W98011 - SOLICITACAO DE APOIO (C) (Prioridade: 1 - Alta);1CIA IND/2CIA/1PEL(PASSOS);;Não;Não;Não;DUPLICADA;Classificada;15/01/2022 19:17;Não
2022-20379134-0;(BM) 2022-002284696-001;15/01/2022 18:45;RUA RIO GRANDE DO SUL, Nº S/N - BELA VISTA 2 - PASSOS;-20.711.414;-465.942.652;V02103 - VITIMA DE ATROPELAMENTO POR AUTOMOVEL (CARRO / CAMINHONETE) (C) (Prioridade: 1 - Alta);1CIA IND/2CIA/1PEL(PASSOS);UR0565;Não;Não;Não;BOLETIM DE OCORRENCIA;Classificada;16/01/2022 07:53;Não
2022-20380547-8;(BM) 2022-002296032-001;15/01/2022 20:17;RUA SAO FRANCISCO DE ASSIS, Nº S/N - JARDIM CIDADE - PASSOS;-20.733.813;-466.274.302;S06005 - CAPTURA DE INSETOS (C) (Prioridade: 2 - Média);1CIA IND/2CIA/1PEL(PASSOS);ASL00064;Não;Não;Não;BOLETIM DE OCORRENCIA;Classificada;16/01/2022 07:35;Não
2022-20381940-2;(BM) 2022-002307755-001;15/01/2022 21:42;RUA CANOAS, Nº 33 - NOVO HORIZONTE - PASSOS;-207.307.459;-46.601.119;V01023 - VITIMA DE SINCOPE (DESMAIO)/VERTIGEM (C) (Prioridade: 1 - Alta);1CIA IND/2CIA/1PEL(PASSOS);UR0565;Não;Não;Não;BOLETIM DE OCORRENCIA;Classificada;16/01/2022 07:52;Não
2022-20385552-5;(BM) 2022-002335029-001;16/01/2022 01:25;RUA AMEIXAS, Nº 42 - NOSSA SENHORA DE LOURDES - PASSOS;-206.987.112;-466.184.107;O02033 - INCENDIO EM AMONTOADO DE LIXO (C) (Prioridade: 2 - Média);1CIA IND/2CIA/1PEL(PASSOS);ABTS0495;Não;Não;Não;BOLETIM DE OCORRENCIA;Classificada;16/01/2022 07:37;Não
2022-20389510-7;(BM) 2022-002365683-001;16/01/2022 10:54;RUA DOUTOR CARVALHO, Nº 1455 - NOSSA SENHORA DAS GRAÇAS - PASSOS;-207.352.269;-466.037.303;Q03017 - TREINAMENTO DE PRIMEIROS SOCORROS (C) (Prioridade: 2 - Média);1CIA IND/2CIA/1PEL(PASSOS);BM1224443;Não;Não;Não;BOLETIM DE OCORRENCIA;Classificada;17/01/2022 07:27;Não
2022-20391263-2;(BM) 2022-002380519-001;16/01/2022 14:21;AVENIDA SABIA, Nº 115 - PARQUE DA FAZENDA - PASSOS;-20.739.616;-466.083.147;S06001 - SALVAMENTO DE ANIMAL EM RISCO / PERIGO (C) (Prioridade: 2 - Média);1CIA IND/2CIA/1PEL(PASSOS);ASL00064;Não;Não;Não;BOLETIM DE OCORRENCIA;Classificada;17/01/2022 07:28;Não
2022-20393374-4;(BM) 2022-002401124-001;16/01/2022 16:55;RODOVIA LMG 856, Km 7 - CASSIA;-205.088.267;-469.316.543;S06008 - CORTE DE ARVORE CAIDA EM VIA PUBLICA (C) (Prioridade: 2 - Média);1CIA IND/2CIA/1PEL(PASSOS);ABTS0495;Não;Não;Não;BOLETIM DE OCORRENCIA;Classificada;17/01/2022 07:28;Não
2022-20397690-6;(BM) 2022-002444825-001;16/01/2022 21:45;RUA GUAXUPE, Nº 1130 - COHAB 3 - PASSOS;-207.038.869;-46.627.081;V01018 - VITIMA DE MAL NAO DEFINIDO (DISTURBIO) (C) (Prioridade: 1 - Alta);1CIA IND/2CIA/1PEL(PASSOS);UR0565;Não;Não;Não;BOLETIM DE OCORRENCIA;Classificada;17/01/2022 07:27;Não
2022-20402031-2;(BM) 2022-002483590-001;17/01/2022 08:23;RUA TENENTE VASCONCELOS, Nº 295 - CENTRO - PASSOS;-207.144.796;-466.098.129;W98011 - SOLICITACAO DE APOIO (C) (Prioridade: 1 - Alta);1CIA IND/2CIA/1PEL(PASSOS);UR0565;Não;Sim;Não;BOLETIM DE OCORRENCIA;Classificada;18/01/2022 10:36;Não
2022-20403187-7;(BM) 2022-002493919-001;17/01/2022 10:08;RUA ENGENHEIROS, Nº 486 - NOVO HORIZONTE - PASSOS;-207.286.948;-466.039.091;P01001 - VISTORIA DE FISCALIZACAO (C) (Prioridade: 2 - Média);1CIA IND/2CIA/PEL PREV E VIST(PASSOS);APF01362;Não;Não;Não;BOLETIM DE OCORRENCIA;Classificada;18/01/2022 10:35;Não
2022-20403332-4;(BM) 2022-002495240-001;17/01/2022 10:19;AVENIDA JOSE CAETANO DE ANDRADE, Nº 835 - MUARAMA - PASSOS;-207.296.493;-466.154.942;P01001 - VISTORIA DE FISCALIZACAO (C) (Prioridade: 2 - Média);1CIA IND/2CIA/PEL PREV E VIST(PASSOS);APF01362;Não;Não;Não;BOLETIM DE OCORRENCIA;Classificada;18/01/2022 10:35;Não
2022-20403529-9;(BM) 2022-002498166-001;17/01/2022 10:37;RUA DO MEIO, Nº 244 - NOVO HORIZONTE - PASSOS;-20.734.195;-466.013.964;P01001 - VISTORIA DE FISCALIZACAO (C) (Prioridade: 2 - Média);1CIA IND/2CIA/PEL PREV E VIST(PASSOS);APF01362;Não;Não;Não;BOLETIM DE OCORRENCIA;Classificada;18/01/2022 10:35;Não
2022-20403640-6;(BM) 2022-002499210-001;17/01/2022 10:43;RUA TROVADOR, Nº 246 - NOVO HORIZONTE - PASSOS;-207.338.969;-465.999.674;P01001 - VISTORIA DE FISCALIZACAO (C) (Prioridade: 2 - Média);1CIA IND/2CIA/PEL PREV E VIST(PASSOS);APF01362;Não;Não;Não;BOLETIM DE OCORRENCIA;Classificada;18/01/2022 10:35;Não
2022-20404251-0;(BM) 2022-002557755-001;17/01/2022 11:32;AVENIDA AROUCA, Nº S/N - CENTRO - PASSOS;-20.715.228;-466.094.169;S06002 - CAPTURA DE ANIMAL SILVESTRE PERIGOSO / AGRESSIVO (C) (Prioridade: 2 - Média);1CIA IND/2CIA/1PEL(PASSOS);ASL00064;Não;Não;Não;BOLETIM DE OCORRENCIA;Classificada;18/01/2022 10:35;Não
2022-20405769-3;(BM) 2022-002526481-001;17/01/2022 14:01;AVENIDA AROUCA, Nº 140 - CENTRO - PASSOS;-207.152.685;-466.093.884;P02001 - VISTORIA EM HIDRANTE (C) (Prioridade: 2 - Média);1CIA IND/2CIA/1PEL(PASSOS);ABTS0495;Não;Não;Não;BOLETIM DE OCORRENCIA;Classificada;18/01/2022 10:36;Não
2022-20405900-6;(BM) 2022-002546937-001;17/01/2022 14:09;RUA WALDOMIRO CAETANO MACHADO, Nº 481 - NOVA CALIFORNIA - PASSOS;-206.994.483;-466.230.135;V01018 - VITIMA DE MAL NAO DEFINIDO (DISTURBIO) (C) (Prioridade: 1 - Alta);1CIA IND/2CIA/1PEL(PASSOS);UR0565;Não;Não;Não;BOLETIM DE OCORRENCIA;Classificada;18/01/2022 10:36;Não
2022-20406443-1;(BM) 2022-002557558-001;17/01/2022 14:39;RODOVIA MG 050, Nº S/N - PASSOS;-207.371.492;-466.395.925;P03001 - PERIGO DE DERRAPAGEM (C) (Prioridade: 2 - Média);1CIA IND/2CIA/1PEL(PASSOS);ASL00064;Não;Não;Não;BOLETIM DE OCORRENCIA;Classificada;18/01/2022 10:36;Não
2022-20407122-3;(BM) 2022-002547095-001;17/01/2022 15:15;RUA MANUEL DA SILVEIRA MAIA, Nº 132 - PENHA 2 - PASSOS;-207.166.667;-466.326.972;V01018 - VITIMA DE MAL NAO DEFINIDO (DISTURBIO) (C) (Prioridade: 1 - Alta);1CIA IND/2CIA/1PEL(PASSOS);UR0565;Não;Não;Não;BOLETIM DE OCORRENCIA;Classificada;18/01/2022 10:36;Não
2022-20407722-0;(BM) 2022-002558812-001;17/01/2022 15:48;RUA AIMORES, Nº 2103 - NOSSA SENHORA APARECIDA - PASSOS;-207.449.892;-466.087.575;V01018 - VITIMA DE MAL NAO DEFINIDO (DISTURBIO) (C) (Prioridade: 1 - Alta);1CIA IND/2CIA/1PEL(PASSOS);UR0565;Não;Não;Não;BOLETIM DE OCORRENCIA;Classificada;18/01/2022 10:36;Não
2022-20409346-1;(BM) 2022-002586352-001;17/01/2022 17:18;RUA FARMACEUTICOS, Nº 435 - NOVO HORIZONTE - PASSOS;-207.324.442;-466.021.377;V01018 - VITIMA DE MAL NAO DEFINIDO (DISTURBIO) (C) (Prioridade: 1 - Alta);1CIA IND/2CIA/1PEL(PASSOS);UR0565;Não;Não;Não;BOLETIM DE OCORRENCIA;Classificada;18/01/2022 10:36;Não
2022-20410711-2;(BM) 2022-002593025-001;17/01/2022 18:45;AVENIDA AMAZONAS, Nº 224 - BELA VISTA - PASSOS;-207.164.849;-4.660.008;V01018 - VITIMA DE MAL NAO DEFINIDO (DISTURBIO) (C) (Prioridade: 1 - Alta);1CIA IND/2CIA/1PEL(PASSOS);UR0565;Não;Não;Não;BOLETIM DE OCORRENCIA;Classificada;18/01/2022 10:36;Não
2022-20411076-1;(BM) 2022-002593053-001;17/01/2022 19:10;RUA ADOLFO COELHO LEMOS, Nº 95 - JARDIM PINHEIROS - PASSOS;-207.232.528;-466.217.378;S06005 - CAPTURA DE INSETOS (C) (Prioridade: 2 - Média);1CIA IND/2CIA/1PEL(PASSOS);ASL00064;Não;Não;Não;BOLETIM DE OCORRENCIA;Classificada;18/01/2022 10:36;Não
2022-20417317-9;(BM) 2022-002656954-001;18/01/2022 09:02;RUA LIMAO, Nº 435 - SANTA RITA - PASSOS;-207.327.405;-466.118.713;V01018 - VITIMA DE MAL NAO DEFINIDO (DISTURBIO) (C) (Prioridade: 1 - Alta);1CIA IND/2CIA/1PEL(PASSOS);UR0565;Não;Não;Não;BOLETIM DE OCORRENCIA;Classificada;19/01/2022 06:31;Não
2022-20417992-1;(BM) 2022-002664556-001;18/01/2022 09:58;RUA TURQUESA, Nº 1803 - ACLIMACAO - PASSOS;-207.549.884;-46.597.754;V03018 - VITIMA DE QUEDA DA PROPRIA ALTURA (C) (Prioridade: 1 - Alta);1CIA IND/2CIA/1PEL(PASSOS);UR0565;Não;Não;Não;BOLETIM DE OCORRENCIA;Classificada;19/01/2022 06:31;Não
2022-20419027-0;(BM) 2022-002677793-001;18/01/2022 11:25;RUA RIO VERDE, Nº 1330 - PASSOS;-206.999.698;-466.173.325;V01018 - VITIMA DE MAL NAO DEFINIDO (DISTURBIO) (C) (Prioridade: 1 - Alta);1CIA IND/2CIA/1PEL(PASSOS);UR0565;Não;Não;Não;BOLETIM DE OCORRENCIA;Classificada;19/01/2022 06:30;Não
2022-20420048-7;(BM) 2022-002689393-001;18/01/2022 13:22;AVENIDA GOVERNADOR VALADARES, Nº 497 - CENTRO - ALPINOPOLIS;-208.616.954;-463.897.212;P01002 - VISTORIA DE LIBERACAO / EMISSAO DE AVCB (C) (Prioridade: 2 - Média);1CIA IND/2CIA/PEL PREV E VIST(PASSOS);APF01362;Não;Não;Não;BOLETIM DE OCORRENCIA;Classificada;19/01/2022 06:31;Não
2022-20420362-1;(BM) 2022-002692854-001;18/01/2022 13:48;RUA DOUTOR CARVALHO, Nº 1455 - NOSSA SENHORA DAS GRAÇAS - PASSOS;-207.352.269;-466.037.303;Q03017 - TREINAMENTO DE PRIMEIROS SOCORROS (C) (Prioridade: 2 - Média);1CIA IND/2CIA/1PEL(PASSOS);BM1638089;Não;Não;Não;BOLETIM DE OCORRENCIA;Classificada;19/01/2022 06:31;Não
2022-20422179-6;(BM) 2022-002716097-001;18/01/2022 15:36;AVENIDA AMAZONAS, Nº S/N - BELA VISTA - PASSOS;-207.159.283;-465.997.605;V03018 - VITIMA DE QUEDA DA PROPRIA ALTURA (C) (Prioridade: 1 - Alta);1CIA IND/2CIA/1PEL(PASSOS);UR0565;Não;Não;Não;BOLETIM DE OCORRENCIA;Classificada;19/01/2022 06:31;Não
2022-20424145-5;(BM) 2022-002740343-001;18/01/2022 17:27;AVENIDA AROUCA, Nº 190 - CENTRO - PASSOS;-207.157.208;-466.092.978;W03000 - SOLICITANTE ENCONTRADO - PROVIDENCIA DISPENSADA (C) (Prioridade: 3 - Baixa);1CIA IND/2CIA/1PEL(PASSOS);ASL00064;Não;Não;Não;BOLETIM DE OCORRENCIA;Classificada;19/01/2022 06:31;Não
2022-20430908-0;(BM) 2022-002811770-001;19/01/2022 06:21;RODOVIA MG 050, Km 367 - PASSOS;-20.736.252;-466.528.864;V02412 - VITIMA DE COLISAO ENTRE CAMINHAO / CARRETA X MOTOCICLETA (C) (Prioridade: 1 - Alta);1CIA IND/2CIA/1PEL(PASSOS);UR0565;Não;Não;Não;BOLETIM DE OCORRENCIA;Classificada;20/01/2022 07:03;Não
2022-20432065-3;(BM) 2022-002823070-001;19/01/2022 08:59;RUA DOUTOR CARVALHO, Nº 1455 - NOSSA SENHORA DAS GRAÇAS - PASSOS;-207.352.269;-466.037.303;Q03017 - TREINAMENTO DE PRIMEIROS SOCORROS (C) (Prioridade: 2 - Média);1CIA IND/2CIA/1PEL(PASSOS);BM1797331;Não;Não;Não;BOLETIM DE OCORRENCIA;Classificada;20/01/2022 06:55;Não
2022-20432598-5;(BM) 2022-002868635-001;19/01/2022 09:55;RUA MUZAMBINHO, Nº S/N - NOSSA SENHORA DE FATIMA - PASSOS;-206.984.606;-46.613.406;P01002 - VISTORIA DE LIBERACAO / EMISSAO DE AVCB (C) (Prioridade: 2 - Média);1CIA IND/2CIA/1PEL(PASSOS);ABTS0495;Não;Não;Não;BOLETIM DE OCORRENCIA;Classificada;20/01/2022 06:55;Não
2022-20432892-2;(BM) 2022-002833495-001;19/01/2022 10:15;RUA MAIAS, Nº S/N - CENTRO - PASSOS;-207.200.631;-466.122.029;V01018 - VITIMA DE MAL NAO DEFINIDO (DISTURBIO) (C) (Prioridade: 1 - Alta);1CIA IND/2CIA/1PEL(PASSOS);UR0565;Não;Não;Não;BOLETIM DE OCORRENCIA;Classificada;20/01/2022 06:56;Não
2022-20433998-9;(BM) 2022-002847824-001;19/01/2022 11:52;RUA DOUTOR CARVALHO, Nº 1147 - BELO HORIZONTE - PASSOS;-207.320.978;-466.047.997;V01018 - VITIMA DE MAL NAO DEFINIDO (DISTURBIO) (C) (Prioridade: 1 - Alta);1CIA IND/2CIA/1PEL(PASSOS);UR0565;Não;Não;Não;BOLETIM DE OCORRENCIA;Classificada;20/01/2022 06:57;Não
2022-20434865-0;(BM) 2022-002857607-001;19/01/2022 13:26;RUA MATO GROSSO, Nº 1415 - BELA VISTA 2 - PASSOS;-207.108.547;-465.984.938;V02103 - VITIMA DE ATROPELAMENTO POR AUTOMOVEL (CARRO / CAMINHONETE) (C) (Prioridade: 1 - Alta);1CIA IND/2CIA/1PEL(PASSOS);UR0565;Não;Não;Não;BOLETIM DE OCORRENCIA;Classificada;20/01/2022 06:57;Não
2022-20438164-8;(BM) 2022-002898958-001;19/01/2022 16:55;RUA LEAO, Nº 351 - SERRA VERDE - PASSOS;-207.399.126;-465.943.418;P02002 - VISTORIA EM RISCO DE QUEDA DE ARVORE (C) (Prioridade: 2 - Média);1CIA IND/2CIA/1PEL(PASSOS);ASL00064;Não;Não;Não;BOLETIM DE OCORRENCIA;Classificada;20/01/2022 06:55;Não
2022-20438169-1;(BM) 2022-002899125-001;19/01/2022 16:56;RUA DOUTOR CARVALHO, Nº S/N - CENTRO - PASSOS;-207.218.279;-466.083.676;S06002 - CAPTURA DE ANIMAL SILVESTRE PERIGOSO / AGRESSIVO (C) (Prioridade: 2 - Média);1CIA IND/2CIA/1PEL(PASSOS);ABTS0495;Não;Não;Não;BOLETIM DE OCORRENCIA;Classificada;20/01/2022 06:56;Não
2022-20438473-2;(BM) 2022-002902406-001;19/01/2022 17:13;RUA DOM BOSCO, Nº 109 - CANJERANUS - PASSOS;-207.114.674;-466.043.425;V01018 - VITIMA DE MAL NAO DEFINIDO (DISTURBIO) (C) (Prioridade: 1 - Alta);1CIA IND/2CIA/1PEL(PASSOS);UR0565;Não;Não;Não;BOLETIM DE OCORRENCIA;Classificada;20/01/2022 07:03;Não
2022-20439186-6;(BM) 2022-002914272-001;19/01/2022 18:00;RUA LEAO, Nº 361 - SERRA VERDE - PASSOS;-207.399.083;-465.942.118;S06007 - CORTE / PODA DE ARVORE COM RISCO IMINENTE DE QUEDA (C) (Prioridade: 2 - Média);1CIA IND/2CIA/1PEL(PASSOS);ASL00064;Não;Não;Não;BOLETIM DE OCORRENCIA;Classificada;20/01/2022 06:56;Não
2022-20440704-6;(BM) 2022-002933868-001;19/01/2022 19:42;RUA FRANCISCO VENANCIO, Nº 229 - COHAB 3 - PASSOS;-207.017.175;-466.261.707;V01006 - VITIMA COM DIFICULDADE DE LOCOMOCAO (C) (Prioridade: 1 - Alta);1CIA IND/2CIA/1PEL(PASSOS);UR0565;Não;Não;Não;BOLETIM DE OCORRENCIA;Classificada;20/01/2022 07:00;Não
2022-20442193-0;(BM) 2022-002979096-001;19/01/2022 21:29;RUA PORTO VELHO, Nº 39 - SAO BENEDITO - PASSOS;-207.208.104;-466.005.155;V01007 - VITIMA COM DISPNEIA (FALTA DE AR) (C) (Prioridade: 1 - Alta);1CIA IND/2CIA/1PEL(PASSOS);UR0565;Não;Não;Não;BOLETIM DE OCORRENCIA;Classificada;20/01/2022 07:00;COVID-19
2022-20442747-0;(BM) 2022-002949334-003;19/01/2022 22:16;RODOVIA MGC 146, Km 350 - SAO JOAO BATISTA GLORIA;-206.564.455;-465.308.634;V03021 - VITIMA DE SUICIDIO (TENTATIVA) - APH TRAUMA (C) (Prioridade: 1 - Alta);1CIA IND/2CIA/1PEL(PASSOS);ABTS0495 / UR0565;Não;Não;Não;BOLETIM DE OCORRENCIA;Classificada;20/01/2022 06:59;Não
2022-20445211-6;;20/01/2022 03:06;RUA AROEIRA, Nº 96 - SERRA DAS BRISAS - PASSOS;-207.340.519;-465.973.043;W98011 - SOLICITACAO DE APOIO (C) (Prioridade: 1 - Alta);1CIA IND/2CIA/1PEL(PASSOS);ABTS0495;Não;Não;Não;ATENDIDA PELO SAMU;Classificada;24/01/2022 07:55;Não
2022-20448803-1;(BM) 2022-003013854-001;20/01/2022 11:47;AVENIDA COMENDADOR FRANCISCO A MAIA, Nº 2834 - MARIO MAGALHAES - PASSOS;-207.242.092;-466.122.275;V02408 - VITIMA DE COLISAO ENTRE AUTOMOVEL X MOTOCICLETA (C) (Prioridade: 1 - Alta);1CIA IND/2CIA/1PEL(PASSOS);UR0565;Não;Não;Não;BOLETIM DE OCORRENCIA;Classificada;22/01/2022 05:12;Não
2022-20450032-6;(BM) 2022-003043092-001;20/01/2022 13:54;RUA JOAO PINHEIRO, Nº 94 - CENTRO - PASSOS;-207.226.506;-466.065.222;S06001 - SALVAMENTO DE ANIMAL EM RISCO / PERIGO (C) (Prioridade: 2 - Média);1CIA IND/2CIA/1PEL(PASSOS);ASL00064;Não;Não;Não;BOLETIM DE OCORRENCIA;Classificada;22/01/2022 05:11;Não
2022-20450216-9;(BM) 2022-003030300-001;20/01/2022 14:08;RUA ZE MACHADO, Nº S/N - FLAMBOYANT - PASSOS;-207.558.824;-466.034.761;P01001 - VISTORIA DE FISCALIZACAO (C) (Prioridade: 2 - Média);1CIA IND/2CIA/PEL PREV E VIST(PASSOS);APF01362;Não;Não;Não;BOLETIM DE OCORRENCIA;Classificada;22/01/2022 05:11;Não
2022-20450499-5;(BM) 2022-003033541-001;20/01/2022 14:27;RUA JOAO TEIXEIRA MENDES, Nº S/N - FLAMBOYANT - PASSOS;-207.548.252;-466.033.392;P01001 - VISTORIA DE FISCALIZACAO (C) (Prioridade: 2 - Média);1CIA IND/2CIA/PEL PREV E VIST(PASSOS);APF01362;Não;Não;Não;BOLETIM DE OCORRENCIA;Classificada;22/01/2022 05:11;Não
2022-20450765-7;(BM) 2022-003143180-001;20/01/2022 14:41;RUA SERINGUEIRA, Nº 123 - SERRA DAS BRISAS - PASSOS;-207.326.868;-465.953.912;V01018 - VITIMA DE MAL NAO DEFINIDO (DISTURBIO) (C) (Prioridade: 1 - Alta);1CIA IND/2CIA/1PEL(PASSOS);UR0565;Não;Não;Não;BOLETIM DE OCORRENCIA;Classificada;22/01/2022 05:12;Não
2022-20450767-2;(BM) 2022-003037223-001;20/01/2022 14:43;RUA TORONTO, Nº S/N - JARDIM CANADA II - PASSOS;-207.516.175;-466.120.442;P01001 - VISTORIA DE FISCALIZACAO (C) (Prioridade: 2 - Média);1CIA IND/2CIA/PEL PREV E VIST(PASSOS);APF01362;Não;Não;Não;BOLETIM DE OCORRENCIA;Classificada;22/01/2022 05:11;Não
2022-20451455-5;(BM) 2022-003045154-001;20/01/2022 15:18;RUA BARIRIS, Nº 48 - JARDIM EMBRATEL - PASSOS;-207.417.087;-466.033.156;P01001 - VISTORIA DE FISCALIZACAO (C) (Prioridade: 2 - Média);1CIA IND/2CIA/PEL PREV E VIST(PASSOS);APF01362;Não;Não;Não;BOLETIM DE OCORRENCIA;Classificada;22/01/2022 05:11;Não
2022-20458993-5;(BM) 2022-003143110-001;21/01/2022 00:06;RUA PARA / RUA PARANA - BELA VISTA - PASSOS;-20.714.287;-465.996.229;V03019 - VITIMA DE QUEDA DE ALTURA (C) (Prioridade: 1 - Alta);1CIA IND/2CIA/1PEL(PASSOS);UR0565;Não;Não;Não;BOLETIM DE OCORRENCIA;Classificada;22/01/2022 05:16;Não
2022-20463051-3;(BM) 2022-003170611-001;21/01/2022 10:42;RUA DOUTOR CARVALHO, Nº 1455 - NOSSA SENHORA DAS GRAÇAS - PASSOS;-207.352.269;-466.037.303;Q03017 - TREINAMENTO DE PRIMEIROS SOCORROS (C) (Prioridade: 2 - Média);1CIA IND/2CIA/1PEL(PASSOS);BM1644855;Não;Não;Não;BOLETIM DE OCORRENCIA;Classificada;22/01/2022 07:09;Não
2022-20463431-4;(BM) 2022-003175510-001;21/01/2022 11:14;RUA CAMPOS ALTOS, Nº 289 - JARDIM ELAINE - PASSOS;-206.954.902;-466.146.347;V01011 - VITIMA COM DOR RENAL (COLICA) (C) (Prioridade: 1 - Alta);1CIA IND/2CIA/1PEL(PASSOS);UR0565;Não;Não;Não;BOLETIM DE OCORRENCIA;Classificada;22/01/2022 07:10;Não
2022-20464751-0;(BM) 2022-003211256-001;21/01/2022 13:34;RUA JOAO TEIXEIRA MENDES, Nº 860 - JARDIM CANADA - PASSOS;-20.749.713;-466.065.885;V01018 - VITIMA DE MAL NAO DEFINIDO (DISTURBIO) (C) (Prioridade: 1 - Alta);1CIA IND/2CIA/1PEL(PASSOS);UR0565;Não;Não;Não;BOLETIM DE OCORRENCIA;Classificada;22/01/2022 07:10;Não
2022-20465318-2;(BM) 2022-003202571-001;21/01/2022 14:17;RUA NORUEGA, Nº 130 - NOVO MUNDO 2 - PASSOS;-207.276.281;-465.892.419;P01001 - VISTORIA DE FISCALIZACAO (C) (Prioridade: 2 - Média);1CIA IND/2CIA/PEL PREV E VIST(PASSOS);APF01362;Não;Não;Não;BOLETIM DE OCORRENCIA;Classificada;22/01/2022 07:10;Não
2022-20465772-6;(BM) 2022-003202305-001;21/01/2022 14:44;RUA LEONARDO HENRY AGUIAR SILVA, Nº S/N - RESIDENCIAL VILLAGIO DI ITALIA - PASSOS;-207.332.558;-465.927.498;P01001 - VISTORIA DE FISCALIZACAO (C) (Prioridade: 2 - Média);1CIA IND/2CIA/PEL PREV E VIST(PASSOS);APF01362;Não;Não;Não;BOLETIM DE OCORRENCIA;Classificada;22/01/2022 07:09;Não
2022-20467208-5;(BM) 2022-003308876-002;21/01/2022 16:07;RUA CANJERANUS, Nº S/N - CANJERANUS - PASSOS;-207.089.894;-466.069.659;S05999 - OUTROS TIPOS DE SALVAMENTOS TERRESTRES NO TRANSITO   (C) (Prioridade: 1 - Alta);1CIA IND/2CIA/1PEL(PASSOS);ASL00064 / UR0565;Não;Não;Não;BOLETIM DE OCORRENCIA;Classificada;22/01/2022 07:10;Não
2022-20468797-3;(BM) 2022-003246634-001;21/01/2022 17:40;RUA ARAGUAINA, Nº 210 - JARDIM PLANALTO - PASSOS;-207.187.971;-466.222.952;S06008 - CORTE DE ARVORE CAIDA EM VIA PUBLICA (C) (Prioridade: 2 - Média);1CIA IND/2CIA/1PEL(PASSOS);ASL00064;Não;Não;Não;BOLETIM DE OCORRENCIA;Classificada;22/01/2022 07:49;Não
2022-20469579-8;(BM) 2022-003246860-001;21/01/2022 18:31;RUA CANDELARIA, Nº 70 - JARDIM SATELITE - PASSOS;-207.143.291;-466.173.423;S06008 - CORTE DE ARVORE CAIDA EM VIA PUBLICA (C) (Prioridade: 2 - Média);1CIA IND/2CIA/1PEL(PASSOS);ASL00064;Não;Não;Não;BOLETIM DE OCORRENCIA;Classificada;22/01/2022 07:48;Não
2022-20470698-4;(BM) 2022-003260506-001;21/01/2022 19:48;RUA JOSE DONABELLA, Nº 101 - NOVA PASSOS - PASSOS;-207.064.013;-466.331.099;W08000 - CANCELADA POR INDISPONIBILIDADE DE VIATURA (C) (Prioridade: 3 - Baixa);1CIA IND/2CIA/1PEL(PASSOS);UR0565;Não;Não;Não;BOLETIM DE OCORRENCIA;Classificada;22/01/2022 07:10;Não
2022-20471063-8;(BM) 2022-003262336-001;21/01/2022 20:13;RUA CANJERANUS, Nº 4313 - POLIVALENTE - PASSOS;-207.003.702;-465.983.606;S06008 - CORTE DE ARVORE CAIDA EM VIA PUBLICA (C) (Prioridade: 2 - Média);1CIA IND/2CIA/1PEL(PASSOS);ASL00064;Não;Não;Não;BOLETIM DE OCORRENCIA;Classificada;22/01/2022 07:47;Não
2022-20478770-3;(BM) 2022-003324355-001;22/01/2022 09:58;RUA ESPIRITO SANTO, Nº 583 - BELA VISTA - PASSOS;-207.152.553;-465.965.319;V01003 - VITIMA COM CRISE CONVULSIVA (C) (Prioridade: 1 - Alta);1CIA IND/2CIA/1PEL(PASSOS);UR0565;Não;Não;Não;BOLETIM DE OCORRENCIA;Classificada;22/01/2022 19:09;Não
2022-20478777-2;(BM) 2022-003324383-001;22/01/2022 10:01;RUA RIO BRANCO, Nº 633 - POLIVALENTE - PASSOS;-207.024.944;-466.052.943;S06007 - CORTE / PODA DE ARVORE COM RISCO IMINENTE DE QUEDA (C) (Prioridade: 2 - Média);1CIA IND/2CIA/1PEL(PASSOS);ASL00064;Não;Não;Não;BOLETIM DE OCORRENCIA;Classificada;22/01/2022 19:09;Não
2022-20480703-9;(BM) 2022-003341681-001;22/01/2022 13:49;AVENIDA EXPEDICIONARIOS, Nº 137 - CENTRO - PASSOS;-207.214.331;-466.066.345;S06010 - CORTE/PODA DE ARVORE CAIDA SOBRE RESIDENCIA (C) (Prioridade: 1 - Alta);1CIA IND/2CIA/1PEL(PASSOS);ASL00064;Não;Não;Não;BOLETIM DE OCORRENCIA;Classificada;22/01/2022 19:09;Não
2022-20481634-3;(BM) 2022-003354769-001;22/01/2022 15:01;RUA DOUTOR CARVALHO, Nº 1455 - NOSSA SENHORA DAS GRAÇAS - PASSOS;-207.352.269;-466.037.303;V01003 - VITIMA COM CRISE CONVULSIVA (C) (Prioridade: 1 - Alta);1CIA IND/2CIA/1PEL(PASSOS);UR0565;Não;Não;Não;BOLETIM DE OCORRENCIA;Classificada;22/01/2022 19:10;Não
2022-20481881-2;(BM) 2022-003356859-001;22/01/2022 15:17;RUA RIO TIETE, Nº 69 - CANJERANUS - PASSOS;-207.106.104;-466.040.609;V01009 - VITIMA COM DOR NA COLUNA VERTEBRAL (COSTAS) (C) (Prioridade: 1 - Alta);1CIA IND/2CIA/1PEL(PASSOS);UR0565;Não;Não;Não;BOLETIM DE OCORRENCIA;Classificada;22/01/2022 19:10;Não
2022-20482522-5;(BM) 2022-003373254-001;22/01/2022 16:01;RODOVIA MG 050, Nº S/N - PASSOS;-207.371.492;-466.395.925;W03000 - SOLICITANTE ENCONTRADO - PROVIDENCIA DISPENSADA (C) (Prioridade: 3 - Baixa);1CIA IND/2CIA/1PEL(PASSOS);UR0565;Não;Não;Não;BOLETIM DE OCORRENCIA;Classificada;22/01/2022 17:44;Não
2022-20484161-0;(BM) 2022-003375539-001;22/01/2022 17:54;RUA UNAI, Nº 306 - CALIFORNIA - PASSOS;-207.028.395;-466.179.352;S06007 - CORTE / PODA DE ARVORE COM RISCO IMINENTE DE QUEDA (C) (Prioridade: 2 - Média);1CIA IND/2CIA/1PEL(PASSOS);ASL00064;Não;Não;Não;BOLETIM DE OCORRENCIA;Classificada;22/01/2022 19:07;Não
2022-20484168-9;(BM) 2022-003375723-001;22/01/2022 17:56;RUA DOUTOR CARVALHO, Nº 1455 - NOSSA SENHORA DAS GRAÇAS - PASSOS;-207.352.269;-466.037.303;Q03005 - TREINAMENTO DE SALVAMENTO TERRESTRE (C) (Prioridade: 2 - Média);1CIA IND/2CIA/1PEL(PASSOS);BM1636356;Não;Não;Não;BOLETIM DE OCORRENCIA;Classificada;22/01/2022 18:26;Não
2022-20484625-9;(BM) 2022-003380020-001;22/01/2022 18:25;RUA RIO PIRACICABA, Nº 130 - SANTA LUZIA - PASSOS;-207.106.688;-466.029.276;V03018 - VITIMA DE QUEDA DA PROPRIA ALTURA (C) (Prioridade: 1 - Alta);1CIA IND/2CIA/1PEL(PASSOS);UR0565;Não;Não;Não;BOLETIM DE OCORRENCIA;Classificada;22/01/2022 20:02;Não
2022-20487078-4;(BM) 2022-003402981-001;22/01/2022 21:01;RUA BARTOLOMEU DE GUSMAO, Nº 185 - BELO HORIZONTE - PASSOS;-207.269.228;-466.073.949;V03018 - VITIMA DE QUEDA DA PROPRIA ALTURA (C) (Prioridade: 1 - Alta);1CIA IND/2CIA/1PEL(PASSOS);UR0565;Não;Não;Não;BOLETIM DE OCORRENCIA;Classificada;24/01/2022 07:27;Não
2022-20494862-0;(BM) 2022-003455982-001;23/01/2022 09:51;RODOVIA MG050, Nº 8 - PASSOS;-207.331.352;-465.723.036;V01001 - VITIMA DE ACIDENTE VASCULAR CEREBRAL (AVC) (C) (Prioridade: 1 - Alta);1CIA IND/2CIA/1PEL(PASSOS);UR0565;Não;Não;Não;BOLETIM DE OCORRENCIA;Classificada;24/01/2022 07:36;Não
2022-20495196-6;(BM) 2022-003459112-001;23/01/2022 10:40;RUA DOUTOR CARVALHO, Nº 1455 - NOSSA SENHORA DAS GRAÇAS - PASSOS;-207.352.269;-466.037.303;Q03005 - TREINAMENTO DE SALVAMENTO TERRESTRE (C) (Prioridade: 2 - Média);1CIA IND/2CIA/1PEL(PASSOS);BM1730183;Não;Não;Não;BOLETIM DE OCORRENCIA;Classificada;24/01/2022 07:36;Não
2022-20496100-2;(BM) 2022-003469500-001;23/01/2022 12:43;RUA ANDORINHA, Nº 249 - NOSSA SENHORA DAS GRAÇAS - PASSOS;-207.399.964;-466.058.249;V01003 - VITIMA COM CRISE CONVULSIVA (C) (Prioridade: 1 - Alta);1CIA IND/2CIA/1PEL(PASSOS);UR0565;Não;Não;Não;BOLETIM DE OCORRENCIA;Classificada;24/01/2022 07:36;Não
2022-20498097-0;(BM) 2022-003485740-001;23/01/2022 15:54;RUA RIO GRANDE DO NORTE, Nº 364 - BELA VISTA - PASSOS;-207.184.641;-465.970.797;V03018 - VITIMA DE QUEDA DA PROPRIA ALTURA (C) (Prioridade: 1 - Alta);1CIA IND/2CIA/1PEL(PASSOS);UR0565;Não;Não;Não;BOLETIM DE OCORRENCIA;Classificada;24/01/2022 07:36;Não
2022-20500115-7;(BM) 2022-003505806-001;23/01/2022 18:16;RUA MONTES CLAROS, Nº 644 - COHAB 3 - PASSOS;-207.058.588;-466.287.941;V01013 - VITIMA DE EMERGENCIAS PSIQUIATRICAS (C) (Prioridade: 1 - Alta);1CIA IND/2CIA/1PEL(PASSOS);UR0565;Não;Não;Não;BOLETIM DE OCORRENCIA;Classificada;24/01/2022 07:36;Não
2022-20500348-5;(BM) 2022-003508840-001;23/01/2022 18:31;AVENIDA ARLINDO FIGUEIREDO, Nº S/N - JARDIM PINHEIROS 2 - PASSOS;-207.262.479;-466.225.308;W03000 - SOLICITANTE ENCONTRADO - PROVIDENCIA DISPENSADA (C) (Prioridade: 3 - Baixa);1CIA IND/2CIA/1PEL(PASSOS);ABTS0495;Não;Não;Não;BOLETIM DE OCORRENCIA;Classificada;24/01/2022 07:36;Não
2022-20500994-0;(BM) 2022-003516900-001;23/01/2022 19:34;AVENIDA NACOES, Nº S/N - VILA RICA - PASSOS;-207.276.808;-46.600.861;S06005 - CAPTURA DE INSETOS (C) (Prioridade: 2 - Média);1CIA IND/2CIA/1PEL(PASSOS);ASL00064;Não;Não;Não;BOLETIM DE OCORRENCIA;Classificada;24/01/2022 07:36;Não
2022-20507380-6;(BM) 2022-003569850-001;24/01/2022 08:36;RUA DOUTOR CARVALHO, Nº 1455 - NOSSA SENHORA DAS GRAÇAS - PASSOS;-207.352.269;-466.037.303;W06000 - TESTE (C) (Prioridade: 3 - Baixa);1CIA IND/2CIA/1PEL(PASSOS);UR0565;Não;Não;Não;BOLETIM DE OCORRENCIA;Classificada;25/01/2022 15:41;Não
2022-20508978-7;(BM) 2022-003598718-001;24/01/2022 10:59;RUA JOAO TEIXEIRA MENDES, Nº 866 - JARDIM CANADA - PASSOS;-207.497.527;-466.066.049;V01006 - VITIMA COM DIFICULDADE DE LOCOMOCAO (C) (Prioridade: 1 - Alta);1CIA IND/2CIA/1PEL(PASSOS);UR0565;Não;Não;Não;BOLETIM DE OCORRENCIA;Classificada;25/01/2022 15:41;Não
2022-20510096-0;(BM) 2022-003606588-001;24/01/2022 12:58;RUA FIRMIANA CANDIDA DOS SANTOS, Nº 8 - PENHA - PASSOS;-207.193.778;-466.292.945;W03000 - SOLICITANTE ENCONTRADO - PROVIDENCIA DISPENSADA (C) (Prioridade: 3 - Baixa);1CIA IND/2CIA/1PEL(PASSOS);ASL00064;Não;Não;Não;BOLETIM DE OCORRENCIA;Classificada;25/01/2022 15:42;Não
2022-20510555-6;(BM) 2022-003611734-001;24/01/2022 13:38;RUA MONSENHOR JOSE MARIA MATHIAS DA SILVA, Nº 77 - JARDIM CIDADE - PASSOS;-207.320.498;-466.285.322;S06001 - SALVAMENTO DE ANIMAL EM RISCO / PERIGO (C) (Prioridade: 2 - Média);1CIA IND/2CIA/1PEL(PASSOS);ASL00064;Não;Não;Não;BOLETIM DE OCORRENCIA;Classificada;25/01/2022 15:42;Não
2022-20510623-4;(BM) 2022-003611929-001;24/01/2022 13:44;RUA JOAO TEIXEIRA MENDES, Nº S/N - FLAMBOYANT - PASSOS;-207.548.252;-466.033.392;P01001 - VISTORIA DE FISCALIZACAO (C) (Prioridade: 2 - Média);1CIA IND/2CIA/PEL PREV E VIST(PASSOS);APF01362;Não;Não;Não;BOLETIM DE OCORRENCIA;Classificada;25/01/2022 15:42;Não
2022-20512920-0;(BM) 2022-003642328-001;24/01/2022 15:57;RUA JOSE VALADAO, Nº 77 - COHAB 3 - PASSOS;-207.044.014;-466.259.655;V01018 - VITIMA DE MAL NAO DEFINIDO (DISTURBIO) (C) (Prioridade: 1 - Alta);1CIA IND/2CIA/1PEL(PASSOS);UR0565;Não;Não;Não;BOLETIM DE OCORRENCIA;Classificada;25/01/2022 15:42;Não
2022-20515782-5;(BM) 2022-003676153-001;24/01/2022 19:00;RUA RIO DE JANEIRO, Nº S/N - BELA VISTA - PASSOS;-207.163.525;-465.965.677;S06001 - SALVAMENTO DE ANIMAL EM RISCO / PERIGO (C) (Prioridade: 2 - Média);1CIA IND/2CIA/1PEL(PASSOS);ASL00064;Não;Não;Não;BOLETIM DE OCORRENCIA;Classificada;25/01/2022 15:42;Não
2022-20518485-6;(BM) 2022-003727000-001;24/01/2022 22:19;RUA CAIAPOS, Nº 253 - SAO BENEDITO - PASSOS;-207.189.804;-466.026.501;V01018 - VITIMA DE MAL NAO DEFINIDO (DISTURBIO) (C) (Prioridade: 1 - Alta);1CIA IND/2CIA/1PEL(PASSOS);UR0565;Não;Não;Não;BOLETIM DE OCORRENCIA;Classificada;25/01/2022 15:42;Não
2022-20522436-4;(BM) 2022-003748178-001;25/01/2022 09:27;RUA RIO DOCE, Nº S/N - CANJERANUS - PASSOS;-207.105.024;-466.048.634;P02002 - VISTORIA EM RISCO DE QUEDA DE ARVORE (C) (Prioridade: 2 - Média);1CIA IND/2CIA/1PEL(PASSOS);ASL00064;Não;Não;Não;BOLETIM DE OCORRENCIA;Classificada;26/01/2022 05:42;Não
2022-20522465-2;(BM) 2022-003748440-001;25/01/2022 09:29;RUA LIMAO, Nº 435 - SANTA RITA - PASSOS;-207.327.405;-466.118.713;V01018 - VITIMA DE MAL NAO DEFINIDO (DISTURBIO) (C) (Prioridade: 1 - Alta);1CIA IND/2CIA/1PEL(PASSOS);UR0565;Não;Não;Não;BOLETIM DE OCORRENCIA;Classificada;26/01/2022 05:42;Não
2022-20522626-0;(BM) 2022-003750803-001;25/01/2022 09:45;RUA CANDELARIA, Nº 70 - JARDIM SATELITE - PASSOS;-207.143.291;-466.173.423;P02002 - VISTORIA EM RISCO DE QUEDA DE ARVORE (C) (Prioridade: 2 - Média);1CIA IND/2CIA/1PEL(PASSOS);ASL00064;Não;Não;Não;BOLETIM DE OCORRENCIA;Classificada;26/01/2022 05:42;Não
2022-20524469-4;(BM) 2022-003782460-001;25/01/2022 12:47;RODOVIA MG 050, Nº S/N - SANTA TEREZINHA - ITAU DE MINAS;-207.498.551;-467.534.723;V01018 - VITIMA DE MAL NAO DEFINIDO (DISTURBIO) (C) (Prioridade: 1 - Alta);1CIA IND/2CIA/1PEL(PASSOS);UR0565;Não;Não;Não;BOLETIM DE OCORRENCIA;Classificada;26/01/2022 05:42;Não
2022-20525721-7;(BM) 2022-003790796-001;25/01/2022 14:26;RUA CANDELARIA, Nº S/N - JARDIM SATELITE - PASSOS;-207.147.284;-46.618.104;S06007 - CORTE / PODA DE ARVORE COM RISCO IMINENTE DE QUEDA (C) (Prioridade: 2 - Média);1CIA IND/2CIA/1PEL(PASSOS);ASL00064;Não;Não;Não;BOLETIM DE OCORRENCIA;Classificada;26/01/2022 05:42;Não
2022-20532071-3;(BM) 2022-003864192-001;25/01/2022 21:17;RUA DOUTOR CARVALHO, Nº 1455 - NOSSA SENHORA DAS GRAÇAS - PASSOS;-207.352.269;-466.037.303;Q03017 - TREINAMENTO DE PRIMEIROS SOCORROS (C) (Prioridade: 2 - Média);1CIA IND/2CIA/1PEL(PASSOS);UR0565;Não;Não;Não;BOLETIM DE OCORRENCIA;Classificada;26/01/2022 05:42;Não
2022-20532195-6;(BM) 2022-003866477-001;25/01/2022 21:28;RUA GOIAS, Nº 11 - POLIVALENTE - PASSOS;-207.050.563;-466.071.122;V03026 - VITIMA COM ENTORSE/ESTIRAMENTO/LUXACAO (C) (Prioridade: 1 - Alta);1CIA IND/2CIA/1PEL(PASSOS);UR0565;Não;Não;Não;BOLETIM DE OCORRENCIA;Classificada;26/01/2022 05:42;Não
2022-20536271-4;(BM) 2022-003908075-001;26/01/2022 08:25;RUA DOUTOR CARVALHO, Nº 1455 - NOSSA SENHORA DAS GRAÇAS - PASSOS;-207.352.269;-466.037.303;Q03005 - TREINAMENTO DE SALVAMENTO TERRESTRE (C) (Prioridade: 2 - Média);1CIA IND/2CIA/1PEL(PASSOS);ASL00064;Não;Não;Não;BOLETIM DE OCORRENCIA;Classificada;27/01/2022 07:34;Não
2022-20537037-2;(BM) 2022-003918447-001;26/01/2022 09:36;RUA DUQUE CAXIAS, Nº 46 - CANDEIAS - PASSOS;-207.242.474;-466.147.628;V01999 - OUTROS TIPOS DE APH CLINICO (C) (Prioridade: 1 - Alta);1CIA IND/2CIA/1PEL(PASSOS);UR0565;Não;Não;Não;BOLETIM DE OCORRENCIA;Classificada;27/01/2022 07:33;Não
2022-20537129-9;(BM) 2022-003918538-001;26/01/2022 09:46;RUA ELZO CALIXTO MATTAR, Nº 1015 - SAO JOAO - PASSOS;-207.350.716;-466.083.809;W03000 - SOLICITANTE ENCONTRADO - PROVIDENCIA DISPENSADA (C) (Prioridade: 3 - Baixa);1CIA IND/2CIA/1PEL(PASSOS);ASL00064;Não;Não;Não;BOLETIM DE OCORRENCIA;Classificada;27/01/2022 07:32;Não
2022-20537202-7;(BM) 2022-003918870-001;26/01/2022 09:50;RUA BASTILHA, Nº 102 - VILA RICA - PASSOS;-207.274.374;-466.005.558;P01001 - VISTORIA DE FISCALIZACAO (C) (Prioridade: 2 - Média);1CIA IND/2CIA/PEL PREV E VIST(PASSOS);APF01362;Não;Não;Não;BOLETIM DE OCORRENCIA;Classificada;27/01/2022 07:34;Não
2022-20537418-6;(BM) 2022-003921529-001;26/01/2022 10:06;RUA MANTIQUEIRA, Nº 842 - SERRA DAS BRISAS - PASSOS;-207.314.034;-465.971.384;P01001 - VISTORIA DE FISCALIZACAO (C) (Prioridade: 2 - Média);1CIA IND/2CIA/PEL PREV E VIST(PASSOS);APF01362;Não;Não;Não;BOLETIM DE OCORRENCIA;Classificada;27/01/2022 07:33;Não
2022-20537518-0;(BM) 2022-003923662-001;26/01/2022 10:16;TRAVESSA ARY BRASILEIRO DE CASTRO, Nº 272 - CENTRO - SAO JOSE DA BARRA;-207.163.701;-463.132.678;X03000 - EMPENHO ADMINISTRATIVO (C) (Prioridade: 2 - Média);1CIA IND/2CIA/PEL PREV E VIST(PASSOS);APF01362;Não;Não;Não;BOLETIM DE OCORRENCIA;Classificada;27/01/2022 07:33;Não
2022-20537936-0;(BM) 2022-003928715-001;26/01/2022 10:53;RUA RIO PIRACICABA, Nº 208 - SANTA LUZIA - PASSOS;-20.710.212;-466.024.429;V03018 - VITIMA DE QUEDA DA PROPRIA ALTURA (C) (Prioridade: 1 - Alta);1CIA IND/2CIA/1PEL(PASSOS);UR0565;Não;Não;Não;BOLETIM DE OCORRENCIA;Classificada;27/01/2022 07:33;Não
2022-20538962-6;(BM) 2022-003971990-001;26/01/2022 12:44;RUA DOUTOR CARVALHO, Nº 1455 - NOSSA SENHORA DAS GRAÇAS - PASSOS;-207.352.269;-466.037.303;X03000 - EMPENHO ADMINISTRATIVO (C) (Prioridade: 2 - Média);1CIA IND/2CIA/1PEL(PASSOS);ASL00064;Não;Não;Não;BOLETIM DE OCORRENCIA;Classificada;27/01/2022 07:33;Não
2022-20539578-3;(BM) 2022-003948995-001;26/01/2022 13:44;RUA MACHADO DE ASSIS, Nº 301 - CANDEIAS - PASSOS;-207.243.125;-466.179.539;V02103 - VITIMA DE ATROPELAMENTO POR AUTOMOVEL (CARRO / CAMINHONETE) (C) (Prioridade: 1 - Alta);1CIA IND/2CIA/1PEL(PASSOS);UR0565;Não;Não;Não;BOLETIM DE OCORRENCIA;Classificada;27/01/2022 07:33;Não
2022-20542660-0;(BM) 2022-004000235-001;26/01/2022 16:56;RUA NORIVAL SEVERIANO DA SILVA, Nº 215 - NOVA CALIFORNIA - PASSOS;-20.700.038;-466.206.415;V01018 - VITIMA DE MAL NAO DEFINIDO (DISTURBIO) (C) (Prioridade: 1 - Alta);1CIA IND/2CIA/1PEL(PASSOS);UR0565;Não;Não;Não;BOLETIM DE OCORRENCIA;Classificada;27/01/2022 07:33;Não
2022-20543558-0;(BM) 2022-004000276-001;26/01/2022 17:57;RUA AIMORES, Nº 1759 - VILA ROMANA - PASSOS;-207.421.526;-466.096.378;V01023 - VITIMA DE SINCOPE (DESMAIO)/VERTIGEM (C) (Prioridade: 1 - Alta);1CIA IND/2CIA/1PEL(PASSOS);UR0565;Não;Não;Não;BOLETIM DE OCORRENCIA;Classificada;27/01/2022 07:33;Não
2022-20550421-5;(BM) 2022-004069828-001;27/01/2022 08:09;AVENIDA COMENDADOR FRANCISCO A MAIA, Nº S/N - SANTA CASA - PASSOS;-207.146.788;-466.127.072;S06002 - CAPTURA DE ANIMAL SILVESTRE PERIGOSO / AGRESSIVO (C) (Prioridade: 2 - Média);1CIA IND/2CIA/1PEL(PASSOS);ASL00064;Não;Não;Não;BOLETIM DE OCORRENCIA;Classificada;28/01/2022 05:38;Não
2022-20550549-9;(BM) 2022-004085636-001;27/01/2022 08:22;RUA ELZO CALIXTO MATTAR, Nº 1191 - SAO JOAO - PASSOS;-207.363.318;-466.069.238;V01006 - VITIMA COM DIFICULDADE DE LOCOMOCAO (C) (Prioridade: 1 - Alta);1CIA IND/2CIA/1PEL(PASSOS);UR0565;Não;Não;Não;BOLETIM DE OCORRENCIA;Classificada;28/01/2022 05:39;Não
2022-20550913-0;(BM) 2022-004085573-001;27/01/2022 08:55;RUA GUARANIS, Nº 322 - PASSOS;-207.438.572;-466.061.622;V03018 - VITIMA DE QUEDA DA PROPRIA ALTURA (C) (Prioridade: 1 - Alta);1CIA IND/2CIA/1PEL(PASSOS);UR0565;Não;Não;Não;BOLETIM DE OCORRENCIA;Classificada;28/01/2022 05:39;Não
2022-20551316-6;(BM) 2022-004085517-001;27/01/2022 09:31;RUA JOAO TEIXEIRA MENDES, Nº 940 - JARDIM CANADA - PASSOS;-207.502.323;-466.065.633;V01010 - VITIMA COM DOR TORACICA/SUSPEITA DE INFARTO (IAM) (C) (Prioridade: 1 - Alta);1CIA IND/2CIA/1PEL(PASSOS);UR0565;Não;Não;Não;BOLETIM DE OCORRENCIA;Classificada;28/01/2022 05:39;Não
2022-20553022-6;(BM) 2022-004101355-001;27/01/2022 12:02;RUA ORLANDO ADAO CARNEIRO, Nº 298 - RECANTO DA TEKA - PASSOS;-207.437.794;-465.985.966;W10000 - DISPENSADA POR DUPLICIDADE DE EMPENHO COM OUTROS ORGAOS (C) (Prioridade: 1 - Alta);1CIA IND/2CIA/1PEL(PASSOS);UR0565;Não;Não;Não;BOLETIM DE OCORRENCIA;Classificada;28/01/2022 05:39;Não
2022-20553344-2;(BM) 2022-004104844-001;27/01/2022 12:42;RUA BOLIVIA, Nº 540 - POLIVALENTE - PASSOS;-20.704.105;-466.028.953;V01018 - VITIMA DE MAL NAO DEFINIDO (DISTURBIO) (C) (Prioridade: 1 - Alta);1CIA IND/2CIA/1PEL(PASSOS);UR0565;Não;Não;Não;BOLETIM DE OCORRENCIA;Classificada;28/01/2022 05:40;Não
2022-20553768-9;(BM) 2022-004109743-001;27/01/2022 13:24;RUA CRISTIANO STOCKLER, Nº 111 - CENTRO - PASSOS;-207.195.132;-466.076.879;V03018 - VITIMA DE QUEDA DA PROPRIA ALTURA (C) (Prioridade: 1 - Alta);1CIA IND/2CIA/1PEL(PASSOS);UR0565;Não;Não;Não;BOLETIM DE OCORRENCIA;Classificada;28/01/2022 05:40;Não
2022-20553837-0;(BM) 2022-004110710-001;27/01/2022 13:32;RUA CAETES, Nº S/N - NOSSA SENHORA APARECIDA - PASSOS;-20.743.907;-466.081.916;P01001 - VISTORIA DE FISCALIZACAO (C) (Prioridade: 2 - Média);1CIA IND/2CIA/PEL PREV E VIST(PASSOS);APF01362;Não;Não;Não;BOLETIM DE OCORRENCIA;Classificada;28/01/2022 05:39;Não
2022-20554106-0;(BM) 2022-004113479-001;27/01/2022 13:51;RUA PAULO BRUNO DA SILVEIRA SOBRINHO, Nº S/N - FLAMBOYANT - PASSOS;-20.755.718;-466.051.418;P01001 - VISTORIA DE FISCALIZACAO (C) (Prioridade: 2 - Média);1CIA IND/2CIA/PEL PREV E VIST(PASSOS);APF01362;Não;Não;Não;BOLETIM DE OCORRENCIA;Classificada;28/01/2022 05:39;Não
2022-20554356-7;(BM) 2022-004116823-001;27/01/2022 14:11;RUA FAZENDEIROS, Nº S/N - MONSENHOR MESSIAS - PASSOS;-207.372.124;-466.011.293;P01001 - VISTORIA DE FISCALIZACAO (C) (Prioridade: 2 - Média);1CIA IND/2CIA/PEL PREV E VIST(PASSOS);APF01362;Não;Não;Não;BOLETIM DE OCORRENCIA;Classificada;28/01/2022 05:39;Não
2022-20554399-0;(BM) 2022-004117620-001;27/01/2022 14:16;RUA JANGADA, Nº 28 - NOVO HORIZONTE - PASSOS;-207.330.577;-465.996.128;V01018 - VITIMA DE MAL NAO DEFINIDO (DISTURBIO) (C) (Prioridade: 1 - Alta);1CIA IND/2CIA/1PEL(PASSOS);UR0565;Não;Não;Não;BOLETIM DE OCORRENCIA;Classificada;28/01/2022 05:40;Não
2022-20554647-0;(BM) 2022-004120862-001;27/01/2022 14:32;AVENIDA JUCA STOCKLER, Nº S/N - NOVO HORIZONTE - PASSOS;-207.366.397;-466.024.583;P01002 - VISTORIA DE LIBERACAO / EMISSAO DE AVCB (C) (Prioridade: 2 - Média);1CIA IND/2CIA/PEL PREV E VIST(PASSOS);APF01362;Não;Não;Não;BOLETIM DE OCORRENCIA;Classificada;28/01/2022 05:39;Não
2022-20555554-6;(BM) 2022-004131966-001;27/01/2022 15:18;RUA RIO PIRACICABA, Nº 130 - SANTA LUZIA - PASSOS;-207.106.688;-466.029.276;V01007 - VITIMA COM DISPNEIA (FALTA DE AR) (C) (Prioridade: 1 - Alta);1CIA IND/2CIA/1PEL(PASSOS);UR0565;Não;Não;Não;BOLETIM DE OCORRENCIA;Classificada;28/01/2022 05:40;COVID-19
2022-20556786-7;(BM) 2022-004148004-001;27/01/2022 16:32;RODOVIA MG 050, Nº S/N - PASSOS;-207.371.492;-466.395.925;X03000 - EMPENHO ADMINISTRATIVO (C) (Prioridade: 2 - Média);1CIA IND/2CIA/1PEL(PASSOS);ASL00064;Não;Não;Não;BOLETIM DE OCORRENCIA;Classificada;28/01/2022 05:39;Não
2022-20557040-0;(BM) 2022-004150633-001;27/01/2022 16:43;RUA LIMAO, Nº 454 - SANTA RITA - PASSOS;-207.327.209;-466.120.537;V03018 - VITIMA DE QUEDA DA PROPRIA ALTURA (C) (Prioridade: 1 - Alta);1CIA IND/2CIA/1PEL(PASSOS);UR0565;Não;Não;Não;BOLETIM DE OCORRENCIA;Classificada;28/01/2022 05:40;Não
2022-20558022-3;(BM) 2022-004162666-001;27/01/2022 17:40;AVENIDA DOUTOR BRENO SOARES MAIA, Nº S/N - RECANTO DA TEKA - PASSOS;-207.412.329;-466.000.403;S06003 - CAPTURA DE CAO PERIGOSO / AGRESSIVO (C) (Prioridade: 2 - Média);1CIA IND/2CIA/1PEL(PASSOS);ASL00064;Não;Não;Não;BOLETIM DE OCORRENCIA;Classificada;28/01/2022 05:39;Não
2022-20558947-5;(BM) 2022-004172570-001;27/01/2022 18:46;RUA GONCALVES DIAS, Nº 41 - CENTRO - PASSOS;-207.159.907;-466.080.481;V01006 - VITIMA COM DIFICULDADE DE LOCOMOCAO (C) (Prioridade: 1 - Alta);1CIA IND/2CIA/1PEL(PASSOS);UR0565;Não;Não;Não;BOLETIM DE OCORRENCIA;Classificada;28/01/2022 05:40;Não
2022-20560514-0;(BM) 2022-004188742-001;27/01/2022 20:34;RUA PARA, Nº 190 - POLIVALENTE - PASSOS;-207.071.631;-466.075.064;V01001 - VITIMA DE ACIDENTE VASCULAR CEREBRAL (AVC) (C) (Prioridade: 1 - Alta);1CIA IND/2CIA/1PEL(PASSOS);UR0565;Não;Não;Não;BOLETIM DE OCORRENCIA;Classificada;28/01/2022 05:40;Não
2022-20563466-6;(BM) 2022-004217865-001;28/01/2022 00:38;AVENIDA DOUTOR BRENO SOARES MAIA, Nº 236 - BELO HORIZONTE - PASSOS;-207.281.794;-46.604.591;V01026 - TRANSPORTE INTER-HOSPITALAR (C) (Prioridade: 2 - Média);1CIA IND/2CIA/1PEL(PASSOS);UR0565;Não;Não;Não;BOLETIM DE OCORRENCIA;Classificada;28/01/2022 05:39;COVID-19
2022-20565875-6;(BM) 2022-004241093-001;28/01/2022 08:42;RUA DO JATOBA, Nº 20 - CONDOMINIO VILAGIO DO CAFE - IBIRACI;-204.711.275;-47.129.158;P01002 - VISTORIA DE LIBERACAO / EMISSAO DE AVCB (C) (Prioridade: 2 - Média);1CIA IND/2CIA/PEL PREV E VIST(PASSOS);APF01362;Não;Não;Não;BOLETIM DE OCORRENCIA;Classificada;29/01/2022 07:10;Não
2022-20566458-4;(BM) 2022-004248788-001;28/01/2022 09:36;TRAVESSA ARY BRASILEIRO DE CASTRO, Nº 272 - CENTRO - SAO JOSE DA BARRA;-207.163.701;-463.132.678;X03000 - EMPENHO ADMINISTRATIVO (C) (Prioridade: 2 - Média);1CIA IND/2CIA/1PEL(PASSOS);ASL00064;Não;Não;Não;BOLETIM DE OCORRENCIA;Classificada;29/01/2022 07:10;Não
2022-20566651-4;(BM) 2022-004279999-001;28/01/2022 09:50;AVENIDA COMENDADOR FRANCISCO A MAIA, Nº 2830 - MARIO MAGALHAES - PASSOS;-207.241.443;-466.122.627;V02502 - VITIMA DE QUEDA (MOTOCICLISTA) (C) (Prioridade: 1 - Alta);1CIA IND/2CIA/1PEL(PASSOS);UR0565;Não;Não;Não;BOLETIM DE OCORRENCIA;Classificada;29/01/2022 07:10;Não
2022-20567361-0;(BM) 2022-004260739-001;28/01/2022 10:51;AVENIDA ARLINDO FIGUEIREDO, Nº 2017 - JARDIM CIDADE - PASSOS;-207.308.718;-466.284.541;V02502 - VITIMA DE QUEDA (MOTOCICLISTA) (C) (Prioridade: 1 - Alta);1CIA IND/2CIA/1PEL(PASSOS);UR0565;Não;Não;Não;BOLETIM DE OCORRENCIA;Classificada;29/01/2022 07:09;Não
2022-20568908-0;(BM) 2022-004347435-001;28/01/2022 13:31;RUA TURMALINA, Nº 1310 - ACLIMACAO - PASSOS;-207.544.928;-466.024.638;V01018 - VITIMA DE MAL NAO DEFINIDO (DISTURBIO) (C) (Prioridade: 1 - Alta);1CIA IND/2CIA/1PEL(PASSOS);UR0565;Não;Não;Não;BOLETIM DE OCORRENCIA;Classificada;29/01/2022 07:09;Não
2022-20571901-9;(BM) 2022-004317482-001;28/01/2022 16:26;RUA MANOEL CARDOSO LEMOS, Nº 21 - COHAB 3 - PASSOS;-207.046.928;-4.662.419;V01006 - VITIMA COM DIFICULDADE DE LOCOMOCAO (C) (Prioridade: 1 - Alta);1CIA IND/2CIA/1PEL(PASSOS);UR0565;Não;Não;Não;BOLETIM DE OCORRENCIA;Classificada;29/01/2022 07:09;Não
2022-20574332-1;(BM) 2022-004344024-001;28/01/2022 18:58;RUA AMETISTA, Nº S/N - ACLIMACAO - PASSOS;-207.518.491;-46.601.633;S06002 - CAPTURA DE ANIMAL SILVESTRE PERIGOSO / AGRESSIVO (C) (Prioridade: 2 - Média);1CIA IND/2CIA/1PEL(PASSOS);ASL00064;Não;Não;Não;BOLETIM DE OCORRENCIA;Classificada;29/01/2022 07:10;Não
2022-20583152-0;(BM) 2022-004455980-001;29/01/2022 10:14;RUA CORONEL JOAO DE BARROS, Nº S/N - CENTRO - PASSOS;-207.225.258;-466.102.743;V01010 - VITIMA COM DOR TORACICA/SUSPEITA DE INFARTO (IAM) (C) (Prioridade: 1 - Alta);1CIA IND/2CIA/1PEL(PASSOS);UR0565;Não;Não;Não;BOLETIM DE OCORRENCIA;Classificada;30/01/2022 07:11;Não
2022-20583672-0;(BM) 2022-004431714-001;29/01/2022 11:16;RUA DOUTOR CARVALHO, Nº 1455 - NOSSA SENHORA DAS GRAÇAS - PASSOS;-207.352.269;-466.037.303;W06000 - TESTE (C) (Prioridade: 3 - Baixa);1CIA IND/2CIA/1PEL(PASSOS);ABTS0495;Não;Não;Não;BOLETIM DE OCORRENCIA;Classificada;30/01/2022 07:10;Não
2022-20588673-0;(BM) 2022-004476669-001;29/01/2022 18:27;RUA ESPIRITO SANTO, Nº 239 - BELA VISTA - PASSOS;-207.176.023;-465.989.362;S06002 - CAPTURA DE ANIMAL SILVESTRE PERIGOSO / AGRESSIVO (C) (Prioridade: 2 - Média);1CIA IND/2CIA/1PEL(PASSOS);ASL00064;Não;Não;Não;BOLETIM DE OCORRENCIA;Classificada;30/01/2022 07:10;Não
2022-20589547-1;(BM) 2022-004498173-001;29/01/2022 19:21;RUA VIRGINIA, Nº 142 - COHAB 2 - PASSOS;-207.109.694;-46.629.374;S06005 - CAPTURA DE INSETOS (C) (Prioridade: 2 - Média);1CIA IND/2CIA/1PEL(PASSOS);ABTS0495;Não;Não;Não;BOLETIM DE OCORRENCIA;Classificada;30/01/2022 07:10;Não
2022-20592970-0;(BM) 2022-004521483-001;29/01/2022 23:04;RUA NORIVAL SEVERIANO DA SILVA, Nº 255 - NOVA CALIFORNIA - PASSOS;-206.996.625;-466.210.066;V01024 - VITIMA DE SUICIDIO (TENTATIVA) - APH CLINICO (C) (Prioridade: 1 - Alta);1CIA IND/2CIA/1PEL(PASSOS);UR0565;Não;Não;Não;BOLETIM DE OCORRENCIA;Classificada;30/01/2022 07:11;Não
2022-20594202-9;(BM) 2022-004525770-001;30/01/2022 00:29;AVENIDA JUCA STOCKLER, Nº 1255 - NOVO HORIZONTE - PASSOS;-20.734.888;-466.030.295;V03018 - VITIMA DE QUEDA DA PROPRIA ALTURA (C) (Prioridade: 1 - Alta);1CIA IND/2CIA/1PEL(PASSOS);UR0565;Não;Não;Não;BOLETIM DE OCORRENCIA;Classificada;30/01/2022 07:11;Não
2022-20594673-5;(BM) 2022-004529527-001;30/01/2022 01:03;AVENIDA JUCA STOCKLER, Nº 1255 - NOVO HORIZONTE - PASSOS;-20.734.888;-466.030.295;V03018 - VITIMA DE QUEDA DA PROPRIA ALTURA (C) (Prioridade: 1 - Alta);1CIA IND/2CIA/1PEL(PASSOS);UR0565;Não;Não;Não;BOLETIM DE OCORRENCIA;Classificada;30/01/2022 07:11;Não
2022-20597564-6;(BM) 2022-004547140-001;30/01/2022 08:36;RUA DOUTOR CARVALHO, Nº 1455 - NOSSA SENHORA DAS GRAÇAS - PASSOS;-207.352.269;-466.037.303;Q03017 - TREINAMENTO DE PRIMEIROS SOCORROS (C) (Prioridade: 2 - Média);1CIA IND/2CIA/1PEL(PASSOS);BM1178508;Não;Não;Não;BOLETIM DE OCORRENCIA;Classificada;30/01/2022 10:18;Não
2022-20598209-0;(BM) 2022-004553134-001;30/01/2022 10:17;RUA ESCORPIAO, Nº 201 - SERRA VERDE - PASSOS;-207.419.572;-465.926.429;S06002 - CAPTURA DE ANIMAL SILVESTRE PERIGOSO / AGRESSIVO (C) (Prioridade: 2 - Média);1CIA IND/2CIA/1PEL(PASSOS);ASL00064;Não;Não;Não;BOLETIM DE OCORRENCIA;Classificada;30/01/2022 22:34;Não
2022-20603765-6;(BM) 2022-004608898-001;30/01/2022 19:01;RUA PORTUGAL, Nº 61 - NOVO MUNDO - PASSOS;-20.728.026;-465.926.523;S06002 - CAPTURA DE ANIMAL SILVESTRE PERIGOSO / AGRESSIVO (C) (Prioridade: 2 - Média);1CIA IND/2CIA/1PEL(PASSOS);ASL00064;Não;Não;Não;BOLETIM DE OCORRENCIA;Classificada;30/01/2022 22:34;Não
2022-20605368-7;(BM) 2022-004619411-001;30/01/2022 20:48;RUA MONTES CLAROS, Nº 713 - COHAB 3 - PASSOS;-207.057.789;-466.294.332;A03000 - AUTO EXTERMINIO (SUICIDIO) (C) (Prioridade: 1 - Alta);1CIA IND/2CIA/1PEL(PASSOS);UR0565;Não;Não;Não;BOLETIM DE OCORRENCIA;Classificada;30/01/2022 22:34;Não
2022-20610952-3;(BM) 2022-004671383-001;31/01/2022 09:21;RUA JOAO XXIII, Nº 800 - SAO JOAO - PASSOS;-207.342.501;-466.082.893;P01001 - VISTORIA DE FISCALIZACAO (C) (Prioridade: 2 - Média);1CIA IND/2CIA/PEL PREV E VIST(PASSOS);APF01362;Não;Não;Não;BOLETIM DE OCORRENCIA;Classificada;01/02/2022 07:47;Não
2022-20611027-0;(BM) 2022-004672936-001;31/01/2022 09:30;RODOVIA MGC 146 - S  - N, Nº S/N - PASSOS;-207.005.628;-465.873.428;V02502 - VITIMA DE QUEDA (MOTOCICLISTA) (C) (Prioridade: 1 - Alta);1CIA IND/2CIA/1PEL(PASSOS);UR0565;Não;Não;Não;BOLETIM DE OCORRENCIA;Classificada;01/02/2022 07:47;Não
2022-20611273-7;(BM) 2022-004675589-001;31/01/2022 09:52;RUA MARIA AUGUSTA DE FARIA, Nº S/N - JARDIM CANADA - PASSOS;-207.473.665;-466.082.142;P01001 - VISTORIA DE FISCALIZACAO (C) (Prioridade: 2 - Média);1CIA IND/2CIA/PEL PREV E VIST(PASSOS);APF01362;Não;Não;Não;BOLETIM DE OCORRENCIA;Classificada;01/02/2022 07:47;Não
2022-20611445-0;(BM) 2022-004677703-001;31/01/2022 10:06;RUA TURQUESA, Nº 1452 - ACLIMACAO - PASSOS;-207.550.722;-46.601.074;P01001 - VISTORIA DE FISCALIZACAO (C) (Prioridade: 2 - Média);1CIA IND/2CIA/PEL PREV E VIST(PASSOS);APF01362;Não;Não;Não;BOLETIM DE OCORRENCIA;Classificada;01/02/2022 07:47;Não
2022-20612888-7;(BM) 2022-004830336-001;31/01/2022 12:15;FAZENDA ESTRADA USINA RIO GRANDE KM 15 FAZENDA SANTO ANTONIO - PROPRIETARIO SR. CARLOS ROBERTO MAIA, Nº S/N - PASSOS;-206.000.858;-466.404.424;V03001 - VITIMA DE ACIDENTE COM MAQUINARIO/FERRAMENTAS (C) (Prioridade: 1 - Alta);1CIA IND/2CIA/1PEL(PASSOS);UR0565;Não;Não;Não;BOLETIM DE OCORRENCIA;Classificada;01/02/2022 07:47;Não
2022-20613285-7;(BM) 2022-004701880-001;31/01/2022 13:07;RUA ESPANHA, Nº 10 - NOVO MUNDO 2 - PASSOS;-207.279.964;-46.592.426;P01001 - VISTORIA DE FISCALIZACAO (C) (Prioridade: 2 - Média);1CIA IND/2CIA/PEL PREV E VIST(PASSOS);APF01362;Não;Não;Não;BOLETIM DE OCORRENCIA;Classificada;01/02/2022 07:47;Não
2022-20613700-7;(BM) 2022-004706447-001;31/01/2022 13:41;RUA LIBANO, Nº 10 - NOVO MUNDO 4 - PASSOS;-207.287.757;-465.888.489;P01001 - VISTORIA DE FISCALIZACAO (C) (Prioridade: 2 - Média);1CIA IND/2CIA/PEL PREV E VIST(PASSOS);APF01362;Não;Não;Não;BOLETIM DE OCORRENCIA;Classificada;01/02/2022 07:47;Não
2022-20614533-2;(BM) 2022-004720061-001;31/01/2022 14:36;AVENIDA PROFESSORA MARIA VALERIA LEMOS BORSARI, Nº 1295 - NOVA PASSOS - PASSOS;-207.061.468;-466.338.849;V03018 - VITIMA DE QUEDA DA PROPRIA ALTURA (C) (Prioridade: 1 - Alta);1CIA IND/2CIA/1PEL(PASSOS);UR0565;Não;Não;Não;BOLETIM DE OCORRENCIA;Classificada;01/02/2022 07:47;Não
2022-20614885-0;(BM) 2022-004730511-001;31/01/2022 14:54;AVENIDA JUCA STOCKLER, Nº 2511 - SAO JOAQUIM - PASSOS;-2.074.772;-465.991.957;W04000 - NADA CONSTATADO (C) (Prioridade: 3 - Baixa);1CIA IND/2CIA/1PEL(PASSOS);ASL00064;Não;Não;Não;BOLETIM DE OCORRENCIA;Classificada;01/02/2022 07:47;Não
2022-20615271-3;(BM) 2022-004729560-001;31/01/2022 15:12;RUA ANTONIO MILTON DE FARIA, Nº 253 - JARDIM CANADA - PASSOS;-207.498.521;-466.070.247;V03018 - VITIMA DE QUEDA DA PROPRIA ALTURA (C) (Prioridade: 1 - Alta);1CIA IND/2CIA/1PEL(PASSOS);UR0565;Não;Não;Não;BOLETIM DE OCORRENCIA;Classificada;01/02/2022 07:47;Não
2022-20615865-8;(BM) 2022-004736077-001;31/01/2022 15:47;RODOVIA MG 050, Nº S/N - PASSOS;-207.371.492;-466.395.925;X03000 - EMPENHO ADMINISTRATIVO (C) (Prioridade: 2 - Média);1CIA IND/2CIA/1PEL(PASSOS);ASL00064;Não;Não;Não;BOLETIM DE OCORRENCIA;Classificada;01/02/2022 07:47;Não
2022-20616487-8;(BM) 2022-004744816-001;31/01/2022 16:17;AVENIDA SAO VICENTE DE PAULO, Nº 35 - VILA SAO JOSE - PASSOS;-20.705.221;-466.406.282;V01017 - VITIMA DE INTOXICACAO / ENVENENAMENTO (C) (Prioridade: 1 - Alta);1CIA IND/2CIA/1PEL(PASSOS);UR0565;Não;Não;Não;BOLETIM DE OCORRENCIA;Classificada;01/02/2022 07:47;Não
2022-20617331-4;(BM) 2022-004755268-001;31/01/2022 17:05;RUA SAFIRA, Nº 115 - ACLIMACAO - PASSOS;-207.510.224;-465.993.337;S06002 - CAPTURA DE ANIMAL SILVESTRE PERIGOSO / AGRESSIVO (C) (Prioridade: 2 - Média);1CIA IND/2CIA/1PEL(PASSOS);ASL00064;Não;Não;Não;BOLETIM DE OCORRENCIA;Classificada;01/02/2022 07:47;Não
2022-20618081-4;(BM) 2022-004768884-001;31/01/2022 17:49;RUA DOUTOR CARVALHO, Nº 1455 - NOSSA SENHORA DAS GRAÇAS - PASSOS;-207.352.269;-466.037.303;Q03017 - TREINAMENTO DE PRIMEIROS SOCORROS (C) (Prioridade: 2 - Média);1CIA IND/2CIA/1PEL(PASSOS);BM1206671;Não;Não;Não;BOLETIM DE OCORRENCIA;Classificada;01/02/2022 07:47;Não
2022-20619403-4;(BM) 2022-004778206-001;31/01/2022 19:17;AVENIDA NACOES, Nº S/N - VILA RICA - PASSOS;-207.276.808;-46.600.861;S06005 - CAPTURA DE INSETOS (C) (Prioridade: 2 - Média);1CIA IND/2CIA/1PEL(PASSOS);ASL00064;Não;Não;Não;BOLETIM DE OCORRENCIA;Classificada;01/02/2022 07:47;Não
2022-20619711-6;(BM) 2022-004781294-001;31/01/2022 19:37;RUA JESO RIBEIRO DE ABREU, Nº S/N - NOVA CALIFORNIA - PASSOS;-206.997.408;-466.221.251;V03005 - VITIMA DE AGRESSAO FISICA SEM USO DE ARMA (C) (Prioridade: 1 - Alta);1CIA IND/2CIA/1PEL(PASSOS);UR0565;Não;Não;Não;BOLETIM DE OCORRENCIA;Classificada;01/02/2022 07:47;Não
2022-20620834-3;(BM) 2022-004793349-001;31/01/2022 21:04;AVENIDA AROUCA, Nº S/N - CENTRO - PASSOS;-20.715.228;-466.094.169;V02408 - VITIMA DE COLISAO ENTRE AUTOMOVEL X MOTOCICLETA (C) (Prioridade: 1 - Alta);1CIA IND/2CIA/1PEL(PASSOS);UR0565;Não;Não;Não;BOLETIM DE OCORRENCIA;Classificada;01/02/2022 07:46;Não
