Nº chamada;Nº REDS;Data/hora de criação;Local do fato;Latitude  do local;Longitude do local;Natureza;Unidade Responsável;Recursos empenhados;Alerta;Destaque;Envolve autoridade;Tipo de classificação;Situação;Data/hora da situação atual;Evento associado
2022-21048113-2;(BM) 2022-009196065-001;01/03/2022 02:45;AVENIDA DOUTOR BRENO SOARES MAIA, Nº S/N - BELO HORIZONTE - PASSOS;-207.274.464;-466.041.645;S06002 - CAPTURA DE ANIMAL SILVESTRE PERIGOSO / AGRESSIVO (C) (Prioridade: 2 - Média);1CIA IND/2CIA/1PEL(PASSOS);ASL00064;Não;Não;Não;BOLETIM DE OCORRENCIA;Classificada;01/03/2022 08:12;Não
2022-21048848-9;(BM) 2022-009209824-001;01/03/2022 06:34;RUA WALDOMIRO CAETANO MACHADO, Nº 400 - NOVA CALIFORNIA - PASSOS;-206.998.807;-466.223.967;O02001 - INCENDIO EM RESIDENCIA/HABITACAO UNIFAMILIAR (CASA) (C) (Prioridade: 1 - Alta);1CIA IND/2CIA/1PEL(PASSOS);ABTS0495;Não;Não;Não;BOLETIM DE OCORRENCIA;Classificada;01/03/2022 08:12;Não
2022-21049615-6;(BM) 2022-009209577-001;01/03/2022 08:36;FAZENDA TURVO - MG 050 - NATANAEL ALVES DE BRITO JUNIOR, Nº S/N - CAPITOLIO;-206.551.957;-462.196.395;P03003 - PREVENCAO AQUATICA / OPERACAO VERANICO (C) (Prioridade: 2 - Média);1CIA IND/2CIA/PEL PREV E VIST(PASSOS);APF01362;Não;Não;Não;BOLETIM DE OCORRENCIA;Classificada;03/03/2022 07:02;Não
2022-21050071-7;(BM) 2022-009213694-001;01/03/2022 09:32;RODOVIA MG 050, Nº S/N - PASSOS;-207.371.492;-466.395.925;V03018 - VITIMA DE QUEDA DA PROPRIA ALTURA (C) (Prioridade: 1 - Alta);1CIA IND/2CIA/1PEL(PASSOS);UR0565;Não;Não;Não;BOLETIM DE OCORRENCIA;Classificada;03/03/2022 07:03;Não
2022-21050359-5;(BM) 2022-009298766-001;01/03/2022 10:12;RUA FRANCISCA CHERCHIGLIA PIASSI, Nº 16 - JARDIM CANADA - PASSOS;-207.518.754;-466.074.982;V01006 - VITIMA COM DIFICULDADE DE LOCOMOCAO (C) (Prioridade: 1 - Alta);1CIA IND/2CIA/1PEL(PASSOS);UR0565;Não;Não;Não;BOLETIM DE OCORRENCIA;Classificada;03/03/2022 07:03;Não
2022-21050571-0;;01/03/2022 10:31;RUA FRANCISCA CHERCHIGLIA PIASSI, Nº 16 - JARDIM CANADA - PASSOS;-207.518.754;-466.074.982;V01001 - VITIMA DE ACIDENTE VASCULAR CEREBRAL (AVC) (C) (Prioridade: 1 - Alta);1CIA IND/2CIA/1PEL(PASSOS);;Não;Não;Não;DUPLICADA;Classificada;01/03/2022 10:34;Não
2022-21051658-1;(BM) 2022-009229446-001;01/03/2022 12:54;RUA FRANCISCO VENANCIO, Nº 309 - COHAB 3 - PASSOS;-207.012.084;-466.266.947;V01007 - VITIMA COM DISPNEIA (FALTA DE AR) (C) (Prioridade: 1 - Alta);1CIA IND/2CIA/1PEL(PASSOS);UR0565;Não;Não;Não;BOLETIM DE OCORRENCIA;Classificada;03/03/2022 07:03;Não
2022-21053688-3;(BM) 2022-009281195-001;01/03/2022 15:47;RUA CARMO DO RIO CLARO, Nº S/N - NOSSA SENHORA DE FATIMA - PASSOS;-207.026.276;-466.139.861;P02002 - VISTORIA EM RISCO DE QUEDA DE ARVORE (C) (Prioridade: 2 - Média);1CIA IND/2CIA/1PEL(PASSOS);ABTS0495;Não;Não;Não;BOLETIM DE OCORRENCIA;Classificada;03/03/2022 07:02;Não
2022-21062509-3;(BM) 2022-009383959-001;02/03/2022 07:01;FAZENDA TURVO - MG 050 - NATANAEL ALVES DE BRITO JUNIOR, Nº S/N - CAPITOLIO;-206.551.957;-462.196.395;P03003 - PREVENCAO AQUATICA / OPERACAO VERANICO (C) (Prioridade: 2 - Média);1CIA IND/2CIA/1PEL(PASSOS);ASL00064;Não;Não;Não;BOLETIM DE OCORRENCIA;Classificada;03/03/2022 07:02;Não
2022-21062840-7;(BM) 2022-009332160-001;02/03/2022 07:51;RUA JUIZ DE FORA, Nº 828 - COHAB 3 - PASSOS;-207.068.878;-46.626.686;V02111 - VITIMA DE ATROPELAMENTO DE ONIBUS / MICRO-ONIBUS X ANIMAL (C) (Prioridade: 1 - Alta);1CIA IND/2CIA/1PEL(PASSOS);UR0565;Não;Não;Não;BOLETIM DE OCORRENCIA;Classificada;03/03/2022 07:03;Não
2022-21063557-1;(BM) 2022-009340351-001;02/03/2022 09:19;AVENIDA AROUCA, Nº S/N - CENTRO - PASSOS;-20.715.228;-466.094.169;V02409 - VITIMA DE COLISAO ENTRE AUTOMOVEL X CAMINHAO / CARRETA (C) (Prioridade: 1 - Alta);1CIA IND/2CIA/1PEL(PASSOS);UR0565;Não;Não;Não;BOLETIM DE OCORRENCIA;Classificada;03/03/2022 07:03;Não
2022-21064890-6;(BM) 2022-009357556-001;02/03/2022 11:47;RODOVIA MG 050, Nº S/N - SANTA TEREZINHA - ITAU DE MINAS;-207.498.551;-467.534.723;O02035 - INCENDIO EM AMONTOADO DE PNEUS (C) (Prioridade: 2 - Média);1CIA IND/2CIA/1PEL(PASSOS);ABTS0495;Não;Não;Não;BOLETIM DE OCORRENCIA;Classificada;03/03/2022 07:02;Não
2022-21066746-0;(BM) 2022-009373089-001;02/03/2022 14:48;PRACA TRINDADE, Nº S/N - PENHA - PASSOS;-207.157.556;-466.159.943;V01003 - VITIMA COM CRISE CONVULSIVA (C) (Prioridade: 1 - Alta);1CIA IND/2CIA/1PEL(PASSOS);UR0565;Não;Não;Não;BOLETIM DE OCORRENCIA;Classificada;03/03/2022 07:03;Não
2022-21069002-0;(BM) 2022-009397140-001;02/03/2022 17:15;RUA BOA ESPERANCA, Nº 334 - CALIFORNIA - PASSOS;-20.701.081;-466.176.843;V01008 - VITIMA COM DOR ABDOMINAL (ABDOME AGUDO) (C) (Prioridade: 1 - Alta);1CIA IND/2CIA/1PEL(PASSOS);UR0565;Não;Não;Não;BOLETIM DE OCORRENCIA;Classificada;03/03/2022 07:03;Não
2022-21069910-9;(BM) 2022-009406247-001;02/03/2022 18:19;RUA LICOMEDIO HONORIO DE FREITAS, Nº 220 - RECANTO DA TEKA - PASSOS;-20.742.998;-46.598.374;V01999 - OUTROS TIPOS DE APH CLINICO (C) (Prioridade: 1 - Alta);1CIA IND/2CIA/1PEL(PASSOS);UR0565;Não;Não;Não;BOLETIM DE OCORRENCIA;Classificada;03/03/2022 07:03;Não
2022-21070577-9;(BM) 2022-009413104-001;02/03/2022 19:15;RUA DOUTOR CARVALHO, Nº 222 - CENTRO - PASSOS;-207.237.706;-46.607.898;X03000 - EMPENHO ADMINISTRATIVO (C) (Prioridade: 2 - Média);1CIA IND/2CIA/1PEL(PASSOS);UR0565;Não;Não;Não;BOLETIM DE OCORRENCIA;Classificada;03/03/2022 07:03;Não
2022-21071992-6;(BM) 2022-009430760-001;02/03/2022 21:06;RUA TURQUESA, Nº 1266 - PASSOS;-207.386.125;-465.773.944;V01999 - OUTROS TIPOS DE APH CLINICO (C) (Prioridade: 1 - Alta);1CIA IND/2CIA/1PEL(PASSOS);UR0565;Não;Não;Não;BOLETIM DE OCORRENCIA;Classificada;03/03/2022 07:03;Não
2022-21073242-7;(BM) 2022-009441168-001;02/03/2022 22:51;RUA JERONIMO NETO, Nº 325 - BELO HORIZONTE - PASSOS;-207.253.482;-46.604.172;V01020 - VITIMA COM PARADA CARDIORRESPIRATORIA (C) (Prioridade: 1 - Alta);1CIA IND/2CIA/1PEL(PASSOS);UR0565;Não;Não;Não;BOLETIM DE OCORRENCIA;Classificada;03/03/2022 07:03;Não
2022-21075241-5;(BM) 2022-009459809-001;03/03/2022 06:11;RUA RIO TIETE, Nº 795 - RECANTO DA HARMONIA - PASSOS;-207.058.062;-465.989.883;V03018 - VITIMA DE QUEDA DA PROPRIA ALTURA (C) (Prioridade: 1 - Alta);1CIA IND/2CIA/1PEL(PASSOS);UR0565;Não;Não;Não;BOLETIM DE OCORRENCIA;Classificada;03/03/2022 07:06;Não
2022-21075609-0;(BM) 2022-009461394-001;03/03/2022 07:22;RUA DOS ADVOGADOS, Nº 198 - COHAB - IBIRACI;-204.605.838;-471.211.088;P01002 - VISTORIA DE LIBERACAO / EMISSAO DE AVCB (C) (Prioridade: 2 - Média);1CIA IND/2CIA/PEL PREV E VIST(PASSOS);APF01362;Não;Não;Não;BOLETIM DE OCORRENCIA;Classificada;03/03/2022 22:54;Não
2022-21076261-8;(BM) 2022-009467924-001;03/03/2022 08:36;RUA ODILON LEMOS DE MELO, Nº 333 - FLAMBOYANT - PASSOS;-207.565.682;-466.061.814;S06002 - CAPTURA DE ANIMAL SILVESTRE PERIGOSO / AGRESSIVO (C) (Prioridade: 2 - Média);1CIA IND/2CIA/1PEL(PASSOS);ABTS0495;Não;Não;Não;BOLETIM DE OCORRENCIA;Classificada;03/03/2022 22:55;Não
2022-21076269-0;(BM) 2022-009468277-001;03/03/2022 08:40;RODOVIA MG 050, Nº S/N - PASSOS;-207.371.492;-466.395.925;P01002 - VISTORIA DE LIBERACAO / EMISSAO DE AVCB (C) (Prioridade: 2 - Média);1CIA IND/2CIA/1PEL(PASSOS);ASL00064;Não;Não;Não;BOLETIM DE OCORRENCIA;Classificada;03/03/2022 22:55;Não
2022-21077512-1;(BM) 2022-009486190-001;03/03/2022 10:32;RUA DOUTOR CARVALHO, Nº 1455 - NOSSA SENHORA DAS GRAÇAS - PASSOS;-207.352.269;-466.037.303;V03012 - VITIMA COM OBJETO PRESO AO CORPO (C) (Prioridade: 1 - Alta);1CIA IND/2CIA/1PEL(PASSOS);UR0565;Não;Não;Não;BOLETIM DE OCORRENCIA;Classificada;03/03/2022 22:55;Não
2022-21078101-2;(BM) 2022-009492185-001;03/03/2022 11:20;MOSTEIRO MOSTEIRO, Nº S/N - CLARAVAL;-203.988.517;-472.828.562;P01002 - VISTORIA DE LIBERACAO / EMISSAO DE AVCB (C) (Prioridade: 2 - Média);1CIA IND/2CIA/PEL PREV E VIST(PASSOS);APF01362;Não;Não;Não;BOLETIM DE OCORRENCIA;Classificada;03/03/2022 22:56;Não
2022-21078409-8;(BM) 2022-009495527-001;03/03/2022 11:56;RUA DOUTOR CARVALHO, Nº 1455 - NOSSA SENHORA DAS GRAÇAS - PASSOS;-207.352.269;-466.037.303;Q03005 - TREINAMENTO DE SALVAMENTO TERRESTRE (C) (Prioridade: 2 - Média);1CIA IND/2CIA/1PEL(PASSOS);BM1317692;Não;Não;Não;BOLETIM DE OCORRENCIA;Classificada;03/03/2022 22:56;Não
2022-21079298-4;(BM) 2022-009504599-001;03/03/2022 13:34;RUA MANOEL DE OLIVEIRA MARTINS, Nº 615 - CAPETINGA;-206.250.771;-470.627.974;P01002 - VISTORIA DE LIBERACAO / EMISSAO DE AVCB (C) (Prioridade: 2 - Média);1CIA IND/2CIA/PEL PREV E VIST(PASSOS);APF01362;Não;Não;Não;BOLETIM DE OCORRENCIA;Classificada;03/03/2022 22:56;Não
2022-21080483-3;(BM) 2022-009519270-001;03/03/2022 14:53;RUA DOUTOR SATURNINO, Nº 63 - PASSOS;-207.275.207;-465.991.865;X03000 - EMPENHO ADMINISTRATIVO (C) (Prioridade: 2 - Média);1CIA IND/2CIA/1PEL(PASSOS);ASL00064;Não;Não;Não;BOLETIM DE OCORRENCIA;Classificada;03/03/2022 22:57;Não
2022-21082045-7;(BM) 2022-009540116-001;03/03/2022 16:22;RUA PECUARIA, Nº 470 - RESIDENCIAL ELDORADO - PASSOS;-207.290.697;-466.185.357;S06005 - CAPTURA DE INSETOS (C) (Prioridade: 2 - Média);1CIA IND/2CIA/1PEL(PASSOS);ASL00064;Não;Não;Não;BOLETIM DE OCORRENCIA;Classificada;03/03/2022 22:57;Não
2022-21084478-5;(BM) 2022-009568520-001;03/03/2022 19:08;RUA RIO TIETE, Nº 1029 - RECANTO DA HARMONIA - PASSOS;-207.036.911;-465.967.921;W04000 - NADA CONSTATADO (C) (Prioridade: 3 - Baixa);1CIA IND/2CIA/1PEL(PASSOS);UR0565;Não;Não;Não;BOLETIM DE OCORRENCIA;Classificada;05/03/2022 04:59;Não
2022-21084768-5;(BM) 2022-009569512-001;03/03/2022 19:30;RUA ANA CANDIDA DE JESUS, Nº 496 - JARDIM ITALIA - PASSOS;-207.510.354;-466.043.222;P02003 - VISTORIA EM LOTE VAGO (C) (Prioridade: 2 - Média);1CIA IND/2CIA/1PEL(PASSOS);ASL00064;Não;Não;Não;BOLETIM DE OCORRENCIA;Classificada;03/03/2022 22:58;Não
2022-21085051-6;(BM) 2022-009571446-001;03/03/2022 19:50;RUA SEBASTIAO BENEDITO DE ANDRADE, Nº S/N - JARDIM CANADA - PASSOS;-20.748.478;-466.084.621;P02003 - VISTORIA EM LOTE VAGO (C) (Prioridade: 2 - Média);1CIA IND/2CIA/1PEL(PASSOS);ASL00064;Não;Não;Não;BOLETIM DE OCORRENCIA;Classificada;03/03/2022 22:58;Não
2022-21090291-9;(BM) 2022-009639280-001;04/03/2022 08:45;RUA ATENAS, Nº 800 - PANORAMA - PASSOS;-20.705.491;-466.194.299;V03018 - VITIMA DE QUEDA DA PROPRIA ALTURA (C) (Prioridade: 1 - Alta);1CIA IND/2CIA/1PEL(PASSOS);UR0565;Não;Não;Não;BOLETIM DE OCORRENCIA;Classificada;05/03/2022 07:55;Não
2022-21090355-0;(BM) 2022-009641790-001;04/03/2022 08:51;RUA GUERINO ZAPAROLLI, Nº 9 - DISTRITO INDUSTRIAL 1 - PASSOS;-207.067.171;-465.924.693;S06002 - CAPTURA DE ANIMAL SILVESTRE PERIGOSO / AGRESSIVO (C) (Prioridade: 2 - Média);1CIA IND/2CIA/1PEL(PASSOS);ASL00064;Não;Não;Não;BOLETIM DE OCORRENCIA;Classificada;05/03/2022 07:56;Não
2022-21090740-0;(BM) 2022-009700210-001;04/03/2022 09:26;RUA DOUTOR CARVALHO, Nº 1455 - NOSSA SENHORA DAS GRAÇAS - PASSOS;-207.352.269;-466.037.303;Q05002 - PROJETO DE DIVULGACAO DA NATACAO (C) (Prioridade: 1 - Alta);1CIA IND/2CIA/PEL PREV E VIST(PASSOS);BM1644855;Não;Não;Não;BOLETIM DE OCORRENCIA;Classificada;05/03/2022 07:55;Não
2022-21091023-5;(BM) 2022-009639315-001;04/03/2022 09:51;RUA DOUTOR JOSE LEMOS DE BARROS, Nº 365 - MARIO MAGALHAES - PASSOS;-207.263.165;-466.121.832;V01017 - VITIMA DE INTOXICACAO / ENVENENAMENTO (C) (Prioridade: 1 - Alta);1CIA IND/2CIA/1PEL(PASSOS);UR0565;Não;Não;Não;BOLETIM DE OCORRENCIA;Classificada;05/03/2022 07:55;Não
2022-21091203-7;(BM) 2022-009635060-001;04/03/2022 10:06;RUA JOAO TEIXEIRA MENDES, Nº 265 - JARDIM ITALIA - PASSOS;-207.448.545;-466.053.637;P01001 - VISTORIA DE FISCALIZACAO (C) (Prioridade: 2 - Média);1CIA IND/2CIA/PEL PREV E VIST(PASSOS);APF01362;Não;Não;Não;BOLETIM DE OCORRENCIA;Classificada;05/03/2022 07:56;Não
2022-21091235-3;(BM) 2022-009635659-001;04/03/2022 10:09;AVENIDA COMENDADOR FRANCISCO A MAIA, Nº 1071 - CENTRO - PASSOS;-207.128.413;-466.083.851;S06001 - SALVAMENTO DE ANIMAL EM RISCO / PERIGO (C) (Prioridade: 2 - Média);1CIA IND/2CIA/1PEL(PASSOS);ASL00064;Não;Não;Não;BOLETIM DE OCORRENCIA;Classificada;05/03/2022 07:56;Não
2022-21091698-1;(BM) 2022-009641446-001;04/03/2022 10:49;RUA COMERCIANTES, Nº 105 - PASSOS;-207.276.866;-465.902.517;P01001 - VISTORIA DE FISCALIZACAO (C) (Prioridade: 2 - Média);1CIA IND/2CIA/PEL PREV E VIST(PASSOS);APF01362;Não;Não;Não;BOLETIM DE OCORRENCIA;Classificada;05/03/2022 07:55;Não
2022-21092422-6;(BM) 2022-009649380-001;04/03/2022 11:51;RUA MACHADO DE ASSIS, Nº 70 - JARDIM PINHEIROS - PASSOS;-207.225.276;-46.619.154;V01018 - VITIMA DE MAL NAO DEFINIDO (DISTURBIO) (C) (Prioridade: 1 - Alta);1CIA IND/2CIA/1PEL(PASSOS);UR0565;Não;Não;Não;BOLETIM DE OCORRENCIA;Classificada;05/03/2022 07:55;Não
2022-21092982-0;(BM) 2022-009663916-001;04/03/2022 12:52;RUA ELZO CALIXTO MATTAR, Nº 1894 - NOSSA SENHORA APARECIDA - PASSOS;;;V01010 - VITIMA COM DOR TORACICA/SUSPEITA DE INFARTO (IAM) (C) (Prioridade: 1 - Alta);1CIA IND/2CIA/1PEL(PASSOS);UR0565;Não;Não;Não;BOLETIM DE OCORRENCIA;Classificada;05/03/2022 07:55;Não
2022-21094618-9;(BM) 2022-009673153-001;04/03/2022 14:52;RUA CONTORNO, Nº 179 - SAO BENEDITO - PASSOS;-207.174.494;-466.048.155;S06005 - CAPTURA DE INSETOS (C) (Prioridade: 2 - Média);1CIA IND/2CIA/1PEL(PASSOS);ASL00064;Não;Não;Não;BOLETIM DE OCORRENCIA;Classificada;05/03/2022 07:55;Não
2022-21095264-3;(BM) 2022-009743391-001;04/03/2022 15:27;RUA BARAO DE PASSOS, Nº 70 - CENTRO - PASSOS;-20.720.685;-466.102.959;V01018 - VITIMA DE MAL NAO DEFINIDO (DISTURBIO) (C) (Prioridade: 1 - Alta);1CIA IND/2CIA/1PEL(PASSOS);UR0565;Não;Não;Não;BOLETIM DE OCORRENCIA;Classificada;05/03/2022 07:55;Não
2022-21096153-8;(BM) 2022-009692240-001;04/03/2022 16:19;AVENIDA CANADA, Nº S/N - JARDIM CANADA II - PASSOS;-207.533.453;-466.124.556;P02003 - VISTORIA EM LOTE VAGO (C) (Prioridade: 2 - Média);1CIA IND/2CIA/1PEL(PASSOS);ABTS0495;Não;Não;Não;BOLETIM DE OCORRENCIA;Classificada;05/03/2022 07:46;Não
2022-21096687-2;(BM) 2022-009697782-001;04/03/2022 16:52;RUA OTAWA, Nº 291 - JARDIM CANADA II - PASSOS;-207.503.796;-466.092.246;P02003 - VISTORIA EM LOTE VAGO (C) (Prioridade: 2 - Média);1CIA IND/2CIA/1PEL(PASSOS);ABTS0495;Não;Não;Não;BOLETIM DE OCORRENCIA;Classificada;05/03/2022 07:46;Não
2022-21097420-8;(BM) 2022-009705947-001;04/03/2022 17:38;RUA ACEROLAS, Nº 373 - NOSSA SENHORA DE LOURDES - PASSOS;-206.979.544;-466.197.896;P02009 - VISTORIA POS-SINISTRO (C) (Prioridade: 2 - Média);1CIA IND/2CIA/1PEL(PASSOS);ASL00064;Não;Não;Não;BOLETIM DE OCORRENCIA;Classificada;05/03/2022 07:55;Não
2022-21098826-8;(BM) 2022-009720237-001;04/03/2022 19:21;RUA RIO TIETE, Nº S/N - SANTA LUZIA - PASSOS;-207.080.913;-466.013.901;S06005 - CAPTURA DE INSETOS (C) (Prioridade: 2 - Média);1CIA IND/2CIA/1PEL(PASSOS);ABTS0495;Não;Não;Não;BOLETIM DE OCORRENCIA;Classificada;05/03/2022 07:46;Não
2022-21099522-9;;04/03/2022 20:09;RUA MARGARIDAS, Nº 91 - MORADA DAS FLORES - CALDAS;-218.220.064;-464.716.561;O04011 - INCENDIO EM AREA URBANA NAO PROTEGIDA (C) (Prioridade: 2 - Média);1CIA IND (POCOS DE CALDAS);;Não;Não;Não;ORIENTAÇÃO;Classificada;04/03/2022 20:23;Não
2022-21099531-0;(BM) 2022-009732088-001;04/03/2022 20:09;RUA AMBAR, Nº 1423 - ACLIMACAO - PASSOS;-207.554.873;-466.011.983;V03006 - VITIMA DE ATAQUE DE ANIMAIS PECONHENTOS (C) (Prioridade: 1 - Alta);1CIA IND/2CIA/1PEL(PASSOS);UR0565;Não;Não;Não;BOLETIM DE OCORRENCIA;Classificada;05/03/2022 07:55;Não
2022-21100249-2;(BM) 2022-009738408-001;04/03/2022 21:04;RUA SENIO BERALDO LEMOS, Nº 42 - JARDIM CANADA - PASSOS;-207.533.042;-46.605.743;V01018 - VITIMA DE MAL NAO DEFINIDO (DISTURBIO) (C) (Prioridade: 1 - Alta);1CIA IND/2CIA/1PEL(PASSOS);UR0565;Não;Não;Não;BOLETIM DE OCORRENCIA;Classificada;05/03/2022 07:55;Não
2022-21103450-7;(BM) 2022-009765495-001;05/03/2022 01:19;RODOVIA MG 446, Km 13 - ALPINOPOLIS;-208.208.003;-463.651.084;S05309 - COLISAO ENTRE AUTOMOVEL X CAMINHAO / CARRETA (C) (Prioridade: 1 - Alta);1CIA IND/2CIA/1PEL(PASSOS);ASL00064 / ABTS0495;Não;Não;Não;BOLETIM DE OCORRENCIA;Classificada;05/03/2022 07:47;Não
2022-21105170-1;(BM) 2022-009773710-001;05/03/2022 07:12;AVENIDA COMENDADOR FRANCISCO A MAIA, Nº 4352 - NOVO HORIZONTE - PASSOS;-207.336.351;-466.031.204;V01018 - VITIMA DE MAL NAO DEFINIDO (DISTURBIO) (C) (Prioridade: 1 - Alta);1CIA IND/2CIA/1PEL(PASSOS);UR0565;Não;Não;Não;BOLETIM DE OCORRENCIA;Classificada;05/03/2022 07:54;Não
2022-21108268-0;(BM) 2022-009820324-001;05/03/2022 13:59;RUA PINTASSILGO, Nº 272 - PARQUE DA FAZENDA - PASSOS;-207.373.522;-466.073.703;V01006 - VITIMA COM DIFICULDADE DE LOCOMOCAO (C) (Prioridade: 1 - Alta);1CIA IND/2CIA/1PEL(PASSOS);UR0565;Não;Não;Não;BOLETIM DE OCORRENCIA;Classificada;06/03/2022 07:41;Não
2022-21109495-8;(BM) 2022-009820010-001;05/03/2022 15:27;RUA FRANCISCO VENANCIO, Nº 359 - COHAB 3 - PASSOS;-207.008.533;-466.270.617;V01007 - VITIMA COM DISPNEIA (FALTA DE AR) (C) (Prioridade: 1 - Alta);1CIA IND/2CIA/1PEL(PASSOS);UR0565;Não;Não;Não;BOLETIM DE OCORRENCIA;Classificada;06/03/2022 07:41;Não
2022-21110169-1;(BM) 2022-009820290-003;05/03/2022 16:21;RODOVIA MG 050, Nº S/N - PASSOS;-207.371.492;-466.395.925;S05201 - CAPOTAMENTO DE AUTOMOVEL (CARRO, CAMIONETA, CAMINHONETE) (C) (Prioridade: 1 - Alta);1CIA IND/2CIA/1PEL(PASSOS);ABTS0495 / UR0565;Não;Não;Não;BOLETIM DE OCORRENCIA;Classificada;06/03/2022 07:41;Não
2022-21113328-0;(BM) 2022-009875666-001;05/03/2022 20:07;RUA CONTABILISTAS, Nº 153 - NOVO HORIZONTE - PASSOS;-207.300.273;-466.022.686;S06006 - EXTERMINIO DE INSETOS (C) (Prioridade: 2 - Média);1CIA IND/2CIA/1PEL(PASSOS);ASL00064;Não;Não;Não;BOLETIM DE OCORRENCIA;Classificada;06/03/2022 07:41;Não
2022-21113834-5;(BM) 2022-009875521-001;05/03/2022 20:44;RUA PERNAMBUCO, Nº 692 - BELA VISTA - PASSOS;-207.142.019;-465.960.099;S06006 - EXTERMINIO DE INSETOS (C) (Prioridade: 2 - Média);1CIA IND/2CIA/1PEL(PASSOS);ASL00064;Não;Não;Não;BOLETIM DE OCORRENCIA;Classificada;06/03/2022 07:41;Não
2022-21114500-5;(BM) 2022-009891762-001;05/03/2022 21:31;RUA RIO TIETE, Nº 1243 - PASSOS;-206.987.117;-4.661.482;P02011 - VISTORIA EM ENXAME DE INSETOS (C) (Prioridade: 2 - Média);1CIA IND/2CIA/1PEL(PASSOS);ASL00064;Não;Não;Não;BOLETIM DE OCORRENCIA;Classificada;06/03/2022 07:41;Não
2022-21116802-5;(BM) 2022-009892726-001;06/03/2022 00:03;RUA JESO RIBEIRO DE ABREU, Nº S/N - NOVA CALIFORNIA - PASSOS;-206.997.408;-466.221.251;V02502 - VITIMA DE QUEDA (MOTOCICLISTA) (C) (Prioridade: 1 - Alta);1CIA IND/2CIA/1PEL(PASSOS);UR0565;Não;Não;Não;BOLETIM DE OCORRENCIA;Classificada;06/03/2022 07:41;Não
2022-21118362-5;(BM) 2022-009881910-001;06/03/2022 01:47;RUA VEREADOR ANTHERO G DOS REIS, Nº 11 - COHAB 5 - PASSOS;-207.216.098;-466.374.908;V01018 - VITIMA DE MAL NAO DEFINIDO (DISTURBIO) (C) (Prioridade: 1 - Alta);1CIA IND/2CIA/1PEL(PASSOS);UR0565;Não;Não;Não;BOLETIM DE OCORRENCIA;Classificada;06/03/2022 07:41;Não
2022-21121430-1;(BM) 2022-009911778-001;06/03/2022 10:24;PRACA FRANCISCO SALLES, Nº S/N - BELO HORIZONTE - PASSOS;-207.264.675;-466.045.971;P03009 - PREVENCAO EM PONTO-BASE / FERIADOS PROLONGADOS (C) (Prioridade: 2 - Média);1CIA IND/2CIA/1PEL(PASSOS);UR0565;Não;Não;Não;BOLETIM DE OCORRENCIA;Classificada;07/03/2022 06:52;Não
2022-21121887-7;(BM) 2022-009911752-001;06/03/2022 11:28;RUA MADRI, Nº 65 - MUARAMA 2 - PASSOS;-20.732.628;-466.002.688;W04000 - NADA CONSTATADO (C) (Prioridade: 3 - Baixa);1CIA IND/2CIA/1PEL(PASSOS);ASL00064;Não;Não;Não;BOLETIM DE OCORRENCIA;Classificada;07/03/2022 06:52;Não
2022-21124626-0;(BM) 2022-009933480-001;06/03/2022 16:15;RUA SAO FRANCISCO DE ASSIS, Nº S/N - JARDIM CIDADE - PASSOS;-20.733.813;-466.274.302;O04012 - INCENDIO EM LOTE VAGO (AREA URBANA) (C) (Prioridade: 2 - Média);1CIA IND/2CIA/1PEL(PASSOS);ABTS0495;Não;Não;Não;BOLETIM DE OCORRENCIA;Classificada;07/03/2022 06:53;Não
2022-21126773-5;(BM) 2022-009953390-001;06/03/2022 19:05;AVENIDA SABIA, Nº S/N - MUARAMA 2 - PASSOS;-207.330.855;-466.157.928;O04011 - INCENDIO EM AREA URBANA NAO PROTEGIDA (C) (Prioridade: 2 - Média);1CIA IND/2CIA/1PEL(PASSOS);ABTS0495;Não;Não;Não;BOLETIM DE OCORRENCIA;Classificada;07/03/2022 06:53;Não
2022-21126914-5;(BM) 2022-009956506-001;06/03/2022 19:16;RUA JOAQUIM LEMOS MAIA, Nº S/N - NOVA PASSOS - PASSOS;-207.049.601;-466.378.431;O04012 - INCENDIO EM LOTE VAGO (AREA URBANA) (C) (Prioridade: 2 - Média);1CIA IND/2CIA/1PEL(PASSOS);ABTS0495;Não;Não;Não;BOLETIM DE OCORRENCIA;Classificada;07/03/2022 06:53;Não
2022-21127354-8;(BM) 2022-009959986-001;06/03/2022 19:47;RUA IRACEMA PEREIRA LEMOS, Nº 237 - RECANTO DO BOSQUE - PASSOS;-207.250.599;-465.823.123;O04012 - INCENDIO EM LOTE VAGO (AREA URBANA) (C) (Prioridade: 2 - Média);1CIA IND/2CIA/1PEL(PASSOS);ABTS0495;Não;Não;Não;BOLETIM DE OCORRENCIA;Classificada;07/03/2022 06:53;Não
2022-21127534-0;(BM) 2022-009960006-001;06/03/2022 20:01;AVENIDA JK, Nº 864 - NOVO HORIZONTE - PASSOS;-207.284.267;-46.601.175;V01999 - OUTROS TIPOS DE APH CLINICO (C) (Prioridade: 1 - Alta);1CIA IND/2CIA/1PEL(PASSOS);UR0565;Não;Não;Não;BOLETIM DE OCORRENCIA;Classificada;07/03/2022 06:53;Não
2022-21132419-0;(BM) 2022-009998550-001;07/03/2022 04:58;RUA TIRADENTES, Nº 10 - CANJERANUS - PASSOS;-207.130.906;-466.075.542;V01999 - OUTROS TIPOS DE APH CLINICO (C) (Prioridade: 1 - Alta);1CIA IND/2CIA/1PEL(PASSOS);UR0565;Não;Não;Não;BOLETIM DE OCORRENCIA;Classificada;07/03/2022 06:53;Não
2022-21134488-4;(BM) 2022-010019494-001;07/03/2022 09:51;RUA DOUTOR CARVALHO, Nº 1455 - NOSSA SENHORA DAS GRAÇAS - PASSOS;-207.352.269;-466.037.303;Q05002 - PROJETO DE DIVULGACAO DA NATACAO (C) (Prioridade: 1 - Alta);1CIA IND/2CIA/1PEL(PASSOS);BM1644855;Não;Não;Não;BOLETIM DE OCORRENCIA;Classificada;07/03/2022 23:41;Não
2022-21134809-6;(BM) 2022-010022942-001;07/03/2022 10:18;RUA DOUTOR CARVALHO, Nº 1455 - NOSSA SENHORA DAS GRAÇAS - PASSOS;-207.352.269;-466.037.303;Q03001 - TREINAMENTO DE COMBATE A INCENDIO (C) (Prioridade: 2 - Média);1CIA IND/2CIA/1PEL(PASSOS);BM1317692;Não;Não;Não;BOLETIM DE OCORRENCIA;Classificada;07/03/2022 23:41;Não
2022-21135098-5;(BM) 2022-010026590-001;07/03/2022 10:42;RUA IMACULADA CONCEICAO, Nº 35 - JARDIM PLANALTO - PASSOS;-207.169.371;-466.259.675;S06001 - SALVAMENTO DE ANIMAL EM RISCO / PERIGO (C) (Prioridade: 2 - Média);1CIA IND/2CIA/1PEL(PASSOS);ASL00064;Não;Não;Não;BOLETIM DE OCORRENCIA;Classificada;07/03/2022 23:41;Não
2022-21135814-1;(BM) 2022-010042341-001;07/03/2022 11:42;RUA DOIS DE NOVEMBRO / RUA AURORA - SAO BENEDITO - PASSOS;-207.230.712;-466.024.306;P03001 - PERIGO DE DERRAPAGEM (C) (Prioridade: 2 - Média);1CIA IND/2CIA/1PEL(PASSOS);ASL00064;Não;Não;Não;BOLETIM DE OCORRENCIA;Classificada;07/03/2022 23:41;Não
2022-21135886-2;(BM) 2022-010035970-001;07/03/2022 11:49;RUA BARAO DE PASSOS, Nº 435 - CENTRO - PASSOS;-207.190.302;-466.071.764;V01007 - VITIMA COM DISPNEIA (FALTA DE AR) (C) (Prioridade: 1 - Alta);1CIA IND/2CIA/1PEL(PASSOS);UR0565;Não;Não;Não;BOLETIM DE OCORRENCIA;Classificada;07/03/2022 23:42;Não
2022-21135975-0;(BM) 2022-010042289-001;07/03/2022 12:00;RUA CAETES, Nº 1362 - SERRA VERDE - PASSOS;-207.417.543;-465.933.082;S06002 - CAPTURA DE ANIMAL SILVESTRE PERIGOSO / AGRESSIVO (C) (Prioridade: 2 - Média);1CIA IND/2CIA/1PEL(PASSOS);ASL00064;Não;Não;Não;BOLETIM DE OCORRENCIA;Classificada;07/03/2022 23:41;Não
2022-21136792-6;(BM) 2022-010049999-001;07/03/2022 13:26;AVENIDA EXPEDICIONARIOS, Nº S/N - MIRANTE DO VALE - PASSOS;-207.256.744;-465.818.365;O04012 - INCENDIO EM LOTE VAGO (AREA URBANA) (C) (Prioridade: 2 - Média);1CIA IND/2CIA/1PEL(PASSOS);ABTS0495;Não;Não;Não;BOLETIM DE OCORRENCIA;Classificada;07/03/2022 23:41;Não
2022-21137896-7;(BM) 2022-010071356-001;07/03/2022 14:43;RUA PARA, Nº 182 - POLIVALENTE - PASSOS;-207.069.266;-466.075.114;V03018 - VITIMA DE QUEDA DA PROPRIA ALTURA (C) (Prioridade: 1 - Alta);1CIA IND/2CIA/1PEL(PASSOS);UR0565;Não;Não;Não;BOLETIM DE OCORRENCIA;Classificada;07/03/2022 23:42;Não
2022-21140966-9;(BM) 2022-010098515-001;07/03/2022 17:39;RODOVIA MG 050, Km 359 - PASSOS;-20.737.051;-466.411.331;O04008 - INCENDIO EM AREA RURAL NAO PROTEGIDA (C) (Prioridade: 2 - Média);1CIA IND/2CIA/1PEL(PASSOS);ABTS0495;Não;Não;Não;BOLETIM DE OCORRENCIA;Classificada;07/03/2022 23:42;Não
2022-21145154-0;(BM) 2022-010144977-001;07/03/2022 23:02;ESTRADA SAO JOAO BATISTA DO GLORIA / PALMEIRAS - GLORIA / PALMEIRAS -  SBG  010, Nº S/N - SAO JOAO BATISTA GLORIA;-206.136.965;-464.957.211;W04000 - NADA CONSTATADO (C) (Prioridade: 3 - Baixa);1CIA IND/2CIA/1PEL(PASSOS);UR0565;Não;Não;Não;BOLETIM DE OCORRENCIA;Classificada;08/03/2022 06:37;Não
2022-21146808-0;(BM) 2022-010159386-001;08/03/2022 05:32;RUA OPALA, Nº 51 - ACLIMACAO - PASSOS;-207.514.765;-46.600.058;V01018 - VITIMA DE MAL NAO DEFINIDO (DISTURBIO) (C) (Prioridade: 1 - Alta);1CIA IND/2CIA/1PEL(PASSOS);UR0565;Não;Não;Não;BOLETIM DE OCORRENCIA;Classificada;08/03/2022 06:36;Não
2022-21147746-0;(BM) 2022-010173819-001;08/03/2022 08:25;RUA DOUTOR CARVALHO, Nº 1455 - NOSSA SENHORA DAS GRAÇAS - PASSOS;-207.352.269;-466.037.303;Q03005 - TREINAMENTO DE SALVAMENTO TERRESTRE (C) (Prioridade: 2 - Média);1CIA IND/2CIA/1PEL(PASSOS);BM1797554;Não;Não;Não;BOLETIM DE OCORRENCIA;Classificada;09/03/2022 06:55;Não
2022-21147913-0;(BM) 2022-010171064-001;08/03/2022 08:42;AVENIDA CHICO XAVIER, Nº S/N - JARDIM PLANALTO - PASSOS;-207.197.803;-466.285.997;P02002 - VISTORIA EM RISCO DE QUEDA DE ARVORE (C) (Prioridade: 2 - Média);1CIA IND/2CIA/1PEL(PASSOS);ASL00064;Não;Não;Não;BOLETIM DE OCORRENCIA;Classificada;09/03/2022 06:59;Não
2022-21148742-5;(BM) 2022-010185030-001;08/03/2022 10:02;RUA SAO GABRIEL, Nº 160 - PASSOS;-207.191.925;-465.941.579;V02502 - VITIMA DE QUEDA (MOTOCICLISTA) (C) (Prioridade: 1 - Alta);1CIA IND/2CIA/1PEL(PASSOS);UR0565;Não;Não;Não;BOLETIM DE OCORRENCIA;Classificada;09/03/2022 06:54;Não
2022-21148784-5;(BM) 2022-010189079-001;08/03/2022 10:08;RUA BUENOS AIRES, Nº 130 - CALIFORNIA - PASSOS;-207.073.742;-466.139.721;O02033 - INCENDIO EM AMONTOADO DE LIXO (C) (Prioridade: 2 - Média);1CIA IND/2CIA/1PEL(PASSOS);ABTS0495;Não;Não;Não;BOLETIM DE OCORRENCIA;Classificada;09/03/2022 07:03;Não
2022-21151645-7;(BM) 2022-010213628-001;08/03/2022 14:28;RUA VEREADOR JOAQUIM DE PADUA LEMOS, Nº 178 - COHAB 5 - PASSOS;-20.720.216;-466.374.994;V01018 - VITIMA DE MAL NAO DEFINIDO (DISTURBIO) (C) (Prioridade: 1 - Alta);1CIA IND/2CIA/1PEL(PASSOS);UR0565;Não;Não;Não;BOLETIM DE OCORRENCIA;Classificada;09/03/2022 06:54;Não
2022-21151847-1;(BM) 2022-010216320-001;08/03/2022 14:41;TRAVESSA ARY BRASILEIRO DE CASTRO, Nº 272 - CENTRO - SAO JOSE DA BARRA;-207.163.701;-463.132.678;X03000 - EMPENHO ADMINISTRATIVO (C) (Prioridade: 2 - Média);1CIA IND/2CIA/1PEL(PASSOS);ASL00064;Não;Não;Não;BOLETIM DE OCORRENCIA;Classificada;09/03/2022 06:59;Não
2022-21151994-6;(BM) 2022-010218620-001;08/03/2022 14:49;RODOVIA MG 050, Nº S/N - PASSOS;-207.371.492;-466.395.925;X03000 - EMPENHO ADMINISTRATIVO (C) (Prioridade: 2 - Média);1CIA IND/2CIA/1PEL(PASSOS);ABTS0495;Não;Não;Não;BOLETIM DE OCORRENCIA;Classificada;09/03/2022 07:03;Não
2022-21152816-3;(BM) 2022-010228130-001;08/03/2022 15:32;RUA CAPELA, Nº S/N - PENHA - PASSOS;-207.199.353;-466.205.753;O04012 - INCENDIO EM LOTE VAGO (AREA URBANA) (C) (Prioridade: 2 - Média);1CIA IND/2CIA/1PEL(PASSOS);ABTS0495;Não;Não;Não;BOLETIM DE OCORRENCIA;Classificada;09/03/2022 07:03;Não
2022-21156777-5;(BM) 2022-010271255-001;08/03/2022 20:00;RUA SALDANHA DA GAMA, Nº 111 - SANTA CASA - PASSOS;-207.130.867;-466.141.667;S06005 - CAPTURA DE INSETOS (C) (Prioridade: 2 - Média);1CIA IND/2CIA/1PEL(PASSOS);ASL00064;Não;Não;Não;BOLETIM DE OCORRENCIA;Classificada;09/03/2022 06:59;Não
2022-21158304-4;(BM) 2022-010286987-001;08/03/2022 22:11;ESTRADA DOMIRO NOGUEIRA, Nº S/N - CONDOMÍNIO DOS IPÊS - PASSOS;-207.583.249;-466.201.662;S06002 - CAPTURA DE ANIMAL SILVESTRE PERIGOSO / AGRESSIVO (C) (Prioridade: 2 - Média);1CIA IND/2CIA/1PEL(PASSOS);ASL00064;Não;Não;Não;BOLETIM DE OCORRENCIA;Classificada;09/03/2022 06:59;Não
2022-21158524-0;(BM) 2022-010289298-001;08/03/2022 22:29;AVENIDA ARLINDO FIGUEIREDO, Nº S/N - JARDIM PINHEIROS 2 - PASSOS;-207.262.479;-466.225.308;S04020 - PESSOA OU ANIMAL PRESO NO INTERIOR DO VEICULO (C) (Prioridade: 1 - Alta);1CIA IND/2CIA/1PEL(PASSOS);ABTS0495;Não;Não;Não;BOLETIM DE OCORRENCIA;Classificada;09/03/2022 07:03;Não
2022-21162027-0;(BM) 2022-010324308-001;09/03/2022 08:51;RUA SAO LUIZ, Nº 154 - CENTRO - PASSOS;-207.151.591;-46.606.832;V01013 - VITIMA DE EMERGENCIAS PSIQUIATRICAS (C) (Prioridade: 1 - Alta);1CIA IND/2CIA/1PEL(PASSOS);UR0565;Não;Não;Não;BOLETIM DE OCORRENCIA;Classificada;11/03/2022 08:22;Não
2022-21162718-0;(BM) 2022-010331955-001;09/03/2022 09:55;RUA PARDAL, Nº 151 - NOSSA SENHORA DAS GRAÇAS - PASSOS;-20.735.899;-466.043.311;P02002 - VISTORIA EM RISCO DE QUEDA DE ARVORE (C) (Prioridade: 2 - Média);1CIA IND/2CIA/1PEL(PASSOS);ASL00064;Não;Não;Não;BOLETIM DE OCORRENCIA;Classificada;11/03/2022 08:22;Não
2022-21163853-1;(BM) 2022-010349013-001;09/03/2022 11:33;RUA CORONEL NECA MEDEIROS, Nº S/N - CENTRO - PASSOS;-207.207.867;-466.099.265;W04000 - NADA CONSTATADO (C) (Prioridade: 3 - Baixa);1CIA IND/2CIA/1PEL(PASSOS);UR0565;Não;Não;Não;BOLETIM DE OCORRENCIA;Classificada;11/03/2022 08:22;Não
2022-21164310-1;(BM) 2022-010358986-001;09/03/2022 12:23;RUA TURQUESA, Nº 1729 - PASSOS;-207.549.668;-465.985.968;V03018 - VITIMA DE QUEDA DA PROPRIA ALTURA (C) (Prioridade: 1 - Alta);1CIA IND/2CIA/1PEL(PASSOS);UR0565;Não;Não;Não;BOLETIM DE OCORRENCIA;Classificada;11/03/2022 08:23;Não
2022-21165167-5;(BM) 2022-010359006-001;09/03/2022 13:52;RUA PARDAL, Nº 151 - NOSSA SENHORA DAS GRAÇAS - PASSOS;-20.735.899;-466.043.311;S06009 - CORTE / PODA DE ARVORE MEDIANTE ORDEM DE SERVICO (C) (Prioridade: 2 - Média);1CIA IND/2CIA/1PEL(PASSOS);ASL00064;Não;Não;Não;BOLETIM DE OCORRENCIA;Classificada;11/03/2022 08:22;Não
2022-21165831-0;(BM) 2022-010458393-001;09/03/2022 14:38;RUA FAZENDEIROS, Nº S/N - MONSENHOR MESSIAS - PASSOS;-207.372.124;-466.011.293;O02033 - INCENDIO EM AMONTOADO DE LIXO (C) (Prioridade: 2 - Média);1CIA IND/2CIA/1PEL(PASSOS);ABTS0495;Não;Não;Não;BOLETIM DE OCORRENCIA;Classificada;11/03/2022 08:22;Não
2022-21171809-5;(BM) 2022-010432157-001;09/03/2022 21:32;RUA JUAREZ FRANCISCO DUARTE, Nº 645 - JARDIM SATELITE - PASSOS;-207.101.712;-466.225.031;V01006 - VITIMA COM DIFICULDADE DE LOCOMOCAO (C) (Prioridade: 1 - Alta);1CIA IND/2CIA/1PEL(PASSOS);UR0565;Não;Não;Não;BOLETIM DE OCORRENCIA;Classificada;11/03/2022 08:23;Não
2022-21172676-9;(BM) 2022-010440978-001;09/03/2022 22:44;AVENIDA JK, Nº 864 - NOVO HORIZONTE - PASSOS;-207.284.267;-46.601.175;V01003 - VITIMA COM CRISE CONVULSIVA (C) (Prioridade: 1 - Alta);1CIA IND/2CIA/1PEL(PASSOS);UR0565;Não;Não;Não;BOLETIM DE OCORRENCIA;Classificada;11/03/2022 08:23;Não
2022-21174381-6;(BM) 2022-010458365-001;10/03/2022 03:28;RUA PIRAPORA / RUA COIMBRAS - CALIFORNIA - PASSOS;-206.995.572;-466.162.279;V02502 - VITIMA DE QUEDA (MOTOCICLISTA) (C) (Prioridade: 1 - Alta);1CIA IND/2CIA/1PEL(PASSOS);UR0565;Não;Não;Não;BOLETIM DE OCORRENCIA;Classificada;11/03/2022 08:23;Não
2022-21176150-4;(BM) 2022-010475230-001;10/03/2022 09:22;RUA BARIRIS, Nº S/N - SAO JOAQUIM - PASSOS;-207.447.347;-466.021.386;P01002 - VISTORIA DE LIBERACAO / EMISSAO DE AVCB (C) (Prioridade: 2 - Média);1CIA IND/2CIA/PEL PREV E VIST(PASSOS);APF01362;Não;Não;Não;BOLETIM DE OCORRENCIA;Classificada;11/03/2022 08:22;Não
2022-21176714-8;(BM) 2022-010493299-001;10/03/2022 10:17;RUA TIMOTEO, Nº 267 - COHAB 2 - PASSOS;-207.091.886;-466.293.581;V01018 - VITIMA DE MAL NAO DEFINIDO (DISTURBIO) (C) (Prioridade: 1 - Alta);1CIA IND/2CIA/1PEL(PASSOS);UR0565;Não;Não;Não;BOLETIM DE OCORRENCIA;Classificada;11/03/2022 08:23;Não
2022-21177237-6;(BM) 2022-010493323-001;10/03/2022 11:03;RODOVIA MG-050, Nº 351 - PASSOS;-207.374.741;-465.919.701;V01024 - VITIMA DE SUICIDIO (TENTATIVA) - APH CLINICO (C) (Prioridade: 1 - Alta);1CIA IND/2CIA/1PEL(PASSOS);UR0565;Não;Não;Não;BOLETIM DE OCORRENCIA;Classificada;11/03/2022 08:23;Não
2022-21177819-1;(BM) 2022-010497243-001;10/03/2022 11:57;RUA ESTUDANTES, Nº 279 - PENHA - PASSOS;-207.173.237;-466.166.308;O04012 - INCENDIO EM LOTE VAGO (AREA URBANA) (C) (Prioridade: 2 - Média);1CIA IND/2CIA/1PEL(PASSOS);ABTS0495;Não;Não;Não;BOLETIM DE OCORRENCIA;Classificada;11/03/2022 08:22;Não
2022-21178018-8;(BM) 2022-010499584-001;10/03/2022 12:23;AVENIDA CHAFARIZ, Nº 2579 - SERRA DAS BRISAS - PASSOS;-207.363.112;-465.940.519;V03999 - OUTROS TIPOS DE APH DE TRAUMAS DIVERSOS   (C) (Prioridade: 1 - Alta);1CIA IND/2CIA/1PEL(PASSOS);UR0565;Não;Não;Não;BOLETIM DE OCORRENCIA;Classificada;11/03/2022 08:23;Não
2022-21179155-4;(BM) 2022-010526275-001;10/03/2022 14:08;RUA CACAMBA, Nº 47 - CASARAO - PASSOS;-207.200.756;-465.894.262;V03003 - VITIMA DE AGRESSAO FISICA COM ARMA BRANCA (C) (Prioridade: 1 - Alta);1CIA IND/2CIA/1PEL(PASSOS);UR0565;Não;Não;Não;BOLETIM DE OCORRENCIA;Classificada;11/03/2022 08:23;Não
2022-21180007-4;(BM) 2022-010545529-001;10/03/2022 14:54;AVENIDA SABIA, Nº S/N - MUARAMA 2 - PASSOS;-207.330.855;-466.157.928;V02203 - VITIMA DE CHOQUE DE AUTOMOVEL (CARRO / CAMINHONETE) (C) (Prioridade: 1 - Alta);1CIA IND/2CIA/1PEL(PASSOS);UR0565;Não;Não;Não;BOLETIM DE OCORRENCIA;Classificada;11/03/2022 08:23;Não
2022-21184278-3;(BM) 2022-010570431-001;10/03/2022 19:48;AVENIDA ELDORADO, Nº 284 - RESIDENCIAL ELDORADO - PASSOS;-207.318.597;-466.190.877;V01018 - VITIMA DE MAL NAO DEFINIDO (DISTURBIO) (C) (Prioridade: 1 - Alta);1CIA IND/2CIA/1PEL(PASSOS);UR0565;Não;Não;Não;BOLETIM DE OCORRENCIA;Classificada;11/03/2022 08:24;Não
2022-21189903-3;(BM) 2022-010631471-001;11/03/2022 08:35;RUA RIO DE JANEIRO, Nº 592 - BELA VISTA - PASSOS;-207.157.693;-465.959.541;V01006 - VITIMA COM DIFICULDADE DE LOCOMOCAO (C) (Prioridade: 1 - Alta);1CIA IND/2CIA/1PEL(PASSOS);UR0565;Não;Não;Não;BOLETIM DE OCORRENCIA;Classificada;11/03/2022 10:48;Não
2022-21190201-3;(BM) 2022-010634159-001;11/03/2022 09:04;RUA DOUTOR CARVALHO, Nº 1455 - NOSSA SENHORA DAS GRAÇAS - PASSOS;-207.352.269;-466.037.303;Q05002 - PROJETO DE DIVULGACAO DA NATACAO (C) (Prioridade: 1 - Alta);1CIA IND/2CIA/PEL PREV E VIST(PASSOS);BM1644855;Não;Não;Não;BOLETIM DE OCORRENCIA;Classificada;12/03/2022 07:59;Não
2022-21190911-9;(BM) 2022-010639480-001;11/03/2022 10:11;RUA JOAQUIM RODRIGUES, Nº 260 - PASSOS;-207.204.675;-466.360.254;V01023 - VITIMA DE SINCOPE (DESMAIO)/VERTIGEM (C) (Prioridade: 1 - Alta);1CIA IND/2CIA/1PEL(PASSOS);UR0565;Não;Não;Não;BOLETIM DE OCORRENCIA;Classificada;11/03/2022 11:21;Não
2022-21191157-9;(BM) 2022-010637992-001;11/03/2022 10:34;RUA ESPIRITO SANTO, Nº 231 - BELA VISTA - PASSOS;-207.176.607;-465.989.983;P01001 - VISTORIA DE FISCALIZACAO (C) (Prioridade: 2 - Média);1CIA IND/2CIA/PEL PREV E VIST(PASSOS);APF01362;Não;Não;Não;BOLETIM DE OCORRENCIA;Classificada;11/03/2022 11:09;Não
2022-21191534-1;(BM) 2022-010643097-001;11/03/2022 11:08;RUA JOSE MARQUES GONCALVES, Nº S/N - CONDOMÍNIO VALE VERDE - PASSOS;-207.230.229;-465.855.435;P01001 - VISTORIA DE FISCALIZACAO (C) (Prioridade: 2 - Média);1CIA IND/2CIA/PEL PREV E VIST(PASSOS);APF01362;Não;Não;Não;BOLETIM DE OCORRENCIA;Classificada;11/03/2022 11:50;Não
2022-21191964-0;(BM) 2022-010647762-001;11/03/2022 11:49;RUA DOUTOR CARVALHO, Nº 1455 - NOSSA SENHORA DAS GRAÇAS - PASSOS;-207.352.269;-466.037.303;Q03001 - TREINAMENTO DE COMBATE A INCENDIO (C) (Prioridade: 2 - Média);1CIA IND/2CIA/1PEL(PASSOS);BM1317692;Não;Não;Não;BOLETIM DE OCORRENCIA;Classificada;11/03/2022 13:15;Não
2022-21192755-6;(BM) 2022-010656293-001;11/03/2022 13:17;RUA JACUI, Nº 59 - CANDEIAS - PASSOS;-207.212.687;-466.157.546;V03018 - VITIMA DE QUEDA DA PROPRIA ALTURA (C) (Prioridade: 1 - Alta);1CIA IND/2CIA/1PEL(PASSOS);UR0565;Não;Não;Não;BOLETIM DE OCORRENCIA;Classificada;12/03/2022 07:59;Não
2022-21192775-3;;11/03/2022 13:18;RUA antonio alkiminde costa, Nº S/N - MACHADO;;;P01003 - VISTORIA EM EVENTOS TEMPORARIOS (C) (Prioridade: 1 - Alta);1CIA IND (POCOS DE CALDAS);;Não;Não;Não;TESTE;Classificada;11/03/2022 13:18;Não
2022-21193721-0;(BM) 2022-010667161-001;11/03/2022 14:30;RUA RIACHO, Nº 139 - NOVO HORIZONTE - PASSOS;-20.731.851;-466.012.574;V01003 - VITIMA COM CRISE CONVULSIVA (C) (Prioridade: 1 - Alta);1CIA IND/2CIA/1PEL(PASSOS);UR0565;Não;Não;Não;BOLETIM DE OCORRENCIA;Classificada;12/03/2022 07:59;Não
2022-21194931-8;(BM) 2022-010682705-001;11/03/2022 15:47;RUA LOCUBA, Nº 94 - RESIDENCIAL PORTAL DAS PALMEIRAS - PASSOS;-206.975.717;-466.092.673;V01010 - VITIMA COM DOR TORACICA/SUSPEITA DE INFARTO (IAM) (C) (Prioridade: 1 - Alta);1CIA IND/2CIA/1PEL(PASSOS);UR0565;Não;Não;Não;BOLETIM DE OCORRENCIA;Classificada;12/03/2022 07:59;Não
2022-21196349-7;(BM) 2022-010698398-001;11/03/2022 17:16;RUA MATO GROSSO, Nº 1116 - SANTA LUZIA - PASSOS;-207.090.142;-466.008.032;V03021 - VITIMA DE SUICIDIO (TENTATIVA) - APH TRAUMA (C) (Prioridade: 1 - Alta);1CIA IND/2CIA/1PEL(PASSOS);UR0565 / ASL00064;Não;Não;Não;BOLETIM DE OCORRENCIA;Classificada;12/03/2022 07:59;Não
2022-21196909-0;(BM) 2022-010705874-001;11/03/2022 17:57;LUGAREJO CORREGO DO FEIJAO, Nº S/N - BRUMADINHO;-201.361.111;-441.136.111;S04006 - ROMPIMENTO DE BARRAGENS (C) (Prioridade: 1 - Alta);1CIA IND/2CIA/1PEL(PASSOS);BM1637305;Não;Não;Não;BOLETIM DE OCORRENCIA;Classificada;11/03/2022 18:08;Não
2022-21197353-0;(BM) 2022-010708614-001;11/03/2022 18:27;RUA ELOI PEREIRA LEMOS, Nº 396 - NOVA PASSOS - PASSOS;-207.031.244;-466.334.493;S05308 - COLISAO ENTRE AUTOMOVEL X MOTOCICLETA (C) (Prioridade: 1 - Alta);1CIA IND/2CIA/1PEL(PASSOS);UR0565;Não;Não;Não;BOLETIM DE OCORRENCIA;Classificada;12/03/2022 07:59;Não
2022-21197382-8;(BM) 2022-010716532-001;11/03/2022 18:31;RODOVIA LMG 837, Km 16 - FORTALEZA DE MINAS;-208.405.901;-467.066.877;S06008 - CORTE DE ARVORE CAIDA EM VIA PUBLICA (C) (Prioridade: 2 - Média);1CIA IND/2CIA/1PEL(PASSOS);ASL00064;Não;Não;Não;BOLETIM DE OCORRENCIA;Classificada;12/03/2022 08:00;Não
2022-21199044-6;(BM) 2022-010724987-001;11/03/2022 20:37;RUA JUAREZ FRANCISCO DUARTE, Nº 390 - JARDIM SATELITE - PASSOS;-207.128.051;-466.221.227;V01018 - VITIMA DE MAL NAO DEFINIDO (DISTURBIO) (C) (Prioridade: 1 - Alta);1CIA IND/2CIA/1PEL(PASSOS);UR0565;Não;Não;Não;BOLETIM DE OCORRENCIA;Classificada;12/03/2022 07:59;Não
2022-21205415-4;(BM) 2022-010775950-001;12/03/2022 09:06;RUA JURANDIR LEANDRO VIEIRA, Nº S/N - RESIDENCIAL VILLAGIO DI ITALIA - PASSOS;-207.345.147;-465.913.156;S06002 - CAPTURA DE ANIMAL SILVESTRE PERIGOSO / AGRESSIVO (C) (Prioridade: 2 - Média);1CIA IND/2CIA/1PEL(PASSOS);ASL00064;Não;Não;Não;BOLETIM DE OCORRENCIA;Classificada;13/03/2022 06:02;Não
2022-21206154-8;(BM) 2022-010784557-001;12/03/2022 10:27;RUA ESTRELA DALVA, Nº S/N - JARDIM SATELITE - PASSOS;-207.140.662;-466.204.275;V02403 - VITIMA DE COLISAO ENTRE AUTOMOVEIS (CARRO / CAMINHONETE) (C) (Prioridade: 1 - Alta);1CIA IND/2CIA/1PEL(PASSOS);UR0565;Não;Não;Não;BOLETIM DE OCORRENCIA;Classificada;13/03/2022 06:03;Não
2022-21207026-3;(BM) 2022-010791220-001;12/03/2022 12:28;RUA LEAO, Nº 249 - SERRA VERDE - PASSOS;-207.401.253;-465.959.408;W04000 - NADA CONSTATADO (C) (Prioridade: 3 - Baixa);1CIA IND/2CIA/1PEL(PASSOS);UR0565;Não;Não;Não;BOLETIM DE OCORRENCIA;Classificada;13/03/2022 06:02;Não
2022-21207772-2;(BM) 2022-010803270-001;12/03/2022 13:56;RUA DOUTOR CARVALHO, Nº 1455 - NOSSA SENHORA DAS GRAÇAS - PASSOS;-207.352.269;-466.037.303;Q03017 - TREINAMENTO DE PRIMEIROS SOCORROS (C) (Prioridade: 2 - Média);1CIA IND/2CIA/1PEL(PASSOS);BM1797331;Não;Não;Não;BOLETIM DE OCORRENCIA;Classificada;13/03/2022 06:02;Não
2022-21208108-1;(BM) 2022-010803176-001;12/03/2022 14:29;RUA MONJOLO, Nº 192 - CASARAO - PASSOS;-207.183.461;-465.892.863;V01007 - VITIMA COM DISPNEIA (FALTA DE AR) (C) (Prioridade: 1 - Alta);1CIA IND/2CIA/1PEL(PASSOS);UR0565;Não;Não;Não;BOLETIM DE OCORRENCIA;Classificada;13/03/2022 06:03;Não
2022-21209158-5;(BM) 2022-010837772-001;12/03/2022 15:47;RUA MARIA FRANCISCA DE JESUS, Nº 60 - PASSOS;-207.398.713;-465.820.436;V03018 - VITIMA DE QUEDA DA PROPRIA ALTURA (C) (Prioridade: 1 - Alta);1CIA IND/2CIA/1PEL(PASSOS);UR0565;Não;Não;Não;BOLETIM DE OCORRENCIA;Classificada;13/03/2022 06:03;Não
2022-21211937-4;(BM) 2022-010836492-001;12/03/2022 19:20;RUA MURIAE, Nº 270 - CALIFORNIA - PASSOS;-207.015.888;-466.178.694;V01018 - VITIMA DE MAL NAO DEFINIDO (DISTURBIO) (C) (Prioridade: 1 - Alta);1CIA IND/2CIA/1PEL(PASSOS);UR0565;Não;Não;Não;BOLETIM DE OCORRENCIA;Classificada;13/03/2022 06:03;Não
2022-21213115-6;(BM) 2022-010845829-001;12/03/2022 20:45;RUA JANIO GOMES, Nº 170 - PASSOS;;;S06005 - CAPTURA DE INSETOS (C) (Prioridade: 2 - Média);1CIA IND/2CIA/1PEL(PASSOS);ASL00064;Não;Não;Não;BOLETIM DE OCORRENCIA;Classificada;13/03/2022 06:02;Não
2022-21213150-7;(BM) 2022-010845948-001;12/03/2022 20:46;RUA AMAPA, Nº 3025 - RECANTO DA HARMONIA - PASSOS;-207.024.135;-465.917.701;V01018 - VITIMA DE MAL NAO DEFINIDO (DISTURBIO) (C) (Prioridade: 1 - Alta);1CIA IND/2CIA/1PEL(PASSOS);UR0565;Não;Não;Não;BOLETIM DE OCORRENCIA;Classificada;13/03/2022 06:03;Não
2022-21216765-8;(BM) 2022-010871686-001;13/03/2022 00:40;RUA RIO BRANCO, Nº 1188 - SANTA LUZIA - PASSOS;-207.062.407;-466.015.505;V03018 - VITIMA DE QUEDA DA PROPRIA ALTURA (C) (Prioridade: 1 - Alta);1CIA IND/2CIA/1PEL(PASSOS);UR0565;Não;Não;Não;BOLETIM DE OCORRENCIA;Classificada;13/03/2022 06:03;Não
2022-21219654-3;(BM) 2022-010951848-001;13/03/2022 07:45;RUA AGUAS MARINHAS, Nº 1888 - ACLIMACAO - PASSOS;-207.528.897;-465.967.131;V01009 - VITIMA COM DOR NA COLUNA VERTEBRAL (COSTAS) (C) (Prioridade: 1 - Alta);1CIA IND/2CIA/1PEL(PASSOS);UR0565;Não;Não;Não;BOLETIM DE OCORRENCIA;Classificada;14/03/2022 06:36;Não
2022-21219880-2;;13/03/2022 08:17;RUA AGUAS MARINHAS, Nº 1888 - ACLIMACAO - PASSOS;-207.528.897;-465.967.131;W05000 - DUPLICATA (C) (Prioridade: 3 - Baixa);1CIA IND/2CIA/1PEL(PASSOS);UR0565;Não;Não;Não;ATENDIDA PELO SAMU;Classificada;14/03/2022 06:36;Não
2022-21221195-0;(BM) 2022-010983661-001;13/03/2022 11:19;RUA AGUAS DA PRATA, Nº 63 - MUARAMA - PASSOS;-207.306.959;-466.150.026;V01018 - VITIMA DE MAL NAO DEFINIDO (DISTURBIO) (C) (Prioridade: 1 - Alta);1CIA IND/2CIA/1PEL(PASSOS);UR0565;Não;Não;Não;BOLETIM DE OCORRENCIA;Classificada;14/03/2022 06:37;Não
2022-21221959-3;(BM) 2022-010950295-001;13/03/2022 13:12;AVENIDA JUPITER / RUA BOA VISTA - JARDIM SATELITE - PASSOS;-207.148.992;-466.154.997;V02408 - VITIMA DE COLISAO ENTRE AUTOMOVEL X MOTOCICLETA (C) (Prioridade: 1 - Alta);1CIA IND/2CIA/1PEL(PASSOS);UR0565;Não;Não;Não;BOLETIM DE OCORRENCIA;Classificada;14/03/2022 06:36;Não
2022-21223813-9;(BM) 2022-010929653-001;13/03/2022 15:53;AVENIDA JUCA STOCKLER, Nº 1530 - NOSSA SENHORA DAS GRAÇAS - PASSOS;-207.365.885;-466.027.501;W04000 - NADA CONSTATADO (C) (Prioridade: 3 - Baixa);1CIA IND/2CIA/1PEL(PASSOS);UR0565;Não;Não;Não;BOLETIM DE OCORRENCIA;Classificada;14/03/2022 06:36;Não
2022-21224139-6;(BM) 2022-010930015-001;13/03/2022 16:20;RUA DONA CANDIDA DONABELLA BORSARI, Nº 536 - COHAB 3 - PASSOS;-207.037.108;-466.259.273;W09000 - CANCELADA POR ORDEM DO ORGAO DE COORDENACAO E CONTROLE (C) (Prioridade: 3 - Baixa);1CIA IND/2CIA/1PEL(PASSOS);UR0565;Não;Não;Não;BOLETIM DE OCORRENCIA;Classificada;14/03/2022 06:36;Não
2022-21224616-3;(BM) 2022-010934173-001;13/03/2022 16:55;RUA ESTRADA DO SOL, Nº S/N - CONDOMÍNIO LUCIANA - PASSOS;-206.871.979;-466.491.246;V02502 - VITIMA DE QUEDA (MOTOCICLISTA) (C) (Prioridade: 1 - Alta);1CIA IND/2CIA/1PEL(PASSOS);UR0565;Não;Não;Não;BOLETIM DE OCORRENCIA;Classificada;14/03/2022 06:37;Não
2022-21227295-8;(BM) 2022-010960589-001;13/03/2022 20:05;RUA BAHIA, Nº 157 - BELA VISTA - PASSOS;-20.716.598;-466.012.703;V01003 - VITIMA COM CRISE CONVULSIVA (C) (Prioridade: 1 - Alta);1CIA IND/2CIA/1PEL(PASSOS);UR0565;Não;Não;Não;BOLETIM DE OCORRENCIA;Classificada;14/03/2022 06:37;Não
2022-21229496-0;(BM) 2022-010983570-001;13/03/2022 22:34;RUA PERNAMBUCO / RUA RIO BRANCO - BELA VISTA 2 - PASSOS;-207.125.179;-465.944.703;W04000 - NADA CONSTATADO (C) (Prioridade: 3 - Baixa);1CIA IND/2CIA/1PEL(PASSOS);UR0565;Não;Não;Não;BOLETIM DE OCORRENCIA;Classificada;14/03/2022 06:36;Não
2022-21230167-6;(BM) 2022-010992318-001;13/03/2022 23:21;RUA JOAQUIM SIMPLICIO DA SILVA, Nº S/N - MIRANTE DO VALE - PASSOS;-207.176.581;-465.808.109;V02502 - VITIMA DE QUEDA (MOTOCICLISTA) (C) (Prioridade: 1 - Alta);1CIA IND/2CIA/1PEL(PASSOS);UR0565;Não;Não;Não;BOLETIM DE OCORRENCIA;Classificada;14/03/2022 06:37;Não
2022-21230702-8;(BM) 2022-010992374-001;14/03/2022 00:08;RUA CAMPOS GERAIS, Nº 374 - NOSSA SENHORA DE FATIMA - PASSOS;-207.037.153;-46.613.283;A03000 - AUTO EXTERMINIO (SUICIDIO) (C) (Prioridade: 1 - Alta);1CIA IND/2CIA/1PEL(PASSOS);UR0565;Não;Não;Não;BOLETIM DE OCORRENCIA;Classificada;14/03/2022 06:37;Não
2022-21233250-4;(BM) 2022-011009819-001;14/03/2022 08:41;RUA CAMILO ASCHAR, Nº 79 - CENTRO - CARMO DO RIO CLARO;-209.701.519;-461.207.258;P01002 - VISTORIA DE LIBERACAO / EMISSAO DE AVCB (C) (Prioridade: 2 - Média);1CIA IND/2CIA/PEL PREV E VIST(PASSOS);APF01362;Não;Não;Não;BOLETIM DE OCORRENCIA;Classificada;15/03/2022 07:10;Não
2022-21233426-9;(BM) 2022-011013256-001;14/03/2022 08:58;RUA DOUTOR CARVALHO, Nº 1455 - NOSSA SENHORA DAS GRAÇAS - PASSOS;-207.352.269;-466.037.303;Q05002 - PROJETO DE DIVULGACAO DA NATACAO (C) (Prioridade: 1 - Alta);1CIA IND/2CIA/1PEL(PASSOS);BM1549807;Não;Não;Não;BOLETIM DE OCORRENCIA;Classificada;15/03/2022 07:10;Não
2022-21234209-6;(BM) 2022-011022166-001;14/03/2022 10:07;RUA RIO DE JANEIRO, Nº 45 - SAO BENEDITO - PASSOS;-207.193.896;-465.999.627;S06001 - SALVAMENTO DE ANIMAL EM RISCO / PERIGO (C) (Prioridade: 2 - Média);1CIA IND/2CIA/1PEL(PASSOS);ABTS0495;Não;Não;Não;BOLETIM DE OCORRENCIA;Classificada;15/03/2022 07:10;Não
2022-21235770-5;(BM) 2022-011041582-001;14/03/2022 12:25;RUA TURMALINA, Nº 1890 - ACLIMACAO - PASSOS;-207.546.024;-465.970.017;V01018 - VITIMA DE MAL NAO DEFINIDO (DISTURBIO) (C) (Prioridade: 1 - Alta);1CIA IND/2CIA/1PEL(PASSOS);UR0565;Não;Não;Não;BOLETIM DE OCORRENCIA;Classificada;15/03/2022 07:10;Não
2022-21241701-7;(BM) 2022-011112769-001;14/03/2022 18:59;RUA ANAPOLIS, Nº S/N - JARDIM PLANALTO - PASSOS;-207.193.931;-466.254.705;V01010 - VITIMA COM DOR TORACICA/SUSPEITA DE INFARTO (IAM) (C) (Prioridade: 1 - Alta);1CIA IND/2CIA/1PEL(PASSOS);UR0565;Não;Não;Não;BOLETIM DE OCORRENCIA;Classificada;15/03/2022 07:10;Não
2022-21242337-1;(BM) 2022-011125034-001;14/03/2022 19:49;RUA BOCAIUVA, Nº 478 - COHAB 2 - PASSOS;-207.101.765;-466.264.105;V01999 - OUTROS TIPOS DE APH CLINICO (C) (Prioridade: 1 - Alta);1CIA IND/2CIA/1PEL(PASSOS);UR0565;Não;Não;Não;BOLETIM DE OCORRENCIA;Classificada;15/03/2022 07:10;Não
2022-21245821-0;(BM) 2022-011158166-001;15/03/2022 01:56;RUA TUPIS, Nº 187 - CANDEIAS - PASSOS;-20.721.043;-466.172.138;O02001 - INCENDIO EM RESIDENCIA/HABITACAO UNIFAMILIAR (CASA) (C) (Prioridade: 1 - Alta);1CIA IND/2CIA/1PEL(PASSOS);ABTS0495;Não;Não;Não;BOLETIM DE OCORRENCIA;Classificada;15/03/2022 07:11;Não
2022-21246715-9;(BM) 2022-011165443-001;15/03/2022 07:15;RODOVIA MG 344, Nº S/N - CLARAVAL;;;P01002 - VISTORIA DE LIBERACAO / EMISSAO DE AVCB (C) (Prioridade: 2 - Média);1CIA IND/2CIA/PEL PREV E VIST(PASSOS);APF01362;Não;Não;Não;BOLETIM DE OCORRENCIA;Classificada;15/03/2022 18:17;Não
2022-21247358-9;(BM) 2022-011171977-001;15/03/2022 08:24;RUA LAVRAS, Nº 288 - FURNAS - SAO JOSE DA BARRA;-20.679.014;-463.342.384;S06002 - CAPTURA DE ANIMAL SILVESTRE PERIGOSO / AGRESSIVO (C) (Prioridade: 2 - Média);1CIA IND/2CIA/1PEL(PASSOS);ASL00064;Não;Não;Não;BOLETIM DE OCORRENCIA;Classificada;15/03/2022 18:18;Não
2022-21247429-5;(BM) 2022-011171845-001;15/03/2022 08:31;RUA DOUTOR CARVALHO, Nº 1455 - NOSSA SENHORA DAS GRAÇAS - PASSOS;-207.352.269;-466.037.303;Q03006 - TREINAMENTO DE FORMACAO DE BRIGADAS (C) (Prioridade: 2 - Média);1CIA IND/2CIA/1PEL(PASSOS);BM1317692;Não;Não;Não;BOLETIM DE OCORRENCIA;Classificada;15/03/2022 18:18;Não
2022-21247868-5;(BM) 2022-011177238-001;15/03/2022 09:14;RUA EGITO, Nº 164 - NOVO MUNDO 4 - PASSOS;-207.277.848;-465.875.654;V01006 - VITIMA COM DIFICULDADE DE LOCOMOCAO (C) (Prioridade: 1 - Alta);1CIA IND/2CIA/1PEL(PASSOS);UR0565;Não;Não;Não;BOLETIM DE OCORRENCIA;Classificada;15/03/2022 18:19;Não
2022-21249032-2;(BM) 2022-011202835-001;15/03/2022 10:55;AVENIDA JK, Nº 864 - NOVO HORIZONTE - PASSOS;-207.284.267;-46.601.175;V01006 - VITIMA COM DIFICULDADE DE LOCOMOCAO (C) (Prioridade: 1 - Alta);1CIA IND/2CIA/1PEL(PASSOS);UR0565;Não;Não;Não;BOLETIM DE OCORRENCIA;Classificada;15/03/2022 18:19;Não
2022-21249857-0;(BM) 2022-011203331-001;15/03/2022 12:18;RUA DUQUE CAXIAS, Nº 46 - CANDEIAS - PASSOS;-207.242.474;-466.147.628;V01004 - VITIMA COM CRISE DIABETICA / HIPOGLICEMIA (C) (Prioridade: 1 - Alta);1CIA IND/2CIA/1PEL(PASSOS);UR0565;Não;Não;Não;BOLETIM DE OCORRENCIA;Classificada;15/03/2022 18:19;Não
2022-21250260-4;(BM) 2022-011265515-001;15/03/2022 13:01;RUA DOUTOR CARVALHO, Nº 1455 - NOSSA SENHORA DAS GRAÇAS - PASSOS;-207.352.269;-466.037.303;Q03006 - TREINAMENTO DE FORMACAO DE BRIGADAS (C) (Prioridade: 2 - Média);1CIA IND/2CIA/1PEL(PASSOS);BM1636356;Não;Não;Não;BOLETIM DE OCORRENCIA;Classificada;15/03/2022 18:18;Não
2022-21250435-6;(BM) 2022-011211457-001;15/03/2022 13:18;RUA SAO FRANCISCO DE ASSIS, Nº 358 - SAO FRANCISCO - PASSOS;-207.264.395;-466.203.784;A03000 - AUTO EXTERMINIO (SUICIDIO) (C) (Prioridade: 1 - Alta);1CIA IND/2CIA/1PEL(PASSOS);UR0565;Não;Não;Não;BOLETIM DE OCORRENCIA;Classificada;15/03/2022 18:19;Não
2022-21250721-5;(BM) 2022-011211667-001;15/03/2022 13:43;RUA CANOAS, Nº 27 - NOVO HORIZONTE - PASSOS;-207.307.118;-466.011.053;V03017 - VITIMA DE PRINCIPIO DE AFOGAMENTO (C) (Prioridade: 1 - Alta);1CIA IND/2CIA/1PEL(PASSOS);UR0565;Não;Não;Não;BOLETIM DE OCORRENCIA;Classificada;15/03/2022 18:19;Não
2022-21250728-4;(BM) 2022-011211968-001;15/03/2022 13:46;RUA PARA, Nº S/N - POLIVALENTE - PASSOS;-207.065.593;-466.081.424;P01001 - VISTORIA DE FISCALIZACAO (C) (Prioridade: 2 - Média);1CIA IND/2CIA/PEL PREV E VIST(PASSOS);APF01362;Não;Não;Não;BOLETIM DE OCORRENCIA;Classificada;15/03/2022 18:18;Não
2022-21250776-7;(BM) 2022-011214360-001;15/03/2022 13:50;RUA DOUTOR CARVALHO, Nº 1455 - NOSSA SENHORA DAS GRAÇAS - PASSOS;-207.352.269;-466.037.303;Q03006 - TREINAMENTO DE FORMACAO DE BRIGADAS (C) (Prioridade: 2 - Média);1CIA IND/2CIA/1PEL(PASSOS);BM1317692;Não;Não;Não;BOLETIM DE OCORRENCIA;Classificada;15/03/2022 18:18;Não
2022-21250929-6;(BM) 2022-011214175-001;15/03/2022 14:00;RUA RIO DE JANEIRO, Nº 575 - BELA VISTA - PASSOS;-207.158.086;-465.962.952;P01001 - VISTORIA DE FISCALIZACAO (C) (Prioridade: 2 - Média);1CIA IND/2CIA/PEL PREV E VIST(PASSOS);APF01362;Não;Não;Não;BOLETIM DE OCORRENCIA;Classificada;15/03/2022 18:18;Não
2022-21251153-0;(BM) 2022-011218684-001;15/03/2022 14:12;RUA DOUTOR CARVALHO, Nº 1455 - NOSSA SENHORA DAS GRAÇAS - PASSOS;-207.352.269;-466.037.303;Q03006 - TREINAMENTO DE FORMACAO DE BRIGADAS (C) (Prioridade: 2 - Média);1CIA IND/2CIA/1PEL(PASSOS);BM1235613;Não;Não;Não;BOLETIM DE OCORRENCIA;Classificada;15/03/2022 18:19;Não
2022-21251462-4;(BM) 2022-011221374-001;15/03/2022 14:30;RUA RIO DE JANEIRO, Nº 592 - BELA VISTA - PASSOS;-207.157.693;-465.959.541;V01006 - VITIMA COM DIFICULDADE DE LOCOMOCAO (C) (Prioridade: 1 - Alta);1CIA IND/2CIA/1PEL(PASSOS);UR0565;Não;Não;Não;BOLETIM DE OCORRENCIA;Classificada;15/03/2022 18:19;Não
2022-21252759-9;(BM) 2022-011238434-001;15/03/2022 15:45;RUA IPIRANGA, Nº 200 - VILA RICA - PASSOS;-207.255.388;-46.597.117;V01008 - VITIMA COM DOR ABDOMINAL (ABDOME AGUDO) (C) (Prioridade: 1 - Alta);1CIA IND/2CIA/1PEL(PASSOS);UR0565;Não;Não;Não;BOLETIM DE OCORRENCIA;Classificada;15/03/2022 18:19;Não
2022-21254210-8;(BM) 2022-011255472-001;15/03/2022 17:09;RUA PADRE AURELIANO INACIO DE ANDRADE, Nº 141 - PENHA 2 - PASSOS;-207.176.718;-466.321.783;V03021 - VITIMA DE SUICIDIO (TENTATIVA) - APH TRAUMA (C) (Prioridade: 1 - Alta);1CIA IND/2CIA/1PEL(PASSOS);UR0565;Não;Não;Não;BOLETIM DE OCORRENCIA;Classificada;15/03/2022 18:19;Não
2022-21260267-0;(BM) 2022-011317905-001;16/03/2022 02:15;RUA DOUTOR CARVALHO, Nº 222 - CENTRO - PASSOS;-207.237.706;-46.607.898;V01023 - VITIMA DE SINCOPE (DESMAIO)/VERTIGEM (C) (Prioridade: 1 - Alta);1CIA IND/2CIA/1PEL(PASSOS);UR0565;Não;Não;Não;BOLETIM DE OCORRENCIA;Classificada;16/03/2022 03:13;Não
2022-21261369-5;(BM) 2022-011328281-001;16/03/2022 07:51;RUA JUIZ DE FORA / RUA VIRGINIA - COHAB 2 - PASSOS;-207.110.823;-466.281.696;V02502 - VITIMA DE QUEDA (MOTOCICLISTA) (C) (Prioridade: 1 - Alta);1CIA IND/2CIA/1PEL(PASSOS);UR0565;Não;Não;Não;BOLETIM DE OCORRENCIA;Classificada;17/03/2022 07:56;Não
2022-21261573-1;(BM) 2022-011331818-001;16/03/2022 08:12;RUA DOUTOR CARVALHO, Nº 1455 - NOSSA SENHORA DAS GRAÇAS - PASSOS;-207.352.269;-466.037.303;Q03006 - TREINAMENTO DE FORMACAO DE BRIGADAS (C) (Prioridade: 2 - Média);1CIA IND/2CIA/1PEL(PASSOS);BM1787076;Não;Não;Não;BOLETIM DE OCORRENCIA;Classificada;17/03/2022 07:57;Não
2022-21261860-3;(BM) 2022-011332524-001;16/03/2022 08:37;RUA CURITIBA, Nº 47 - CENTRO - BOM JESUS DA PENHA;-210.170.155;-465.207.249;P01002 - VISTORIA DE LIBERACAO / EMISSAO DE AVCB (C) (Prioridade: 2 - Média);1CIA IND/2CIA/PEL PREV E VIST(PASSOS);APF01362;Não;Não;Não;BOLETIM DE OCORRENCIA;Classificada;17/03/2022 07:57;Não
2022-21261999-3;(BM) 2022-011334705-001;16/03/2022 08:54;RODOVIA MG050, Nº 8 - PASSOS;-207.331.352;-465.723.036;Y40035 - APOIO DE SOLO EM OPERACOES AEREAS (C) (Prioridade: 2 - Média);1CIA IND/2CIA/1PEL(PASSOS);UR0565;Não;Não;Não;BOLETIM DE OCORRENCIA;Classificada;17/03/2022 07:56;Não
2022-21262962-9;(BM) 2022-011347080-001;16/03/2022 10:20;RUA DOUTOR CARVALHO, Nº 1455 - NOSSA SENHORA DAS GRAÇAS - PASSOS;-207.352.269;-466.037.303;Q03005 - TREINAMENTO DE SALVAMENTO TERRESTRE (C) (Prioridade: 2 - Média);1CIA IND/2CIA/1PEL(PASSOS);BM1787076;Não;Não;Não;BOLETIM DE OCORRENCIA;Classificada;17/03/2022 07:56;Não
2022-21264557-1;(BM) 2022-011365775-001;16/03/2022 12:53;RUA BAHIA, Nº S/N - BELA VISTA - PASSOS;-207.164.022;-466.008.283;O02027 - INCENDIO VEIC. AUTOMOTOR (EXCETO TANQUE/ONIBUS/MICRO-ONIBUS) (C) (Prioridade: 1 - Alta);1CIA IND/2CIA/1PEL(PASSOS);ABTS0495;Não;Não;Não;BOLETIM DE OCORRENCIA;Classificada;17/03/2022 07:56;Não
2022-21265868-7;(BM) 2022-011381884-001;16/03/2022 14:38;RUA ESPIRITO SANTO, Nº 217 - BELA VISTA - PASSOS;-207.178.032;-465.991.501;V01018 - VITIMA DE MAL NAO DEFINIDO (DISTURBIO) (C) (Prioridade: 1 - Alta);1CIA IND/2CIA/1PEL(PASSOS);UR0565;Não;Não;Não;BOLETIM DE OCORRENCIA;Classificada;17/03/2022 07:56;Não
2022-21266374-2;(BM) 2022-011387853-001;16/03/2022 15:08;RUA DO MEIO, Nº 50 - NOVO HORIZONTE - PASSOS;;;V01018 - VITIMA DE MAL NAO DEFINIDO (DISTURBIO) (C) (Prioridade: 1 - Alta);1CIA IND/2CIA/1PEL(PASSOS);UR0565;Não;Não;Não;BOLETIM DE OCORRENCIA;Classificada;17/03/2022 07:56;Não
2022-21266758-4;(BM) 2022-011409190-001;16/03/2022 15:30;AVENIDA AMAZONAS, Nº 209 - BELA VISTA - PASSOS;-207.165.247;-466.003.647;S07001 - VAZAMENTO DE GLP/GAS NATURAL (COZINHA) (C) (Prioridade: 1 - Alta);1CIA IND/2CIA/1PEL(PASSOS);ASL00064;Não;Não;Não;BOLETIM DE OCORRENCIA;Classificada;17/03/2022 07:56;Não
2022-21267456-0;(BM) 2022-011409106-001;16/03/2022 16:13;RUA CONTORNO, Nº 396 - SAO BENEDITO - PASSOS;-20.718.213;-466.025.676;S06007 - CORTE / PODA DE ARVORE COM RISCO IMINENTE DE QUEDA (C) (Prioridade: 2 - Média);1CIA IND/2CIA/1PEL(PASSOS);ASL00064;Não;Não;Não;BOLETIM DE OCORRENCIA;Classificada;17/03/2022 07:56;Não
2022-21267642-5;(BM) 2022-011408954-001;16/03/2022 16:24;AVENIDA BRASILIA, Nº 112 - JARDIM PLANALTO - PASSOS;-207.177.663;-466.262.378;V01013 - VITIMA DE EMERGENCIAS PSIQUIATRICAS (C) (Prioridade: 1 - Alta);1CIA IND/2CIA/1PEL(PASSOS);UR0565;Não;Não;Não;BOLETIM DE OCORRENCIA;Classificada;17/03/2022 07:56;Não
2022-21268634-2;(BM) 2022-011417498-001;16/03/2022 17:29;ESTRADA MUMBUCA, Nº S/N - PASSOS;-20.890.833;-46.593.611;W10000 - DISPENSADA POR DUPLICIDADE DE EMPENHO COM OUTROS ORGAOS (C) (Prioridade: 1 - Alta);1CIA IND/2CIA/1PEL(PASSOS);UR0565;Não;Não;Não;BOLETIM DE OCORRENCIA;Classificada;17/03/2022 07:55;Não
2022-21269341-0;(BM) 2022-011423426-001;16/03/2022 18:16;AVENIDA JUCA STOCKLER, Nº 1777 - MONSENHOR MESSIAS - PASSOS;-207.390.225;-466.016.599;W03000 - SOLICITANTE ENCONTRADO - PROVIDENCIA DISPENSADA (C) (Prioridade: 3 - Baixa);1CIA IND/2CIA/1PEL(PASSOS);UR0565;Não;Não;Não;BOLETIM DE OCORRENCIA;Classificada;17/03/2022 07:55;Não
2022-21269657-3;(BM) 2022-011426592-001;16/03/2022 18:40;RUA VEGA, Nº 357 - JARDIM SATELITE - PASSOS;-207.128.494;-46.619.588;S06005 - CAPTURA DE INSETOS (C) (Prioridade: 2 - Média);1CIA IND/2CIA/1PEL(PASSOS);ASL00064;Não;Não;Não;BOLETIM DE OCORRENCIA;Classificada;17/03/2022 07:56;Não
2022-21270591-4;(BM) 2022-011435706-001;16/03/2022 19:44;RUA ALMENARA, Nº 62 - CALIFORNIA - PASSOS;-207.001.738;-466.166.574;V01020 - VITIMA COM PARADA CARDIORRESPIRATORIA (C) (Prioridade: 1 - Alta);1CIA IND/2CIA/1PEL(PASSOS);UR0565;Não;Não;Não;BOLETIM DE OCORRENCIA;Classificada;17/03/2022 07:55;Não
2022-21270851-3;;16/03/2022 20:05;RUA ALMENARA, Nº 62 - CALIFORNIA - PASSOS;-207.001.738;-466.166.574;V01021 - VITIMA COM PARADA RESPIRATORIA (C) (Prioridade: 1 - Alta);1CIA IND/2CIA/1PEL(PASSOS);;Não;Não;Não;DUPLICADA;Classificada;16/03/2022 20:06;Não
2022-21274721-0;(BM) 2022-011477369-001;17/03/2022 03:30;RUA CURITIBA, Nº 278 - JARDIM COLEGIO DE PASSOS - PASSOS;-207.200.069;-465.954.504;V03018 - VITIMA DE QUEDA DA PROPRIA ALTURA (C) (Prioridade: 1 - Alta);1CIA IND/2CIA/1PEL(PASSOS);UR0565;Não;Não;Não;BOLETIM DE OCORRENCIA;Classificada;17/03/2022 07:55;Não
2022-21277029-6;(BM) 2022-011511850-001;17/03/2022 09:51;AVENIDA PINHEIRO, Nº 2267 - SERRA DAS BRISAS - PASSOS;-207.341.236;-465.950.756;P01001 - VISTORIA DE FISCALIZACAO (C) (Prioridade: 2 - Média);1CIA IND/2CIA/PEL PREV E VIST(PASSOS);APF01362;Não;Não;Não;BOLETIM DE OCORRENCIA;Classificada;18/03/2022 07:44;Não
2022-21277065-0;(BM) 2022-011516474-001;17/03/2022 09:52;RUA DUQUE CAXIAS, Nº 46 - CANDEIAS - PASSOS;-207.242.474;-466.147.628;V01003 - VITIMA COM CRISE CONVULSIVA (C) (Prioridade: 1 - Alta);1CIA IND/2CIA/1PEL(PASSOS);UR0565;Não;Não;Não;BOLETIM DE OCORRENCIA;Classificada;18/03/2022 07:44;Não
2022-21277493-3;(BM) 2022-011519411-001;17/03/2022 10:27;RODOVIA MG 050, Nº 40 - MONSENHOR MESSIAS - PASSOS;-207.386.288;-465.979.551;S04004 - DESABAMENTO / DESMORONAMENTO / COLAPSO DE ESTRUTURAS (C) (Prioridade: 1 - Alta);1CIA IND/2CIA/1PEL(PASSOS);ASL00064;Não;Não;Não;BOLETIM DE OCORRENCIA;Classificada;18/03/2022 07:43;Não
2022-21278204-0;(BM) 2022-011516277-001;17/03/2022 11:29;RUA ALBERTINO FERREIRA ROSA, Nº S/N - JARDIM CANADA - PASSOS;-207.477.042;-466.095.863;P01001 - VISTORIA DE FISCALIZACAO (C) (Prioridade: 2 - Média);1CIA IND/2CIA/PEL PREV E VIST(PASSOS);APF01362;Não;Não;Não;BOLETIM DE OCORRENCIA;Classificada;18/03/2022 07:44;Não
2022-21284305-1;(BM) 2022-011587527-001;17/03/2022 18:34;RUA JAIR SOARES DA SILVA, Nº 17 - VILA BETINHO - PASSOS;-207.170.852;-46.636.995;S06002 - CAPTURA DE ANIMAL SILVESTRE PERIGOSO / AGRESSIVO (C) (Prioridade: 2 - Média);1CIA IND/2CIA/1PEL(PASSOS);ASL00064;Não;Não;Não;BOLETIM DE OCORRENCIA;Classificada;18/03/2022 07:44;Não
2022-21285187-2;(BM) 2022-011596725-001;17/03/2022 19:35;AVENIDA JUPITER, Nº S/N - JARDIM SATELITE - PASSOS;-207.087.452;-466.208.573;P02011 - VISTORIA EM ENXAME DE INSETOS (C) (Prioridade: 2 - Média);1CIA IND/2CIA/1PEL(PASSOS);ASL00064;Não;Não;Não;BOLETIM DE OCORRENCIA;Classificada;18/03/2022 07:44;Não
2022-21285780-0;(BM) 2022-011602239-001;17/03/2022 20:12;AVENIDA JK, Nº S/N - MONSENHOR MESSIAS - PASSOS;-207.342.178;-465.979.772;V01001 - VITIMA DE ACIDENTE VASCULAR CEREBRAL (AVC) (C) (Prioridade: 1 - Alta);1CIA IND/2CIA/1PEL(PASSOS);UR0565;Não;Não;Não;BOLETIM DE OCORRENCIA;Classificada;18/03/2022 07:43;Não
2022-21290557-9;(BM) 2022-011653726-001;18/03/2022 07:55;RUA CARLOS MAGNO VIEIRA LEAL, Nº 199 - FLAMBOYANT - PASSOS;-207.560.569;-46.604.616;V01003 - VITIMA COM CRISE CONVULSIVA (C) (Prioridade: 1 - Alta);1CIA IND/2CIA/1PEL(PASSOS);UR0565;Não;Não;Não;BOLETIM DE OCORRENCIA;Classificada;19/03/2022 07:18;Não
2022-21290597-3;(BM) 2022-011652041-001;18/03/2022 07:59;RUA PERNAMBUCO, Nº 482 - BELA VISTA - PASSOS;-207.155.339;-46.597.398;O04012 - INCENDIO EM LOTE VAGO (AREA URBANA) (C) (Prioridade: 2 - Média);1CIA IND/2CIA/1PEL(PASSOS);ABTS0495;Não;Não;Não;BOLETIM DE OCORRENCIA;Classificada;19/03/2022 07:16;Não
2022-21291019-2;(BM) 2022-011653560-001;18/03/2022 08:40;RUA PARACATU, Nº 366 - CENTENARIO - PASSOS;-207.324.034;-466.132.347;P01001 - VISTORIA DE FISCALIZACAO (C) (Prioridade: 2 - Média);1CIA IND/2CIA/PEL PREV E VIST(PASSOS);APF01362;Não;Não;Não;BOLETIM DE OCORRENCIA;Classificada;19/03/2022 07:17;Não
2022-21291383-5;(BM) 2022-011693076-001;18/03/2022 09:12;RUA DOUTOR CARVALHO, Nº 1455 - NOSSA SENHORA DAS GRAÇAS - PASSOS;-207.352.269;-466.037.303;Q05002 - PROJETO DE DIVULGACAO DA NATACAO (C) (Prioridade: 1 - Alta);1CIA IND/2CIA/1PEL(PASSOS);BM1549807;Não;Não;Não;BOLETIM DE OCORRENCIA;Classificada;19/03/2022 07:18;Não
2022-21291385-0;(BM) 2022-011663790-001;18/03/2022 09:13;RUA PARANA, Nº 1020 - BELA VISTA 2 - PASSOS;-207.118.855;-46.597.048;P01001 - VISTORIA DE FISCALIZACAO (C) (Prioridade: 2 - Média);1CIA IND/2CIA/PEL PREV E VIST(PASSOS);APF01362;Não;Não;Não;BOLETIM DE OCORRENCIA;Classificada;19/03/2022 07:17;Não
2022-21293588-9;(BM) 2022-011691456-001;18/03/2022 12:26;RODOVIA MG050, Nº 8 - PASSOS;-207.331.352;-465.723.036;Y40035 - APOIO DE SOLO EM OPERACOES AEREAS (C) (Prioridade: 2 - Média);1CIA IND/2CIA/1PEL(PASSOS);UR0565;Não;Não;Não;BOLETIM DE OCORRENCIA;Classificada;19/03/2022 07:17;Não
2022-21294126-9;(BM) 2022-011692827-001;18/03/2022 13:29;CHACARA ESTRADA GLORIA CANTEIROS, Nº S/N - SAO JOAO BATISTA GLORIA;-205.756.409;-464.101.662;V02502 - VITIMA DE QUEDA (MOTOCICLISTA) (C) (Prioridade: 1 - Alta);1CIA IND/2CIA/1PEL(PASSOS);ASL00064;Não;Não;Não;BOLETIM DE OCORRENCIA;Classificada;19/03/2022 07:18;Não
2022-21299085-0;(BM) 2022-011752258-001;18/03/2022 18:48;RUA ITAJAI, Nº S/N - SERRA DAS BRISAS - PASSOS;-207.329.965;-465.981.406;S06001 - SALVAMENTO DE ANIMAL EM RISCO / PERIGO (C) (Prioridade: 2 - Média);1CIA IND/2CIA/1PEL(PASSOS);ABTS0495;Não;Não;Não;BOLETIM DE OCORRENCIA;Classificada;19/03/2022 07:17;Não
2022-21300446-8;(BM) 2022-011764001-001;18/03/2022 20:23;RUA BARAO DE PASSOS, Nº 1785 - SANTA LUZIA - PASSOS;-207.098.843;-465.978.186;R01999 - OUTROS TIPOS DE ACOES DE APOIO A COMUNIDADE   (C) (Prioridade: 2 - Média);1CIA IND/2CIA/1PEL(PASSOS);ABTS0495;Não;Não;Não;BOLETIM DE OCORRENCIA;Classificada;19/03/2022 07:17;Não
2022-21302654-6;(BM) 2022-011784043-001;18/03/2022 22:56;RUA DOUTOR CARVALHO, Nº 1455 - NOSSA SENHORA DAS GRAÇAS - PASSOS;-207.352.269;-466.037.303;V01018 - VITIMA DE MAL NAO DEFINIDO (DISTURBIO) (C) (Prioridade: 1 - Alta);1CIA IND/2CIA/1PEL(PASSOS);UR0565;Não;Não;Não;BOLETIM DE OCORRENCIA;Classificada;19/03/2022 07:18;Não
2022-21305053-2;(BM) 2022-011805809-001;19/03/2022 02:31;RODOVIA MG 050, Nº S/N - PASSOS;-207.371.492;-466.395.925;V03019 - VITIMA DE QUEDA DE ALTURA (C) (Prioridade: 1 - Alta);1CIA IND/2CIA/1PEL(PASSOS);UR0565 / ABTS0495;Não;Não;Não;BOLETIM DE OCORRENCIA;Classificada;19/03/2022 07:19;Não
2022-21307133-0;(BM) 2022-011825903-001;19/03/2022 09:20;RUA ESTUDANTES, Nº 45 - PENHA - PASSOS;-207.174.706;-466.188.204;V01006 - VITIMA COM DIFICULDADE DE LOCOMOCAO (C) (Prioridade: 1 - Alta);1CIA IND/2CIA/1PEL(PASSOS);UR0565;Não;Não;Não;ATENDIDA PELO SAMU;Classificada;19/03/2022 10:42;Não
2022-21308023-8;(BM) 2022-011830317-001;19/03/2022 11:03;RUA BARTOLOMEU DE GUSMAO, Nº 236 - BELO HORIZONTE - PASSOS;-207.267.475;-466.073.585;V01001 - VITIMA DE ACIDENTE VASCULAR CEREBRAL (AVC) (C) (Prioridade: 1 - Alta);1CIA IND/2CIA/1PEL(PASSOS);UR0565;Não;Não;Não;BOLETIM DE OCORRENCIA;Classificada;20/03/2022 21:07;Não
2022-21308342-6;(BM) 2022-011830793-001;19/03/2022 11:37;FAZENDA BANANAL - ENTRADA, Nº S/N - PASSOS;-206.482.248;-467.906.912;W03000 - SOLICITANTE ENCONTRADO - PROVIDENCIA DISPENSADA (C) (Prioridade: 3 - Baixa);1CIA IND/2CIA/1PEL(PASSOS);ASL00064;Não;Não;Não;BOLETIM DE OCORRENCIA;Classificada;20/03/2022 21:04;Não
2022-21309380-0;(BM) 2022-011854749-001;19/03/2022 13:47;AVENIDA COMENDADOR FRANCISCO A MAIA, Nº 1720 - SANTA CASA - PASSOS;-207.141.667;-466.122.802;O04012 - INCENDIO EM LOTE VAGO (AREA URBANA) (C) (Prioridade: 2 - Média);1CIA IND/2CIA/1PEL(PASSOS);ABTS0495;Não;Não;Não;BOLETIM DE OCORRENCIA;Classificada;20/03/2022 21:05;Não
2022-21314490-8;(BM) 2022-011890153-001;19/03/2022 20:02;RUA FLORIANO MENDES DOS SANTOS, Nº 71 - JARDIM FLORENCA - PASSOS;-206.915.899;-466.124.992;S06002 - CAPTURA DE ANIMAL SILVESTRE PERIGOSO / AGRESSIVO (C) (Prioridade: 2 - Média);1CIA IND/2CIA/1PEL(PASSOS);ABTS0495;Não;Não;Não;BOLETIM DE OCORRENCIA;Classificada;20/03/2022 21:05;Não
2022-21314649-3;(BM) 2022-011890090-001;19/03/2022 20:13;REPRESA MASCARENHAS DE MORAIS - PONTE PASSOS GLORIA, Nº S/N - PASSOS;-20.660.636;-465.338.363;S04008 - SALVAMENTO DE PESSOA ILHADA (C) (Prioridade: 2 - Média);1CIA IND/2CIA/1PEL(PASSOS);ASL00064;Não;Não;Não;BOLETIM DE OCORRENCIA;Classificada;20/03/2022 21:05;Não
2022-21318421-7;(BM) 2022-011914141-001;20/03/2022 00:09;AVENIDA EXPEDICIONARIOS, Nº S/N - MIRANTE DO VALE - PASSOS;-207.256.744;-465.818.365;S06002 - CAPTURA DE ANIMAL SILVESTRE PERIGOSO / AGRESSIVO (C) (Prioridade: 2 - Média);1CIA IND/2CIA/1PEL(PASSOS);ASL00064;Não;Não;Não;BOLETIM DE OCORRENCIA;Classificada;20/03/2022 21:06;Não
2022-21319854-0;(BM) 2022-011923430-001;20/03/2022 01:34;AVENIDA COMENDADOR FRANCISCO A MAIA, Nº 4202 - NOSSA SENHORA DAS GRAÇAS - PASSOS;-207.342.078;-466.050.664;V02502 - VITIMA DE QUEDA (MOTOCICLISTA) (C) (Prioridade: 1 - Alta);1CIA IND/2CIA/1PEL(PASSOS);UR0565;Não;Não;Não;BOLETIM DE OCORRENCIA;Classificada;20/03/2022 21:07;Não
2022-21322412-0;(BM) 2022-011939067-001;20/03/2022 08:16;RUA GARCA, Nº 21 - NOSSA SENHORA DAS GRAÇAS - PASSOS;-207.385.793;-466.036.136;S06002 - CAPTURA DE ANIMAL SILVESTRE PERIGOSO / AGRESSIVO (C) (Prioridade: 2 - Média);1CIA IND/2CIA/1PEL(PASSOS);ASL00064;Não;Não;Não;BOLETIM DE OCORRENCIA;Classificada;21/03/2022 07:28;Não
2022-21324082-8;(BM) 2022-012022802-001;20/03/2022 12:23;RUA VITORIA, Nº 208 - JARDIM COLEGIO DE PASSOS - PASSOS;-207.209.551;-465.945.264;V01013 - VITIMA DE EMERGENCIAS PSIQUIATRICAS (C) (Prioridade: 1 - Alta);1CIA IND/2CIA/1PEL(PASSOS);UR0565;Não;Não;Não;BOLETIM DE OCORRENCIA;Classificada;21/03/2022 07:28;Não
2022-21324266-0;(BM) 2022-011954880-001;20/03/2022 12:53;RUA BAHIA, Nº 566 - BELA VISTA - PASSOS;-207.141.704;-465.985.557;V01022 - VITIMA PARTURIENTE / EMERGENCIAS OBSTETRICAS (C) (Prioridade: 1 - Alta);1CIA IND/2CIA/1PEL(PASSOS);UR0565;Não;Não;Não;BOLETIM DE OCORRENCIA;Classificada;21/03/2022 07:28;Não
2022-21327623-2;(BM) 2022-011987600-001;20/03/2022 17:40;RUA PEDRO SICAR ROMANELLI, Nº 141 - COHAB 3 - PASSOS;-207.018.864;-466.253.324;V02502 - VITIMA DE QUEDA (MOTOCICLISTA) (C) (Prioridade: 1 - Alta);1CIA IND/2CIA/1PEL(PASSOS);UR0565;Não;Não;Não;BOLETIM DE OCORRENCIA;Classificada;21/03/2022 07:28;Não
2022-21331753-1;(BM) 2022-012022869-001;20/03/2022 22:22;RUA CAMPOS GERAIS, Nº 1136 - JARDIM ELAINE - PASSOS;-206.970.396;-466.146.498;V01019 - VITIMA COM OBSTRUCAO DE VIAS AEREAS POR CORPOS ESTRANHOS (C) (Prioridade: 1 - Alta);1CIA IND/2CIA/1PEL(PASSOS);UR0565;Não;Não;Não;BOLETIM DE OCORRENCIA;Classificada;21/03/2022 07:28;Não
2022-21334015-7;(BM) 2022-012039251-001;21/03/2022 02:35;RUA ALPENINOS, Nº 100 - CALIFORNIA - PASSOS;-207.057.042;-466.153.363;V03018 - VITIMA DE QUEDA DA PROPRIA ALTURA (C) (Prioridade: 1 - Alta);1CIA IND/2CIA/1PEL(PASSOS);UR0565;Não;Não;Não;BOLETIM DE OCORRENCIA;Classificada;21/03/2022 07:28;Não
2022-21335803-0;(BM) 2022-012056168-001;21/03/2022 08:53;RUA DOUTOR CARVALHO, Nº 1455 - NOSSA SENHORA DAS GRAÇAS - PASSOS;-207.352.269;-466.037.303;Q05002 - PROJETO DE DIVULGACAO DA NATACAO (C) (Prioridade: 1 - Alta);1CIA IND/2CIA/1PEL(PASSOS);BM1549807;Não;Não;Não;BOLETIM DE OCORRENCIA;Classificada;22/03/2022 23:05;Não
2022-21335851-2;(BM) 2022-012056640-001;21/03/2022 08:57;RUA JOAO PIMENTA, Nº 128 - SAO BENEDITO - PASSOS;-207.216.968;-466.004.388;V01007 - VITIMA COM DISPNEIA (FALTA DE AR) (C) (Prioridade: 1 - Alta);1CIA IND/2CIA/1PEL(PASSOS);UR0565;Não;Não;Não;BOLETIM DE OCORRENCIA;Classificada;22/03/2022 23:05;Não
2022-21339951-9;(BM) 2022-012107224-001;21/03/2022 14:42;RUA HONDURAS, Nº 113 - POLIVALENTE - PASSOS;-20.699.828;-466.028.585;V01003 - VITIMA COM CRISE CONVULSIVA (C) (Prioridade: 1 - Alta);1CIA IND/2CIA/1PEL(PASSOS);UR0565;Não;Não;Não;BOLETIM DE OCORRENCIA;Classificada;22/03/2022 23:05;Não
2022-21341016-0;(BM) 2022-012129328-001;21/03/2022 15:36;RUA VITORIA REGIA, Nº 100 - PANORAMA - PASSOS;-207.097.087;-466.155;O02024 - INCENDIO EM CENTRAL DE ENERGIA / COMUNICACOES (C) (Prioridade: 1 - Alta);1CIA IND/2CIA/1PEL(PASSOS);ABTS0495;Não;Não;Não;BOLETIM DE OCORRENCIA;Classificada;22/03/2022 23:05;Não
2022-21341983-8;(BM) 2022-012132271-001;21/03/2022 16:35;RUA BARIRIS, Nº 408 - SAO JOAQUIM - PASSOS;-207.436.319;-466.026.914;V03018 - VITIMA DE QUEDA DA PROPRIA ALTURA (C) (Prioridade: 1 - Alta);1CIA IND/2CIA/1PEL(PASSOS);UR0565;Não;Não;Não;BOLETIM DE OCORRENCIA;Classificada;22/03/2022 23:05;Não
2022-21342515-5;(BM) 2022-012205143-001;21/03/2022 17:05;RUA AMAPA, Nº 2410 - RECANTO DA HARMONIA - PASSOS;-2.070.383;-465.929.839;S06002 - CAPTURA DE ANIMAL SILVESTRE PERIGOSO / AGRESSIVO (C) (Prioridade: 2 - Média);1CIA IND/2CIA/1PEL(PASSOS);ASL00064;Não;Não;Não;BOLETIM DE OCORRENCIA;Classificada;22/03/2022 23:04;Não
2022-21344922-0;(BM) 2022-012163859-002;21/03/2022 19:50;RUA CONTORNO, Nº 260 - SAO BENEDITO - PASSOS;-207.177.471;-466.043.185;S06002 - CAPTURA DE ANIMAL SILVESTRE PERIGOSO / AGRESSIVO (C) (Prioridade: 2 - Média);1CIA IND/2CIA/1PEL(PASSOS);ASL00064;Não;Não;Não;BOLETIM DE OCORRENCIA;Classificada;22/03/2022 23:04;Não
2022-21348868-8;(BM) 2022-012207287-001;22/03/2022 06:40;RODOVIA MG 050, Nº S/N - PASSOS;-207.371.492;-466.395.925;V02408 - VITIMA DE COLISAO ENTRE AUTOMOVEL X MOTOCICLETA (C) (Prioridade: 1 - Alta);1CIA IND/2CIA/1PEL(PASSOS);UR0565 / ABTS0495;Não;Não;Não;BOLETIM DE OCORRENCIA;Classificada;22/03/2022 23:06;Não
2022-21349502-1;(BM) 2022-012213908-001;22/03/2022 08:09;RUA UIRAPURU, Nº 557 - PARQUE DA FAZENDA - PASSOS;-207.383.756;-466.080.769;P01001 - VISTORIA DE FISCALIZACAO (C) (Prioridade: 2 - Média);1CIA IND/2CIA/PEL PREV E VIST(PASSOS);APF01362;Não;Não;Não;BOLETIM DE OCORRENCIA;Classificada;23/03/2022 07:19;Não
2022-21349688-1;(BM) 2022-012216102-001;22/03/2022 08:27;RUA PICA PAU, Nº 60 - PARQUE DA FAZENDA - PASSOS;-207.369.006;-466.080.013;P01001 - VISTORIA DE FISCALIZACAO (C) (Prioridade: 2 - Média);1CIA IND/2CIA/PEL PREV E VIST(PASSOS);APF01362;Não;Não;Não;BOLETIM DE OCORRENCIA;Classificada;23/03/2022 07:20;Não
2022-21349836-7;(BM) 2022-012216654-001;22/03/2022 08:40;RUA MARIA FRANCISCA DE JESUS, Nº 132 - JARDIM CANADA - PASSOS;-207.528.315;-466.068.011;P01001 - VISTORIA DE FISCALIZACAO (C) (Prioridade: 2 - Média);1CIA IND/2CIA/PEL PREV E VIST(PASSOS);APF01362;Não;Não;Não;BOLETIM DE OCORRENCIA;Classificada;23/03/2022 07:20;Não
2022-21349997-6;(BM) 2022-012218261-001;22/03/2022 08:59;RUA SAO LOURENCO, Nº 60 - MUARAMA - PASSOS;-207.315.427;-466.149.392;P01001 - VISTORIA DE FISCALIZACAO (C) (Prioridade: 2 - Média);1CIA IND/2CIA/PEL PREV E VIST(PASSOS);APF01362;Não;Não;Não;BOLETIM DE OCORRENCIA;Classificada;23/03/2022 07:20;Não
2022-21350490-1;(BM) 2022-012230303-001;22/03/2022 09:37;AVENIDA JUCA STOCKLER, Nº S/N - SAO JOAQUIM - PASSOS;-207.420.993;-46.600.964;P03001 - PERIGO DE DERRAPAGEM (C) (Prioridade: 2 - Média);1CIA IND/2CIA/1PEL(PASSOS);ABTS0495;Não;Não;Não;BOLETIM DE OCORRENCIA;Classificada;23/03/2022 07:20;Não
2022-21351383-7;(BM) 2022-012286834-001;22/03/2022 10:55;RUA JESO RIBEIRO DE ABREU, Nº 330 - NOVA CALIFORNIA - PASSOS;-207.001.839;-46.621.501;V01018 - VITIMA DE MAL NAO DEFINIDO (DISTURBIO) (C) (Prioridade: 1 - Alta);1CIA IND/2CIA/1PEL(PASSOS);UR0565;Não;Não;Não;BOLETIM DE OCORRENCIA;Classificada;23/03/2022 07:20;Não
2022-21351540-3;(BM) 2022-012243553-001;22/03/2022 11:06;RODOVIA MG 050, Nº S/N - PASSOS;-207.371.492;-466.395.925;S05201 - CAPOTAMENTO DE AUTOMOVEL (CARRO, CAMIONETA, CAMINHONETE) (C) (Prioridade: 1 - Alta);1CIA IND/2CIA/1PEL(PASSOS);ABTS0495;Não;Não;Não;BOLETIM DE OCORRENCIA;Classificada;23/03/2022 07:21;Não
2022-21352997-4;(BM) 2022-012257440-001;22/03/2022 13:42;RUA CORONEL NECA MEDEIROS, Nº 47 - CENTRO - PASSOS;-207.207.497;-466.099.633;P01002 - VISTORIA DE LIBERACAO / EMISSAO DE AVCB (C) (Prioridade: 2 - Média);1CIA IND/2CIA/PEL PREV E VIST(PASSOS);APF01362;Não;Não;Não;BOLETIM DE OCORRENCIA;Classificada;23/03/2022 07:20;Não
2022-21353605-8;(BM) 2022-012269081-001;22/03/2022 14:26;RUA SELENITA, Nº 416 - ACLIMACAO - PASSOS;-207.517.623;-46.596.814;P01002 - VISTORIA DE LIBERACAO / EMISSAO DE AVCB (C) (Prioridade: 2 - Média);1CIA IND/2CIA/PEL PREV E VIST(PASSOS);APF01362;Não;Não;Não;BOLETIM DE OCORRENCIA;Classificada;23/03/2022 07:20;Não
2022-21355351-2;(BM) 2022-012302789-001;22/03/2022 15:58;RUA GEMEOS, Nº S/N - SERRA VERDE - PASSOS;-207.406.317;-46.594.351;V01003 - VITIMA COM CRISE CONVULSIVA (C) (Prioridade: 1 - Alta);1CIA IND/2CIA/1PEL(PASSOS);UR0565;Não;Não;Não;BOLETIM DE OCORRENCIA;Classificada;23/03/2022 07:21;Não
2022-21359672-8;(BM) 2022-012332521-003;22/03/2022 20:50;RODOVIA PASSOS / GLORIA, Nº S/N - PASSOS;-20.700.737;-46.586.887;V03021 - VITIMA DE SUICIDIO (TENTATIVA) - APH TRAUMA (C) (Prioridade: 1 - Alta);1CIA IND/2CIA/1PEL(PASSOS);UR0565 / ABTS0495;Não;Não;Não;BOLETIM DE OCORRENCIA;Classificada;23/03/2022 07:21;Não
2022-21362944-4;(BM) 2022-012366190-001;23/03/2022 05:09;RUA ELZO CALIXTO MATTAR, Nº 1066 - SAO JOAO - PASSOS;-207.356.433;-466.079.559;O02001 - INCENDIO EM RESIDENCIA/HABITACAO UNIFAMILIAR (CASA) (C) (Prioridade: 1 - Alta);1CIA IND/2CIA/1PEL(PASSOS);ABTS0495;Não;Não;Não;BOLETIM DE OCORRENCIA;Classificada;23/03/2022 07:22;Não
2022-21363197-0;(BM) 2022-012368209-001;23/03/2022 06:34;RUA ELZO CALIXTO MATTAR, Nº 1191 - SAO JOAO - PASSOS;-207.363.318;-466.069.238;V01018 - VITIMA DE MAL NAO DEFINIDO (DISTURBIO) (C) (Prioridade: 1 - Alta);1CIA IND/2CIA/1PEL(PASSOS);UR0565;Não;Não;Não;BOLETIM DE OCORRENCIA;Classificada;23/03/2022 07:54;Não
2022-21363562-3;(BM) 2022-012372053-001;23/03/2022 07:30;LUGAREJO CORREGO DO FEIJAO, Nº S/N - BRUMADINHO;-201.361.111;-441.136.111;X03000 - EMPENHO ADMINISTRATIVO (C) (Prioridade: 2 - Média);1CIA IND/2CIA/1PEL(PASSOS);BM1787076 / BM1797430;Não;Não;Não;BOLETIM DE OCORRENCIA;Classificada;01/04/2022 08:32;Não
2022-21363705-9;(BM) 2022-012372840-001;23/03/2022 07:47;RUA JOAO XXIII, Nº 1114 - NOSSA SENHORA DAS GRAÇAS - PASSOS;-207.364.235;-466.058.131;P01002 - VISTORIA DE LIBERACAO / EMISSAO DE AVCB (C) (Prioridade: 2 - Média);1CIA IND/2CIA/PEL PREV E VIST(PASSOS);APF01362;Não;Não;Não;BOLETIM DE OCORRENCIA;Classificada;23/03/2022 12:08;Não
2022-21364056-3;(BM) 2022-012376337-001;23/03/2022 08:24;RUA JOAQUIM LUIZ MARQUES, Nº S/N - CARMO DO RIO CLARO;-209.633.408;-461.209.518;P01002 - VISTORIA DE LIBERACAO / EMISSAO DE AVCB (C) (Prioridade: 2 - Média);1CIA IND/2CIA/PEL PREV E VIST(PASSOS);APF01362;Não;Não;Não;BOLETIM DE OCORRENCIA;Classificada;23/03/2022 12:08;Não
2022-21364215-5;(BM) 2022-012378470-001;23/03/2022 08:38;RUA SEXTA CHAPADA, Nº 225 - BELO HORIZONTE - PASSOS;-207.266.496;-466.028.551;V01013 - VITIMA DE EMERGENCIAS PSIQUIATRICAS (C) (Prioridade: 1 - Alta);1CIA IND/2CIA/1PEL(PASSOS);UR0565;Não;Não;Não;BOLETIM DE OCORRENCIA;Classificada;23/03/2022 12:08;Não
2022-21364255-0;(BM) 2022-012378652-001;23/03/2022 08:43;TRAVESSA ARY BRASILEIRO DE CASTRO, Nº 272 - CENTRO - SAO JOSE DA BARRA;-207.163.701;-463.132.678;X03000 - EMPENHO ADMINISTRATIVO (C) (Prioridade: 2 - Média);1CIA IND/2CIA/1PEL(PASSOS);ASL00064;Não;Não;Não;BOLETIM DE OCORRENCIA;Classificada;24/03/2022 07:58;Não
2022-21365054-3;(BM) 2022-012388604-001;23/03/2022 09:50;RUA GABRIEL SANTANA, Nº 10 - CARMO DO RIO CLARO;-209.683.956;-461.215.902;P01001 - VISTORIA DE FISCALIZACAO (C) (Prioridade: 2 - Média);1CIA IND/2CIA/PEL PREV E VIST(PASSOS);APF01362;Não;Não;Não;BOLETIM DE OCORRENCIA;Classificada;23/03/2022 12:08;Não
2022-21365393-9;(BM) 2022-012394510-001;23/03/2022 10:20;RUA CAMILO ASCHAR, Nº S/N - CENTRO - CARMO DO RIO CLARO;-20.972.658;-46.116.621;P01001 - VISTORIA DE FISCALIZACAO (C) (Prioridade: 2 - Média);1CIA IND/2CIA/PEL PREV E VIST(PASSOS);APF01362;Não;Não;Não;BOLETIM DE OCORRENCIA;Classificada;23/03/2022 12:08;Não
2022-21365791-1;(BM) 2022-012398772-001;23/03/2022 10:52;RUA DOUTOR PEDRO TITO PEREIRA, Nº 192 - CENTRO - CARMO DO RIO CLARO;-209.698.939;-461.225.077;P01001 - VISTORIA DE FISCALIZACAO (C) (Prioridade: 2 - Média);1CIA IND/2CIA/PEL PREV E VIST(PASSOS);APF01362;Não;Não;Não;BOLETIM DE OCORRENCIA;Classificada;23/03/2022 12:08;Não
2022-21365997-7;(BM) 2022-012401934-001;23/03/2022 11:10;AVENIDA JUCA STOCKLER, Nº S/N - NOVO HORIZONTE - PASSOS;-207.366.397;-466.024.583;W03000 - SOLICITANTE ENCONTRADO - PROVIDENCIA DISPENSADA (C) (Prioridade: 3 - Baixa);1CIA IND/2CIA/1PEL(PASSOS);UR0565;Não;Não;Não;BOLETIM DE OCORRENCIA;Classificada;23/03/2022 12:08;Não
2022-21366169-0;(BM) 2022-012403959-001;23/03/2022 11:25;RUA WENCESLAU BRAZ, Nº 69 - CENTRO - CARMO DO RIO CLARO;-209.715.718;-461.195.623;P01001 - VISTORIA DE FISCALIZACAO (C) (Prioridade: 2 - Média);1CIA IND/2CIA/PEL PREV E VIST(PASSOS);APF01362;Não;Não;Não;BOLETIM DE OCORRENCIA;Classificada;23/03/2022 12:22;Não
2022-21366500-2;(BM) 2022-012408425-001;23/03/2022 11:55;AVENIDA COMENDADOR FRANCISCO A MAIA, Nº 2820 - MARIO MAGALHAES - PASSOS;-207.239.222;-466.123.581;W04000 - NADA CONSTATADO (C) (Prioridade: 3 - Baixa);1CIA IND/2CIA/1PEL(PASSOS);UR0565;Não;Não;Não;BOLETIM DE OCORRENCIA;Classificada;24/03/2022 07:58;Não
2022-21369361-4;(BM) 2022-012473120-001;23/03/2022 15:34;RUA DOUTOR CARVALHO, Nº 1455 - NOSSA SENHORA DAS GRAÇAS - PASSOS;-207.352.269;-466.037.303;Q03001 - TREINAMENTO DE COMBATE A INCENDIO (C) (Prioridade: 2 - Média);1CIA IND/2CIA/1PEL(PASSOS);BM1317692;Não;Não;Não;BOLETIM DE OCORRENCIA;Classificada;24/03/2022 07:58;Não
2022-21372270-9;(BM) 2022-012479380-001;23/03/2022 18:50;RUA DOUTOR CARVALHO, Nº 1455 - NOSSA SENHORA DAS GRAÇAS - PASSOS;-207.352.269;-466.037.303;V01007 - VITIMA COM DISPNEIA (FALTA DE AR) (C) (Prioridade: 1 - Alta);1CIA IND/2CIA/1PEL(PASSOS);UR0565;Não;Não;Não;BOLETIM DE OCORRENCIA;Classificada;23/03/2022 20:06;Não
2022-21375161-0;(BM) 2022-012508581-001;23/03/2022 22:38;RUA CEARA, Nº S/N - CANJERANUS - PASSOS;-207.128.353;-466.035.496;V02299 - OUTROS TIPOS DE VITIMAS DE CHOQUE (ACIDENTE) NO TRANSITO   (C) (Prioridade: 1 - Alta);1CIA IND/2CIA/1PEL(PASSOS);UR0565;Não;Não;Não;BOLETIM DE OCORRENCIA;Classificada;24/03/2022 07:58;Não
2022-21379152-0;(BM) 2022-012550329-001;24/03/2022 09:33;RUA DOUTOR CARVALHO, Nº 1455 - NOSSA SENHORA DAS GRAÇAS - PASSOS;-207.352.269;-466.037.303;X03000 - EMPENHO ADMINISTRATIVO (C) (Prioridade: 2 - Média);1CIA IND/2CIA/1PEL(PASSOS);ABTS0495;Não;Não;Não;BOLETIM DE OCORRENCIA;Classificada;25/03/2022 07:11;Não
2022-21380126-8;(BM) 2022-012563434-001;24/03/2022 10:54;RUA SANTA CATARINA, Nº 546 - BELA VISTA - PASSOS;-207.175.471;-465.952.775;P01001 - VISTORIA DE FISCALIZACAO (C) (Prioridade: 2 - Média);1CIA IND/2CIA/PEL PREV E VIST(PASSOS);APF01362;Não;Não;Não;BOLETIM DE OCORRENCIA;Classificada;25/03/2022 07:09;Não
2022-21380418-3;(BM) 2022-012566635-001;24/03/2022 11:21;RUA RIO PARDO, Nº S/N - CANJERANUS - PASSOS;-207.094.431;-466.057.166;P01001 - VISTORIA DE FISCALIZACAO (C) (Prioridade: 2 - Média);1CIA IND/2CIA/PEL PREV E VIST(PASSOS);APF01362;Não;Não;Não;BOLETIM DE OCORRENCIA;Classificada;25/03/2022 07:09;Não
2022-21380630-8;(BM) 2022-012569169-001;24/03/2022 11:38;RUA ESPIRITO SANTO, Nº 231 - BELA VISTA - PASSOS;-207.176.607;-465.989.983;P01001 - VISTORIA DE FISCALIZACAO (C) (Prioridade: 2 - Média);1CIA IND/2CIA/PEL PREV E VIST(PASSOS);APF01362;Não;Não;Não;BOLETIM DE OCORRENCIA;Classificada;25/03/2022 07:09;Não
2022-21380639-2;(BM) 2022-012569823-001;24/03/2022 11:43;RUA VENEZUELA, Nº 874 - PASSOS;-207.016.438;-466.020.068;V01009 - VITIMA COM DOR NA COLUNA VERTEBRAL (COSTAS) (C) (Prioridade: 1 - Alta);1CIA IND/2CIA/1PEL(PASSOS);UR0565;Não;Não;Não;BOLETIM DE OCORRENCIA;Classificada;25/03/2022 07:18;Não
2022-21380812-5;(BM) 2022-012571521-001;24/03/2022 11:58;RUA MARIA FRANCISCA DE JESUS, Nº 132 - JARDIM CANADA - PASSOS;-207.528.315;-466.068.011;P01001 - VISTORIA DE FISCALIZACAO (C) (Prioridade: 2 - Média);1CIA IND/2CIA/PEL PREV E VIST(PASSOS);APF01362;Não;Não;Não;BOLETIM DE OCORRENCIA;Classificada;25/03/2022 07:09;Não
2022-21381157-7;(BM) 2022-012582205-001;24/03/2022 12:42;RUA IPATINGA, Nº 168 - CALIFORNIA - PASSOS;-207.047.171;-466.157.211;V01009 - VITIMA COM DOR NA COLUNA VERTEBRAL (COSTAS) (C) (Prioridade: 1 - Alta);1CIA IND/2CIA/1PEL(PASSOS);UR0565;Não;Não;Não;BOLETIM DE OCORRENCIA;Classificada;25/03/2022 07:18;Não
2022-21381851-2;(BM) 2022-012657186-001;24/03/2022 13:44;TRAVESSA ARY BRASILEIRO DE CASTRO, Nº 180 - CENTRO - SAO JOSE DA BARRA;-207.164.246;-463.143.236;X03000 - EMPENHO ADMINISTRATIVO (C) (Prioridade: 2 - Média);1CIA IND/2CIA/PEL PREV E VIST(PASSOS);APF01362;Não;Não;Não;BOLETIM DE OCORRENCIA;Classificada;25/03/2022 07:09;Não
2022-21382638-0;(BM) 2022-012656846-001;24/03/2022 14:39;AVENIDA SABIA, Nº S/N - MUARAMA 2 - PASSOS;-207.330.855;-466.157.928;X03000 - EMPENHO ADMINISTRATIVO (C) (Prioridade: 2 - Média);1CIA IND/2CIA/1PEL(PASSOS);UR0565;Não;Não;Não;BOLETIM DE OCORRENCIA;Classificada;25/03/2022 07:18;Não
2022-21384912-1;(BM) 2022-012628548-001;24/03/2022 16:39;TRAVESSA DELFINOPOLIS, Nº 51 - PENHA - PASSOS;-207.158.783;-466.247.427;P01001 - VISTORIA DE FISCALIZACAO (C) (Prioridade: 2 - Média);1CIA IND/2CIA/PEL PREV E VIST(PASSOS);APF01362;Não;Não;Não;BOLETIM DE OCORRENCIA;Classificada;25/03/2022 07:09;Não
2022-21385264-9;(BM) 2022-012628667-001;24/03/2022 17:02;RUA GERALDO DE OLIVEIRA LIMA, Nº 407 - JARDIM PLANALTO - PASSOS;-20.718.848;-466.270.256;P01001 - VISTORIA DE FISCALIZACAO (C) (Prioridade: 2 - Média);1CIA IND/2CIA/PEL PREV E VIST(PASSOS);APF01362;Não;Não;Não;BOLETIM DE OCORRENCIA;Classificada;25/03/2022 07:09;Não
2022-21385462-2;(BM) 2022-012628808-001;24/03/2022 17:14;AVENIDA CHICO XAVIER, Nº 151 - JARDIM PLANALTO - PASSOS;-207.202.697;-466.284.527;P01001 - VISTORIA DE FISCALIZACAO (C) (Prioridade: 2 - Média);1CIA IND/2CIA/PEL PREV E VIST(PASSOS);APF01362;Não;Não;Não;BOLETIM DE OCORRENCIA;Classificada;25/03/2022 07:09;Não
2022-21385566-8;(BM) 2022-012630168-001;24/03/2022 17:21;RUA JARAGUA, Nº 203 - JARDIM PLANALTO - PASSOS;-207.192.216;-466.251.251;P01001 - VISTORIA DE FISCALIZACAO (C) (Prioridade: 2 - Média);1CIA IND/2CIA/PEL PREV E VIST(PASSOS);APF01362;Não;Não;Não;BOLETIM DE OCORRENCIA;Classificada;25/03/2022 07:09;Não
2022-21386741-1;(BM) 2022-012644616-001;24/03/2022 18:35;RUA MATO GROSSO, Nº 1122 - SANTA LUZIA - PASSOS;-207.090.936;-466.007.157;W03000 - SOLICITANTE ENCONTRADO - PROVIDENCIA DISPENSADA (C) (Prioridade: 3 - Baixa);1CIA IND/2CIA/1PEL(PASSOS);UR0565;Não;Não;Não;BOLETIM DE OCORRENCIA;Classificada;25/03/2022 07:19;Não
2022-21387049-7;(BM) 2022-012656768-001;24/03/2022 18:58;AVENIDA JK, Nº 836 - NOVO HORIZONTE - PASSOS;-207.333.774;-465.984.584;V01006 - VITIMA COM DIFICULDADE DE LOCOMOCAO (C) (Prioridade: 1 - Alta);1CIA IND/2CIA/1PEL(PASSOS);UR0565;Não;Não;Não;BOLETIM DE OCORRENCIA;Classificada;25/03/2022 07:18;Não
2022-21387716-0;(BM) 2022-012655209-002;24/03/2022 19:43;RUA GLORIA, Nº 27 - SAO BENEDITO - PASSOS;-207.213.565;-466.008.162;W04000 - NADA CONSTATADO (C) (Prioridade: 3 - Baixa);1CIA IND/2CIA/1PEL(PASSOS);UR0565 / ABTS0495;Não;Não;Não;BOLETIM DE OCORRENCIA;Classificada;25/03/2022 07:18;Não
2022-21388370-2;(BM) 2022-012658858-001;24/03/2022 20:30;AVENIDA AMAZONAS, Nº S/N - BELA VISTA - PASSOS;-207.159.283;-465.997.605;V01018 - VITIMA DE MAL NAO DEFINIDO (DISTURBIO) (C) (Prioridade: 1 - Alta);1CIA IND/2CIA/1PEL(PASSOS);UR0565;Não;Não;Não;BOLETIM DE OCORRENCIA;Classificada;25/03/2022 07:18;Não
2022-21389162-0;(BM) 2022-012668405-001;24/03/2022 21:30;RODOVIA MGC 146, Km 350 - SAO JOAO BATISTA GLORIA;-206.564.455;-465.308.634;V02502 - VITIMA DE QUEDA (MOTOCICLISTA) (C) (Prioridade: 1 - Alta);1CIA IND/2CIA/1PEL(PASSOS);UR0565;Não;Não;Não;BOLETIM DE OCORRENCIA;Classificada;25/03/2022 07:18;Não
2022-21389314-7;(BM) 2022-012668314-001;24/03/2022 21:44;RUA CAMPOS ALTOS, Nº 405 - JARDIM ELAINE - PASSOS;-206.953.154;-466.137.094;O04012 - INCENDIO EM LOTE VAGO (AREA URBANA) (C) (Prioridade: 2 - Média);1CIA IND/2CIA/1PEL(PASSOS);ABTS0495;Não;Não;Não;BOLETIM DE OCORRENCIA;Classificada;25/03/2022 07:11;Não
2022-21392093-8;(BM) 2022-012695408-001;25/03/2022 03:14;RUA DOUTOR CARVALHO, Nº 1455 - NOSSA SENHORA DAS GRAÇAS - PASSOS;-207.352.269;-466.037.303;V03012 - VITIMA COM OBJETO PRESO AO CORPO (C) (Prioridade: 1 - Alta);1CIA IND/2CIA/1PEL(PASSOS);BM1178490;Não;Não;Não;BOLETIM DE OCORRENCIA;Classificada;25/03/2022 07:09;Não
2022-21392863-3;(BM) 2022-012702784-001;25/03/2022 07:12;RUA LEMIRO JOSE PAULA, Nº 819 - ALTO DA BOA VISTA - IBIRACI;-204.737.643;-471.267.378;P01002 - VISTORIA DE LIBERACAO / EMISSAO DE AVCB (C) (Prioridade: 2 - Média);1CIA IND/2CIA/PEL PREV E VIST(PASSOS);APF01362;Não;Não;Não;BOLETIM DE OCORRENCIA;Classificada;26/03/2022 08:11;Não
2022-21393820-6;(BM) 2022-012713310-001;25/03/2022 08:51;RUA DOUTOR CARVALHO, Nº 1455 - NOSSA SENHORA DAS GRAÇAS - PASSOS;-207.352.269;-466.037.303;Q05002 - PROJETO DE DIVULGACAO DA NATACAO (C) (Prioridade: 1 - Alta);1CIA IND/2CIA/1PEL(PASSOS);BM1549807;Não;Não;Não;BOLETIM DE OCORRENCIA;Classificada;26/03/2022 08:12;Não
2022-21393971-1;(BM) 2022-012714014-001;25/03/2022 09:04;RUA JOAO PESSOA, Nº S/N - CENTRO - IBIRACI;-20.460.174;-471.241.869;P01002 - VISTORIA DE LIBERACAO / EMISSAO DE AVCB (C) (Prioridade: 2 - Média);1CIA IND/2CIA/PEL PREV E VIST(PASSOS);APF01362;Não;Não;Não;BOLETIM DE OCORRENCIA;Classificada;26/03/2022 08:11;Não
2022-21394283-4;(BM) 2022-012718655-001;25/03/2022 09:36;RUA DOS ADVOGADOS, Nº 198 - COHAB - IBIRACI;-204.605.838;-471.211.088;P01002 - VISTORIA DE LIBERACAO / EMISSAO DE AVCB (C) (Prioridade: 2 - Média);1CIA IND/2CIA/PEL PREV E VIST(PASSOS);APF01362;Não;Não;Não;BOLETIM DE OCORRENCIA;Classificada;26/03/2022 08:11;Não
2022-21394705-3;(BM) 2022-012724232-001;25/03/2022 10:15;RODOVIA MG 438, Nº 101 - IBIRACI;;;P01002 - VISTORIA DE LIBERACAO / EMISSAO DE AVCB (C) (Prioridade: 2 - Média);1CIA IND/2CIA/PEL PREV E VIST(PASSOS);APF01362;Não;Não;Não;BOLETIM DE OCORRENCIA;Classificada;26/03/2022 08:11;Não
2022-21394753-6;(BM) 2022-012724430-001;25/03/2022 10:18;RUA QUINZINHO FUNCHAL, Nº 560 - PASSOS;;;V01006 - VITIMA COM DIFICULDADE DE LOCOMOCAO (C) (Prioridade: 1 - Alta);1CIA IND/2CIA/1PEL(PASSOS);UR0565;Não;Não;Não;BOLETIM DE OCORRENCIA;Classificada;26/03/2022 08:12;Não
2022-21397316-8;(BM) 2022-012755848-001;25/03/2022 14:11;RUA ESTUDANTES, Nº 45 - PENHA - PASSOS;-207.174.706;-466.188.204;V01006 - VITIMA COM DIFICULDADE DE LOCOMOCAO (C) (Prioridade: 1 - Alta);1CIA IND/2CIA/1PEL(PASSOS);UR0565;Não;Não;Não;BOLETIM DE OCORRENCIA;Classificada;26/03/2022 08:12;Não
2022-21399021-5;(BM) 2022-012778539-001;25/03/2022 15:47;RUA QUINCA LUCIO, Nº S/N - SAO FRANCISCO - PASSOS;-207.280.592;-466.182.692;O04012 - INCENDIO EM LOTE VAGO (AREA URBANA) (C) (Prioridade: 2 - Média);1CIA IND/2CIA/1PEL(PASSOS);ABTS0495;Não;Não;Não;BOLETIM DE OCORRENCIA;Classificada;26/03/2022 08:11;Não
2022-21400789-1;(BM) 2022-012814679-001;25/03/2022 17:37;RUA ANTONIO LEMOS MAIA, Nº S/N - RECANTO DA TEKA - PASSOS;-207.457.325;-465.966.443;W04000 - NADA CONSTATADO (C) (Prioridade: 3 - Baixa);1CIA IND/2CIA/1PEL(PASSOS);ASL00064;Não;Não;Não;BOLETIM DE OCORRENCIA;Classificada;26/03/2022 08:11;Não
2022-21401206-7;(BM) 2022-012805587-001;25/03/2022 18:06;RUA ENGENHEIROS, Nº 61 - BELO HORIZONTE - PASSOS;-207.298.066;-466.081.789;W09000 - CANCELADA POR ORDEM DO ORGAO DE COORDENACAO E CONTROLE (C) (Prioridade: 3 - Baixa);1CIA IND/2CIA/1PEL(PASSOS);UR0565;Não;Não;Não;BOLETIM DE OCORRENCIA;Classificada;26/03/2022 08:11;Não
2022-21401611-5;(BM) 2022-012807664-001;25/03/2022 18:34;RUA LAERCIO ALVES GARCIA, Nº 31 - RESIDENCIAL RECANTO DOS PINHEIROS - PASSOS;-206.942.078;-466.095.288;S06002 - CAPTURA DE ANIMAL SILVESTRE PERIGOSO / AGRESSIVO (C) (Prioridade: 2 - Média);1CIA IND/2CIA/1PEL(PASSOS);ASL00064;Não;Não;Não;BOLETIM DE OCORRENCIA;Classificada;26/03/2022 08:11;Não
2022-21401972-3;(BM) 2022-012810930-001;25/03/2022 18:59;RUA CANJERANUS, Nº 1900 - SANTA LUZIA - PASSOS;-20.704.374;-466.022.268;V02408 - VITIMA DE COLISAO ENTRE AUTOMOVEL X MOTOCICLETA (C) (Prioridade: 1 - Alta);1CIA IND/2CIA/1PEL(PASSOS);UR0565;Não;Não;Não;BOLETIM DE OCORRENCIA;Classificada;26/03/2022 08:12;Não
2022-21402186-7;(BM) 2022-012813320-001;25/03/2022 19:14;RUA IPIRANGA, Nº 137 - VILA RICA - PASSOS;-207.250.994;-465.968.441;S06005 - CAPTURA DE INSETOS (C) (Prioridade: 2 - Média);1CIA IND/2CIA/1PEL(PASSOS);ASL00064;Não;Não;Não;BOLETIM DE OCORRENCIA;Classificada;26/03/2022 08:11;Não
2022-21405418-7;(BM) 2022-012850685-001;25/03/2022 22:51;RUA BARAO DE PASSOS / RUA CORONEL JOAO DE BARROS - CENTRO - PASSOS;-207.208.136;-466.109.883;V02408 - VITIMA DE COLISAO ENTRE AUTOMOVEL X MOTOCICLETA (C) (Prioridade: 1 - Alta);1CIA IND/2CIA/1PEL(PASSOS);UR0565;Não;Não;Não;BOLETIM DE OCORRENCIA;Classificada;26/03/2022 08:12;Não
2022-21409629-4;(BM) 2022-012875676-001;26/03/2022 07:52;AVENIDA JUPITER, Nº 540 - PANORAMA - PASSOS;-207.109.797;-466.177.544;V01011 - VITIMA COM DOR RENAL (COLICA) (C) (Prioridade: 1 - Alta);1CIA IND/2CIA/1PEL(PASSOS);UR0565;Não;Não;Não;BOLETIM DE OCORRENCIA;Classificada;27/03/2022 05:37;Não
2022-21410929-5;(BM) 2022-012886152-001;26/03/2022 10:26;RUA PORTO ALEGRE, Nº 91 - BELA VISTA - PASSOS;-207.190.606;-465.954.881;V01023 - VITIMA DE SINCOPE (DESMAIO)/VERTIGEM (C) (Prioridade: 1 - Alta);1CIA IND/2CIA/1PEL(PASSOS);UR0565;Não;Não;Não;BOLETIM DE OCORRENCIA;Classificada;27/03/2022 05:37;Não
2022-21411186-8;(BM) 2022-012913930-001;26/03/2022 10:55;AVENIDA COMENDADOR FRANCISCO A MAIA, Nº S/N - SANTA CASA - PASSOS;-207.146.788;-466.127.072;O02033 - INCENDIO EM AMONTOADO DE LIXO (C) (Prioridade: 2 - Média);1CIA IND/2CIA/1PEL(PASSOS);ABTS0495;Não;Não;Não;BOLETIM DE OCORRENCIA;Classificada;27/03/2022 05:38;Não
2022-21411419-4;(BM) 2022-012930483-001;26/03/2022 11:23;RUA AMAPA, Nº 3018 - RECANTO DA HARMONIA - PASSOS;-207.025.082;-465.916.409;V01010 - VITIMA COM DOR TORACICA/SUSPEITA DE INFARTO (IAM) (C) (Prioridade: 1 - Alta);1CIA IND/2CIA/1PEL(PASSOS);UR0565;Não;Não;Não;BOLETIM DE OCORRENCIA;Classificada;27/03/2022 05:37;Não
2022-21411723-5;(BM) 2022-012893260-001;26/03/2022 11:55;AVENIDA EXPEDICIONARIOS, Nº S/N - NOVO MUNDO 4 - PASSOS;;;W08000 - CANCELADA POR INDISPONIBILIDADE DE VIATURA (C) (Prioridade: 3 - Baixa);1CIA IND/2CIA/1PEL(PASSOS);BM1637750;Não;Não;Não;BOLETIM DE OCORRENCIA;Classificada;27/03/2022 05:38;Não
2022-21412854-9;(BM) 2022-012903989-001;26/03/2022 14:10;RUA COIMBRAS, Nº 456 - NOSSA SENHORA DE FATIMA - PASSOS;-207.045.609;-466.138.829;V01007 - VITIMA COM DISPNEIA (FALTA DE AR) (C) (Prioridade: 1 - Alta);1CIA IND/2CIA/1PEL(PASSOS);UR0565;Não;Não;Não;BOLETIM DE OCORRENCIA;Classificada;27/03/2022 05:37;Não
2022-21415199-1;(BM) 2022-012934109-001;26/03/2022 17:03;RUA CANJERANUS, Nº S/N - CANJERANUS - PASSOS;-207.089.894;-466.069.659;V01009 - VITIMA COM DOR NA COLUNA VERTEBRAL (COSTAS) (C) (Prioridade: 1 - Alta);1CIA IND/2CIA/1PEL(PASSOS);UR0565;Não;Não;Não;BOLETIM DE OCORRENCIA;Classificada;27/03/2022 05:37;Não
2022-21416077-0;(BM) 2022-012934152-001;26/03/2022 18:05;RUA BARAO DE PASSOS, Nº 1785 - SANTA LUZIA - PASSOS;-207.098.843;-465.978.186;V01026 - TRANSPORTE INTER-HOSPITALAR (C) (Prioridade: 2 - Média);1CIA IND/2CIA/1PEL(PASSOS);UR0565;Não;Não;Não;BOLETIM DE OCORRENCIA;Classificada;27/03/2022 05:38;Não
2022-21425776-0;(BM) 2022-013011825-001;27/03/2022 08:25;RUA DOUTOR CARVALHO, Nº 1455 - NOSSA SENHORA DAS GRAÇAS - PASSOS;-207.352.269;-466.037.303;Q03005 - TREINAMENTO DE SALVAMENTO TERRESTRE (C) (Prioridade: 2 - Média);1CIA IND/2CIA/1PEL(PASSOS);BM1317692;Não;Não;Não;BOLETIM DE OCORRENCIA;Classificada;28/03/2022 06:34;Não
2022-21426364-8;(BM) 2022-013011669-001;27/03/2022 09:47;RUA LICOMEDIO HONORIO DE FREITAS, Nº 91 - RECANTO DA TEKA - PASSOS;-207.421.686;-465.985.497;V01022 - VITIMA PARTURIENTE / EMERGENCIAS OBSTETRICAS (C) (Prioridade: 1 - Alta);1CIA IND/2CIA/1PEL(PASSOS);UR0565;Não;Não;Não;BOLETIM DE OCORRENCIA;Classificada;28/03/2022 06:35;Não
2022-21427886-9;(BM) 2022-013023739-001;27/03/2022 13:22;TRAVESSA CANOAS, Nº 61 - NOVO HORIZONTE - PASSOS;-207.343.238;-466.017.319;V01003 - VITIMA COM CRISE CONVULSIVA (C) (Prioridade: 1 - Alta);1CIA IND/2CIA/1PEL(PASSOS);UR0565;Não;Não;Não;BOLETIM DE OCORRENCIA;Classificada;28/03/2022 06:35;Não
2022-21429821-4;;27/03/2022 16:09;RIO BR 146, Nº S/N - POCOS DE CALDAS;-219.026.646;-465.785.782;P02011 - VISTORIA EM ENXAME DE INSETOS (C) (Prioridade: 2 - Média);1CIA IND (POCOS DE CALDAS);;Não;Não;Não;ORIENTAÇÃO;Classificada;28/03/2022 06:01;Não
2022-21430622-5;(BM) 2022-013059011-001;27/03/2022 17:08;RODOVIA MG 050, Nº S/N - PASSOS;-207.371.492;-466.395.925;V02301 - VITIMA DE CAPOTAMENTO DE AUTOMOVEL (CARRO / CAMINHONETE) (C) (Prioridade: 1 - Alta);1CIA IND/2CIA/1PEL(PASSOS);UR0565;Não;Não;Não;BOLETIM DE OCORRENCIA;Classificada;28/03/2022 06:36;Não
2022-21433779-3;(BM) 2022-013076272-001;27/03/2022 20:34;RUA GUARANIS, Nº 190 - NOSSA SENHORA APARECIDA - PASSOS;-207.426.246;-466.065.235;V01007 - VITIMA COM DISPNEIA (FALTA DE AR) (C) (Prioridade: 1 - Alta);1CIA IND/2CIA/1PEL(PASSOS);UR0565;Não;Não;Não;BOLETIM DE OCORRENCIA;Classificada;28/03/2022 06:36;Não
2022-21439099-1;(BM) 2022-013125223-001;28/03/2022 08:12;RODOVIA MG 050, Nº S/N - PASSOS;-207.371.492;-466.395.925;X03000 - EMPENHO ADMINISTRATIVO (C) (Prioridade: 2 - Média);1CIA IND/2CIA/1PEL(PASSOS);ASL00064;Não;Não;Não;BOLETIM DE OCORRENCIA;Classificada;29/03/2022 07:18;Não
2022-21439272-4;(BM) 2022-013124021-001;28/03/2022 08:25;RUA DOUTOR CARVALHO, Nº 1455 - NOSSA SENHORA DAS GRAÇAS - PASSOS;-207.352.269;-466.037.303;V01003 - VITIMA COM CRISE CONVULSIVA (C) (Prioridade: 1 - Alta);1CIA IND/2CIA/1PEL(PASSOS);UR0565;Não;Não;Não;BOLETIM DE OCORRENCIA;Classificada;29/03/2022 07:17;Não
2022-21439448-9;(BM) 2022-013131196-001;28/03/2022 08:43;RUA AGRIPINO VEIGA MARINHO, Nº 159 - BELA VISTA - CARMO DO RIO CLARO;-209.680.159;-461.235.492;P01002 - VISTORIA DE LIBERACAO / EMISSAO DE AVCB (C) (Prioridade: 2 - Média);1CIA IND/2CIA/PEL PREV E VIST(PASSOS);APF01362;Não;Não;Não;BOLETIM DE OCORRENCIA;Classificada;29/03/2022 07:18;Não
2022-21439628-0;(BM) 2022-013131130-001;28/03/2022 09:00;RUA SAO MARCOS, Nº 99 - CARMELO - PASSOS;-207.158.822;-466.023.124;S06002 - CAPTURA DE ANIMAL SILVESTRE PERIGOSO / AGRESSIVO (C) (Prioridade: 2 - Média);1CIA IND/2CIA/1PEL(PASSOS);ASL00064;Não;Não;Não;BOLETIM DE OCORRENCIA;Classificada;29/03/2022 07:18;Não
2022-21439868-4;(BM) 2022-013133401-001;28/03/2022 09:17;RUA DOUTOR CARVALHO, Nº 1455 - NOSSA SENHORA DAS GRAÇAS - PASSOS;-207.352.269;-466.037.303;Q03017 - TREINAMENTO DE PRIMEIROS SOCORROS (C) (Prioridade: 2 - Média);1CIA IND/2CIA/1PEL(PASSOS);BM1797331;Não;Não;Não;BOLETIM DE OCORRENCIA;Classificada;29/03/2022 07:17;Não
2022-21439916-5;(BM) 2022-013132266-001;28/03/2022 09:24;RUA DOUTOR CARVALHO, Nº 1455 - NOSSA SENHORA DAS GRAÇAS - PASSOS;-207.352.269;-466.037.303;Q05002 - PROJETO DE DIVULGACAO DA NATACAO (C) (Prioridade: 1 - Alta);1CIA IND/2CIA/1PEL(PASSOS);BM1795095;Não;Não;Não;BOLETIM DE OCORRENCIA;Classificada;29/03/2022 07:17;Não
2022-21440052-5;(BM) 2022-013133520-001;28/03/2022 09:32;RUA OPALA, Nº 51 - ACLIMACAO - PASSOS;-207.514.765;-46.600.058;V01006 - VITIMA COM DIFICULDADE DE LOCOMOCAO (C) (Prioridade: 1 - Alta);1CIA IND/2CIA/1PEL(PASSOS);UR0565;Não;Não;Não;BOLETIM DE OCORRENCIA;Classificada;29/03/2022 07:17;Não
2022-21440554-3;(BM) 2022-013140040-001;28/03/2022 10:13;RUA PROFESSORA MARIA PERES, Nº 80 - JARDIM AMERICA - CARMO DO RIO CLARO;-209.745.756;-461.225.295;P01002 - VISTORIA DE LIBERACAO / EMISSAO DE AVCB (C) (Prioridade: 2 - Média);1CIA IND/2CIA/PEL PREV E VIST(PASSOS);APF01362;Não;Não;Não;BOLETIM DE OCORRENCIA;Classificada;29/03/2022 07:17;Não
2022-21440763-3;(BM) 2022-013142807-001;28/03/2022 10:29;PRACA EZEQUIAS MARQUES DA SILVA, Nº 37 - SAO BENEDITO - PASSOS;-207.222.377;-466.020.959;W04000 - NADA CONSTATADO (C) (Prioridade: 3 - Baixa);1CIA IND/2CIA/1PEL(PASSOS);UR0565;Não;Não;Não;BOLETIM DE OCORRENCIA;Classificada;29/03/2022 07:18;Não
2022-21440866-6;(BM) 2022-013144258-001;28/03/2022 10:40;RUA LIBRA, Nº 139 - SERRA VERDE - PASSOS;-207.390.978;-465.936.135;S06003 - CAPTURA DE CAO PERIGOSO / AGRESSIVO (C) (Prioridade: 2 - Média);1CIA IND/2CIA/1PEL(PASSOS);ASL00064;Não;Não;Não;BOLETIM DE OCORRENCIA;Classificada;29/03/2022 07:17;Não
2022-21441577-4;(BM) 2022-013160129-002;28/03/2022 11:42;ILHA TRES ILHAS, Nº S/N - PASSOS;-206.441.688;-465.831.371;S04007 - BUSCA E SALVAMENTO DE PESSOA PERDIDA / DESAPARECIDA (C) (Prioridade: 1 - Alta);1CIA IND/2CIA/1PEL(PASSOS);ASL00064;Não;Não;Não;BOLETIM DE OCORRENCIA;Classificada;31/03/2022 18:47;Não
2022-21442037-2;(BM) 2022-013160081-001;28/03/2022 12:30;AVENIDA JK, Nº 846 - PASSOS;-20.727.393;-466.013.459;V01006 - VITIMA COM DIFICULDADE DE LOCOMOCAO (C) (Prioridade: 1 - Alta);1CIA IND/2CIA/1PEL(PASSOS);UR0565;Não;Não;Não;BOLETIM DE OCORRENCIA;Classificada;29/03/2022 07:17;Não
2022-21442746-5;(BM) 2022-013167631-001;28/03/2022 13:37;RUA PROFESSORA MARIA PERES, Nº 270 - JARDIM AMERICA - CARMO DO RIO CLARO;-209.754.855;-461.210.266;P01001 - VISTORIA DE FISCALIZACAO (C) (Prioridade: 2 - Média);1CIA IND/2CIA/PEL PREV E VIST(PASSOS);APF01362;Não;Não;Não;BOLETIM DE OCORRENCIA;Classificada;29/03/2022 07:17;Não
2022-21443025-9;(BM) 2022-013171508-001;28/03/2022 13:58;AVENIDA DOUTOR LUIZ INTROCASIO FILHO, Nº 622 - CARMO DO RIO CLARO;-209.784.213;-461.179.412;P01001 - VISTORIA DE FISCALIZACAO (C) (Prioridade: 2 - Média);1CIA IND/2CIA/PEL PREV E VIST(PASSOS);APF01362;Não;Não;Não;BOLETIM DE OCORRENCIA;Classificada;29/03/2022 07:17;Não
2022-21444891-5;(BM) 2022-013195720-001;28/03/2022 15:42;RUA PARANA, Nº 300 - BELA VISTA - PASSOS;-207.168.258;-466.021.247;S06001 - SALVAMENTO DE ANIMAL EM RISCO / PERIGO (C) (Prioridade: 2 - Média);1CIA IND/2CIA/1PEL(PASSOS);ABTS0495;Não;Não;Não;BOLETIM DE OCORRENCIA;Classificada;29/03/2022 07:17;Não
2022-21445344-8;(BM) 2022-013240347-001;28/03/2022 16:09;TRAVESSA ARY BRASILEIRO DE CASTRO, Nº 272 - CENTRO - SAO JOSE DA BARRA;-207.163.701;-463.132.678;X03000 - EMPENHO ADMINISTRATIVO (C) (Prioridade: 2 - Média);1CIA IND/2CIA/1PEL(PASSOS);ASL00064;Não;Não;Não;BOLETIM DE OCORRENCIA;Classificada;29/03/2022 07:17;Não
2022-21446560-9;(BM) 2022-013218873-001;28/03/2022 17:16;RUA DOUTOR CARVALHO, Nº 1455 - NOSSA SENHORA DAS GRAÇAS - PASSOS;-207.352.269;-466.037.303;V01018 - VITIMA DE MAL NAO DEFINIDO (DISTURBIO) (C) (Prioridade: 1 - Alta);1CIA IND/2CIA/1PEL(PASSOS);UR0565;Não;Não;Não;BOLETIM DE OCORRENCIA;Classificada;29/03/2022 07:17;Não
2022-21447675-6;(BM) 2022-013230066-001;28/03/2022 18:29;AVENIDA JUCA STOCKLER, Nº 2834 - SAO JOAQUIM - PASSOS;-20.748.373;-465.987.298;V01018 - VITIMA DE MAL NAO DEFINIDO (DISTURBIO) (C) (Prioridade: 1 - Alta);1CIA IND/2CIA/1PEL(PASSOS);UR0565;Não;Não;Não;BOLETIM DE OCORRENCIA;Classificada;29/03/2022 07:17;Não
2022-21448821-1;(BM) 2022-013241079-001;28/03/2022 19:47;RUA DIAMANTE, Nº 1828 - ACLIMACAO - PASSOS;-20.754.022;-465.974.885;V01018 - VITIMA DE MAL NAO DEFINIDO (DISTURBIO) (C) (Prioridade: 1 - Alta);1CIA IND/2CIA/1PEL(PASSOS);UR0565;Não;Não;Não;BOLETIM DE OCORRENCIA;Classificada;29/03/2022 07:17;Não
2022-21454220-6;(BM) 2022-013296510-001;29/03/2022 08:50;AVENIDA COMENDADOR FRANCISCO A MAIA, Nº 1617 - SANTA CASA - PASSOS;-207.136.614;-466.113.916;P01001 - VISTORIA DE FISCALIZACAO (C) (Prioridade: 2 - Média);1CIA IND/2CIA/PEL PREV E VIST(PASSOS);APF01362;Não;Não;Não;BOLETIM DE OCORRENCIA;Classificada;31/03/2022 05:13;Não
2022-21454578-0;(BM) 2022-013414222-001;29/03/2022 09:23;RUA TROVADOR, Nº 69 - NOVO HORIZONTE - PASSOS;-207.329.799;-466.008.492;V01006 - VITIMA COM DIFICULDADE DE LOCOMOCAO (C) (Prioridade: 1 - Alta);1CIA IND/2CIA/1PEL(PASSOS);UR0565;Não;Não;Não;BOLETIM DE OCORRENCIA;Classificada;31/03/2022 05:12;Não
2022-21455277-9;(BM) 2022-013311172-001;29/03/2022 10:28;RUA MARIA CONCEICAO DE LIMA, Nº 191 - SANTA CASA - PASSOS;-207.112.819;-466.098.462;P01002 - VISTORIA DE LIBERACAO / EMISSAO DE AVCB (C) (Prioridade: 2 - Média);1CIA IND/2CIA/PEL PREV E VIST(PASSOS);APF01362;Não;Não;Não;BOLETIM DE OCORRENCIA;Classificada;31/03/2022 05:12;Não
2022-21455432-0;(BM) 2022-013313416-001;29/03/2022 10:41;RUA CAETES, Nº 150 - JARDIM EMBRATEL - PASSOS;-207.423.206;-466.026.649;V03018 - VITIMA DE QUEDA DA PROPRIA ALTURA (C) (Prioridade: 1 - Alta);1CIA IND/2CIA/1PEL(PASSOS);UR0565;Não;Não;Não;BOLETIM DE OCORRENCIA;Classificada;31/03/2022 05:11;Não
2022-21459920-5;(BM) 2022-013377984-001;29/03/2022 16:12;RUA JAIME GOMES, Nº 629 - CANDEIAS - PASSOS;-207.210.579;-466.163.375;V01003 - VITIMA COM CRISE CONVULSIVA (C) (Prioridade: 1 - Alta);1CIA IND/2CIA/1PEL(PASSOS);UR0565;Não;Não;Não;BOLETIM DE OCORRENCIA;Classificada;31/03/2022 05:11;Não
2022-21462909-0;(BM) 2022-013399291-001;29/03/2022 19:27;RUA ALBERTINO FERREIRA ROSA, Nº 158 - PASSOS;-207.465.989;-466.072.907;S06005 - CAPTURA DE INSETOS (C) (Prioridade: 2 - Média);1CIA IND/2CIA/1PEL(PASSOS);ASL00064;Não;Não;Não;BOLETIM DE OCORRENCIA;Classificada;31/03/2022 05:13;Não
2022-21463747-6;(BM) 2022-013431126-001;29/03/2022 20:37;RUA VEREADOR JOAQUIM DE PADUA LEMOS, Nº 69 - COHAB 5 - PASSOS;-207.211.577;-466.378.665;V01007 - VITIMA COM DISPNEIA (FALTA DE AR) (C) (Prioridade: 1 - Alta);1CIA IND/2CIA/1PEL(PASSOS);UR0565;Não;Não;Não;BOLETIM DE OCORRENCIA;Classificada;31/03/2022 05:11;Não
2022-21463863-7;(BM) 2022-013408200-001;29/03/2022 20:44;RUA LOULOU, Nº 47 - SAO BENEDITO - PASSOS;-207.232.417;-466.008.543;S06005 - CAPTURA DE INSETOS (C) (Prioridade: 2 - Média);1CIA IND/2CIA/1PEL(PASSOS);ASL00064;Não;Não;Não;BOLETIM DE OCORRENCIA;Classificada;31/03/2022 05:13;Não
2022-21468564-3;(BM) 2022-013609198-001;30/03/2022 08:42;RUA TRES DE MAIO, Nº 344 - BELO HORIZONTE - PASSOS;-207.239.208;-4.660.421;W04000 - NADA CONSTATADO (C) (Prioridade: 3 - Baixa);1CIA IND/2CIA/1PEL(PASSOS);UR0565;Não;Não;Não;BOLETIM DE OCORRENCIA;Classificada;31/03/2022 05:19;Não
2022-21468840-9;(BM) 2022-013456788-001;30/03/2022 09:10;RODOVIA MG 050, Km 363 - PASSOS;-207.366.244;-466.744.262;P01002 - VISTORIA DE LIBERACAO / EMISSAO DE AVCB (C) (Prioridade: 2 - Média);1CIA IND/2CIA/PEL PREV E VIST(PASSOS);APF01362;Não;Não;Não;BOLETIM DE OCORRENCIA;Classificada;31/03/2022 05:19;Não
2022-21468848-0;(BM) 2022-013460720-001;30/03/2022 09:12;RUA IMACULADA CONCEICAO, Nº 1604 - COHAB 5 - PASSOS;-20.722.283;-466.387.616;V03999 - OUTROS TIPOS DE APH DE TRAUMAS DIVERSOS   (C) (Prioridade: 1 - Alta);1CIA IND/2CIA/1PEL(PASSOS);UR0565;Não;Não;Não;BOLETIM DE OCORRENCIA;Classificada;31/03/2022 05:18;Não
2022-21469070-9;(BM) 2022-013460760-001;30/03/2022 09:30;RUA LIBERDADE, Nº 502 - PENHA - PASSOS;-207.163.802;-466.139.878;P01002 - VISTORIA DE LIBERACAO / EMISSAO DE AVCB (C) (Prioridade: 2 - Média);1CIA IND/2CIA/PEL PREV E VIST(PASSOS);APF01362;Não;Não;Não;BOLETIM DE OCORRENCIA;Classificada;31/03/2022 05:19;Não
2022-21469074-0;(BM) 2022-013495101-001;30/03/2022 09:31;RODOVIA MG 050, Km 315 - SAO JOAO BATISTA GLORIA;-206.496.808;-462.838.715;X03000 - EMPENHO ADMINISTRATIVO (C) (Prioridade: 2 - Média);1CIA IND/2CIA/1PEL(PASSOS);ASL00064;Não;Não;Não;BOLETIM DE OCORRENCIA;Classificada;31/03/2022 05:19;Não
2022-21469268-6;(BM) 2022-013463162-001;30/03/2022 09:49;RUA DOUTOR CARVALHO, Nº 1455 - NOSSA SENHORA DAS GRAÇAS - PASSOS;-207.352.269;-466.037.303;P01002 - VISTORIA DE LIBERACAO / EMISSAO DE AVCB (C) (Prioridade: 2 - Média);1CIA IND/2CIA/PEL PREV E VIST(PASSOS);APF01362;Não;Não;Não;BOLETIM DE OCORRENCIA;Classificada;31/03/2022 05:19;Não
2022-21469693-1;(BM) 2022-013471732-001;30/03/2022 10:25;RUA MARIA JOSE CALIXTO DE LIMA, Nº 221 - NOVA PASSOS - PASSOS;-207.037.451;-466.361.044;S06002 - CAPTURA DE ANIMAL SILVESTRE PERIGOSO / AGRESSIVO (C) (Prioridade: 2 - Média);1CIA IND/2CIA/1PEL(PASSOS);ABTS0495;Não;Não;Não;BOLETIM DE OCORRENCIA;Classificada;31/03/2022 05:19;Não
2022-21469842-0;(BM) 2022-013471786-001;30/03/2022 10:38;RUA IRLANDA, Nº 168 - NOVO MUNDO 4 - PASSOS;-207.283.387;-465.882.811;V01019 - VITIMA COM OBSTRUCAO DE VIAS AEREAS POR CORPOS ESTRANHOS (C) (Prioridade: 1 - Alta);1CIA IND/2CIA/1PEL(PASSOS);UR0565;Não;Não;Não;BOLETIM DE OCORRENCIA;Classificada;31/03/2022 05:18;Não
2022-21469846-0;(BM) 2022-013481907-001;30/03/2022 10:39;AVENIDA CHICO XAVIER, Nº S/N - JARDIM PLANALTO - PASSOS;-207.197.803;-466.285.997;O04012 - INCENDIO EM LOTE VAGO (AREA URBANA) (C) (Prioridade: 2 - Média);1CIA IND/2CIA/1PEL(PASSOS);ABTS0495;Não;Não;Não;BOLETIM DE OCORRENCIA;Classificada;31/03/2022 05:18;Não
2022-21470778-0;(BM) 2022-013486442-001;30/03/2022 11:59;RODOVIA MG 050, Nº 608 - SERRA VERDE - PASSOS;-207.388.763;-465.953.645;V01023 - VITIMA DE SINCOPE (DESMAIO)/VERTIGEM (C) (Prioridade: 1 - Alta);1CIA IND/2CIA/1PEL(PASSOS);UR0565;Não;Não;Não;BOLETIM DE OCORRENCIA;Classificada;31/03/2022 05:17;Não
2022-21471047-0;(BM) 2022-013543380-001;30/03/2022 12:24;RUA BARAO DE PASSOS, Nº 1785 - SANTA LUZIA - PASSOS;-207.098.843;-465.978.186;V01026 - TRANSPORTE INTER-HOSPITALAR (C) (Prioridade: 2 - Média);1CIA IND/2CIA/1PEL(PASSOS);UR0565;Não;Não;Não;BOLETIM DE OCORRENCIA;Classificada;31/03/2022 05:18;Não
2022-21472642-9;(BM) 2022-013549297-001;30/03/2022 14:35;RUA JOAO TEIXEIRA MENDES, Nº S/N - FLAMBOYANT - PASSOS;-207.548.252;-466.033.392;O04011 - INCENDIO EM AREA URBANA NAO PROTEGIDA (C) (Prioridade: 2 - Média);1CIA IND/2CIA/1PEL(PASSOS);ABTS0495;Não;Não;Não;BOLETIM DE OCORRENCIA;Classificada;31/03/2022 05:18;Não
2022-21473343-3;(BM) 2022-013521259-001;30/03/2022 15:17;RUA EVARISTO ALCANTARA LEMOS, Nº 91 - EXPOSICAO - PASSOS;-20.732.771;-466.076.828;V03018 - VITIMA DE QUEDA DA PROPRIA ALTURA (C) (Prioridade: 1 - Alta);1CIA IND/2CIA/1PEL(PASSOS);UR0565;Não;Não;Não;BOLETIM DE OCORRENCIA;Classificada;31/03/2022 05:17;Não
2022-21473433-4;(BM) 2022-013517367-001;30/03/2022 15:20;RUA MARIA AUGUSTA DE FARIA, Nº S/N - JARDIM CANADA - PASSOS;-207.473.665;-466.082.142;P01001 - VISTORIA DE FISCALIZACAO (C) (Prioridade: 2 - Média);1CIA IND/2CIA/PEL PREV E VIST(PASSOS);APF01362;Não;Não;Não;BOLETIM DE OCORRENCIA;Classificada;31/03/2022 05:18;Não
2022-21473654-3;(BM) 2022-013519892-001;30/03/2022 15:34;RUA SEBASTIAO BENEDITO DE ANDRADE, Nº S/N - JARDIM CANADA - PASSOS;-20.748.478;-466.084.621;P01001 - VISTORIA DE FISCALIZACAO (C) (Prioridade: 2 - Média);1CIA IND/2CIA/PEL PREV E VIST(PASSOS);APF01362;Não;Não;Não;BOLETIM DE OCORRENCIA;Classificada;31/03/2022 05:18;Não
2022-21480293-7;(BM) 2022-013598534-001;30/03/2022 23:30;RUA JACY A SACRAMENTO, Nº 235 - PARQUE DAS AROEIRAS - PASSOS;-20.723.823;-466.286.952;V01009 - VITIMA COM DOR NA COLUNA VERTEBRAL (COSTAS) (C) (Prioridade: 1 - Alta);1CIA IND/2CIA/1PEL(PASSOS);UR0565;Não;Não;Não;BOLETIM DE OCORRENCIA;Classificada;31/03/2022 05:17;Não
2022-21482708-1;(BM) 2022-013639075-001;31/03/2022 08:05;RUA LAVRAS, Nº 288 - FURNAS - SAO JOSE DA BARRA;-20.679.014;-463.342.384;X03000 - EMPENHO ADMINISTRATIVO (C) (Prioridade: 2 - Média);1CIA IND/2CIA/PEL PREV E VIST(PASSOS);APF01362 / ASL00064;Não;Não;Não;BOLETIM DE OCORRENCIA;Classificada;31/03/2022 20:11;Não
2022-21483142-8;(BM) 2022-013636617-001;31/03/2022 08:44;PRACA LUCIO BITENCOURT, Nº 13 - CANDEIAS - PASSOS;-207.209.728;-466.141.522;V01006 - VITIMA COM DIFICULDADE DE LOCOMOCAO (C) (Prioridade: 1 - Alta);1CIA IND/2CIA/1PEL(PASSOS);UR0565;Não;Não;Não;BOLETIM DE OCORRENCIA;Classificada;31/03/2022 20:11;Não
2022-21484912-9;(BM) 2022-013645150-001;31/03/2022 11:18;RUA JERONIMO NETO, Nº 62 - CENTRO - PASSOS;-207.249.033;-466.067.444;S06002 - CAPTURA DE ANIMAL SILVESTRE PERIGOSO / AGRESSIVO (C) (Prioridade: 2 - Média);1CIA IND/2CIA/1PEL(PASSOS);ASL00064;Não;Não;Não;BOLETIM DE OCORRENCIA;Classificada;31/03/2022 20:12;Não
2022-21484919-8;(BM) 2022-013646064-001;31/03/2022 11:21;RUA MARIA AUGUSTA DE FARIA, Nº S/N - JARDIM CANADA - PASSOS;-207.473.665;-466.082.142;P01001 - VISTORIA DE FISCALIZACAO (C) (Prioridade: 2 - Média);1CIA IND/2CIA/PEL PREV E VIST(PASSOS);APF01362;Não;Não;Não;BOLETIM DE OCORRENCIA;Classificada;31/03/2022 20:13;Não
2022-21485174-5;(BM) 2022-013648847-001;31/03/2022 11:44;RUA MARIA FRANCISCA DE JESUS, Nº 132 - JARDIM CANADA - PASSOS;-207.528.315;-466.068.011;P01001 - VISTORIA DE FISCALIZACAO (C) (Prioridade: 2 - Média);1CIA IND/2CIA/PEL PREV E VIST(PASSOS);APF01362;Não;Não;Não;BOLETIM DE OCORRENCIA;Classificada;31/03/2022 20:13;Não
2022-21485314-2;(BM) 2022-013650075-001;31/03/2022 12:00;RUA UIRAPURU, Nº 269 - NOSSA SENHORA DAS GRAÇAS - PASSOS;-207.379.145;-466.068.214;P01001 - VISTORIA DE FISCALIZACAO (C) (Prioridade: 2 - Média);1CIA IND/2CIA/PEL PREV E VIST(PASSOS);APF01362;Não;Não;Não;BOLETIM DE OCORRENCIA;Classificada;31/03/2022 20:13;Não
2022-21485513-9;(BM) 2022-013652676-001;31/03/2022 12:24;AVENIDA CHAFARIZ, Nº 681 - CASARAO - PASSOS;-207.195.198;-465.874.225;P01001 - VISTORIA DE FISCALIZACAO (C) (Prioridade: 2 - Média);1CIA IND/2CIA/PEL PREV E VIST(PASSOS);APF01362;Não;Não;Não;BOLETIM DE OCORRENCIA;Classificada;31/03/2022 20:13;Não
2022-21486112-3;(BM) 2022-013701081-001;31/03/2022 13:24;RUA DOUTOR CARVALHO, Nº 1455 - NOSSA SENHORA DAS GRAÇAS - PASSOS;-207.352.269;-466.037.303;Q03005 - TREINAMENTO DE SALVAMENTO TERRESTRE (C) (Prioridade: 2 - Média);1CIA IND/2CIA/1PEL(PASSOS);BM1317692;Não;Não;Não;BOLETIM DE OCORRENCIA;Classificada;31/03/2022 20:13;Não
2022-21486348-0;(BM) 2022-013661047-001;31/03/2022 13:43;RUA ALFA, Nº 135 - JARDIM SATELITE - PASSOS;-207.124.752;-466.184.522;O04012 - INCENDIO EM LOTE VAGO (AREA URBANA) (C) (Prioridade: 2 - Média);1CIA IND/2CIA/1PEL(PASSOS);ABTS0495;Não;Não;Não;BOLETIM DE OCORRENCIA;Classificada;31/03/2022 20:13;Não
2022-21486963-0;(BM) 2022-013667780-001;31/03/2022 14:19;AVENIDA AMAZONAS, Nº 342 - BELA VISTA - PASSOS;-207.157.852;-465.993.326;P01001 - VISTORIA DE FISCALIZACAO (C) (Prioridade: 2 - Média);1CIA IND/2CIA/PEL PREV E VIST(PASSOS);APF01362;Não;Não;Não;BOLETIM DE OCORRENCIA;Classificada;31/03/2022 20:14;Não
2022-21487183-7;(BM) 2022-013670587-001;31/03/2022 14:32;RUA GOIAS, Nº 765 - SANTA LUZIA - PASSOS;-207.086.996;-466.032.156;P01001 - VISTORIA DE FISCALIZACAO (C) (Prioridade: 2 - Média);1CIA IND/2CIA/PEL PREV E VIST(PASSOS);APF01362;Não;Não;Não;BOLETIM DE OCORRENCIA;Classificada;31/03/2022 20:14;Não
2022-21487687-0;(BM) 2022-013677143-001;31/03/2022 15:02;RUA SANTA CATARINA, Nº 359 - BELA VISTA - PASSOS;-207.186.922;-46.596.727;P01001 - VISTORIA DE FISCALIZACAO (C) (Prioridade: 2 - Média);1CIA IND/2CIA/PEL PREV E VIST(PASSOS);APF01362;Não;Não;Não;BOLETIM DE OCORRENCIA;Classificada;31/03/2022 20:14;Não
2022-21487984-6;(BM) 2022-013682133-001;31/03/2022 15:18;RUA RIO DE JANEIRO, Nº 115 - SAO BENEDITO - PASSOS;-207.189.331;-465.994.939;P01001 - VISTORIA DE FISCALIZACAO (C) (Prioridade: 2 - Média);1CIA IND/2CIA/PEL PREV E VIST(PASSOS);APF01362;Não;Não;Não;BOLETIM DE OCORRENCIA;Classificada;31/03/2022 20:14;Não
2022-21488849-6;(BM) 2022-013695960-001;31/03/2022 16:10;AVENIDA JK, Nº S/N - MONSENHOR MESSIAS - PASSOS;-207.342.178;-465.979.772;V01006 - VITIMA COM DIFICULDADE DE LOCOMOCAO (C) (Prioridade: 1 - Alta);1CIA IND/2CIA/1PEL(PASSOS);UR0565;Não;Não;Não;BOLETIM DE OCORRENCIA;Classificada;31/03/2022 20:14;Não
2022-21491557-9;(BM) 2022-013726163-001;31/03/2022 19:02;AVENIDA PENHA, Nº S/N - PENHA - PASSOS;-207.152.088;-466.255.516;V02502 - VITIMA DE QUEDA (MOTOCICLISTA) (C) (Prioridade: 1 - Alta);1CIA IND/2CIA/1PEL(PASSOS);UR0565;Não;Não;Não;BOLETIM DE OCORRENCIA;Classificada;31/03/2022 20:15;Não
2022-21492497-4;(BM) 2022-013734852-001;31/03/2022 20:09;RUA OSVALDO BATISTA BONFIM, Nº 570 - SERRA VERDE - PASSOS;-20.742.604;-4.659.286;V01003 - VITIMA COM CRISE CONVULSIVA (C) (Prioridade: 1 - Alta);1CIA IND/2CIA/1PEL(PASSOS);UR0565;Não;Não;Não;BOLETIM DE OCORRENCIA;Classificada;31/03/2022 21:54;Não
