Nº chamada;Nº REDS;Data/hora de criação;Local do fato;Latitude  do local;Longitude do local;Natureza;Unidade Responsável;Recursos empenhados;Alerta;Destaque;Envolve autoridade;Tipo de classificação;Situação;Data/hora da situação atual;Evento associado
2024-34777829-2;(BM) 2024-034260248-001;01/08/2024 01:02;RUA OSCAR CANDIDO MONTEIRO, Nº 1000 - MIRANTE DO VALE - PASSOS;-207.254.509;-46.580.685;O04012 - INCENDIO EM LOTE VAGO (AREA URBANA) (C) (Prioridade: 2 - Média);1CIA IND/2CIA/1PEL(PASSOS);ABTS00495;Não;Não;Não;BOLETIM DE OCORRENCIA;Classificada;01/08/2024 02:41;Não
2024-34778685-0;(BM) 2024-034267904-001;01/08/2024 05:37;RUA SAO MIGUEL / RUA LAZARO GARCIA DE MELO - PARQUE DAS AROEIRAS - PASSOS;-207.229.067;-466.251.074;W98011 - SOLICITACAO DE APOIO (C) (Prioridade: 1 - Alta);1CIA IND/2CIA/1PEL(PASSOS);ABTS00495;Não;Não;Não;BOLETIM DE OCORRENCIA;Classificada;01/08/2024 08:04;Não
2024-34779695-9;(BM) 2024-034276792-001;01/08/2024 08:40;RUA JOAO TEIXEIRA MENDES, Nº 1480 - FLAMBOYANT - PASSOS;-207.542.745;-466.041.443;P02003 - VISTORIA EM LOTE VAGO (C) (Prioridade: 2 - Média);1CIA IND/2CIA/1PEL(PASSOS);ASL06087;Não;Não;Não;BOLETIM DE OCORRENCIA;Classificada;03/08/2024 06:54;Não
2024-34779983-3;(BM) 2024-034305075-001;01/08/2024 09:09;RUA JOEL DA SILVA MENDES, Nº S/N - JARDIM CIDADE - PASSOS;-207.305.101;-466.254.267;P02011 - VISTORIA EM ENXAME DE INSETOS (C) (Prioridade: 2 - Média);1CIA IND/2CIA/1PEL(PASSOS);ASL06087;Não;Não;Não;BOLETIM DE OCORRENCIA;Classificada;03/08/2024 06:54;Não
2024-34780061-7;(BM) 2024-034284704-001;01/08/2024 09:14;RUA ANA CANDIDA DE JESUS, Nº 341 - JARDIM ITALIA - PASSOS;-20.751.137;-466.061.338;P02003 - VISTORIA EM LOTE VAGO (C) (Prioridade: 2 - Média);1CIA IND/2CIA/1PEL(PASSOS);ASL06087;Não;Não;Não;BOLETIM DE OCORRENCIA;Classificada;03/08/2024 06:54;Não
2024-34780100-7;(BM) 2024-034291054-001;01/08/2024 09:18;RUA BARIRIS, Nº S/N - SAO JOAQUIM - PASSOS;-207.447.347;-466.021.386;P02003 - VISTORIA EM LOTE VAGO (C) (Prioridade: 2 - Média);1CIA IND/2CIA/1PEL(PASSOS);ASL06087;Não;Não;Não;BOLETIM DE OCORRENCIA;Classificada;03/08/2024 06:54;Não
2024-34780193-8;(BM) 2024-034284720-001;01/08/2024 09:28;RUA FRANCISCA CHERCHIGLIA PIASSI, Nº 16 - JARDIM CANADA - PASSOS;-207.518.754;-466.074.982;V01006 - VITIMA COM DIFICULDADE DE LOCOMOCAO (C) (Prioridade: 1 - Alta);1CIA IND/2CIA/1PEL(PASSOS);UR00565;Não;Não;Não;BOLETIM DE OCORRENCIA;Classificada;03/08/2024 06:55;Não
2024-34780764-7;(BM) 2024-034291026-001;01/08/2024 10:25;RUA BOIADEIROS, Nº 235 - CANDEIAS - PASSOS;-207.215.878;-466.177.639;V03018 - VITIMA DE QUEDA DA PROPRIA ALTURA (C) (Prioridade: 1 - Alta);1CIA IND/2CIA/1PEL(PASSOS);UR00565;Não;Não;Não;BOLETIM DE OCORRENCIA;Classificada;03/08/2024 06:55;Não
2024-34781070-3;(BM) 2024-034294318-001;01/08/2024 10:54;RUA PATATIVA, Nº 161 - SAO JOAO - PASSOS;-207.356.774;-466.089.934;P01001 - VISTORIA DE FISCALIZACAO (C) (Prioridade: 2 - Média);1CIA IND/2CIA/PEL PREV E VIST(PASSOS);APF01362;Não;Não;Não;BOLETIM DE OCORRENCIA;Classificada;03/08/2024 06:54;Não
2024-34781126-6;(BM) 2024-034299637-001;01/08/2024 10:58;RUA DIAMANTINA, Nº 297 - SÃO FRANCISCO - PASSOS;;;P02002 - VISTORIA EM RISCO DE QUEDA DE ARVORE (C) (Prioridade: 2 - Média);1CIA IND/2CIA/1PEL(PASSOS);ASL06087;Não;Não;Não;BOLETIM DE OCORRENCIA;Classificada;03/08/2024 06:54;Não
2024-34781365-7;(BM) 2024-034298435-001;01/08/2024 11:22;RUA QUILOMBO, Nº 342 - PASSOS;-207.038.136;-465.970.832;P01001 - VISTORIA DE FISCALIZACAO (C) (Prioridade: 2 - Média);1CIA IND/2CIA/PEL PREV E VIST(PASSOS);APF01362;Não;Não;Não;BOLETIM DE OCORRENCIA;Classificada;03/08/2024 06:54;Não
2024-34781721-0;(BM) 2024-034311031-001;01/08/2024 11:57;RUA DELFINOPOLIS, Nº 22 - PENHA - PASSOS;-207.143.098;-466.247.147;V02402 - VITIMA DE COLISAO ENTRE MOTOCICLETAS (C) (Prioridade: 1 - Alta);1CIA IND/2CIA/1PEL(PASSOS);UR00565;Não;Não;Não;BOLETIM DE OCORRENCIA;Classificada;03/08/2024 06:55;Não
2024-34782231-6;;01/08/2024 12:59;RUA LARANJAS, Nº 126 - NOSSA SENHORA DE LOURDES - PASSOS;-207.000.741;-466.196.179;P02011 - VISTORIA EM ENXAME DE INSETOS (C) (Prioridade: 2 - Média);1CIA IND/2CIA/1PEL(PASSOS);;Não;Não;Não;DISPENSADA PELO SOLICITANTE;Classificada;01/08/2024 13:16;Não
2024-34783369-9;(BM) 2024-034320621-001;01/08/2024 14:28;RUA DEPUTADO LOURENCO DE ANDRADE, Nº 98 - CENTRO - PASSOS;-207.196.419;-466.084.058;X03000 - EMPENHO ADMINISTRATIVO (C) (Prioridade: 2 - Média);1CIA IND/2CIA/PEL PREV E VIST(PASSOS);APF01362;Não;Não;Não;BOLETIM DE OCORRENCIA;Classificada;03/08/2024 06:54;Não
2024-34785416-8;(BM) 2024-034354983-001;01/08/2024 16:21;AVENIDA JUCA STOCKLER, Nº 1600 - NOSSA SENHORA DAS GRAÇAS - PASSOS;-207.375.803;-466.024.324;S06002 - CAPTURA DE ANIMAL SILVESTRE PERIGOSO / AGRESSIVO (C) (Prioridade: 2 - Média);1CIA IND/2CIA/1PEL(PASSOS);ASL06087;Não;Não;Não;BOLETIM DE OCORRENCIA;Classificada;03/08/2024 06:55;Não
2024-34786111-6;(BM) 2024-034355003-001;01/08/2024 17:00;RUA ITAJAI, Nº 930 - SERRA DAS BRISAS - PASSOS;-20.731.843;-465.967.746;V02408 - VITIMA DE COLISAO ENTRE AUTOMOVEL X MOTOCICLETA (C) (Prioridade: 1 - Alta);1CIA IND/2CIA/1PEL(PASSOS);UR00565;Não;Não;Não;BOLETIM DE OCORRENCIA;Classificada;03/08/2024 06:55;Não
2024-34788095-2;;01/08/2024 19:07;RUA MOINHO, Nº 125 - CASARAO - PASSOS;-207.215.624;-465.901.318;P03002 - PERIGO DE ELETROCUSSAO (C) (Prioridade: 2 - Média);1CIA IND/2CIA/1PEL(PASSOS);ASL06087;Não;Não;Não;ATENDIDA PELO SAMU;Classificada;03/08/2024 06:55;Não
2024-34793203-2;(BM) 2024-034422185-003 / (PM) 2024-034422185-002;02/08/2024 03:21;AVENIDA POCOS DE CALDAS, Nº 295 - COHAB 2 - PASSOS;-207.123.308;-466.260.522;V03005 - VITIMA DE AGRESSAO FISICA SEM USO DE ARMA (C) (Prioridade: 1 - Alta);1CIA IND/2CIA/1PEL(PASSOS);UR00565;Não;Não;Não;BOLETIM DE OCORRENCIA;Classificada;03/08/2024 06:55;Não
2024-34793680-1;(BM) 2024-034427030-001;02/08/2024 06:41;AVENIDA CHICO XAVIER, Nº 299 - PARQUE DAS AROEIRAS - PASSOS;-207.211.237;-466.282.647;O04012 - INCENDIO EM LOTE VAGO (AREA URBANA) (C) (Prioridade: 2 - Média);1CIA IND/2CIA/1PEL(PASSOS);ABTS00495;Não;Não;Não;BOLETIM DE OCORRENCIA;Classificada;03/08/2024 06:55;Não
2024-34794857-4;(BM) 2024-034439273-001;02/08/2024 09:27;RUA OPALA, Nº 495 - ACLIMACAO - PASSOS;-207.553.185;-466.001.495;S06005 - CAPTURA DE INSETOS (C) (Prioridade: 2 - Média);1CIA IND/2CIA/1PEL(PASSOS);ASL06087;Não;Não;Não;BOLETIM DE OCORRENCIA;Classificada;03/08/2024 19:51;Não
2024-34795202-0;(BM) 2024-034443334-001;02/08/2024 10:00;AVENIDA DOS INDUSTRIAIS, Nº S/N - MONSENHOR MESSIAS - PASSOS;-207.385.027;-466.008.926;O04012 - INCENDIO EM LOTE VAGO (AREA URBANA) (C) (Prioridade: 2 - Média);1CIA IND/2CIA/1PEL(PASSOS);ABTS00495;Não;Não;Não;BOLETIM DE OCORRENCIA;Classificada;03/08/2024 19:51;Não
2024-34795277-0;;02/08/2024 10:07;RUA PARDAL, Nº 44 - NOVO HORIZONTE - PASSOS;-207.352.141;-466.023.516;X03000 - EMPENHO ADMINISTRATIVO (C) (Prioridade: 2 - Média);1CIA IND/2CIA/1PEL(PASSOS);;Não;Não;Não;ORIENTAÇÃO;Classificada;02/08/2024 10:09;Não
2024-34796383-2;(BM) 2024-034458724-001;02/08/2024 12:00;RUA ELZA DA COSTA FIGUEIREDO, Nº S/N - PARQUE DAS AROEIRAS - PASSOS;-207.209.832;-466.268.612;P02003 - VISTORIA EM LOTE VAGO (C) (Prioridade: 2 - Média);1CIA IND/2CIA/1PEL(PASSOS);ASL06087;Não;Não;Não;BOLETIM DE OCORRENCIA;Classificada;03/08/2024 19:51;Não
2024-34796739-9;(BM) 2024-034462328-001;02/08/2024 12:41;RUA ELZA DA COSTA FIGUEIREDO, Nº S/N - PARQUE DAS AROEIRAS - PASSOS;-207.209.832;-466.268.612;P02003 - VISTORIA EM LOTE VAGO (C) (Prioridade: 2 - Média);1CIA IND/2CIA/1PEL(PASSOS);ASL06087;Não;Não;Não;BOLETIM DE OCORRENCIA;Classificada;03/08/2024 19:51;Não
2024-34796823-3;(BM) 2024-034478060-001;02/08/2024 12:51;RUA VIOLETAS, Nº 94 - PANORAMA - PASSOS;-207.105.063;-466.159.342;O04012 - INCENDIO EM LOTE VAGO (AREA URBANA) (C) (Prioridade: 2 - Média);1CIA IND/2CIA/1PEL(PASSOS);ABTS00495;Não;Não;Não;BOLETIM DE OCORRENCIA;Classificada;03/08/2024 19:51;Não
2024-34796935-7;(BM) 2024-034464082-001;02/08/2024 13:03;RUA WANDEIR R REZENDE, Nº 130 - JARDIM PLANALTO - PASSOS;-207.206.936;-466.276.501;P02003 - VISTORIA EM LOTE VAGO (C) (Prioridade: 2 - Média);1CIA IND/2CIA/1PEL(PASSOS);ASL06087;Não;Não;Não;BOLETIM DE OCORRENCIA;Classificada;03/08/2024 19:51;Não
2024-34797136-9;(BM) 2024-034466129-001;02/08/2024 13:19;AVENIDA ENGENHEIRO MANOEL BATISTA, Nº 600 - ALVORADA - ITAU DE MINAS;-207.413.911;-467.421.913;P01003 - VISTORIA EM EVENTOS TEMPORARIOS (C) (Prioridade: 1 - Alta);1CIA IND/2CIA/PEL PREV E VIST(PASSOS);APF01362;Não;Não;Não;BOLETIM DE OCORRENCIA;Classificada;03/08/2024 19:52;Não
2024-34798076-4;;02/08/2024 14:29;FAZENDA BARRA DA LONTRA, Nº S/N - CAPETINGA;-206.128.678;-470.154.695;W98011 - SOLICITACAO DE APOIO (C) (Prioridade: 1 - Alta);1CIA IND/2CIA/1PEL(PASSOS);;Não;Não;Não;DISPENSADA PELO SOLICITANTE;Classificada;02/08/2024 18:30;Não
2024-34798402-6;(BM) 2024-034484159-001;02/08/2024 14:45;RUA IMACULADA CONCEICAO, Nº S/N - PENHA - PASSOS;-207.181.613;-466.277.545;O04013 - INCENDIO EM PASTO (C) (Prioridade: 2 - Média);1CIA IND/2CIA/1PEL(PASSOS);ABTS00495;Não;Não;Não;BOLETIM DE OCORRENCIA;Classificada;03/08/2024 19:51;Não
2024-34804366-2;(BM) 2024-034557585-001;02/08/2024 20:59;RUA SAO FRANCISCO DE ASSIS, Nº 1167 - SAO FRANCISCO - PASSOS;;;O02033 - INCENDIO EM AMONTOADO DE LIXO (C) (Prioridade: 2 - Média);1CIA IND/2CIA/1PEL(PASSOS);ABTS00495 / ASL06087;Não;Não;Não;BOLETIM DE OCORRENCIA;Classificada;03/08/2024 19:51;Não
2024-34807478-2;(BM) 2024-034575769-001;03/08/2024 00:24;RODOVIA MG 050, Km 369 - ITAU DE MINAS;-207.387.948;-467.366.486;O04013 - INCENDIO EM PASTO (C) (Prioridade: 2 - Média);1CIA IND/2CIA/1PEL(PASSOS);ABTS00495;Não;Não;Não;BOLETIM DE OCORRENCIA;Classificada;03/08/2024 19:51;Não
2024-34809221-7;(BM) 2024-035154057-001;03/08/2024 04:01;RUA ANTONIO CACILDO, Nº 331 - PARQUE TROPICAL - PASSOS;;;V01010 - VITIMA COM DOR TORACICA/SUSPEITA DE INFARTO (IAM) (C) (Prioridade: 1 - Alta);1CIA IND/2CIA/1PEL(PASSOS);UR00565;Não;Não;Não;BOLETIM DE OCORRENCIA;Classificada;03/08/2024 19:52;Não
2024-34809236-4;;03/08/2024 04:15;RUA BELA VISTA, Nº 149 - SAO FRANCISCO - PASSOS;-207.260.778;-466.186.704;V04004 - PRIMEIRO-ATENDIMENTO DO SALVAMENTO (C) (Prioridade: 1 - Alta);1CIA IND/2CIA/1PEL(PASSOS);;Não;Não;Não;ATENDIDA PELO SAMU;Classificada;03/08/2024 04:57;Não
2024-34809618-0;(BM) 2024-034593522-001;03/08/2024 06:24;RODOVIA MG 050, Km 367 - PASSOS;-20.736.252;-466.528.864;O04014 - INCENDIO AS MARGENS DE RODOVIA (C) (Prioridade: 2 - Média);1CIA IND/2CIA/1PEL(PASSOS);ABTS00495;Não;Não;Não;BOLETIM DE OCORRENCIA;Classificada;03/08/2024 19:52;Não
2024-34810190-2;(BM) 2024-034596918-001;03/08/2024 08:07;RUA DOUTOR CARVALHO, Nº 1455 - NOSSA SENHORA DAS GRAÇAS - PASSOS;-207.352.269;-466.037.303;Q03005 - TREINAMENTO DE SALVAMENTO TERRESTRE (C) (Prioridade: 2 - Média);1CIA IND/2CIA/1PEL(PASSOS);BM1549807;Não;Não;Não;BOLETIM DE OCORRENCIA;Classificada;04/08/2024 07:10;Não
2024-34810424-1;(BM) 2024-034594492-001;03/08/2024 08:41;RUA ANTONIO OVIDIO DE CARVALHO, Nº 75 - FLAMBOYANT - PASSOS;-20.756.151;-466.028.868;Q03017 - TREINAMENTO DE PRIMEIROS SOCORROS (C) (Prioridade: 2 - Média);1CIA IND/2CIA/1PEL(PASSOS);ASL06087;Não;Não;Não;BOLETIM DE OCORRENCIA;Classificada;04/08/2024 07:09;Não
2024-34811997-3;(BM) 2024-034610168-001;03/08/2024 12:06;RUA MANACA DA SERRA, Nº 171 - PARQUE TROPICAL - PASSOS;-207.190.576;-466.408.032;W10000 - DISPENSADA POR DUPLICIDADE DE EMPENHO COM OUTROS ORGAOS (C) (Prioridade: 1 - Alta);1CIA IND/2CIA/1PEL(PASSOS);UR00565;Não;Não;Não;BOLETIM DE OCORRENCIA;Classificada;04/08/2024 07:08;Não
2024-34813761-8;(BM) 2024-034641472-001;03/08/2024 15:02;RUA PONTALINA, Nº S/N - JARDIM PLANALTO - PASSOS;-207.213.826;-466.247.034;O04012 - INCENDIO EM LOTE VAGO (AREA URBANA) (C) (Prioridade: 2 - Média);1CIA IND/2CIA/1PEL(PASSOS);ABTS00495;Não;Não;Não;BOLETIM DE OCORRENCIA;Classificada;04/08/2024 07:09;Não
2024-34813866-6;(BM) 2024-034641429-001;03/08/2024 15:10;AVENIDA SABIA, Nº S/N - MUARAMA 2 - PASSOS;-207.330.855;-466.157.928;O04011 - INCENDIO EM AREA URBANA NAO PROTEGIDA (C) (Prioridade: 2 - Média);1CIA IND/2CIA/1PEL(PASSOS);ABTS00495;Não;Não;Não;BOLETIM DE OCORRENCIA;Classificada;04/08/2024 07:09;Não
2024-34814374-7;;03/08/2024 15:44;AVENIDA SABIA, Nº S/N - MUARAMA 2 - PASSOS;-207.330.855;-466.157.928;O04013 - INCENDIO EM PASTO (C) (Prioridade: 2 - Média);1CIA IND/2CIA/1PEL(PASSOS);;Não;Não;Não;DUPLICADA;Classificada;03/08/2024 15:51;Não
2024-34814495-1;(BM) 2024-034645380-001;03/08/2024 15:58;AVENIDA PERIMETRAL, Nº S/N - PARQUE DA ESTACAO - PASSOS;-207.057.771;-466.097.547;O04012 - INCENDIO EM LOTE VAGO (AREA URBANA) (C) (Prioridade: 2 - Média);1CIA IND/2CIA/1PEL(PASSOS);ABTS00495;Não;Não;Não;BOLETIM DE OCORRENCIA;Classificada;04/08/2024 07:09;Não
2024-34818544-7;(BM) 2024-034665519-001;03/08/2024 20:20;RUA ANTONIO ALVES DO NASCIMENTO, Nº S/N - NOVA CALIFORNIA - PASSOS;-206.999.244;-466.208.423;P02003 - VISTORIA EM LOTE VAGO (C) (Prioridade: 2 - Média);1CIA IND/2CIA/1PEL(PASSOS);ASL06087;Não;Não;Não;BOLETIM DE OCORRENCIA;Classificada;04/08/2024 07:09;Não
2024-34818715-8;(BM) 2024-034667336-001;03/08/2024 20:31;RUA PITANGAS, Nº 43 - NOSSA SENHORA DE LOURDES - PASSOS;-206.993.035;-466.172.922;P02003 - VISTORIA EM LOTE VAGO (C) (Prioridade: 2 - Média);1CIA IND/2CIA/1PEL(PASSOS);ASL06087;Não;Não;Não;BOLETIM DE OCORRENCIA;Classificada;04/08/2024 07:09;Não
2024-34818765-6;(BM) 2024-034667351-001;03/08/2024 20:35;RUA PITANGAS, Nº 55 - NOSSA SENHORA DE LOURDES - PASSOS;-206.993.386;-466.173.792;P02003 - VISTORIA EM LOTE VAGO (C) (Prioridade: 2 - Média);1CIA IND/2CIA/1PEL(PASSOS);ASL06087;Não;Não;Não;BOLETIM DE OCORRENCIA;Classificada;04/08/2024 07:08;Não
2024-34818802-0;;03/08/2024 20:36;AVENIDA CANADA, Nº S/N - JARDIM CANADA II - PASSOS;-207.533.453;-466.124.556;O04013 - INCENDIO EM PASTO (C) (Prioridade: 2 - Média);1CIA IND/2CIA/1PEL(PASSOS);ABTS00495;Não;Não;Não;ATENDIDA PELO SAMU;Classificada;04/08/2024 07:08;Não
2024-34821000-7;(BM) 2024-034694417-001;03/08/2024 22:50;RUA OSVALDO JULIO DE ANDRADE, Nº 143 - RECANTO DA TEKA - PASSOS;-207.454.223;-465.959.165;O04012 - INCENDIO EM LOTE VAGO (AREA URBANA) (C) (Prioridade: 2 - Média);1CIA IND/2CIA/1PEL(PASSOS);ABTS00495;Não;Não;Não;BOLETIM DE OCORRENCIA;Classificada;04/08/2024 07:09;Não
2024-34824608-2;(BM) 2024-034712869-001;04/08/2024 03:24;RUA CEARA, Nº 1527 - JARDIM COLEGIO DE PASSOS - PASSOS;-207.216.219;-46.593.906;V03021 - VITIMA DE SUICIDIO (TENTATIVA) - APH TRAUMA (C) (Prioridade: 1 - Alta);1CIA IND/2CIA/1PEL(PASSOS);UR00565;Não;Não;Não;BOLETIM DE OCORRENCIA;Classificada;04/08/2024 07:08;Não
2024-34826044-0;(BM) 2024-034735233-001;04/08/2024 08:45;RUA DALIAS, Nº S/N - PANORAMA - PASSOS;-207.062.574;-466.210.581;P02003 - VISTORIA EM LOTE VAGO (C) (Prioridade: 2 - Média);1CIA IND/2CIA/1PEL(PASSOS);ASL06087;Não;Não;Não;BOLETIM DE OCORRENCIA;Classificada;05/08/2024 07:50;Não
2024-34826194-2;(BM) 2024-034735261-001;04/08/2024 09:06;RUA DALIAS, Nº S/N - PANORAMA - PASSOS;-207.062.574;-466.210.581;P02003 - VISTORIA EM LOTE VAGO (C) (Prioridade: 2 - Média);1CIA IND/2CIA/1PEL(PASSOS);ASL06087;Não;Não;Não;BOLETIM DE OCORRENCIA;Classificada;05/08/2024 07:50;Não
2024-34826311-4;(BM) 2024-034735290-001;04/08/2024 09:24;RUA DALIAS, Nº S/N - PANORAMA - PASSOS;-207.062.574;-466.210.581;P02003 - VISTORIA EM LOTE VAGO (C) (Prioridade: 2 - Média);1CIA IND/2CIA/1PEL(PASSOS);ASL06087;Não;Não;Não;BOLETIM DE OCORRENCIA;Classificada;05/08/2024 07:50;Não
2024-34826582-1;(BM) 2024-034726167-001;04/08/2024 10:05;RUA BOTELHOS, Nº 1061 - NOSSA SENHORA DE FATIMA - PASSOS;-206.988.291;-466.115.503;V01008 - VITIMA COM DOR ABDOMINAL (ABDOME AGUDO) (C) (Prioridade: 1 - Alta);1CIA IND/2CIA/1PEL(PASSOS);UR00565;Não;Não;Não;BOLETIM DE OCORRENCIA;Classificada;05/08/2024 07:50;Não
2024-34827443-0;(BM) 2024-034733799-001;04/08/2024 12:00;RUA DOUTOR BERNARDINO VIEIRA, Nº 535 - CARMELO - PASSOS;-207.153.662;-466.053.208;V02408 - VITIMA DE COLISAO ENTRE AUTOMOVEL X MOTOCICLETA (C) (Prioridade: 1 - Alta);1CIA IND/2CIA/1PEL(PASSOS);UR00565;Não;Não;Não;BOLETIM DE OCORRENCIA;Classificada;05/08/2024 07:49;Não
2024-34827825-7;(BM) 2024-034736918-001;04/08/2024 12:54;RUA LAZARO GARCIA DE MELO, Nº 549 - JARDIM PLANALTO - PASSOS;;;V03005 - VITIMA DE AGRESSAO FISICA SEM USO DE ARMA (C) (Prioridade: 1 - Alta);1CIA IND/2CIA/1PEL(PASSOS);UR00565;Não;Não;Não;BOLETIM DE OCORRENCIA;Classificada;05/08/2024 07:49;Não
2024-34828106-6;;04/08/2024 13:26;RUA SATURNINO RODRIGUES DA SILVA, Nº 163 - ICARAI - ITAU DE MINAS;-207.449.276;-467.606.257;P02011 - VISTORIA EM ENXAME DE INSETOS (C) (Prioridade: 2 - Média);1CIA IND/2CIA/1PEL(PASSOS);;Não;Não;Não;DISPENSADA PELO SOLICITANTE;Classificada;04/08/2024 22:15;Não
2024-34828772-8;;04/08/2024 14:27;RUA SATURNINO RODRIGUES DA SILVA, Nº 163 - ICARAI - ITAU DE MINAS;-207.449.276;-467.606.257;P02011 - VISTORIA EM ENXAME DE INSETOS (C) (Prioridade: 2 - Média);1CIA IND/2CIA/1PEL(PASSOS);;Não;Não;Não;DUPLICADA;Classificada;04/08/2024 14:29;Não
2024-34828973-0;(BM) 2024-034747106-001;04/08/2024 14:39;AVENIDA COMENDADOR FRANCISCO A MAIA, Nº 4050 - EXPOSICAO - PASSOS;-207.333.293;-466.060.067;S06001 - SALVAMENTO DE ANIMAL EM RISCO / PERIGO (C) (Prioridade: 2 - Média);1CIA IND/2CIA/1PEL(PASSOS);ASL06087;Não;Não;Não;BOLETIM DE OCORRENCIA;Classificada;05/08/2024 07:50;Não
2024-34829478-6;;04/08/2024 15:16;RUA JOAO DAHER, Nº 84 - PARQUE DA ESTACAO - PASSOS;-207.020.937;-466.106.484;O04011 - INCENDIO EM AREA URBANA NAO PROTEGIDA (C) (Prioridade: 2 - Média);1CIA IND/2CIA/1PEL(PASSOS);;Não;Não;Não;DISPENSADA PELO SOLICITANTE;Classificada;04/08/2024 15:25;Não
2024-34831336-4;(BM) 2024-034769435-001;04/08/2024 17:17;AVENIDA CHAFARIZ, Nº 797 - CASARAO - PASSOS;-207.202.715;-465.881.498;V01005 - VITIMA COM CRISE HIPERTENSIVA/HIPOTENSAO (C) (Prioridade: 1 - Alta);1CIA IND/2CIA/1PEL(PASSOS);UR00565;Não;Não;Não;BOLETIM DE OCORRENCIA;Classificada;05/08/2024 07:49;Não
2024-34831421-1;(BM) 2024-034772911-001;04/08/2024 17:21;AVENIDA ARLINDO FIGUEIREDO, Nº S/N - JARDIM PINHEIROS 2 - PASSOS;-207.262.479;-466.225.308;R01999 - OUTROS TIPOS DE ACOES DE APOIO A COMUNIDADE   (C) (Prioridade: 2 - Média);1CIA IND/2CIA/1PEL(PASSOS);ABTS00495;Não;Não;Não;BOLETIM DE OCORRENCIA;Classificada;05/08/2024 07:50;Não
2024-34831498-6;(BM) 2024-034785059-001;04/08/2024 17:31;RODOVIA MG 050, Nº S/N - PASSOS;-207.372.242;-466.331.087;O04014 - INCENDIO AS MARGENS DE RODOVIA (C) (Prioridade: 3 - Baixa);1CIA IND/2CIA/1PEL(PASSOS);ASL06087;Não;Não;Não;BOLETIM DE OCORRENCIA;Classificada;05/08/2024 07:50;Não
2024-34832828-4;(BM) 2024-034786627-001;04/08/2024 18:56;AUTO ESTRADA SAO JOSE DA BARRA/ ALPINOPOLIS - ALPINOPOLIS;;;O04007 - INCENDIO EM PROPRIEDADE RURAL PARTICULAR (C) (Prioridade: 2 - Média);1CIA IND/2CIA/1PEL(PASSOS);ASL06087;Não;Não;Não;BOLETIM DE OCORRENCIA;Classificada;05/08/2024 07:50;Não
2024-34837449-3;(BM) 2024-034820714-001;04/08/2024 23:56;AVENIDA ANTONIO ADAO DA SILVA, Nº 111 - PENHA 2 - PASSOS;-207.189.598;-466.322.189;V01010 - VITIMA COM DOR TORACICA/SUSPEITA DE INFARTO (IAM) (C) (Prioridade: 1 - Alta);1CIA IND/2CIA/1PEL(PASSOS);UR00565;Não;Não;Não;BOLETIM DE OCORRENCIA;Classificada;05/08/2024 07:49;Não
2024-34838949-1;(BM) 2024-034833481-001;05/08/2024 04:30;RUA BUENOS AIRES, Nº 1049 - PASSOS;-207.043.627;-466.213.042;O04012 - INCENDIO EM LOTE VAGO (AREA URBANA) (C) (Prioridade: 2 - Média);1CIA IND/2CIA/1PEL(PASSOS);ABTS00495;Não;Não;Não;BOLETIM DE OCORRENCIA;Classificada;05/08/2024 07:50;Não
2024-34839288-7;(BM) 2024-034836600-001;05/08/2024 06:39;RUA AMAPA, Nº 98 - BELA VISTA - PASSOS;-207.116.835;-466.011.618;V01018 - VITIMA DE MAL NAO DEFINIDO (DISTURBIO) (C) (Prioridade: 1 - Alta);1CIA IND/2CIA/1PEL(PASSOS);UR00565;Não;Não;Não;BOLETIM DE OCORRENCIA;Classificada;05/08/2024 07:58;Não
2024-34839957-5;(BM) 2024-034842062-001;05/08/2024 08:12;RUA DOUTOR CARVALHO, Nº 1455 - NOSSA SENHORA DAS GRAÇAS - PASSOS;-207.352.269;-466.037.303;W06000 - TESTE (C) (Prioridade: 3 - Baixa);1CIA IND/2CIA/1PEL(PASSOS);1193;Não;Não;Não;BOLETIM DE OCORRENCIA;Classificada;07/08/2024 08:04;Não
2024-34840350-6;(BM) 2024-034846060-001;05/08/2024 08:54;RUA DELFIM MOREIRA, Nº 62 - CENTRO - CARMO DO RIO CLARO;-20.970.165;-461.214.645;P01002 - VISTORIA DE LIBERACAO / EMISSAO DE AVCB (C) (Prioridade: 2 - Média);1CIA IND/2CIA/PEL PREV E VIST(PASSOS);APF01362;Não;Não;Não;BOLETIM DE OCORRENCIA;Classificada;07/08/2024 08:04;Não
2024-34840748-2;(BM) 2024-034851430-001;05/08/2024 09:29;RUA CASSIA, Nº S/N - SAO BENEDITO - PASSOS;-207.221.044;-466.018.827;V01018 - VITIMA DE MAL NAO DEFINIDO (DISTURBIO) (C) (Prioridade: 1 - Alta);1CIA IND/2CIA/1PEL(PASSOS);UR00565;Não;Não;Não;BOLETIM DE OCORRENCIA;Classificada;07/08/2024 08:08;Não
2024-34840980-4;(BM) 2024-034857004-001;05/08/2024 09:50;RUA RIO PARDO, Nº 111 - CANJERANUS - PASSOS;-207.093.391;-466.056.108;V01007 - VITIMA COM DISPNEIA (FALTA DE AR) (C) (Prioridade: 1 - Alta);1CIA IND/2CIA/1PEL(PASSOS);UR00565;Não;Não;Não;BOLETIM DE OCORRENCIA;Classificada;07/08/2024 08:08;Não
2024-34841911-7;(BM) 2024-034867354-001;05/08/2024 11:07;RUA PADRE ANTONIO PENTEADO, Nº S/N - SANTO ANTONIO - CARMO DO RIO CLARO;-209.722.567;-461.335.615;P01002 - VISTORIA DE LIBERACAO / EMISSAO DE AVCB (C) (Prioridade: 2 - Média);1CIA IND/2CIA/PEL PREV E VIST(PASSOS);APF01362;Não;Não;Não;BOLETIM DE OCORRENCIA;Classificada;07/08/2024 08:05;Não
2024-34842147-3;(BM) 2024-034872645-001;05/08/2024 11:26;RUA CAMELIAS, Nº 498 - PASSOS;-207.099.127;-466.184.264;P02011 - VISTORIA EM ENXAME DE INSETOS (C) (Prioridade: 2 - Média);1CIA IND/2CIA/1PEL(PASSOS);ASL06087;Não;Não;Não;BOLETIM DE OCORRENCIA;Classificada;07/08/2024 08:05;Não
2024-34842369-5;(BM) 2024-034873611-001;05/08/2024 11:45;RUA VENEZUELA, Nº 455 - POLIVALENTE - PASSOS;-207.044.527;-466.051.749;V01011 - VITIMA COM DOR RENAL (COLICA) (C) (Prioridade: 1 - Alta);1CIA IND/2CIA/1PEL(PASSOS);UR00565;Não;Não;Não;BOLETIM DE OCORRENCIA;Classificada;07/08/2024 08:08;Não
2024-34842609-7;(BM) 2024-034875909-001;05/08/2024 12:12;AVENIDA RONDON PACHECO, Nº S/N - ACAMPAMENTO - CARMO DO RIO CLARO;-209.719.396;-461.382.727;P01001 - VISTORIA DE FISCALIZACAO (C) (Prioridade: 2 - Média);1CIA IND/2CIA/PEL PREV E VIST(PASSOS);APF01362;Não;Não;Não;BOLETIM DE OCORRENCIA;Classificada;07/08/2024 08:05;Não
2024-34843707-1;(BM) 2024-034912181-001;05/08/2024 13:53;AVENIDA BRASIL, Nº 184 - JARDIM SATELITE - PASSOS;-207.157.976;-466.181.472;O04012 - INCENDIO EM LOTE VAGO (AREA URBANA) (C) (Prioridade: 2 - Média);1CIA IND/2CIA/1PEL(PASSOS);ABTS00495;Não;Não;Não;BOLETIM DE OCORRENCIA;Classificada;07/08/2024 08:05;Não
2024-34844065-1;;05/08/2024 14:15;ACESSO RURAL FANGUEIRO - VANDERTE ALVES DA SILVA BORGES, SITIO - ALPINOPOLIS;;;W03000 - SOLICITANTE ENCONTRADO - PROVIDENCIA DISPENSADA (C) (Prioridade: 3 - Baixa);1CIA IND/2CIA/1PEL(PASSOS);;Não;Não;Não;DISPENSADA PELO SOLICITANTE;Classificada;05/08/2024 15:47;Não
2024-34844161-5;(BM) 2024-034892780-001;05/08/2024 14:19;RUA SAGITARIO, Nº 119 - PASSOS;-207.239.422;-465.837.843;P01001 - VISTORIA DE FISCALIZACAO (C) (Prioridade: 2 - Média);1CIA IND/2CIA/PEL PREV E VIST(PASSOS);APF01362;Não;Não;Não;BOLETIM DE OCORRENCIA;Classificada;07/08/2024 08:05;Não
2024-34844740-2;(BM) 2024-034899964-001;05/08/2024 14:47;PRACA SAO FRANCISCO, Nº S/N - CANDEIAS - PASSOS;-207.216.691;-466.159.363;V02402 - VITIMA DE COLISAO ENTRE MOTOCICLETAS (C) (Prioridade: 1 - Alta);1CIA IND/2CIA/1PEL(PASSOS);UR00565;Não;Não;Não;BOLETIM DE OCORRENCIA;Classificada;07/08/2024 08:09;Não
2024-34844766-6;(PM) 2024-034908023-001;05/08/2024 14:49;AVENIDA ARLINDO FIGUEIREDO, Nº 231 - CANDEIAS - PASSOS;-207.225.405;-466.167.267;W98011 - SOLICITACAO DE APOIO (C) (Prioridade: 1 - Alta);1CIA IND/2CIA/1PEL(PASSOS);;Não;Não;Não;DUPLICADA;Classificada;05/08/2024 14:54;Não
2024-34845333-4;(BM) 2024-034923272-001;05/08/2024 15:16;RUA JOAQUIM SIMPLICIO DA SILVA, Nº 80 - PASSOS;-207.204.092;-465.791.234;P02011 - VISTORIA EM ENXAME DE INSETOS (C) (Prioridade: 2 - Média);1CIA IND/2CIA/1PEL(PASSOS);ASL06087;Não;Não;Não;BOLETIM DE OCORRENCIA;Classificada;07/08/2024 08:05;Não
2024-34846030-8;(BM) 2024-034916650-001;05/08/2024 15:52;RUA BELMIRA OSORIO LEMOS, Nº 80 - JARDIM ITALIA - PASSOS;-207.451.839;-466.050.874;P02003 - VISTORIA EM LOTE VAGO (C) (Prioridade: 2 - Média);1CIA IND/2CIA/1PEL(PASSOS);ASL06087;Não;Não;Não;BOLETIM DE OCORRENCIA;Classificada;07/08/2024 08:05;Não
2024-34846038-0;(BM) 2024-034916831-001;05/08/2024 15:53;RUA PORTUGAL, Nº 208 - NOVO MUNDO - PASSOS;-207.267.539;-465.921.033;P01001 - VISTORIA DE FISCALIZACAO (C) (Prioridade: 2 - Média);1CIA IND/2CIA/PEL PREV E VIST(PASSOS);APF01362;Não;Não;Não;BOLETIM DE OCORRENCIA;Classificada;07/08/2024 08:05;Não
2024-34847078-0;(BM) 2024-034933999-001;05/08/2024 16:58;RUA BARTOLOMEU DE GUSMAO, Nº 171 - BELO HORIZONTE - PASSOS;-207.268.041;-466.070.102;O03002 - SUPERAQUECIMENTO DE PANELA (C) (Prioridade: 2 - Média);1CIA IND/2CIA/1PEL(PASSOS);ABTS00495;Não;Não;Não;BOLETIM DE OCORRENCIA;Classificada;07/08/2024 08:05;Não
2024-34847527-1;(BM) 2024-034939914-001;05/08/2024 17:25;RUA ALBERTINO FERREIRA ROSA, Nº 636 - PASSOS;-207.344.002;-465.847.531;P02003 - VISTORIA EM LOTE VAGO (C) (Prioridade: 2 - Média);1CIA IND/2CIA/1PEL(PASSOS);ASL06087;Não;Não;Não;BOLETIM DE OCORRENCIA;Classificada;07/08/2024 08:06;Não
2024-34847839-4;(BM) 2024-034939823-001;05/08/2024 17:46;RUA ALBERTINO FERREIRA ROSA, Nº 646 - PASSOS;-207.343.463;-465.846.812;P02003 - VISTORIA EM LOTE VAGO (C) (Prioridade: 2 - Média);1CIA IND/2CIA/1PEL(PASSOS);ASL06087;Não;Não;Não;BOLETIM DE OCORRENCIA;Classificada;07/08/2024 08:06;Não
2024-34848510-4;(BM) 2024-034945454-001;05/08/2024 18:27;RUA DAS CAMELIAS, Nº 498 - CONDOMINIO JARDIM DAS ACACIAS - PASSOS;-207.112.593;-466.543.525;S06005 - CAPTURA DE INSETOS (C) (Prioridade: 2 - Média);1CIA IND/2CIA/1PEL(PASSOS);ASL06087;Não;Não;Não;BOLETIM DE OCORRENCIA;Classificada;07/08/2024 08:06;Não
2024-34852954-1;(BM) 2024-034996309-001;05/08/2024 23:41;RUA SANTOS DUMONT / RUA DOUTOR CARVALHO - BELO HORIZONTE - PASSOS;-207.275.225;-466.065.802;O02034 - INCENDIO EM CACAMBA DE LIXO / ENTULHO (C) (Prioridade: 2 - Média);1CIA IND/2CIA/1PEL(PASSOS);ABTS00495;Não;Não;Não;BOLETIM DE OCORRENCIA;Classificada;07/08/2024 08:06;Não
2024-34854343-9;(BM) 2024-035010170-001;06/08/2024 04:01;RUA ARACAJU, Nº S/N - ROSÁRIO - ALPINOPOLIS;-208.647.882;-463.808.874;O04011 - INCENDIO EM AREA URBANA NAO PROTEGIDA (C) (Prioridade: 2 - Média);1CIA IND/2CIA/1PEL(PASSOS);ABTS00495;Não;Não;Não;BOLETIM DE OCORRENCIA;Classificada;07/08/2024 08:06;Não
2024-34854774-0;(BM) 2024-035009491-001;06/08/2024 06:45;AVENIDA OLIVEIRA REZENDE, Nº 1217 - CENTRO - SAO SEBASTIAO PARAISO;-209.098.609;-469.961.759;X03000 - EMPENHO ADMINISTRATIVO (C) (Prioridade: 2 - Média);1CIA IND/2CIA/PEL PREV E VIST(PASSOS);APF01362;Não;Não;Não;BOLETIM DE OCORRENCIA;Classificada;07/08/2024 09:02;Não
2024-34856097-5;(BM) 2024-035033707-001;06/08/2024 09:25;RUA MANACA DA SERRA, Nº S/N - PARQUE TROPICAL - PASSOS;;;P02003 - VISTORIA EM LOTE VAGO (C) (Prioridade: 2 - Média);1CIA IND/2CIA/1PEL(PASSOS);ASL06087;Não;Não;Não;BOLETIM DE OCORRENCIA;Classificada;07/08/2024 08:07;Não
2024-34856573-0;(BM) 2024-035033660-001;06/08/2024 10:09;RUA JOAQUIM LEMOS MAIA, Nº S/N - NOVA PASSOS - PASSOS;-207.049.601;-466.378.431;P02003 - VISTORIA EM LOTE VAGO (C) (Prioridade: 2 - Média);1CIA IND/2CIA/1PEL(PASSOS);ASL06087;Não;Não;Não;BOLETIM DE OCORRENCIA;Classificada;07/08/2024 08:07;Não
2024-34858329-0;(BM) 2024-035059417-001;06/08/2024 13:09;RUA SANTA LUZIA, Nº 37 - PASSOS;-207.238.803;-466.145.239;S06001 - SALVAMENTO DE ANIMAL EM RISCO / PERIGO (C) (Prioridade: 2 - Média);1CIA IND/2CIA/1PEL(PASSOS);ABTS00495;Não;Não;Não;BOLETIM DE OCORRENCIA;Classificada;07/08/2024 08:07;Não
2024-34859412-7;(BM) 2024-035091165-001;06/08/2024 14:27;RUA GARDENIA, Nº 151 - PASSOS;;;O04012 - INCENDIO EM LOTE VAGO (AREA URBANA) (C) (Prioridade: 2 - Média);1CIA IND/2CIA/1PEL(PASSOS);ABTS00495;Não;Não;Não;BOLETIM DE OCORRENCIA;Classificada;07/08/2024 08:07;Não
2024-34863361-1;(BM) 2024-035126272-001;06/08/2024 18:09;RUA SEBASTIAO CESAR ANASTACIO, Nº 527 - PENHA 2 - PASSOS;-207.169.922;-466.314.658;O04012 - INCENDIO EM LOTE VAGO (AREA URBANA) (C) (Prioridade: 2 - Média);1CIA IND/2CIA/1PEL(PASSOS);ABTS00495;Não;Não;Não;BOLETIM DE OCORRENCIA;Classificada;07/08/2024 08:08;Não
2024-34866150-2;;06/08/2024 21:12;RUA GERONIMO NETO, Nº 359 - CENTRO - PASSOS;;;V01007 - VITIMA COM DISPNEIA (FALTA DE AR) (C) (Prioridade: 1 - Alta);1CIA IND/2CIA/1PEL(PASSOS);;Não;Não;Não;ATENDIDA PELO SAMU;Classificada;06/08/2024 21:19;Não
2024-34866158-4;(BM) 2024-035140551-001;06/08/2024 21:15;RUA BENEDITO APOLINARIO, Nº 103 - PASSOS;-207.219.804;-466.357.624;V01025 - VITIMA DE USO / ABUSO / DEPENDENCIA DE DROGAS / ALCOOL (C) (Prioridade: 1 - Alta);1CIA IND/2CIA/1PEL(PASSOS);UR00565;Não;Não;Não;BOLETIM DE OCORRENCIA;Classificada;07/08/2024 08:08;Não
2024-34870068-7;(BM) 2024-035176085-001;07/08/2024 06:45;AVENIDA OLIVEIRA REZENDE, Nº 1217 - CENTRO - SAO SEBASTIAO PARAISO;-209.098.609;-469.961.759;X03000 - EMPENHO ADMINISTRATIVO (C) (Prioridade: 2 - Média);1CIA IND/2CIA/1PEL(PASSOS);TPO00155;Não;Não;Não;BOLETIM DE OCORRENCIA;Classificada;08/08/2024 08:56;Não
2024-34870367-8;(BM) 2024-035178435-001;07/08/2024 07:31;AVENIDA PROFESSORA MARIA VALERIA LEMOS BORSARI, Nº S/N - NOVA PASSOS II - PASSOS;-206.991.285;-466.304.102;P02003 - VISTORIA EM LOTE VAGO (C) (Prioridade: 2 - Média);1CIA IND/2CIA/1PEL(PASSOS);ASL06087;Não;Não;Não;BOLETIM DE OCORRENCIA;Classificada;07/08/2024 08:08;Não
2024-34871412-6;(BM) 2024-035190154-001;07/08/2024 09:22;RUA DOUTOR CARVALHO, Nº 1455 - NOSSA SENHORA DAS GRAÇAS - PASSOS;-207.352.269;-466.037.303;Q03005 - TREINAMENTO DE SALVAMENTO TERRESTRE (C) (Prioridade: 2 - Média);1CIA IND/2CIA/1PEL(PASSOS);BM1549807;Não;Não;Não;BOLETIM DE OCORRENCIA;Classificada;07/08/2024 12:31;Não
2024-34871415-4;(BM) 2024-035205784-001;07/08/2024 09:23;RUA SANTA CASA, Nº 164 - SANTA CASA - PASSOS;-207.129.746;-466.123.199;X03000 - EMPENHO ADMINISTRATIVO (C) (Prioridade: 2 - Média);1CIA IND/2CIA/PEL PREV E VIST(PASSOS);APF01362;Não;Não;Não;BOLETIM DE OCORRENCIA;Classificada;08/08/2024 07:51;Não
2024-34871683-3;(BM) 2024-035215097-001;07/08/2024 09:44;RODOVIA MG 050, Nº S/N - PASSOS;-207.372.242;-466.331.087;Y40035 - APOIO DE SOLO EM OPERACOES AEREAS (C) (Prioridade: 2 - Média);1CIA IND/2CIA/1PEL(PASSOS);UR00565;Não;Não;Não;BOLETIM DE OCORRENCIA;Classificada;07/08/2024 12:29;Não
2024-34872978-2;;07/08/2024 11:36;AVENIDA JUCA STOCKLER, Nº S/N - SAO JOAQUIM - PASSOS;-207.420.993;-46.600.964;O04003 - INCENDIO EM PRODUCAO AGRICOLA (C) (Prioridade: 2 - Média);1CIA IND/2CIA/1PEL(PASSOS);ABTS00495;Não;Não;Não;ATENDIDA PELO SAMU;Classificada;08/08/2024 07:51;Não
2024-34873022-2;(BM) 2024-035220438-001;07/08/2024 11:36;RUA PRESIDENTE GETULIO VARGAS, Nº 49 - CENTRO - IBIRACI;-204.613.373;-471.224.117;P01002 - VISTORIA DE LIBERACAO / EMISSAO DE AVCB (C) (Prioridade: 2 - Média);1CIA IND/2CIA/PEL PREV E VIST(PASSOS);APF01362;Não;Não;Não;BOLETIM DE OCORRENCIA;Classificada;08/08/2024 07:51;Não
2024-34873027-6;(BM) 2024-035254445-001;07/08/2024 11:37;AVENIDA GOVERNADOR VALADARES, Nº 180 - CENTRO - IBIRACI;-204.646.269;-471.207.408;P01001 - VISTORIA DE FISCALIZACAO (C) (Prioridade: 2 - Média);1CIA IND/2CIA/PEL PREV E VIST(PASSOS);APF01362;Não;Não;Não;BOLETIM DE OCORRENCIA;Classificada;08/08/2024 07:51;Não
2024-34873050-8;(BM) 2024-035250030-001;07/08/2024 11:38;RUA CORONEL TIMOTEO, Nº 409 - CENTRO - IBIRACI;-204.640.894;-471.232.358;P01001 - VISTORIA DE FISCALIZACAO (C) (Prioridade: 2 - Média);1CIA IND/2CIA/PEL PREV E VIST(PASSOS);APF01362;Não;Não;Não;BOLETIM DE OCORRENCIA;Classificada;08/08/2024 07:51;Não
2024-34874839-7;(BM) 2024-035306798-001;07/08/2024 14:22;RUA FORMOSA, Nº 26 - CENTRO - PASSOS;-20.716.069;-466.112.707;P02011 - VISTORIA EM ENXAME DE INSETOS (C) (Prioridade: 3 - Baixa);1CIA IND/2CIA/1PEL(PASSOS);ASL06087;Não;Não;Não;BOLETIM DE OCORRENCIA;Classificada;08/08/2024 07:53;Não
2024-34877573-8;(BM) 2024-035270015-001;07/08/2024 16:49;RODOVIA BR 265, Km 0 - CARMO DO RIO CLARO;-209.258.614;-461.955.001;O04008 - INCENDIO EM AREA RURAL NAO PROTEGIDA (C) (Prioridade: 2 - Média);1CIA IND/2CIA/1PEL(PASSOS);ASL06087;Não;Não;Não;BOLETIM DE OCORRENCIA;Classificada;08/08/2024 07:51;Não
2024-34883544-4;(BM) 2024-035330455-001;07/08/2024 23:20;RUA NITEROI, Nº 274 - PASSOS;-206.992.252;-466.041.132;V01999 - OUTROS TIPOS DE APH CLINICO (C) (Prioridade: 1 - Alta);1CIA IND/2CIA/1PEL(PASSOS);UR00565;Não;Não;Não;BOLETIM DE OCORRENCIA;Classificada;08/08/2024 07:50;Não
2024-34887013-0;(BM) 2024-035355931-001;08/08/2024 09:25;RUA DOUTOR CARVALHO, Nº 1455 - NOSSA SENHORA DAS GRAÇAS - PASSOS;-207.352.269;-466.037.303;Q03017 - TREINAMENTO DE PRIMEIROS SOCORROS (C) (Prioridade: 2 - Média);1CIA IND/2CIA/1PEL(PASSOS);BM1206671;Não;Não;Não;BOLETIM DE OCORRENCIA;Classificada;09/08/2024 07:30;Não
2024-34887071-6;(BM) 2024-035360605-001;08/08/2024 09:28;SERRA cruzeiro, Nº S/N - CARMO DO RIO CLARO;;;O04008 - INCENDIO EM AREA RURAL NAO PROTEGIDA (C) (Prioridade: 2 - Média);1CIA IND/2CIA/1PEL(PASSOS);ASL06087;Não;Não;Não;BOLETIM DE OCORRENCIA;Classificada;09/08/2024 07:30;Não
2024-34887256-1;;08/08/2024 09:43;RUA FAZENDEIROS, Nº 113 - MONSENHOR MESSIAS - PASSOS;-207.373.224;-466.009.138;V01018 - VITIMA DE MAL NAO DEFINIDO (DISTURBIO) (C) (Prioridade: 1 - Alta);1CIA IND/2CIA/1PEL(PASSOS);;Não;Não;Não;ATENDIDA PELO SAMU;Classificada;08/08/2024 09:54;Não
2024-34887388-2;;08/08/2024 09:59;AVENIDA ANTONIO DIAS MACHADO, Nº 177 - DISTRITO INDUSTRIAL 2 - PASSOS;;;P02011 - VISTORIA EM ENXAME DE INSETOS (C) (Prioridade: 2 - Média);1CIA IND/2CIA/1PEL(PASSOS);;Não;Não;Não;REPASSADA A OUTROS ÓRGAOS;Classificada;08/08/2024 10:42;Não
2024-34887684-5;(BM) 2024-035366186-001;08/08/2024 10:20;RUA ENGENHEIROS, Nº 664 - NOVO HORIZONTE - PASSOS;-207.281.038;-466.019.199;X03000 - EMPENHO ADMINISTRATIVO (C) (Prioridade: 2 - Média);1CIA IND/2CIA/PEL PREV E VIST(PASSOS);APF01362;Não;Não;Não;BOLETIM DE OCORRENCIA;Classificada;09/08/2024 07:30;Não
2024-34887987-7;;08/08/2024 10:46;RUA GUILHERME GAMBETA, Nº 285 - CENTRO - CAPETINGA;-206.186.325;-470.565.627;P02011 - VISTORIA EM ENXAME DE INSETOS (C) (Prioridade: 2 - Média);1CIA IND/2CIA/1PEL(PASSOS);;Não;Não;Não;NÃO ATENDIDA: FALTA DE EFETIVO;Classificada;08/08/2024 21:45;Não
2024-34888706-1;(BM) 2024-035399593-001;08/08/2024 11:40;RUA PALMEIRAS, Nº 326 - SERRA DAS BRISAS - PASSOS;;;O02027 - INCENDIO VEIC. AUTOMOTOR (EXCETO TANQUE/ONIBUS/MICRO-ONIBUS) (C) (Prioridade: 1 - Alta);1CIA IND/2CIA/1PEL(PASSOS);ABTS00495;Não;Não;Não;BOLETIM DE OCORRENCIA;Classificada;09/08/2024 07:29;Não
2024-34889281-0;;08/08/2024 12:41;AVENIDA PERIMETRAL, Nº S/N - PARQUE DA ESTACAO - PASSOS;-207.057.771;-466.097.547;O04011 - INCENDIO EM AREA URBANA NAO PROTEGIDA (C) (Prioridade: 2 - Média);1CIA IND/2CIA/1PEL(PASSOS);;Não;Não;Não;NÃO ATENDIDA: FALTA DE EFETIVO;Classificada;08/08/2024 21:45;Não
2024-34889474-3;(BM) 2024-035385351-001;08/08/2024 13:05;RUA GOIAS, Nº 1095 - SANTA LUZIA - PASSOS;-207.108.452;-466.009.065;P01001 - VISTORIA DE FISCALIZACAO (C) (Prioridade: 2 - Média);1CIA IND/2CIA/PEL PREV E VIST(PASSOS);APF01362;Não;Não;Não;BOLETIM DE OCORRENCIA;Classificada;09/08/2024 07:30;Não
2024-34893519-3;(BM) 2024-035450910-001 / (PM) 2024-035450910-002;08/08/2024 16:53;RUA CAMBUQUIRA, Nº 270 - PASSOS;-2.072.952;-466.150.564;O02027 - INCENDIO VEIC. AUTOMOTOR (EXCETO TANQUE/ONIBUS/MICRO-ONIBUS) (C) (Prioridade: 1 - Alta);1CIA IND/2CIA/1PEL(PASSOS);ABTS00495;Não;Não;Não;BOLETIM DE OCORRENCIA;Classificada;09/08/2024 07:29;Não
2024-34895626-4;;08/08/2024 18:52;RUA PARA, Nº 2009 - PASSOS;-207.193.203;-46.594.099;V03005 - VITIMA DE AGRESSAO FISICA SEM USO DE ARMA (C) (Prioridade: 1 - Alta);1CIA IND/2CIA/1PEL(PASSOS);;Não;Não;Não;ATENDIDA PELO SAMU;Classificada;08/08/2024 20:24;Não
2024-34896366-0;;08/08/2024 19:37;RUA ANTONIO CHAGAS, Nº S/N - PARQUE DAS AROEIRAS - PASSOS;-207.215.819;-466.277.864;O02003 - INCENDIO EM EDIFICACAO COMERCIAL (C) (Prioridade: 1 - Alta);1CIA IND/2CIA/1PEL(PASSOS);ABTS00495;Não;Não;Não;NADA CONSTATADO;Classificada;08/08/2024 19:47;Não
2024-34897355-0;(BM) 2024-035488286-001;08/08/2024 20:45;RUA BONSUCESSO, Nº 584 - SÃO FRANCISCO - PASSOS;;;O04011 - INCENDIO EM AREA URBANA NAO PROTEGIDA (C) (Prioridade: 2 - Média);1CIA IND/2CIA/1PEL(PASSOS);ABTS00495;Não;Não;Não;BOLETIM DE OCORRENCIA;Classificada;09/08/2024 07:30;Não
2024-34897748-2;(BM) 2024-035488195-001;08/08/2024 21:12;RUA LAVINIA BORSARI, Nº 44 - PASSOS;-207.013.576;-466.328.033;S06001 - SALVAMENTO DE ANIMAL EM RISCO / PERIGO (C) (Prioridade: 2 - Média);1CIA IND/2CIA/1PEL(PASSOS);ABTS00495;Não;Não;Não;BOLETIM DE OCORRENCIA;Classificada;09/08/2024 07:29;Não
2024-34899661-7;(BM) 2024-035506370-001;08/08/2024 23:25;FAZENDA CAMPANHA, Nº S/N - SAO JOSE DA BARRA;-207.526.121;-462.334.364;O04008 - INCENDIO EM AREA RURAL NAO PROTEGIDA (C) (Prioridade: 2 - Média);1CIA IND/2CIA/1PEL(PASSOS);ASL06087;Não;Não;Não;BOLETIM DE OCORRENCIA;Classificada;09/08/2024 07:29;Não
2024-34902823-9;(BM) 2024-035525126-001;09/08/2024 08:45;RUA PORTUGAL, Nº 208 - NOVO MUNDO - PASSOS;-207.267.539;-465.921.033;P01001 - VISTORIA DE FISCALIZACAO (C) (Prioridade: 2 - Média);1CIA IND/2CIA/PEL PREV E VIST(PASSOS);APF01362;Não;Não;Não;BOLETIM DE OCORRENCIA;Classificada;10/08/2024 07:32;Não
2024-34903173-0;(BM) 2024-035575898-001;09/08/2024 09:13;RUA AGUAS MARINHAS, Nº 1384 - ACLIMACAO - PASSOS;-207.528.175;-466.016.803;P02003 - VISTORIA EM LOTE VAGO (C) (Prioridade: 2 - Média);1CIA IND/2CIA/1PEL(PASSOS);ASL06087;Não;Não;Não;BOLETIM DE OCORRENCIA;Classificada;10/08/2024 07:32;Não
2024-34903349-5;(BM) 2024-035671896-001;09/08/2024 09:34;RUA VITORIA, Nº 590 - JARDIM COLEGIO DE PASSOS - PASSOS;-207.186.769;-465.920.346;P01001 - VISTORIA DE FISCALIZACAO (C) (Prioridade: 2 - Média);1CIA IND/2CIA/PEL PREV E VIST(PASSOS);APF01362;Não;Não;Não;BOLETIM DE OCORRENCIA;Classificada;10/08/2024 07:31;Não
2024-34903393-7;(BM) 2024-035576836-001;09/08/2024 09:35;RUA AGUAS MARINHAS, Nº 1036 - ACLIMACAO - PASSOS;-207.527.517;-46.605.059;P02003 - VISTORIA EM LOTE VAGO (C) (Prioridade: 2 - Média);1CIA IND/2CIA/1PEL(PASSOS);ASL06087;Não;Não;Não;BOLETIM DE OCORRENCIA;Classificada;10/08/2024 07:31;Não
2024-34903470-6;(BM) 2024-035576892-001;09/08/2024 09:42;RUA AGUAS MARINHAS, Nº 1480 - ACLIMACAO - PASSOS;-207.528.479;-466.007.979;P02003 - VISTORIA EM LOTE VAGO (C) (Prioridade: 2 - Média);1CIA IND/2CIA/1PEL(PASSOS);ASL06087;Não;Não;Não;BOLETIM DE OCORRENCIA;Classificada;10/08/2024 07:31;Não
2024-34905444-7;;09/08/2024 12:47;AVENIDA PAULO ESPER PIMENTA, Nº S/N - PASSOS;-20.710.761;-466.137.776;V01010 - VITIMA COM DOR TORACICA/SUSPEITA DE INFARTO (IAM) (C) (Prioridade: 1 - Alta);1CIA IND/2CIA/1PEL(PASSOS);;Não;Não;Não;ATENDIDA PELO SAMU;Classificada;09/08/2024 13:03;Não
2024-34906500-1;(BM) 2024-035575149-002 / (PM) 2024-035575149-001;09/08/2024 14:08;RUA SANTA MARTA / RUA TIRADENTES - CANJERANUS - PASSOS;-207.128.572;-466.071.311;W10000 - DISPENSADA POR DUPLICIDADE DE EMPENHO COM OUTROS ORGAOS (C) (Prioridade: 1 - Alta);1CIA IND/2CIA/1PEL(PASSOS);UR00565;Não;Não;Não;BOLETIM DE OCORRENCIA;Classificada;10/08/2024 07:30;Não
2024-34906514-6;;09/08/2024 14:11;BAIRRO LEANDROS, Nº S/N - CARMO DO RIO CLARO;-208.959.722;-46.092.745;O04013 - INCENDIO EM PASTO (C) (Prioridade: 2 - Média);1CIA IND/2CIA/1PEL(PASSOS);;Não;Não;Não;DISPENSADA PELO SOLICITANTE;Classificada;09/08/2024 18:23;Não
2024-34906624-4;(BM) 2024-035571307-001;09/08/2024 14:17;RUA VITORIA, Nº 590 - JARDIM COLEGIO DE PASSOS - PASSOS;-207.186.769;-465.920.346;P01001 - VISTORIA DE FISCALIZACAO (C) (Prioridade: 2 - Média);1CIA IND/2CIA/PEL PREV E VIST(PASSOS);APF01362;Não;Não;Não;BOLETIM DE OCORRENCIA;Classificada;10/08/2024 07:31;Não
2024-34907578-4;(BM) 2024-035647740-001;09/08/2024 15:04;RUA MIGUEL FERREIRA NEVES, Nº S/N - RECANTO DA TEKA - PASSOS;-207.471.368;-465.963.149;P02011 - VISTORIA EM ENXAME DE INSETOS (C) (Prioridade: 2 - Média);1CIA IND/2CIA/1PEL(PASSOS);ASL06087;Não;Não;Não;BOLETIM DE OCORRENCIA;Classificada;10/08/2024 07:31;Não
2024-34907638-4;(BM) 2024-035647802-001;09/08/2024 15:08;RUA ARGEMIRO CELESTINO MARTINS, Nº 220 - NOVA CALIFORNIA - PASSOS;-207.018.191;-466.222.822;S06004 - CAPTURA DE OUTROS ANIMAIS DOMESTICOS PERIGOSOS / AGRESSIVOS (C) (Prioridade: 2 - Média);1CIA IND/2CIA/1PEL(PASSOS);ASL06087;Não;Não;Não;BOLETIM DE OCORRENCIA;Classificada;10/08/2024 07:31;Não
2024-34908282-3;(BM) 2024-035647830-001;09/08/2024 15:43;RUA GOIAS, Nº 187 - POLIVALENTE - PASSOS;-207.051.093;-466.071.773;S06001 - SALVAMENTO DE ANIMAL EM RISCO / PERIGO (C) (Prioridade: 2 - Média);1CIA IND/2CIA/1PEL(PASSOS);ASL06087;Não;Não;Não;BOLETIM DE OCORRENCIA;Classificada;10/08/2024 07:31;Não
2024-34908675-6;(BM) 2024-035647871-001;09/08/2024 16:02;RODOVIA MG 050, Nº 1100 - PARQUE DA FAZENDA - PASSOS;-207.402.937;-466.074.495;O04014 - INCENDIO AS MARGENS DE RODOVIA (C) (Prioridade: 2 - Média);1CIA IND/2CIA/1PEL(PASSOS);ABTS00495;Não;Não;Não;BOLETIM DE OCORRENCIA;Classificada;10/08/2024 07:31;Não
2024-34909499-0;(BM) 2024-035629917-001;09/08/2024 16:48;RUA JORGE BACIL, Nº 30 - NOVA CALIFORNIA - PASSOS;-207.026.287;-466.202.709;P02011 - VISTORIA EM ENXAME DE INSETOS (C) (Prioridade: 2 - Média);1CIA IND/2CIA/1PEL(PASSOS);ASL06087;Não;Não;Não;BOLETIM DE OCORRENCIA;Classificada;10/08/2024 07:31;Não
2024-34909928-5;;09/08/2024 17:10;RUA PITANGAS, Nº 30 - NOVA CALIFORNIA - PASSOS;-207.040.947;-466.209.741;P02011 - VISTORIA EM ENXAME DE INSETOS (C) (Prioridade: 2 - Média);1CIA IND/2CIA/1PEL(PASSOS);;Não;Não;Não;DUPLICADA;Classificada;09/08/2024 17:13;Não
2024-34910623-5;(BM) 2024-035626835-001;09/08/2024 17:49;RUA JOAQUIM LOPES, Nº 281 - PENHA - PASSOS;-207.167.366;-46.623.094;V02402 - VITIMA DE COLISAO ENTRE MOTOCICLETAS (C) (Prioridade: 1 - Alta);1CIA IND/2CIA/1PEL(PASSOS);UR00565;Não;Não;Não;BOLETIM DE OCORRENCIA;Classificada;10/08/2024 07:30;Não
2024-34912360-9;(BM) 2024-035647921-001;09/08/2024 19:30;AVENIDA JUCA STOCKLER, Nº 3289 - ACLIMACAO - PASSOS;-20.753.649;-465.980.716;P03001 - PERIGO DE DERRAPAGEM (C) (Prioridade: 2 - Média);1CIA IND/2CIA/1PEL(PASSOS);ABTS00495;Não;Não;Não;BOLETIM DE OCORRENCIA;Classificada;10/08/2024 07:31;Não
2024-34912517-9;(BM) 2024-035647950-001;09/08/2024 19:39;RUA GUATEMALA, Nº S/N - POLIVALENTE - PASSOS;-207.044.054;-466.065.381;S06001 - SALVAMENTO DE ANIMAL EM RISCO / PERIGO (C) (Prioridade: 2 - Média);1CIA IND/2CIA/1PEL(PASSOS);ASL06087;Não;Não;Não;BOLETIM DE OCORRENCIA;Classificada;10/08/2024 07:31;Não
2024-34914528-6;(BM) 2024-035653355-001;09/08/2024 21:42;RUA JOSE MARIA ALVES DE JESUS, Nº 391 - MIRANTE DO VALE - PASSOS;;;O04012 - INCENDIO EM LOTE VAGO (AREA URBANA) (C) (Prioridade: 2 - Média);1CIA IND/2CIA/1PEL(PASSOS);ABTS00495;Não;Não;Não;BOLETIM DE OCORRENCIA;Classificada;10/08/2024 07:31;Não
2024-34919438-2;(BM) 2024-035693316-001 / (PM) 2024-035693316-002;10/08/2024 04:39;AVENIDA COMENDADOR FRANCISCO A MAIA / RUA SETE DE SETEMBRO - BELO HORIZONTE - PASSOS;-20.734.006;-466.049.693;V02203 - VITIMA DE CHOQUE DE AUTOMOVEL (CARRO / CAMINHONETE) (C) (Prioridade: 1 - Alta);1CIA IND/2CIA/1PEL(PASSOS);UR00565;Não;Não;Não;BOLETIM DE OCORRENCIA;Classificada;10/08/2024 07:30;Não
2024-34919524-2;(BM) 2024-035692290-001;10/08/2024 05:01;RUA PARANA, Nº 153 - SAO BENEDITO - PASSOS;-207.181.424;-466.031.157;V01010 - VITIMA COM DOR TORACICA/SUSPEITA DE INFARTO (IAM) (C) (Prioridade: 1 - Alta);1CIA IND/2CIA/1PEL(PASSOS);UR00565;Não;Não;Não;BOLETIM DE OCORRENCIA;Classificada;10/08/2024 07:30;Não
2024-34919889-1;(BM) 2024-035699549-001;10/08/2024 06:58;AVENIDA OLIVEIRA REZENDE, Nº S/N - VILA ALZA - SAO SEBASTIAO PARAISO;-209.172.382;-4.699.897;X03000 - EMPENHO ADMINISTRATIVO (C) (Prioridade: 2 - Média);1CIA IND/2CIA/PEL PREV E VIST(PASSOS);APF01362;Não;Não;Não;BOLETIM DE OCORRENCIA;Classificada;11/08/2024 08:38;Não
2024-34920037-9;;10/08/2024 07:17;RUA CARAJAS / RUA TAPAJOS - NOSSA SENHORA APARECIDA - PASSOS;-207.424.866;-466.071.395;V01013 - VITIMA DE EMERGENCIAS PSIQUIATRICAS (C) (Prioridade: 1 - Alta);1CIA IND/2CIA/1PEL(PASSOS);;Não;Não;Não;REPASSADA A OUTROS ÓRGAOS;Classificada;10/08/2024 08:12;Não
2024-34920318-8;(BM) 2024-035698306-001;10/08/2024 08:00;RUA MATO GROSSO / RUA PARANA - BELA VISTA - PASSOS;-207.120.343;-465.973.314;V01003 - VITIMA COM CRISE CONVULSIVA (C) (Prioridade: 1 - Alta);1CIA IND/2CIA/1PEL(PASSOS);UR00565;Não;Não;Não;BOLETIM DE OCORRENCIA;Classificada;11/08/2024 08:05;Não
2024-34920857-2;(BM) 2024-035702713-002;10/08/2024 09:10;PRACA FRANCISCO SALLES, Nº S/N - BELO HORIZONTE - PASSOS;-207.264.675;-466.045.971;P03999 - OUTROS TIPOS DE PCI / PCA   (C) (Prioridade: 2 - Média);1CIA IND/2CIA/1PEL(PASSOS);ASL06087;Não;Não;Não;BOLETIM DE OCORRENCIA;Classificada;11/08/2024 08:05;Não
2024-34922205-2;(BM) 2024-035714930-001;10/08/2024 11:38;RUA PEDRO PONCIANO DE FREITAS, Nº S/N - JARDIM PINHEIROS 2 - PASSOS;-207.262.292;-466.245.507;P02003 - VISTORIA EM LOTE VAGO (C) (Prioridade: 2 - Média);1CIA IND/2CIA/1PEL(PASSOS);ASL06087;Não;Não;Não;BOLETIM DE OCORRENCIA;Classificada;11/08/2024 08:05;Não
2024-34922248-5;(BM) 2024-035718051-001;10/08/2024 11:48;RUA DAVID BALDINI, Nº 396 - BELO HORIZONTE - PASSOS;-207.251.204;-46.602.985;V01003 - VITIMA COM CRISE CONVULSIVA (C) (Prioridade: 1 - Alta);1CIA IND/2CIA/1PEL(PASSOS);UR00565;Não;Não;Não;BOLETIM DE OCORRENCIA;Classificada;11/08/2024 08:05;Não
2024-34922336-0;(BM) 2024-035715688-001;10/08/2024 11:58;RUA PEDRO PONCIANO DE FREITAS, Nº S/N - JARDIM PINHEIROS 2 - PASSOS;-207.262.292;-466.245.507;P02003 - VISTORIA EM LOTE VAGO (C) (Prioridade: 2 - Média);1CIA IND/2CIA/1PEL(PASSOS);ASL06087;Não;Não;Não;BOLETIM DE OCORRENCIA;Classificada;11/08/2024 08:05;Não
2024-34922500-2;(BM) 2024-035716901-001;10/08/2024 12:18;RUA SALVIO P LIMA, Nº S/N - NOVA PASSOS II - PASSOS;-207.022.967;-46.633.432;P02003 - VISTORIA EM LOTE VAGO (C) (Prioridade: 2 - Média);1CIA IND/2CIA/1PEL(PASSOS);ASL06087;Não;Não;Não;BOLETIM DE OCORRENCIA;Classificada;11/08/2024 08:05;Não
2024-34929997-0;(BM) 2024-035796959-001;10/08/2024 20:48;RUA GONCALVES DIAS, Nº 500 - CENTRO - PASSOS;-207.189.702;-466.045.594;V01023 - VITIMA DE SINCOPE (DESMAIO)/VERTIGEM (C) (Prioridade: 1 - Alta);1CIA IND/2CIA/1PEL(PASSOS);UR00565;Não;Não;Não;BOLETIM DE OCORRENCIA;Classificada;11/08/2024 08:04;Não
2024-34931193-6;(BM) 2024-035828984-001;10/08/2024 22:03;AVENIDA AMAZONAS, Nº 784 - BELA VISTA 2 - PASSOS;-207.126.559;-465.961.335;V01013 - VITIMA DE EMERGENCIAS PSIQUIATRICAS (C) (Prioridade: 1 - Alta);1CIA IND/2CIA/1PEL(PASSOS);UR00565;Não;Não;Não;BOLETIM DE OCORRENCIA;Classificada;11/08/2024 08:04;Não
2024-34936266-5;(BM) 2024-035839523-001;11/08/2024 05:48;RUA CARAMBOLA, Nº 383 - NOSSA SENHORA DE LOURDES - PASSOS;-206.984.354;-466.204.226;V01004 - VITIMA COM CRISE DIABETICA / HIPOGLICEMIA (C) (Prioridade: 1 - Alta);1CIA IND/2CIA/1PEL(PASSOS);UR00565;Não;Não;Não;BOLETIM DE OCORRENCIA;Classificada;11/08/2024 08:04;Não
2024-34936299-4;;11/08/2024 06:01;FAZENDA RECANTO AGUAS CLARAS, Nº S/N - CAPETINGA;;;W03000 - SOLICITANTE ENCONTRADO - PROVIDENCIA DISPENSADA (C) (Prioridade: 3 - Baixa);1CIA IND/2CIA/1PEL(PASSOS);;Não;Não;Não;DISPENSADA PELO SOLICITANTE;Classificada;11/08/2024 07:34;Não
2024-34936795-6;(BM) 2024-035840318-001;11/08/2024 08:06;AVENIDA JK, Nº S/N - MONSENHOR MESSIAS - PASSOS;-207.342.178;-465.979.772;P03009 - PREVENCAO EM PONTO-BASE / FERIADOS PROLONGADOS (C) (Prioridade: 2 - Média);1CIA IND/2CIA/1PEL(PASSOS);ASL06087;Não;Não;Não;BOLETIM DE OCORRENCIA;Classificada;12/08/2024 07:53;Não
2024-34936841-1;(BM) 2024-035840437-001;11/08/2024 08:09;RUA DOUTOR CARVALHO, Nº 1455 - NOSSA SENHORA DAS GRAÇAS - PASSOS;-207.352.269;-466.037.303;Q03017 - TREINAMENTO DE PRIMEIROS SOCORROS (C) (Prioridade: 2 - Média);1CIA IND/2CIA/1PEL(PASSOS);BM1549807;Não;Não;Não;BOLETIM DE OCORRENCIA;Classificada;12/08/2024 07:53;Não
2024-34937263-2;(BM) 2024-035843982-001;11/08/2024 09:23;RUA ACRE, Nº 1105 - SANTA LUZIA - PASSOS;-207.075.811;-465.979.432;W03000 - SOLICITANTE ENCONTRADO - PROVIDENCIA DISPENSADA (C) (Prioridade: 3 - Baixa);1CIA IND/2CIA/1PEL(PASSOS);UR00565;Não;Não;Não;BOLETIM DE OCORRENCIA;Classificada;12/08/2024 07:53;Não
2024-34937634-2;(BM) 2024-035847454-001;11/08/2024 10:18;RUA SALINAS, Nº 480 - COHAB 2 - PASSOS;-207.117.637;-466.319.076;V02408 - VITIMA DE COLISAO ENTRE AUTOMOVEL X MOTOCICLETA (C) (Prioridade: 1 - Alta);1CIA IND/2CIA/1PEL(PASSOS);UR00565;Não;Não;Não;BOLETIM DE OCORRENCIA;Classificada;12/08/2024 07:54;Não
2024-34937660-2;(BM) 2024-035847439-001;11/08/2024 10:18;RUA CHILE, Nº S/N - POLIVALENTE - PASSOS;-20.702.726;-466.041.963;S06001 - SALVAMENTO DE ANIMAL EM RISCO / PERIGO (C) (Prioridade: 2 - Média);1CIA IND/2CIA/1PEL(PASSOS);ASL06087;Não;Não;Não;BOLETIM DE OCORRENCIA;Classificada;12/08/2024 07:53;Não
2024-34938334-4;(BM) 2024-035921099-001;11/08/2024 11:46;RUA PITANGAS, Nº S/N - NOVA CALIFORNIA - PASSOS;-207.040.947;-466.209.741;P02003 - VISTORIA EM LOTE VAGO (C) (Prioridade: 2 - Média);1CIA IND/2CIA/1PEL(PASSOS);ASL06087;Não;Não;Não;BOLETIM DE OCORRENCIA;Classificada;12/08/2024 07:53;Não
2024-34938857-2;(BM) 2024-035858112-001;11/08/2024 13:04;RUA BUENOS AIRES / RUA ANTONIO ALVES DO NASCIMENTO - PASSOS;;;P02003 - VISTORIA EM LOTE VAGO (C) (Prioridade: 2 - Média);1CIA IND/2CIA/1PEL(PASSOS);ASL06087;Não;Não;Não;BOLETIM DE OCORRENCIA;Classificada;12/08/2024 07:54;Não
2024-34938963-0;(BM) 2024-035858701-001;11/08/2024 13:17;RUA ANTONIO ALVES DO NASCIMENTO / RUA CALIMERIO FRANCISCO DIAS - NOVA CALIFORNIA - PASSOS;-20.702.271;-466.224.985;P02003 - VISTORIA EM LOTE VAGO (C) (Prioridade: 2 - Média);1CIA IND/2CIA/1PEL(PASSOS);ASL06087;Não;Não;Não;BOLETIM DE OCORRENCIA;Classificada;12/08/2024 07:54;Não
2024-34938988-0;(BM) 2024-035859511-001;11/08/2024 13:23;RUA ANTONIO ALVES DO NASCIMENTO / RUA ARGEMIRO CELESTINO MARTINS - NOVA CALIFORNIA - PASSOS;-207.019.238;-466.222.453;P02003 - VISTORIA EM LOTE VAGO (C) (Prioridade: 2 - Média);1CIA IND/2CIA/1PEL(PASSOS);ASL06087;Não;Não;Não;BOLETIM DE OCORRENCIA;Classificada;12/08/2024 07:54;Não
2024-34939051-5;(BM) 2024-035860090-001;11/08/2024 13:27;RUA SEBASTIANA GERALDA MIZAEL, Nº S/N - NOSSA SENHORA DE LOURDES - PASSOS;-206.972.168;-466.220.242;P02003 - VISTORIA EM LOTE VAGO (C) (Prioridade: 2 - Média);1CIA IND/2CIA/1PEL(PASSOS);ASL06087;Não;Não;Não;BOLETIM DE OCORRENCIA;Classificada;12/08/2024 07:54;Não
2024-34939087-2;(BM) 2024-035860297-001;11/08/2024 13:37;RUA SEBASTIANA GERALDA MIZAEL, Nº S/N - NOSSA SENHORA DE LOURDES - PASSOS;-206.972.168;-466.220.242;P02003 - VISTORIA EM LOTE VAGO (C) (Prioridade: 2 - Média);1CIA IND/2CIA/1PEL(PASSOS);ASL06087;Não;Não;Não;BOLETIM DE OCORRENCIA;Classificada;12/08/2024 07:54;Não
2024-34939279-3;(BM) 2024-035890960-001;11/08/2024 13:57;ESTRADA MORRO DO CAFE, Nº S/N - JARDIM FLORENCA - PASSOS;-206.882.184;-466.199.302;O04007 - INCENDIO EM PROPRIEDADE RURAL PARTICULAR (C) (Prioridade: 2 - Média);1CIA IND/2CIA/1PEL(PASSOS);ABTS00495;Não;Não;Não;BOLETIM DE OCORRENCIA;Classificada;12/08/2024 07:54;Não
2024-34942094-6;;11/08/2024 17:12;RODOVIA CONTORNO, Nº S/N - POCOS DE CALDAS;;;O04011 - INCENDIO EM AREA URBANA NAO PROTEGIDA (C) (Prioridade: 2 - Média);1CIA IND (POCOS DE CALDAS);;Não;Não;Não;DUPLICADA;Classificada;11/08/2024 17:19;Não
2024-34943335-6;(BM) 2024-035900394-001;11/08/2024 18:32;RUA AYRTON SENNA DA SILVA, Nº 145 - RECANTO DO BOSQUE - PASSOS;;;O04012 - INCENDIO EM LOTE VAGO (AREA URBANA) (C) (Prioridade: 2 - Média);1CIA IND/2CIA/1PEL(PASSOS);ABTS00495;Não;Não;Não;BOLETIM DE OCORRENCIA;Classificada;12/08/2024 07:54;Não
2024-34945894-9;(BM) 2024-035955639-001;11/08/2024 21:06;RUA FRANCISCO VENANCIO MACHADO , Nº 388 - PRIMAVERA DOIS  - PASSOS;;;O04011 - INCENDIO EM AREA URBANA NAO PROTEGIDA (C) (Prioridade: 2 - Média);1CIA IND/2CIA/1PEL(PASSOS);ABTS00495;Não;Não;Não;BOLETIM DE OCORRENCIA;Classificada;12/08/2024 07:54;Não
2024-34950051-9;(BM) 2024-035957757-001;12/08/2024 05:34;TRAVESSA CANOAS, Nº 127 - BELO HORIZONTE - PASSOS;;;V01020 - VITIMA COM PARADA CARDIORRESPIRATORIA (C) (Prioridade: 1 - Alta);1CIA IND/2CIA/1PEL(PASSOS);UR00565;Não;Não;Não;BOLETIM DE OCORRENCIA;Classificada;12/08/2024 07:54;Não
2024-34950962-6;(BM) 2024-035963228-001;12/08/2024 08:22;RUA SANTO ANIBALE MARIE DI FRANCIA, Nº 181 - CENTRO - PASSOS;-207.242.516;-466.087.032;Q03006 - TREINAMENTO DE FORMACAO DE BRIGADAS (C) (Prioridade: 2 - Média);1CIA IND/2CIA/COMANDANTE(PASSOS);BM1498872;Não;Não;Não;BOLETIM DE OCORRENCIA;Classificada;13/08/2024 06:46;Não
2024-34951387-5;(BM) 2024-035978176-001;12/08/2024 09:02;RUA SANTA TEREZA, Nº 42 - CENTRO - PASSOS;-207.196.663;-466.049.294;P01002 - VISTORIA DE LIBERACAO / EMISSAO DE AVCB (C) (Prioridade: 2 - Média);1CIA IND/2CIA/PEL PREV E VIST(PASSOS);APF01362;Não;Não;Não;BOLETIM DE OCORRENCIA;Classificada;13/08/2024 06:46;Não
2024-34951421-1;(BM) 2024-035984750-001;12/08/2024 09:04;RUA FORTALEZA, Nº 24 - SAO JOAO BATISTA GLORIA;-206.345.947;-465.051.321;P01001 - VISTORIA DE FISCALIZACAO (C) (Prioridade: 2 - Média);1CIA IND/2CIA/PEL PREV E VIST(PASSOS);APF01362;Não;Não;Não;BOLETIM DE OCORRENCIA;Classificada;13/08/2024 06:46;Não
2024-34951820-7;(BM) 2024-035973719-001;12/08/2024 09:39;RUA FORMOSA, Nº 26 - CENTRO - PASSOS;-20.716.069;-466.112.707;P02011 - VISTORIA EM ENXAME DE INSETOS (C) (Prioridade: 2 - Média);1CIA IND/2CIA/1PEL(PASSOS);ABTS00495;Não;Não;Não;BOLETIM DE OCORRENCIA;Classificada;13/08/2024 06:46;Não
2024-34952157-0;(BM) 2024-035978477-001;12/08/2024 10:08;AVENIDA BRASIL, Nº 242 - JARDIM SATELITE - PASSOS;-207.160.452;-466.187.123;P01001 - VISTORIA DE FISCALIZACAO (C) (Prioridade: 2 - Média);1CIA IND/2CIA/PEL PREV E VIST(PASSOS);APF01362;Não;Não;Não;BOLETIM DE OCORRENCIA;Classificada;13/08/2024 06:46;Não
2024-34952305-6;(BM) 2024-035980069-001;12/08/2024 10:19;AVENIDA CEL RAIMUNDO DE FREITAS, Nº S/N - MIRANTE DO VALE - PASSOS;-207.234.112;-465.770.051;P02003 - VISTORIA EM LOTE VAGO (C) (Prioridade: 2 - Média);1CIA IND/2CIA/1PEL(PASSOS);ABTS00495;Não;Não;Não;BOLETIM DE OCORRENCIA;Classificada;13/08/2024 06:46;Não
2024-34952517-4;(BM) 2024-035983034-001;12/08/2024 10:37;AVENIDA CEL RAIMUNDO DE FREITAS, Nº S/N - MIRANTE DO VALE - PASSOS;-207.234.112;-465.770.051;P02003 - VISTORIA EM LOTE VAGO (C) (Prioridade: 2 - Média);1CIA IND/2CIA/1PEL(PASSOS);ABTS00495;Não;Não;Não;BOLETIM DE OCORRENCIA;Classificada;13/08/2024 06:46;Não
2024-34952571-0;(BM) 2024-035988704-001;12/08/2024 10:39;AVENIDA SABIA, Nº S/N - MUARAMA 2 - PASSOS;-207.330.855;-466.157.928;S06001 - SALVAMENTO DE ANIMAL EM RISCO / PERIGO (C) (Prioridade: 2 - Média);1CIA IND/2CIA/1PEL(PASSOS);ABTS00495;Não;Não;Não;BOLETIM DE OCORRENCIA;Classificada;13/08/2024 06:46;Não
2024-34952615-3;(BM) 2024-035986066-001;12/08/2024 10:42;AVENIDA CEL RAIMUNDO DE FREITAS, Nº S/N - MIRANTE DO VALE - PASSOS;-207.234.112;-465.770.051;P02003 - VISTORIA EM LOTE VAGO (C) (Prioridade: 2 - Média);1CIA IND/2CIA/1PEL(PASSOS);ABTS00495;Não;Não;Não;BOLETIM DE OCORRENCIA;Classificada;13/08/2024 06:47;Não
2024-34953452-6;(BM) 2024-035997549-001;12/08/2024 11:50;RODOVIA MG 050, Nº S/N - PASSOS;-207.372.242;-466.331.087;O04013 - INCENDIO EM PASTO (C) (Prioridade: 2 - Média);1CIA IND/2CIA/1PEL(PASSOS);ASL06087;Não;Não;Não;BOLETIM DE OCORRENCIA;Classificada;13/08/2024 06:47;Não
2024-34953800-0;(BM) 2024-036030319-001;12/08/2024 12:20;AVENIDA PAULO ESPER PIMENTA, Nº 716 - PANORAMA - PASSOS;-207.095.609;-466.130.682;O04011 - INCENDIO EM AREA URBANA NAO PROTEGIDA (C) (Prioridade: 2 - Média);1CIA IND/2CIA/1PEL(PASSOS);ABTS00495;Não;Não;Não;BOLETIM DE OCORRENCIA;Classificada;13/08/2024 06:47;Não
2024-34954045-8;(BM) 2024-036036777-001;12/08/2024 12:47;RUA MISSOES, Nº 473 - PASSOS;-207.183.444;-466.225.396;O04013 - INCENDIO EM PASTO (C) (Prioridade: 2 - Média);1CIA IND/2CIA/1PEL(PASSOS);ABTS00495;Não;Não;Não;BOLETIM DE OCORRENCIA;Classificada;13/08/2024 06:47;Não
2024-34955532-4;(BM) 2024-036018280-001;12/08/2024 14:28;RUA SAO PAULO, Nº 606 - SAO BENEDITO - PASSOS;-207.200.749;-465.982.471;P01001 - VISTORIA DE FISCALIZACAO (C) (Prioridade: 2 - Média);1CIA IND/2CIA/PEL PREV E VIST(PASSOS);APF01362;Não;Não;Não;BOLETIM DE OCORRENCIA;Classificada;13/08/2024 06:47;Não
2024-34955584-8;;12/08/2024 14:31;RUA MUMBUCA, Nº 46 - SERRA VERDE - PASSOS;-207.444.524;-465.924.614;W04000 - NADA CONSTATADO (C) (Prioridade: 3 - Baixa);1CIA IND/2CIA/1PEL(PASSOS);ABTS00495;Não;Não;Não;NADA CONSTATADO;Classificada;12/08/2024 17:34;Não
2024-34955651-3;;12/08/2024 14:35;RODOVIA BR 146, Nº S/N - PASSOS;-20.758.941;-466.023.418;W04000 - NADA CONSTATADO (C) (Prioridade: 3 - Baixa);1CIA IND/2CIA/1PEL(PASSOS);ASL06087;Não;Não;Não;NADA CONSTATADO;Classificada;12/08/2024 17:33;Não
2024-34956727-9;(BM) 2024-036034189-001;12/08/2024 15:22;RUA LOULOU, Nº 319 - BELO HORIZONTE - PASSOS;-20.725.586;-466.023.062;P01001 - VISTORIA DE FISCALIZACAO (C) (Prioridade: 2 - Média);1CIA IND/2CIA/PEL PREV E VIST(PASSOS);APF01362;Não;Não;Não;BOLETIM DE OCORRENCIA;Classificada;13/08/2024 06:47;Não
2024-34957802-8;(BM) 2024-036054374-001;12/08/2024 16:15;RUA JOAQUIM LEMOS MAIA, Nº S/N - NOVA PASSOS - PASSOS;-207.049.601;-466.378.431;O04008 - INCENDIO EM AREA RURAL NAO PROTEGIDA (C) (Prioridade: 2 - Média);1CIA IND/2CIA/1PEL(PASSOS);ABTS00495 / ASL06087;Não;Não;Não;BOLETIM DE OCORRENCIA;Classificada;13/08/2024 06:47;Não
2024-34959652-8;(BM) 2024-036068415-001;12/08/2024 17:56;RUA SETE DE SETEMBRO, Nº S/N - CENTRO - PASSOS;-207.227.534;-466.090.259;O04012 - INCENDIO EM LOTE VAGO (AREA URBANA) (C) (Prioridade: 2 - Média);1CIA IND/2CIA/1PEL(PASSOS);ABTS00495;Não;Não;Não;BOLETIM DE OCORRENCIA;Classificada;13/08/2024 06:47;Não
2024-34960571-5;(BM) 2024-036103457-001;12/08/2024 18:45;RUA FORMOSA, Nº 26 - CENTRO - PASSOS;-20.716.069;-466.112.707;S06005 - CAPTURA DE INSETOS (C) (Prioridade: 2 - Média);1CIA IND/2CIA/1PEL(PASSOS);ASL06087;Não;Não;Não;BOLETIM DE OCORRENCIA;Classificada;13/08/2024 06:47;Não
2024-34961070-5;(BM) 2024-036103429-001;12/08/2024 19:14;AVENIDA PERIMETRAL, Nº 3496 - PENHA - PASSOS;-207.201.641;-466.199.903;O04013 - INCENDIO EM PASTO (C) (Prioridade: 2 - Média);1CIA IND/2CIA/1PEL(PASSOS);ABTS00495;Não;Não;Não;BOLETIM DE OCORRENCIA;Classificada;13/08/2024 06:47;Não
2024-34962152-3;;12/08/2024 20:15;AVENIDA CHICO XAVIER / AVENIDA PERIMETRAL - DISTRITO INDUSTRIAL 2 - PASSOS;-207.257.105;-466.260.461;W98011 - SOLICITACAO DE APOIO (C) (Prioridade: 1 - Alta);1CIA IND/2CIA/1PEL(PASSOS);;Não;Não;Não;DUPLICADA;Classificada;12/08/2024 23:35;Não
2024-34963717-5;(BM) 2024-036118834-001;12/08/2024 21:54;AVENIDA MONTESE, Nº 967 - SERRA DAS BRISAS - PASSOS;-207.319.513;-465.984.268;O04011 - INCENDIO EM AREA URBANA NAO PROTEGIDA (C) (Prioridade: 2 - Média);1CIA IND/2CIA/1PEL(PASSOS);ABTS00495;Não;Não;Não;BOLETIM DE OCORRENCIA;Classificada;13/08/2024 06:47;Não
2024-34964003-4;;12/08/2024 22:11;AVENIDA MONTESE, Nº S/N - SERRA DAS BRISAS - PASSOS;-207.322.172;-465.987.907;O04012 - INCENDIO EM LOTE VAGO (AREA URBANA) (C) (Prioridade: 2 - Média);1CIA IND/2CIA/1PEL(PASSOS);;Não;Não;Não;DUPLICADA;Classificada;12/08/2024 22:14;Não
2024-34967938-6;(BM) 2024-036157270-001;13/08/2024 08:48;RUA EXPEDITO LEMOS MAIA, Nº 42 - JARDIM ITALIA - PASSOS;-207.470.961;-466.022.755;P02003 - VISTORIA EM LOTE VAGO (C) (Prioridade: 2 - Média);1CIA IND/2CIA/1PEL(PASSOS);ASL06087;Não;Não;Não;BOLETIM DE OCORRENCIA;Classificada;14/08/2024 08:01;Não
2024-34968410-0;(BM) 2024-036157556-001;13/08/2024 09:27;RUA EXPEDITO LEMOS MAIA, Nº 58 - JARDIM ITALIA - PASSOS;-207.471.137;-466.021.575;P02003 - VISTORIA EM LOTE VAGO (C) (Prioridade: 2 - Média);1CIA IND/2CIA/1PEL(PASSOS);ASL06087;Não;Não;Não;BOLETIM DE OCORRENCIA;Classificada;14/08/2024 08:01;Não
2024-34969074-0;;13/08/2024 10:25;RUA CORONEL OSORIO, Nº S/N - CENTRO - CAPETINGA;-20.618.132;-470.609.265;W01000 - SOLICITANTE NAO ENCONTRADO (C) (Prioridade: 3 - Baixa);1CIA IND/2CIA/1PEL(PASSOS);;Não;Não;Não;SOLICITANTE NÃO ENCONTRADO;Classificada;13/08/2024 20:17;Não
2024-34969065-9;(BM) 2024-036180143-001;13/08/2024 10:26;RUA OPALA, Nº 51 - ACLIMACAO - PASSOS;-207.514.765;-46.600.058;V01003 - VITIMA COM CRISE CONVULSIVA (C) (Prioridade: 1 - Alta);1CIA IND/2CIA/1PEL(PASSOS);UR00565;Não;Não;Não;BOLETIM DE OCORRENCIA;Classificada;14/08/2024 08:01;Não
2024-34969083-0;(BM) 2024-036167354-001;13/08/2024 10:26;RUA PROFESSORA MARIA I LEMOS, Nº S/N - NOVA PASSOS - PASSOS;-207.051.046;-466.333.058;P02003 - VISTORIA EM LOTE VAGO (C) (Prioridade: 2 - Média);1CIA IND/2CIA/1PEL(PASSOS);ASL06087;Não;Não;Não;BOLETIM DE OCORRENCIA;Classificada;14/08/2024 08:01;Não
2024-34969588-7;(BM) 2024-036181828-002;13/08/2024 11:11;RUA RIO DOCE, Nº 679 - SANTA LUZIA - PASSOS;-207.063.263;-46.600.486;S06001 - SALVAMENTO DE ANIMAL EM RISCO / PERIGO (C) (Prioridade: 2 - Média);1CIA IND/2CIA/1PEL(PASSOS);ASL06087;Não;Não;Não;BOLETIM DE OCORRENCIA;Classificada;14/08/2024 08:01;Não
2024-34970192-3;(BM) 2024-036181295-001;13/08/2024 12:01;SERRA DA FORQUILHA [FORQUILHA], Nº S/N - JACUTINGA;-223.058.974;-465.323.308;O04008 - INCENDIO EM AREA RURAL NAO PROTEGIDA (C) (Prioridade: 2 - Média);1CIA IND (POCOS DE CALDAS);ASL02162;Não;Não;Não;BOLETIM DE OCORRENCIA;Classificada;14/08/2024 08:17;Não
2024-34970275-9;(BM) 2024-036249283-001;13/08/2024 12:15;RUA JOAQUIM SIMPLICIO DA SILVA, Nº S/N - MIRANTE DO VALE - PASSOS;-207.176.581;-465.808.109;P02011 - VISTORIA EM ENXAME DE INSETOS (C) (Prioridade: 2 - Média);1CIA IND/2CIA/1PEL(PASSOS);ASL06087;Não;Não;Não;BOLETIM DE OCORRENCIA;Classificada;14/08/2024 08:01;Não
2024-34970585-6;(BM) 2024-036186310-001;13/08/2024 12:48;RUA SANTA CATARINA, Nº 192 - BELA VISTA - PASSOS;;;V01004 - VITIMA COM CRISE DIABETICA / HIPOGLICEMIA (C) (Prioridade: 1 - Alta);1CIA IND/2CIA/1PEL(PASSOS);UR00565;Não;Não;Não;BOLETIM DE OCORRENCIA;Classificada;14/08/2024 08:01;Não
2024-34970623-3;(BM) 2024-036186335-001;13/08/2024 12:52;RUA MOGIANA / AVENIDA COMENDADOR FRANCISCO A MAIA - PARQUE DA ESTACAO - PASSOS;-207.086.131;-466.091.658;O04004 - INCENDIO EM AREA DE REFLORESTAMENTO (C) (Prioridade: 2 - Média);1CIA IND/2CIA/1PEL(PASSOS);ABTS00495;Não;Não;Não;BOLETIM DE OCORRENCIA;Classificada;14/08/2024 08:01;Não
2024-34971160-2;(BM) 2024-036191206-001;13/08/2024 13:37;RUA SANTO ANIBALE MARIE DI FRANCIA, Nº 181 - CENTRO - PASSOS;-207.242.516;-466.087.032;Q03017 - TREINAMENTO DE PRIMEIROS SOCORROS (C) (Prioridade: 2 - Média);1CIA IND/2CIA/PEL PREV E VIST(PASSOS);APF01362;Não;Não;Não;BOLETIM DE OCORRENCIA;Classificada;14/08/2024 08:01;Não
2024-34971485-7;;13/08/2024 13:59;RUA ROBERVAL FERREIRA DE ALMEIDA, Nº 65 - PASSOS;-207.102.604;-466.100.982;O04011 - INCENDIO EM AREA URBANA NAO PROTEGIDA (C) (Prioridade: 2 - Média);1CIA IND/2CIA/1PEL(PASSOS);;Não;Não;Não;DUPLICADA;Classificada;13/08/2024 14:10;Não
2024-34971532-5;(BM) 2024-036195505-001;13/08/2024 14:01;RUA PARDAL, Nº 151 - NOSSA SENHORA DAS GRAÇAS - PASSOS;-20.735.899;-466.043.311;Q02008 - PALESTRA DE COMBATE A INCENDIO (C) (Prioridade: 2 - Média);1CIA IND/2CIA/1PEL(PASSOS);BM1364223;Não;Não;Não;BOLETIM DE OCORRENCIA;Classificada;14/08/2024 08:01;Não
2024-34972312-4;(BM) 2024-036209736-001;13/08/2024 14:44;RODOVIA MG 050, Km 347 - PASSOS;-207.266.903;-465.332.424;V02409 - VITIMA DE COLISAO ENTRE AUTOMOVEL X CAMINHAO / CARRETA (C) (Prioridade: 1 - Alta);1CIA IND/2CIA/1PEL(PASSOS);UR00565;Não;Não;Não;BOLETIM DE OCORRENCIA;Classificada;14/08/2024 08:00;Não
2024-34973953-4;;13/08/2024 16:08;RODOVIA BR 267, Km 481, Nº S/N - Zona Rural - CAMPESTRE;;;O04014 - INCENDIO AS MARGENS DE RODOVIA (C) (Prioridade: 2 - Média);1CIA IND (POCOS DE CALDAS);;Não;Não;Não;CANCELADA PELO COORDENADOR DO COBOM;Classificada;14/08/2024 08:19;Não
2024-34976159-0;(BM) 2024-036325657-002;13/08/2024 18:05;RUA APRIGIO DE OLIVEIRA, Nº S/N - CENTRO - ALPINOPOLIS;-208.667.949;-463.885.166;O04011 - INCENDIO EM AREA URBANA NAO PROTEGIDA (C) (Prioridade: 2 - Média);1CIA IND/2CIA/1PEL(PASSOS);ASL06087 / ABTS00495;Não;Não;Não;BOLETIM DE OCORRENCIA;Classificada;14/08/2024 08:01;Não
2024-34976786-0;;13/08/2024 18:39;RUA DOS MEDICOS, Nº 120 - BELO HORIZONTE - PASSOS;-207.305.568;-466.073.344;W10000 - DISPENSADA POR DUPLICIDADE DE EMPENHO COM OUTROS ORGAOS (C) (Prioridade: 1 - Alta);1CIA IND/2CIA/1PEL(PASSOS);UR00565;Não;Não;Não;ATENDIDA PELO SAMU;Classificada;13/08/2024 19:15;Não
2024-34978069-0;;13/08/2024 20:00;RUA JOSE FIRMINO NICESIO, Nº 50 - ROSÁRIO - ALPINOPOLIS;-208.678.113;-463.831.079;W98011 - SOLICITACAO DE APOIO (C) (Prioridade: 1 - Alta);1CIA IND/2CIA/1PEL(PASSOS);;Não;Não;Não;DUPLICADA;Classificada;13/08/2024 20:20;Não
2024-34982098-2;;14/08/2024 01:06;RODOVIA BR 146, Nº S/N - PASSOS;-20.758.941;-466.023.418;W08000 - CANCELADA POR INDISPONIBILIDADE DE VIATURA (C) (Prioridade: 3 - Baixa);1CIA IND/2CIA/1PEL(PASSOS);;Não;Não;Não;NÃO ATENDIDA: FALTA DE VIATURA;Classificada;14/08/2024 01:15;Não
2024-34983229-4;(BM) 2024-036323435-001;14/08/2024 06:59;AVENIDA OLIVEIRA REZENDE, Nº 1300 - VILA OPERARIA - SAO SEBASTIAO PARAISO;-209.096.216;-469.957.754;X03000 - EMPENHO ADMINISTRATIVO (C) (Prioridade: 2 - Média);1CIA IND/2CIA/1PEL(PASSOS);TPO00155;Não;Não;Não;BOLETIM DE OCORRENCIA;Classificada;15/08/2024 09:41;Não
2024-34984209-2;(BM) 2024-036332690-001;14/08/2024 08:52;RUA JOAQUIM LUIZA, Nº 341 - JOAQUIM JULIO - CAPETINGA;-206.255.259;-47.060.562;P01001 - VISTORIA DE FISCALIZACAO (C) (Prioridade: 2 - Média);1CIA IND/2CIA/1PEL(PASSOS);ASL06087;Não;Não;Não;BOLETIM DE OCORRENCIA;Classificada;15/08/2024 09:41;Não
2024-34984449-6;(BM) 2024-036335981-001;14/08/2024 09:18;RUA FRANCISCO DONABELLA, Nº S/N - NOVA PASSOS - PASSOS;-207.036.096;-466.339.364;P02003 - VISTORIA EM LOTE VAGO (C) (Prioridade: 2 - Média);1CIA IND/2CIA/1PEL(PASSOS);ABTS00495;Não;Não;Não;BOLETIM DE OCORRENCIA;Classificada;15/08/2024 09:41;Não
2024-34984748-7;(BM) 2024-036339180-001;14/08/2024 09:41;RUA GERALDO MIGUEL DA FONSECA, Nº 59 - JARDIM PLANALTO - PASSOS;-207.222.624;-466.257.744;P02003 - VISTORIA EM LOTE VAGO (C) (Prioridade: 2 - Média);1CIA IND/2CIA/1PEL(PASSOS);ABTS00495;Não;Não;Não;BOLETIM DE OCORRENCIA;Classificada;15/08/2024 09:41;Não
2024-34985062-1;(BM) 2024-036472895-001;14/08/2024 10:05;RUA GERALDA L DA SILVA, Nº S/N - PARQUE DAS AROEIRAS - PASSOS;-207.247.286;-466.275.529;P02003 - VISTORIA EM LOTE VAGO (C) (Prioridade: 2 - Média);1CIA IND/2CIA/1PEL(PASSOS);ABTS00495;Não;Não;Não;BOLETIM DE OCORRENCIA;Classificada;15/08/2024 09:41;Não
2024-34985146-0;(BM) 2024-036351865-001;14/08/2024 10:12;RUA DONA NENE, Nº 570 - CENTRO - CAPETINGA;-206.216.969;-470.579.338;P01001 - VISTORIA DE FISCALIZACAO (C) (Prioridade: 2 - Média);1CIA IND/2CIA/1PEL(PASSOS);ASL06087;Não;Não;Não;BOLETIM DE OCORRENCIA;Classificada;15/08/2024 09:41;Não
2024-34985362-5;(BM) 2024-036350362-001;14/08/2024 10:25;RUA CANAPE, Nº 483 - CASARAO - PASSOS;-207.239.864;-465.900.186;V01007 - VITIMA COM DISPNEIA (FALTA DE AR) (C) (Prioridade: 1 - Alta);1CIA IND/2CIA/1PEL(PASSOS);UR00565;Não;Não;Não;BOLETIM DE OCORRENCIA;Classificada;15/08/2024 09:42;Não
2024-34985662-9;;14/08/2024 10:49;AVENIDA JONATHAS MEDINA, Nº S/N - POCOS DE CALDAS;;;O04013 - INCENDIO EM PASTO (C) (Prioridade: 2 - Média);1CIA IND (POCOS DE CALDAS);;Não;Não;Não;DUPLICADA;Classificada;14/08/2024 11:06;Não
2024-34985735-0;;14/08/2024 10:55;SITIO SERRA DA FORQUILHA, Nº S/N - JACUTINGA;-223.580.893;-466.004.406;O04008 - INCENDIO EM AREA RURAL NAO PROTEGIDA (C) (Prioridade: 2 - Média);1CIA IND (POCOS DE CALDAS);;Não;Não;Não;TESTE;Classificada;14/08/2024 10:58;Não
2024-34986226-2;(BM) 2024-036360669-001;14/08/2024 11:37;RODOVIA BR 146, Km 525, Nº S/N - PASSOS;;;O04014 - INCENDIO AS MARGENS DE RODOVIA (C) (Prioridade: 2 - Média);1CIA IND/2CIA/1PEL(PASSOS);ABTS00495;Não;Não;Não;BOLETIM DE OCORRENCIA;Classificada;15/08/2024 09:41;Não
2024-34988399-1;(BM) 2024-036381874-001;14/08/2024 14:31;RUA LUCIO PELEGRINO, Nº 151 - PASSOS;-207.211.145;-466.124.683;P01001 - VISTORIA DE FISCALIZACAO (C) (Prioridade: 2 - Média);1CIA IND/2CIA/PEL PREV E VIST(PASSOS);APF01362;Não;Não;Não;BOLETIM DE OCORRENCIA;Classificada;15/08/2024 09:41;Não
2024-34989208-7;(BM) 2024-036392006-001;14/08/2024 15:12;RUA GERALDO ALVES PEREIRA, Nº 289 - DISTRITO INDUSTRIAL 2 - PASSOS;-207.311.928;-466.480.298;P01001 - VISTORIA DE FISCALIZACAO (C) (Prioridade: 2 - Média);1CIA IND/2CIA/PEL PREV E VIST(PASSOS);APF01362;Não;Não;Não;BOLETIM DE OCORRENCIA;Classificada;15/08/2024 09:42;Não
2024-34993231-2;(BM) 2024-036438520-001;14/08/2024 19:03;AVENIDA SABIA / AVENIDA ELDORADO - RESIDENCIAL ELDORADO - PASSOS;-20.732.453;-46.616.556;O04011 - INCENDIO EM AREA URBANA NAO PROTEGIDA (C) (Prioridade: 2 - Média);1CIA IND/2CIA/1PEL(PASSOS);ABTS00495;Não;Não;Não;BOLETIM DE OCORRENCIA;Classificada;15/08/2024 09:42;Não
2024-34993752-5;(BM) 2024-036441132-001;14/08/2024 19:35;RODOVIA BR 146 KM 06, Nº S/N - PASSOS;-207.831.405;-466.011.368;O04014 - INCENDIO AS MARGENS DE RODOVIA (C) (Prioridade: 2 - Média);1CIA IND/2CIA/1PEL(PASSOS);ABTS00495;Não;Não;Não;BOLETIM DE OCORRENCIA;Classificada;15/08/2024 09:42;Não
2024-34994757-4;(BM) 2024-036450920-001;14/08/2024 20:37;RUA DOUTOR CARVALHO, Nº 1455 - NOSSA SENHORA DAS GRAÇAS - PASSOS;-207.352.269;-466.037.303;Q03001 - TREINAMENTO DE COMBATE A INCENDIO (C) (Prioridade: 2 - Média);1CIA IND/2CIA/1PEL(PASSOS);BM1644855;Não;Não;Não;BOLETIM DE OCORRENCIA;Classificada;15/08/2024 09:42;Não
2024-34996001-9;(BM) 2024-036464284-001;14/08/2024 21:55;RUA DOS PROFESSORES, Nº 44 - NOSSA SENHORA DAS GRAÇAS - PASSOS;-207.363.109;-466.047.092;O02003 - INCENDIO EM EDIFICACAO COMERCIAL (C) (Prioridade: 1 - Alta);1CIA IND/2CIA/1PEL(PASSOS);ABTS00495;Sim;Não;Não;BOLETIM DE OCORRENCIA;Classificada;15/08/2024 09:42;Não
2024-34997395-1;(BM) 2024-036498577-001;14/08/2024 23:25;RUA JERONIMO NETO, Nº 359 - BELO HORIZONTE - PASSOS;;;V01020 - VITIMA COM PARADA CARDIORRESPIRATORIA (C) (Prioridade: 1 - Alta);1CIA IND/2CIA/1PEL(PASSOS);UR00565;Não;Não;Não;BOLETIM DE OCORRENCIA;Classificada;15/08/2024 09:42;Não
2024-35000487-5;(BM) 2024-036507539-001;15/08/2024 08:15;RUA DOUTOR CARVALHO, Nº 1455 - NOSSA SENHORA DAS GRAÇAS - PASSOS;-207.352.269;-466.037.303;Q03001 - TREINAMENTO DE COMBATE A INCENDIO (C) (Prioridade: 2 - Média);1CIA IND/2CIA/1PEL(PASSOS);BM1549807;Não;Não;Não;BOLETIM DE OCORRENCIA;Classificada;16/08/2024 07:36;Não
2024-35000827-1;(BM) 2024-036511000-001;15/08/2024 08:52;RUA DOUTOR CARVALHO, Nº 2524 - JARDIM EMBRATEL - PASSOS;;;P01001 - VISTORIA DE FISCALIZACAO (C) (Prioridade: 2 - Média);1CIA IND/2CIA/PEL PREV E VIST(PASSOS);APF01362;Não;Não;Não;BOLETIM DE OCORRENCIA;Classificada;16/08/2024 07:36;Não
2024-35000940-4;(BM) 2024-036512033-001;15/08/2024 09:00;RUA SANTO ANIBALE MARIE DI FRANCIA, Nº 181 - CENTRO - PASSOS;-207.242.516;-466.087.032;Q03017 - TREINAMENTO DE PRIMEIROS SOCORROS (C) (Prioridade: 2 - Média);1CIA IND/2CIA/COMANDANTE(PASSOS);BM1498872;Não;Não;Não;BOLETIM DE OCORRENCIA;Classificada;16/08/2024 07:36;Não
2024-35001305-1;(BM) 2024-036515641-001;15/08/2024 09:36;RUA PERUIBES, Nº 253 - SAO JOAQUIM - PASSOS;-207.441.496;-466.027.513;P01001 - VISTORIA DE FISCALIZACAO (C) (Prioridade: 2 - Média);1CIA IND/2CIA/PEL PREV E VIST(PASSOS);APF01362;Não;Não;Não;BOLETIM DE OCORRENCIA;Classificada;16/08/2024 07:36;Não
2024-35001417-5;(BM) 2024-036517196-001;15/08/2024 09:47;RUA PERUIBES, Nº 259 - SAO JOAQUIM - PASSOS;;;P01001 - VISTORIA DE FISCALIZACAO (C) (Prioridade: 2 - Média);1CIA IND/2CIA/PEL PREV E VIST(PASSOS);APF01362;Não;Não;Não;BOLETIM DE OCORRENCIA;Classificada;16/08/2024 07:35;Não
2024-35002195-0;(BM) 2024-036529188-001;15/08/2024 10:52;RUA GUAPORE, Nº 74 - SANTA LUZIA - PASSOS;;;V01007 - VITIMA COM DISPNEIA (FALTA DE AR) (C) (Prioridade: 1 - Alta);1CIA IND/2CIA/1PEL(PASSOS);UR00565;Não;Não;Não;BOLETIM DE OCORRENCIA;Classificada;16/08/2024 07:34;Não
2024-35003035-0;(BM) 2024-036536411-001;15/08/2024 12:04;AVENIDA COMENDADOR FRANCISCO A MAIA, Nº 2361 - CENTRO - PASSOS;-207.195.283;-466.131.955;V02408 - VITIMA DE COLISAO ENTRE AUTOMOVEL X MOTOCICLETA (C) (Prioridade: 1 - Alta);1CIA IND/2CIA/1PEL(PASSOS);UR00565;Não;Não;Não;BOLETIM DE OCORRENCIA;Classificada;16/08/2024 07:34;Não
2024-35003127-6;(BM) 2024-036537143-001;15/08/2024 12:17;RUA DOUTOR CARVALHO, Nº 1455 - NOSSA SENHORA DAS GRAÇAS - PASSOS;-207.352.269;-466.037.303;V03012 - VITIMA COM OBJETO PRESO AO CORPO (C) (Prioridade: 1 - Alta);1CIA IND/2CIA/1PEL(PASSOS);BM1551159;Não;Não;Não;BOLETIM DE OCORRENCIA;Classificada;16/08/2024 07:34;Não
2024-35003587-6;(BM) 2024-036544160-001;15/08/2024 13:04;RUA SANTA CASA, Nº 164 - SANTA CASA - PASSOS;-207.129.746;-466.123.199;X03000 - EMPENHO ADMINISTRATIVO (C) (Prioridade: 2 - Média);1CIA IND/2CIA/PEL PREV E VIST(PASSOS);APF01362 / UR00565;Não;Não;Não;BOLETIM DE OCORRENCIA;Classificada;16/08/2024 07:35;Não
2024-35004010-4;;15/08/2024 13:38;RUA RIO VERDE, Nº 1208 - SANTA LUZIA - PASSOS;;;S03003 - SALVAMENTO EM CASA (C) (Prioridade: 1 - Alta);1CIA IND/2CIA/1PEL(PASSOS);;Não;Não;Não;DISPENSADA PELO SOLICITANTE;Classificada;15/08/2024 15:09;Não
2024-35004237-0;(BM) 2024-036566277-001;15/08/2024 13:55;RUA MORGANITA, Nº 1490 - ACLIMACAO - PASSOS;-207.533.953;-466.008.896;W03000 - SOLICITANTE ENCONTRADO - PROVIDENCIA DISPENSADA (C) (Prioridade: 3 - Baixa);1CIA IND/2CIA/1PEL(PASSOS);UR00565;Não;Não;Não;BOLETIM DE OCORRENCIA;Classificada;16/08/2024 07:36;Não
2024-35005070-1;;15/08/2024 14:45;RUA COIMBRAS, Nº S/N - NOSSA SENHORA DE LOURDES - PASSOS;-206.987.548;-466.163.657;O04013 - INCENDIO EM PASTO (C) (Prioridade: 2 - Média);1CIA IND/2CIA/1PEL(PASSOS);;Não;Não;Não;DISPENSADA PELO SOLICITANTE;Classificada;15/08/2024 22:37;Não
2024-35005725-9;(BM) 2024-036564631-001;15/08/2024 15:17;RUA DAVID BALDINI, Nº 556 - BELO HORIZONTE - PASSOS;-207.255.758;-466.015.101;P01001 - VISTORIA DE FISCALIZACAO (C) (Prioridade: 2 - Média);1CIA IND/2CIA/PEL PREV E VIST(PASSOS);APF01362;Não;Não;Não;BOLETIM DE OCORRENCIA;Classificada;16/08/2024 07:35;Não
2024-35005933-6;(BM) 2024-036613636-001;15/08/2024 15:28;CONDOMINIO  PORTO VELHO, Nº 180 - SAO JOAO BATISTA GLORIA;;;O04013 - INCENDIO EM PASTO (C) (Prioridade: 2 - Média);1CIA IND/2CIA/1PEL(PASSOS);ABTS00495;Não;Não;Não;BOLETIM DE OCORRENCIA;Classificada;16/08/2024 07:35;Não
2024-35005952-0;(BM) 2024-036567059-001;15/08/2024 15:29;RUA RIO BRANCO, Nº 1039 - SANTA LUZIA - PASSOS;-207.052.793;-466.023.587;P01001 - VISTORIA DE FISCALIZACAO (C) (Prioridade: 2 - Média);1CIA IND/2CIA/PEL PREV E VIST(PASSOS);APF01362;Não;Não;Não;BOLETIM DE OCORRENCIA;Classificada;16/08/2024 07:35;Não
2024-35006651-0;(BM) 2024-036574496-001;15/08/2024 16:07;RUA RIO VERDE, Nº 745 - SANTA LUZIA - PASSOS;-20.705.015;-466.020.337;P01001 - VISTORIA DE FISCALIZACAO (C) (Prioridade: 2 - Média);1CIA IND/2CIA/PEL PREV E VIST(PASSOS);APF01362;Não;Não;Não;BOLETIM DE OCORRENCIA;Classificada;16/08/2024 07:35;Não
2024-35007374-7;(BM) 2024-036666728-001;15/08/2024 16:47;RUA ORQUIDEAS, Nº 32 - PANORAMA - PASSOS;-207.085.334;-466.164.298;O04011 - INCENDIO EM AREA URBANA NAO PROTEGIDA (C) (Prioridade: 2 - Média);1CIA IND/2CIA/1PEL(PASSOS);ABTS00495 / ASL06087;Não;Não;Não;BOLETIM DE OCORRENCIA;Classificada;16/08/2024 07:35;Não
2024-35007857-0;;15/08/2024 17:17;RUA ORQUIDEAS, Nº 120 - PANORAMA - PASSOS;-207.092.644;-466.166.838;W98011 - SOLICITACAO DE APOIO (C) (Prioridade: 1 - Alta);1CIA IND/2CIA/1PEL(PASSOS);ABTS00495;Não;Não;Não;DUPLICADA;Classificada;15/08/2024 22:24;Não
2024-35010970-1;(BM) 2024-036664469-001;15/08/2024 20:23;RODOVIA PASSOS / GLORIA, Nº S/N - PASSOS;-20.700.737;-46.586.887;O04014 - INCENDIO AS MARGENS DE RODOVIA (C) (Prioridade: 2 - Média);1CIA IND/2CIA/1PEL(PASSOS);ABTS00495;Não;Não;Não;BOLETIM DE OCORRENCIA;Classificada;16/08/2024 07:35;Não
2024-35011609-2;;15/08/2024 21:03;AVENIDA PAULO ESPER PIMENTA, Nº 151 - PANORAMA - PASSOS;-207.092.421;-466.125.297;O04013 - INCENDIO EM PASTO (C) (Prioridade: 2 - Média);1CIA IND/2CIA/1PEL(PASSOS);;Não;Não;Não;DUPLICADA;Classificada;15/08/2024 23:53;Não
2024-35012831-6;(BM) 2024-036655089-001;15/08/2024 22:19;AVENIDA EXPEDICIONARIOS, Nº 1625 - JARDIM COLEGIO DE PASSOS - PASSOS;-207.243.682;-465.921.913;O04012 - INCENDIO EM LOTE VAGO (AREA URBANA) (C) (Prioridade: 2 - Média);1CIA IND/2CIA/1PEL(PASSOS);ASL06087 / ABTS00495;Não;Não;Não;BOLETIM DE OCORRENCIA;Classificada;16/08/2024 07:34;Não
2024-35012973-0;;15/08/2024 22:28;RUA PAPAGAIO, Nº 39 - SAO JOAO - PASSOS;-207.359.325;-466.069.433;S06002 - CAPTURA DE ANIMAL SILVESTRE PERIGOSO / AGRESSIVO (C) (Prioridade: 2 - Média);1CIA IND/2CIA/1PEL(PASSOS);;Não;Não;Não;DISPENSADA PELO SOLICITANTE;Classificada;15/08/2024 23:42;Não
2024-35016441-3;;16/08/2024 06:50;AVENIDA JOAO PINHEIRO, Nº 1081 - CAMPO DA MOGIANA - POCOS DE CALDAS;;;V02415 - VITIMA DE COLISAO ENTRE ONIBUS / MICRO-ONIBUS X MOTOCICLETA (C) (Prioridade: 1 - Alta);1CIA IND (POCOS DE CALDAS);;Não;Não;Não;DUPLICADA;Classificada;16/08/2024 06:54;Não
2024-35016990-1;(BM) 2024-036814830-001;16/08/2024 08:11;AVENIDA CANADA, Nº S/N - JARDIM CANADA II - PASSOS;-207.533.453;-466.124.556;P02003 - VISTORIA EM LOTE VAGO (C) (Prioridade: 2 - Média);1CIA IND/2CIA/1PEL(PASSOS);ASL06087;Não;Não;Não;BOLETIM DE OCORRENCIA;Classificada;17/08/2024 07:33;Não
2024-35017237-2;(BM) 2024-036814871-001;16/08/2024 08:39;AVENIDA CANADA, Nº S/N - JARDIM CANADA II - PASSOS;-207.533.453;-466.124.556;P02003 - VISTORIA EM LOTE VAGO (C) (Prioridade: 2 - Média);1CIA IND/2CIA/1PEL(PASSOS);ASL06087;Não;Não;Não;BOLETIM DE OCORRENCIA;Classificada;17/08/2024 07:33;Não
2024-35017346-8;(BM) 2024-036814897-001;16/08/2024 08:49;AVENIDA CANADA, Nº S/N - JARDIM CANADA II - PASSOS;-207.533.453;-466.124.556;P02003 - VISTORIA EM LOTE VAGO (C) (Prioridade: 2 - Média);1CIA IND/2CIA/1PEL(PASSOS);ASL06087;Não;Não;Não;BOLETIM DE OCORRENCIA;Classificada;17/08/2024 07:33;Não
2024-35017455-3;(BM) 2024-036679545-001;16/08/2024 08:59;RUA PICA PAU, Nº 190 - PARQUE DA FAZENDA - PASSOS;-207.378.743;-466.076.074;V01018 - VITIMA DE MAL NAO DEFINIDO (DISTURBIO) (C) (Prioridade: 1 - Alta);1CIA IND/2CIA/1PEL(PASSOS);UR00565;Não;Não;Não;BOLETIM DE OCORRENCIA;Classificada;17/08/2024 07:32;Não
2024-35018407-6;(BM) 2024-036777226-001;16/08/2024 10:23;RUA LAMPADOSA, Nº 198 - RECANTO DEL REI - PASSOS;-20.728.451;-465.996.692;W04000 - NADA CONSTATADO (C) (Prioridade: 3 - Baixa);1CIA IND/2CIA/1PEL(PASSOS);ABTS00495;Não;Não;Não;BOLETIM DE OCORRENCIA;Classificada;17/08/2024 07:33;Não
2024-35019882-5;(BM) 2024-036720740-001;16/08/2024 12:29;RUA PALMEIRAS, Nº 221 - SERRA DAS BRISAS - PASSOS;-207.327.261;-465.940.698;O02036 - INCENDIO EM AMONTOADO DE MADEIRA (C) (Prioridade: 2 - Média);1CIA IND/2CIA/1PEL(PASSOS);ABTS00495;Não;Não;Não;BOLETIM DE OCORRENCIA;Classificada;17/08/2024 07:33;Não
2024-35020135-0;(BM) 2024-036720571-001;16/08/2024 12:56;AVENIDA PINHEIRO, Nº 1300 - SERRA DAS BRISAS - PASSOS;-20.734.727;-46.597.221;O04013 - INCENDIO EM PASTO (C) (Prioridade: 2 - Média);1CIA IND/2CIA/1PEL(PASSOS);ABTS00495;Não;Não;Não;BOLETIM DE OCORRENCIA;Classificada;17/08/2024 07:33;Não
2024-35020174-2;(BM) 2024-036707980-001;16/08/2024 13:00;RUA DAVID ANDRADE, Nº 649 - BOM JESUS DA PENHA;;;P01003 - VISTORIA EM EVENTOS TEMPORARIOS (C) (Prioridade: 1 - Alta);1CIA IND/2CIA/PEL PREV E VIST(PASSOS);APF01362;Não;Não;Não;BOLETIM DE OCORRENCIA;Classificada;17/08/2024 07:32;Não
2024-35020372-6;(BM) 2024-036724673-001;16/08/2024 13:15;RUA PANORAMA, Nº 764 - PANORAMA - PASSOS;;;O04011 - INCENDIO EM AREA URBANA NAO PROTEGIDA (C) (Prioridade: 2 - Média);1CIA IND/2CIA/1PEL(PASSOS);ABTS00495;Não;Não;Não;BOLETIM DE OCORRENCIA;Classificada;17/08/2024 07:32;Não
2024-35025077-3;(BM) 2024-036772461-001;16/08/2024 17:42;RUA GUANABARA, Nº 555 - POLIVALENTE - PASSOS;-207.007.636;-466.049.751;O02033 - INCENDIO EM AMONTOADO DE LIXO (C) (Prioridade: 2 - Média);1CIA IND/2CIA/1PEL(PASSOS);ABTS00495;Não;Não;Não;BOLETIM DE OCORRENCIA;Classificada;17/08/2024 07:32;Não
2024-35026614-6;(BM) 2024-036777869-001;16/08/2024 19:10;RUA ZE FORDINHO, Nº 159 - RECANTO DA TEKA - PASSOS;-207.471.087;-465.965.143;P02011 - VISTORIA EM ENXAME DE INSETOS (C) (Prioridade: 2 - Média);1CIA IND/2CIA/1PEL(PASSOS);ASL06087;Não;Não;Não;BOLETIM DE OCORRENCIA;Classificada;17/08/2024 07:32;Não
2024-35027558-2;(BM) 2024-036803740-001;16/08/2024 20:06;ESTRADA PRINCIPAL JULIEIRA KM 01 -  APOS A SAIDA DA CIDADE, Nº S/N - PASSOS;-206.904.404;-466.404.911;O04013 - INCENDIO EM PASTO (C) (Prioridade: 2 - Média);1CIA IND/2CIA/1PEL(PASSOS);ABTS00495;Não;Não;Não;BOLETIM DE OCORRENCIA;Classificada;17/08/2024 07:32;Não
2024-35031970-0;(BM) 2024-036825016-001;17/08/2024 00:21;RUA SAGU, Nº 7 - RESIDENCIAL PORTAL DAS PALMEIRAS - PASSOS;-206.965.974;-466.101.311;V01015 - VITIMA COM HEMORRAGIA (C) (Prioridade: 1 - Alta);1CIA IND/2CIA/1PEL(PASSOS);UR00565;Não;Não;Não;BOLETIM DE OCORRENCIA;Classificada;17/08/2024 07:32;Não
2024-35033941-2;(BM) 2024-036838303-001;17/08/2024 04:21;RUA CEARA, Nº 1175 - BELA VISTA - PASSOS;-207.193.551;-465.963.525;O02003 - INCENDIO EM EDIFICACAO COMERCIAL (C) (Prioridade: 1 - Alta);1CIA IND/2CIA/1PEL(PASSOS);ABTS00495;Não;Não;Não;BOLETIM DE OCORRENCIA;Classificada;17/08/2024 07:32;Não
2024-35034177-9;(BM) 2024-036840490-001;17/08/2024 05:55;RUA AMAPA, Nº 2019 - PASSOS;-207.059.142;-465.953.637;V01999 - OUTROS TIPOS DE APH CLINICO (C) (Prioridade: 1 - Alta);1CIA IND/2CIA/1PEL(PASSOS);UR00565;Não;Não;Não;BOLETIM DE OCORRENCIA;Classificada;17/08/2024 07:32;Não
2024-35034407-7;(BM) 2024-036841050-001;17/08/2024 07:03;RUA DOUTOR CARVALHO, Nº 1455 - NOSSA SENHORA DAS GRAÇAS - PASSOS;-207.352.269;-466.037.303;Q03017 - TREINAMENTO DE PRIMEIROS SOCORROS (C) (Prioridade: 2 - Média);1CIA IND/2CIA/1PEL(PASSOS);BM1637099;Não;Não;Não;BOLETIM DE OCORRENCIA;Classificada;18/08/2024 08:01;Não
2024-35035255-6;(BM) 2024-036850442-001;17/08/2024 08:57;AVENIDA JUCA STOCKLER, Nº S/N - NOVO HORIZONTE - PASSOS;-207.366.397;-466.024.583;P02003 - VISTORIA EM LOTE VAGO (C) (Prioridade: 2 - Média);1CIA IND/2CIA/1PEL(PASSOS);ASL06087;Não;Não;Não;BOLETIM DE OCORRENCIA;Classificada;18/08/2024 08:01;Não
2024-35035383-6;(BM) 2024-036850470-001;17/08/2024 09:10;AVENIDA JUCA STOCKLER, Nº S/N - NOVO HORIZONTE - PASSOS;-207.366.397;-466.024.583;P02003 - VISTORIA EM LOTE VAGO (C) (Prioridade: 2 - Média);1CIA IND/2CIA/1PEL(PASSOS);ASL06087;Não;Não;Não;BOLETIM DE OCORRENCIA;Classificada;18/08/2024 08:01;Não
2024-35035403-1;(BM) 2024-036850505-001;17/08/2024 09:15;AVENIDA JUCA STOCKLER, Nº S/N - NOVO HORIZONTE - PASSOS;-207.366.397;-466.024.583;P02003 - VISTORIA EM LOTE VAGO (C) (Prioridade: 2 - Média);1CIA IND/2CIA/1PEL(PASSOS);ASL06087;Não;Não;Não;BOLETIM DE OCORRENCIA;Classificada;18/08/2024 08:01;Não
2024-35035866-0;(BM) 2024-036875474-001;17/08/2024 10:06;RUA SAO FRANCISCO DE ASSIS, Nº S/N - JARDIM CIDADE - PASSOS;-20.733.813;-466.274.302;O04012 - INCENDIO EM LOTE VAGO (AREA URBANA) (C) (Prioridade: 2 - Média);1CIA IND/2CIA/1PEL(PASSOS);ABTS00495;Não;Não;Não;BOLETIM DE OCORRENCIA;Classificada;18/08/2024 08:01;Não
2024-35036176-7;;17/08/2024 10:37;RUA ROSAS, Nº 2 - CENTRO - POCOS DE CALDAS;;;V03005 - VITIMA DE AGRESSAO FISICA SEM USO DE ARMA (C) (Prioridade: 1 - Alta);1CIA IND (POCOS DE CALDAS);;Não;Não;Não;NADA CONSTATADO;Classificada;17/08/2024 11:23;Não
2024-35037220-2;(BM) 2024-036887804-001;17/08/2024 12:25;RODOVIA LMG 846, Nº S/N - BOM JESUS DA PENHA;-210.280.284;-465.084.699;O04014 - INCENDIO AS MARGENS DE RODOVIA (C) (Prioridade: 2 - Média);1CIA IND/2CIA/1PEL(PASSOS);ABTS00495;Não;Não;Não;BOLETIM DE OCORRENCIA;Classificada;18/08/2024 08:01;Não
2024-35037807-1;(BM) 2024-036990090-001;17/08/2024 13:28;RODOVIA MG438, KM 47, Nº S/N - IBIRACI;-205.171.385;-4.713.577;W03000 - SOLICITANTE ENCONTRADO - PROVIDENCIA DISPENSADA (C) (Prioridade: 3 - Baixa);1CIA IND/2CIA/1PEL(PASSOS);ABTS00495;Não;Não;Não;BOLETIM DE OCORRENCIA;Classificada;18/08/2024 08:03;Não
2024-35041381-5;;17/08/2024 17:20;RUA OLIVA, Nº 1390 - SHANGRILA - SAO JOSE DA BARRA;;;P02011 - VISTORIA EM ENXAME DE INSETOS (C) (Prioridade: 2 - Média);1CIA IND/2CIA/1PEL(PASSOS);;Não;Não;Não;DISPENSADA PELO SOLICITANTE;Classificada;17/08/2024 22:59;Não
2024-35042272-5;(BM) 2024-036929274-001;17/08/2024 18:11;RUA AGUAS MARINHAS, Nº 1180 - ACLIMACAO - PASSOS;-207.527.817;-466.037.108;V01024 - VITIMA DE SUICIDIO (TENTATIVA) - APH CLINICO (C) (Prioridade: 1 - Alta);1CIA IND/2CIA/1PEL(PASSOS);UR00565;Não;Não;Não;BOLETIM DE OCORRENCIA;Classificada;18/08/2024 08:01;Não
2024-35042469-0;;17/08/2024 18:23;RUA PINTASSILGO, Nº 660 - PARQUE DA FAZENDA - PASSOS;-207.386.736;-466.108.827;W98011 - SOLICITACAO DE APOIO (C) (Prioridade: 1 - Alta);1CIA IND/2CIA/1PEL(PASSOS);;Não;Não;Não;ATENDIDA PELO SAMU;Classificada;17/08/2024 18:55;Não
2024-35043055-2;;17/08/2024 18:57;RUA VARGINHA, Nº 305 - COHAB 2 - PASSOS;-207.083.507;-466.275.981;W98011 - SOLICITACAO DE APOIO (C) (Prioridade: 1 - Alta);1CIA IND/2CIA/1PEL(PASSOS);;Não;Não;Não;DUPLICADA;Classificada;17/08/2024 19:12;Não
2024-35043143-8;(BM) 2024-036929365-001;17/08/2024 19:01;RUA VARGINHA, Nº 359 - COHAB 2 - PASSOS;-207.083.074;-466.277.033;P03002 - PERIGO DE ELETROCUSSAO (C) (Prioridade: 2 - Média);1CIA IND/2CIA/1PEL(PASSOS);ASL06087;Não;Não;Não;BOLETIM DE OCORRENCIA;Classificada;18/08/2024 08:02;Não
2024-35044106-7;(BM) 2024-036955623-001;17/08/2024 19:57;RUA GUANABARA, Nº 595 - BELA VISTA 2 - PASSOS;-207.118.689;-465.924.154;O04011 - INCENDIO EM AREA URBANA NAO PROTEGIDA (C) (Prioridade: 2 - Média);1CIA IND/2CIA/1PEL(PASSOS);ABTS00495;Não;Não;Não;BOLETIM DE OCORRENCIA;Classificada;18/08/2024 08:02;Não
2024-35045987-0;;17/08/2024 21:44;AVENIDA COMENDADOR FRANCISCO A MAIA, Nº S/N - SANTA CASA - PASSOS;-207.146.788;-466.127.072;W98011 - SOLICITACAO DE APOIO (C) (Prioridade: 1 - Alta);1CIA IND/2CIA/1PEL(PASSOS);;Não;Não;Não;DUPLICADA;Classificada;17/08/2024 22:58;Não
2024-35052229-2;(BM) 2024-036989158-001;18/08/2024 06:59;AVENIDA OLIVEIRA REZENDE, Nº 1300 - VILA OPERARIA - SAO SEBASTIAO PARAISO;-209.096.216;-469.957.754;X03000 - EMPENHO ADMINISTRATIVO (C) (Prioridade: 2 - Média);1CIA IND/2CIA/PEL PREV E VIST(PASSOS);APF01362;Não;Não;Não;BOLETIM DE OCORRENCIA;Classificada;19/08/2024 09:07;Não
2024-35052951-3;(BM) 2024-036999805-001;18/08/2024 08:46;AVENIDA JK, Nº S/N - MONSENHOR MESSIAS - PASSOS;-207.342.178;-465.979.772;P03010 - PREVENCAO EM FESTA POPULAR (C) (Prioridade: 2 - Média);1CIA IND/2CIA/1PEL(PASSOS);ASL06087;Não;Não;Não;BOLETIM DE OCORRENCIA;Classificada;19/08/2024 08:02;Não
2024-35053022-0;(BM) 2024-036994122-001;18/08/2024 08:56;RUA BRANDOES, Nº 198 - CENTRO - PASSOS;-207.255.339;-466.063.729;O02003 - INCENDIO EM EDIFICACAO COMERCIAL (C) (Prioridade: 1 - Alta);1CIA IND/2CIA/1PEL(PASSOS);ABTS00495;Não;Não;Não;BOLETIM DE OCORRENCIA;Classificada;19/08/2024 08:01;Não
2024-35054007-1;(BM) 2024-037003580-001;18/08/2024 10:45;RUA JUIZ DE FORA, Nº 419 - PASSOS;;;V01005 - VITIMA COM CRISE HIPERTENSIVA/HIPOTENSAO (C) (Prioridade: 1 - Alta);1CIA IND/2CIA/1PEL(PASSOS);UR00565;Não;Não;Não;BOLETIM DE OCORRENCIA;Classificada;19/08/2024 08:01;Não
2024-35054138-0;;18/08/2024 11:00;RUA OLIVA, Nº 1390 - SHANGRILA - SAO JOSE DA BARRA;-207.069.116;-461.618.388;W98011 - SOLICITACAO DE APOIO (C) (Prioridade: 1 - Alta);1CIA IND/2CIA/1PEL(PASSOS);;Não;Não;Não;SOLICITANTE ENCONTRADO - PROVIDÊNCIA DISPENSADA;Classificada;18/08/2024 12:04;Não
2024-35054370-1;;18/08/2024 11:22;RUA GUANABARA, Nº S/N - POLIVALENTE - PASSOS;-207.008.319;-466.049.113;Y40038 - LEVANTAMENTO/MONITORAMENTO DE FOCOS (C) (Prioridade: 2 - Média);1CIA IND/2CIA/1PEL(PASSOS);;Não;Não;Não;DISPENSADA PELO SOLICITANTE;Classificada;19/08/2024 08:03;Não
2024-35055065-3;(BM) 2024-037012537-001;18/08/2024 12:53;RUA SAO MIGUEL, Nº S/N - JARDIM PLANALTO - PASSOS;-20.722.654;-466.243.921;P02003 - VISTORIA EM LOTE VAGO (C) (Prioridade: 2 - Média);1CIA IND/2CIA/1PEL(PASSOS);ASL06087;Não;Não;Não;BOLETIM DE OCORRENCIA;Classificada;19/08/2024 08:02;Não
2024-35055290-0;(BM) 2024-037013109-001;18/08/2024 13:14;RUA OSORIO JOSE LEMOS, Nº S/N - PARQUE DAS AROEIRAS - PASSOS;-207.231.506;-466.282.597;P02003 - VISTORIA EM LOTE VAGO (C) (Prioridade: 2 - Média);1CIA IND/2CIA/1PEL(PASSOS);ASL06087;Não;Não;Não;BOLETIM DE OCORRENCIA;Classificada;19/08/2024 08:02;Não
2024-35055477-0;(BM) 2024-037016338-001;18/08/2024 13:34;AVENIDA DONA LIQUINHA SILVEIRA, Nº 1649 - NOVA CALIFORNIA - PASSOS;-207.023.909;-466.192.673;S05308 - COLISAO ENTRE AUTOMOVEL X MOTOCICLETA (C) (Prioridade: 1 - Alta);1CIA IND/2CIA/1PEL(PASSOS);ASL06087;Não;Não;Não;BOLETIM DE OCORRENCIA;Classificada;19/08/2024 08:01;Não
2024-35055619-3;;18/08/2024 13:46;RUA PARANA, Nº 266 - BELA VISTA - PASSOS;-207.170.062;-466.022.722;V03018 - VITIMA DE QUEDA DA PROPRIA ALTURA (C) (Prioridade: 1 - Alta);1CIA IND/2CIA/1PEL(PASSOS);;Não;Não;Não;ATENDIDA PELO SAMU;Classificada;18/08/2024 13:58;Não
2024-35056400-1;(BM) 2024-037023199-001;18/08/2024 14:41;RUA DOUTOR CARVALHO, Nº 1455 - NOSSA SENHORA DAS GRAÇAS - PASSOS;-207.352.269;-466.037.303;Q03001 - TREINAMENTO DE COMBATE A INCENDIO (C) (Prioridade: 2 - Média);1CIA IND/2CIA/1PEL(PASSOS);BM1728633;Não;Não;Não;BOLETIM DE OCORRENCIA;Classificada;19/08/2024 08:02;Não
2024-35057371-0;(BM) 2024-037051995-001;18/08/2024 15:40;RODOVIA LMG 837, Nº S/N - PASSOS;-208.194.184;-466.862.471;O04014 - INCENDIO AS MARGENS DE RODOVIA (C) (Prioridade: 2 - Média);1CIA IND/2CIA/1PEL(PASSOS);ABTS00495;Não;Não;Não;BOLETIM DE OCORRENCIA;Classificada;19/08/2024 08:01;Não
2024-35061143-0;(BM) 2024-037093955-001;18/08/2024 19:22;RUA OLIVA, Nº 1390 - SHANGRILA - SAO JOSE DA BARRA;-207.069.116;-461.618.388;P02011 - VISTORIA EM ENXAME DE INSETOS (C) (Prioridade: 2 - Média);1CIA IND/2CIA/1PEL(PASSOS);ASL06087;Não;Não;Não;BOLETIM DE OCORRENCIA;Classificada;19/08/2024 08:01;Não
2024-35064442-7;(BM) 2024-037100450-001;18/08/2024 22:34;RODOVIA LMG 837, Km 16 - FORTALEZA DE MINAS;-208.405.901;-467.066.877;S06008 - CORTE DE ARVORE CAIDA EM VIA PUBLICA (C) (Prioridade: 2 - Média);1CIA IND/2CIA/1PEL(PASSOS);ABTS00495;Não;Não;Não;BOLETIM DE OCORRENCIA;Classificada;19/08/2024 08:01;Não
2024-35066888-7;;19/08/2024 02:43;REPRESA MASCARENHAS DE MORAIS - PONTE PASSOS GLORIA, Nº S/N - PASSOS;-20.660.636;-465.338.363;S03015 - SALVAMENTO DE SUICIDA (C) (Prioridade: 1 - Alta);1CIA IND/2CIA/1PEL(PASSOS);ASL06087;Não;Não;Não;ATENDIDA PELO SAMU;Classificada;19/08/2024 08:01;Não
2024-35067031-9;;19/08/2024 03:30;RUA TAPAJOS, Nº 1742 - NOSSA SENHORA APARECIDA - PASSOS;-207.412.521;-466.075.977;W98011 - SOLICITACAO DE APOIO (C) (Prioridade: 1 - Alta);1CIA IND/2CIA/1PEL(PASSOS);;Não;Não;Não;NÃO ATENDIDA: FALTA DE EFETIVO;Classificada;19/08/2024 03:57;Não
2024-35067247-8;(BM) 2024-037122279-001;19/08/2024 05:14;RODOVIA MG 444, Km 13 - CAPETINGA;-20.598.308;-470.226.654;V02203 - VITIMA DE CHOQUE DE AUTOMOVEL (CARRO / CAMINHONETE) (C) (Prioridade: 1 - Alta);1CIA IND/2CIA/1PEL(PASSOS);ASL06087;Não;Não;Não;BOLETIM DE OCORRENCIA;Classificada;19/08/2024 08:01;Não
2024-35067404-4;(BM) 2024-037142072-001;19/08/2024 06:04;RUA IPATINGA, Nº 306 - CALIFORNIA - PASSOS;-207.042.376;-466.172.317;P02011 - VISTORIA EM ENXAME DE INSETOS (C) (Prioridade: 2 - Média);1CIA IND/2CIA/1PEL(PASSOS);ASL06087;Não;Não;Não;BOLETIM DE OCORRENCIA;Classificada;20/08/2024 07:07;Não
2024-35068058-0;(BM) 2024-037123678-001;19/08/2024 07:57;RUA SAO MIGUEL, Nº S/N - JARDIM PLANALTO - PASSOS;-20.722.654;-466.243.921;P02003 - VISTORIA EM LOTE VAGO (C) (Prioridade: 2 - Média);1CIA IND/2CIA/1PEL(PASSOS);ASL06087;Não;Não;Não;BOLETIM DE OCORRENCIA;Classificada;19/08/2024 08:25;Não
2024-35068157-2;(BM) 2024-037142135-001;19/08/2024 08:08;PRACA NOSSA SENHORA APARECIDA, Nº 166 - PASSOS;-207.346.642;-465.902.653;P02011 - VISTORIA EM ENXAME DE INSETOS (C) (Prioridade: 2 - Média);1CIA IND/2CIA/1PEL(PASSOS);ASL06087;Não;Não;Não;BOLETIM DE OCORRENCIA;Classificada;20/08/2024 07:07;Não
2024-35068849-6;(BM) 2024-037132729-001;19/08/2024 09:06;RUA FELICIANO MARTINS, Nº 95 - SAO JOAO BATISTA GLORIA;-206.289.742;-465.034.403;P01002 - VISTORIA DE LIBERACAO / EMISSAO DE AVCB (C) (Prioridade: 2 - Média);1CIA IND/2CIA/PEL PREV E VIST(PASSOS);APF01362;Não;Não;Não;BOLETIM DE OCORRENCIA;Classificada;20/08/2024 07:07;Não
2024-35068873-0;(BM) 2024-037157211-001;19/08/2024 09:07;AVENIDA FLORIANOPOLIS, Nº 56 - JARDIM PLANALTO - SAO JOAO BATISTA GLORIA;-206.298.658;-465.101.667;P01001 - VISTORIA DE FISCALIZACAO (C) (Prioridade: 2 - Média);1CIA IND/2CIA/PEL PREV E VIST(PASSOS);APF01362;Não;Não;Não;BOLETIM DE OCORRENCIA;Classificada;20/08/2024 07:07;Não
2024-35068878-4;(BM) 2024-037153724-001;19/08/2024 09:09;RUA FORTALEZA, Nº 20 - SAO JOAO BATISTA GLORIA;-206.347.879;-465.050.932;P01001 - VISTORIA DE FISCALIZACAO (C) (Prioridade: 2 - Média);1CIA IND/2CIA/PEL PREV E VIST(PASSOS);APF01362;Não;Não;Não;BOLETIM DE OCORRENCIA;Classificada;20/08/2024 07:07;Não
2024-35068911-8;;19/08/2024 09:11;PRACA JOAQUIM AMARANTE, Nº 621 - CENTRO - CALDAS;-219.226.826;-463.903.053;X03000 - EMPENHO ADMINISTRATIVO (C) (Prioridade: 2 - Média);1CIA IND (POCOS DE CALDAS);TPO01399;Não;Não;Não;ORIENTAÇÃO;Classificada;23/09/2024 12:03;Não
2024-35068991-7;(BM) 2024-037133974-001;19/08/2024 09:17;RUA DOUTOR CARVALHO, Nº 1455 - NOSSA SENHORA DAS GRAÇAS - PASSOS;-207.352.269;-466.037.303;Q03017 - TREINAMENTO DE PRIMEIROS SOCORROS (C) (Prioridade: 2 - Média);1CIA IND/2CIA/1PEL(PASSOS);BM1498872;Não;Não;Não;BOLETIM DE OCORRENCIA;Classificada;20/08/2024 07:07;Não
2024-35069937-7;(BM) 2024-037306407-001;19/08/2024 10:32;RODOVIA PASSOS / GLORIA, Nº S/N - PASSOS;-20.700.737;-46.586.887;S03015 - SALVAMENTO DE SUICIDA (C) (Prioridade: 1 - Alta);1CIA IND/2CIA/1PEL(PASSOS);ASL06087;Não;Não;Não;BOLETIM DE OCORRENCIA;Classificada;20/08/2024 07:06;Não
2024-35071082-3;(BM) 2024-037162688-001;19/08/2024 12:02;RUA GUAPORE, Nº 1129 - RECANTO DA HARMONIA - PASSOS;-207.050.935;-465.936.857;P02003 - VISTORIA EM LOTE VAGO (C) (Prioridade: 2 - Média);1CIA IND/2CIA/1PEL(PASSOS);ASL06087;Não;Não;Não;BOLETIM DE OCORRENCIA;Classificada;20/08/2024 07:07;Não
2024-35071159-6;(BM) 2024-037163338-001;19/08/2024 12:10;RUA GUAPORE, Nº 1205 - RECANTO DA HARMONIA - PASSOS;-207.046.322;-465.932.254;P02003 - VISTORIA EM LOTE VAGO (C) (Prioridade: 2 - Média);1CIA IND/2CIA/1PEL(PASSOS);ASL06087;Não;Não;Não;BOLETIM DE OCORRENCIA;Classificada;20/08/2024 07:07;Não
2024-35071234-0;(BM) 2024-037163786-001;19/08/2024 12:15;RUA GUAPORE, Nº 1300 - RECANTO DA HARMONIA - PASSOS;;;P02003 - VISTORIA EM LOTE VAGO (C) (Prioridade: 2 - Média);1CIA IND/2CIA/1PEL(PASSOS);ASL06087;Não;Não;Não;BOLETIM DE OCORRENCIA;Classificada;20/08/2024 07:07;Não
2024-35071263-8;(BM) 2024-037164464-001;19/08/2024 12:18;RUA GUAPORE, Nº 1300 - RECANTO DA HARMONIA - PASSOS;;;P02003 - VISTORIA EM LOTE VAGO (C) (Prioridade: 2 - Média);1CIA IND/2CIA/1PEL(PASSOS);ASL06087;Não;Não;Não;BOLETIM DE OCORRENCIA;Classificada;20/08/2024 07:07;Não
2024-35071295-4;(BM) 2024-037164408-001;19/08/2024 12:21;RUA GUAPORE, Nº 1300 - RECANTO DA HARMONIA - PASSOS;;;P02003 - VISTORIA EM LOTE VAGO (C) (Prioridade: 2 - Média);1CIA IND/2CIA/1PEL(PASSOS);ASL06087;Não;Não;Não;BOLETIM DE OCORRENCIA;Classificada;20/08/2024 07:06;Não
2024-35071299-5;(BM) 2024-037164449-001;19/08/2024 12:23;RUA GUAPORE, Nº 3021 - RECANTO DA HARMONIA - PASSOS;-207.029.572;-465.914.932;P02003 - VISTORIA EM LOTE VAGO (C) (Prioridade: 2 - Média);1CIA IND/2CIA/1PEL(PASSOS);ASL06087;Não;Não;Não;BOLETIM DE OCORRENCIA;Classificada;20/08/2024 07:06;Não
2024-35071417-0;;19/08/2024 12:35;RODOVIA BR 146, Km 7 - PASSOS;;;O04014 - INCENDIO AS MARGENS DE RODOVIA (C) (Prioridade: 2 - Média);1CIA IND/2CIA/1PEL(PASSOS);ABTS00495;Não;Não;Não;ATENDIDA PELO SAMU;Classificada;20/08/2024 07:06;Não
2024-35072322-0;(BM) 2024-037238685-001;19/08/2024 13:47;RUA SANTO ANIBALE MARIE DI FRANCIA, Nº 181 - CENTRO - PASSOS;-207.242.516;-466.087.032;X03000 - EMPENHO ADMINISTRATIVO (C) (Prioridade: 2 - Média);1CIA IND/2CIA/1PEL(PASSOS);BM1498872;Não;Não;Não;BOLETIM DE OCORRENCIA;Classificada;20/08/2024 07:06;Não
2024-35073952-4;(BM) 2024-037254411-001;19/08/2024 15:09;RUA SANTA MONICA, Nº 67 - CARMELO - PASSOS;-207.139.724;-466.055.012;P02011 - VISTORIA EM ENXAME DE INSETOS (C) (Prioridade: 2 - Média);1CIA IND/2CIA/1PEL(PASSOS);ASL06087;Não;Não;Não;BOLETIM DE OCORRENCIA;Classificada;20/08/2024 07:06;Não
2024-35075485-1;(BM) 2024-037230585-001;19/08/2024 16:27;RODOVIA MG 050, Km 330, Nº S/N - ALPINOPOLIS;;;S02999 - OUTROS TIPOS DE MERGULHO AUTONOMO   (C) (Prioridade: 2 - Média);1CIA IND/2CIA/1PEL(PASSOS);ASL06087;Não;Não;Não;BOLETIM DE OCORRENCIA;Classificada;20/08/2024 07:06;Não
2024-35083926-0;(BM) 2024-037299892-001;20/08/2024 02:23;RUA EQUADOR, Nº 906 - POLIVALENTE - PASSOS;-207.017.381;-466.012.725;V01007 - VITIMA COM DISPNEIA (FALTA DE AR) (C) (Prioridade: 1 - Alta);1CIA IND/2CIA/1PEL(PASSOS);UR04360;Não;Não;Não;BOLETIM DE OCORRENCIA;Classificada;20/08/2024 07:05;Não
2024-35085209-0;(BM) 2024-037314275-001;20/08/2024 08:09;AVENIDA EXPEDICIONARIOS, Nº S/N - MIRANTE DO VALE - PASSOS;-207.256.744;-465.818.365;P02003 - VISTORIA EM LOTE VAGO (C) (Prioridade: 2 - Média);1CIA IND/2CIA/1PEL(PASSOS);ASL06087;Não;Não;Não;BOLETIM DE OCORRENCIA;Classificada;21/08/2024 07:45;Não
2024-35085402-0;(BM) 2024-037314300-001;20/08/2024 08:22;AVENIDA EXPEDICIONARIOS, Nº S/N - MIRANTE DO VALE - PASSOS;-207.256.744;-465.818.365;P02003 - VISTORIA EM LOTE VAGO (C) (Prioridade: 2 - Média);1CIA IND/2CIA/1PEL(PASSOS);ASL06087;Não;Não;Não;BOLETIM DE OCORRENCIA;Classificada;21/08/2024 07:44;Não
2024-35085607-3;(BM) 2024-037315254-001;20/08/2024 08:43;AVENIDA EXPEDICIONARIOS, Nº S/N - MIRANTE DO VALE - PASSOS;-207.256.744;-465.818.365;P02003 - VISTORIA EM LOTE VAGO (C) (Prioridade: 2 - Média);1CIA IND/2CIA/1PEL(PASSOS);ASL06087;Não;Não;Não;BOLETIM DE OCORRENCIA;Classificada;21/08/2024 07:44;Não
2024-35085828-2;(BM) 2024-037318806-001;20/08/2024 09:03;AVENIDA ESTACAO, Nº 128 - SANTA CASA - PASSOS;-207.048.835;-466.083.846;O02009 - INCENDIO EM LOCAL RELIGIOSO / CULTURAL / ARTISTICO (C) (Prioridade: 1 - Alta);1CIA IND/2CIA/1PEL(PASSOS);ABTS00495;Não;Não;Não;BOLETIM DE OCORRENCIA;Classificada;21/08/2024 07:44;Não
2024-35086522-8;;20/08/2024 09:58;RUA ALTAMIRO GORZATO, Nº 84 - PARQUE DA ESTACAO - PASSOS;-207.044.384;-466.114.804;V01999 - OUTROS TIPOS DE APH CLINICO (C) (Prioridade: 1 - Alta);1CIA IND/2CIA/1PEL(PASSOS);;Não;Não;Não;NÃO ATENDIDA: FALTA DE EFETIVO;Classificada;20/08/2024 10:24;Não
2024-35086792-2;;20/08/2024 10:17;RUA PALMEIRAS, Nº 614 - SERRA DAS BRISAS - PASSOS;-207.353.637;-465.917.125;P02011 - VISTORIA EM ENXAME DE INSETOS (C) (Prioridade: 2 - Média);1CIA IND/2CIA/1PEL(PASSOS);ABTS00495;Não;Não;Não;NADA CONSTATADO;Classificada;21/08/2024 02:20;Não
2024-35087047-1;(BM) 2024-037341867-001;20/08/2024 10:38;RUA DOUTOR CARVALHO, Nº 1455 - NOSSA SENHORA DAS GRAÇAS - PASSOS;-207.352.269;-466.037.303;Q03001 - TREINAMENTO DE COMBATE A INCENDIO (C) (Prioridade: 2 - Média);1CIA IND/2CIA/1PEL(PASSOS);BM1206671;Não;Não;Não;BOLETIM DE OCORRENCIA;Classificada;21/08/2024 07:44;Não
2024-35087527-7;(BM) 2024-037341841-001;20/08/2024 11:15;RUA ALTAMIRO GORZATO, Nº 84 - PARQUE DA ESTACAO - PASSOS;-207.044.384;-466.114.804;V01018 - VITIMA DE MAL NAO DEFINIDO (DISTURBIO) (C) (Prioridade: 1 - Alta);1CIA IND/2CIA/1PEL(PASSOS);UR04360;Não;Não;Não;BOLETIM DE OCORRENCIA;Classificada;21/08/2024 07:44;Não
2024-35087832-0;(BM) 2024-037348802-001;20/08/2024 11:40;FAZENDA flor, Nº S/N - SAO JOAO BATISTA GLORIA;;;P02011 - VISTORIA EM ENXAME DE INSETOS (C) (Prioridade: 2 - Média);1CIA IND/2CIA/1PEL(PASSOS);ASL06087;Não;Não;Não;BOLETIM DE OCORRENCIA;Classificada;21/08/2024 07:44;Não
2024-35088401-4;;20/08/2024 12:39;AVENIDA PINHEIRO, Nº 1300 - SERRA DAS BRISAS - PASSOS;-20.734.727;-46.597.221;O04013 - INCENDIO EM PASTO (C) (Prioridade: 2 - Média);1CIA IND/2CIA/1PEL(PASSOS);;Não;Não;Não;NADA CONSTATADO;Classificada;20/08/2024 16:38;Não
2024-35089082-3;(BM) 2024-037385657-001;20/08/2024 13:38;RODOVIA MG 050, Nº 1100 - PARQUE DA FAZENDA - PASSOS;-207.402.937;-466.074.495;O04013 - INCENDIO EM PASTO (C) (Prioridade: 2 - Média);1CIA IND/2CIA/1PEL(PASSOS);ABTS00495;Não;Não;Não;BOLETIM DE OCORRENCIA;Classificada;21/08/2024 07:44;Não
2024-35089514-6;(BM) 2024-037421377-001;20/08/2024 14:06;RUA IPATINGA, Nº 306 - CALIFORNIA - PASSOS;-207.042.376;-466.172.317;P02011 - VISTORIA EM ENXAME DE INSETOS (C) (Prioridade: 2 - Média);1CIA IND/2CIA/1PEL(PASSOS);ABTS00495;Não;Não;Não;BOLETIM DE OCORRENCIA;Classificada;21/08/2024 07:44;Não
2024-35095744-0;(BM) 2024-037449255-001;20/08/2024 19:37;RODOVIA MG 050, Nº S/N - PASSOS;-207.372.242;-466.331.087;O04014 - INCENDIO AS MARGENS DE RODOVIA (C) (Prioridade: 2 - Média);1CIA IND/2CIA/1PEL(PASSOS);ABTS00495;Não;Não;Não;BOLETIM DE OCORRENCIA;Classificada;21/08/2024 07:44;Não
2024-35095997-6;(BM) 2024-037455870-001;20/08/2024 19:49;RUA IPATINGA, Nº 306 - CALIFORNIA - PASSOS;-207.042.376;-466.172.317;S06005 - CAPTURA DE INSETOS (C) (Prioridade: 2 - Média);1CIA IND/2CIA/1PEL(PASSOS);ABTS00495;Não;Não;Não;BOLETIM DE OCORRENCIA;Classificada;21/08/2024 07:44;Não
2024-35102713-0;(BM) 2024-037514265-001;21/08/2024 08:51;RUA PARAGUAI, Nº 86 - CANJERANUS - PASSOS;-207.112.427;-466.063.344;O02001 - INCENDIO EM RESIDENCIA/HABITACAO UNIFAMILIAR (CASA) (C) (Prioridade: 1 - Alta);1CIA IND/2CIA/1PEL(PASSOS);ABTS00495;Não;Não;Não;BOLETIM DE OCORRENCIA;Classificada;22/08/2024 06:23;Não
2024-35103143-0;(BM) 2024-037507172-001;21/08/2024 09:26;AVENIDA COMENDADOR FRANCISCO A MAIA, Nº 4050 - EXPOSICAO - PASSOS;-207.333.293;-466.060.067;P01001 - VISTORIA DE FISCALIZACAO (C) (Prioridade: 2 - Média);1CIA IND/2CIA/PEL PREV E VIST(PASSOS);APF01362;Não;Não;Não;BOLETIM DE OCORRENCIA;Classificada;22/08/2024 06:22;Não
2024-35103605-3;(BM) 2024-037513925-001;21/08/2024 10:03;RUA DOIS DE NOVEMBRO, Nº 354 - SAO BENEDITO - PASSOS;-207.228.053;-466.043.561;P01001 - VISTORIA DE FISCALIZACAO (C) (Prioridade: 2 - Média);1CIA IND/2CIA/PEL PREV E VIST(PASSOS);APF01362;Não;Não;Não;BOLETIM DE OCORRENCIA;Classificada;22/08/2024 06:22;Não
2024-35104071-6;(BM) 2024-037519502-001;21/08/2024 10:35;RUA LIMAO, Nº 200 - SANTA RITA - PASSOS;-20.730.694;-466.107.373;P01001 - VISTORIA DE FISCALIZACAO (C) (Prioridade: 2 - Média);1CIA IND/2CIA/PEL PREV E VIST(PASSOS);APF01362;Não;Não;Não;BOLETIM DE OCORRENCIA;Classificada;22/08/2024 06:22;Não
2024-35104091-3;(BM) 2024-037524220-001;21/08/2024 10:36;RUA TILOCA GRILO, Nº S/N - VILA SAO JOSE - PASSOS;-207.041.571;-466.395.987;P02001 - VISTORIA EM HIDRANTE (C) (Prioridade: 2 - Média);1CIA IND/2CIA/1PEL(PASSOS);ABTS00495;Não;Não;Não;BOLETIM DE OCORRENCIA;Classificada;22/08/2024 06:22;Não
2024-35104268-0;(BM) 2024-037587148-001;21/08/2024 10:54;RUA PARANA, Nº 1062 - BELA VISTA 2 - PASSOS;-207.116.876;-465.968.567;V01018 - VITIMA DE MAL NAO DEFINIDO (DISTURBIO) (C) (Prioridade: 1 - Alta);1CIA IND/2CIA/1PEL(PASSOS);UR04360;Não;Não;Não;BOLETIM DE OCORRENCIA;Classificada;22/08/2024 06:23;Não
2024-35104474-2;(BM) 2024-037526833-001;21/08/2024 11:06;RUA TILOCA GRILO, Nº S/N - VILA SAO JOSE - PASSOS;-207.041.571;-466.395.987;P02001 - VISTORIA EM HIDRANTE (C) (Prioridade: 2 - Média);1CIA IND/2CIA/1PEL(PASSOS);ABTS00495;Não;Não;Não;BOLETIM DE OCORRENCIA;Classificada;22/08/2024 06:22;Não
2024-35104649-4;(BM) 2024-037587200-001;21/08/2024 11:21;RUA TILOCA GRILO, Nº S/N - VILA SAO JOSE - PASSOS;-207.041.571;-466.395.987;P02001 - VISTORIA EM HIDRANTE (C) (Prioridade: 2 - Média);1CIA IND/2CIA/1PEL(PASSOS);ABTS00495;Não;Não;Não;BOLETIM DE OCORRENCIA;Classificada;22/08/2024 06:23;Não
2024-35105868-3;;21/08/2024 13:08;AVENIDA AROUCA, Nº 555 - CENTRO - PASSOS;-207.176.272;-466.079.507;V02408 - VITIMA DE COLISAO ENTRE AUTOMOVEL X MOTOCICLETA (C) (Prioridade: 1 - Alta);1CIA IND/2CIA/1PEL(PASSOS);UR04360;Não;Não;Não;ATENDIDA PELO SAMU;Classificada;22/08/2024 00:42;Não
2024-35107351-9;(BM) 2024-037573811-001;21/08/2024 14:42;RUA JOAO CARDOSO, Nº 161 - MARIA AUGUSTA - PASSOS;;;V03018 - VITIMA DE QUEDA DA PROPRIA ALTURA (C) (Prioridade: 1 - Alta);1CIA IND/2CIA/1PEL(PASSOS);UR04360;Não;Não;Não;BOLETIM DE OCORRENCIA;Classificada;22/08/2024 06:23;Não
2024-35109033-4;(BM) 2024-037587060-001;21/08/2024 16:08;AVENIDA ARLINDO FIGUEIREDO - SAO FRANCISCO - PASSOS;;;O04013 - INCENDIO EM PASTO (C) (Prioridade: 2 - Média);1CIA IND/2CIA/1PEL(PASSOS);ABTS00495;Não;Não;Não;BOLETIM DE OCORRENCIA;Classificada;22/08/2024 06:23;Não
2024-35111067-9;(BM) 2024-037612670-001;21/08/2024 17:57;TRAVESSA INCONFIDENTES, Nº 198 - PASSOS;-207.170.726;-466.125.057;V01003 - VITIMA COM CRISE CONVULSIVA (C) (Prioridade: 2 - Média);1CIA IND/2CIA/1PEL(PASSOS);UR04360;Não;Não;Não;BOLETIM DE OCORRENCIA;Classificada;22/08/2024 06:23;Não
2024-35111880-3;(BM) 2024-037609375-001;21/08/2024 18:42;RUA ANDORINHA, Nº S/N - PARQUE DA FAZENDA - PASSOS;-207.402.352;-46.606.958;P02003 - VISTORIA EM LOTE VAGO (C) (Prioridade: 2 - Média);1CIA IND/2CIA/1PEL(PASSOS);ASL06087;Não;Não;Não;BOLETIM DE OCORRENCIA;Classificada;22/08/2024 06:23;Não
2024-35111992-7;(BM) 2024-037611359-001;21/08/2024 18:49;RUA CURIO, Nº S/N - PARQUE DA FAZENDA - PASSOS;-20.738.727;-466.074.193;P02003 - VISTORIA EM LOTE VAGO (C) (Prioridade: 2 - Média);1CIA IND/2CIA/1PEL(PASSOS);ASL06087;Não;Não;Não;BOLETIM DE OCORRENCIA;Classificada;22/08/2024 06:23;Não
2024-35111996-8;(BM) 2024-037612290-001;21/08/2024 18:51;RUA CURIO, Nº S/N - PARQUE DA FAZENDA - PASSOS;-20.738.727;-466.074.193;P02003 - VISTORIA EM LOTE VAGO (C) (Prioridade: 2 - Média);1CIA IND/2CIA/1PEL(PASSOS);ASL06087;Não;Não;Não;BOLETIM DE OCORRENCIA;Classificada;22/08/2024 06:23;Não
2024-35113995-6;(BM) 2024-037636876-001;21/08/2024 20:52;RUA DOUTOR CARVALHO, Nº 1455 - NOSSA SENHORA DAS GRAÇAS - PASSOS;-207.352.269;-466.037.303;Q03001 - TREINAMENTO DE COMBATE A INCENDIO (C) (Prioridade: 2 - Média);1CIA IND/2CIA/1PEL(PASSOS);BM1274612;Não;Não;Não;BOLETIM DE OCORRENCIA;Classificada;22/08/2024 06:23;Não
2024-35116868-5;;22/08/2024 00:27;AVENIDA DOUTOR BRENO SOARES MAIA, Nº 2105 - RECANTO DA TEKA - PASSOS;-20.741.391;-465.999.943;V01001 - VITIMA DE ACIDENTE VASCULAR CEREBRAL (AVC) (C) (Prioridade: 1 - Alta);1CIA IND/2CIA/1PEL(PASSOS);UR04360;Não;Não;Não;SOLICITANTE ENCONTRADO - PROVIDÊNCIA DISPENSADA;Classificada;22/08/2024 00:42;Não
2024-35118986-2;(BM) 2024-037677779-002;22/08/2024 08:07;RUA ELZA DA COSTA FIGUEIREDO, Nº 263 - JARDIM PLANALTO - PASSOS;-207.227.905;-466.261.784;P02003 - VISTORIA EM LOTE VAGO (C) (Prioridade: 2 - Média);1CIA IND/2CIA/1PEL(PASSOS);ASL06087;Não;Não;Não;BOLETIM DE OCORRENCIA;Classificada;23/08/2024 06:15;Não
2024-35119476-1;(BM) 2024-037693470-001;22/08/2024 08:48;RUA ELZA DA COSTA FIGUEIREDO, Nº S/N - PARQUE DAS AROEIRAS - PASSOS;-207.209.832;-466.268.612;P02003 - VISTORIA EM LOTE VAGO (C) (Prioridade: 2 - Média);1CIA IND/2CIA/1PEL(PASSOS);ASL06087;Não;Não;Não;BOLETIM DE OCORRENCIA;Classificada;23/08/2024 06:15;Não
2024-35119760-5;(BM) 2024-037688831-001;22/08/2024 09:10;RUA PARAGUAI, Nº 104 - CANJERANUS - PASSOS;-207.108.986;-466.065.702;S06001 - SALVAMENTO DE ANIMAL EM RISCO / PERIGO (C) (Prioridade: 2 - Média);1CIA IND/2CIA/1PEL(PASSOS);ABTS00495;Não;Não;Não;BOLETIM DE OCORRENCIA;Classificada;23/08/2024 06:15;Não
2024-35119817-0;(BM) 2024-037759808-001;22/08/2024 09:14;RUA DOUTOR CARVALHO, Nº 1455 - NOSSA SENHORA DAS GRAÇAS - PASSOS;-207.352.269;-466.037.303;Q03001 - TREINAMENTO DE COMBATE A INCENDIO (C) (Prioridade: 2 - Média);1CIA IND/2CIA/1PEL(PASSOS);BM1178490;Não;Não;Não;BOLETIM DE OCORRENCIA;Classificada;23/08/2024 06:15;Não
2024-35120691-1;(BM) 2024-037696684-001;22/08/2024 10:24;RUA ELZA DA COSTA FIGUEIREDO, Nº 78 - PASSOS;-207.212.656;-466.267.567;P02003 - VISTORIA EM LOTE VAGO (C) (Prioridade: 2 - Média);1CIA IND/2CIA/1PEL(PASSOS);ASL06087;Não;Não;Não;BOLETIM DE OCORRENCIA;Classificada;23/08/2024 06:15;Não
2024-35122796-0;(BM) 2024-037720945-001;22/08/2024 13:25;RUA MATOZINHOS, Nº 111 - COHAB 2 - PASSOS;-207.106.133;-466.302.896;P01001 - VISTORIA DE FISCALIZACAO (C) (Prioridade: 2 - Média);1CIA IND/2CIA/PEL PREV E VIST(PASSOS);APF01362;Não;Não;Não;BOLETIM DE OCORRENCIA;Classificada;23/08/2024 06:15;Não
2024-35124701-5;(BM) 2024-037745949-001;22/08/2024 15:04;RUA HORTENCIAS, Nº 791 - PANORAMA - PASSOS;-20.707.129;-466.203.649;V02104 - VITIMA DE ATROPELAMENTO POR CAMINHAO / CARRETA (C) (Prioridade: 1 - Alta);1CIA IND/2CIA/1PEL(PASSOS);UR04360;Não;Não;Não;BOLETIM DE OCORRENCIA;Classificada;23/08/2024 06:17;Não
2024-35126431-3;(BM) 2024-037799160-001;22/08/2024 16:29;ESTRADA LINHA DAS AGUAS, KM 16, Nº S/N - PASSOS;-208.341.959;-465.695.256;O02027 - INCENDIO VEIC. AUTOMOTOR (EXCETO TANQUE/ONIBUS/MICRO-ONIBUS) (C) (Prioridade: 1 - Alta);1CIA IND/2CIA/1PEL(PASSOS);ABTS00495;Não;Não;Não;BOLETIM DE OCORRENCIA;Classificada;23/08/2024 06:17;Não
2024-35126761-8;(PM) 2024-037781823-001;22/08/2024 16:45;ESTRADA PRINCIPAL ESTRADA LINHA DAS AGUAS, Nº S/N - PASSOS;-2.084.525;-46.554.028;W98011 - SOLICITACAO DE APOIO (C) (Prioridade: 1 - Alta);1CIA IND/2CIA/1PEL(PASSOS);;Não;Não;Não;DUPLICADA;Classificada;22/08/2024 18:17;Não
2024-35130012-4;(BM) 2024-037852765-001;22/08/2024 19:53;AVENIDA ARLINDO FIGUEIREDO, Nº S/N - JARDIM PINHEIROS 2 - PASSOS;-207.262.479;-466.225.308;O04012 - INCENDIO EM LOTE VAGO (AREA URBANA) (C) (Prioridade: 2 - Média);1CIA IND/2CIA/1PEL(PASSOS);ABTS00495;Não;Não;Não;BOLETIM DE OCORRENCIA;Classificada;23/08/2024 06:17;Não
2024-35131088-1;;22/08/2024 21:05;RUA MANTIQUEIRA, Nº 842 - SERRA DAS BRISAS - PASSOS;-207.314.034;-465.971.384;O04012 - INCENDIO EM LOTE VAGO (AREA URBANA) (C) (Prioridade: 2 - Média);1CIA IND/2CIA/1PEL(PASSOS);;Não;Não;Não;DISPENSADA PELO SOLICITANTE;Classificada;22/08/2024 21:12;Não
2024-35132065-1;(BM) 2024-037834490-001;22/08/2024 22:09;RUA SAO GABRIEL, Nº 160 - PASSOS;-207.191.925;-465.941.579;O04012 - INCENDIO EM LOTE VAGO (AREA URBANA) (C) (Prioridade: 2 - Média);1CIA IND/2CIA/1PEL(PASSOS);ABTS00495;Não;Não;Não;BOLETIM DE OCORRENCIA;Classificada;23/08/2024 06:17;Não
2024-35133634-0;(BM) 2024-037835980-001;22/08/2024 23:53;RUA ARGENTINA, Nº 640 - CASSIA;-205.754.505;-469.234.775;O02042 - INCENDIO EM ONIBUS/MICRO-ONIBUS (C) (Prioridade: 2 - Média);1CIA IND/2CIA/1PEL(PASSOS);ABTS00495;Não;Não;Não;BOLETIM DE OCORRENCIA;Classificada;23/08/2024 06:17;Não
2024-35135912-2;(BM) 2024-037855310-001;23/08/2024 07:05;RUA SANTO ANIBALE MARIE DI FRANCIA, Nº 181 - CENTRO - PASSOS;-207.242.516;-466.087.032;X03000 - EMPENHO ADMINISTRATIVO (C) (Prioridade: 2 - Média);1CIA IND/2CIA/COMANDANTE(PASSOS);BM1498872;Não;Não;Não;BOLETIM DE OCORRENCIA;Classificada;24/08/2024 07:25;Não
2024-35136071-6;(BM) 2024-037856603-001;23/08/2024 07:24;RUA DOS MEDICOS, Nº 460 - BELO HORIZONTE - PASSOS;-207.296.801;-466.044.183;Q02009 - PALESTRA DE PRIMEIROS SOCORROS (C) (Prioridade: 2 - Média);1CIA IND/2CIA/1PEL(PASSOS);BM1637750 / ASL06087;Não;Não;Não;BOLETIM DE OCORRENCIA;Classificada;24/08/2024 07:50;Não
2024-35136319-0;(BM) 2024-037859018-001;23/08/2024 07:57;RUA JACUI, Nº 62 - CANDEIAS - PASSOS;-207.211.225;-466.157.732;V01004 - VITIMA COM CRISE DIABETICA / HIPOGLICEMIA (C) (Prioridade: 1 - Alta);1CIA IND/2CIA/1PEL(PASSOS);UR04360;Não;Não;Não;BOLETIM DE OCORRENCIA;Classificada;24/08/2024 07:54;Não
2024-35136439-1;(BM) 2024-037923534-001;23/08/2024 08:10;RUA DOUTOR CARVALHO, Nº 1455 - NOSSA SENHORA DAS GRAÇAS - PASSOS;-207.352.269;-466.037.303;Q03001 - TREINAMENTO DE COMBATE A INCENDIO (C) (Prioridade: 2 - Média);1CIA IND/2CIA/1PEL(PASSOS);BM1549807;Não;Não;Não;BOLETIM DE OCORRENCIA;Classificada;24/08/2024 07:50;Não
2024-35136720-7;(BM) 2024-037869418-001;23/08/2024 08:34;FAZENDA SITIO SAO DOMINGOS, Nº S/N - PASSOS;-206.872.054;-466.951.487;S06003 - CAPTURA DE CAO PERIGOSO / AGRESSIVO (C) (Prioridade: 2 - Média);1CIA IND/2CIA/1PEL(PASSOS);ASL06087;Não;Não;Não;BOLETIM DE OCORRENCIA;Classificada;24/08/2024 07:50;Não
2024-35137135-2;(BM) 2024-037868166-001;23/08/2024 09:07;RUA GOIAS, Nº 1095 - SANTA LUZIA - PASSOS;-207.108.452;-466.009.065;P01001 - VISTORIA DE FISCALIZACAO (C) (Prioridade: 2 - Média);1CIA IND/2CIA/PEL PREV E VIST(PASSOS);APF01362;Não;Não;Não;BOLETIM DE OCORRENCIA;Classificada;24/08/2024 07:50;Não
2024-35138761-5;(BM) 2024-037890924-001;23/08/2024 11:07;RUA RIO BRANCO, Nº 1312 - SANTA LUZIA - PASSOS;-207.069.892;-466.007.266;S06001 - SALVAMENTO DE ANIMAL EM RISCO / PERIGO (C) (Prioridade: 2 - Média);1CIA IND/2CIA/1PEL(PASSOS);ASL06087;Não;Não;Não;BOLETIM DE OCORRENCIA;Classificada;24/08/2024 07:50;Não
2024-35139537-7;;23/08/2024 12:10;RUA DOUTOR FRANCISCO FARIA LOBATO, Nº 42 - CENTRO - POCOS DE CALDAS;;;P02011 - VISTORIA EM ENXAME DE INSETOS (C) (Prioridade: 2 - Média);1CIA IND (POCOS DE CALDAS);;Não;Não;Não;DISPENSADA PELO SOLICITANTE;Classificada;23/08/2024 13:46;Não
2024-35139805-4;(BM) 2024-037906721-001;23/08/2024 12:35;RUA FRANCISCO TOZZI FUNCHAL, Nº 252 - PENHA 2 - PASSOS;-20.712.784;-46.628.846;P02011 - VISTORIA EM ENXAME DE INSETOS (C) (Prioridade: 2 - Média);1CIA IND/2CIA/1PEL(PASSOS);ASL06087;Não;Não;Não;BOLETIM DE OCORRENCIA;Classificada;24/08/2024 07:51;Não
2024-35139939-0;;23/08/2024 12:50;RUA FRANCISCO TOZZI FUNCHAL, Nº 252 - PASSOS;-20.712.784;-46.628.846;P02011 - VISTORIA EM ENXAME DE INSETOS (C) (Prioridade: 2 - Média);1CIA IND/2CIA/1PEL(PASSOS);;Não;Não;Não;DUPLICADA;Classificada;23/08/2024 12:52;Não
2024-35141034-9;(BM) 2024-037923340-001;23/08/2024 14:08;RUA RIO BRANCO, Nº S/N - POLIVALENTE - PASSOS;-2.070.339;-466.045.609;P02003 - VISTORIA EM LOTE VAGO (C) (Prioridade: 2 - Média);1CIA IND/2CIA/1PEL(PASSOS);ASL06087;Não;Não;Não;BOLETIM DE OCORRENCIA;Classificada;24/08/2024 07:51;Não
2024-35141298-0;;23/08/2024 14:20;RUA TRES DE MAIO, Nº 73 - CENTRO - PASSOS;-20.723.023;-466.067.989;W98011 - SOLICITACAO DE APOIO (C) (Prioridade: 1 - Alta);1CIA IND/2CIA/1PEL(PASSOS);;Não;Não;Não;DUPLICADA;Classificada;23/08/2024 14:35;Não
2024-35141329-2;(BM) 2024-037975725-001;23/08/2024 14:22;RUA TRES DE MAIO, Nº 73 - CENTRO - PASSOS;-20.723.023;-466.067.989;O02001 - INCENDIO EM RESIDENCIA/HABITACAO UNIFAMILIAR (CASA) (C) (Prioridade: 1 - Alta);1CIA IND/2CIA/1PEL(PASSOS);ABTS00495 / UR04360;Não;Não;Não;BOLETIM DE OCORRENCIA;Classificada;24/08/2024 07:54;Não
2024-35141641-1;(BM) 2024-037923681-001;23/08/2024 14:36;RUA DOUTOR SATURNINO, Nº 63 - PASSOS;-207.275.207;-465.991.865;X03000 - EMPENHO ADMINISTRATIVO (C) (Prioridade: 2 - Média);1CIA IND/2CIA/1PEL(PASSOS);ASL06087;Não;Não;Não;BOLETIM DE OCORRENCIA;Classificada;24/08/2024 07:53;Não
2024-35141934-0;(BM) 2024-037938050-001;23/08/2024 14:50;RUA INHUMAS, Nº S/N - JARDIM PLANALTO - PASSOS;-207.199.046;-46.621.586;O04012 - INCENDIO EM LOTE VAGO (AREA URBANA) (C) (Prioridade: 2 - Média);1CIA IND/2CIA/1PEL(PASSOS);ABTS00495;Não;Não;Não;BOLETIM DE OCORRENCIA;Classificada;24/08/2024 07:53;Não
2024-35143898-9;;23/08/2024 16:26;RUA JOSE BATISTA BORGES, Nº 100 - CENTRO - CLARAVAL;-203.981.008;-472.905.415;W98011 - SOLICITACAO DE APOIO (C) (Prioridade: 1 - Alta);1CIA IND/2CIA/1PEL(PASSOS);;Não;Não;Não;NADA CONSTATADO;Classificada;23/08/2024 18:49;Não
2024-35144526-0;(BM) 2024-037972117-001;23/08/2024 17:00;ESTRADA PRINCIPAL JULIEIRA KM 22 - REGIAO DA BRAGANCA, Nº S/N - PASSOS;-205.604.853;-467.599.551;O04003 - INCENDIO EM PRODUCAO AGRICOLA (C) (Prioridade: 2 - Média);1CIA IND/2CIA/1PEL(PASSOS);ABTS00495 / ASL06087;Não;Não;Não;BOLETIM DE OCORRENCIA;Classificada;24/08/2024 07:54;Não
2024-35146437-2;;23/08/2024 18:48;AVENIDA ANTONIO ADAO DA SILVA, Nº 291 - COHAB 4 - PASSOS;-207.185.615;-466.335.339;W98011 - SOLICITACAO DE APOIO (C) (Prioridade: 1 - Alta);1CIA IND/2CIA/1PEL(PASSOS);;Não;Não;Não;ATENDIDA PELO SAMU;Classificada;23/08/2024 18:56;Não
2024-35148895-8;(BM) 2024-038001681-001;23/08/2024 21:09;RODOVIA MG 050, Km 339 - PASSOS;-20.718.014;-464.595.361;O04013 - INCENDIO EM PASTO (C) (Prioridade: 2 - Média);1CIA IND/2CIA/1PEL(PASSOS);ABTS00495;Não;Não;Não;BOLETIM DE OCORRENCIA;Classificada;24/08/2024 07:54;Não
2024-35151651-1;(BM) 2024-038037027-001;23/08/2024 23:43;RODOVIA LMG 856, Km 3 - CASSIA;-205.375.806;-469.305.223;O04014 - INCENDIO AS MARGENS DE RODOVIA (C) (Prioridade: 2 - Média);1CIA IND/2CIA/1PEL(PASSOS);ASL06087;Não;Não;Não;BOLETIM DE OCORRENCIA;Classificada;24/08/2024 07:54;Não
2024-35154418-3;(PM) 2024-038042374-001;24/08/2024 04:44;AVENIDA DONA LIQUINHA SILVEIRA, Nº 1621 - NOVA CALIFORNIA - PASSOS;-207.026.466;-466.194.559;W98011 - SOLICITACAO DE APOIO (C) (Prioridade: 1 - Alta);1CIA IND/2CIA/1PEL(PASSOS);;Não;Não;Não;ATENDIDA PELO SAMU;Classificada;24/08/2024 05:10;Não
2024-35154677-1;(BM) 2024-038043338-001;24/08/2024 06:04;RUA RIO PIRACICABA / RUA RIO BRANCO - SANTA LUZIA - PASSOS;-207.076.773;-465.998.596;P02003 - VISTORIA EM LOTE VAGO (C) (Prioridade: 2 - Média);1CIA IND/2CIA/1PEL(PASSOS);ASL06087;Não;Não;Não;BOLETIM DE OCORRENCIA;Classificada;24/08/2024 07:54;Não
2024-35154750-0;;24/08/2024 06:19;AVENIDA ANTONIO ADAO DA SILVA, Nº 719 - COHAB 4 - PASSOS;-207.176.859;-466.358.957;W98011 - SOLICITACAO DE APOIO (C) (Prioridade: 1 - Alta);1CIA IND/2CIA/1PEL(PASSOS);;Não;Não;Não;DISPENSADA PELO SOLICITANTE;Classificada;24/08/2024 07:53;Não
2024-35154752-5;(BM) 2024-038044029-001;24/08/2024 06:20;RUA RIO BRANCO, Nº S/N - POLIVALENTE - PASSOS;-2.070.339;-466.045.609;P02003 - VISTORIA EM LOTE VAGO (C) (Prioridade: 2 - Média);1CIA IND/2CIA/1PEL(PASSOS);ASL06087;Não;Não;Não;BOLETIM DE OCORRENCIA;Classificada;24/08/2024 07:54;Não
2024-35155642-2;(BM) 2024-038189058-001;24/08/2024 08:47;RUA DOUTOR CARVALHO, Nº 1455 - NOSSA SENHORA DAS GRAÇAS - PASSOS;-207.352.269;-466.037.303;Q03001 - TREINAMENTO DE COMBATE A INCENDIO (C) (Prioridade: 2 - Média);1CIA IND/2CIA/1PEL(PASSOS);BM1206671;Não;Não;Não;BOLETIM DE OCORRENCIA;Classificada;25/08/2024 07:38;Não
2024-35155682-7;(BM) 2024-038064108-001;24/08/2024 08:52;AVENIDA CEL RAIMUNDO DE FREITAS, Nº S/N - MIRANTE DO VALE - PASSOS;-207.234.112;-465.770.051;P02003 - VISTORIA EM LOTE VAGO (C) (Prioridade: 2 - Média);1CIA IND/2CIA/1PEL(PASSOS);ASL06087;Não;Não;Não;BOLETIM DE OCORRENCIA;Classificada;25/08/2024 07:38;Não
2024-35157045-4;;24/08/2024 11:14;RUA ARNUFO NOGUEIRA DE FIGUEIREDO, Nº 138 - PASSOS;-207.344.228;-466.148.221;S06002 - CAPTURA DE ANIMAL SILVESTRE PERIGOSO / AGRESSIVO (C) (Prioridade: 2 - Média);1CIA IND/2CIA/1PEL(PASSOS);;Não;Não;Não;DISPENSADA PELO SOLICITANTE;Classificada;24/08/2024 11:15;Não
2024-35157073-0;(BM) 2024-038064123-001;24/08/2024 11:15;AVENIDA CEL RAIMUNDO DE FREITAS, Nº S/N - MIRANTE DO VALE - PASSOS;-207.234.112;-465.770.051;P02003 - VISTORIA EM LOTE VAGO (C) (Prioridade: 2 - Média);1CIA IND/2CIA/1PEL(PASSOS);ASL06087;Não;Não;Não;BOLETIM DE OCORRENCIA;Classificada;25/08/2024 07:38;Não
2024-35157172-1;(BM) 2024-038065037-001;24/08/2024 11:26;AVENIDA CEL RAIMUNDO DE FREITAS, Nº S/N - MIRANTE DO VALE - PASSOS;-207.234.112;-465.770.051;P02003 - VISTORIA EM LOTE VAGO (C) (Prioridade: 2 - Média);1CIA IND/2CIA/1PEL(PASSOS);ASL06087;Não;Não;Não;BOLETIM DE OCORRENCIA;Classificada;25/08/2024 07:38;Não
2024-35157393-0;;24/08/2024 11:54;RODOVIA BR 146, Nº S/N - PASSOS;-20.758.941;-466.023.418;O04013 - INCENDIO EM PASTO (C) (Prioridade: 2 - Média);1CIA IND/2CIA/1PEL(PASSOS);;Não;Não;Não;DUPLICADA;Classificada;24/08/2024 11:56;Não
2024-35157398-4;(BM) 2024-038178502-001;24/08/2024 11:55;RODOVIA BR 146, Nº S/N - BOM JESUS DA PENHA;-209.966.068;-465.060.993;O04013 - INCENDIO EM PASTO (C) (Prioridade: 2 - Média);1CIA IND/2CIA/1PEL(PASSOS);ABTS00495;Não;Não;Não;BOLETIM DE OCORRENCIA;Classificada;25/08/2024 07:38;Não
2024-35157894-6;;24/08/2024 12:52;ESTRADA PRINCIPAL BANANAL, Nº S/N - PASSOS;-20.650.833;-46.740.833;O04013 - INCENDIO EM PASTO (C) (Prioridade: 2 - Média);1CIA IND/2CIA/1PEL(PASSOS);;Não;Não;Não;NÃO ATENDIDA: FALTA DE EFETIVO;Classificada;25/08/2024 03:25;Não
2024-35159502-5;;24/08/2024 15:00;FAZENDA BOA ESPERANCA, Nº S/N - CASSIA;-206.724.417;-468.593.341;W98011 - SOLICITACAO DE APOIO (C) (Prioridade: 1 - Alta);1CIA IND/2CIA/1PEL(PASSOS);;Não;Não;Não;NÃO ATENDIDA: FALTA DE EFETIVO;Classificada;25/08/2024 02:48;Não
2024-35160085-7;(BM) 2024-038178530-001;24/08/2024 15:39;RODOVIA MG-050, Km 341, Nº S/N - TABOCA - ITAU DE MINAS;;;O04011 - INCENDIO EM AREA URBANA NAO PROTEGIDA (C) (Prioridade: 2 - Média);1CIA IND/2CIA/1PEL(PASSOS);ABTS00495;Não;Não;Não;BOLETIM DE OCORRENCIA;Classificada;25/08/2024 07:38;Não
2024-35160229-5;;24/08/2024 15:50;RODOVIA MGC 267, Km 4 - BANDEIRA DO SUL;;;O04014 - INCENDIO AS MARGENS DE RODOVIA (C) (Prioridade: 2 - Média);1CIA IND (POCOS DE CALDAS);;Não;Não;Não;NÃO ATENDIDA: FALTA DE EFETIVO;Classificada;24/08/2024 16:11;Não
2024-35161026-3;;24/08/2024 16:40;RODOVIA MG 050, Km 341 - ITAU DE MINAS;;;W98011 - SOLICITACAO DE APOIO (C) (Prioridade: 1 - Alta);1CIA IND/2CIA/1PEL(PASSOS);;Não;Não;Não;DUPLICADA;Classificada;24/08/2024 17:38;Não
2024-35162175-9;;24/08/2024 17:50;ACESSO RURAL USINA CURIMBABA, Nº S/N - CALDAS;;;O04008 - INCENDIO EM AREA RURAL NAO PROTEGIDA (C) (Prioridade: 2 - Média);1CIA IND (POCOS DE CALDAS);;Não;Não;Não;NÃO ATENDIDA: FALTA DE EFETIVO;Classificada;24/08/2024 19:36;Não
2024-35162367-0;;24/08/2024 18:01;AVENIDA PRIMAVERA, Nº S/N - JARDIM DAS ACACIAS - SAO JOAO BATISTA GLORIA;-206.377.053;-464.963.473;O04011 - INCENDIO EM AREA URBANA NAO PROTEGIDA (C) (Prioridade: 2 - Média);1CIA IND/2CIA/1PEL(PASSOS);;Não;Não;Não;OCORRÊNCIAS TÍPICAS DE BOMBEIROS ATENDIDA POR OUTROS ÓRGÃOS;Classificada;25/08/2024 02:46;Não
2024-35163069-7;;24/08/2024 18:38;RODOVIA SBG 040, Km 1 - SAO JOAO BATISTA GLORIA;;;O02023 - INCENDIO EM LOCAL DE PROCESSAMENTO DE LIXO (C) (Prioridade: 1 - Alta);1CIA IND/2CIA/COMANDANTE(PASSOS);;Não;Não;Não;DISPENSADA PELO SOLICITANTE;Classificada;24/08/2024 20:35;Não
2024-35163563-3;;24/08/2024 19:06;AVENIDA PRIMAVERA, Nº S/N - JARDIM DAS ACACIAS - SAO JOAO BATISTA GLORIA;-206.377.053;-464.963.473;W98011 - SOLICITACAO DE APOIO (C) (Prioridade: 1 - Alta);1CIA IND/2CIA/1PEL(PASSOS);;Não;Não;Não;DISPENSADA PELO SOLICITANTE;Classificada;24/08/2024 19:35;Não
2024-35163644-3;(BM) 2024-038121832-001;24/08/2024 19:10;AVENIDA COMENDADOR FRANCISCO A MAIA, Nº 4050 - EXPOSICAO - PASSOS;-207.333.293;-466.060.067;P01001 - VISTORIA DE FISCALIZACAO (C) (Prioridade: 2 - Média);1CIA IND/2CIA/PEL PREV E VIST(PASSOS);APF01362;Não;Não;Não;BOLETIM DE OCORRENCIA;Classificada;25/08/2024 07:38;Não
2024-35163938-4;;24/08/2024 19:27;RUA MAGNOLIAS, Nº S/N - POCOS DE CALDAS;;;S06008 - CORTE DE ARVORE CAIDA EM VIA PUBLICA (C) (Prioridade: 2 - Média);1CIA IND (POCOS DE CALDAS);;Não;Não;Não;REPASSADA A OUTROS ÓRGAOS;Classificada;24/08/2024 20:57;Não
2024-35164337-0;;24/08/2024 19:53;AVENIDA JUCA STOCKLER, Nº S/N - SAO JOAQUIM - PASSOS;-207.420.993;-46.600.964;W98011 - SOLICITACAO DE APOIO (C) (Prioridade: 1 - Alta);1CIA IND/2CIA/1PEL(PASSOS);;Não;Não;Não;NADA CONSTATADO;Classificada;25/08/2024 02:26;Não
2024-35164477-9;(BM) 2024-038178606-001;24/08/2024 19:59;ESTRADA PRINCIPAL JULIERIA KM 02 - APOS A SAIDA DA CIDADE, Nº S/N - PASSOS;-206.848.703;-466.479.576;O04013 - INCENDIO EM PASTO (C) (Prioridade: 2 - Média);1CIA IND/2CIA/1PEL(PASSOS);ABTS00495;Não;Não;Não;BOLETIM DE OCORRENCIA;Classificada;25/08/2024 07:38;Não
2024-35164841-0;;24/08/2024 20:19;PORTO DE CASSIA - DELFINOPOLIS, Nº S/N - CASSIA;-204.231.741;-468.595.809;W98011 - SOLICITACAO DE APOIO (C) (Prioridade: 1 - Alta);1CIA IND/2CIA/1PEL(PASSOS);;Não;Não;Não;OCORRÊNCIAS TÍPICAS DE BOMBEIROS ATENDIDA POR OUTROS ÓRGÃOS;Classificada;25/08/2024 03:04;Não
2024-35165730-4;;24/08/2024 21:06;RODOVIA MG 446 - BOM JESUS DA PENHA;;;W98011 - SOLICITACAO DE APOIO (C) (Prioridade: 1 - Alta);1CIA IND/2CIA/1PEL(PASSOS);;Não;Não;Não;DUPLICADA;Classificada;25/08/2024 00:00;Não
2024-35165837-8;;24/08/2024 21:13;RODOVIA BR 146, Km 347 - PASSOS;-207.836.997;-466.053.834;W98011 - SOLICITACAO DE APOIO (C) (Prioridade: 1 - Alta);1CIA IND/2CIA/1PEL(PASSOS);;Não;Não;Não;DUPLICADA;Classificada;25/08/2024 00:38;Não
2024-35165950-0;;24/08/2024 21:19;FAZENDA FUNDAO - TANIA DE LOURDES AZEVEDO DE PAULA ALS_1023, Nº S/N - ALPINOPOLIS;-208.861.805;-463.129.345;O04008 - INCENDIO EM AREA RURAL NAO PROTEGIDA (C) (Prioridade: 2 - Média);1CIA IND/2CIA/1PEL(PASSOS);;Não;Não;Não;NÃO ATENDIDA: FALTA DE EFETIVO;Classificada;25/08/2024 02:52;Não
2024-35166116-1;;24/08/2024 21:32;ESTRADA PRINCIPAL ESTRADA LINHA DAS AGUAS, Nº S/N - PASSOS;-2.084.525;-46.554.028;O04013 - INCENDIO EM PASTO (C) (Prioridade: 2 - Média);1CIA IND/2CIA/1PEL(PASSOS);;Não;Não;Não;DISPENSADA PELO SOLICITANTE;Classificada;24/08/2024 23:29;Não
2024-35166589-3;;24/08/2024 22:00;SITIO AREIA BRANCA, Nº S/N - CASSIA;-205.377.609;-469.244.286;O04013 - INCENDIO EM PASTO (C) (Prioridade: 2 - Média);1CIA IND/2CIA/1PEL(PASSOS);;Não;Não;Não;SOLICITANTE NÃO ENCONTRADO;Classificada;25/08/2024 07:06;Não
2024-35170291-5;(PM) 2024-038174664-001;25/08/2024 01:19;RUA ARARAS, Nº 21 - VILA ROMANA - PASSOS;-207.430.255;-466.108.964;W98011 - SOLICITACAO DE APOIO (C) (Prioridade: 1 - Alta);1CIA IND/2CIA/1PEL(PASSOS);;Não;Não;Não;OCORRÊNCIAS TÍPICAS DE BOMBEIROS ATENDIDA POR OUTROS ÓRGÃOS;Classificada;25/08/2024 02:27;Não
2024-35170752-6;;25/08/2024 01:56;RUA ANA CANDIDA DE JESUS, Nº 390 - JARDIM ITALIA - PASSOS;-207.515.316;-466.047.154;W98011 - SOLICITACAO DE APOIO (C) (Prioridade: 1 - Alta);1CIA IND/2CIA/1PEL(PASSOS);;Não;Não;Não;ATENDIDA PELO SAMU;Classificada;25/08/2024 02:24;Não
2024-35172688-0;(BM) 2024-038234342-001;25/08/2024 07:47;RUA TIMOTEO, Nº 248 - COHAB 2 - PASSOS;-207.091.514;-466.290.727;V01023 - VITIMA DE SINCOPE (DESMAIO)/VERTIGEM (C) (Prioridade: 1 - Alta);1CIA IND/2CIA/1PEL(PASSOS);UR04360;Não;Não;Não;BOLETIM DE OCORRENCIA;Classificada;26/08/2024 15:08;Não
2024-35172747-7;(BM) 2024-038284287-001;25/08/2024 08:00;ESTRADA JULIEIRA, Nº S/N - PASSOS;-206.816.688;-466.509.421;O04006 - INCENDIO EM AREA RURAL PERTENCENTE A ORGAO PRIVADO (C) (Prioridade: 2 - Média);1CIA IND/2CIA/1PEL(PASSOS);ASL06087;Não;Não;Não;BOLETIM DE OCORRENCIA;Classificada;26/08/2024 15:07;Não
2024-35173359-3;(BM) 2024-038195826-002;25/08/2024 09:30;RODOVIA MG 344, Km 50 - CASSIA;-204.933.437;-469.964.862;V02301 - VITIMA DE CAPOTAMENTO DE AUTOMOVEL (CARRO / CAMINHONETE) (C) (Prioridade: 1 - Alta);1CIA IND/2CIA/1PEL(PASSOS);UR04360 / ASL06087;Não;Não;Não;BOLETIM DE OCORRENCIA;Classificada;26/08/2024 15:08;Não
2024-35174546-6;(BM) 2024-038205851-001;25/08/2024 11:47;RUA FORMIGA, Nº 106 - MARIO MAGALHAES - PASSOS;-207.251.739;-466.133.172;V01006 - VITIMA COM DIFICULDADE DE LOCOMOCAO (C) (Prioridade: 1 - Alta);1CIA IND/2CIA/1PEL(PASSOS);UR04360;Não;Não;Não;BOLETIM DE OCORRENCIA;Classificada;26/08/2024 15:08;Não
2024-35175354-0;(BM) 2024-038218080-001;25/08/2024 13:23;ESTRADA DAS AGUAS, Nº S/N - PASSOS;-208.164.734;-466.004.977;O04006 - INCENDIO EM AREA RURAL PERTENCENTE A ORGAO PRIVADO (C) (Prioridade: 2 - Média);1CIA IND/2CIA/1PEL(PASSOS);ASL06087;Não;Não;Não;BOLETIM DE OCORRENCIA;Classificada;26/08/2024 15:07;Não
2024-35175553-7;;25/08/2024 13:48;RUA DELFINOPOLIS, Nº 95 - PASSOS;-207.146.623;-466.245.538;V01025 - VITIMA DE USO / ABUSO / DEPENDENCIA DE DROGAS / ALCOOL (C) (Prioridade: 1 - Alta);1CIA IND/2CIA/1PEL(PASSOS);UR04360;Não;Não;Não;NADA CONSTATADO;Classificada;25/08/2024 14:40;Não
2024-35177628-5;(BM) 2024-038234396-001;25/08/2024 16:09;RUA CURIO, Nº S/N - PARQUE DA FAZENDA - PASSOS;-20.738.727;-466.074.193;P02003 - VISTORIA EM LOTE VAGO (C) (Prioridade: 2 - Média);1CIA IND/2CIA/1PEL(PASSOS);ABTS00495;Não;Não;Não;BOLETIM DE OCORRENCIA;Classificada;26/08/2024 15:07;Não
2024-35178032-0;(BM) 2024-038235347-001;25/08/2024 16:37;RUA CURIO, Nº S/N - PARQUE DA FAZENDA - PASSOS;-20.738.727;-466.074.193;P02003 - VISTORIA EM LOTE VAGO (C) (Prioridade: 2 - Média);1CIA IND/2CIA/1PEL(PASSOS);ABTS00495;Não;Não;Não;BOLETIM DE OCORRENCIA;Classificada;26/08/2024 15:07;Não
2024-35178486-8;(BM) 2024-038239332-001;25/08/2024 17:08;RUA CURIO, Nº S/N - PARQUE DA FAZENDA - PASSOS;-20.738.727;-466.074.193;P02003 - VISTORIA EM LOTE VAGO (C) (Prioridade: 2 - Média);1CIA IND/2CIA/1PEL(PASSOS);ABTS00495;Não;Não;Não;BOLETIM DE OCORRENCIA;Classificada;26/08/2024 15:07;Não
2024-35179845-4;(BM) 2024-038250345-001;25/08/2024 18:34;RUA BONSUCESSO, Nº 758 - PENHA - PASSOS;-20.720.418;-466.180.069;V03018 - VITIMA DE QUEDA DA PROPRIA ALTURA (C) (Prioridade: 1 - Alta);1CIA IND/2CIA/1PEL(PASSOS);UR04360;Não;Não;Não;BOLETIM DE OCORRENCIA;Classificada;26/08/2024 15:08;Não
2024-35184922-2;(BM) 2024-038298133-001;25/08/2024 23:58;AVENIDA SABIA / AVENIDA ELDORADO - RESIDENCIAL ELDORADO - PASSOS;-20.732.453;-46.616.556;S06008 - CORTE DE ARVORE CAIDA EM VIA PUBLICA (C) (Prioridade: 2 - Média);1CIA IND/2CIA/1PEL(PASSOS);ASL06087;Não;Não;Não;BOLETIM DE OCORRENCIA;Classificada;26/08/2024 15:07;Não
2024-35186641-4;(BM) 2024-038316557-001;26/08/2024 06:47;RUA PAULO ROBERTO DOS SANTOS, Nº 140 - RESIDENCIAL RECANTO DOS PINHEIROS - PASSOS;-206.917.599;-466.105.316;V01001 - VITIMA DE ACIDENTE VASCULAR CEREBRAL (AVC) (C) (Prioridade: 1 - Alta);1CIA IND/2CIA/1PEL(PASSOS);UR04360;Não;Não;Não;BOLETIM DE OCORRENCIA;Classificada;26/08/2024 15:08;Não
2024-35186700-1;;26/08/2024 07:01;RUA DOUTOR CARVALHO, Nº 1455 - NOSSA SENHORA DAS GRAÇAS - PASSOS;-207.352.269;-466.037.303;Q02009 - PALESTRA DE PRIMEIROS SOCORROS (C) (Prioridade: 2 - Média);1CIA IND/2CIA/COMANDANTE(PASSOS);;Não;Não;Não;CANCELADA PELO COORDENADOR DO COBOM;Classificada;26/08/2024 15:40;Não
2024-35187190-2;(BM) 2024-038393648-001;26/08/2024 08:01;RUA DOUTOR CARVALHO, Nº 1455 - NOSSA SENHORA DAS GRAÇAS - PASSOS;-207.352.269;-466.037.303;Q03001 - TREINAMENTO DE COMBATE A INCENDIO (C) (Prioridade: 2 - Média);1CIA IND/2CIA/1PEL(PASSOS);BM1178490;Não;Não;Não;BOLETIM DE OCORRENCIA;Classificada;27/08/2024 08:01;Não
2024-35189499-1;(BM) 2024-038351907-001;26/08/2024 11:12;RUA ACEROLAS, Nº 392 - NOSSA SENHORA DE LOURDES - PASSOS;-206.976.183;-466.198.625;V01018 - VITIMA DE MAL NAO DEFINIDO (DISTURBIO) (C) (Prioridade: 1 - Alta);1CIA IND/2CIA/1PEL(PASSOS);UR04360;Não;Não;Não;BOLETIM DE OCORRENCIA;Classificada;27/08/2024 08:01;Não
2024-35191123-9;(BM) 2024-038361523-001;26/08/2024 13:39;AVENIDA ARLINDO FIGUEIREDO, Nº 850 - JARDIM PINHEIROS - PASSOS;-207.248.365;-466.210.844;X03000 - EMPENHO ADMINISTRATIVO (C) (Prioridade: 2 - Média);1CIA IND/2CIA/PEL PREV E VIST(PASSOS);APF01362;Não;Não;Não;BOLETIM DE OCORRENCIA;Classificada;27/08/2024 08:01;Não
2024-35191757-8;(BM) 2024-038392750-001;26/08/2024 14:19;AVENIDA CHICO XAVIER / RUA MONSENHOR MESSIAS BRAGANCA - DISTRITO INDUSTRIAL 2 - PASSOS;-207.257.105;-466.260.461;O04012 - INCENDIO EM LOTE VAGO (AREA URBANA) (C) (Prioridade: 2 - Média);1CIA IND/2CIA/1PEL(PASSOS);ABTS00495;Não;Não;Não;BOLETIM DE OCORRENCIA;Classificada;27/08/2024 08:01;Não
2024-35193635-1;(BM) 2024-038393860-001;26/08/2024 15:45;RUA PONTALINA, Nº S/N - JARDIM PLANALTO - PASSOS;-207.213.826;-466.247.034;P02003 - VISTORIA EM LOTE VAGO (C) (Prioridade: 2 - Média);1CIA IND/2CIA/1PEL(PASSOS);ASL06087;Não;Não;Não;BOLETIM DE OCORRENCIA;Classificada;27/08/2024 08:01;Não
2024-35193766-0;(BM) 2024-038396613-001;26/08/2024 15:53;RUA PONTALINA, Nº S/N - JARDIM PLANALTO - PASSOS;-207.213.826;-466.247.034;P02003 - VISTORIA EM LOTE VAGO (C) (Prioridade: 2 - Média);1CIA IND/2CIA/1PEL(PASSOS);ASL06087;Não;Não;Não;BOLETIM DE OCORRENCIA;Classificada;27/08/2024 08:01;Não
2024-35194132-6;(BM) 2024-038405973-001;26/08/2024 16:10;RUA PONTALINA, Nº S/N - JARDIM PLANALTO - PASSOS;-207.213.826;-466.247.034;P02003 - VISTORIA EM LOTE VAGO (C) (Prioridade: 2 - Média);1CIA IND/2CIA/1PEL(PASSOS);ASL06087;Não;Não;Não;BOLETIM DE OCORRENCIA;Classificada;27/08/2024 08:01;Não
2024-35195334-6;(BM) 2024-038414632-001;26/08/2024 17:22;RUA GOIAS / AVENIDA PERIMETRAL - POLIVALENTE - PASSOS;-207.042.958;-466.088.932;O04012 - INCENDIO EM LOTE VAGO (AREA URBANA) (C) (Prioridade: 2 - Média);1CIA IND/2CIA/1PEL(PASSOS);ABTS00495;Não;Não;Não;BOLETIM DE OCORRENCIA;Classificada;27/08/2024 08:01;Não
2024-35197051-2;(BM) 2024-038433403-001;26/08/2024 19:03;ESTRADA AREIAS, Nº S/N - PASSOS;-207.381.807;-46.581.987;O04003 - INCENDIO EM PRODUCAO AGRICOLA (C) (Prioridade: 2 - Média);1CIA IND/2CIA/1PEL(PASSOS);ABTS00495;Não;Não;Não;BOLETIM DE OCORRENCIA;Classificada;27/08/2024 08:01;Não
2024-35197340-0;;26/08/2024 19:19;RUA GOIAS, Nº 1268 - BELA VISTA - PASSOS;-207.121.191;-465.997.572;V03018 - VITIMA DE QUEDA DA PROPRIA ALTURA (C) (Prioridade: 1 - Alta);1CIA IND/2CIA/1PEL(PASSOS);;Não;Não;Não;DISPENSADA PELO SOLICITANTE;Classificada;26/08/2024 19:42;Não
2024-35201219-6;(BM) 2024-038492797-001;27/08/2024 00:14;RUA CARAVELAS, Nº 114 - NOVO HORIZONTE - PASSOS;-207.319.444;-466.009.606;V01004 - VITIMA COM CRISE DIABETICA / HIPOGLICEMIA (C) (Prioridade: 1 - Alta);1CIA IND/2CIA/1PEL(PASSOS);UR04360;Não;Não;Não;BOLETIM DE OCORRENCIA;Classificada;27/08/2024 08:01;Não
2024-35201526-5;;27/08/2024 00:58;AVENIDA JUCA STOCKLER, Nº 1223 - NOVO HORIZONTE - PASSOS;-207.346.202;-466.031.145;O02034 - INCENDIO EM CACAMBA DE LIXO / ENTULHO (C) (Prioridade: 2 - Média);1CIA IND/2CIA/1PEL(PASSOS);;Não;Não;Não;DISPENSADA PELO SOLICITANTE;Classificada;27/08/2024 01:28;Não
2024-35203309-8;(BM) 2024-038496230-001;27/08/2024 08:23;RUA DOUTOR CARVALHO, Nº 1455 - NOSSA SENHORA DAS GRAÇAS - PASSOS;-207.352.269;-466.037.303;Q03001 - TREINAMENTO DE COMBATE A INCENDIO (C) (Prioridade: 2 - Média);1CIA IND/2CIA/1PEL(PASSOS);BM1549807;Não;Não;Não;BOLETIM DE OCORRENCIA;Classificada;28/08/2024 07:38;Não
2024-35204064-8;(BM) 2024-038614544-001;27/08/2024 09:30;RUA ITABIRA, Nº 421 - CALIFORNIA - PASSOS;-207.036.298;-46.617.856;W03000 - SOLICITANTE ENCONTRADO - PROVIDENCIA DISPENSADA (C) (Prioridade: 3 - Baixa);1CIA IND/2CIA/1PEL(PASSOS);UR04360;Não;Não;Não;BOLETIM DE OCORRENCIA;Classificada;28/08/2024 07:38;Não
2024-35206127-7;(BM) 2024-038536431-001;27/08/2024 12:27;RUA OURO FINO, Nº 460 - NOSSA SENHORA DE FATIMA - PASSOS;-206.978.989;-466.119.955;S06008 - CORTE DE ARVORE CAIDA EM VIA PUBLICA (C) (Prioridade: 2 - Média);1CIA IND/2CIA/1PEL(PASSOS);ASL06087;Não;Não;Não;BOLETIM DE OCORRENCIA;Classificada;28/08/2024 07:39;Não
2024-35206461-9;(BM) 2024-038536381-001;27/08/2024 13:00;RUA BOIADEIROS, Nº 581 - PENHA - PASSOS;-207.171.008;-466.207.157;V01008 - VITIMA COM DOR ABDOMINAL (ABDOME AGUDO) (C) (Prioridade: 1 - Alta);1CIA IND/2CIA/1PEL(PASSOS);UR04360;Não;Não;Não;BOLETIM DE OCORRENCIA;Classificada;28/08/2024 07:40;Não
2024-35206897-4;(BM) 2024-038539119-001;27/08/2024 13:39;RUA GOIAS, Nº 2720 - JARDIM COLEGIO DE PASSOS - PASSOS;-207.182.422;-465.932.064;P01001 - VISTORIA DE FISCALIZACAO (C) (Prioridade: 2 - Média);1CIA IND/2CIA/PEL PREV E VIST(PASSOS);APF01362;Não;Não;Não;BOLETIM DE OCORRENCIA;Classificada;28/08/2024 07:39;Não
2024-35209172-8;;27/08/2024 15:41;RUA NOVA RESENDE, Nº 338 - NOSSA SENHORA DE FATIMA - PASSOS;-206.998.641;-466.122.559;V01003 - VITIMA COM CRISE CONVULSIVA (C) (Prioridade: 1 - Alta);1CIA IND/2CIA/1PEL(PASSOS);UR04360;Não;Não;Não;ATENDIDA PELO SAMU;Classificada;28/08/2024 07:40;Não
2024-35209615-7;(BM) 2024-038620238-001;27/08/2024 16:07;RUA GONCALVES DIAS, Nº S/N - CENTRO - PASSOS;-207.161.822;-466.087.427;O04012 - INCENDIO EM LOTE VAGO (AREA URBANA) (C) (Prioridade: 2 - Média);1CIA IND/2CIA/1PEL(PASSOS);ABTS00495;Não;Não;Não;BOLETIM DE OCORRENCIA;Classificada;28/08/2024 07:39;Não
2024-35210631-0;;27/08/2024 17:08;RODOVIA BR 146, Nº S/N - PASSOS;-20.758.941;-466.023.418;O04014 - INCENDIO AS MARGENS DE RODOVIA (C) (Prioridade: 2 - Média);1CIA IND/2CIA/1PEL(PASSOS);;Não;Não;Não;DISPENSADA PELO SOLICITANTE;Classificada;27/08/2024 17:19;Não
2024-35210869-2;(BM) 2024-038622826-001;27/08/2024 17:23;RUA GUANABARA, Nº S/N - POLIVALENTE - PASSOS;-207.008.319;-466.049.113;P02003 - VISTORIA EM LOTE VAGO (C) (Prioridade: 2 - Média);1CIA IND/2CIA/1PEL(PASSOS);ABTS00495;Não;Não;Não;BOLETIM DE OCORRENCIA;Classificada;28/08/2024 07:39;Não
2024-35211026-9;(BM) 2024-038664253-001;27/08/2024 17:32;RODOVIA BR 265, Nº S/N - ALPINOPOLIS;;;O04008 - INCENDIO EM AREA RURAL NAO PROTEGIDA (C) (Prioridade: 2 - Média);1CIA IND/2CIA/1PEL(PASSOS);ASL06087;Não;Não;Não;BOLETIM DE OCORRENCIA;Classificada;28/08/2024 07:39;Não
2024-35211361-3;;27/08/2024 17:52;RUA LEOPOLDINA, Nº S/N - CALIFORNIA - PASSOS;-207.023.442;-466.170.464;V03003 - VITIMA DE AGRESSAO FISICA COM ARMA BRANCA (C) (Prioridade: 1 - Alta);1CIA IND/2CIA/1PEL(PASSOS);;Não;Não;Não;ATENDIDA PELO SAMU;Classificada;27/08/2024 19:25;Não
2024-35214699-6;;27/08/2024 21:32;RUA RIO NEGRO, Nº 929 - RECANTO DA HARMONIA - PASSOS;-207.053.164;-465.965.214;V01010 - VITIMA COM DOR TORACICA/SUSPEITA DE INFARTO (IAM) (C) (Prioridade: 1 - Alta);1CIA IND/2CIA/1PEL(PASSOS);UR04360;Não;Não;Não;ATENDIDA PELO SAMU;Classificada;28/08/2024 07:40;Não
2024-35215239-1;(BM) 2024-038659536-001;27/08/2024 22:07;RUA ALAOR PRATA DE CASTRO, Nº 208 - JARDIM CANADA - PASSOS;;;S06002 - CAPTURA DE ANIMAL SILVESTRE PERIGOSO / AGRESSIVO (C) (Prioridade: 2 - Média);1CIA IND/2CIA/1PEL(PASSOS);ASL06087;Não;Não;Não;BOLETIM DE OCORRENCIA;Classificada;28/08/2024 07:39;Não
2024-35215259-9;;27/08/2024 22:08;RUA ALAOR PRATA DE CASTRO, Nº 208 - JARDIM CANADA - PASSOS;-207.380.467;-465.847.946;W98011 - SOLICITACAO DE APOIO (C) (Prioridade: 1 - Alta);1CIA IND/2CIA/1PEL(PASSOS);;Não;Não;Não;DISPENSADA PELO SOLICITANTE;Classificada;27/08/2024 23:06;Não
2024-35215843-6;(BM) 2024-038644302-001;27/08/2024 22:48;RUA CUIABA, Nº S/N - JARDIM COLEGIO DE PASSOS - PASSOS;-207.209.732;-465.916.011;O04012 - INCENDIO EM LOTE VAGO (AREA URBANA) (C) (Prioridade: 2 - Média);1CIA IND/2CIA/1PEL(PASSOS);ABTS00495;Não;Não;Não;BOLETIM DE OCORRENCIA;Classificada;28/08/2024 07:39;Não
2024-35216096-1;(BM) 2024-038644450-001;27/08/2024 23:05;RUA PINTASSILGO, Nº 68 - NOSSA SENHORA DAS GRAÇAS - PASSOS;-207.365.514;-466.051.522;V01013 - VITIMA DE EMERGENCIAS PSIQUIATRICAS (C) (Prioridade: 1 - Alta);1CIA IND/2CIA/1PEL(PASSOS);UR04360;Não;Não;Não;BOLETIM DE OCORRENCIA;Classificada;28/08/2024 07:40;Não
2024-35217873-8;(BM) 2024-038660136-001;28/08/2024 04:12;RUA ITAJUBA, Nº 106 - MARIO MAGALHAES - PASSOS;-207.260.593;-466.140.898;V03018 - VITIMA DE QUEDA DA PROPRIA ALTURA (C) (Prioridade: 1 - Alta);1CIA IND/2CIA/1PEL(PASSOS);UR04360;Não;Não;Não;BOLETIM DE OCORRENCIA;Classificada;28/08/2024 07:40;Não
2024-35218065-9;(BM) 2024-038660650-001;28/08/2024 06:07;RUA GUANABARA, Nº S/N - POLIVALENTE - PASSOS;-207.008.319;-466.049.113;P02003 - VISTORIA EM LOTE VAGO (C) (Prioridade: 2 - Média);1CIA IND/2CIA/1PEL(PASSOS);ASL06087;Não;Não;Não;BOLETIM DE OCORRENCIA;Classificada;28/08/2024 07:40;Não
2024-35218150-6;(BM) 2024-038660032-001;28/08/2024 06:19;RUA GUANABARA, Nº S/N - POLIVALENTE - PASSOS;-207.008.319;-466.049.113;P02003 - VISTORIA EM LOTE VAGO (C) (Prioridade: 2 - Média);1CIA IND/2CIA/1PEL(PASSOS);ASL06087;Não;Não;Não;BOLETIM DE OCORRENCIA;Classificada;28/08/2024 07:40;Não
2024-35218147-1;(BM) 2024-038661851-001;28/08/2024 06:27;RUA RIO NEGRO, Nº 505 - SANTA LUZIA - PASSOS;-207.083.344;-46.599.695;W03000 - SOLICITANTE ENCONTRADO - PROVIDENCIA DISPENSADA (C) (Prioridade: 3 - Baixa);1CIA IND/2CIA/1PEL(PASSOS);UR04360;Não;Não;Não;BOLETIM DE OCORRENCIA;Classificada;28/08/2024 07:38;Não
2024-35218887-8;(BM) 2024-038706269-001;28/08/2024 08:13;RUA ESTUDANTES, Nº S/N - PENHA - PASSOS;-207.167.482;-466.178.153;S06007 - CORTE / PODA DE ARVORE COM RISCO IMINENTE DE QUEDA (C) (Prioridade: 2 - Média);1CIA IND/2CIA/1PEL(PASSOS);ABTS00495 / UR04360;Não;Não;Não;BOLETIM DE OCORRENCIA;Classificada;29/08/2024 07:00;Não
2024-35220182-5;(BM) 2024-038716706-001;28/08/2024 10:01;RUA DAVID ANDRADE, Nº 649 - BOM JESUS DA PENHA;-210.148.063;-46.524.581;P01003 - VISTORIA EM EVENTOS TEMPORARIOS (C) (Prioridade: 1 - Alta);1CIA IND/2CIA/PEL PREV E VIST(PASSOS);APF01362;Não;Não;Não;BOLETIM DE OCORRENCIA;Classificada;29/08/2024 07:01;Não
2024-35221020-9;(BM) 2024-038693437-001;28/08/2024 11:02;RUA ALIPIO F DIAS, Nº 47 - PARQUE DA ESTACAO - PASSOS;-207.041.157;-466.110.757;V01001 - VITIMA DE ACIDENTE VASCULAR CEREBRAL (AVC) (C) (Prioridade: 1 - Alta);1CIA IND/2CIA/1PEL(PASSOS);UR04360;Não;Não;Não;BOLETIM DE OCORRENCIA;Classificada;29/08/2024 07:01;Não
2024-35222677-9;(BM) 2024-038716656-001;28/08/2024 13:33;RUA DOUTOR CARVALHO, Nº 1455 - NOSSA SENHORA DAS GRAÇAS - PASSOS;-207.352.269;-466.037.303;Q03001 - TREINAMENTO DE COMBATE A INCENDIO (C) (Prioridade: 2 - Média);1CIA IND/2CIA/1PEL(PASSOS);BM1206671;Não;Não;Não;BOLETIM DE OCORRENCIA;Classificada;29/08/2024 07:00;Não
2024-35223203-0;(BM) 2024-038717585-001;28/08/2024 14:08;RUA SANTO ANTONIO, Nº 133 - CENTRO - PASSOS;-207.161.723;-466.105.896;P01002 - VISTORIA DE LIBERACAO / EMISSAO DE AVCB (C) (Prioridade: 2 - Média);1CIA IND/2CIA/PEL PREV E VIST(PASSOS);APF01362;Não;Não;Não;BOLETIM DE OCORRENCIA;Classificada;29/08/2024 07:00;Não
2024-35223570-0;(BM) 2024-038738461-001;28/08/2024 14:28;RUA ELOI PEREIRA LEMOS, Nº 366 - PASSOS;-207.036.682;-466.336.872;P02011 - VISTORIA EM ENXAME DE INSETOS (C) (Prioridade: 2 - Média);1CIA IND/2CIA/1PEL(PASSOS);ABTS00495;Não;Não;Não;BOLETIM DE OCORRENCIA;Classificada;29/08/2024 07:00;Não
2024-35223799-1;(BM) 2024-038813884-001;28/08/2024 14:40;RODOVIA MG 446, Km 1 - ALPINOPOLIS;-207.234.604;-463.759.982;O04014 - INCENDIO AS MARGENS DE RODOVIA (C) (Prioridade: 2 - Média);1CIA IND/2CIA/1PEL(PASSOS);ASL06087;Não;Não;Não;BOLETIM DE OCORRENCIA;Classificada;29/08/2024 07:00;Não
2024-35223872-0;(BM) 2024-038830894-001;28/08/2024 14:42;RUA NANUQUE, Nº 80 - COHAB 2 - PASSOS;-20.710.906;-466.269.176;S06001 - SALVAMENTO DE ANIMAL EM RISCO / PERIGO (C) (Prioridade: 2 - Média);1CIA IND/2CIA/1PEL(PASSOS);ABTS00495;Não;Não;Não;BOLETIM DE OCORRENCIA;Classificada;29/08/2024 07:00;Não
2024-35224716-0;;28/08/2024 15:26;RUA ELOI PEREIRA LEMOS, Nº S/N - NOVA PASSOS - PASSOS;-207.044.478;-466.338.809;P02011 - VISTORIA EM ENXAME DE INSETOS (C) (Prioridade: 2 - Média);1CIA IND/2CIA/1PEL(PASSOS);;Não;Não;Não;DUPLICADA;Classificada;28/08/2024 15:31;Não
2024-35225581-8;(BM) 2024-038807980-001;28/08/2024 16:17;RODOVIA AMG 2440, Km 0 - ALPINOPOLIS;-207.280.259;-463.712.667;S05201 - CAPOTAMENTO DE AUTOMOVEL (CARRO, CAMIONETA, CAMINHONETE) (C) (Prioridade: 1 - Alta);1CIA IND/2CIA/1PEL(PASSOS);ASL06087;Não;Não;Não;BOLETIM DE OCORRENCIA;Classificada;29/08/2024 07:01;Não
2024-35225566-4;(BM) 2024-038805442-001;28/08/2024 16:18;RUA AMAPA, Nº S/N - SANTA LUZIA - PASSOS;-207.079.877;-465.972.919;O04013 - INCENDIO EM PASTO (C) (Prioridade: 2 - Média);1CIA IND/2CIA/1PEL(PASSOS);ABTS00495;Não;Não;Não;BOLETIM DE OCORRENCIA;Classificada;29/08/2024 07:00;Não
2024-35225778-2;(PM) 2024-038755625-001;28/08/2024 16:31;RUA CORONEL JOAO DE BARROS, Nº 881 - CENTRO - PASSOS;;;W98011 - SOLICITACAO DE APOIO (C) (Prioridade: 1 - Alta);1CIA IND/2CIA/1PEL(PASSOS);;Não;Não;Não;NÃO ATENDIDA: FALTA DE EFETIVO;Classificada;28/08/2024 19:37;Não
2024-35226265-3;(BM) 2024-038806958-001;28/08/2024 17:00;RUA DOUTOR SEPULVEDA, Nº 704 - SANTA CASA - PASSOS;-207.112.432;-466.124.033;O02027 - INCENDIO VEIC. AUTOMOTOR (EXCETO TANQUE/ONIBUS/MICRO-ONIBUS) (C) (Prioridade: 1 - Alta);1CIA IND/2CIA/1PEL(PASSOS);ABTS00495;Não;Não;Não;BOLETIM DE OCORRENCIA;Classificada;29/08/2024 07:01;Não
2024-35226350-0;(PM) 2024-038779089-001;28/08/2024 17:03;RUA DOUTOR SEPULVEDA, Nº 704 - SANTA CASA - PASSOS;-207.112.432;-466.124.033;W98011 - SOLICITACAO DE APOIO (C) (Prioridade: 1 - Alta);1CIA IND/2CIA/1PEL(PASSOS);;Não;Não;Não;DUPLICADA;Classificada;28/08/2024 17:12;Não
2024-35228663-7;(BM) 2024-038780660-001;28/08/2024 19:28;RUA ELOI PEREIRA LEMOS, Nº S/N - NOVA PASSOS - PASSOS;-207.044.478;-466.338.809;S06005 - CAPTURA DE INSETOS (C) (Prioridade: 2 - Média);1CIA IND/2CIA/1PEL(PASSOS);ASL06087;Não;Não;Não;BOLETIM DE OCORRENCIA;Classificada;29/08/2024 07:00;Não
2024-35229613-4;(BM) 2024-038790063-001;28/08/2024 20:34;RUA ANTURIOS, Nº S/N - PASSOS;-207.243.143;-465.790.679;P02003 - VISTORIA EM LOTE VAGO (C) (Prioridade: 2 - Média);1CIA IND/2CIA/1PEL(PASSOS);ASL06087;Não;Não;Não;BOLETIM DE OCORRENCIA;Classificada;29/08/2024 07:00;Não
2024-35229790-0;(BM) 2024-038794193-001;28/08/2024 20:46;RUA ANTURIOS, Nº S/N - PASSOS;-207.243.143;-465.790.679;P02003 - VISTORIA EM LOTE VAGO (C) (Prioridade: 2 - Média);1CIA IND/2CIA/1PEL(PASSOS);ASL06087;Não;Não;Não;BOLETIM DE OCORRENCIA;Classificada;29/08/2024 07:00;Não
2024-35230028-1;(BM) 2024-038794140-001;28/08/2024 21:05;RUA ANTURIOS, Nº S/N - PASSOS;-207.243.143;-465.790.679;P02003 - VISTORIA EM LOTE VAGO (C) (Prioridade: 2 - Média);1CIA IND/2CIA/1PEL(PASSOS);ASL06087;Não;Não;Não;BOLETIM DE OCORRENCIA;Classificada;29/08/2024 07:00;Não
2024-35231685-8;(BM) 2024-038813514-001;28/08/2024 23:03;RUA JOAQUIM LEMOS MAIA, Nº S/N - NOVA PASSOS - PASSOS;-207.049.601;-466.378.431;O04012 - INCENDIO EM LOTE VAGO (AREA URBANA) (C) (Prioridade: 2 - Média);1CIA IND/2CIA/1PEL(PASSOS);ABTS00495;Não;Não;Não;BOLETIM DE OCORRENCIA;Classificada;29/08/2024 07:00;Não
2024-35233382-7;;29/08/2024 02:57;RODOVIA MG 050, Nº S/N - PASSOS;-207.372.242;-466.331.087;W98011 - SOLICITACAO DE APOIO (C) (Prioridade: 1 - Alta);1CIA IND/2CIA/1PEL(PASSOS);;Não;Não;Não;DISPENSADA PELO SOLICITANTE;Classificada;29/08/2024 03:05;Não
2024-35233981-1;(BM) 2024-038833829-001;29/08/2024 06:50;RUA ELOI PEREIRA LEMOS, Nº 366 - NOVA PASSOS - PASSOS;-207.031.244;-466.334.493;P02011 - VISTORIA EM ENXAME DE INSETOS (C) (Prioridade: 2 - Média);1CIA IND/2CIA/1PEL(PASSOS);ASL06087;Não;Não;Não;BOLETIM DE OCORRENCIA;Classificada;29/08/2024 08:17;Não
2024-35234782-0;(BM) 2024-038839973-001;29/08/2024 08:29;RUA JOAO BATISTA PEREIRA, Nº S/N - JARDIM CANADA II - PASSOS;-20.755.809;-466.082.442;P02011 - VISTORIA EM ENXAME DE INSETOS (C) (Prioridade: 2 - Média);1CIA IND/2CIA/1PEL(PASSOS);ASL06087;Não;Não;Não;BOLETIM DE OCORRENCIA;Classificada;30/08/2024 07:06;Não
2024-35234820-8;(BM) 2024-038841173-001;29/08/2024 08:31;RUA EGITO, Nº 315 - NOVO MUNDO 4 - PASSOS;-207.268.386;-465.873.941;P02011 - VISTORIA EM ENXAME DE INSETOS (C) (Prioridade: 2 - Média);1CIA IND/2CIA/1PEL(PASSOS);ASL06087;Não;Não;Não;BOLETIM DE OCORRENCIA;Classificada;30/08/2024 07:07;Não
2024-35235484-8;(BM) 2024-038847889-001;29/08/2024 09:31;RUA CARLOS SUHADOLNIK, Nº 219 - PASSOS;-207.084.972;-465.951.209;P01002 - VISTORIA DE LIBERACAO / EMISSAO DE AVCB (C) (Prioridade: 2 - Média);1CIA IND/2CIA/PEL PREV E VIST(PASSOS);APF01362;Não;Não;Não;BOLETIM DE OCORRENCIA;Classificada;30/08/2024 07:07;Não
2024-35235920-8;(BM) 2024-038853741-001;29/08/2024 10:12;RUA DOUTOR CARVALHO, Nº 1455 - NOSSA SENHORA DAS GRAÇAS - PASSOS;-207.352.269;-466.037.303;Q03001 - TREINAMENTO DE COMBATE A INCENDIO (C) (Prioridade: 2 - Média);1CIA IND/2CIA/1PEL(PASSOS);BM1430719;Não;Não;Não;BOLETIM DE OCORRENCIA;Classificada;30/08/2024 07:07;Não
2024-35235982-5;(BM) 2024-038938304-001;29/08/2024 10:17;RUA PORTUGAL, Nº S/N - NOVO MUNDO - PASSOS;-207.274.354;-46.592.421;P02003 - VISTORIA EM LOTE VAGO (C) (Prioridade: 2 - Média);1CIA IND/2CIA/1PEL(PASSOS);ASL06087;Não;Não;Não;BOLETIM DE OCORRENCIA;Classificada;30/08/2024 07:07;Não
2024-35236116-0;(BM) 2024-038857317-001;29/08/2024 10:27;RUA ARCA, Nº 35 - CASARAO - PASSOS;-207.216.986;-465.875.528;V01003 - VITIMA COM CRISE CONVULSIVA (C) (Prioridade: 1 - Alta);1CIA IND/2CIA/1PEL(PASSOS);UR04360;Não;Não;Não;BOLETIM DE OCORRENCIA;Classificada;30/08/2024 07:07;Não
2024-35237396-3;(BM) 2024-038885223-001;29/08/2024 12:21;RUA OURINHOS, Nº 21 - COHAB 2 - PASSOS;-207.103.474;-466.313.649;V01009 - VITIMA COM DOR NA COLUNA VERTEBRAL (COSTAS) (C) (Prioridade: 1 - Alta);1CIA IND/2CIA/1PEL(PASSOS);UR04360;Não;Não;Não;BOLETIM DE OCORRENCIA;Classificada;30/08/2024 07:07;Não
2024-35243327-5;(BM) 2024-038944342-001;29/08/2024 18:46;RUA CANOAS, Nº 11 - NOVO HORIZONTE - PASSOS;-207.305.674;-466.010.446;V01017 - VITIMA DE INTOXICACAO / ENVENENAMENTO (C) (Prioridade: 1 - Alta);1CIA IND/2CIA/1PEL(PASSOS);UR04360;Não;Não;Não;BOLETIM DE OCORRENCIA;Classificada;30/08/2024 07:07;Não
2024-35243912-5;(BM) 2024-038945908-001;29/08/2024 19:23;RUA MIGUEL ALCOCER, Nº S/N - VILA ROMANA - PASSOS;-207.432.841;-466.106.934;P02003 - VISTORIA EM LOTE VAGO (C) (Prioridade: 2 - Média);1CIA IND/2CIA/1PEL(PASSOS);ASL06087;Não;Não;Não;BOLETIM DE OCORRENCIA;Classificada;30/08/2024 07:07;Não
2024-35244166-3;(BM) 2024-038948510-001;29/08/2024 19:40;PRACA GERALDO DA SILVA MAIA, Nº S/N - CENTRO - PASSOS;-207.208.941;-46.609.005;P03999 - OUTROS TIPOS DE PCI / PCA   (C) (Prioridade: 2 - Média);1CIA IND/2CIA/1PEL(PASSOS);UR04360;Não;Não;Não;BOLETIM DE OCORRENCIA;Classificada;30/08/2024 07:07;Não
2024-35244203-8;(BM) 2024-038948704-001;29/08/2024 19:41;RUA MIGUEL ALCOCER, Nº S/N - VILA ROMANA - PASSOS;-207.432.841;-466.106.934;P02003 - VISTORIA EM LOTE VAGO (C) (Prioridade: 2 - Média);1CIA IND/2CIA/1PEL(PASSOS);ASL06087;Não;Não;Não;BOLETIM DE OCORRENCIA;Classificada;30/08/2024 07:07;Não
2024-35244895-3;(BM) 2024-038979103-001;29/08/2024 20:32;ACESSO RURAL SAO PAULO - FORTALEZA DE MINAS;;;O04008 - INCENDIO EM AREA RURAL NAO PROTEGIDA (C) (Prioridade: 2 - Média);1CIA IND/2CIA/1PEL(PASSOS);ASL06087;Não;Não;Não;BOLETIM DE OCORRENCIA;Classificada;30/08/2024 07:07;Não
2024-35248893-0;(BM) 2024-038996260-001;30/08/2024 03:37;AVENIDA PROJETADA, Nº S/N - JARDIM FLORENCA - PASSOS;-206.924.763;-466.115.051;O02013 - INCENDIO EM EDIFICACAO INDUSTRIAL (C) (Prioridade: 1 - Alta);1CIA IND/2CIA/1PEL(PASSOS);ABTS00495;Não;Não;Não;BOLETIM DE OCORRENCIA;Classificada;30/08/2024 07:07;Não
2024-35249863-4;(BM) 2024-039003359-001;30/08/2024 07:52;RUA BAHIA, Nº 711 - BELA VISTA - PASSOS;-207.131.137;-465.977.247;V03018 - VITIMA DE QUEDA DA PROPRIA ALTURA (C) (Prioridade: 1 - Alta);1CIA IND/2CIA/1PEL(PASSOS);UR04360;Não;Não;Não;BOLETIM DE OCORRENCIA;Classificada;31/08/2024 08:11;Não
2024-35250244-0;(BM) 2024-039006729-001;30/08/2024 08:37;AVENIDA ENGENHEIRO MANOEL BATISTA, Nº 600 - ALVORADA - ITAU DE MINAS;-207.413.911;-467.421.913;P01002 - VISTORIA DE LIBERACAO / EMISSAO DE AVCB (C) (Prioridade: 2 - Média);1CIA IND/2CIA/PEL PREV E VIST(PASSOS);APF01362;Não;Não;Não;BOLETIM DE OCORRENCIA;Classificada;31/08/2024 08:10;Não
2024-35251017-3;(BM) 2024-039015589-001;30/08/2024 09:43;RUA OSORIO JOSE LEMOS, Nº S/N - PARQUE DAS AROEIRAS - PASSOS;-207.231.506;-466.282.597;P02003 - VISTORIA EM LOTE VAGO (C) (Prioridade: 2 - Média);1CIA IND/2CIA/1PEL(PASSOS);ASL06087;Não;Não;Não;BOLETIM DE OCORRENCIA;Classificada;31/08/2024 08:10;Não
2024-35251043-3;;30/08/2024 09:47;RUA CAPRICORNIO, Nº 67 - SERRA VERDE - PASSOS;-207.392.161;-465.947.203;O02001 - INCENDIO EM RESIDENCIA/HABITACAO UNIFAMILIAR (CASA) (C) (Prioridade: 1 - Alta);1CIA IND/2CIA/1PEL(PASSOS);ABTS00495;Não;Não;Não;DISPENSADA PELO SOLICITANTE;Classificada;30/08/2024 09:59;Não
2024-35251139-0;(BM) 2024-039017196-001;30/08/2024 09:56;RUA OSORIO JOSE LEMOS, Nº S/N - PARQUE DAS AROEIRAS - PASSOS;-207.231.506;-466.282.597;P02003 - VISTORIA EM LOTE VAGO (C) (Prioridade: 2 - Média);1CIA IND/2CIA/1PEL(PASSOS);ASL06087;Não;Não;Não;BOLETIM DE OCORRENCIA;Classificada;31/08/2024 08:10;Não
2024-35251535-8;(BM) 2024-039022208-001;30/08/2024 10:27;RUA OSORIO JOSE LEMOS, Nº S/N - PARQUE DAS AROEIRAS - PASSOS;-207.231.506;-466.282.597;P02003 - VISTORIA EM LOTE VAGO (C) (Prioridade: 2 - Média);1CIA IND/2CIA/1PEL(PASSOS);ASL06087;Não;Não;Não;BOLETIM DE OCORRENCIA;Classificada;31/08/2024 08:10;Não
2024-35251734-4;(BM) 2024-039074693-001;30/08/2024 10:42;RUA DOUTOR CARVALHO, Nº 1455 - NOSSA SENHORA DAS GRAÇAS - PASSOS;-207.352.269;-466.037.303;Q03001 - TREINAMENTO DE COMBATE A INCENDIO (C) (Prioridade: 2 - Média);1CIA IND/2CIA/1PEL(PASSOS);BM1178490;Não;Não;Não;BOLETIM DE OCORRENCIA;Classificada;31/08/2024 08:10;Não
2024-35251736-0;(BM) 2024-039024326-001;30/08/2024 10:43;RODOVIA MG 050, Km 356, Nº S/N - PASSOS;;;P01003 - VISTORIA EM EVENTOS TEMPORARIOS (C) (Prioridade: 1 - Alta);1CIA IND/2CIA/PEL PREV E VIST(PASSOS);APF01362;Não;Não;Não;BOLETIM DE OCORRENCIA;Classificada;31/08/2024 08:11;Não
2024-35252369-6;(BM) 2024-039042870-001;30/08/2024 11:39;AVENIDA PROJETADA, Nº S/N - JARDIM FLORENCA - PASSOS;-206.924.763;-466.115.051;O04013 - INCENDIO EM PASTO (C) (Prioridade: 2 - Média);1CIA IND/2CIA/1PEL(PASSOS);ABTS00495;Não;Não;Não;BOLETIM DE OCORRENCIA;Classificada;31/08/2024 08:10;Não
2024-35252978-4;;30/08/2024 12:45;ESTRADA BR 146 [FAZENDA MUMBUCA 35 KM PASSOS], Nº S/N - PASSOS;-209.620.287;-465.412.754;P02011 - VISTORIA EM ENXAME DE INSETOS (C) (Prioridade: 2 - Média);1CIA IND/2CIA/1PEL(PASSOS);;Não;Não;Não;SOLICITANTE NÃO ENCONTRADO;Classificada;30/08/2024 18:49;Não
2024-35253271-9;(BM) 2024-039041678-001;30/08/2024 13:12;RUA BOTELHOS, Nº 1195 - NOSSA SENHORA DE FATIMA - PASSOS;-20.697.445;-466.118.328;P01001 - VISTORIA DE FISCALIZACAO (C) (Prioridade: 2 - Média);1CIA IND/2CIA/1PEL(PASSOS);TPO00155;Não;Não;Não;BOLETIM DE OCORRENCIA;Classificada;31/08/2024 08:11;Não
2024-35253422-2;(BM) 2024-039043532-001;30/08/2024 13:27;RUA MARCOS ANTONIO P LEMOS, Nº 85 - NOVA PASSOS - PASSOS;-207.028.316;-466.346.888;P01001 - VISTORIA DE FISCALIZACAO (C) (Prioridade: 2 - Média);1CIA IND/2CIA/PEL PREV E VIST(PASSOS);APF01362;Não;Não;Não;BOLETIM DE OCORRENCIA;Classificada;31/08/2024 08:11;Não
2024-35253632-5;(BM) 2024-039089700-001;30/08/2024 13:44;PORTO DE AREIA PRIMO - BAIRRO RURAL TRES ILHAS - ALAN, Nº S/N - PASSOS;-206.500.485;-465.616.977;O04008 - INCENDIO EM AREA RURAL NAO PROTEGIDA (C) (Prioridade: 2 - Média);1CIA IND/2CIA/1PEL(PASSOS);ABTS00495;Não;Não;Não;BOLETIM DE OCORRENCIA;Classificada;31/08/2024 08:11;Não
2024-35254331-4;;30/08/2024 14:31;FAZENDA ENGENHO VELHO, Nº S/N - ITAU DE MINAS;-2.077.003;-467.983.075;O04008 - INCENDIO EM AREA RURAL NAO PROTEGIDA (C) (Prioridade: 2 - Média);1CIA IND/2CIA/1PEL(PASSOS);;Não;Não;Não;DISPENSADA PELO SOLICITANTE;Classificada;30/08/2024 18:05;Não
2024-35255164-0;(BM) 2024-039163646-001;30/08/2024 15:17;RUA CANJERANUS, Nº S/N - CANJERANUS - PASSOS;-207.089.894;-466.069.659;P02002 - VISTORIA EM RISCO DE QUEDA DE ARVORE (C) (Prioridade: 2 - Média);1CIA IND/2CIA/1PEL(PASSOS);ABTS00495;Não;Não;Não;BOLETIM DE OCORRENCIA;Classificada;31/08/2024 08:11;Não
2024-35261575-9;(BM) 2024-039130765-001;30/08/2024 22:13;RUA GOIAS, Nº 11 - POLIVALENTE - PASSOS;-207.050.563;-466.071.122;W04000 - NADA CONSTATADO (C) (Prioridade: 3 - Baixa);1CIA IND/2CIA/1PEL(PASSOS);ABTS00495;Não;Não;Não;BOLETIM DE OCORRENCIA;Classificada;31/08/2024 08:10;Não
2024-35261875-2;(BM) 2024-039136095-001;30/08/2024 22:31;RUA JULIA BORSARI CARDOSO, Nº 40 - NOVA PASSOS II - PASSOS;-206.985.087;-466.336.106;O04011 - INCENDIO EM AREA URBANA NAO PROTEGIDA (C) (Prioridade: 2 - Média);1CIA IND/2CIA/1PEL(PASSOS);ABTS00495;Não;Não;Não;BOLETIM DE OCORRENCIA;Classificada;31/08/2024 08:11;Não
2024-35264529-8;(BM) 2024-039154570-001;31/08/2024 01:57;RUA TOCANTINS, Nº 557 - NOSSA SENHORA APARECIDA - PASSOS;-207.453.655;-466.080.343;V03005 - VITIMA DE AGRESSAO FISICA SEM USO DE ARMA (C) (Prioridade: 1 - Alta);1CIA IND/2CIA/1PEL(PASSOS);UR04360;Não;Não;Não;BOLETIM DE OCORRENCIA;Classificada;31/08/2024 08:12;Não
2024-35265999-7;(BM) 2024-039170319-001;31/08/2024 07:25;RUA SETE DE SETEMBRO, Nº 1075 - CENTRO - PASSOS;;;V02407 - VITIMA DE COLISAO ENTRE AUTOMOVEL X BICICLETA (C) (Prioridade: 1 - Alta);1CIA IND/2CIA/1PEL(PASSOS);UR04360;Não;Não;Não;BOLETIM DE OCORRENCIA;Classificada;31/08/2024 12:33;Não
2024-35266901-8;(BM) 2024-039229741-001;31/08/2024 09:27;RUA DOUTOR CARVALHO, Nº 1455 - NOSSA SENHORA DAS GRAÇAS - PASSOS;-207.352.269;-466.037.303;Q03001 - TREINAMENTO DE COMBATE A INCENDIO (C) (Prioridade: 2 - Média);1CIA IND/2CIA/1PEL(PASSOS);BM1549807;Não;Não;Não;BOLETIM DE OCORRENCIA;Classificada;01/09/2024 07:19;Não
2024-35268149-9;(BM) 2024-039228330-001;31/08/2024 11:53;RUA NOSSO SENHOR PASSOS, Nº S/N - VILA SAO JOSE - PASSOS;-207.046.303;-466.399.042;P02003 - VISTORIA EM LOTE VAGO (C) (Prioridade: 2 - Média);1CIA IND/2CIA/1PEL(PASSOS);ASL06087;Não;Não;Não;BOLETIM DE OCORRENCIA;Classificada;01/09/2024 07:19;Não
2024-35269607-7;(BM) 2024-039288830-001;31/08/2024 14:27;RUA LEAO, Nº 470 - SERRA VERDE - PASSOS;-207.400.636;-465.931.522;O04011 - INCENDIO EM AREA URBANA NAO PROTEGIDA (C) (Prioridade: 2 - Média);1CIA IND/2CIA/1PEL(PASSOS);ABTS00495;Não;Não;Não;BOLETIM DE OCORRENCIA;Classificada;01/09/2024 07:19;Não
2024-35270498-0;(BM) 2024-039228418-001;31/08/2024 15:26;SITIO BOA ESPERANÇA - SAO JOAO BATISTA GLORIA;;;O04013 - INCENDIO EM PASTO (C) (Prioridade: 2 - Média);1CIA IND/2CIA/1PEL(PASSOS);ABTS00495;Não;Não;Não;BOLETIM DE OCORRENCIA;Classificada;01/09/2024 07:19;Não
2024-35273298-8;(BM) 2024-039229388-001;31/08/2024 18:36;RUA IMACULADA CONCEICAO, Nº 1402 - COHAB 5 - PASSOS;-20.722.079;-466.372.144;V01018 - VITIMA DE MAL NAO DEFINIDO (DISTURBIO) (C) (Prioridade: 1 - Alta);1CIA IND/2CIA/1PEL(PASSOS);UR04360;Não;Não;Não;BOLETIM DE OCORRENCIA;Classificada;01/09/2024 07:19;Não
2024-35273354-7;(BM) 2024-039229319-001;31/08/2024 18:39;RUA ADOLFO PORTO SOBRINHO, Nº S/N - coimbras - PASSOS;;;P02003 - VISTORIA EM LOTE VAGO (C) (Prioridade: 2 - Média);1CIA IND/2CIA/1PEL(PASSOS);ASL06087;Não;Não;Não;BOLETIM DE OCORRENCIA;Classificada;01/09/2024 07:19;Não
2024-35273756-0;(BM) 2024-039232717-001;31/08/2024 19:07;RUA ADOLFO PORTO SOBRINHO, Nº S/N - COIMBRAS - PASSOS;;;P02003 - VISTORIA EM LOTE VAGO (C) (Prioridade: 2 - Média);1CIA IND/2CIA/1PEL(PASSOS);ASL06087;Não;Não;Não;BOLETIM DE OCORRENCIA;Classificada;01/09/2024 07:19;Não
2024-35275156-4;(BM) 2024-039251648-001;31/08/2024 20:34;ESTRADA PRINCIPAL LINHA BANANAL, Nº S/N - PASSOS;-20.651.944;-46.789.444;O04013 - INCENDIO EM PASTO (C) (Prioridade: 2 - Média);1CIA IND/2CIA/1PEL(PASSOS);ABTS00495;Não;Não;Não;BOLETIM DE OCORRENCIA;Classificada;01/09/2024 07:19;Não
2024-35278346-6;(BM) 2024-039288765-001;31/08/2024 23:47;RUA BELA VISTA, Nº 289 - SAO FRANCISCO - PASSOS;-207.264.061;-466.198.964;V01008 - VITIMA COM DOR ABDOMINAL (ABDOME AGUDO) (C) (Prioridade: 1 - Alta);1CIA IND/2CIA/1PEL(PASSOS);UR04360;Não;Não;Não;BOLETIM DE OCORRENCIA;Classificada;01/09/2024 07:19;Não
