Nº chamada;Nº REDS;Data/hora de criação;Local do fato;Latitude  do local;Longitude do local;Natureza;Unidade Responsável;Recursos empenhados;Alerta;Destaque;Envolve autoridade;Tipo de classificação;Situação;Data/hora da situação atual;Evento associado
2024-34309811-4;(BM) 2024-029504595-001;01/07/2024 03:07;RUA BOTELHOS, Nº 1241 - NOSSA SENHORA DE FATIMA - PASSOS;-206.970.193;-466.119.284;V01006 - VITIMA COM DIFICULDADE DE LOCOMOCAO (C) (Prioridade: 1 - Alta);1CIA IND/2CIA/1PEL(PASSOS);UR00565;Não;Não;Não;BOLETIM DE OCORRENCIA;Classificada;01/07/2024 12:47;Não
2024-34310003-7;;01/07/2024 04:38;RUA TRES CORACOES, Nº 1101 - EXPOSICAO - PASSOS;-207.322.902;-466.071.032;W03000 - SOLICITANTE ENCONTRADO - PROVIDENCIA DISPENSADA (C) (Prioridade: 3 - Baixa);1CIA IND/2CIA/1PEL(PASSOS);;Não;Não;Não;DISPENSADA PELO SOLICITANTE;Classificada;01/07/2024 04:59;Não
2024-34310229-0;(BM) 2024-029504632-001;01/07/2024 06:08;RUA TRES CORACOES, Nº 1102 - EXPOSICAO - PASSOS;-207.321.708;-466.074.675;V01010 - VITIMA COM DOR TORACICA/SUSPEITA DE INFARTO (IAM) (C) (Prioridade: 1 - Alta);1CIA IND/2CIA/1PEL(PASSOS);UR00565;Não;Não;Não;BOLETIM DE OCORRENCIA;Classificada;01/07/2024 12:47;Não
2024-34310249-7;(PM) 2024-029466036-001;01/07/2024 06:30;RUA JEQUITIBA, Nº 321 - PARQUE TROPICAL - PASSOS;-207.196.502;-466.410.294;W98011 - SOLICITACAO DE APOIO (C) (Prioridade: 1 - Alta);1CIA IND/2CIA/1PEL(PASSOS);;Não;Não;Não;ATENDIDA PELO SAMU;Classificada;01/07/2024 07:27;Não
2024-34311123-4;(BM) 2024-029486591-001;01/07/2024 08:27;FAZENDA SANTA RITA, Nº S/N - IBIRACI;-203.985.319;-471.079.953;P01002 - VISTORIA DE LIBERACAO / EMISSAO DE AVCB (C) (Prioridade: 2 - Média);1CIA IND/2CIA/1PEL(PASSOS);ASL06087;Não;Não;Não;BOLETIM DE OCORRENCIA;Classificada;03/07/2024 06:16;Não
2024-34313179-0;(BM) 2024-029504751-001;01/07/2024 11:38;RUA BOCAIUVA, Nº S/N - COHAB 2 - PASSOS;-207.144.354;-466.266.684;P02003 - VISTORIA EM LOTE VAGO (C) (Prioridade: 2 - Média);1CIA IND/2CIA/1PEL(PASSOS);ABTS00495;Não;Não;Não;BOLETIM DE OCORRENCIA;Classificada;03/07/2024 06:16;Não
2024-34313316-9;(BM) 2024-029502568-001;01/07/2024 11:50;PRACA RAUL SOARES, Nº 47 - IBIRACI;-204.622.916;-47.122.736;P01002 - VISTORIA DE LIBERACAO / EMISSAO DE AVCB (C) (Prioridade: 2 - Média);1CIA IND/2CIA/1PEL(PASSOS);ASL06087;Não;Não;Não;BOLETIM DE OCORRENCIA;Classificada;03/07/2024 06:16;Não
2024-34313423-9;(BM) 2024-029501037-001;01/07/2024 12:04;RUA CAVALARICA, Nº 2168 - SERRA VERDE - BELO HORIZONTE;-197.869.746;-439.496.369;X03000 - EMPENHO ADMINISTRATIVO (C) (Prioridade: 2 - Média);1CIA IND/2CIA/PEL PREV E VIST(PASSOS);APF01362;Não;Não;Não;BOLETIM DE OCORRENCIA;Classificada;03/07/2024 06:16;Não
2024-34313428-2;(BM) 2024-029504645-001;01/07/2024 12:07;RUA BOCAIUVA, Nº S/N - COHAB 2 - PASSOS;-207.144.354;-466.266.684;P02003 - VISTORIA EM LOTE VAGO (C) (Prioridade: 2 - Média);1CIA IND/2CIA/1PEL(PASSOS);ABTS00495;Não;Não;Não;BOLETIM DE OCORRENCIA;Classificada;03/07/2024 06:17;Não
2024-34313577-2;(BM) 2024-029502583-001;01/07/2024 12:23;RUA BARAO DO RIO BRANCO, Nº 203 - IPIRANGA - IBIRACI;-204.658.535;-471.285.019;P01001 - VISTORIA DE FISCALIZACAO (C) (Prioridade: 2 - Média);1CIA IND/2CIA/1PEL(PASSOS);ASL06087;Não;Não;Não;BOLETIM DE OCORRENCIA;Classificada;02/07/2024 05:45;Não
2024-34313685-5;(BM) 2024-029503757-001;01/07/2024 12:36;AVENIDA CESAR JORGE ELIAS, Nº 212 - CENTRO - IBIRACI;-204.650.199;-471.243.701;P01001 - VISTORIA DE FISCALIZACAO (C) (Prioridade: 2 - Média);1CIA IND/2CIA/1PEL(PASSOS);ASL06087;Não;Não;Não;BOLETIM DE OCORRENCIA;Classificada;03/07/2024 06:17;Não
2024-34313846-2;(BM) 2024-029505401-001;01/07/2024 12:55;AVENIDA CESAR JORGE ELIAS, Nº 600 - CENTRO - IBIRACI;-204.645.766;-471.218.074;P01001 - VISTORIA DE FISCALIZACAO (C) (Prioridade: 2 - Média);1CIA IND/2CIA/1PEL(PASSOS);ASL06087;Não;Não;Não;BOLETIM DE OCORRENCIA;Classificada;03/07/2024 06:17;Não
2024-34314620-5;(BM) 2024-029513605-001;01/07/2024 13:56;AVENIDA ANTONIO LEMOS, Nº 689 - PATRIMONIO - CASSIA;-205.707.037;-469.295.108;P01002 - VISTORIA DE LIBERACAO / EMISSAO DE AVCB (C) (Prioridade: 2 - Média);1CIA IND/2CIA/1PEL(PASSOS);ASL06087;Não;Não;Não;BOLETIM DE OCORRENCIA;Classificada;03/07/2024 06:17;Não
2024-34318873-2;(BM) 2024-029565930-001;01/07/2024 17:55;AVENIDA CHICO XAVIER, Nº S/N - JARDIM PLANALTO - PASSOS;-207.197.803;-466.285.997;P02003 - VISTORIA EM LOTE VAGO (C) (Prioridade: 2 - Média);1CIA IND/2CIA/1PEL(PASSOS);ASL06087;Não;Não;Não;BOLETIM DE OCORRENCIA;Classificada;03/07/2024 06:17;Não
2024-34321071-9;(BM) 2024-029589093-001;01/07/2024 20:23;RUA BETA, Nº S/N - JARDIM SATELITE - PASSOS;-207.120.004;-466.192.731;S06002 - CAPTURA DE ANIMAL SILVESTRE PERIGOSO / AGRESSIVO (C) (Prioridade: 2 - Média);1CIA IND/2CIA/1PEL(PASSOS);ASL06087;Não;Não;Não;BOLETIM DE OCORRENCIA;Classificada;03/07/2024 06:17;Não
2024-34324935-2;;02/07/2024 05:04;RUA LARGO SAO JOSE, Nº S/N - CALIFORNIA - PASSOS;-207.063.559;-466.141.388;O02001 - INCENDIO EM RESIDENCIA/HABITACAO UNIFAMILIAR (CASA) (C) (Prioridade: 1 - Alta);1CIA IND/2CIA/1PEL(PASSOS);;Não;Não;Não;DISPENSADA PELO SOLICITANTE;Classificada;02/07/2024 05:08;Não
2024-34325206-8;(BM) 2024-029633903-001;02/07/2024 06:57;AVENIDA PAULO ESPER PIMENTA, Nº 151 - PANORAMA - PASSOS;-207.092.421;-466.125.297;O04011 - INCENDIO EM AREA URBANA NAO PROTEGIDA (C) (Prioridade: 2 - Média);1CIA IND/2CIA/1PEL(PASSOS);ABTS00495;Não;Não;Não;BOLETIM DE OCORRENCIA;Classificada;03/07/2024 06:17;Não
2024-34326380-0;(BM) 2024-029645193-001;02/07/2024 09:17;AVENIDA JK, Nº 820 - BELO HORIZONTE - PASSOS;-207.269.953;-466.014.356;V01001 - VITIMA DE ACIDENTE VASCULAR CEREBRAL (AVC) (C) (Prioridade: 1 - Alta);1CIA IND/2CIA/1PEL(PASSOS);UR00565;Não;Não;Não;BOLETIM DE OCORRENCIA;Classificada;03/07/2024 08:06;Não
2024-34326634-7;(PM) 2024-029661731-001;02/07/2024 09:42;RUA GONCALVES DIAS, Nº 209 - CENTRO - PASSOS;-207.172.116;-466.067.703;W98011 - SOLICITACAO DE APOIO (C) (Prioridade: 1 - Alta);1CIA IND/2CIA/1PEL(PASSOS);;Não;Não;Não;CANCELADA PELO COORDENADOR DO COBOM;Classificada;02/07/2024 17:51;Não
2024-34326682-0;(BM) 2024-029659197-001;02/07/2024 09:48;RUA DOUTOR CARVALHO, Nº 1455 - NOSSA SENHORA DAS GRAÇAS - PASSOS;-207.352.269;-466.037.303;Q03017 - TREINAMENTO DE PRIMEIROS SOCORROS (C) (Prioridade: 2 - Média);1CIA IND/2CIA/1PEL(PASSOS);BM1272152;Não;Não;Não;BOLETIM DE OCORRENCIA;Classificada;03/07/2024 08:06;Não
2024-34327151-9;(BM) 2024-029656243-001;02/07/2024 10:28;RODOVIA MG 050, Nº S/N - PASSOS;-207.372.242;-466.331.087;V02502 - VITIMA DE QUEDA (MOTOCICLISTA) (C) (Prioridade: 1 - Alta);1CIA IND/2CIA/1PEL(PASSOS);UR00565;Não;Não;Não;BOLETIM DE OCORRENCIA;Classificada;03/07/2024 08:06;Não
2024-34328179-3;(BM) 2024-029669493-001;02/07/2024 12:05;RUA JASPE, Nº 179 - ACLIMACAO - PASSOS;-207.521.155;-466.004.675;V01018 - VITIMA DE MAL NAO DEFINIDO (DISTURBIO) (C) (Prioridade: 1 - Alta);1CIA IND/2CIA/1PEL(PASSOS);UR00565;Não;Não;Não;BOLETIM DE OCORRENCIA;Classificada;03/07/2024 08:06;Não
2024-34328782-5;(BM) 2024-029675096-001;02/07/2024 13:08;RUA PORTUGAL, Nº 37 - NOVO MUNDO - PASSOS;-207.282.414;-465.927.362;P01001 - VISTORIA DE FISCALIZACAO (C) (Prioridade: 2 - Média);1CIA IND/2CIA/1PEL(PASSOS);TPO00155;Não;Não;Não;BOLETIM DE OCORRENCIA;Classificada;03/07/2024 08:06;Não
2024-34328846-6;(BM) 2024-029675882-001;02/07/2024 13:17;RUA AREADO, Nº S/N - NOSSA SENHORA DE FATIMA - PASSOS;-207.037.454;-466.123.879;P02003 - VISTORIA EM LOTE VAGO (C) (Prioridade: 2 - Média);1CIA IND/2CIA/1PEL(PASSOS);ASL06087;Não;Não;Não;BOLETIM DE OCORRENCIA;Classificada;03/07/2024 08:06;Não
2024-34329011-0;(BM) 2024-029677490-001;02/07/2024 13:30;RUA MUZAMBINHO, Nº S/N - NOSSA SENHORA DE FATIMA - PASSOS;-206.984.606;-46.613.406;P02003 - VISTORIA EM LOTE VAGO (C) (Prioridade: 2 - Média);1CIA IND/2CIA/1PEL(PASSOS);ASL06087;Não;Não;Não;BOLETIM DE OCORRENCIA;Classificada;03/07/2024 08:06;Não
2024-34329178-6;(BM) 2024-029679235-001;02/07/2024 13:42;RUA CAMPOS ALTOS, Nº S/N - JARDIM ELAINE - PASSOS;-20.695.635;-466.144.685;P02003 - VISTORIA EM LOTE VAGO (C) (Prioridade: 2 - Média);1CIA IND/2CIA/1PEL(PASSOS);ASL06087;Não;Não;Não;BOLETIM DE OCORRENCIA;Classificada;03/07/2024 08:06;Não
2024-34329209-8;(BM) 2024-029679733-001;02/07/2024 13:44;RUA AQUARIO, Nº 20 - SERRA VERDE - PASSOS;-207.403.804;-465.957.656;P01001 - VISTORIA DE FISCALIZACAO (C) (Prioridade: 2 - Média);1CIA IND/2CIA/1PEL(PASSOS);TPO00155;Não;Não;Não;BOLETIM DE OCORRENCIA;Classificada;03/07/2024 08:06;Não
2024-34330036-9;(BM) 2024-029689557-001;02/07/2024 14:34;RUA DIAMANTINA, Nº S/N - PASSOS;;;P03999 - OUTROS TIPOS DE PCI / PCA   (C) (Prioridade: 2 - Média);1CIA IND/2CIA/1PEL(PASSOS);ASL06087;Não;Não;Não;BOLETIM DE OCORRENCIA;Classificada;03/07/2024 08:06;Não
2024-34330561-9;(BM) 2024-029697735-001;02/07/2024 15:00;AVENIDA AROUCA, Nº 147 - CENTRO - PASSOS;-20.715.326;-466.091.229;V01018 - VITIMA DE MAL NAO DEFINIDO (DISTURBIO) (C) (Prioridade: 1 - Alta);1CIA IND/2CIA/1PEL(PASSOS);UR00565;Não;Não;Não;BOLETIM DE OCORRENCIA;Classificada;03/07/2024 08:06;Não
2024-34336399-5;(BM) 2024-029767237-002 / (PM) 2024-029767237-001;02/07/2024 20:53;RUA ADONIRA MARIA DE JESUS, Nº 68 - PASSOS;-206.985.999;-466.208.851;A03000 - AUTO EXTERMINIO (SUICIDIO) (C) (Prioridade: 1 - Alta);1CIA IND/2CIA/1PEL(PASSOS);UR00565;Não;Não;Não;BOLETIM DE OCORRENCIA;Classificada;03/07/2024 08:06;Não
2024-34337695-3;(BM) 2024-029778462-001;02/07/2024 22:23;AVENIDA MONTESE, Nº 700 - RECANTO DEL REI - PASSOS;-207.301.565;-465.969.571;O04012 - INCENDIO EM LOTE VAGO (AREA URBANA) (C) (Prioridade: 2 - Média);1CIA IND/2CIA/1PEL(PASSOS);ABTS00495;Não;Não;Não;BOLETIM DE OCORRENCIA;Classificada;03/07/2024 08:06;Não
2024-34338951-7;(BM) 2024-029793761-001;03/07/2024 00:02;RUA FRANCISCO DONABELLA, Nº 88 - NOVA PASSOS - PASSOS;-207.037.603;-466.345.513;V01022 - VITIMA PARTURIENTE / EMERGENCIAS OBSTETRICAS (C) (Prioridade: 1 - Alta);1CIA IND/2CIA/1PEL(PASSOS);UR00565;Não;Não;Não;BOLETIM DE OCORRENCIA;Classificada;03/07/2024 08:07;Não
2024-34339808-9;(BM) 2024-029797340-001;03/07/2024 02:07;RUA PINTASSILGO, Nº 441 - PARQUE DA FAZENDA - PASSOS;-207.380.641;-466.088.121;V01003 - VITIMA COM CRISE CONVULSIVA (C) (Prioridade: 1 - Alta);1CIA IND/2CIA/1PEL(PASSOS);UR00565;Não;Não;Não;BOLETIM DE OCORRENCIA;Classificada;03/07/2024 08:07;Não
2024-34341623-6;(BM) 2024-029813539-001;03/07/2024 08:48;AVENIDA NACOES, Nº S/N - VILA RICA - PASSOS;-207.276.808;-46.600.861;P02003 - VISTORIA EM LOTE VAGO (C) (Prioridade: 2 - Média);1CIA IND/2CIA/1PEL(PASSOS);ASL06087;Não;Não;Não;BOLETIM DE OCORRENCIA;Classificada;04/07/2024 08:00;Não
2024-34341698-5;(BM) 2024-029814834-001;03/07/2024 08:57;AVENIDA RONDON PACHECO, Nº S/N - ACAMPAMENTO - CARMO DO RIO CLARO;-209.719.396;-461.382.727;P01002 - VISTORIA DE LIBERACAO / EMISSAO DE AVCB (C) (Prioridade: 2 - Média);1CIA IND/2CIA/PEL PREV E VIST(PASSOS);APF01362;Não;Não;Não;BOLETIM DE OCORRENCIA;Classificada;04/07/2024 08:00;Não
2024-34341721-5;(BM) 2024-029814925-001;03/07/2024 08:59;AVENIDA NACOES, Nº S/N - VILA RICA - PASSOS;-207.276.808;-46.600.861;P02003 - VISTORIA EM LOTE VAGO (C) (Prioridade: 2 - Média);1CIA IND/2CIA/1PEL(PASSOS);ASL06087;Não;Não;Não;BOLETIM DE OCORRENCIA;Classificada;04/07/2024 08:00;Não
2024-34341853-6;(BM) 2024-029816244-001;03/07/2024 09:09;AVENIDA NACOES, Nº S/N - VILA RICA - PASSOS;-207.276.808;-46.600.861;P02003 - VISTORIA EM LOTE VAGO (C) (Prioridade: 2 - Média);1CIA IND/2CIA/1PEL(PASSOS);ASL06087;Não;Não;Não;BOLETIM DE OCORRENCIA;Classificada;04/07/2024 08:00;Não
2024-34341955-6;(BM) 2024-029817509-001;03/07/2024 09:19;AVENIDA NACOES, Nº S/N - VILA RICA - PASSOS;-207.276.808;-46.600.861;P02003 - VISTORIA EM LOTE VAGO (C) (Prioridade: 2 - Média);1CIA IND/2CIA/1PEL(PASSOS);ASL06087;Não;Não;Não;BOLETIM DE OCORRENCIA;Classificada;04/07/2024 08:00;Não
2024-34342036-6;(BM) 2024-029818804-001;03/07/2024 09:29;AVENIDA NACOES, Nº S/N - VILA RICA - PASSOS;-207.276.808;-46.600.861;P02003 - VISTORIA EM LOTE VAGO (C) (Prioridade: 2 - Média);1CIA IND/2CIA/1PEL(PASSOS);ASL06087;Não;Não;Não;BOLETIM DE OCORRENCIA;Classificada;04/07/2024 08:00;Não
2024-34342084-9;(BM) 2024-029819248-001;03/07/2024 09:31;RUA DOUTOR CARVALHO, Nº 1455 - NOSSA SENHORA DAS GRAÇAS - PASSOS;-207.352.269;-466.037.303;Q03017 - TREINAMENTO DE PRIMEIROS SOCORROS (C) (Prioridade: 2 - Média);1CIA IND/2CIA/1PEL(PASSOS);BM1787076;Não;Não;Não;BOLETIM DE OCORRENCIA;Classificada;04/07/2024 08:00;Não
2024-34342216-8;(BM) 2024-029820976-001;03/07/2024 09:43;RODOVIA MG 050, Nº S/N - PASSOS;-207.372.242;-466.331.087;X03000 - EMPENHO ADMINISTRATIVO (C) (Prioridade: 2 - Média);1CIA IND/2CIA/1PEL(PASSOS);ASL06087;Não;Não;Não;BOLETIM DE OCORRENCIA;Classificada;04/07/2024 08:00;Não
2024-34342980-9;(BM) 2024-029830969-001;03/07/2024 10:51;RUA GENARO JOELE, Nº S/N - DISTRITO INDUSTRIAL 1 - PASSOS;-207.077.909;-465.937.146;P02001 - VISTORIA EM HIDRANTE (C) (Prioridade: 2 - Média);1CIA IND/2CIA/1PEL(PASSOS);ASL06087;Não;Não;Não;BOLETIM DE OCORRENCIA;Classificada;04/07/2024 08:00;Não
2024-34343734-8;(BM) 2024-029840886-001;03/07/2024 11:57;RODOVIA PASSOS / GLORIA, Nº S/N - PASSOS;-20.700.737;-46.586.887;V03019 - VITIMA DE QUEDA DE ALTURA (C) (Prioridade: 1 - Alta);1CIA IND/2CIA/1PEL(PASSOS);UR00565;Não;Não;Não;BOLETIM DE OCORRENCIA;Classificada;04/07/2024 08:02;Não
2024-34344068-3;(BM) 2024-029869888-001;03/07/2024 12:36;AVENIDA RONDON PACHECO, Nº 975 - CARMO DO RIO CLARO;-209.723.523;-461.358.508;P01001 - VISTORIA DE FISCALIZACAO (C) (Prioridade: 2 - Média);1CIA IND/2CIA/PEL PREV E VIST(PASSOS);APF01362;Não;Não;Não;BOLETIM DE OCORRENCIA;Classificada;04/07/2024 08:00;Não
2024-34344419-6;(BM) 2024-029847520-001;03/07/2024 13:09;RODOVIARIA MG 184, Nº S/N - CARMO DO RIO CLARO;-209.719.639;-461.391.345;P01001 - VISTORIA DE FISCALIZACAO (C) (Prioridade: 2 - Média);1CIA IND/2CIA/PEL PREV E VIST(PASSOS);APF01362;Não;Não;Não;BOLETIM DE OCORRENCIA;Classificada;04/07/2024 08:00;Não
2024-34344520-0;(BM) 2024-029851607-001;03/07/2024 13:17;AVENIDA DOUTOR BRENO SOARES MAIA, Nº 681 - NOVO HORIZONTE - PASSOS;-207.325.673;-466.028.408;Q02007 - PALESTRA DE PREVENCAO E COMBATE A INCENDIO E PANICO (PCIP) (C) (Prioridade: 2 - Média);1CIA IND/2CIA/PEL PREV E VIST(PASSOS);APF01362;Não;Não;Não;BOLETIM DE OCORRENCIA;Classificada;04/07/2024 08:01;Não
2024-34344792-0;(BM) 2024-029856575-001;03/07/2024 13:38;RODOVIA MG 050, Nº S/N - PASSOS;-207.372.242;-466.331.087;S06001 - SALVAMENTO DE ANIMAL EM RISCO / PERIGO (C) (Prioridade: 2 - Média);1CIA IND/2CIA/1PEL(PASSOS);ASL06087;Não;Não;Não;BOLETIM DE OCORRENCIA;Classificada;04/07/2024 08:01;Não
2024-34344823-1;;03/07/2024 13:40;AVENIDA PROFESSORA MAGDA PINTO AMARANTE, Nº 647 - JARDIM DAS HORTENCIAS - POCOS DE CALDAS;;;S04020 - PESSOA OU ANIMAL PRESO NO INTERIOR DO VEICULO (C) (Prioridade: 1 - Alta);1CIA IND (POCOS DE CALDAS);;Não;Não;Não;DISPENSADA PELO SOLICITANTE;Classificada;03/07/2024 13:48;Não
2024-34345179-0;(BM) 2024-029861433-001;03/07/2024 14:10;RUA JOAQUIM LEMOS MAIA, Nº S/N - NOVA PASSOS - PASSOS;-207.049.601;-466.378.431;O04007 - INCENDIO EM PROPRIEDADE RURAL PARTICULAR (C) (Prioridade: 2 - Média);1CIA IND/2CIA/1PEL(PASSOS);ABTS00495;Não;Não;Não;BOLETIM DE OCORRENCIA;Classificada;04/07/2024 08:01;Não
2024-34345212-3;(BM) 2024-029861160-001;03/07/2024 14:11;RUA IMPERIAL, Nº 141 - RESIDENCIAL PORTAL DAS PALMEIRAS - PASSOS;-206.981.892;-46.608.467;O04012 - INCENDIO EM LOTE VAGO (AREA URBANA) (C) (Prioridade: 2 - Média);1CIA IND/2CIA/1PEL(PASSOS);ABTS00495;Não;Não;Não;BOLETIM DE OCORRENCIA;Classificada;04/07/2024 08:02;Não
2024-34348395-1;;03/07/2024 17:13;RUA DIVINOPOLIS, Nº 78 - PRIMAVERA I - PASSOS;;;O02001 - INCENDIO EM RESIDENCIA/HABITACAO UNIFAMILIAR (CASA) (C) (Prioridade: 1 - Alta);1CIA IND/2CIA/1PEL(PASSOS);ABTS00495 / ASL06087;Não;Não;Não;DISPENSADA PELO SOLICITANTE;Classificada;03/07/2024 17:46;Não
2024-34348583-1;(BM) 2024-029897738-001;03/07/2024 17:23;AVENIDA RONDON PACHECO, Nº 850 - CARMO DO RIO CLARO;-209.720.459;-461.371.982;P01001 - VISTORIA DE FISCALIZACAO (C) (Prioridade: 2 - Média);1CIA IND/2CIA/PEL PREV E VIST(PASSOS);APF01362;Não;Não;Não;BOLETIM DE OCORRENCIA;Classificada;04/07/2024 08:02;Não
2024-34349091-2;(BM) 2024-029902983-001;03/07/2024 17:56;AVENIDA RONDON PACHECO, Nº 850 - CARMO DO RIO CLARO;-209.720.459;-461.371.982;P01001 - VISTORIA DE FISCALIZACAO (C) (Prioridade: 2 - Média);1CIA IND/2CIA/PEL PREV E VIST(PASSOS);APF01362;Não;Não;Não;BOLETIM DE OCORRENCIA;Classificada;04/07/2024 08:02;Não
2024-34350095-0;(BM) 2024-029920070-001;03/07/2024 19:00;AVENIDA JUCA STOCKLER, Nº S/N - NOVO HORIZONTE - PASSOS;-207.366.397;-466.024.583;V02408 - VITIMA DE COLISAO ENTRE AUTOMOVEL X MOTOCICLETA (C) (Prioridade: 1 - Alta);1CIA IND/2CIA/1PEL(PASSOS);UR00565;Não;Não;Não;BOLETIM DE OCORRENCIA;Classificada;04/07/2024 08:03;Não
2024-34355905-6;(BM) 2024-029971303-001;04/07/2024 06:47;RUA VEREADOR OTACILIO BALDINI, Nº 130 - COHAB 4 - PASSOS;-207.217.828;-466.336.106;S07001 - VAZAMENTO DE GLP/GAS NATURAL (COZINHA) (C) (Prioridade: 1 - Alta);1CIA IND/2CIA/1PEL(PASSOS);ABTS00495;Não;Não;Não;BOLETIM DE OCORRENCIA;Classificada;04/07/2024 10:12;Não
2024-34356257-3;;04/07/2024 07:40;RUA COIMBRAS, Nº 1045 - NOSSA SENHORA DE LOURDES - PASSOS;-206.990.873;-466.163.556;W98011 - SOLICITACAO DE APOIO (C) (Prioridade: 1 - Alta);1CIA IND/2CIA/1PEL(PASSOS);;Não;Não;Não;ATENDIDA PELO SAMU;Classificada;04/07/2024 08:27;Não
2024-34356455-7;(BM) 2024-029979143-001;04/07/2024 08:06;RUA IPIRANGA, Nº 341 - VILA RICA - PASSOS;-207.271.801;-465.973.444;S06002 - CAPTURA DE ANIMAL SILVESTRE PERIGOSO / AGRESSIVO (C) (Prioridade: 2 - Média);1CIA IND/2CIA/1PEL(PASSOS);ASL06087;Não;Não;Não;BOLETIM DE OCORRENCIA;Classificada;05/07/2024 06:21;Não
2024-34356830-4;(BM) 2024-029981114-001;04/07/2024 08:42;AVENIDA CHAFARIZ, Nº 672 - CASARAO - PASSOS;-207.191.727;-465.874.751;V01006 - VITIMA COM DIFICULDADE DE LOCOMOCAO (C) (Prioridade: 1 - Alta);1CIA IND/2CIA/1PEL(PASSOS);UR00565;Não;Não;Não;BOLETIM DE OCORRENCIA;Classificada;05/07/2024 06:20;Não
2024-34358224-5;(BM) 2024-029997041-001;04/07/2024 10:51;RUA PICA PAU, Nº 222 - PASSOS;-207.378.743;-466.076.074;P01001 - VISTORIA DE FISCALIZACAO (C) (Prioridade: 2 - Média);1CIA IND/2CIA/PEL PREV E VIST(PASSOS);APF01362;Não;Não;Não;BOLETIM DE OCORRENCIA;Classificada;05/07/2024 06:21;Não
2024-34358468-0;(BM) 2024-030001079-001;04/07/2024 11:12;RUA TENENTE VASCONCELOS, Nº 676 - CARMELO - PASSOS;-207.136.743;-466.066.457;V02408 - VITIMA DE COLISAO ENTRE AUTOMOVEL X MOTOCICLETA (C) (Prioridade: 1 - Alta);1CIA IND/2CIA/1PEL(PASSOS);UR00565;Não;Não;Não;BOLETIM DE OCORRENCIA;Classificada;05/07/2024 06:20;Não
2024-34358626-9;(BM) 2024-030002230-001;04/07/2024 11:23;AVENIDA COMENDADOR FRANCISCO A MAIA, Nº 4050 - EXPOSICAO - PASSOS;-207.333.293;-466.060.067;P01001 - VISTORIA DE FISCALIZACAO (C) (Prioridade: 2 - Média);1CIA IND/2CIA/PEL PREV E VIST(PASSOS);APF01362;Não;Não;Não;BOLETIM DE OCORRENCIA;Classificada;05/07/2024 06:21;Não
2024-34359023-9;(BM) 2024-030006792-001;04/07/2024 12:01;RODOVIA MG 050, Nº S/N - PASSOS;-207.372.242;-466.331.087;P03001 - PERIGO DE DERRAPAGEM (C) (Prioridade: 2 - Média);1CIA IND/2CIA/1PEL(PASSOS);ASL06087;Não;Não;Não;BOLETIM DE OCORRENCIA;Classificada;05/07/2024 06:21;Não
2024-34359355-9;(BM) 2024-030085958-001;04/07/2024 12:42;RUA MARANHAO, Nº 172 - BELA VISTA - PASSOS;-207.156.868;-466.017.659;V01008 - VITIMA COM DOR ABDOMINAL (ABDOME AGUDO) (C) (Prioridade: 1 - Alta);1CIA IND/2CIA/1PEL(PASSOS);UR00565;Não;Não;Não;BOLETIM DE OCORRENCIA;Classificada;05/07/2024 06:20;Não
2024-34360217-2;(BM) 2024-030019657-001;04/07/2024 13:53;RUA JOSE DELFRARO, Nº 191 - FLAMBOYANT - PASSOS;-207.548.896;-466.061.439;P01001 - VISTORIA DE FISCALIZACAO (C) (Prioridade: 2 - Média);1CIA IND/2CIA/PEL PREV E VIST(PASSOS);APF01362;Não;Não;Não;BOLETIM DE OCORRENCIA;Classificada;05/07/2024 06:20;Não
2024-34360734-4;(BM) 2024-030085920-001;04/07/2024 14:24;RUA TRES CORACOES, Nº 1099 - EXPOSICAO - PASSOS;-207.321.513;-466.072.681;V01025 - VITIMA DE USO / ABUSO / DEPENDENCIA DE DROGAS / ALCOOL (C) (Prioridade: 1 - Alta);1CIA IND/2CIA/1PEL(PASSOS);UR00565;Não;Não;Não;BOLETIM DE OCORRENCIA;Classificada;05/07/2024 06:20;Não
2024-34361468-8;(BM) 2024-030055124-001;04/07/2024 15:01;RUA ADELIA FERREIRA DE SOUZA, Nº S/N - JARDIM CANADA - PASSOS;-207.542.559;-466.068.931;P02003 - VISTORIA EM LOTE VAGO (C) (Prioridade: 2 - Média);1CIA IND/2CIA/1PEL(PASSOS);ASL06087;Não;Não;Não;BOLETIM DE OCORRENCIA;Classificada;05/07/2024 06:20;Não
2024-34361984-7;;04/07/2024 15:30;RUA JOAQUIM RODRIGUES, Nº 260 - PASSOS;-207.204.675;-466.360.254;V01023 - VITIMA DE SINCOPE (DESMAIO)/VERTIGEM (C) (Prioridade: 1 - Alta);1CIA IND/2CIA/1PEL(PASSOS);;Não;Não;Não;DISPENSADA PELO SOLICITANTE;Classificada;04/07/2024 16:18;Não
2024-34362611-5;(BM) 2024-030055061-001;04/07/2024 16:01;AVENIDA CANADA, Nº S/N - JARDIM CANADA II - PASSOS;-207.533.453;-466.124.556;P02003 - VISTORIA EM LOTE VAGO (C) (Prioridade: 2 - Média);1CIA IND/2CIA/1PEL(PASSOS);ASL06087;Não;Não;Não;BOLETIM DE OCORRENCIA;Classificada;05/07/2024 06:20;Não
2024-34363158-1;(BM) 2024-030056696-001;04/07/2024 16:32;AVENIDA CANADA, Nº S/N - JARDIM CANADA II - PASSOS;-207.533.453;-466.124.556;P02003 - VISTORIA EM LOTE VAGO (C) (Prioridade: 2 - Média);1CIA IND/2CIA/1PEL(PASSOS);ASL06087;Não;Não;Não;BOLETIM DE OCORRENCIA;Classificada;05/07/2024 06:20;Não
2024-34363267-7;;04/07/2024 16:39;AVENIDA ALANA SILVA SANTOS, Nº S/N - JARDIM BANDEIRANTES - POCOS DE CALDAS;;;O04011 - INCENDIO EM AREA URBANA NAO PROTEGIDA (C) (Prioridade: 2 - Média);1CIA IND (POCOS DE CALDAS);;Não;Não;Não;DUPLICADA;Classificada;04/07/2024 16:54;Não
2024-34365421-6;;04/07/2024 18:49;RUA JUAZEIRO, Nº 267 - JARDIM DOS ESTADOS - POCOS DE CALDAS;;;S06001 - SALVAMENTO DE ANIMAL EM RISCO / PERIGO (C) (Prioridade: 2 - Média);1CIA IND (POCOS DE CALDAS);;Não;Não;Não;DISPENSADA PELO SOLICITANTE;Classificada;04/07/2024 19:13;Não
2024-34366857-7;(BM) 2024-030094595-001;04/07/2024 20:22;RUA TRES CORACOES, Nº 133 - MARIO MAGALHAES - PASSOS;-207.258.497;-466.135.532;S06002 - CAPTURA DE ANIMAL SILVESTRE PERIGOSO / AGRESSIVO (C) (Prioridade: 2 - Média);1CIA IND/2CIA/1PEL(PASSOS);ASL06087;Não;Não;Não;BOLETIM DE OCORRENCIA;Classificada;05/07/2024 06:20;Não
2024-34367804-6;(BM) 2024-030107477-001;04/07/2024 21:27;AVENIDA ARLINDO FIGUEIREDO, Nº 354 - CANDEIAS - PASSOS;-207.222.865;-466.169.372;V01023 - VITIMA DE SINCOPE (DESMAIO)/VERTIGEM (C) (Prioridade: 1 - Alta);1CIA IND/2CIA/1PEL(PASSOS);UR00565;Não;Não;Não;BOLETIM DE OCORRENCIA;Classificada;05/07/2024 06:20;Não
2024-34368343-0;;04/07/2024 22:05;RUA SYLVIO PAULINO DA COSTA, Nº S/N - BOTELHOS;;;O04003 - INCENDIO EM PRODUCAO AGRICOLA (C) (Prioridade: 2 - Média);1CIA IND (POCOS DE CALDAS);;Não;Não;Não;DISPENSADA PELO SOLICITANTE;Classificada;04/07/2024 22:24;Não
2024-34368655-3;;04/07/2024 22:26;RUA GONCALVES DIAS, Nº 397 - SAO BENEDITO - PASSOS;-207.183.183;-466.056.162;V01023 - VITIMA DE SINCOPE (DESMAIO)/VERTIGEM (C) (Prioridade: 1 - Alta);1CIA IND/2CIA/1PEL(PASSOS);;Não;Não;Não;ATENDIDA PELO SAMU;Classificada;04/07/2024 23:03;Não
2024-34368737-6;(BM) 2024-030119218-001;04/07/2024 22:30;RUA ALIPIO TEIXEIRA NUNES, Nº 291 - ALTO DA BOA VISTA - IBIRACI;-204.731.145;-471.284.317;W03000 - SOLICITANTE ENCONTRADO - PROVIDENCIA DISPENSADA (C) (Prioridade: 3 - Baixa);1CIA IND/2CIA/1PEL(PASSOS);ABTS00495;Não;Não;Não;BOLETIM DE OCORRENCIA;Classificada;05/07/2024 06:22;Não
2024-34369425-9;(BM) 2024-030124734-001;04/07/2024 23:15;AVENIDA EXPEDICIONARIOS, Nº 83 - CENTRO - PASSOS;-207.213.553;-466.070.758;O02034 - INCENDIO EM CACAMBA DE LIXO / ENTULHO (C) (Prioridade: 2 - Média);1CIA IND/2CIA/1PEL(PASSOS);ABTS00495;Não;Não;Não;BOLETIM DE OCORRENCIA;Classificada;05/07/2024 06:20;Não
2024-34372281-9;(BM) 2024-030152430-001;05/07/2024 07:58;RUA LAMBARI, Nº 50 - RECANTO DEL REI - PASSOS;-207.284.989;-465.986.582;V01008 - VITIMA COM DOR ABDOMINAL (ABDOME AGUDO) (C) (Prioridade: 1 - Alta);1CIA IND/2CIA/1PEL(PASSOS);UR00565;Não;Não;Não;BOLETIM DE OCORRENCIA;Classificada;06/07/2024 07:45;Não
2024-34372574-7;(BM) 2024-030149149-001;05/07/2024 08:31;RUA MARANHAO, Nº 137 - CARMELO - PASSOS;-207.157.958;-466.021.099;P01001 - VISTORIA DE FISCALIZACAO (C) (Prioridade: 2 - Média);1CIA IND/2CIA/PEL PREV E VIST(PASSOS);APF01362;Não;Não;Não;BOLETIM DE OCORRENCIA;Classificada;06/07/2024 07:45;Não
2024-34372718-5;(BM) 2024-030152471-001;05/07/2024 08:46;RUA SAO GABRIEL, Nº 160 - PASSOS;-207.191.925;-465.941.579;V01013 - VITIMA DE EMERGENCIAS PSIQUIATRICAS (C) (Prioridade: 1 - Alta);1CIA IND/2CIA/1PEL(PASSOS);UR00565;Não;Não;Não;BOLETIM DE OCORRENCIA;Classificada;06/07/2024 07:45;Não
2024-34372986-4;(BM) 2024-030200967-001;05/07/2024 09:12;RODOVIA MG 050, Km 336, Nº S/N - PASSOS;;;O02027 - INCENDIO VEIC. AUTOMOTOR (EXCETO TANQUE/ONIBUS/MICRO-ONIBUS) (C) (Prioridade: 1 - Alta);1CIA IND/2CIA/1PEL(PASSOS);ABTS00495;Não;Não;Não;BOLETIM DE OCORRENCIA;Classificada;06/07/2024 07:45;Não
2024-34373471-0;(BM) 2024-030184122-001;05/07/2024 09:54;RUA BAHIA, Nº 870 - BELA VISTA 2 - PASSOS;-207.120.931;-465.964.226;W03000 - SOLICITANTE ENCONTRADO - PROVIDENCIA DISPENSADA (C) (Prioridade: 3 - Baixa);1CIA IND/2CIA/1PEL(PASSOS);UR00565;Não;Não;Não;BOLETIM DE OCORRENCIA;Classificada;06/07/2024 07:45;Não
2024-34374511-8;(BM) 2024-030195107-001;05/07/2024 11:22;RUA PARATI, Nº 1947 - SANTA LUZIA - PASSOS;-207.081.562;-465.955.107;V01006 - VITIMA COM DIFICULDADE DE LOCOMOCAO (C) (Prioridade: 1 - Alta);1CIA IND/2CIA/1PEL(PASSOS);UR00565;Não;Não;Não;BOLETIM DE OCORRENCIA;Classificada;06/07/2024 07:45;Não
2024-34375012-3;(BM) 2024-030179903-001;05/07/2024 12:13;RUA JOSE VALENTIN DE CARVALHO, Nº S/N - BOM JESUS DOS CAMPOS - SAO JOSE DA BARRA;-207.678.769;-462.150.012;P01003 - VISTORIA EM EVENTOS TEMPORARIOS (C) (Prioridade: 1 - Alta);1CIA IND/2CIA/PEL PREV E VIST(PASSOS);APF01362;Não;Não;Não;BOLETIM DE OCORRENCIA;Classificada;06/07/2024 07:45;Não
2024-34375330-9;(BM) 2024-030188748-001;05/07/2024 12:45;RUA PALMEIRAS, Nº 655 - SERRA DAS BRISAS - PASSOS;-207.355.591;-46.591.328;O04013 - INCENDIO EM PASTO (C) (Prioridade: 2 - Média);1CIA IND/2CIA/1PEL(PASSOS);ABTS00495;Não;Não;Não;BOLETIM DE OCORRENCIA;Classificada;06/07/2024 07:45;Não
2024-34375337-8;(BM) 2024-030185092-001;05/07/2024 12:47;RUA ANTONIO LEMOS MAIA, Nº 28 - RECANTO DA TEKA - PASSOS;-207.458.311;-46.596.611;W03000 - SOLICITANTE ENCONTRADO - PROVIDENCIA DISPENSADA (C) (Prioridade: 3 - Baixa);1CIA IND/2CIA/1PEL(PASSOS);UR00565;Não;Não;Não;BOLETIM DE OCORRENCIA;Classificada;06/07/2024 07:45;Não
2024-34375360-0;;05/07/2024 12:48;RUA ANTONIO LEMOS MAIA, Nº 28 - RECANTO DA TEKA - PASSOS;-207.458.311;-46.596.611;V01018 - VITIMA DE MAL NAO DEFINIDO (DISTURBIO) (C) (Prioridade: 1 - Alta);1CIA IND/2CIA/1PEL(PASSOS);;Não;Não;Não;DUPLICADA;Classificada;05/07/2024 12:49;Não
2024-34376157-1;(BM) 2024-030190825-001;05/07/2024 13:53;RUA JOSE HERCULANO FREIRE, Nº S/N - ALPINOPOLIS;-208.640.859;-46.393.269;P01003 - VISTORIA EM EVENTOS TEMPORARIOS (C) (Prioridade: 1 - Alta);1CIA IND/2CIA/PEL PREV E VIST(PASSOS);APF01362;Não;Não;Não;BOLETIM DE OCORRENCIA;Classificada;06/07/2024 07:44;Não
2024-34377243-7;(BM) 2024-030212513-001;05/07/2024 14:59;RUA JOAQUIM RODRIGUES, Nº 260 - PASSOS;-207.204.675;-466.360.254;V01023 - VITIMA DE SINCOPE (DESMAIO)/VERTIGEM (C) (Prioridade: 1 - Alta);1CIA IND/2CIA/1PEL(PASSOS);UR00565;Não;Não;Não;BOLETIM DE OCORRENCIA;Classificada;06/07/2024 07:44;Não
2024-34378725-3;(BM) 2024-030226701-001;05/07/2024 16:22;PRACA DONA MARIA GOULART, Nº S/N - CENTRO - CARMO DO RIO CLARO;-209.733.925;-461.178.405;P01003 - VISTORIA EM EVENTOS TEMPORARIOS (C) (Prioridade: 1 - Alta);1CIA IND/2CIA/PEL PREV E VIST(PASSOS);APF01362;Não;Não;Não;BOLETIM DE OCORRENCIA;Classificada;06/07/2024 07:44;Não
2024-34379182-5;(BM) 2024-030236302-001;05/07/2024 16:50;AVENIDA ANTONIO CASSIANO DA SILVEIRA, Nº 1010 - PARQUE TROPICAL - PASSOS;-207.185.937;-466.421.365;V01023 - VITIMA DE SINCOPE (DESMAIO)/VERTIGEM (C) (Prioridade: 1 - Alta);1CIA IND/2CIA/1PEL(PASSOS);UR00565;Não;Não;Não;BOLETIM DE OCORRENCIA;Classificada;06/07/2024 07:44;Não
2024-34379963-7;(BM) 2024-030236190-001;05/07/2024 17:41;RUA JACY A SACRAMENTO, Nº S/N - PARQUE DAS AROEIRAS - PASSOS;-207.238.609;-466.288.474;P02003 - VISTORIA EM LOTE VAGO (C) (Prioridade: 2 - Média);1CIA IND/2CIA/1PEL(PASSOS);ASL06087;Não;Não;Não;BOLETIM DE OCORRENCIA;Classificada;06/07/2024 07:45;Não
2024-34381372-3;(BM) 2024-030250713-001;05/07/2024 19:11;RUA LAMPADOSA, Nº 60 - VILA RICA - PASSOS;-207.271.392;-465.999.168;V01006 - VITIMA COM DIFICULDADE DE LOCOMOCAO (C) (Prioridade: 1 - Alta);1CIA IND/2CIA/1PEL(PASSOS);UR00565;Não;Não;Não;BOLETIM DE OCORRENCIA;Classificada;06/07/2024 07:44;Não
2024-34381373-6;(BM) 2024-030250951-001;05/07/2024 19:12;RUA JOSE MERCHIORATO, Nº 536 - SANTA CASA - PASSOS;-207.113.655;-466.105.734;O02038 - INCENDIO EM REDE ELETRICA / POSTE / CURTO-CIRCUITO (C) (Prioridade: 2 - Média);1CIA IND/2CIA/1PEL(PASSOS);ABTS00495;Não;Não;Não;BOLETIM DE OCORRENCIA;Classificada;06/07/2024 07:45;Não
2024-34382268-7;(BM) 2024-030257680-001;05/07/2024 20:08;RUA JACY A SACRAMENTO, Nº S/N - PARQUE DAS AROEIRAS - PASSOS;-207.238.609;-466.288.474;P02003 - VISTORIA EM LOTE VAGO (C) (Prioridade: 3 - Baixa);1CIA IND/2CIA/1PEL(PASSOS);ASL06087;Não;Não;Não;BOLETIM DE OCORRENCIA;Classificada;06/07/2024 07:45;Não
2024-34382555-9;(BM) 2024-030259993-001;05/07/2024 20:27;RUA SAO MIGUEL, Nº S/N - JARDIM PLANALTO - PASSOS;-20.722.654;-466.243.921;P02003 - VISTORIA EM LOTE VAGO (C) (Prioridade: 3 - Baixa);1CIA IND/2CIA/1PEL(PASSOS);ASL06087;Não;Não;Não;BOLETIM DE OCORRENCIA;Classificada;06/07/2024 07:45;Não
2024-34385106-1;(BM) 2024-030292335-001;05/07/2024 23:04;RUA RIO GRANDE DO SUL, Nº 328 - BELA VISTA - PASSOS;-207.161.692;-465.989.054;V01018 - VITIMA DE MAL NAO DEFINIDO (DISTURBIO) (C) (Prioridade: 1 - Alta);1CIA IND/2CIA/1PEL(PASSOS);UR00565;Não;Não;Não;BOLETIM DE OCORRENCIA;Classificada;06/07/2024 07:44;Não
2024-34385098-5;(BM) 2024-030292441-001;05/07/2024 23:05;RUA ROUXINOL, Nº 1079 - SAO JOAO - PASSOS;-207.366.481;-466.085.853;V01018 - VITIMA DE MAL NAO DEFINIDO (DISTURBIO) (C) (Prioridade: 1 - Alta);1CIA IND/2CIA/1PEL(PASSOS);UR00565;Não;Não;Não;BOLETIM DE OCORRENCIA;Classificada;06/07/2024 07:44;Não
2024-34386344-5;(BM) 2024-030300227-001;06/07/2024 00:28;- RODOVIA PASSOS A SÃO JOAO BATISTA DO GLORIA, Nº S/N - PASSOS;;;O02027 - INCENDIO VEIC. AUTOMOTOR (EXCETO TANQUE/ONIBUS/MICRO-ONIBUS) (C) (Prioridade: 1 - Alta);1CIA IND/2CIA/1PEL(PASSOS);ABTS00495;Não;Não;Não;BOLETIM DE OCORRENCIA;Classificada;06/07/2024 07:44;Não
2024-34386486-0;;06/07/2024 00:37;RODOVIA PASSOS / GLORIA, Nº S/N - PASSOS;-20.700.737;-46.586.887;W98011 - SOLICITACAO DE APOIO (C) (Prioridade: 1 - Alta);1CIA IND/2CIA/1PEL(PASSOS);;Não;Não;Não;DUPLICADA;Classificada;06/07/2024 01:22;Não
2024-34389278-9;(BM) 2024-030330117-001;06/07/2024 08:09;PRACA FRANCISCO SALLES, Nº S/N - BELO HORIZONTE - PASSOS;-207.264.675;-466.045.971;P03009 - PREVENCAO EM PONTO-BASE / FERIADOS PROLONGADOS (C) (Prioridade: 2 - Média);1CIA IND/2CIA/1PEL(PASSOS);ASL06087;Não;Não;Não;BOLETIM DE OCORRENCIA;Classificada;07/07/2024 07:41;Não
2024-34389842-9;(BM) 2024-030330095-001;06/07/2024 09:20;RUA DOUTOR CARVALHO, Nº 1455 - NOSSA SENHORA DAS GRAÇAS - PASSOS;-207.352.269;-466.037.303;Q03005 - TREINAMENTO DE SALVAMENTO TERRESTRE (C) (Prioridade: 2 - Média);1CIA IND/2CIA/1PEL(PASSOS);BM1549807;Não;Não;Não;BOLETIM DE OCORRENCIA;Classificada;07/07/2024 07:41;Não
2024-34389957-0;(BM) 2024-030328055-001;06/07/2024 09:31;RUA TURQUESA, Nº 1295 - ACLIMACAO - PASSOS;-207.548.997;-46.602.568;V01005 - VITIMA COM CRISE HIPERTENSIVA/HIPOTENSAO (C) (Prioridade: 1 - Alta);1CIA IND/2CIA/1PEL(PASSOS);UR00565;Não;Não;Não;BOLETIM DE OCORRENCIA;Classificada;07/07/2024 07:42;Não
2024-34390931-4;(BM) 2024-030452940-001;06/07/2024 11:18;RODOVIA MG 050, Km 364 - PASSOS;-207.357.243;-466.916.083;O04003 - INCENDIO EM PRODUCAO AGRICOLA (C) (Prioridade: 2 - Média);1CIA IND/2CIA/1PEL(PASSOS);ABTS00495;Não;Não;Não;BOLETIM DE OCORRENCIA;Classificada;07/07/2024 07:41;Não
2024-34391299-1;(BM) 2024-030350657-001;06/07/2024 12:02;RUA CONCEICAO VIEIRA DE CARVALHO, Nº S/N - PASSOS;;;P02003 - VISTORIA EM LOTE VAGO (C) (Prioridade: 2 - Média);1CIA IND/2CIA/1PEL(PASSOS);ASL06087;Não;Não;Não;BOLETIM DE OCORRENCIA;Classificada;07/07/2024 07:41;Não
2024-34391374-5;(BM) 2024-030350710-001;06/07/2024 12:11;RUA CONCEICAO VIEIRA DE CARVALHO, Nº S/N - PASSOS;;;P02003 - VISTORIA EM LOTE VAGO (C) (Prioridade: 2 - Média);1CIA IND/2CIA/1PEL(PASSOS);ASL06087;Não;Não;Não;BOLETIM DE OCORRENCIA;Classificada;07/07/2024 07:42;Não
2024-34391460-5;(BM) 2024-030336926-001;06/07/2024 12:21;RUA JOSE PIMENTA DE MELO, Nº 220 - JARDIM FLORENCA - PASSOS;-206.902.098;-466.165.167;P02003 - VISTORIA EM LOTE VAGO (C) (Prioridade: 2 - Média);1CIA IND/2CIA/1PEL(PASSOS);ASL06087;Não;Não;Não;BOLETIM DE OCORRENCIA;Classificada;07/07/2024 07:42;Não
2024-34391548-4;(BM) 2024-030340075-001;06/07/2024 12:33;AVENIDA POCOS DE CALDAS, Nº 465 - COHAB 2 - PASSOS;-207.105.425;-466.260.008;V01018 - VITIMA DE MAL NAO DEFINIDO (DISTURBIO) (C) (Prioridade: 1 - Alta);1CIA IND/2CIA/1PEL(PASSOS);UR00565;Não;Não;Não;BOLETIM DE OCORRENCIA;Classificada;07/07/2024 07:42;Não
2024-34391574-4;(BM) 2024-030340034-001;06/07/2024 12:36;RUA LAJINHA, Nº 97 - COHAB 2 - PASSOS;-207.096.674;-466.307.495;W10000 - DISPENSADA POR DUPLICIDADE DE EMPENHO COM OUTROS ORGAOS (C) (Prioridade: 1 - Alta);1CIA IND/2CIA/1PEL(PASSOS);UR00565;Não;Não;Não;BOLETIM DE OCORRENCIA;Classificada;07/07/2024 07:42;Não
2024-34392011-7;(BM) 2024-030397228-001;06/07/2024 13:24;RUA GOIAS, Nº 1800 - JARDIM COLEGIO DE PASSOS - PASSOS;;;V02501 - VITIMA DE QUEDA (CICLISTA) (C) (Prioridade: 1 - Alta);1CIA IND/2CIA/1PEL(PASSOS);UR00565;Não;Não;Não;BOLETIM DE OCORRENCIA;Classificada;07/07/2024 07:42;Não
2024-34393725-9;;06/07/2024 15:31;ESTRADA SECUNDÁRIA LINHA BANANAL COM VILA SAO JOSE S/N [VICINAL], Nº S/N - PASSOS;-207.102.634;-466.423.978;V02502 - VITIMA DE QUEDA (MOTOCICLISTA) (C) (Prioridade: 1 - Alta);1CIA IND/2CIA/1PEL(PASSOS);;Não;Não;Não;ATENDIDA PELO SAMU;Classificada;06/07/2024 15:48;Não
2024-34393940-1;(BM) 2024-030359990-001;06/07/2024 15:44;RUA SEVERO VELOSO, Nº 330 - PINDAÍBAS - PIUMHI;-204.582.554;-459.697.979;X03000 - EMPENHO ADMINISTRATIVO (C) (Prioridade: 2 - Média);1CIA IND/2CIA/1PEL(PASSOS);ASL06087;Não;Não;Não;BOLETIM DE OCORRENCIA;Classificada;07/07/2024 07:42;Não
2024-34393965-2;(BM) 2024-030359780-001;06/07/2024 15:46;ESTRADA DOMIRO NOGUEIRA, Nº S/N - CONDOMÍNIO DOS IPÊS - PASSOS;-207.583.249;-466.201.662;O04013 - INCENDIO EM PASTO (C) (Prioridade: 2 - Média);1CIA IND/2CIA/1PEL(PASSOS);ABTS00495;Não;Não;Não;BOLETIM DE OCORRENCIA;Classificada;07/07/2024 07:42;Não
2024-34398888-0;(BM) 2024-030419141-001;06/07/2024 21:07;RUA DOUTOR CARVALHO, Nº 654 - BELO HORIZONTE - PASSOS;-207.276.275;-466.066.451;S06001 - SALVAMENTO DE ANIMAL EM RISCO / PERIGO (C) (Prioridade: 2 - Média);1CIA IND/2CIA/1PEL(PASSOS);ABTS00495;Não;Não;Não;BOLETIM DE OCORRENCIA;Classificada;07/07/2024 07:42;Não
2024-34399908-1;;06/07/2024 22:13;RUA SEBASTIAO ARANTES DE OLIVEIRA, Nº 130 - SANTA MARIA 4 - CASSIA;;;S06002 - CAPTURA DE ANIMAL SILVESTRE PERIGOSO / AGRESSIVO (C) (Prioridade: 2 - Média);1CIA IND/2CIA/1PEL(PASSOS);;Não;Não;Não;DISPENSADA PELO SOLICITANTE;Classificada;06/07/2024 23:27;Não
2024-34399989-3;(BM) 2024-030419204-002;06/07/2024 22:17;RUA PARA, Nº 1031 - BELA VISTA - PASSOS;;;O02003 - INCENDIO EM EDIFICACAO COMERCIAL (C) (Prioridade: 1 - Alta);1CIA IND/2CIA/1PEL(PASSOS);ABTS00495 / ASL06087;Não;Não;Não;BOLETIM DE OCORRENCIA;Classificada;07/07/2024 07:42;Não
2024-34401604-3;(BM) 2024-030436816-001;06/07/2024 23:51;RUA PARA, Nº 1031 - BELA VISTA - PASSOS;-207.125.084;-466.014.716;O02003 - INCENDIO EM EDIFICACAO COMERCIAL (C) (Prioridade: 1 - Alta);1CIA IND/2CIA/1PEL(PASSOS);ABTS00495;Não;Não;Não;BOLETIM DE OCORRENCIA;Classificada;07/07/2024 07:43;Não
2024-34405595-6;(BM) 2024-030454937-001;07/07/2024 07:55;RODOVIA MG 050, Nº 618 - SERRA VERDE - PASSOS;-207.388.513;-465.952.926;O02033 - INCENDIO EM AMONTOADO DE LIXO (C) (Prioridade: 2 - Média);1CIA IND/2CIA/1PEL(PASSOS);ABTS00495;Não;Não;Não;BOLETIM DE OCORRENCIA;Classificada;08/07/2024 06:56;Não
2024-34405818-9;(BM) 2024-030454859-001;07/07/2024 08:28;AVENIDA JK, Nº S/N - MONSENHOR MESSIAS - PASSOS;-207.342.178;-465.979.772;P03999 - OUTROS TIPOS DE PCI / PCA   (C) (Prioridade: 2 - Média);1CIA IND/2CIA/1PEL(PASSOS);ABTS00495;Não;Não;Não;BOLETIM DE OCORRENCIA;Classificada;08/07/2024 06:56;Não
2024-34406072-3;(BM) 2024-030459206-001;07/07/2024 09:11;AVENIDA NACOES, Nº S/N - VILA RICA - PASSOS;-207.276.808;-46.600.861;P02003 - VISTORIA EM LOTE VAGO (C) (Prioridade: 2 - Média);1CIA IND/2CIA/1PEL(PASSOS);ABTS00495;Não;Não;Não;BOLETIM DE OCORRENCIA;Classificada;08/07/2024 06:56;Não
2024-34406215-9;(BM) 2024-030459169-001;07/07/2024 09:32;AVENIDA NACOES, Nº S/N - VILA RICA - PASSOS;-207.276.808;-46.600.861;P02003 - VISTORIA EM LOTE VAGO (C) (Prioridade: 2 - Média);1CIA IND/2CIA/1PEL(PASSOS);ABTS00495;Não;Não;Não;BOLETIM DE OCORRENCIA;Classificada;08/07/2024 06:56;Não
2024-34406359-9;(BM) 2024-030459128-001;07/07/2024 09:50;AVENIDA NACOES, Nº S/N - VILA RICA - PASSOS;-207.276.808;-46.600.861;P02003 - VISTORIA EM LOTE VAGO (C) (Prioridade: 2 - Média);1CIA IND/2CIA/1PEL(PASSOS);ABTS00495;Não;Não;Não;BOLETIM DE OCORRENCIA;Classificada;08/07/2024 06:56;Não
2024-34406503-3;(BM) 2024-030571040-001;07/07/2024 10:05;AVENIDA NACOES, Nº S/N - VILA RICA - PASSOS;-207.276.808;-46.600.861;P02003 - VISTORIA EM LOTE VAGO (C) (Prioridade: 2 - Média);1CIA IND/2CIA/1PEL(PASSOS);ABTS00495;Não;Não;Não;BOLETIM DE OCORRENCIA;Classificada;08/07/2024 06:56;Não
2024-34406723-0;(BM) 2024-030464001-001;07/07/2024 10:32;AVENIDA NACOES, Nº S/N - VILA RICA - PASSOS;-207.276.808;-46.600.861;P02003 - VISTORIA EM LOTE VAGO (C) (Prioridade: 2 - Média);1CIA IND/2CIA/1PEL(PASSOS);ABTS00495;Não;Não;Não;BOLETIM DE OCORRENCIA;Classificada;08/07/2024 06:56;Não
2024-34406809-3;(BM) 2024-030464070-001;07/07/2024 10:46;RUA JURANDIR LEANDRO VIEIRA, Nº S/N - RESIDENCIAL VILLAGIO DI ITALIA - PASSOS;-207.345.147;-465.913.156;P02001 - VISTORIA EM HIDRANTE (C) (Prioridade: 2 - Média);1CIA IND/2CIA/1PEL(PASSOS);ABTS00495;Não;Não;Não;BOLETIM DE OCORRENCIA;Classificada;08/07/2024 06:56;Não
2024-34406943-6;(BM) 2024-030536383-001;07/07/2024 11:01;RUA DO MEIO, Nº 380 - NOVO HORIZONTE - PASSOS;-207.353.038;-466.018.639;O04013 - INCENDIO EM PASTO (C) (Prioridade: 2 - Média);1CIA IND/2CIA/1PEL(PASSOS);ABTS00495;Não;Não;Não;BOLETIM DE OCORRENCIA;Classificada;08/07/2024 06:56;Não
2024-34406929-5;;07/07/2024 11:01;RUA DO MEIO, Nº S/N - NOVO HORIZONTE - PASSOS;-207.353.801;-466.017.967;O04013 - INCENDIO EM PASTO (C) (Prioridade: 2 - Média);1CIA IND/2CIA/1PEL(PASSOS);;Não;Não;Não;DUPLICADA;Classificada;07/07/2024 11:07;Não
2024-34407507-0;(BM) 2024-030479038-001;07/07/2024 12:20;TRAVESSA DEZOITO DE SETEMBRO, Nº S/N - PENHA - PASSOS;;;O04011 - INCENDIO EM AREA URBANA NAO PROTEGIDA (C) (Prioridade: 2 - Média);1CIA IND/2CIA/1PEL(PASSOS);ASL06087;Não;Não;Não;BOLETIM DE OCORRENCIA;Classificada;08/07/2024 06:55;Não
2024-34408073-7;(BM) 2024-030476890-001;07/07/2024 13:36;RUA LAZARO GARCIA DE MELO, Nº 42 - JARDIM PLANALTO - PASSOS;-207.232.318;-466.249.311;O04011 - INCENDIO EM AREA URBANA NAO PROTEGIDA (C) (Prioridade: 2 - Média);1CIA IND/2CIA/1PEL(PASSOS);ABTS00495;Não;Não;Não;BOLETIM DE OCORRENCIA;Classificada;08/07/2024 06:55;Não
2024-34408799-2;;07/07/2024 14:34;RIO BR 146, Nº S/N - POCOS DE CALDAS;-219.026.646;-465.785.782;V02202 - VITIMA DE CHOQUE DE MOTOCICLETA (C) (Prioridade: 1 - Alta);1CIA IND (POCOS DE CALDAS);;Não;Não;Não;REPASSADA A OUTROS ÓRGAOS;Classificada;07/07/2024 15:25;Não
2024-34410142-0;;07/07/2024 16:04;RUA SAO MIGUEL, Nº S/N - JARDIM PLANALTO - PASSOS;-20.722.654;-466.243.921;O04009 - INCENDIO EM AREA URBANA PERTENCENTE A ORGAO PUBLICO (C) (Prioridade: 2 - Média);1CIA IND/2CIA/1PEL(PASSOS);;Não;Não;Não;DUPLICADA;Classificada;07/07/2024 17:19;Não
2024-34410556-3;;07/07/2024 16:27;FAZENDA PONTE ALTA - TELINVESTE IMOVEIS, Nº S/N - DELFINOPOLIS;-204.563.975;-466.255.296;O04013 - INCENDIO EM PASTO (C) (Prioridade: 2 - Média);1CIA IND/2CIA/1PEL(PASSOS);;Não;Não;Não;OCORRÊNCIAS TÍPICAS DE BOMBEIROS ATENDIDA POR OUTROS ÓRGÃOS;Classificada;07/07/2024 23:07;Não
2024-34412747-2;(BM) 2024-030516668-001;07/07/2024 18:50;RUA ANA CANDIDA DE JESUS, Nº S/N - JARDIM CANADA - PASSOS;-207.510.973;-466.073.324;O04008 - INCENDIO EM AREA RURAL NAO PROTEGIDA (C) (Prioridade: 2 - Média);1CIA IND/2CIA/1PEL(PASSOS);ABTS00495;Não;Não;Não;BOLETIM DE OCORRENCIA;Classificada;08/07/2024 06:55;Não
2024-34412933-7;;07/07/2024 19:01;RUA ANA CANDIDA DE JESUS, Nº 496 - JARDIM ITALIA - PASSOS;-207.510.354;-466.043.222;O04012 - INCENDIO EM LOTE VAGO (AREA URBANA) (C) (Prioridade: 2 - Média);1CIA IND/2CIA/1PEL(PASSOS);;Não;Não;Não;DUPLICADA;Classificada;07/07/2024 19:03;Não
2024-34413160-9;(BM) 2024-030519386-001;07/07/2024 19:14;AVENIDA NACOES, Nº S/N - VILA RICA - PASSOS;-207.276.808;-46.600.861;O04012 - INCENDIO EM LOTE VAGO (AREA URBANA) (C) (Prioridade: 2 - Média);1CIA IND/2CIA/1PEL(PASSOS);ABTS00495;Não;Não;Não;BOLETIM DE OCORRENCIA;Classificada;08/07/2024 06:55;Não
2024-34413460-2;(BM) 2024-030537111-001;07/07/2024 19:36;AVENIDA JUCA STOCKLER, Nº S/N - NOVO HORIZONTE - PASSOS;-207.366.397;-466.024.583;O02033 - INCENDIO EM AMONTOADO DE LIXO (C) (Prioridade: 2 - Média);1CIA IND/2CIA/1PEL(PASSOS);ABTS00495;Não;Não;Não;BOLETIM DE OCORRENCIA;Classificada;08/07/2024 06:55;Não
2024-34419669-9;(BM) 2024-030593081-001;08/07/2024 07:55;RUA SEVERO VELOSO, Nº 330 - PINDAÍBAS - PIUMHI;-204.582.554;-459.697.979;X03000 - EMPENHO ADMINISTRATIVO (C) (Prioridade: 2 - Média);1CIA IND/2CIA/PEL PREV E VIST(PASSOS);APF01362;Não;Não;Não;BOLETIM DE OCORRENCIA;Classificada;09/07/2024 07:31;Não
2024-34420050-0;(BM) 2024-030580420-001;08/07/2024 08:35;RUA DOUTOR CARVALHO, Nº 1455 - NOSSA SENHORA DAS GRAÇAS - PASSOS;-207.352.269;-466.037.303;Q03020 - TREINAMENTO DE PILOTO DE RPA (C) (Prioridade: 3 - Baixa);1CIA IND/2CIA/1PEL(PASSOS);BM1549807;Não;Não;Não;BOLETIM DE OCORRENCIA;Classificada;09/07/2024 07:31;Não
2024-34420057-0;(BM) 2024-030580552-001;08/07/2024 08:36;AVENIDA EXPEDICIONARIOS, Nº 1230 - JARDIM COLEGIO DE PASSOS - PASSOS;-20.723.797;-465.960.369;P03001 - PERIGO DE DERRAPAGEM (C) (Prioridade: 2 - Média);1CIA IND/2CIA/1PEL(PASSOS);ASL06087;Não;Não;Não;BOLETIM DE OCORRENCIA;Classificada;09/07/2024 07:31;Não
2024-34420264-4;(BM) 2024-030583110-001;08/07/2024 08:57;FAZENDA SANTA RITA, Nº S/N - IBIRACI;-203.985.319;-471.079.953;P01002 - VISTORIA DE LIBERACAO / EMISSAO DE AVCB (C) (Prioridade: 2 - Média);1CIA IND/2CIA/1PEL(PASSOS);ASL06087;Não;Não;Não;BOLETIM DE OCORRENCIA;Classificada;09/07/2024 07:31;Não
2024-34421720-7;(BM) 2024-030603468-001;08/07/2024 10:54;RUA ANTONIO JOSE DOS SANTOS, Nº 135 - JARDIM PINHEIROS - PASSOS;-207.247.669;-466.223.052;O04011 - INCENDIO EM AREA URBANA NAO PROTEGIDA (C) (Prioridade: 2 - Média);1CIA IND/2CIA/1PEL(PASSOS);ABTS00495;Não;Não;Não;BOLETIM DE OCORRENCIA;Classificada;09/07/2024 07:31;Não
2024-34423809-0;(BM) 2024-030628580-001;08/07/2024 14:06;RUA MISSOES, Nº 764 - JARDIM PLANALTO - PASSOS;-207.174.294;-46.625.903;P01002 - VISTORIA DE LIBERACAO / EMISSAO DE AVCB (C) (Prioridade: 2 - Média);1CIA IND/2CIA/1PEL(PASSOS);TPO00155;Não;Não;Não;BOLETIM DE OCORRENCIA;Classificada;09/07/2024 07:31;Não
2024-34428062-3;(BM) 2024-030680743-001;08/07/2024 17:51;RUA CAETES, Nº S/N - NOSSA SENHORA APARECIDA - PASSOS;-20.743.907;-466.081.916;P02003 - VISTORIA EM LOTE VAGO (C) (Prioridade: 2 - Média);1CIA IND/2CIA/1PEL(PASSOS);ASL06087;Não;Não;Não;BOLETIM DE OCORRENCIA;Classificada;09/07/2024 07:31;Não
2024-34428177-5;(BM) 2024-030682181-001;08/07/2024 18:00;RUA CAETES, Nº S/N - NOSSA SENHORA APARECIDA - PASSOS;-20.743.907;-466.081.916;P02003 - VISTORIA EM LOTE VAGO (C) (Prioridade: 2 - Média);1CIA IND/2CIA/1PEL(PASSOS);ASL06087;Não;Não;Não;BOLETIM DE OCORRENCIA;Classificada;09/07/2024 07:30;Não
2024-34428272-6;(BM) 2024-030682846-001;08/07/2024 18:03;RUA TUPINAMBAS, Nº S/N - NOSSA SENHORA APARECIDA - PASSOS;-207.454.038;-466.082.268;P02003 - VISTORIA EM LOTE VAGO (C) (Prioridade: 2 - Média);1CIA IND/2CIA/1PEL(PASSOS);ASL06087;Não;Não;Não;BOLETIM DE OCORRENCIA;Classificada;09/07/2024 07:30;Não
2024-34429085-4;(BM) 2024-030755523-001;08/07/2024 18:55;RUA TENENTE VASCONCELOS, Nº 305 - CENTRO - PASSOS;-207.144.638;-46.609.694;S06001 - SALVAMENTO DE ANIMAL EM RISCO / PERIGO (C) (Prioridade: 2 - Média);1CIA IND/2CIA/1PEL(PASSOS);ABTS00495;Não;Não;Não;BOLETIM DE OCORRENCIA;Classificada;09/07/2024 07:30;Não
2024-34429533-3;(BM) 2024-030755473-001;08/07/2024 19:20;AVENIDA NACOES, Nº S/N - VILAGIO D ITALIA - PASSOS;;;O04012 - INCENDIO EM LOTE VAGO (AREA URBANA) (C) (Prioridade: 2 - Média);1CIA IND/2CIA/1PEL(PASSOS);ABTS00495;Não;Não;Não;BOLETIM DE OCORRENCIA;Classificada;09/07/2024 07:30;Não
2024-34435885-5;(BM) 2024-030759428-001;09/07/2024 08:17;RUA DOUTOR CARVALHO, Nº 1455 - NOSSA SENHORA DAS GRAÇAS - PASSOS;-207.352.269;-466.037.303;Q03020 - TREINAMENTO DE PILOTO DE RPA (C) (Prioridade: 3 - Baixa);1CIA IND/2CIA/1PEL(PASSOS);BM1549807;Não;Não;Não;BOLETIM DE OCORRENCIA;Classificada;10/07/2024 14:23;Não
2024-34436089-5;(BM) 2024-030761455-001;09/07/2024 08:39;RUA SAO MIGUEL, Nº S/N - JARDIM PLANALTO - PASSOS;-20.722.654;-466.243.921;P02003 - VISTORIA EM LOTE VAGO (C) (Prioridade: 2 - Média);1CIA IND/2CIA/1PEL(PASSOS);ASL06087;Não;Não;Não;BOLETIM DE OCORRENCIA;Classificada;10/07/2024 14:23;Não
2024-34436380-4;(BM) 2024-030764706-001;09/07/2024 09:07;RUA CESARINO ANACLETO MAIA, Nº S/N - JARDIM PLANALTO - PASSOS;-207.222.197;-466.240.239;P02003 - VISTORIA EM LOTE VAGO (C) (Prioridade: 2 - Média);1CIA IND/2CIA/1PEL(PASSOS);ASL06087;Não;Não;Não;BOLETIM DE OCORRENCIA;Classificada;10/07/2024 14:23;Não
2024-34436609-3;(BM) 2024-030768429-001;09/07/2024 09:33;RUA GERALDO MIGUEL DA FONSECA, Nº 50 - JARDIM PLANALTO - PASSOS;-207.222.043;-466.259.614;P02003 - VISTORIA EM LOTE VAGO (C) (Prioridade: 2 - Média);1CIA IND/2CIA/1PEL(PASSOS);ASL06087;Não;Não;Não;BOLETIM DE OCORRENCIA;Classificada;10/07/2024 14:24;Não
2024-34436805-1;(BM) 2024-030770889-001;09/07/2024 09:46;RODOVIA MG 050, Nº S/N - PASSOS;-207.372.242;-466.331.087;Y40035 - APOIO DE SOLO EM OPERACOES AEREAS (C) (Prioridade: 2 - Média);1CIA IND/2CIA/1PEL(PASSOS);UR00565;Não;Não;Não;BOLETIM DE OCORRENCIA;Classificada;10/07/2024 06:51;Não
2024-34437585-2;(BM) 2024-030788499-001;09/07/2024 10:54;RUA RIO GRANDE DO SUL, Nº 362 - BELA VISTA - PASSOS;-207.159.347;-465.986.707;V01013 - VITIMA DE EMERGENCIAS PSIQUIATRICAS (C) (Prioridade: 1 - Alta);1CIA IND/2CIA/1PEL(PASSOS);UR00565;Não;Não;Não;BOLETIM DE OCORRENCIA;Classificada;10/07/2024 06:52;Não
2024-34437824-1;(BM) 2024-030784800-001;09/07/2024 11:13;FAZENDA OLHOS DAGUA, Nº S/N - DELFINOPOLIS;-204.300.865;-467.215.534;O04008 - INCENDIO EM AREA RURAL NAO PROTEGIDA (C) (Prioridade: 2 - Média);1CIA IND/2CIA/1PEL(PASSOS);ASL06087;Não;Não;Não;BOLETIM DE OCORRENCIA;Classificada;10/07/2024 06:53;Não
2024-34437972-9;(BM) 2024-030801117-001;09/07/2024 11:25;ESTRADA PRINCIPAL BANANAL, Nº S/N - PASSOS;-20.650.833;-46.740.833;V01024 - VITIMA DE SUICIDIO (TENTATIVA) - APH CLINICO (C) (Prioridade: 1 - Alta);1CIA IND/2CIA/1PEL(PASSOS);UR00565;Não;Não;Não;BOLETIM DE OCORRENCIA;Classificada;10/07/2024 06:52;Não
2024-34438822-1;(BM) 2024-030796006-001;09/07/2024 12:56;RUA NORUEGA, Nº 77 - NOVO MUNDO 2 - PASSOS;-207.281.157;-465.895.132;P01001 - VISTORIA DE FISCALIZACAO (C) (Prioridade: 2 - Média);1CIA IND/2CIA/PEL PREV E VIST(PASSOS);APF01362;Não;Não;Não;BOLETIM DE OCORRENCIA;Classificada;10/07/2024 14:24;Não
2024-34439088-9;(BM) 2024-030810224-001;09/07/2024 13:23;RUA RANDOLFO LEMOS VASCONCELOS JUNIOR, Nº S/N - CONDOMÍNIO VALE VERDE - PASSOS;-207.247.342;-465.877.754;P01001 - VISTORIA DE FISCALIZACAO (C) (Prioridade: 2 - Média);1CIA IND/2CIA/PEL PREV E VIST(PASSOS);APF01362;Não;Não;Não;BOLETIM DE OCORRENCIA;Classificada;10/07/2024 14:24;Não
2024-34439918-4;;09/07/2024 14:19;AVENIDA da moda, Nº S/N - CENTRO - PASSOS;;;S05308 - COLISAO ENTRE AUTOMOVEL X MOTOCICLETA (C) (Prioridade: 1 - Alta);1CIA IND/2CIA/1PEL(PASSOS);;Não;Não;Não;ATENDIDA PELO SAMU;Classificada;09/07/2024 15:23;Não
2024-34440148-6;(BM) 2024-030841827-001;09/07/2024 14:31;CHACARA PEIXOTOS, Nº S/N - PASSOS;-207.413.351;-465.797.202;O04007 - INCENDIO EM PROPRIEDADE RURAL PARTICULAR (C) (Prioridade: 2 - Média);1CIA IND/2CIA/1PEL(PASSOS);ABTS00495;Não;Não;Não;BOLETIM DE OCORRENCIA;Classificada;10/07/2024 06:52;Não
2024-34440413-5;;09/07/2024 14:45;RUA PADRE PIRES, Nº 499 - SAO FRANCISCO - PASSOS;-207.278.201;-46.621.121;V01018 - VITIMA DE MAL NAO DEFINIDO (DISTURBIO) (C) (Prioridade: 1 - Alta);1CIA IND/2CIA/1PEL(PASSOS);;Não;Não;Não;ATENDIDA PELO SAMU;Classificada;09/07/2024 15:40;Não
2024-34440515-5;;09/07/2024 14:50;RUA RIO TIETE, Nº 553 - SANTA LUZIA - PASSOS;-207.074.537;-466.007.164;V01010 - VITIMA COM DOR TORACICA/SUSPEITA DE INFARTO (IAM) (C) (Prioridade: 1 - Alta);1CIA IND/2CIA/1PEL(PASSOS);;Não;Não;Não;DISPENSADA PELO SOLICITANTE;Classificada;09/07/2024 15:21;Não
2024-34440945-4;;09/07/2024 15:11;ESTRADA PRINCIPAL ESTRADA LINHA DAS AGUAS, Nº S/N - PASSOS;-2.084.525;-46.554.028;W98011 - SOLICITACAO DE APOIO (C) (Prioridade: 1 - Alta);1CIA IND/2CIA/1PEL(PASSOS);;Não;Não;Não;DISPENSADA PELO SOLICITANTE;Classificada;09/07/2024 15:49;Não
2024-34445201-4;(BM) 2024-030879165-001;09/07/2024 19:25;RUA ARAGUAINA, Nº 530 - PASSOS;-207.315.253;-466.184.016;S06001 - SALVAMENTO DE ANIMAL EM RISCO / PERIGO (C) (Prioridade: 2 - Média);1CIA IND/2CIA/1PEL(PASSOS);ABTS00495;Não;Não;Não;BOLETIM DE OCORRENCIA;Classificada;10/07/2024 14:24;Não
2024-34451293-7;(BM) 2024-030931282-001;10/07/2024 08:02;FAZENDA SANTA RITA, Nº S/N - IBIRACI;-203.985.319;-471.079.953;P01002 - VISTORIA DE LIBERACAO / EMISSAO DE AVCB (C) (Prioridade: 2 - Média);1CIA IND/2CIA/1PEL(PASSOS);ASL06087;Não;Não;Não;BOLETIM DE OCORRENCIA;Classificada;10/07/2024 22:28;Não
2024-34451372-1;(BM) 2024-030930250-001;10/07/2024 08:09;RUA CANAPE, Nº 79 - CASARAO - PASSOS;-20.720.512;-465.904.064;Q02009 - PALESTRA DE PRIMEIROS SOCORROS (C) (Prioridade: 2 - Média);1CIA IND/2CIA/1PEL(PASSOS);BM1637750;Não;Não;Não;BOLETIM DE OCORRENCIA;Classificada;10/07/2024 22:28;Não
2024-34451375-0;(BM) 2024-030930300-001;10/07/2024 08:12;RUA DOUTOR CARVALHO, Nº 1455 - NOSSA SENHORA DAS GRAÇAS - PASSOS;-207.352.269;-466.037.303;W06000 - TESTE (C) (Prioridade: 3 - Baixa);1CIA IND/2CIA/1PEL(PASSOS);1193;Não;Não;Não;BOLETIM DE OCORRENCIA;Classificada;10/07/2024 22:28;Não
2024-34451593-0;(BM) 2024-031065850-001;10/07/2024 08:32;RUA DOUTOR CARVALHO, Nº 1455 - NOSSA SENHORA DAS GRAÇAS - PASSOS;-207.352.269;-466.037.303;Q03020 - TREINAMENTO DE PILOTO DE RPA (C) (Prioridade: 3 - Baixa);1CIA IND/2CIA/1PEL(PASSOS);BM1549807;Não;Não;Não;BOLETIM DE OCORRENCIA;Classificada;10/07/2024 22:28;Não
2024-34452159-0;(BM) 2024-030968068-001;10/07/2024 09:32;TRAVESSA DEZOITO DE SETEMBRO, Nº 155 - JARDIM SATELITE - PASSOS;-207.146.851;-466.209.312;P02011 - VISTORIA EM ENXAME DE INSETOS (C) (Prioridade: 2 - Média);1CIA IND/2CIA/1PEL(PASSOS);ABTS00495;Não;Não;Não;BOLETIM DE OCORRENCIA;Classificada;10/07/2024 22:28;Não
2024-34452646-0;(BM) 2024-030945665-001;10/07/2024 10:13;PRACA BARAO CAMBUI, Nº 189 - CENTRO - CASSIA;-205.832.713;-469.221.204;P01002 - VISTORIA DE LIBERACAO / EMISSAO DE AVCB (C) (Prioridade: 2 - Média);1CIA IND/2CIA/1PEL(PASSOS);ASL06087;Não;Não;Não;BOLETIM DE OCORRENCIA;Classificada;10/07/2024 22:28;Não
2024-34454386-2;(BM) 2024-030968001-001;10/07/2024 12:48;RUA NITEROI, Nº 262 - POLIVALENTE - PASSOS;-207.051.459;-465.953.877;O04012 - INCENDIO EM LOTE VAGO (AREA URBANA) (C) (Prioridade: 2 - Média);1CIA IND/2CIA/1PEL(PASSOS);ABTS00495;Não;Não;Não;BOLETIM DE OCORRENCIA;Classificada;10/07/2024 22:31;Não
2024-34454883-7;(BM) 2024-030972915-001;10/07/2024 13:33;RUA BOM SUCESSO, Nº 273 - SAO FRANCISCO - PASSOS;;;V03018 - VITIMA DE QUEDA DA PROPRIA ALTURA (C) (Prioridade: 1 - Alta);1CIA IND/2CIA/1PEL(PASSOS);UR00565;Não;Não;Não;BOLETIM DE OCORRENCIA;Classificada;10/07/2024 22:31;Não
2024-34455293-9;(BM) 2024-030978728-001;10/07/2024 14:06;RUA CHILE, Nº 34 - POLIVALENTE - PASSOS;-207.063.056;-466.077.359;P02003 - VISTORIA EM LOTE VAGO (C) (Prioridade: 2 - Média);1CIA IND/2CIA/1PEL(PASSOS);ABTS00495;Não;Não;Não;BOLETIM DE OCORRENCIA;Classificada;10/07/2024 22:31;Não
2024-34455459-0;(BM) 2024-030979839-001;10/07/2024 14:19;RUA DONA BINA / RUA CALIMERIO LOPES - JARDIM FLORENCA - PASSOS;-206.896.713;-46.617.539;P02003 - VISTORIA EM LOTE VAGO (C) (Prioridade: 2 - Média);1CIA IND/2CIA/1PEL(PASSOS);ABTS00495;Não;Não;Não;BOLETIM DE OCORRENCIA;Classificada;10/07/2024 22:31;Não
2024-34455532-8;(BM) 2024-030979434-001;10/07/2024 14:21;RUA MATILDE LOPES, Nº S/N - JARDIM FLORENCA - PASSOS;-206.889.343;-466.171.058;P02003 - VISTORIA EM LOTE VAGO (C) (Prioridade: 2 - Média);1CIA IND/2CIA/1PEL(PASSOS);UR00565 / ABTS00495;Não;Não;Não;BOLETIM DE OCORRENCIA;Classificada;10/07/2024 22:31;Não
2024-34455945-8;(BM) 2024-031014911-001;10/07/2024 14:44;RODOVIA MG 050, Km 358 - PASSOS;-20.738.097;-466.350.443;Y40035 - APOIO DE SOLO EM OPERACOES AEREAS (C) (Prioridade: 2 - Média);1CIA IND/2CIA/1PEL(PASSOS);UR00565;Não;Não;Não;BOLETIM DE OCORRENCIA;Classificada;10/07/2024 22:31;Não
2024-34456308-0;(BM) 2024-030989756-001;10/07/2024 15:04;RUA GOIAS, Nº 1341 - BELA VISTA - PASSOS;-207.125.046;-465.990.679;P01001 - VISTORIA DE FISCALIZACAO (C) (Prioridade: 2 - Média);1CIA IND/2CIA/PEL PREV E VIST(PASSOS);APF01362;Não;Não;Não;BOLETIM DE OCORRENCIA;Classificada;10/07/2024 22:31;Não
2024-34458088-6;;10/07/2024 16:47;RUA GARCA, Nº S/N - PARQUE DA FAZENDA - PASSOS;-207.398.658;-466.075.725;S05308 - COLISAO ENTRE AUTOMOVEL X MOTOCICLETA (C) (Prioridade: 1 - Alta);1CIA IND/2CIA/1PEL(PASSOS);;Não;Não;Não;ATENDIDA PELO SAMU;Classificada;10/07/2024 17:12;Não
2024-34458648-9;(BM) 2024-031023890-001;10/07/2024 17:25;RUA NEVADA, Nº 366 - RESIDENCIAL ELDORADO - PASSOS;-207.297.596;-466.214.272;P02011 - VISTORIA EM ENXAME DE INSETOS (C) (Prioridade: 2 - Média);1CIA IND/2CIA/1PEL(PASSOS);ASL06087;Não;Não;Não;BOLETIM DE OCORRENCIA;Classificada;10/07/2024 22:31;Não
2024-34459244-5;(BM) 2024-031028577-001;10/07/2024 17:59;RUA ITAJUBA, Nº 121 - MARIO MAGALHAES - PASSOS;-207.259.107;-466.143.281;V01023 - VITIMA DE SINCOPE (DESMAIO)/VERTIGEM (C) (Prioridade: 1 - Alta);1CIA IND/2CIA/1PEL(PASSOS);UR00565;Não;Não;Não;BOLETIM DE OCORRENCIA;Classificada;10/07/2024 22:31;Não
2024-34459669-4;(BM) 2024-031028840-001;10/07/2024 18:25;TRAVESSA DEZOITO DE SETEMBRO, Nº 155 - JARDIM SATELITE - PASSOS;-207.146.851;-466.209.312;S06006 - EXTERMINIO DE INSETOS (C) (Prioridade: 2 - Média);1CIA IND/2CIA/1PEL(PASSOS);ASL06087;Não;Não;Não;BOLETIM DE OCORRENCIA;Classificada;10/07/2024 22:31;Não
2024-34459940-6;(BM) 2024-031031410-001;10/07/2024 18:42;ESTRADA AREIAS, Nº S/N - PASSOS;-207.381.807;-46.581.987;V01007 - VITIMA COM DISPNEIA (FALTA DE AR) (C) (Prioridade: 1 - Alta);1CIA IND/2CIA/1PEL(PASSOS);UR00565;Não;Não;Não;BOLETIM DE OCORRENCIA;Classificada;10/07/2024 22:31;Não
2024-34460649-4;;10/07/2024 19:31;RUA OLAVO BILAC, Nº 37 - PARQUE VIVALDI LEITE RIBEIRO - POCOS DE CALDAS;;;V03018 - VITIMA DE QUEDA DA PROPRIA ALTURA (C) (Prioridade: 1 - Alta);1CIA IND (POCOS DE CALDAS);;Não;Não;Não;DISPENSADA PELO SOLICITANTE;Classificada;10/07/2024 19:41;Não
2024-34461440-6;(BM) 2024-031084816-001;10/07/2024 20:23;RUA DENIS PROVENZANI DE ALMEIDA, Nº S/N - RESIDENCIAL VILLAGIO DI ITALIA - PASSOS;-207.324.276;-4.659.219;O04012 - INCENDIO EM LOTE VAGO (AREA URBANA) (C) (Prioridade: 2 - Média);1CIA IND/2CIA/1PEL(PASSOS);ABTS00495;Não;Não;Não;BOLETIM DE OCORRENCIA;Classificada;11/07/2024 07:39;Não
2024-34462169-0;(BM) 2024-031054625-001;10/07/2024 21:11;RODOVIA MG 050, Km 339 - PASSOS;-20.718.014;-464.595.361;S06001 - SALVAMENTO DE ANIMAL EM RISCO / PERIGO (C) (Prioridade: 2 - Média);1CIA IND/2CIA/1PEL(PASSOS);ASL06087;Não;Não;Não;BOLETIM DE OCORRENCIA;Classificada;11/07/2024 06:32;Não
2024-34463922-8;(BM) 2024-031073493-001;10/07/2024 23:09;RUA DOUTOR CARVALHO, Nº 1455 - NOSSA SENHORA DAS GRAÇAS - PASSOS;-207.352.269;-466.037.303;Q03005 - TREINAMENTO DE SALVAMENTO TERRESTRE (C) (Prioridade: 2 - Média);1CIA IND/2CIA/1PEL(PASSOS);BM1551159;Não;Não;Não;BOLETIM DE OCORRENCIA;Classificada;11/07/2024 06:32;Não
2024-34466839-2;(BM) 2024-031110017-001;11/07/2024 07:56;RUA UNAI, Nº 205 - CALIFORNIA - PASSOS;-207.033.204;-466.168.589;V01018 - VITIMA DE MAL NAO DEFINIDO (DISTURBIO) (C) (Prioridade: 1 - Alta);1CIA IND/2CIA/1PEL(PASSOS);UR00565;Não;Não;Não;BOLETIM DE OCORRENCIA;Classificada;12/07/2024 06:11;Não
2024-34466957-9;(BM) 2024-031130648-001;11/07/2024 08:08;AVENIDA COMENDADOR FRANCISCO A MAIA, Nº 3309 - BELO HORIZONTE - PASSOS;-207.274.548;-466.104.917;U80002 - LAVAGEM DE LOCAIS DIVERSOS (C) (Prioridade: 3 - Baixa);1CIA IND/2CIA/1PEL(PASSOS);ABTS00495;Não;Não;Não;BOLETIM DE OCORRENCIA;Classificada;12/07/2024 06:10;Não
2024-34467964-0;(BM) 2024-031114632-001;11/07/2024 09:53;RUA TURQUESA, Nº 1803 - ACLIMACAO - PASSOS;-207.549.884;-46.597.754;X03000 - EMPENHO ADMINISTRATIVO (C) (Prioridade: 2 - Média);1CIA IND/2CIA/PEL PREV E VIST(PASSOS);APF01362;Não;Não;Não;BOLETIM DE OCORRENCIA;Classificada;12/07/2024 06:11;Não
2024-34467981-9;(BM) 2024-031114736-001;11/07/2024 09:54;RUA PANORAMA, Nº S/N - PANORAMA - PASSOS;-207.089.986;-466.183.529;P01002 - VISTORIA DE LIBERACAO / EMISSAO DE AVCB (C) (Prioridade: 2 - Média);1CIA IND/2CIA/1PEL(PASSOS);TPO00155;Não;Não;Não;BOLETIM DE OCORRENCIA;Classificada;12/07/2024 06:11;Não
2024-34468050-0;(BM) 2024-031130635-001;11/07/2024 09:59;AVENIDA NACOES, Nº 1086 - NOVO MUNDO 4 - PASSOS;-207.291.885;-465.882.335;S07001 - VAZAMENTO DE GLP/GAS NATURAL (COZINHA) (C) (Prioridade: 1 - Alta);1CIA IND/2CIA/1PEL(PASSOS);ASL06087;Não;Não;Não;BOLETIM DE OCORRENCIA;Classificada;12/07/2024 06:12;Não
2024-34468509-9;(BM) 2024-031122156-001;11/07/2024 10:45;RUA OTAVIO RODRIGUES VASCONCELOS, Nº 415 - SAO JOAO - PASSOS;-207.352.431;-46.609.593;P01001 - VISTORIA DE FISCALIZACAO (C) (Prioridade: 2 - Média);1CIA IND/2CIA/1PEL(PASSOS);TPO00155;Não;Não;Não;BOLETIM DE OCORRENCIA;Classificada;12/07/2024 06:11;Não
2024-34468754-2;(BM) 2024-031125225-001;11/07/2024 11:07;RUA LEAO, Nº 43 - SERRA VERDE - PASSOS;-207.404.473;-465.972.832;P01001 - VISTORIA DE FISCALIZACAO (C) (Prioridade: 2 - Média);1CIA IND/2CIA/1PEL(PASSOS);TPO00155;Não;Não;Não;BOLETIM DE OCORRENCIA;Classificada;12/07/2024 06:11;Não
2024-34469403-3;(BM) 2024-031133366-001;11/07/2024 12:15;AVENIDA EXPEDICIONARIOS, Nº S/N - MIRANTE DO VALE - PASSOS;-207.256.744;-465.818.365;P02003 - VISTORIA EM LOTE VAGO (C) (Prioridade: 2 - Média);1CIA IND/2CIA/1PEL(PASSOS);ASL06087;Não;Não;Não;BOLETIM DE OCORRENCIA;Classificada;12/07/2024 06:11;Não
2024-34469527-6;(BM) 2024-031134962-001;11/07/2024 12:29;RUA JOAO TEIXEIRA MENDES, Nº 949 - JARDIM ITALIA - PASSOS;-207.501.458;-466.064.373;W01000 - SOLICITANTE NAO ENCONTRADO (C) (Prioridade: 3 - Baixa);1CIA IND/2CIA/1PEL(PASSOS);UR00565;Não;Não;Não;BOLETIM DE OCORRENCIA;Classificada;12/07/2024 06:10;Não
2024-34469602-0;(BM) 2024-031134988-001;11/07/2024 12:37;AVENIDA EXPEDICIONARIOS, Nº S/N - MIRANTE DO VALE - PASSOS;-207.256.744;-465.818.365;P02003 - VISTORIA EM LOTE VAGO (C) (Prioridade: 2 - Média);1CIA IND/2CIA/1PEL(PASSOS);ASL06087;Não;Não;Não;BOLETIM DE OCORRENCIA;Classificada;12/07/2024 06:11;Não
2024-34469725-0;(BM) 2024-031136294-001;11/07/2024 12:52;RUA SAO VICENTE, Nº S/N - MARCILIO DINIZ - CAPETINGA;-206.152.598;-470.604.631;P01003 - VISTORIA EM EVENTOS TEMPORARIOS (C) (Prioridade: 1 - Alta);1CIA IND/2CIA/PEL PREV E VIST(PASSOS);APF01362;Não;Não;Não;BOLETIM DE OCORRENCIA;Classificada;12/07/2024 06:12;Não
2024-34469726-2;(BM) 2024-031155429-001;11/07/2024 12:53;RUA NORUEGA, Nº 324 - NOVO MUNDO - PASSOS;-207.261.028;-46.588.905;S04009 - SALVAMENTO DE PESSOA PRESA EM IMOVEL (C) (Prioridade: 2 - Média);1CIA IND/2CIA/1PEL(PASSOS);UR00565 / ASL06087;Não;Não;Não;BOLETIM DE OCORRENCIA;Classificada;12/07/2024 06:11;Não
2024-34470580-6;(BM) 2024-031155340-001;11/07/2024 14:03;RUA QUILOMBO, Nº 414 - CASARAO - PASSOS;-207.186.217;-46.587.181;V01004 - VITIMA COM CRISE DIABETICA / HIPOGLICEMIA (C) (Prioridade: 1 - Alta);1CIA IND/2CIA/1PEL(PASSOS);UR00565;Não;Não;Não;BOLETIM DE OCORRENCIA;Classificada;12/07/2024 06:12;Não
2024-34473064-3;(BM) 2024-031176712-001;11/07/2024 16:19;AVENIDA COMENDADOR FRANCISCO A MAIA, Nº 2258 - PASSOS;-207.193.701;-466.131.109;W04000 - NADA CONSTATADO (C) (Prioridade: 3 - Baixa);1CIA IND/2CIA/1PEL(PASSOS);UR00565;Não;Não;Não;BOLETIM DE OCORRENCIA;Classificada;12/07/2024 06:10;Não
2024-34473342-4;(BM) 2024-031179835-001;11/07/2024 16:35;RUA ROBERVAL FERREIRA DE ALMEIDA, Nº 94 - SANTA CASA - PASSOS;-207.102.348;-466.096.544;O04012 - INCENDIO EM LOTE VAGO (AREA URBANA) (C) (Prioridade: 2 - Média);1CIA IND/2CIA/1PEL(PASSOS);ABTS00495;Não;Não;Não;BOLETIM DE OCORRENCIA;Classificada;12/07/2024 06:11;Não
2024-34473589-7;(BM) 2024-031237304-001;11/07/2024 16:53;RUA DOUTOR CARVALHO, Nº 1455 - NOSSA SENHORA DAS GRAÇAS - PASSOS;-207.352.269;-466.037.303;Q03020 - TREINAMENTO DE PILOTO DE RPA (C) (Prioridade: 3 - Baixa);1CIA IND/2CIA/1PEL(PASSOS);BM1549807;Não;Não;Não;BOLETIM DE OCORRENCIA;Classificada;12/07/2024 06:11;Não
2024-34474553-5;(BM) 2024-031206360-001;11/07/2024 17:52;RUA JUIZ DE FORA, Nº 1097 - COHAB 3 - PASSOS;-207.045.874;-46.625.358;V01024 - VITIMA DE SUICIDIO (TENTATIVA) - APH CLINICO (C) (Prioridade: 1 - Alta);1CIA IND/2CIA/1PEL(PASSOS);UR00565;Não;Não;Não;BOLETIM DE OCORRENCIA;Classificada;12/07/2024 06:12;Não
2024-34476929-0;(BM) 2024-031217699-001;11/07/2024 20:23;AVENIDA EXPEDICIONARIOS, Nº S/N - MIRANTE DO VALE - PASSOS;-207.256.744;-465.818.365;P02003 - VISTORIA EM LOTE VAGO (C) (Prioridade: 2 - Média);1CIA IND/2CIA/1PEL(PASSOS);ASL06087;Não;Não;Não;BOLETIM DE OCORRENCIA;Classificada;12/07/2024 06:11;Não
2024-34477099-0;(BM) 2024-031218979-001;11/07/2024 20:35;AVENIDA EXPEDICIONARIOS, Nº S/N - MIRANTE DO VALE - PASSOS;-207.256.744;-465.818.365;P02003 - VISTORIA EM LOTE VAGO (C) (Prioridade: 2 - Média);1CIA IND/2CIA/1PEL(PASSOS);ASL06087;Não;Não;Não;BOLETIM DE OCORRENCIA;Classificada;12/07/2024 06:11;Não
2024-34479607-0;(BM) 2024-031249064-001;11/07/2024 23:24;RUA VARGINHA, Nº 509 - primaveira - PASSOS;;;W04000 - NADA CONSTATADO (C) (Prioridade: 3 - Baixa);1CIA IND/2CIA/1PEL(PASSOS);UR00565;Não;Não;Não;BOLETIM DE OCORRENCIA;Classificada;12/07/2024 06:11;Não
2024-34480990-4;(BM) 2024-031258670-001;12/07/2024 01:54;RUA DOUTOR CARVALHO, Nº 1455 - NOSSA SENHORA DAS GRAÇAS - PASSOS;-207.352.269;-466.037.303;V01019 - VITIMA COM OBSTRUCAO DE VIAS AEREAS POR CORPOS ESTRANHOS (C) (Prioridade: 1 - Alta);1CIA IND/2CIA/1PEL(PASSOS);UR00565;Não;Não;Não;BOLETIM DE OCORRENCIA;Classificada;12/07/2024 07:58;Não
2024-34481665-9;(BM) 2024-031264006-001;12/07/2024 05:45;RUA AQUARIO, Nº 90 - SERRA VERDE - PASSOS;-207.409.699;-46.595.769;V01015 - VITIMA COM HEMORRAGIA (C) (Prioridade: 1 - Alta);1CIA IND/2CIA/1PEL(PASSOS);UR00565;Não;Não;Não;BOLETIM DE OCORRENCIA;Classificada;12/07/2024 07:58;Não
2024-34482836-5;(BM) 2024-031279528-001;12/07/2024 08:47;RUA ADELIA FERREIRA DE SOUZA, Nº S/N - JARDIM CANADA - PASSOS;-207.542.559;-466.068.931;P02003 - VISTORIA EM LOTE VAGO (C) (Prioridade: 2 - Média);1CIA IND/2CIA/1PEL(PASSOS);ASL06087;Não;Não;Não;BOLETIM DE OCORRENCIA;Classificada;13/07/2024 08:09;Não
2024-34482883-5;(BM) 2024-031275796-001;12/07/2024 08:48;RUA APRIGIO DE OLIVEIRA, Nº S/N - CENTRO - ALPINOPOLIS;-208.667.949;-463.885.166;P01003 - VISTORIA EM EVENTOS TEMPORARIOS (C) (Prioridade: 1 - Alta);1CIA IND/2CIA/PEL PREV E VIST(PASSOS);APF01362;Não;Não;Não;BOLETIM DE OCORRENCIA;Classificada;13/07/2024 08:08;Não
2024-34483189-5;(BM) 2024-031278627-001;12/07/2024 09:23;RUA OTAWA, Nº 31 - JARDIM CANADA II - PASSOS;-207.481.667;-466.100.629;P02003 - VISTORIA EM LOTE VAGO (C) (Prioridade: 2 - Média);1CIA IND/2CIA/1PEL(PASSOS);ASL06087;Não;Não;Não;BOLETIM DE OCORRENCIA;Classificada;13/07/2024 08:09;Não
2024-34483284-6;(BM) 2024-031280745-001;12/07/2024 09:32;RUA ADELIA FERREIRA DE SOUZA, Nº S/N - JARDIM CANADA - PASSOS;-207.542.559;-466.068.931;P02003 - VISTORIA EM LOTE VAGO (C) (Prioridade: 2 - Média);1CIA IND/2CIA/1PEL(PASSOS);ASL06087;Não;Não;Não;BOLETIM DE OCORRENCIA;Classificada;13/07/2024 08:09;Não
2024-34484694-3;(BM) 2024-031303215-001;12/07/2024 11:28;RUA DOUTOR CARVALHO, Nº 1455 - NOSSA SENHORA DAS GRAÇAS - PASSOS;-207.352.269;-466.037.303;Q03020 - TREINAMENTO DE PILOTO DE RPA (C) (Prioridade: 3 - Baixa);1CIA IND/2CIA/1PEL(PASSOS);BM1549807;Não;Não;Não;BOLETIM DE OCORRENCIA;Classificada;13/07/2024 08:09;Não
2024-34484699-7;(BM) 2024-031303228-001;12/07/2024 11:30;RODOVIA MG 050, Nº S/N - PASSOS;-207.372.242;-466.331.087;V01018 - VITIMA DE MAL NAO DEFINIDO (DISTURBIO) (C) (Prioridade: 1 - Alta);1CIA IND/2CIA/1PEL(PASSOS);UR00565;Não;Não;Não;BOLETIM DE OCORRENCIA;Classificada;13/07/2024 08:08;Não
2024-34485075-7;(BM) 2024-031303165-001;12/07/2024 12:09;RUA GOIAS, Nº S/N - SANTA LUZIA - PASSOS;-207.077.147;-466.045.927;O04013 - INCENDIO EM PASTO (C) (Prioridade: 2 - Média);1CIA IND/2CIA/1PEL(PASSOS);ABTS00495;Não;Não;Não;BOLETIM DE OCORRENCIA;Classificada;13/07/2024 08:09;Não
2024-34485257-4;(BM) 2024-031306550-001;12/07/2024 12:32;RUA GUATEMALA, Nº 34 - JARDIM POLIVALENTE - PASSOS;;;O04012 - INCENDIO EM LOTE VAGO (AREA URBANA) (C) (Prioridade: 2 - Média);1CIA IND/2CIA/1PEL(PASSOS);ASL06087;Não;Não;Não;BOLETIM DE OCORRENCIA;Classificada;13/07/2024 08:09;Não
2024-34485401-9;(BM) 2024-031315291-001;12/07/2024 12:46;RUA PRESIDENTE GETULIO VARGAS, Nº S/N - CENTRO - IBIRACI;-204.607.818;-471.212.729;P01003 - VISTORIA EM EVENTOS TEMPORARIOS (C) (Prioridade: 1 - Alta);1CIA IND/2CIA/PEL PREV E VIST(PASSOS);APF01362;Não;Não;Não;BOLETIM DE OCORRENCIA;Classificada;13/07/2024 08:08;Não
2024-34485908-0;(BM) 2024-031315116-001;12/07/2024 13:37;AVENIDA ARLINDO FIGUEIREDO, Nº 199 - CANDEIAS - PASSOS;-207.223.839;-466.152.088;P03001 - PERIGO DE DERRAPAGEM (C) (Prioridade: 2 - Média);1CIA IND/2CIA/1PEL(PASSOS);ABTS00495;Não;Não;Não;BOLETIM DE OCORRENCIA;Classificada;13/07/2024 08:09;Não
2024-34489307-2;(BM) 2024-031352926-001;12/07/2024 17:00;AVENIDA ARLINDO FIGUEIREDO, Nº 1001 - JARDIM PINHEIROS 2 - PASSOS;-207.260.793;-466.223.701;O04011 - INCENDIO EM AREA URBANA NAO PROTEGIDA (C) (Prioridade: 2 - Média);1CIA IND/2CIA/1PEL(PASSOS);ABTS00495;Não;Não;Não;BOLETIM DE OCORRENCIA;Classificada;13/07/2024 08:08;Não
2024-34490749-8;(BM) 2024-031365427-001;12/07/2024 18:26;AVENIDA COMENDADOR FRANCISCO A MAIA, Nº 4050 - EXPOSICAO - PASSOS;-207.333.293;-466.060.067;P03999 - OUTROS TIPOS DE PCI / PCA   (C) (Prioridade: 2 - Média);1CIA IND/2CIA/1PEL(PASSOS);UR00565;Não;Não;Não;BOLETIM DE OCORRENCIA;Classificada;13/07/2024 08:08;Não
2024-34491310-0;(BM) 2024-031370984-001;12/07/2024 19:02;RUA VARGINHA, Nº 509 - COHAB 2 - PASSOS;-207.077.019;-466.293.699;V01024 - VITIMA DE SUICIDIO (TENTATIVA) - APH CLINICO (C) (Prioridade: 1 - Alta);1CIA IND/2CIA/1PEL(PASSOS);UR00565;Não;Não;Não;BOLETIM DE OCORRENCIA;Classificada;13/07/2024 08:08;Não
2024-34491358-6;(BM) 2024-031370928-001;12/07/2024 19:09;RUA JOAO TEIXEIRA MENDES, Nº S/N - FLAMBOYANT - PASSOS;-207.548.252;-466.033.392;P03999 - OUTROS TIPOS DE PCI / PCA   (C) (Prioridade: 2 - Média);1CIA IND/2CIA/1PEL(PASSOS);ASL06087;Não;Não;Não;BOLETIM DE OCORRENCIA;Classificada;13/07/2024 08:08;Não
2024-34492957-6;(BM) 2024-031429655-001;12/07/2024 20:54;RUA SANTA TEREZINHA, Nº 153 - SAO FRANCISCO - PASSOS;-207.269.972;-466.171.989;V03003 - VITIMA DE AGRESSAO FISICA COM ARMA BRANCA (C) (Prioridade: 1 - Alta);1CIA IND/2CIA/1PEL(PASSOS);UR00565;Não;Não;Não;BOLETIM DE OCORRENCIA;Classificada;13/07/2024 08:08;Não
2024-34496034-1;(BM) 2024-031420394-001;12/07/2024 23:56;AVENIDA PERIMETRAL, Nº S/N - PENHA - PASSOS;;;O04013 - INCENDIO EM PASTO (C) (Prioridade: 2 - Média);1CIA IND/2CIA/1PEL(PASSOS);ABTS00495;Não;Não;Não;BOLETIM DE OCORRENCIA;Classificada;13/07/2024 08:08;Não
2024-34496920-8;(BM) 2024-031420338-001;13/07/2024 00:55;RUA FARMACEUTICOS, Nº 937 - MONSENHOR MESSIAS - PASSOS;-207.388.098;-466.000.348;O04012 - INCENDIO EM LOTE VAGO (AREA URBANA) (C) (Prioridade: 2 - Média);1CIA IND/2CIA/1PEL(PASSOS);ABTS00495;Não;Não;Não;BOLETIM DE OCORRENCIA;Classificada;13/07/2024 08:08;Não
2024-34498825-8;(BM) 2024-031434961-001;13/07/2024 06:08;RUA DOUTOR CARVALHO, Nº 1370 - NOSSA SENHORA DAS GRAÇAS - PASSOS;-207.341.662;-4.660.429;V01003 - VITIMA COM CRISE CONVULSIVA (C) (Prioridade: 1 - Alta);1CIA IND/2CIA/1PEL(PASSOS);UR00565;Não;Não;Não;BOLETIM DE OCORRENCIA;Classificada;13/07/2024 08:08;Não
2024-34499755-0;(BM) 2024-031442745-001;13/07/2024 08:54;RUA DOUTOR CARVALHO, Nº 1455 - NOSSA SENHORA DAS GRAÇAS - PASSOS;-207.352.269;-466.037.303;Q03020 - TREINAMENTO DE PILOTO DE RPA (C) (Prioridade: 3 - Baixa);1CIA IND/2CIA/1PEL(PASSOS);BM1549807;Não;Não;Não;BOLETIM DE OCORRENCIA;Classificada;14/07/2024 13:05;Não
2024-34500846-4;(BM) 2024-031502988-001;13/07/2024 11:09;RUA GOIAS, Nº 1572 - BELA VISTA - PASSOS;-207.139.701;-465.977.492;W03000 - SOLICITANTE ENCONTRADO - PROVIDENCIA DISPENSADA (C) (Prioridade: 3 - Baixa);1CIA IND/2CIA/1PEL(PASSOS);ABTS00495;Não;Não;Não;BOLETIM DE OCORRENCIA;Classificada;14/07/2024 13:05;Não
2024-34500874-0;(BM) 2024-031502869-001;13/07/2024 11:13;RUA TAMARES, Nº 94 - NOSSA SENHORA APARECIDA - PASSOS;-207.433.679;-466.077.996;W04000 - NADA CONSTATADO (C) (Prioridade: 3 - Baixa);1CIA IND/2CIA/1PEL(PASSOS);UR00565;Não;Não;Não;BOLETIM DE OCORRENCIA;Classificada;14/07/2024 13:05;Não
2024-34501125-8;(PM) 2024-031457730-001;13/07/2024 11:45;RUA CAMPO FLORIDO / RUA NOSSA SENHORA DE FATIMA - JARDIM ELAINE - PASSOS;-206.967.135;-466.158.335;W98011 - SOLICITACAO DE APOIO (C) (Prioridade: 1 - Alta);1CIA IND/2CIA/1PEL(PASSOS);;Não;Não;Não;ATENDIDA PELO SAMU;Classificada;13/07/2024 13:16;Não
2024-34501715-1;(BM) 2024-031461362-001;13/07/2024 13:00;RODOVIA MG 050, Nº S/N - PASSOS;-207.372.242;-466.331.087;W07000 - TROTE (C) (Prioridade: 3 - Baixa);1CIA IND/2CIA/1PEL(PASSOS);UR00565;Não;Não;Não;BOLETIM DE OCORRENCIA;Classificada;14/07/2024 13:05;Não
2024-34502761-4;(BM) 2024-031470573-001;13/07/2024 14:36;RUA JADE, Nº 297 - ACLIMACAO - PASSOS;;;V03018 - VITIMA DE QUEDA DA PROPRIA ALTURA (C) (Prioridade: 1 - Alta);1CIA IND/2CIA/1PEL(PASSOS);UR00565;Não;Não;Não;BOLETIM DE OCORRENCIA;Classificada;14/07/2024 13:06;Não
2024-34504347-6;(BM) 2024-031496270-001;13/07/2024 16:29;RUA FUNCIONARIOS, Nº 217 - BELO HORIZONTE - PASSOS;-207.316.978;-466.054.753;S03008 - SALVAMENTO DE PESSOA PRESA EM ELEVADOR (C) (Prioridade: 1 - Alta);1CIA IND/2CIA/1PEL(PASSOS);ASL06087;Não;Não;Não;BOLETIM DE OCORRENCIA;Classificada;14/07/2024 13:06;Não
2024-34505909-0;(BM) 2024-031496779-001;13/07/2024 18:15;RUA TEREZA LIMA MAIA, Nº S/N - PENHA 2 - PASSOS;-207.177.481;-466.307.419;P02003 - VISTORIA EM LOTE VAGO (C) (Prioridade: 2 - Média);1CIA IND/2CIA/1PEL(PASSOS);ASL06087;Não;Não;Não;BOLETIM DE OCORRENCIA;Classificada;14/07/2024 13:06;Não
2024-34506387-1;(BM) 2024-031500922-001;13/07/2024 18:48;RUA BOCAIUVA, Nº S/N - COHAB 2 - PASSOS;-207.144.354;-466.266.684;P02003 - VISTORIA EM LOTE VAGO (C) (Prioridade: 2 - Média);1CIA IND/2CIA/1PEL(PASSOS);ASL06087;Não;Não;Não;BOLETIM DE OCORRENCIA;Classificada;14/07/2024 13:06;Não
2024-34506653-3;(BM) 2024-031503274-001;13/07/2024 19:07;RUA BOCAIUVA, Nº S/N - COHAB 2 - PASSOS;-207.144.354;-466.266.684;P02003 - VISTORIA EM LOTE VAGO (C) (Prioridade: 2 - Média);1CIA IND/2CIA/1PEL(PASSOS);ASL06087;Não;Não;Não;BOLETIM DE OCORRENCIA;Classificada;14/07/2024 13:06;Não
2024-34508424-7;(BM) 2024-031522779-001;13/07/2024 20:59;PRACA MONSENHOR MESSIAS BRAGANCA, Nº 80 - CENTRO - PASSOS;-207.175.775;-466.099.009;S03008 - SALVAMENTO DE PESSOA PRESA EM ELEVADOR (C) (Prioridade: 1 - Alta);1CIA IND/2CIA/1PEL(PASSOS);ASL06087;Não;Não;Não;BOLETIM DE OCORRENCIA;Classificada;14/07/2024 13:06;Não
2024-34509335-4;(BM) 2024-031530903-001;13/07/2024 21:56;AVENIDA EXPEDICIONARIOS, Nº 1901 - CASARAO - PASSOS;-20.724.926;-465.897.881;V02408 - VITIMA DE COLISAO ENTRE AUTOMOVEL X MOTOCICLETA (C) (Prioridade: 1 - Alta);1CIA IND/2CIA/1PEL(PASSOS);UR00565;Não;Não;Não;BOLETIM DE OCORRENCIA;Classificada;14/07/2024 13:06;Não
2024-34511884-5;(BM) 2024-031547891-001;14/07/2024 00:18;RUA RIO PARDO, Nº 455 - SANTA LUZIA - PASSOS;-207.072.865;-466.034.601;S06001 - SALVAMENTO DE ANIMAL EM RISCO / PERIGO (C) (Prioridade: 2 - Média);1CIA IND/2CIA/1PEL(PASSOS);ASL06087;Não;Não;Não;BOLETIM DE OCORRENCIA;Classificada;14/07/2024 13:06;Não
2024-34514748-3;(BM) 2024-031565103-001;14/07/2024 06:20;ESTRADA BALSA DO ITACI, Nº S/N - CARMO DO RIO CLARO;-209.718.332;-460.756.397;O04007 - INCENDIO EM PROPRIEDADE RURAL PARTICULAR (C) (Prioridade: 2 - Média);1CIA IND/2CIA/1PEL(PASSOS);ABTS00495 / ASL06087;Não;Não;Não;BOLETIM DE OCORRENCIA;Classificada;15/07/2024 08:03;Não
2024-34515540-8;(BM) 2024-031571900-001;14/07/2024 08:55;RUA DOUTOR CARVALHO, Nº 1455 - NOSSA SENHORA DAS GRAÇAS - PASSOS;-207.352.269;-466.037.303;Q03001 - TREINAMENTO DE COMBATE A INCENDIO (C) (Prioridade: 2 - Média);1CIA IND/2CIA/1PEL(PASSOS);BM1728724;Não;Não;Não;BOLETIM DE OCORRENCIA;Classificada;15/07/2024 08:03;Não
2024-34516581-0;(BM) 2024-031585405-002 / (PM) 2024-031585405-001;14/07/2024 11:15;AVENIDA JUCA STOCKLER, Nº 1523 - NOVO HORIZONTE - PASSOS;-207.368.815;-466.023.846;V02103 - VITIMA DE ATROPELAMENTO POR AUTOMOVEL (CARRO / CAMINHONETE) (C) (Prioridade: 1 - Alta);1CIA IND/2CIA/1PEL(PASSOS);UR00565;Não;Não;Não;BOLETIM DE OCORRENCIA;Classificada;15/07/2024 08:04;Não
2024-34517215-8;;14/07/2024 12:46;RODOVIA MG 050, Km 326 - ALPINOPOLIS;-206.897.628;-463.621.701;W98011 - SOLICITACAO DE APOIO (C) (Prioridade: 1 - Alta);1CIA IND/2CIA/1PEL(PASSOS);;Não;Não;Não;DUPLICADA;Classificada;14/07/2024 13:04;Não
2024-34517237-0;(BM) 2024-031593427-001;14/07/2024 12:53;RODOVIA PREFEITO OSWALDO AMERICO DOS REIS, Nº S/N - ALPINOPOLIS;-208.334.649;-463.678.825;O04013 - INCENDIO EM PASTO (C) (Prioridade: 2 - Média);1CIA IND/2CIA/1PEL(PASSOS);ABTS00495;Não;Não;Não;BOLETIM DE OCORRENCIA;Classificada;15/07/2024 08:03;Não
2024-34517335-0;;14/07/2024 13:04;PRACA PATRIARCA, Nº 102 - SAO BENEDITO - PASSOS;-207.224.479;-466.007.393;W10000 - DISPENSADA POR DUPLICIDADE DE EMPENHO COM OUTROS ORGAOS (C) (Prioridade: 1 - Alta);1CIA IND/2CIA/1PEL(PASSOS);UR00565;Não;Não;Não;ATENDIDA PELO SAMU;Classificada;14/07/2024 16:01;Não
2024-34518444-0;(BM) 2024-031603963-001;14/07/2024 14:48;RUA SAGU, Nº 58 - RESIDENCIAL PORTAL DAS PALMEIRAS - PASSOS;-206.967.093;-466.097.572;V01013 - VITIMA DE EMERGENCIAS PSIQUIATRICAS (C) (Prioridade: 1 - Alta);1CIA IND/2CIA/1PEL(PASSOS);UR00565;Não;Não;Não;BOLETIM DE OCORRENCIA;Classificada;15/07/2024 08:04;Não
2024-34520021-0;(PM) 2024-031638962-001;14/07/2024 16:41;RODOVIA BR-265, Nº S/N - ALPINOPOLIS;-208.940.287;-46.432.443;W98011 - SOLICITACAO DE APOIO (C) (Prioridade: 1 - Alta);1CIA IND/2CIA/1PEL(PASSOS);;Não;Não;Não;ATENDIDA PELO SAMU;Classificada;14/07/2024 18:59;Não
2024-34520404-9;(BM) 2024-031621021-001;14/07/2024 17:07;RUA BOTELHOS, Nº 1012 - NOSSA SENHORA DE FATIMA - PASSOS;-206.992.364;-466.112.549;P02003 - VISTORIA EM LOTE VAGO (C) (Prioridade: 2 - Média);1CIA IND/2CIA/1PEL(PASSOS);ASL06087;Não;Não;Não;BOLETIM DE OCORRENCIA;Classificada;15/07/2024 08:04;Não
2024-34520912-0;(BM) 2024-031621062-001;14/07/2024 17:44;RUA NOVA RESENDE, Nº 169 - NOSSA SENHORA DE FATIMA - PASSOS;-207.000.729;-466.143.107;P02003 - VISTORIA EM LOTE VAGO (C) (Prioridade: 2 - Média);1CIA IND/2CIA/1PEL(PASSOS);ASL06087;Não;Não;Não;BOLETIM DE OCORRENCIA;Classificada;15/07/2024 08:04;Não
2024-34521076-7;(BM) 2024-031630430-001;14/07/2024 17:54;RUA MUZAMBINHO, Nº 1033 - NOSSA SENHORA DE FATIMA - PASSOS;-206.979.119;-466.137.325;P02003 - VISTORIA EM LOTE VAGO (C) (Prioridade: 2 - Média);1CIA IND/2CIA/1PEL(PASSOS);ASL06087;Não;Não;Não;BOLETIM DE OCORRENCIA;Classificada;15/07/2024 08:04;Não
2024-34521359-1;;14/07/2024 18:09;RODOVIA MGC 267, Nº 15 - CAMPESTRE;;;O04013 - INCENDIO EM PASTO (C) (Prioridade: 2 - Média);1CIA IND (POCOS DE CALDAS);;Não;Não;Não;DUPLICADA;Classificada;14/07/2024 18:13;Não
2024-34521779-7;(BM) 2024-031638072-001;14/07/2024 18:39;RODOVIA MG 446, Km 16 - ALPINOPOLIS;-208.388.731;-463.654.106;S05303 - COLISAO ENTRE AUTOMOVEIS (CARRO, CAMIONETA, CAMINHONETE) (C) (Prioridade: 1 - Alta);1CIA IND/2CIA/1PEL(PASSOS);ASL06087;Não;Não;Não;BOLETIM DE OCORRENCIA;Classificada;15/07/2024 08:04;Não
2024-34524486-5;(BM) 2024-031659942-001;14/07/2024 21:35;RUA CATAGUASES, Nº S/N - PENHA - PASSOS;-207.178.304;-466.195.296;O04011 - INCENDIO EM AREA URBANA NAO PROTEGIDA (C) (Prioridade: 2 - Média);1CIA IND/2CIA/1PEL(PASSOS);ABTS00495;Não;Não;Não;BOLETIM DE OCORRENCIA;Classificada;15/07/2024 08:04;Não
2024-34527926-2;;15/07/2024 04:50;RODOVIA MG 184 - CARMO DO RIO CLARO;;;W10000 - DISPENSADA POR DUPLICIDADE DE EMPENHO COM OUTROS ORGAOS (C) (Prioridade: 1 - Alta);1CIA IND/2CIA/1PEL(PASSOS);UR00565;Não;Não;Não;ATENDIDA PELO SAMU;Classificada;15/07/2024 08:03;Não
2024-34528425-2;(BM) 2024-031690053-001;15/07/2024 07:26;RUA JOSE MERCHIORATO, Nº 265 - SANTA CASA - PASSOS;-207.123.267;-466.131.829;P02011 - VISTORIA EM ENXAME DE INSETOS (C) (Prioridade: 2 - Média);1CIA IND/2CIA/1PEL(PASSOS);ASL06087;Não;Não;Não;BOLETIM DE OCORRENCIA;Classificada;16/07/2024 06:05;Não
2024-34529099-6;(BM) 2024-031693659-001;15/07/2024 08:52;RUA UNIMED, Nº S/N - MIRANTE DO VALE - PASSOS;-207.215.211;-465.754.861;P02003 - VISTORIA EM LOTE VAGO (C) (Prioridade: 2 - Média);1CIA IND/2CIA/1PEL(PASSOS);ASL06087;Não;Não;Não;BOLETIM DE OCORRENCIA;Classificada;16/07/2024 06:05;Não
2024-34529136-0;(BM) 2024-031699459-001;15/07/2024 08:56;RUA UNIMED, Nº S/N - MIRANTE DO VALE - PASSOS;-207.215.211;-465.754.861;P02003 - VISTORIA EM LOTE VAGO (C) (Prioridade: 2 - Média);1CIA IND/2CIA/1PEL(PASSOS);ASL06087;Não;Não;Não;BOLETIM DE OCORRENCIA;Classificada;16/07/2024 06:05;Não
2024-34529199-0;(BM) 2024-031695595-001;15/07/2024 09:00;RUA UNIMED, Nº S/N - MIRANTE DO VALE - PASSOS;-207.215.211;-465.754.861;P02003 - VISTORIA EM LOTE VAGO (C) (Prioridade: 2 - Média);1CIA IND/2CIA/1PEL(PASSOS);ASL06087;Não;Não;Não;BOLETIM DE OCORRENCIA;Classificada;16/07/2024 06:05;Não
2024-34529312-1;(BM) 2024-031695673-001;15/07/2024 09:10;RUA UNIMED, Nº S/N - MIRANTE DO VALE - PASSOS;-207.215.211;-465.754.861;P02003 - VISTORIA EM LOTE VAGO (C) (Prioridade: 2 - Média);1CIA IND/2CIA/1PEL(PASSOS);ASL06087;Não;Não;Não;BOLETIM DE OCORRENCIA;Classificada;16/07/2024 06:05;Não
2024-34529322-5;;15/07/2024 09:12;RODOVIA BR 146, Km 12, Nº S/N - POCOS DE CALDAS;;;O04014 - INCENDIO AS MARGENS DE RODOVIA (C) (Prioridade: 2 - Média);1CIA IND (POCOS DE CALDAS);;Não;Não;Não;NADA CONSTATADO;Classificada;15/07/2024 11:54;Não
2024-34529351-3;(BM) 2024-031696533-001;15/07/2024 09:15;RUA UNIMED, Nº S/N - MIRANTE DO VALE - PASSOS;-207.215.211;-465.754.861;P02003 - VISTORIA EM LOTE VAGO (C) (Prioridade: 2 - Média);1CIA IND/2CIA/1PEL(PASSOS);ASL06087;Não;Não;Não;BOLETIM DE OCORRENCIA;Classificada;16/07/2024 06:05;Não
2024-34530028-5;(BM) 2024-031710448-001;15/07/2024 10:23;AVENIDA SAUDADE, Nº 247 - SAO BENEDITO - PASSOS;-207.241.976;-466.001.612;W03000 - SOLICITANTE ENCONTRADO - PROVIDENCIA DISPENSADA (C) (Prioridade: 3 - Baixa);1CIA IND/2CIA/1PEL(PASSOS);UR00565;Não;Não;Não;BOLETIM DE OCORRENCIA;Classificada;16/07/2024 06:04;Não
2024-34530093-7;(BM) 2024-031712685-001;15/07/2024 10:24;AVENIDA EXPEDICIONARIOS, Nº 1362 - VILA RICA - PASSOS;-207.240.963;-465.947.078;O04011 - INCENDIO EM AREA URBANA NAO PROTEGIDA (C) (Prioridade: 2 - Média);1CIA IND/2CIA/1PEL(PASSOS);ABTS00495;Não;Não;Não;BOLETIM DE OCORRENCIA;Classificada;16/07/2024 06:05;Não
2024-34530483-1;(BM) 2024-031717493-001;15/07/2024 10:57;RUA ALPINOPOLIS, Nº 21 - CANJERANUS - PASSOS;-207.095.985;-466.071.822;V01007 - VITIMA COM DISPNEIA (FALTA DE AR) (C) (Prioridade: 1 - Alta);1CIA IND/2CIA/1PEL(PASSOS);UR00565;Não;Não;Não;BOLETIM DE OCORRENCIA;Classificada;16/07/2024 06:06;Não
2024-34532387-9;(BM) 2024-031789500-001;15/07/2024 13:54;RUA DOUTOR CARVALHO, Nº 1455 - NOSSA SENHORA DAS GRAÇAS - PASSOS;-207.352.269;-466.037.303;Q02009 - PALESTRA DE PRIMEIROS SOCORROS (C) (Prioridade: 2 - Média);1CIA IND/2CIA/1PEL(PASSOS);BM1206671;Não;Não;Não;BOLETIM DE OCORRENCIA;Classificada;16/07/2024 06:05;Não
2024-34532424-3;(BM) 2024-031734450-001;15/07/2024 13:59;RUA TEREZA LIMA MAIA, Nº 140 - PASSOS;-207.144.993;-466.301.846;P01001 - VISTORIA DE FISCALIZACAO (C) (Prioridade: 2 - Média);1CIA IND/2CIA/PEL PREV E VIST(PASSOS);APF01362;Não;Não;Não;BOLETIM DE OCORRENCIA;Classificada;16/07/2024 06:05;Não
2024-34532562-7;(BM) 2024-031749445-001;15/07/2024 14:04;RUA DOIS DE NOVEMBRO, Nº 287 - CENTRO - PASSOS;-207.225.348;-466.048.625;V03018 - VITIMA DE QUEDA DA PROPRIA ALTURA (C) (Prioridade: 1 - Alta);1CIA IND/2CIA/1PEL(PASSOS);UR00565;Não;Não;Não;BOLETIM DE OCORRENCIA;Classificada;16/07/2024 06:06;Não
2024-34533947-7;(BM) 2024-031753092-001;15/07/2024 15:17;RUA VEREADOR JOSE JULIO DE ANDRADE, Nº 124 - COHAB 4 - PASSOS;-20.720.192;-466.355.914;P01001 - VISTORIA DE FISCALIZACAO (C) (Prioridade: 2 - Média);1CIA IND/2CIA/PEL PREV E VIST(PASSOS);APF01362;Não;Não;Não;BOLETIM DE OCORRENCIA;Classificada;16/07/2024 06:05;Não
2024-34534470-1;(BM) 2024-031802582-001;15/07/2024 15:47;AVENIDA JUCA STOCKLER, Nº 1130 - BELO HORIZONTE - PASSOS;-207.329.175;-466.039.505;V01018 - VITIMA DE MAL NAO DEFINIDO (DISTURBIO) (C) (Prioridade: 1 - Alta);1CIA IND/2CIA/1PEL(PASSOS);UR00565;Não;Não;Não;BOLETIM DE OCORRENCIA;Classificada;16/07/2024 06:06;Não
2024-34537091-0;(BM) 2024-031790727-001;15/07/2024 18:24;RUA JOSE MERCHIORATO, Nº 265 - SANTA CASA - PASSOS;-207.123.267;-466.131.829;S06005 - CAPTURA DE INSETOS (C) (Prioridade: 2 - Média);1CIA IND/2CIA/1PEL(PASSOS);ASL06087;Não;Não;Não;BOLETIM DE OCORRENCIA;Classificada;16/07/2024 06:05;Não
2024-34537787-4;(BM) 2024-031801889-001;15/07/2024 19:13;RUA DOUTOR CARVALHO, Nº 1455 - NOSSA SENHORA DAS GRAÇAS - PASSOS;-207.352.269;-466.037.303;Q03999 - OUTROS TIPOS DE TREINAMENTO (C) (Prioridade: 2 - Média);1CIA IND/2CIA/1PEL(PASSOS);BM1206671;Não;Não;Não;BOLETIM DE OCORRENCIA;Classificada;16/07/2024 06:06;Não
2024-34539069-1;(BM) 2024-031814380-001;15/07/2024 20:43;RUA TURQUESA, Nº 299 - ACLIMACAO - PASSOS;;;V02502 - VITIMA DE QUEDA (MOTOCICLISTA) (C) (Prioridade: 1 - Alta);1CIA IND/2CIA/1PEL(PASSOS);UR00565;Não;Não;Não;BOLETIM DE OCORRENCIA;Classificada;16/07/2024 06:06;Não
2024-34541650-3;(BM) 2024-031844542-001;15/07/2024 23:59;AVENIDA PAULO ESPER PIMENTA, Nº 3148 - PASSOS;-207.095.609;-466.130.682;W98011 - SOLICITACAO DE APOIO (C) (Prioridade: 1 - Alta);1CIA IND/2CIA/1PEL(PASSOS);UR00565;Não;Não;Não;BOLETIM DE OCORRENCIA;Classificada;16/07/2024 06:06;Não
2024-34542290-5;(BM) 2024-031846281-001;16/07/2024 01:35;RUA CAMPOS ELISEOS, Nº 227 - JARDIM ELAINE - PASSOS;-206.945.694;-466.147.824;V01010 - VITIMA COM DOR TORACICA/SUSPEITA DE INFARTO (IAM) (C) (Prioridade: 1 - Alta);1CIA IND/2CIA/1PEL(PASSOS);UR00565;Não;Não;Não;BOLETIM DE OCORRENCIA;Classificada;16/07/2024 06:06;Não
2024-34542883-7;(BM) 2024-031851949-001;16/07/2024 05:06;AVENIDA HUMBERTO DE ALMEIDA, Nº 657 - SAO JOSE - CASSIA;-205.968.481;-469.137.752;W09000 - CANCELADA POR ORDEM DO ORGAO DE COORDENACAO E CONTROLE (C) (Prioridade: 3 - Baixa);1CIA IND/2CIA/1PEL(PASSOS);UR00565;Sim;Não;Não;BOLETIM DE OCORRENCIA;Classificada;16/07/2024 06:04;Não
2024-34543042-9;(BM) 2024-031852811-001;16/07/2024 06:19;RUA FARMACEUTICOS, Nº 97 - NOVO HORIZONTE - PASSOS;-20.729.115;-466.032.988;Q02008 - PALESTRA DE COMBATE A INCENDIO (C) (Prioridade: 2 - Média);1CIA IND/2CIA/1PEL(PASSOS);ASL06087;Não;Não;Não;BOLETIM DE OCORRENCIA;Classificada;16/07/2024 13:35;Não
2024-34543877-0;(BM) 2024-031860820-001;16/07/2024 08:34;AVENIDA EXPEDICIONARIOS, Nº S/N - MIRANTE DO VALE - PASSOS;-207.256.744;-465.818.365;S06002 - CAPTURA DE ANIMAL SILVESTRE PERIGOSO / AGRESSIVO (C) (Prioridade: 2 - Média);1CIA IND/2CIA/1PEL(PASSOS);UR00565;Não;Não;Não;BOLETIM DE OCORRENCIA;Classificada;17/07/2024 07:38;Não
2024-34545111-0;(BM) 2024-031878049-002;16/07/2024 10:44;AVENIDA SAO SEBASTIAO, Nº 294 - VILA SAO JOSE - PASSOS;-207.030.334;-466.461.205;V03019 - VITIMA DE QUEDA DE ALTURA (C) (Prioridade: 1 - Alta);1CIA IND/2CIA/1PEL(PASSOS);UR00565 / ASL06087;Não;Não;Não;BOLETIM DE OCORRENCIA;Classificada;17/07/2024 07:37;Não
2024-34546817-4;(BM) 2024-031896313-001;16/07/2024 13:34;RUA AIRES DE MELO VASCONCELOS, Nº 192 - RESIDENCIAL ELDORADO - PASSOS;-20.733.788;-466.269.699;P01001 - VISTORIA DE FISCALIZACAO (C) (Prioridade: 2 - Média);1CIA IND/2CIA/PEL PREV E VIST(PASSOS);APF01362;Não;Não;Não;BOLETIM DE OCORRENCIA;Classificada;17/07/2024 07:38;Não
2024-34546818-7;(BM) 2024-031932622-001;16/07/2024 13:35;RUA RIO SAPUCAI, Nº 341 - SANTA LUZIA - PASSOS;-207.082.646;-466.035.513;P01001 - VISTORIA DE FISCALIZACAO (C) (Prioridade: 2 - Média);1CIA IND/2CIA/PEL PREV E VIST(PASSOS);APF01362;Não;Não;Não;BOLETIM DE OCORRENCIA;Classificada;17/07/2024 07:38;Não
2024-34547018-6;(BM) 2024-031898983-001;16/07/2024 13:51;RUA AGUAS MARINHAS, Nº S/N - ACLIMACAO - PASSOS;-207.525.916;-466.051.022;P02003 - VISTORIA EM LOTE VAGO (C) (Prioridade: 2 - Média);1CIA IND/2CIA/1PEL(PASSOS);ASL06087;Não;Não;Não;BOLETIM DE OCORRENCIA;Classificada;17/07/2024 07:38;Não
2024-34547874-3;(BM) 2024-031908050-001;16/07/2024 14:38;RUA HALIFAX, Nº 243 - JARDIM CANADA II - PASSOS;-207.492.568;-466.114.159;P02003 - VISTORIA EM LOTE VAGO (C) (Prioridade: 2 - Média);1CIA IND/2CIA/1PEL(PASSOS);ASL06087;Não;Não;Não;BOLETIM DE OCORRENCIA;Classificada;17/07/2024 07:38;Não
2024-34548253-1;(BM) 2024-031913275-001;16/07/2024 15:00;RUA DOUTOR CARVALHO, Nº 1455 - NOSSA SENHORA DAS GRAÇAS - PASSOS;-207.352.269;-466.037.303;Q03999 - OUTROS TIPOS DE TREINAMENTO (C) (Prioridade: 2 - Média);1CIA IND/2CIA/1PEL(PASSOS);BM1224443;Não;Não;Não;BOLETIM DE OCORRENCIA;Classificada;17/07/2024 07:38;Não
2024-34549576-6;(BM) 2024-031938959-001;16/07/2024 16:15;RUA OTAWA, Nº 21 - JARDIM CANADA II - PASSOS;-207.479.833;-466.101.319;P02003 - VISTORIA EM LOTE VAGO (C) (Prioridade: 2 - Média);1CIA IND/2CIA/1PEL(PASSOS);ASL06087;Não;Não;Não;BOLETIM DE OCORRENCIA;Classificada;17/07/2024 07:38;Não
2024-34551216-3;(BM) 2024-031948233-001;16/07/2024 17:55;RUA DIAMANTINA, Nº 300 - CANDEIAS - PASSOS;-207.220.148;-466.179.274;P03999 - OUTROS TIPOS DE PCI / PCA   (C) (Prioridade: 2 - Média);1CIA IND/2CIA/1PEL(PASSOS);ASL06087;Não;Não;Não;BOLETIM DE OCORRENCIA;Classificada;17/07/2024 07:37;Não
2024-34551232-0;(BM) 2024-031949673-001;16/07/2024 17:56;RUA LAMPARINA, Nº 166 - CASARAO - PASSOS;-207.223.273;-465.885.047;V03026 - VITIMA COM ENTORSE/ESTIRAMENTO/LUXACAO (C) (Prioridade: 1 - Alta);1CIA IND/2CIA/1PEL(PASSOS);UR00565;Não;Não;Não;BOLETIM DE OCORRENCIA;Classificada;17/07/2024 07:37;Não
2024-34551583-4;(BM) 2024-031953656-001;16/07/2024 18:15;RUA ANA CANDIDA DE JESUS, Nº 486 - JARDIM CANADA - PASSOS;-207.509.724;-466.080.852;S06004 - CAPTURA DE OUTROS ANIMAIS DOMESTICOS PERIGOSOS / AGRESSIVOS (C) (Prioridade: 2 - Média);1CIA IND/2CIA/1PEL(PASSOS);ASL06087;Não;Não;Não;BOLETIM DE OCORRENCIA;Classificada;17/07/2024 07:37;Não
2024-34552959-3;(BM) 2024-032003633-001;16/07/2024 19:48;RUA PARANA, Nº 578 - PASSOS;-207.148.904;-46.600.113;W03000 - SOLICITANTE ENCONTRADO - PROVIDENCIA DISPENSADA (C) (Prioridade: 3 - Baixa);1CIA IND/2CIA/1PEL(PASSOS);ASL06087;Não;Não;Não;BOLETIM DE OCORRENCIA;Classificada;17/07/2024 07:38;Não
2024-34553422-6;(BM) 2024-031971344-001;16/07/2024 20:16;RUA CANJERANUS, Nº 1521 - POLIVALENTE - PASSOS;-20.706.822;-466.051.341;V01007 - VITIMA COM DISPNEIA (FALTA DE AR) (C) (Prioridade: 1 - Alta);1CIA IND/2CIA/1PEL(PASSOS);ASL06087;Não;Não;Não;BOLETIM DE OCORRENCIA;Classificada;17/07/2024 07:37;Não
2024-34554827-3;(BM) 2024-031984973-001;16/07/2024 21:57;RUA ALIPIO F DIAS, Nº 132 - PARQUE DA ESTACAO - PASSOS;-207.037.789;-466.116.785;V01009 - VITIMA COM DOR NA COLUNA VERTEBRAL (COSTAS) (C) (Prioridade: 1 - Alta);1CIA IND/2CIA/1PEL(PASSOS);UR00565;Não;Não;Não;BOLETIM DE OCORRENCIA;Classificada;17/07/2024 07:37;Não
2024-34556290-3;(BM) 2024-032005513-001;16/07/2024 23:40;RUA PENHA, Nº 227 - PENHA - PASSOS;-207.148.477;-46.626.483;O02001 - INCENDIO EM RESIDENCIA/HABITACAO UNIFAMILIAR (CASA) (C) (Prioridade: 1 - Alta);1CIA IND/2CIA/1PEL(PASSOS);ABTS00495;Não;Não;Não;BOLETIM DE OCORRENCIA;Classificada;17/07/2024 07:37;Não
2024-34558818-4;(BM) 2024-032024206-001;17/07/2024 08:39;RUA MONSENHOR MESSIAS BRAGANCA, Nº S/N - JARDIM PINHEIROS 2 - PASSOS;-207.270.173;-466.242.692;P02003 - VISTORIA EM LOTE VAGO (C) (Prioridade: 2 - Média);1CIA IND/2CIA/1PEL(PASSOS);ASL06087;Não;Não;Não;BOLETIM DE OCORRENCIA;Classificada;18/07/2024 10:46;Não
2024-34558877-3;(BM) 2024-032024864-001;17/07/2024 08:46;RUA DOUTOR CARVALHO, Nº 1147 - BELO HORIZONTE - PASSOS;-207.320.978;-466.047.997;P01002 - VISTORIA DE LIBERACAO / EMISSAO DE AVCB (C) (Prioridade: 2 - Média);1CIA IND/2CIA/PEL PREV E VIST(PASSOS);APF01362;Não;Não;Não;BOLETIM DE OCORRENCIA;Classificada;18/07/2024 10:46;Não
2024-34559032-4;(BM) 2024-032026640-001;17/07/2024 09:01;RUA PONTALINA, Nº S/N - JARDIM PLANALTO - PASSOS;-207.213.826;-466.247.034;P02003 - VISTORIA EM LOTE VAGO (C) (Prioridade: 2 - Média);1CIA IND/2CIA/1PEL(PASSOS);ASL06087;Não;Não;Não;BOLETIM DE OCORRENCIA;Classificada;18/07/2024 10:46;Não
2024-34559188-3;(BM) 2024-032029302-001;17/07/2024 09:22;AVENIDA BRASILIA, Nº 421 - JARDIM PLANALTO - PASSOS;-207.187.237;-466.240.877;P02003 - VISTORIA EM LOTE VAGO (C) (Prioridade: 2 - Média);1CIA IND/2CIA/1PEL(PASSOS);ASL06087;Não;Não;Não;BOLETIM DE OCORRENCIA;Classificada;18/07/2024 10:46;Não
2024-34559903-7;(BM) 2024-032082620-001;17/07/2024 10:23;RUA RIO DE JANEIRO, Nº 9 - CENTRO - ITAU DE MINAS;-207.406.839;-467.474.803;O02001 - INCENDIO EM RESIDENCIA/HABITACAO UNIFAMILIAR (CASA) (C) (Prioridade: 1 - Alta);1CIA IND/2CIA/1PEL(PASSOS);ABTS00495;Não;Não;Não;BOLETIM DE OCORRENCIA;Classificada;18/07/2024 10:47;Não
2024-34560423-9;(BM) 2024-032073616-001;17/07/2024 11:06;RUA QUINZE DE MARCO, Nº S/N - PRIMAVERA - CASSIA;-205.872.882;-469.224.099;P03001 - PERIGO DE DERRAPAGEM (C) (Prioridade: 2 - Média);1CIA IND/2CIA/1PEL(PASSOS);ASL06087;Não;Não;Não;BOLETIM DE OCORRENCIA;Classificada;18/07/2024 10:46;Não
2024-34561914-6;(BM) 2024-032073540-001;17/07/2024 13:32;AVENIDA JOSE CARRILHO AMORIM, Nº S/N - CONJUNTO HABITACIONAL SAO LUCAS - ITAU DE MINAS;-207.380.645;-467.574.752;O04013 - INCENDIO EM PASTO (C) (Prioridade: 2 - Média);1CIA IND/2CIA/1PEL(PASSOS);ABTS00495;Não;Não;Não;BOLETIM DE OCORRENCIA;Classificada;18/07/2024 10:46;Não
2024-34565005-6;(BM) 2024-032108134-001;17/07/2024 16:42;AVENIDA JUCA STOCKLER, Nº 2654 - SAO JOAQUIM - PASSOS;-207.480.427;-465.987.384;O04011 - INCENDIO EM AREA URBANA NAO PROTEGIDA (C) (Prioridade: 2 - Média);1CIA IND/2CIA/1PEL(PASSOS);ABTS00495;Não;Não;Não;BOLETIM DE OCORRENCIA;Classificada;18/07/2024 10:46;Não
2024-34566280-6;(BM) 2024-032122006-001;17/07/2024 18:04;RUA GUIANA, Nº 333 - POLIVALENTE - PASSOS;;;S06003 - CAPTURA DE CAO PERIGOSO / AGRESSIVO (C) (Prioridade: 2 - Média);1CIA IND/2CIA/1PEL(PASSOS);ASL06087;Não;Não;Não;BOLETIM DE OCORRENCIA;Classificada;18/07/2024 10:46;Não
2024-34567070-9;(BM) 2024-032121960-001;17/07/2024 18:53;AVENIDA DOS INDUSTRIAIS, Nº 244 - SERRA DAS BRISAS - PASSOS;-207.233.156;-465.880.295;O04013 - INCENDIO EM PASTO (C) (Prioridade: 2 - Média);1CIA IND/2CIA/1PEL(PASSOS);ABTS00495;Não;Não;Não;BOLETIM DE OCORRENCIA;Classificada;18/07/2024 10:47;Não
2024-34567257-0;(BM) 2024-032158404-001;17/07/2024 19:06;RUA ELZO CALIXTO MATTAR, Nº 905 - MUARAMA 2 - PASSOS;-207.343.456;-466.092.494;W03000 - SOLICITANTE ENCONTRADO - PROVIDENCIA DISPENSADA (C) (Prioridade: 3 - Baixa);1CIA IND/2CIA/1PEL(PASSOS);ABTS00495;Não;Não;Não;BOLETIM DE OCORRENCIA;Classificada;18/07/2024 10:46;Não
2024-34568576-3;(BM) 2024-032141959-001;17/07/2024 20:36;RUA CAETES, Nº 1200 - SERRA VERDE - PASSOS;-207.417.501;-46.594.863;O04012 - INCENDIO EM LOTE VAGO (AREA URBANA) (C) (Prioridade: 2 - Média);1CIA IND/2CIA/1PEL(PASSOS);ABTS00495;Não;Não;Não;BOLETIM DE OCORRENCIA;Classificada;18/07/2024 10:47;Não
2024-34569184-9;(BM) 2024-032167630-001;17/07/2024 21:20;RUA ZACARIAS RUFINO SANTANA, Nº 308 - PARQUE DAS AGUAS - CASSIA;;;O04012 - INCENDIO EM LOTE VAGO (AREA URBANA) (C) (Prioridade: 2 - Média);1CIA IND/2CIA/1PEL(PASSOS);ABTS00495;Não;Não;Não;BOLETIM DE OCORRENCIA;Classificada;18/07/2024 10:47;Não
2024-34569536-4;;17/07/2024 21:45;RUA DOUTOR CARVALHO, Nº 1455 - NOSSA SENHORA DAS GRAÇAS - PASSOS;-207.352.269;-466.037.303;W06000 - TESTE (C) (Prioridade: 3 - Baixa);1CIA IND/2CIA/1PEL(PASSOS);;Não;Não;Não;TESTE;Classificada;17/07/2024 21:52;Não
2024-34569676-3;;17/07/2024 21:55;RUA DOUTOR CARVALHO, Nº 1455 - NOSSA SENHORA DAS GRAÇAS - PASSOS;-207.352.269;-466.037.303;W06000 - TESTE (C) (Prioridade: 3 - Baixa);1CIA IND/2CIA/1PEL(PASSOS);;Não;Não;Não;TESTE;Classificada;17/07/2024 21:57;Não
2024-34570220-8;(BM) 2024-032160340-001;17/07/2024 22:28;AVENIDA EXPEDICIONARIOS, Nº S/N - MIRANTE DO VALE - PASSOS;-207.256.744;-465.818.365;O04011 - INCENDIO EM AREA URBANA NAO PROTEGIDA (C) (Prioridade: 2 - Média);1CIA IND/2CIA/1PEL(PASSOS);ABTS00495;Não;Não;Não;BOLETIM DE OCORRENCIA;Classificada;18/07/2024 10:47;Não
2024-34571157-9;;17/07/2024 23:40;RUA PIANTINOS, Nº S/N - CENTRO - PASSOS;-207.265.484;-466.101.522;W04000 - NADA CONSTATADO (C) (Prioridade: 3 - Baixa);1CIA IND/2CIA/1PEL(PASSOS);ABTS00495;Não;Não;Não;ATENDIDA PELO SAMU;Classificada;19/07/2024 06:39;Não
2024-34571876-5;(BM) 2024-032170898-001;18/07/2024 00:56;RUA CANAPE, Nº 322 - PASSOS;-207.083.069;-465.949.711;O04011 - INCENDIO EM AREA URBANA NAO PROTEGIDA (C) (Prioridade: 2 - Média);1CIA IND/2CIA/1PEL(PASSOS);ABTS00495;Não;Não;Não;BOLETIM DE OCORRENCIA;Classificada;18/07/2024 10:47;Não
2024-34572892-7;(BM) 2024-032178524-001;18/07/2024 06:15;RUA FARMACEUTICOS, Nº 97 - NOVO HORIZONTE - PASSOS;-20.729.115;-466.032.988;Q03017 - TREINAMENTO DE PRIMEIROS SOCORROS (C) (Prioridade: 2 - Média);1CIA IND/2CIA/1PEL(PASSOS);BM1787357;Não;Não;Não;BOLETIM DE OCORRENCIA;Classificada;18/07/2024 10:47;Não
2024-34573682-0;(BM) 2024-032186217-001;18/07/2024 08:30;RODOVIA MG 050, Nº 406 - NOSSA SENHORA DAS GRAÇAS - PASSOS;-207.405.157;-466.050.888;Q03999 - OUTROS TIPOS DE TREINAMENTO (C) (Prioridade: 2 - Média);1CIA IND/2CIA/PEL PREV E VIST(PASSOS);APF01362;Não;Não;Não;BOLETIM DE OCORRENCIA;Classificada;19/07/2024 08:09;Não
2024-34573806-0;;18/07/2024 08:45;RUA TRES CORACOES, Nº 799 - MARIO MAGALHAES - PASSOS;-207.304.316;-466.095.304;W98011 - SOLICITACAO DE APOIO (C) (Prioridade: 1 - Alta);1CIA IND/2CIA/1PEL(PASSOS);;Não;Não;Não;REPASSADA A OUTROS ÓRGAOS;Classificada;18/07/2024 09:54;Não
2024-34574843-2;(BM) 2024-032463302-001;18/07/2024 10:30;RODOVIA MG 050, Nº 260 - NOSSA SENHORA DAS GRAÇAS - PASSOS;-207.403.209;-466.037.749;X03000 - EMPENHO ADMINISTRATIVO (C) (Prioridade: 2 - Média);1CIA IND/2CIA/1PEL(PASSOS);ASL06087;Não;Não;Não;BOLETIM DE OCORRENCIA;Classificada;19/07/2024 08:09;Não
2024-34574984-4;(BM) 2024-032203062-001;18/07/2024 10:44;RUA DOUTOR CARVALHO, Nº 1455 - NOSSA SENHORA DAS GRAÇAS - PASSOS;-207.352.269;-466.037.303;Q03004 - TREINAMENTO DE SALVAMENTO EM ALTURA (C) (Prioridade: 2 - Média);1CIA IND/2CIA/1PEL(PASSOS);BM1549807;Não;Não;Não;BOLETIM DE OCORRENCIA;Classificada;19/07/2024 08:09;Não
2024-34575199-0;(BM) 2024-032206066-001;18/07/2024 11:06;RODOVIA MG 050, Km 348 - PASSOS;-207.281.619;-4.654.559;S06002 - CAPTURA DE ANIMAL SILVESTRE PERIGOSO / AGRESSIVO (C) (Prioridade: 2 - Média);1CIA IND/2CIA/1PEL(PASSOS);ASL06087;Não;Não;Não;BOLETIM DE OCORRENCIA;Classificada;19/07/2024 08:09;Não
2024-34575719-9;(BM) 2024-032235710-001;18/07/2024 12:00;RUA PANORAMA, Nº 466 - PASSOS;-207.067.081;-466.171.276;P02011 - VISTORIA EM ENXAME DE INSETOS (C) (Prioridade: 2 - Média);1CIA IND/2CIA/1PEL(PASSOS);ASL06087;Não;Não;Não;BOLETIM DE OCORRENCIA;Classificada;19/07/2024 08:09;Não
2024-34576454-1;;18/07/2024 13:20;RUA DOUTOR CARVALHO, Nº 1561 - BELO HORIZONTE - PASSOS;-207.329.352;-466.040.812;X03000 - EMPENHO ADMINISTRATIVO (C) (Prioridade: 2 - Média);1CIA IND/2CIA/PEL PREV E VIST(PASSOS);;Não;Não;Não;TESTE;Classificada;18/07/2024 13:22;Não
2024-34576853-7;(BM) 2024-032235594-001;18/07/2024 13:54;ESTRADA JULIEIRA, Nº S/N - NOVA CALIFORNIA - PASSOS;-207.018.793;-466.242.379;O04013 - INCENDIO EM PASTO (C) (Prioridade: 2 - Média);1CIA IND/2CIA/1PEL(PASSOS);ASL06087;Não;Não;Não;BOLETIM DE OCORRENCIA;Classificada;19/07/2024 08:09;Não
2024-34576918-0;;18/07/2024 14:00;RUA BUENOS AIRES, Nº 1331 - COHAB 3 - PASSOS;-207.024.929;-466.240.493;W98011 - SOLICITACAO DE APOIO (C) (Prioridade: 1 - Alta);1CIA IND/2CIA/1PEL(PASSOS);;Não;Não;Não;DUPLICADA;Classificada;18/07/2024 14:02;Não
2024-34577549-1;(BM) 2024-032235488-001;18/07/2024 14:37;RUA BRANDOES, Nº 471 - CENTRO - PASSOS;;;S06006 - EXTERMINIO DE INSETOS (C) (Prioridade: 2 - Média);1CIA IND/2CIA/1PEL(PASSOS);ASL06087;Não;Não;Não;BOLETIM DE OCORRENCIA;Classificada;19/07/2024 08:09;Não
2024-34581512-5;(BM) 2024-032277660-001;18/07/2024 18:26;AVENIDA DONA LIQUINHA SILVEIRA, Nº 886 - JARDIM SATELITE - PASSOS;-20.708.214;-466.232.881;V02408 - VITIMA DE COLISAO ENTRE AUTOMOVEL X MOTOCICLETA (C) (Prioridade: 1 - Alta);1CIA IND/2CIA/1PEL(PASSOS);UR00565;Não;Não;Não;BOLETIM DE OCORRENCIA;Classificada;19/07/2024 08:09;Não
2024-34583056-9;(BM) 2024-032298547-001;18/07/2024 20:12;RUA JOAO XXIII, Nº 1503 - NOSSA SENHORA DAS GRAÇAS - PASSOS;-20.739.618;-466.043.595;V01018 - VITIMA DE MAL NAO DEFINIDO (DISTURBIO) (C) (Prioridade: 1 - Alta);1CIA IND/2CIA/1PEL(PASSOS);UR00565;Não;Não;Não;BOLETIM DE OCORRENCIA;Classificada;19/07/2024 08:09;Não
2024-34583518-2;(BM) 2024-032306701-001 / (PM) 2024-032306701-002;18/07/2024 20:43;AVENIDA SABIA, Nº S/N - MUARAMA 2 - PASSOS;-207.330.855;-466.157.928;S05201 - CAPOTAMENTO DE AUTOMOVEL (CARRO, CAMIONETA, CAMINHONETE) (C) (Prioridade: 1 - Alta);1CIA IND/2CIA/1PEL(PASSOS);ASL06087;Não;Não;Não;BOLETIM DE OCORRENCIA;Classificada;19/07/2024 12:55;Não
2024-34584291-4;(BM) 2024-032305042-001;18/07/2024 21:37;RUA BARAO DE PASSOS, Nº 1785 - SANTA LUZIA - PASSOS;-207.098.843;-465.978.186;X03000 - EMPENHO ADMINISTRATIVO (C) (Prioridade: 2 - Média);1CIA IND/2CIA/PEL PREV E VIST(PASSOS);APF01362;Não;Não;Não;BOLETIM DE OCORRENCIA;Classificada;19/07/2024 08:09;Não
2024-34584430-9;;18/07/2024 21:46;RUA ITAUNA, Nº 450 - CALIFORNIA - PASSOS;-207.020.282;-466.186.844;S06001 - SALVAMENTO DE ANIMAL EM RISCO / PERIGO (C) (Prioridade: 2 - Média);1CIA IND/2CIA/1PEL(PASSOS);;Não;Não;Não;DISPENSADA PELO SOLICITANTE;Classificada;18/07/2024 21:47;Não
2024-34584942-0;(BM) 2024-032311275-001;18/07/2024 22:19;RUA COIMBRAS, Nº S/N - NOSSA SENHORA DE LOURDES - PASSOS;-206.987.548;-466.163.657;P02003 - VISTORIA EM LOTE VAGO (C) (Prioridade: 2 - Média);1CIA IND/2CIA/1PEL(PASSOS);ASL06087;Não;Não;Não;BOLETIM DE OCORRENCIA;Classificada;19/07/2024 08:09;Não
2024-34585241-1;(BM) 2024-032313954-001;18/07/2024 22:37;RUA NOSSA SENHORA DE FATIMA, Nº S/N - JARDIM ELAINE - PASSOS;-206.959.528;-46.616.089;P02003 - VISTORIA EM LOTE VAGO (C) (Prioridade: 2 - Média);1CIA IND/2CIA/1PEL(PASSOS);ASL06087;Não;Não;Não;BOLETIM DE OCORRENCIA;Classificada;19/07/2024 08:09;Não
2024-34585364-1;(BM) 2024-032317298-001;18/07/2024 22:48;RUA CAMPOS ELISEOS, Nº S/N - JARDIM ELAINE - PASSOS;-206.945.492;-466.146.623;P02003 - VISTORIA EM LOTE VAGO (C) (Prioridade: 2 - Média);1CIA IND/2CIA/1PEL(PASSOS);ASL06087;Não;Não;Não;BOLETIM DE OCORRENCIA;Classificada;19/07/2024 08:09;Não
2024-34587538-1;(BM) 2024-032336147-001;19/07/2024 03:24;RUA IBIRACI, Nº 155 - PENHA - PASSOS;-207.141.247;-466.249.109;V03018 - VITIMA DE QUEDA DA PROPRIA ALTURA (C) (Prioridade: 1 - Alta);1CIA IND/2CIA/1PEL(PASSOS);UR00565;Não;Não;Não;BOLETIM DE OCORRENCIA;Classificada;19/07/2024 08:10;Não
2024-34587616-3;;19/07/2024 03:52;RODOVIA MG 449, Nº S/N - ARCEBURGO;;;W08000 - CANCELADA POR INDISPONIBILIDADE DE VIATURA (C) (Prioridade: 3 - Baixa);1CIA IND (POCOS DE CALDAS);;Não;Não;Não;NÃO ATENDIDA: FALTA DE VIATURA;Classificada;19/07/2024 04:11;Não
2024-34588610-2;(BM) 2024-032353577-001;19/07/2024 08:07;RUA DOUTOR CARVALHO, Nº 1455 - NOSSA SENHORA DAS GRAÇAS - PASSOS;-207.352.269;-466.037.303;X03000 - EMPENHO ADMINISTRATIVO (C) (Prioridade: 2 - Média);1CIA IND/2CIA/1PEL(PASSOS);BM1224443;Não;Não;Não;BOLETIM DE OCORRENCIA;Classificada;20/07/2024 07:51;Não
2024-34588766-1;(BM) 2024-032353592-001;19/07/2024 08:25;RUA DOUTOR CARVALHO, Nº 1455 - NOSSA SENHORA DAS GRAÇAS - PASSOS;-207.352.269;-466.037.303;Q03006 - TREINAMENTO DE FORMACAO DE BRIGADAS (C) (Prioridade: 2 - Média);1CIA IND/2CIA/PEL PREV E VIST(PASSOS);BM1636356;Não;Não;Não;BOLETIM DE OCORRENCIA;Classificada;20/07/2024 07:51;Não
2024-34588887-6;(BM) 2024-032353460-001;19/07/2024 08:35;RUA UNIMED, Nº S/N - MIRANTE DO VALE - PASSOS;-207.215.211;-465.754.861;P02003 - VISTORIA EM LOTE VAGO (C) (Prioridade: 2 - Média);1CIA IND/2CIA/1PEL(PASSOS);ASL06087;Não;Não;Não;BOLETIM DE OCORRENCIA;Classificada;20/07/2024 07:51;Não
2024-34588928-1;(BM) 2024-032353499-001;19/07/2024 08:38;RUA UNIMED, Nº S/N - MIRANTE DO VALE - PASSOS;-207.215.211;-465.754.861;P02003 - VISTORIA EM LOTE VAGO (C) (Prioridade: 2 - Média);1CIA IND/2CIA/1PEL(PASSOS);ASL06087;Não;Não;Não;BOLETIM DE OCORRENCIA;Classificada;20/07/2024 07:51;Não
2024-34588929-4;(BM) 2024-032353508-001;19/07/2024 08:38;RUA UNIMED, Nº S/N - MIRANTE DO VALE - PASSOS;-207.215.211;-465.754.861;P02003 - VISTORIA EM LOTE VAGO (C) (Prioridade: 2 - Média);1CIA IND/2CIA/1PEL(PASSOS);ASL06087;Não;Não;Não;BOLETIM DE OCORRENCIA;Classificada;20/07/2024 07:51;Não
2024-34589250-4;(BM) 2024-032353627-001;19/07/2024 09:12;RUA UNIMED, Nº S/N - MIRANTE DO VALE - PASSOS;-207.215.211;-465.754.861;P02003 - VISTORIA EM LOTE VAGO (C) (Prioridade: 2 - Média);1CIA IND/2CIA/1PEL(PASSOS);ASL06087;Não;Não;Não;BOLETIM DE OCORRENCIA;Classificada;20/07/2024 07:51;Não
2024-34589251-7;(BM) 2024-032354387-001;19/07/2024 09:13;RUA UNIMED, Nº S/N - MIRANTE DO VALE - PASSOS;-207.215.211;-465.754.861;P02003 - VISTORIA EM LOTE VAGO (C) (Prioridade: 2 - Média);1CIA IND/2CIA/1PEL(PASSOS);ASL06087;Não;Não;Não;BOLETIM DE OCORRENCIA;Classificada;20/07/2024 07:51;Não
2024-34589647-8;(BM) 2024-032359587-001;19/07/2024 09:57;RUA SANTA LUZIA, Nº 75 - CANDEIAS - PASSOS;-20.723.851;-466.148.811;V01013 - VITIMA DE EMERGENCIAS PSIQUIATRICAS (C) (Prioridade: 1 - Alta);1CIA IND/2CIA/1PEL(PASSOS);UR00565;Não;Não;Não;BOLETIM DE OCORRENCIA;Classificada;20/07/2024 07:50;Não
2024-34590611-8;(BM) 2024-032378793-001;19/07/2024 11:25;SITIO SERTAO GRANDE - BAIRRO SERTAO GRANDE - ALPINOPOLIS;;;O04013 - INCENDIO EM PASTO (C) (Prioridade: 2 - Média);1CIA IND/2CIA/1PEL(PASSOS);ASL06087;Não;Não;Não;BOLETIM DE OCORRENCIA;Classificada;20/07/2024 07:51;Não
2024-34590631-5;;19/07/2024 11:27;SITIO SERTAO GRANDE - BAIRRO SERTAO GRANDE - GERALDO MAGELA VAZ [GERALDO DO CHIQUITO], Nº S/N - ALPINOPOLIS;-209.525.499;-464.248.019;W98011 - SOLICITACAO DE APOIO (C) (Prioridade: 1 - Alta);1CIA IND/2CIA/1PEL(PASSOS);;Não;Não;Não;DUPLICADA;Classificada;19/07/2024 12:45;Não
2024-34591948-7;(BM) 2024-032386053-001;19/07/2024 13:50;RUA JUIZ DE FORA, Nº 1097 - COHAB 3 - PASSOS;-207.045.874;-46.625.358;P01002 - VISTORIA DE LIBERACAO / EMISSAO DE AVCB (C) (Prioridade: 2 - Média);1CIA IND/2CIA/PEL PREV E VIST(PASSOS);APF01362;Não;Não;Não;BOLETIM DE OCORRENCIA;Classificada;20/07/2024 07:51;Não
2024-34592071-3;(BM) 2024-032386417-001;19/07/2024 13:59;RUA FRANCISCO DE PAULA LOPES, Nº 66 - PASSOS;-207.120.682;-466.234.133;P02011 - VISTORIA EM ENXAME DE INSETOS (C) (Prioridade: 2 - Média);1CIA IND/2CIA/1PEL(PASSOS);TPO00155;Não;Não;Não;BOLETIM DE OCORRENCIA;Classificada;20/07/2024 07:51;Não
2024-34596033-6;(BM) 2024-032437031-002 / (PM) 2024-032437031-001;19/07/2024 18:01;RODOVIA PASSOS / GLORIA, Nº S/N - PASSOS;-20.700.737;-46.586.887;V03021 - VITIMA DE SUICIDIO (TENTATIVA) - APH TRAUMA (C) (Prioridade: 1 - Alta);1CIA IND/2CIA/1PEL(PASSOS);ASL06087 / UR00565;Não;Não;Não;BOLETIM DE OCORRENCIA;Classificada;20/07/2024 07:50;Não
2024-34596640-9;;19/07/2024 18:42;RUA MANACA DA SERRA, Nº 251 - PASSOS;-205.774.749;-467.354.196;O04012 - INCENDIO EM LOTE VAGO (AREA URBANA) (C) (Prioridade: 2 - Média);1CIA IND/2CIA/1PEL(PASSOS);;Não;Não;Não;DISPENSADA PELO SOLICITANTE;Classificada;19/07/2024 18:48;Não
2024-34597877-3;(BM) 2024-032461121-001;19/07/2024 20:10;RUA RIO PIRACICABA, Nº 1421 - SANTA LUZIA - PASSOS;-207.021.683;-465.942.793;V01020 - VITIMA COM PARADA CARDIORRESPIRATORIA (C) (Prioridade: 1 - Alta);1CIA IND/2CIA/1PEL(PASSOS);UR00565;Não;Não;Não;BOLETIM DE OCORRENCIA;Classificada;20/07/2024 07:50;Não
2024-34598404-7;;19/07/2024 20:43;PORTO DE CASSIA - DELFINOPOLIS, Nº S/N - CASSIA;-204.231.741;-468.595.809;W98011 - SOLICITACAO DE APOIO (C) (Prioridade: 1 - Alta);1CIA IND/2CIA/1PEL(PASSOS);;Não;Não;Não;DISPENSADA PELO SOLICITANTE;Classificada;20/07/2024 04:39;Não
2024-34599909-9;(BM) 2024-032505816-001;19/07/2024 22:24;AVENIDA COMENDADOR FRANCISCO A MAIA, Nº 3807 - BELO HORIZONTE - PASSOS;-207.311.022;-466.076.007;V03025 - VITIMA COM FERIMENTO DE CORTE/CONTUSAO (C) (Prioridade: 1 - Alta);1CIA IND/2CIA/1PEL(PASSOS);UR00565;Não;Não;Não;BOLETIM DE OCORRENCIA;Classificada;20/07/2024 07:50;Não
2024-34600432-9;(BM) 2024-032506429-001;19/07/2024 22:54;RUA JOAO BATISTA PEREIRA, Nº S/N - JARDIM CANADA II - PASSOS;-20.755.809;-466.082.442;W04000 - NADA CONSTATADO (C) (Prioridade: 3 - Baixa);1CIA IND/2CIA/1PEL(PASSOS);ASL06087;Não;Não;Não;BOLETIM DE OCORRENCIA;Classificada;20/07/2024 07:51;Não
2024-34603485-1;;20/07/2024 04:03;RUA APAE, Nº 610 - FAZENDA BAETA - POCOS DE CALDAS;;;O04013 - INCENDIO EM PASTO (C) (Prioridade: 2 - Média);1CIA IND (POCOS DE CALDAS);;Não;Não;Não;SOLICITANTE NÃO ENCONTRADO;Classificada;20/07/2024 04:16;Não
2024-34604457-1;(BM) 2024-032507709-001;20/07/2024 08:11;AVENIDA PROJETADA, Nº S/N - JARDIM FLORENCA - PASSOS;-206.924.763;-466.115.051;P02003 - VISTORIA EM LOTE VAGO (C) (Prioridade: 2 - Média);1CIA IND/2CIA/1PEL(PASSOS);ASL06087;Não;Não;Não;BOLETIM DE OCORRENCIA;Classificada;21/07/2024 08:12;Não
2024-34605132-2;(BM) 2024-032513669-001;20/07/2024 09:43;PRACA FRANCISCO SALLES, Nº S/N - BELO HORIZONTE - PASSOS;-207.264.675;-466.045.971;P03999 - OUTROS TIPOS DE PCI / PCA   (C) (Prioridade: 2 - Média);1CIA IND/2CIA/1PEL(PASSOS);ASL06087;Não;Não;Não;BOLETIM DE OCORRENCIA;Classificada;21/07/2024 08:12;Não
2024-34605584-4;(BM) 2024-032517704-001;20/07/2024 10:39;RODOVIA MG 050, Nº S/N - PASSOS;-207.372.242;-466.331.087;X03000 - EMPENHO ADMINISTRATIVO (C) (Prioridade: 2 - Média);1CIA IND/2CIA/1PEL(PASSOS);ASL06087;Não;Não;Não;BOLETIM DE OCORRENCIA;Classificada;21/07/2024 08:12;Não
2024-34606047-0;(BM) 2024-032521888-001;20/07/2024 11:43;RUA JORGE JABUR, Nº 27 - RECANTO DA TEKA - PASSOS;-207.457.319;-465.960.773;S06002 - CAPTURA DE ANIMAL SILVESTRE PERIGOSO / AGRESSIVO (C) (Prioridade: 2 - Média);1CIA IND/2CIA/1PEL(PASSOS);ASL06087;Não;Não;Não;BOLETIM DE OCORRENCIA;Classificada;21/07/2024 08:12;Não
2024-34607392-4;(BM) 2024-032533685-001;20/07/2024 14:18;RUA DOUTOR CARVALHO, Nº 1455 - NOSSA SENHORA DAS GRAÇAS - PASSOS;-207.352.269;-466.037.303;Q03018 - TREINAMENTO DE CONDUCAO E OPERACAO DE VIATURAS (C) (Prioridade: 3 - Baixa);1CIA IND/2CIA/1PEL(PASSOS);BM1551159;Não;Não;Não;BOLETIM DE OCORRENCIA;Classificada;21/07/2024 07:24;Não
2024-34607395-2;(BM) 2024-032533710-001;20/07/2024 14:19;AVENIDA PROJETADA, Nº S/N - JARDIM FLORENCA - PASSOS;-206.924.763;-466.115.051;P02003 - VISTORIA EM LOTE VAGO (C) (Prioridade: 2 - Média);1CIA IND/2CIA/1PEL(PASSOS);ASL06087;Não;Não;Não;BOLETIM DE OCORRENCIA;Classificada;21/07/2024 08:12;Não
2024-34607542-5;;20/07/2024 14:29;RUA MATOZINHOS, Nº 253 - COHAB 2 - PASSOS;-207.105.396;-466.317.422;W10000 - DISPENSADA POR DUPLICIDADE DE EMPENHO COM OUTROS ORGAOS (C) (Prioridade: 1 - Alta);1CIA IND/2CIA/1PEL(PASSOS);;Não;Não;Não;ATENDIDA PELO SAMU;Classificada;20/07/2024 15:12;Não
2024-34608215-4;(BM) 2024-032543561-001;20/07/2024 15:12;AVENIDA PROJETADA, Nº S/N - JARDIM FLORENCA - PASSOS;-206.924.763;-466.115.051;P02003 - VISTORIA EM LOTE VAGO (C) (Prioridade: 2 - Média);1CIA IND/2CIA/1PEL(PASSOS);ASL06087;Não;Não;Não;BOLETIM DE OCORRENCIA;Classificada;21/07/2024 08:12;Não
2024-34609754-4;;20/07/2024 17:00;RODOVIA BR 146, Nº S/N - GUAXUPE;-212.856.947;-46.692.718;W08000 - CANCELADA POR INDISPONIBILIDADE DE VIATURA (C) (Prioridade: 3 - Baixa);1CIA IND (POCOS DE CALDAS);;Não;Não;Não;NÃO ATENDIDA: FALTA DE EFETIVO;Classificada;20/07/2024 17:07;Não
2024-34611527-5;(BM) 2024-032571950-001;20/07/2024 19:06;AVENIDA DONA LIQUINHA SILVEIRA, Nº 1015 - COHAB 3 - PASSOS;-207.075.506;-466.223.445;V02408 - VITIMA DE COLISAO ENTRE AUTOMOVEL X MOTOCICLETA (C) (Prioridade: 1 - Alta);1CIA IND/2CIA/1PEL(PASSOS);UR00565;Não;Não;Não;BOLETIM DE OCORRENCIA;Classificada;21/07/2024 08:11;Não
2024-34614018-8;(BM) 2024-032595304-001;20/07/2024 22:00;RUA ALAOR PRATA DE CASTRO, Nº 45 - JARDIM CANADA - PASSOS;-207.490.517;-466.084.421;V03018 - VITIMA DE QUEDA DA PROPRIA ALTURA (C) (Prioridade: 1 - Alta);1CIA IND/2CIA/1PEL(PASSOS);UR00565;Não;Não;Não;BOLETIM DE OCORRENCIA;Classificada;21/07/2024 08:11;Não
2024-34615786-5;(BM) 2024-032607878-001;20/07/2024 23:40;AVENIDA COMENDADOR FRANCISCO A MAIA, Nº 3661 - BELO HORIZONTE - PASSOS;-2.073.046;-466.082.084;V01008 - VITIMA COM DOR ABDOMINAL (ABDOME AGUDO) (C) (Prioridade: 1 - Alta);1CIA IND/2CIA/1PEL(PASSOS);UR00565;Não;Não;Não;BOLETIM DE OCORRENCIA;Classificada;21/07/2024 07:25;Não
2024-34616516-6;(BM) 2024-032612407-001;21/07/2024 00:25;RUA VITORIA, Nº S/N - JARDIM COLEGIO DE PASSOS - PASSOS;-207.213.989;-465.945.316;X03000 - EMPENHO ADMINISTRATIVO (C) (Prioridade: 2 - Média);1CIA IND/2CIA/1PEL(PASSOS);ASL06087;Não;Não;Não;BOLETIM DE OCORRENCIA;Classificada;21/07/2024 08:11;Não
2024-34617976-1;(BM) 2024-032623749-002 / (PM) 2024-032623749-001;21/07/2024 02:23;RUA ARAXA / RUA BARTOLOMEU DE GUSMAO - MARIO MAGALHAES - PASSOS;-207.275.744;-466.099.603;V02502 - VITIMA DE QUEDA (MOTOCICLISTA) (C) (Prioridade: 1 - Alta);1CIA IND/2CIA/1PEL(PASSOS);UR00565;Não;Não;Não;BOLETIM DE OCORRENCIA;Classificada;21/07/2024 08:11;Não
2024-34618707-5;(BM) 2024-032628137-001;21/07/2024 04:15;RUA ESPIRITO SANTO, Nº 42 - SAO BENEDITO - PASSOS;-2.071.902;-466.001.773;V01020 - VITIMA COM PARADA CARDIORRESPIRATORIA (C) (Prioridade: 1 - Alta);1CIA IND/2CIA/1PEL(PASSOS);UR00565;Não;Não;Não;BOLETIM DE OCORRENCIA;Classificada;21/07/2024 08:11;Não
2024-34619078-7;(BM) 2024-032631394-001;21/07/2024 06:19;RUA RIO DE JANEIRO, Nº 601 - BELA VISTA - PASSOS;-20.715.698;-465.961.386;W03000 - SOLICITANTE ENCONTRADO - PROVIDENCIA DISPENSADA (C) (Prioridade: 3 - Baixa);1CIA IND/2CIA/1PEL(PASSOS);UR00565;Não;Não;Não;BOLETIM DE OCORRENCIA;Classificada;21/07/2024 08:12;Não
2024-34619962-8;(BM) 2024-032640840-001;21/07/2024 09:04;RUA PEDRO PONCIANO DE FREITAS, Nº S/N - JARDIM PINHEIROS 2 - PASSOS;-207.262.292;-466.245.507;P02003 - VISTORIA EM LOTE VAGO (C) (Prioridade: 2 - Média);1CIA IND/2CIA/1PEL(PASSOS);ASL06087;Não;Não;Não;BOLETIM DE OCORRENCIA;Classificada;22/07/2024 07:59;Não
2024-34620051-8;(BM) 2024-032640915-001;21/07/2024 09:11;RUA DOIS DE NOVEMBRO, Nº 499 - SAO BENEDITO - PASSOS;-20.722.914;-4.660.284;V01018 - VITIMA DE MAL NAO DEFINIDO (DISTURBIO) (C) (Prioridade: 1 - Alta);1CIA IND/2CIA/1PEL(PASSOS);UR00565;Não;Não;Não;BOLETIM DE OCORRENCIA;Classificada;22/07/2024 08:00;Não
2024-34620136-9;(BM) 2024-032640878-001;21/07/2024 09:32;RUA ARNUFO NOGUEIRA DE FIGUEIREDO, Nº S/N - JARDIM PINHEIROS 2 - PASSOS;-207.249.976;-466.250.823;P02003 - VISTORIA EM LOTE VAGO (C) (Prioridade: 2 - Média);1CIA IND/2CIA/1PEL(PASSOS);ASL06087;Não;Não;Não;BOLETIM DE OCORRENCIA;Classificada;22/07/2024 08:00;Não
2024-34620316-0;(BM) 2024-032640893-001;21/07/2024 09:58;RUA MANOEL J DE ABREU, Nº S/N - PARQUE DAS AROEIRAS - PASSOS;-207.243.252;-466.288.649;P02003 - VISTORIA EM LOTE VAGO (C) (Prioridade: 2 - Média);1CIA IND/2CIA/1PEL(PASSOS);ASL06087;Não;Não;Não;BOLETIM DE OCORRENCIA;Classificada;22/07/2024 08:00;Não
2024-34623547-0;(BM) 2024-032676464-001;21/07/2024 15:35;RUA SANTA CASA, Nº 121 - SANTA CASA - PASSOS;-207.126.571;-466.106.065;V01023 - VITIMA DE SINCOPE (DESMAIO)/VERTIGEM (C) (Prioridade: 1 - Alta);1CIA IND/2CIA/1PEL(PASSOS);UR00565;Não;Não;Não;BOLETIM DE OCORRENCIA;Classificada;22/07/2024 08:00;Não
2024-34624900-0;(BM) 2024-032682041-001;21/07/2024 17:11;RUA SEBASTIAO CARDOSO, Nº S/N - BAEPENDI - ALPINOPOLIS;-208.690.502;-463.892.369;P01001 - VISTORIA DE FISCALIZACAO (C) (Prioridade: 2 - Média);1CIA IND/2CIA/PEL PREV E VIST(PASSOS);APF01362;Não;Não;Não;BOLETIM DE OCORRENCIA;Classificada;22/07/2024 08:00;Não
2024-34625025-5;(BM) 2024-032688562-001;21/07/2024 17:23;ESTRADA DO BANANAL 18 KM DA CIDADE DE PASSOS, Nº S/N - PASSOS;-206.561.969;-467.615.525;V02403 - VITIMA DE COLISAO ENTRE AUTOMOVEIS (CARRO / CAMINHONETE) (C) (Prioridade: 1 - Alta);1CIA IND/2CIA/1PEL(PASSOS);UR00565;Não;Não;Não;BOLETIM DE OCORRENCIA;Classificada;22/07/2024 08:00;Não
2024-34629107-0;(BM) 2024-032729376-001;21/07/2024 21:50;RUA PATATIVA, Nº 191 - SAO JOAO - PASSOS;-207.359.296;-466.092.268;S06002 - CAPTURA DE ANIMAL SILVESTRE PERIGOSO / AGRESSIVO (C) (Prioridade: 2 - Média);1CIA IND/2CIA/1PEL(PASSOS);ASL06087;Não;Não;Não;BOLETIM DE OCORRENCIA;Classificada;22/07/2024 08:00;Não
2024-34632025-5;(BM) 2024-032748043-001;22/07/2024 03:30;RUA COIMBRAS, Nº S/N - NOSSA SENHORA DE LOURDES - PASSOS;-206.987.548;-466.163.657;O02001 - INCENDIO EM RESIDENCIA/HABITACAO UNIFAMILIAR (CASA) (C) (Prioridade: 1 - Alta);1CIA IND/2CIA/1PEL(PASSOS);ASL06087;Não;Não;Não;BOLETIM DE OCORRENCIA;Classificada;22/07/2024 08:00;Não
2024-34633047-3;(BM) 2024-032871107-001;22/07/2024 08:12;RUA SALINAS, Nº 202 - COHAB 2 - PASSOS;-207.119.174;-466.287.524;S06001 - SALVAMENTO DE ANIMAL EM RISCO / PERIGO (C) (Prioridade: 2 - Média);1CIA IND/2CIA/1PEL(PASSOS);ASL06087;Não;Não;Não;BOLETIM DE OCORRENCIA;Classificada;23/07/2024 08:37;Não
2024-34633524-0;(BM) 2024-032779871-001;22/07/2024 09:01;RUA DOUTOR CARVALHO, Nº 1455 - NOSSA SENHORA DAS GRAÇAS - PASSOS;-207.352.269;-466.037.303;Q03005 - TREINAMENTO DE SALVAMENTO TERRESTRE (C) (Prioridade: 2 - Média);1CIA IND/2CIA/1PEL(PASSOS);BM1637750;Não;Não;Não;BOLETIM DE OCORRENCIA;Classificada;23/07/2024 08:38;Não
2024-34634215-1;(BM) 2024-032770150-001;22/07/2024 10:08;RUA DOUTOR SATURNINO, Nº 63 - PASSOS;-207.275.207;-465.991.865;X03000 - EMPENHO ADMINISTRATIVO (C) (Prioridade: 2 - Média);1CIA IND/2CIA/PEL PREV E VIST(PASSOS);APF01362;Não;Não;Não;BOLETIM DE OCORRENCIA;Classificada;23/07/2024 08:38;Não
2024-34634979-6;(BM) 2024-032782401-001;22/07/2024 11:06;RUA EQUADOR, Nº 140 - POLIVALENTE - PASSOS;-207.071.687;-466.069.113;V01018 - VITIMA DE MAL NAO DEFINIDO (DISTURBIO) (C) (Prioridade: 1 - Alta);1CIA IND/2CIA/1PEL(PASSOS);UR00565;Não;Não;Não;BOLETIM DE OCORRENCIA;Classificada;23/07/2024 08:39;Não
2024-34635012-0;(BM) 2024-032782380-001;22/07/2024 11:08;RUA OSVALDO BATISTA BONFIM, Nº 429 - SERRA VERDE - PASSOS;-207.422.796;-465.922.201;S06007 - CORTE / PODA DE ARVORE COM RISCO IMINENTE DE QUEDA (C) (Prioridade: 2 - Média);1CIA IND/2CIA/1PEL(PASSOS);ASL06087;Não;Não;Não;BOLETIM DE OCORRENCIA;Classificada;23/07/2024 08:38;Não
2024-34635836-4;(BM) 2024-032791666-001;22/07/2024 12:46;AVENIDA OLIVEIRA REZENDE, Nº 1217 - CENTRO - SAO SEBASTIAO PARAISO;-209.098.609;-469.961.759;X03000 - EMPENHO ADMINISTRATIVO (C) (Prioridade: 2 - Média);1CIA IND/2CIA/1PEL(PASSOS);BM1791219;Não;Não;Não;BOLETIM DE OCORRENCIA;Classificada;23/07/2024 08:38;Não
2024-34636142-0;(BM) 2024-032794813-001;22/07/2024 13:17;RUA ELVIRA SILVEIRA COIMBRA, Nº 184 - PASSOS;-207.223.424;-466.080.279;P01002 - VISTORIA DE LIBERACAO / EMISSAO DE AVCB (C) (Prioridade: 2 - Média);1CIA IND/2CIA/PEL PREV E VIST(PASSOS);APF01362;Não;Não;Não;BOLETIM DE OCORRENCIA;Classificada;23/07/2024 08:38;Não
2024-34636185-3;(BM) 2024-032796593-001;22/07/2024 13:22;RUA DO MEIO, Nº 408 - NOVO HORIZONTE - PASSOS;-207.356.117;-466.020.344;O04011 - INCENDIO EM AREA URBANA NAO PROTEGIDA (C) (Prioridade: 2 - Média);1CIA IND/2CIA/1PEL(PASSOS);ASL06087;Não;Não;Não;BOLETIM DE OCORRENCIA;Classificada;23/07/2024 08:38;Não
2024-34636309-4;;22/07/2024 13:33;AVENIDA ALCOA, Nº S/N - ZONA SUL - POCOS DE CALDAS;;;O02027 - INCENDIO VEIC. AUTOMOTOR (EXCETO TANQUE/ONIBUS/MICRO-ONIBUS) (C) (Prioridade: 1 - Alta);1CIA IND (POCOS DE CALDAS);;Não;Não;Não;DUPLICADA;Classificada;22/07/2024 13:44;Não
2024-34637495-6;(BM) 2024-032811998-001;22/07/2024 14:46;FAZENDA PEROBAS - DANILO CESAR LEMOS - ARRENDATARIO TARCISIO PAULINO DOS SANTOS, Nº S/N - PASSOS;-207.306.407;-465.456.121;P01002 - VISTORIA DE LIBERACAO / EMISSAO DE AVCB (C) (Prioridade: 2 - Média);1CIA IND/2CIA/PEL PREV E VIST(PASSOS);APF01362;Não;Não;Não;BOLETIM DE OCORRENCIA;Classificada;23/07/2024 08:38;Não
2024-34637992-0;(BM) 2024-032843586-001;22/07/2024 15:11;RUA JOAO DE SOUZA ANDRADE, Nº 234 - RECANTO DA TEKA - PASSOS;-207.449.715;-465.957.696;O04013 - INCENDIO EM PASTO (C) (Prioridade: 2 - Média);1CIA IND/2CIA/1PEL(PASSOS);ASL06087;Não;Não;Não;BOLETIM DE OCORRENCIA;Classificada;23/07/2024 08:38;Não
2024-34638234-8;(BM) 2024-032843467-001;22/07/2024 15:26;RUA BARAO DE PASSOS, Nº S/N - CENTRO - PASSOS;-207.194.995;-466.074.223;X03000 - EMPENHO ADMINISTRATIVO (C) (Prioridade: 2 - Média);1CIA IND/2CIA/1PEL(PASSOS);ASL06087;Não;Não;Não;BOLETIM DE OCORRENCIA;Classificada;23/07/2024 08:39;Não
2024-34640155-6;(BM) 2024-032844370-001;22/07/2024 17:14;RUA JOSE PIMENTA DE MELO, Nº S/N - JARDIM FLORENCA - PASSOS;-206.911.508;-466.168.107;P02003 - VISTORIA EM LOTE VAGO (C) (Prioridade: 2 - Média);1CIA IND/2CIA/1PEL(PASSOS);ASL06087;Não;Não;Não;BOLETIM DE OCORRENCIA;Classificada;23/07/2024 08:39;Não
2024-34640735-6;(BM) 2024-032850261-001;22/07/2024 17:51;RUA JOSE PIMENTA DE MELO, Nº S/N - JARDIM FLORENCA - PASSOS;-206.911.508;-466.168.107;P02003 - VISTORIA EM LOTE VAGO (C) (Prioridade: 2 - Média);1CIA IND/2CIA/1PEL(PASSOS);ASL06087;Não;Não;Não;BOLETIM DE OCORRENCIA;Classificada;23/07/2024 08:39;Não
2024-34641242-4;(BM) 2024-032855132-001;22/07/2024 18:18;RUA BERNARDINA DA CUNHA / AVENIDA PROJETADA - JARDIM FLORENCA - PASSOS;-20.692.197;-466.121.008;P02003 - VISTORIA EM LOTE VAGO (C) (Prioridade: 2 - Média);1CIA IND/2CIA/1PEL(PASSOS);ASL06087;Não;Não;Não;BOLETIM DE OCORRENCIA;Classificada;23/07/2024 08:39;Não
2024-34643709-2;(BM) 2024-032894101-001;22/07/2024 21:10;RUA JOAQUIM SILVEIRA BORGES, Nº 70 - RECANTO DA TEKA - PASSOS;-207.444.497;-465.975.298;O04012 - INCENDIO EM LOTE VAGO (AREA URBANA) (C) (Prioridade: 2 - Média);1CIA IND/2CIA/1PEL(PASSOS);ASL06087;Não;Não;Não;BOLETIM DE OCORRENCIA;Classificada;23/07/2024 08:39;Não
2024-34646602-5;(BM) 2024-032913021-001;23/07/2024 01:28;RUA TURMALINA, Nº S/N - ACLIMACAO - PASSOS;-207.543.276;-466.029.164;O04012 - INCENDIO EM LOTE VAGO (AREA URBANA) (C) (Prioridade: 2 - Média);1CIA IND/2CIA/1PEL(PASSOS);ASL06087;Não;Não;Não;BOLETIM DE OCORRENCIA;Classificada;23/07/2024 08:39;Não
2024-34647141-0;(BM) 2024-032914734-001;23/07/2024 04:28;RUA LOULOU, Nº 426 - BELO HORIZONTE - PASSOS;-207.264.126;-466.030.294;V01010 - VITIMA COM DOR TORACICA/SUSPEITA DE INFARTO (IAM) (C) (Prioridade: 1 - Alta);1CIA IND/2CIA/1PEL(PASSOS);UR00565;Não;Não;Não;BOLETIM DE OCORRENCIA;Classificada;23/07/2024 08:39;Não
2024-34648207-1;(BM) 2024-032932673-001;23/07/2024 08:47;AVENIDA EXPEDICIONARIOS, Nº S/N - MIRANTE DO VALE - PASSOS;-207.256.744;-465.818.365;P02003 - VISTORIA EM LOTE VAGO (C) (Prioridade: 2 - Média);1CIA IND/2CIA/1PEL(PASSOS);ASL06087;Não;Não;Não;BOLETIM DE OCORRENCIA;Classificada;24/07/2024 07:25;Não
2024-34648251-3;(BM) 2024-032932708-001;23/07/2024 08:50;AVENIDA EXPEDICIONARIOS, Nº S/N - MIRANTE DO VALE - PASSOS;-207.256.744;-465.818.365;P02003 - VISTORIA EM LOTE VAGO (C) (Prioridade: 2 - Média);1CIA IND/2CIA/1PEL(PASSOS);ASL06087;Não;Não;Não;BOLETIM DE OCORRENCIA;Classificada;24/07/2024 07:25;Não
2024-34648252-6;(BM) 2024-032932723-001;23/07/2024 08:50;AVENIDA EXPEDICIONARIOS, Nº S/N - MIRANTE DO VALE - PASSOS;-207.256.744;-465.818.365;P02003 - VISTORIA EM LOTE VAGO (C) (Prioridade: 2 - Média);1CIA IND/2CIA/1PEL(PASSOS);ASL06087;Não;Não;Não;BOLETIM DE OCORRENCIA;Classificada;24/07/2024 07:25;Não
2024-34648478-9;(BM) 2024-032932777-001;23/07/2024 09:16;AVENIDA EXPEDICIONARIOS, Nº S/N - MIRANTE DO VALE - PASSOS;-207.256.744;-465.818.365;P02003 - VISTORIA EM LOTE VAGO (C) (Prioridade: 2 - Média);1CIA IND/2CIA/1PEL(PASSOS);ASL06087;Não;Não;Não;BOLETIM DE OCORRENCIA;Classificada;24/07/2024 07:25;Não
2024-34648479-1;(BM) 2024-032932868-001;23/07/2024 09:17;AVENIDA EXPEDICIONARIOS, Nº S/N - MIRANTE DO VALE - PASSOS;-207.256.744;-465.818.365;P02003 - VISTORIA EM LOTE VAGO (C) (Prioridade: 2 - Média);1CIA IND/2CIA/1PEL(PASSOS);ASL06087;Não;Não;Não;BOLETIM DE OCORRENCIA;Classificada;24/07/2024 07:25;Não
2024-34648778-2;(BM) 2024-032932896-001;23/07/2024 09:52;RUA SAO MIGUEL, Nº S/N - JARDIM PLANALTO - PASSOS;-20.722.654;-466.243.921;S06002 - CAPTURA DE ANIMAL SILVESTRE PERIGOSO / AGRESSIVO (C) (Prioridade: 2 - Média);1CIA IND/2CIA/1PEL(PASSOS);ASL06087;Não;Não;Não;BOLETIM DE OCORRENCIA;Classificada;24/07/2024 07:25;Não
2024-34649267-9;(BM) 2024-032942521-001;23/07/2024 10:32;RUA DOUTOR CARVALHO, Nº 1455 - NOSSA SENHORA DAS GRAÇAS - PASSOS;-207.352.269;-466.037.303;Q03001 - TREINAMENTO DE COMBATE A INCENDIO (C) (Prioridade: 2 - Média);1CIA IND/2CIA/1PEL(PASSOS);BM1206671;Não;Não;Não;BOLETIM DE OCORRENCIA;Classificada;24/07/2024 07:25;Não
2024-34649733-0;(BM) 2024-032944260-001;23/07/2024 11:09;RUA CARAMBOLA, Nº 84 - NOSSA SENHORA DE LOURDES - PASSOS;-206.999.812;-466.190.657;V01024 - VITIMA DE SUICIDIO (TENTATIVA) - APH CLINICO (C) (Prioridade: 1 - Alta);1CIA IND/2CIA/1PEL(PASSOS);UR00565;Não;Não;Não;BOLETIM DE OCORRENCIA;Classificada;24/07/2024 07:25;Não
2024-34650112-0;(BM) 2024-032955010-001;23/07/2024 11:48;AVENIDA JK, Nº 1974 - NOVO HORIZONTE - PASSOS;-20.733.689;-465.982.346;P03001 - PERIGO DE DERRAPAGEM (C) (Prioridade: 2 - Média);1CIA IND/2CIA/1PEL(PASSOS);ASL06087;Não;Não;Não;BOLETIM DE OCORRENCIA;Classificada;24/07/2024 07:25;Não
2024-34650583-6;(BM) 2024-032955091-001;23/07/2024 12:44;RUA RIO BRANCO, Nº 1668 - BELA VISTA 2 - PASSOS;;;O04011 - INCENDIO EM AREA URBANA NAO PROTEGIDA (C) (Prioridade: 2 - Média);1CIA IND/2CIA/1PEL(PASSOS);ASL06087;Não;Não;Não;BOLETIM DE OCORRENCIA;Classificada;24/07/2024 07:25;Não
2024-34651536-1;(BM) 2024-032989629-001;23/07/2024 14:11;RUA BRIGADEIRO WILSON ABREU NOGUEIRA, Nº 158 - SAO FRANCISCO - PASSOS;-207.261.626;-466.218.589;S06002 - CAPTURA DE ANIMAL SILVESTRE PERIGOSO / AGRESSIVO (C) (Prioridade: 2 - Média);1CIA IND/2CIA/1PEL(PASSOS);ASL06087;Não;Não;Não;BOLETIM DE OCORRENCIA;Classificada;24/07/2024 07:25;Não
2024-34652118-7;(BM) 2024-033036972-001;23/07/2024 14:45;FAZENDA FANGUEIRO - BAIRRO RURAL FANGUEIRO - JOSE LAZARO LEMOSS, Nº S/N - ALPINOPOLIS;-209.276.271;-464.591.187;O04013 - INCENDIO EM PASTO (C) (Prioridade: 2 - Média);1CIA IND/2CIA/1PEL(PASSOS);ASL06087;Não;Não;Não;BOLETIM DE OCORRENCIA;Classificada;24/07/2024 07:25;Não
2024-34660475-0;(BM) 2024-033074135-001;24/07/2024 00:18;RUA BOLIVIA, Nº 121 - POLIVALENTE - PASSOS;-207.068.251;-466.059.593;O04012 - INCENDIO EM LOTE VAGO (AREA URBANA) (C) (Prioridade: 2 - Média);1CIA IND/2CIA/1PEL(PASSOS);ASL06087;Não;Não;Não;BOLETIM DE OCORRENCIA;Classificada;24/07/2024 07:25;Não
2024-34661157-0;(BM) 2024-033073613-001;24/07/2024 02:03;AVENIDA DA MODA, Nº S/N - PASSOS;;;V02502 - VITIMA DE QUEDA (MOTOCICLISTA) (C) (Prioridade: 1 - Alta);1CIA IND/2CIA/1PEL(PASSOS);UR00565;Não;Não;Não;BOLETIM DE OCORRENCIA;Classificada;24/07/2024 07:20;Não
2024-34661500-0;;24/07/2024 03:34;RUA VIRGINIA, Nº 131 - COHAB 2 - PASSOS;-207.111.209;-466.292.846;W03000 - SOLICITANTE ENCONTRADO - PROVIDENCIA DISPENSADA (C) (Prioridade: 3 - Baixa);1CIA IND/2CIA/1PEL(PASSOS);UR00565;Não;Não;Não;ATENDIDA PELO SAMU;Classificada;24/07/2024 05:01;Não
2024-34661587-9;;24/07/2024 04:30;RUA WALDOMIRO CAETANO MACHADO, Nº 411 - NOVA CALIFORNIA - PASSOS;-206.998.895;-466.225.835;W10000 - DISPENSADA POR DUPLICIDADE DE EMPENHO COM OUTROS ORGAOS (C) (Prioridade: 1 - Alta);1CIA IND/2CIA/1PEL(PASSOS);UR00565;Não;Não;Não;ATENDIDA PELO SAMU;Classificada;24/07/2024 05:16;Não
2024-34661673-9;(BM) 2024-033072779-001;24/07/2024 05:07;RUA BELA VISTA, Nº 29 - SAO FRANCISCO - PASSOS;-207.257.713;-466.174.752;V01010 - VITIMA COM DOR TORACICA/SUSPEITA DE INFARTO (IAM) (C) (Prioridade: 1 - Alta);1CIA IND/2CIA/1PEL(PASSOS);UR00565;Não;Não;Não;BOLETIM DE OCORRENCIA;Classificada;24/07/2024 07:20;Não
2024-34663208-0;(BM) 2024-033088245-001;24/07/2024 09:28;RUA JOAQUIM FERNANDES DA SILVA, Nº S/N - RECANTO DA TEKA - PASSOS;-207.455.952;-465.955.779;P02003 - VISTORIA EM LOTE VAGO (C) (Prioridade: 2 - Média);1CIA IND/2CIA/1PEL(PASSOS);ASL06087;Não;Não;Não;BOLETIM DE OCORRENCIA;Classificada;25/07/2024 06:40;Não
2024-34663440-1;(BM) 2024-033090350-001;24/07/2024 09:45;RUA JOAQUIM FERNANDES DA SILVA, Nº S/N - RECANTO DA TEKA - PASSOS;-207.455.952;-465.955.779;P02003 - VISTORIA EM LOTE VAGO (C) (Prioridade: 2 - Média);1CIA IND/2CIA/1PEL(PASSOS);ASL06087;Não;Não;Não;BOLETIM DE OCORRENCIA;Classificada;25/07/2024 06:39;Não
2024-34663642-6;(BM) 2024-033093417-001;24/07/2024 10:07;AVENIDA JUCA STOCKLER, Nº S/N - SAO JOAQUIM - PASSOS;-207.420.993;-46.600.964;P02003 - VISTORIA EM LOTE VAGO (C) (Prioridade: 2 - Média);1CIA IND/2CIA/1PEL(PASSOS);ASL06087;Não;Não;Não;BOLETIM DE OCORRENCIA;Classificada;25/07/2024 06:39;Não
2024-34663725-1;(BM) 2024-033113604-001;24/07/2024 10:17;RUA DOUTOR CARVALHO, Nº 1455 - NOSSA SENHORA DAS GRAÇAS - PASSOS;-207.352.269;-466.037.303;Q02009 - PALESTRA DE PRIMEIROS SOCORROS (C) (Prioridade: 2 - Média);1CIA IND/2CIA/1PEL(PASSOS);BM1637099;Não;Não;Não;BOLETIM DE OCORRENCIA;Classificada;25/07/2024 06:39;Não
2024-34663790-3;(BM) 2024-033113764-001;24/07/2024 10:22;RUA TULIPAS, Nº 130 - PANORAMA - PASSOS;-207.070.464;-466.148.108;S06001 - SALVAMENTO DE ANIMAL EM RISCO / PERIGO (C) (Prioridade: 2 - Média);1CIA IND/2CIA/1PEL(PASSOS);ASL06087;Não;Não;Não;BOLETIM DE OCORRENCIA;Classificada;25/07/2024 06:39;Não
2024-34663812-4;(BM) 2024-033113632-001;24/07/2024 10:24;RUA BASTILHA, Nº 121 - VILA RICA - PASSOS;-20.727.587;-466.003.743;V03019 - VITIMA DE QUEDA DE ALTURA (C) (Prioridade: 1 - Alta);1CIA IND/2CIA/1PEL(PASSOS);UR00565;Não;Não;Não;BOLETIM DE OCORRENCIA;Classificada;25/07/2024 06:38;Não
2024-34664171-7;(BM) 2024-033100527-001;24/07/2024 10:57;RUA moises alves amorim, Nº 440 - ITAU DE MINAS;;;P01002 - VISTORIA DE LIBERACAO / EMISSAO DE AVCB (C) (Prioridade: 2 - Média);1CIA IND/2CIA/PEL PREV E VIST(PASSOS);APF01362;Não;Não;Não;BOLETIM DE OCORRENCIA;Classificada;25/07/2024 06:39;Não
2024-34665232-5;(BM) 2024-033113526-001;24/07/2024 12:48;RUA SANTA MARIA GORETTE, Nº 465 - VILA SAO JOSE - PASSOS;-207.024.031;-46.642.515;O04012 - INCENDIO EM LOTE VAGO (AREA URBANA) (C) (Prioridade: 2 - Média);1CIA IND/2CIA/1PEL(PASSOS);BM1224443 / BM1364223;Não;Não;Não;BOLETIM DE OCORRENCIA;Classificada;25/07/2024 06:40;Não
2024-34666124-8;(BM) 2024-033123850-001;24/07/2024 14:08;RODOVIA MG 050, Km 342 - PASSOS;-207.227.202;-464.848.069;W03000 - SOLICITANTE ENCONTRADO - PROVIDENCIA DISPENSADA (C) (Prioridade: 3 - Baixa);1CIA IND/2CIA/1PEL(PASSOS);UR00565;Não;Não;Não;BOLETIM DE OCORRENCIA;Classificada;25/07/2024 06:40;Não
2024-34666447-7;(BM) 2024-033135489-001;24/07/2024 14:29;AVENIDA JUCA STOCKLER, Nº 1189 - NOVO HORIZONTE - PASSOS;-207.340.329;-466.033.113;W04000 - NADA CONSTATADO (C) (Prioridade: 3 - Baixa);1CIA IND/2CIA/1PEL(PASSOS);ASL06087;Não;Não;Não;BOLETIM DE OCORRENCIA;Classificada;25/07/2024 06:40;Não
2024-34669101-9;(BM) 2024-033162059-001;24/07/2024 17:08;RUA DAVID BALDINI, Nº 204 - BELO HORIZONTE - PASSOS;-207.245.057;-466.049.482;V02501 - VITIMA DE QUEDA (CICLISTA) (C) (Prioridade: 1 - Alta);1CIA IND/2CIA/1PEL(PASSOS);UR00565;Não;Não;Não;BOLETIM DE OCORRENCIA;Classificada;25/07/2024 06:38;Não
2024-34669097-3;(BM) 2024-033234452-001;24/07/2024 17:09;RUA ALFERES JOAO PIMENTA DE ABREU, Nº 388 - EXPOSICAO - PASSOS;;;P02011 - VISTORIA EM ENXAME DE INSETOS (C) (Prioridade: 2 - Média);1CIA IND/2CIA/1PEL(PASSOS);ASL06087;Não;Não;Não;BOLETIM DE OCORRENCIA;Classificada;26/07/2024 07:42;Não
2024-34669277-5;(BM) 2024-033183509-001;24/07/2024 17:19;AVENIDA JUPITER, Nº 290 - PASSOS;-20.712.576;-466.162.645;O04011 - INCENDIO EM AREA URBANA NAO PROTEGIDA (C) (Prioridade: 2 - Média);1CIA IND/2CIA/1PEL(PASSOS);BM1224443;Não;Não;Não;BOLETIM DE OCORRENCIA;Classificada;25/07/2024 06:41;Não
2024-34670261-2;;24/07/2024 18:16;AVENIDA JUCA STOCKLER, Nº 3294 - ACLIMACAO - PASSOS;-207.537;-465.983.062;W98011 - SOLICITACAO DE APOIO (C) (Prioridade: 1 - Alta);1CIA IND/2CIA/1PEL(PASSOS);;Não;Não;Não;NADA CONSTATADO;Classificada;24/07/2024 18:44;Não
2024-34670297-0;(BM) 2024-033196382-001;24/07/2024 18:21;AVENIDA NACOES, Nº S/N - VILA RICA - PASSOS;-207.276.808;-46.600.861;P03999 - OUTROS TIPOS DE PCI / PCA   (C) (Prioridade: 2 - Média);1CIA IND/2CIA/1PEL(PASSOS);ASL06087;Não;Não;Não;BOLETIM DE OCORRENCIA;Classificada;25/07/2024 06:38;Não
2024-34671536-4;(BM) 2024-033189967-001;24/07/2024 19:44;AVENIDA JUPITER, Nº 371 - JARDIM SATELITE - PASSOS;-207.120.364;-466.167.568;O04012 - INCENDIO EM LOTE VAGO (AREA URBANA) (C) (Prioridade: 2 - Média);1CIA IND/2CIA/1PEL(PASSOS);ABTS00495;Não;Não;Não;BOLETIM DE OCORRENCIA;Classificada;25/07/2024 06:38;Não
2024-34671570-2;;24/07/2024 19:45;AVENIDA JUPITER, Nº 371 - JARDIM SATELITE - PASSOS;-207.120.364;-466.167.568;W98011 - SOLICITACAO DE APOIO (C) (Prioridade: 1 - Alta);1CIA IND/2CIA/1PEL(PASSOS);;Não;Não;Não;DUPLICADA;Classificada;24/07/2024 19:50;Não
2024-34675329-1;(BM) 2024-033225514-001;25/07/2024 00:46;TRAVESSA RICARDO VENTURINI, Nº 106 - CENTRO - CARMO DO RIO CLARO;-209.688.802;-461.197.076;W04000 - NADA CONSTATADO (C) (Prioridade: 3 - Baixa);1CIA IND/2CIA/1PEL(PASSOS);ABTS00495;Não;Não;Não;BOLETIM DE OCORRENCIA;Classificada;25/07/2024 06:40;Não
2024-34676139-1;;25/07/2024 04:08;RUA DAVID BALDINI, Nº 286 - CENTRO - PASSOS;;;V01007 - VITIMA COM DISPNEIA (FALTA DE AR) (C) (Prioridade: 1 - Alta);1CIA IND/2CIA/1PEL(PASSOS);;Não;Não;Não;DISPENSADA PELO SOLICITANTE;Classificada;25/07/2024 04:23;Não
2024-34676637-9;(BM) 2024-033234621-001;25/07/2024 07:16;RUA ALFERES JOAO PIMENTA DE ABREU, Nº 388 - MUARAMA 2 - PASSOS;-207.337.364;-46.610.768;S06006 - EXTERMINIO DE INSETOS (C) (Prioridade: 2 - Média);1CIA IND/2CIA/1PEL(PASSOS);ASL06087;Não;Não;Não;BOLETIM DE OCORRENCIA;Classificada;26/07/2024 07:42;Não
2024-34677852-7;(BM) 2024-033246078-001;25/07/2024 09:18;RUA JOSE PEREIRA LEMOS, Nº S/N - NOVA PASSOS - PASSOS;-207.042.756;-466.318.838;P02003 - VISTORIA EM LOTE VAGO (C) (Prioridade: 2 - Média);1CIA IND/2CIA/1PEL(PASSOS);ASL06087;Não;Não;Não;BOLETIM DE OCORRENCIA;Classificada;26/07/2024 07:41;Não
2024-34677874-0;(BM) 2024-033260595-001;25/07/2024 09:24;RUA RIO SAPUCAI, Nº 528 - SANTA LUZIA - PASSOS;-207.071.257;-466.020.937;V01020 - VITIMA COM PARADA CARDIORRESPIRATORIA (C) (Prioridade: 1 - Alta);1CIA IND/2CIA/1PEL(PASSOS);UR00565;Não;Não;Não;BOLETIM DE OCORRENCIA;Classificada;26/07/2024 07:39;Não
2024-34678030-3;(BM) 2024-033332945-001;25/07/2024 09:35;AVENIDA PROFESSORA MARIA VALERIA LEMOS BORSARI, Nº S/N - NOVA PASSOS II - PASSOS;-206.991.285;-466.304.102;P02003 - VISTORIA EM LOTE VAGO (C) (Prioridade: 2 - Média);1CIA IND/2CIA/1PEL(PASSOS);ASL06087;Não;Não;Não;BOLETIM DE OCORRENCIA;Classificada;26/07/2024 07:41;Não
2024-34678471-9;(BM) 2024-033260175-001;25/07/2024 10:15;AVENIDA ANTONIO CASSIANO DA SILVEIRA, Nº S/N - PARQUE TROPICAL - PASSOS;-20.718.296;-46.643.225;P02003 - VISTORIA EM LOTE VAGO (C) (Prioridade: 2 - Média);1CIA IND/2CIA/1PEL(PASSOS);ASL06087;Não;Não;Não;BOLETIM DE OCORRENCIA;Classificada;26/07/2024 07:41;Não
2024-34678545-3;(BM) 2024-033255510-001;25/07/2024 10:23;RUA DOUTOR CARVALHO, Nº 1455 - NOSSA SENHORA DAS GRAÇAS - PASSOS;-207.352.269;-466.037.303;Q03017 - TREINAMENTO DE PRIMEIROS SOCORROS (C) (Prioridade: 2 - Média);1CIA IND/2CIA/1PEL(PASSOS);BM1637099;Não;Não;Não;BOLETIM DE OCORRENCIA;Classificada;26/07/2024 07:41;Não
2024-34680156-4;(BM) 2024-033273958-001;25/07/2024 13:03;RUA SENIO BERALDO LEMOS, Nº 132 - JARDIM CANADA - PASSOS;-20.754.059;-466.063.043;V01006 - VITIMA COM DIFICULDADE DE LOCOMOCAO (C) (Prioridade: 1 - Alta);1CIA IND/2CIA/1PEL(PASSOS);UR00565;Não;Não;Não;BOLETIM DE OCORRENCIA;Classificada;26/07/2024 07:39;Não
2024-34680317-1;(BM) 2024-033280661-001;25/07/2024 13:18;RODOVIA PASSOS / GLORIA, Nº S/N - PASSOS;-20.700.737;-46.586.887;Q03005 - TREINAMENTO DE SALVAMENTO TERRESTRE (C) (Prioridade: 2 - Média);1CIA IND/2CIA/1PEL(PASSOS);BM1728633;Não;Não;Não;BOLETIM DE OCORRENCIA;Classificada;26/07/2024 07:41;Não
2024-34681481-0;(BM) 2024-033289885-001;25/07/2024 14:36;RUA SENIO BERALDO LEMOS, Nº 132 - JARDIM CANADA - PASSOS;-20.754.059;-466.063.043;V01026 - TRANSPORTE INTER-HOSPITALAR (C) (Prioridade: 2 - Média);1CIA IND/2CIA/1PEL(PASSOS);UR00565;Não;Não;Não;BOLETIM DE OCORRENCIA;Classificada;26/07/2024 07:41;Não
2024-34681563-3;(BM) 2024-033289766-001;25/07/2024 14:40;RUA ANTONIO FRANCISCO LISBOA, Nº 435 - RECANTO DEL REI - PASSOS;-207.285.694;-465.990.912;P01001 - VISTORIA DE FISCALIZACAO (C) (Prioridade: 2 - Média);1CIA IND/2CIA/PEL PREV E VIST(PASSOS);APF01362;Não;Não;Não;BOLETIM DE OCORRENCIA;Classificada;26/07/2024 07:41;Não
2024-34683185-9;(BM) 2024-033312985-001;25/07/2024 16:04;RUA JUAREZ FRANCISCO DUARTE, Nº S/N - JARDIM SATELITE - PASSOS;-20.708.902;-466.227.585;O04011 - INCENDIO EM AREA URBANA NAO PROTEGIDA (C) (Prioridade: 2 - Média);1CIA IND/2CIA/1PEL(PASSOS);ABTS00495;Não;Não;Não;BOLETIM DE OCORRENCIA;Classificada;26/07/2024 07:41;Não
2024-34684800-3;(BM) 2024-033333389-001;25/07/2024 17:33;RUA JOAO DE SOUZA ANDRADE, Nº 234 - RECANTO DA TEKA - PASSOS;-207.449.715;-465.957.696;O04009 - INCENDIO EM AREA URBANA PERTENCENTE A ORGAO PUBLICO (C) (Prioridade: 2 - Média);1CIA IND/2CIA/1PEL(PASSOS);ABTS00495;Não;Não;Não;BOLETIM DE OCORRENCIA;Classificada;26/07/2024 07:41;Não
2024-34685928-2;(BM) 2024-033345041-001;25/07/2024 18:46;ACESSO RURAL PAULO SPER PIMENTA, Nº S/N - JARDIM CIDADE SAO FRANCISCO - PASSOS;;;O04013 - INCENDIO EM PASTO (C) (Prioridade: 2 - Média);1CIA IND/2CIA/1PEL(PASSOS);ABTS00495;Não;Não;Não;BOLETIM DE OCORRENCIA;Classificada;26/07/2024 07:40;Não
2024-34686204-8;(BM) 2024-033348950-001;25/07/2024 19:02;RUA PAULO MENDONCA, Nº S/N - CENTRO - SAO JOSE DA BARRA;-207.154.143;-4.631.254;O04013 - INCENDIO EM PASTO (C) (Prioridade: 2 - Média);1CIA IND/2CIA/1PEL(PASSOS);ABTS00495;Não;Não;Não;BOLETIM DE OCORRENCIA;Classificada;26/07/2024 07:40;Não
2024-34688100-3;;25/07/2024 21:13;AVENIDA ELDORADO, Nº 749 - PASSOS;-207.364.137;-466.111.915;O02033 - INCENDIO EM AMONTOADO DE LIXO (C) (Prioridade: 2 - Média);1CIA IND/2CIA/1PEL(PASSOS);;Não;Não;Não;DISPENSADA PELO SOLICITANTE;Classificada;25/07/2024 21:22;Não
2024-34688437-7;;25/07/2024 21:39;RUA JOSE GONCALVES DE PAULA, Nº 40 - CENTRO - ALPINOPOLIS;-208.643.164;-463.914.141;W98011 - SOLICITACAO DE APOIO (C) (Prioridade: 1 - Alta);1CIA IND/2CIA/1PEL(PASSOS);;Não;Não;Não;DISPENSADA PELO SOLICITANTE;Classificada;25/07/2024 22:04;Não
2024-34688546-2;(BM) 2024-033376055-001;25/07/2024 21:46;RUA ENGENHEIROS, Nº 225 - BELO HORIZONTE - PASSOS;-207.289.849;-466.048.865;O02034 - INCENDIO EM CACAMBA DE LIXO / ENTULHO (C) (Prioridade: 2 - Média);1CIA IND/2CIA/1PEL(PASSOS);ABTS00495;Não;Não;Não;BOLETIM DE OCORRENCIA;Classificada;26/07/2024 07:40;Não
2024-34689944-0;(BM) 2024-033381440-001;25/07/2024 23:25;RODOVIA MG 050, Km 348 - PASSOS;-207.281.619;-4.654.559;O04007 - INCENDIO EM PROPRIEDADE RURAL PARTICULAR (C) (Prioridade: 2 - Média);1CIA IND/2CIA/1PEL(PASSOS);ABTS00495;Não;Não;Não;BOLETIM DE OCORRENCIA;Classificada;26/07/2024 07:40;Não
2024-34690339-0;;25/07/2024 23:58;RUA JUAREZ FRANCISCO DUARTE, Nº S/N - MARIA AUGUSTA - PASSOS;;;O04011 - INCENDIO EM AREA URBANA NAO PROTEGIDA (C) (Prioridade: 2 - Média);1CIA IND/2CIA/1PEL(PASSOS);;Não;Não;Não;DISPENSADA PELO SOLICITANTE;Classificada;26/07/2024 00:50;Não
2024-34691364-3;;26/07/2024 02:14;RUA JOAO CASSIMIRO SILVA, Nº 495 - VILA BETÂNIA - ALPINOPOLIS;-20.858.626;-463.735.147;W98011 - SOLICITACAO DE APOIO (C) (Prioridade: 1 - Alta);1CIA IND/2CIA/1PEL(PASSOS);;Não;Não;Não;DISPENSADA PELO SOLICITANTE;Classificada;26/07/2024 02:22;Não
2024-34692647-3;(BM) 2024-033405412-001;26/07/2024 08:22;RUA DOUTOR CARVALHO, Nº 1455 - NOSSA SENHORA DAS GRAÇAS - PASSOS;-207.352.269;-466.037.303;Q03017 - TREINAMENTO DE PRIMEIROS SOCORROS (C) (Prioridade: 2 - Média);1CIA IND/2CIA/1PEL(PASSOS);BM1549807;Não;Não;Não;BOLETIM DE OCORRENCIA;Classificada;27/07/2024 07:26;Não
2024-34692728-3;(BM) 2024-033417577-001;26/07/2024 08:31;RUA JUAREZ FRANCISCO DUARTE, Nº 575 - JARDIM SATELITE - PASSOS;-207.106.034;-466.224.621;S06002 - CAPTURA DE ANIMAL SILVESTRE PERIGOSO / AGRESSIVO (C) (Prioridade: 2 - Média);1CIA IND/2CIA/1PEL(PASSOS);ASL06087;Não;Não;Não;BOLETIM DE OCORRENCIA;Classificada;27/07/2024 07:26;Não
2024-34693896-3;(BM) 2024-033423862-001;26/07/2024 10:31;RUA JUAREZ FRANCISCO DUARTE, Nº S/N - JARDIM SATELITE - PASSOS;-20.708.902;-466.227.585;O04004 - INCENDIO EM AREA DE REFLORESTAMENTO (C) (Prioridade: 2 - Média);1CIA IND/2CIA/1PEL(PASSOS);ABTS00495;Não;Não;Não;BOLETIM DE OCORRENCIA;Classificada;27/07/2024 07:26;Não
2024-34695521-1;(BM) 2024-033438635-001;26/07/2024 13:17;ESTRADA SAO JOAO BATISTA DO GLORIA / PALMEIRAS - GLORIA / PALMEIRAS -  SBG  010, Nº S/N - SAO JOAO BATISTA GLORIA;-206.136.965;-464.957.211;P01003 - VISTORIA EM EVENTOS TEMPORARIOS (C) (Prioridade: 1 - Alta);1CIA IND/2CIA/PEL PREV E VIST(PASSOS);APF01362;Não;Não;Não;BOLETIM DE OCORRENCIA;Classificada;27/07/2024 07:26;Não
2024-34695811-1;(BM) 2024-033442332-001;26/07/2024 13:44;RUA AIKSA RAMOS, Nº 51 - ALTO DA BOA VISTA - IBIRACI;-204.684.319;-471.263.697;W10000 - DISPENSADA POR DUPLICIDADE DE EMPENHO COM OUTROS ORGAOS (C) (Prioridade: 1 - Alta);1CIA IND/2CIA/1PEL(PASSOS);ASL06087;Não;Não;Não;BOLETIM DE OCORRENCIA;Classificada;27/07/2024 07:26;Não
2024-34696670-7;(BM) 2024-033451885-001;26/07/2024 14:39;RUA JURANDIR LEANDRO VIEIRA, Nº S/N - RESIDENCIAL VILLAGIO DI ITALIA - PASSOS;-207.345.147;-465.913.156;O04011 - INCENDIO EM AREA URBANA NAO PROTEGIDA (C) (Prioridade: 2 - Média);1CIA IND/2CIA/1PEL(PASSOS);ABTS00495 / ASL06087;Não;Não;Não;BOLETIM DE OCORRENCIA;Classificada;27/07/2024 07:26;Não
2024-34701657-1;(BM) 2024-033504470-001;26/07/2024 20:12;AVENIDA SAUDADE, Nº S/N - SAO BENEDITO - PASSOS;-207.235.064;-466.024.728;P03999 - OUTROS TIPOS DE PCI / PCA   (C) (Prioridade: 2 - Média);1CIA IND/2CIA/1PEL(PASSOS);UR00565;Não;Não;Não;BOLETIM DE OCORRENCIA;Classificada;27/07/2024 07:26;Não
2024-34701733-8;(BM) 2024-033504771-001;26/07/2024 20:14;RUA PRATAPOLIS, Nº S/N - NOSSA SENHORA DE FATIMA - PASSOS;-206.981.623;-466.127.098;P02003 - VISTORIA EM LOTE VAGO (C) (Prioridade: 2 - Média);1CIA IND/2CIA/1PEL(PASSOS);ASL06087;Não;Não;Não;BOLETIM DE OCORRENCIA;Classificada;27/07/2024 07:26;Não
2024-34701925-9;(BM) 2024-033511037-001;26/07/2024 20:28;RUA JOAQUIM LOPES, Nº 635 - PENHA - PASSOS;-207.166.813;-466.275.017;W10000 - DISPENSADA POR DUPLICIDADE DE EMPENHO COM OUTROS ORGAOS (C) (Prioridade: 1 - Alta);1CIA IND/2CIA/1PEL(PASSOS);UR00565;Sim;Não;Não;BOLETIM DE OCORRENCIA;Classificada;27/07/2024 07:26;Não
2024-34702203-0;(BM) 2024-033511078-001;26/07/2024 20:49;RUA MUZAMBINHO, Nº S/N - NOSSA SENHORA DE FATIMA - PASSOS;-206.984.606;-46.613.406;P02003 - VISTORIA EM LOTE VAGO (C) (Prioridade: 2 - Média);1CIA IND/2CIA/1PEL(PASSOS);ASL06087;Não;Não;Não;BOLETIM DE OCORRENCIA;Classificada;27/07/2024 07:26;Não
2024-34707311-0;(BM) 2024-033555823-001;27/07/2024 05:44;AVENIDA PERIMETRAL, Nº S/N - PARQUE DA ESTACAO - PASSOS;-207.057.771;-466.097.547;W04000 - NADA CONSTATADO (C) (Prioridade: 3 - Baixa);1CIA IND/2CIA/1PEL(PASSOS);ABTS00495;Não;Não;Não;BOLETIM DE OCORRENCIA;Classificada;27/07/2024 07:26;Não
2024-34707324-1;;27/07/2024 05:49;AVENIDA PERIMETRAL, Nº S/N - PARQUE DA ESTACAO - PASSOS;-207.057.771;-466.097.547;W98011 - SOLICITACAO DE APOIO (C) (Prioridade: 1 - Alta);1CIA IND/2CIA/1PEL(PASSOS);;Não;Não;Não;DUPLICADA;Classificada;27/07/2024 06:24;Não
2024-34707965-6;(BM) 2024-033560406-001;27/07/2024 08:20;PRACA FRANCISCO SALLES, Nº S/N - BELO HORIZONTE - PASSOS;-207.264.675;-466.045.971;P03999 - OUTROS TIPOS DE PCI / PCA   (C) (Prioridade: 2 - Média);1CIA IND/2CIA/1PEL(PASSOS);ASL06087;Não;Não;Não;BOLETIM DE OCORRENCIA;Classificada;28/07/2024 08:03;Não
2024-34708204-5;(BM) 2024-033562199-001;27/07/2024 08:53;RUA SARGENTO GENTIL ERNESTO, Nº S/N - RESIDENCIAL VILLAGIO DI ITALIA - PASSOS;-207.292.344;-465.861.602;P02003 - VISTORIA EM LOTE VAGO (C) (Prioridade: 2 - Média);1CIA IND/2CIA/1PEL(PASSOS);ASL06087;Não;Não;Não;BOLETIM DE OCORRENCIA;Classificada;28/07/2024 08:03;Não
2024-34708280-3;(BM) 2024-033564053-001;27/07/2024 09:04;RUA SARGENTO GENTIL ERNESTO, Nº S/N - RESIDENCIAL VILLAGIO DI ITALIA - PASSOS;-207.292.344;-465.861.602;P02003 - VISTORIA EM LOTE VAGO (C) (Prioridade: 2 - Média);1CIA IND/2CIA/1PEL(PASSOS);ASL06087;Não;Não;Não;BOLETIM DE OCORRENCIA;Classificada;28/07/2024 08:02;Não
2024-34708353-5;(BM) 2024-033564103-001;27/07/2024 09:14;RUA SARGENTO GENTIL ERNESTO, Nº S/N - RESIDENCIAL VILLAGIO DI ITALIA - PASSOS;-207.292.344;-465.861.602;P02003 - VISTORIA EM LOTE VAGO (C) (Prioridade: 2 - Média);1CIA IND/2CIA/1PEL(PASSOS);ASL06087;Não;Não;Não;BOLETIM DE OCORRENCIA;Classificada;28/07/2024 08:02;Não
2024-34708432-0;(BM) 2024-033564129-001;27/07/2024 09:23;RUA SARGENTO GENTIL ERNESTO, Nº S/N - RESIDENCIAL VILLAGIO DI ITALIA - PASSOS;-207.292.344;-465.861.602;P02003 - VISTORIA EM LOTE VAGO (C) (Prioridade: 2 - Média);1CIA IND/2CIA/1PEL(PASSOS);ASL06087;Não;Não;Não;BOLETIM DE OCORRENCIA;Classificada;28/07/2024 08:02;Não
2024-34708484-3;(BM) 2024-033564549-001;27/07/2024 09:31;RUA SARGENTO GENTIL ERNESTO, Nº S/N - RESIDENCIAL VILLAGIO DI ITALIA - PASSOS;-207.292.344;-465.861.602;P02003 - VISTORIA EM LOTE VAGO (C) (Prioridade: 2 - Média);1CIA IND/2CIA/1PEL(PASSOS);ASL06087;Não;Não;Não;BOLETIM DE OCORRENCIA;Classificada;28/07/2024 08:02;Não
2024-34708562-5;(BM) 2024-033565255-001;27/07/2024 09:41;AVENIDA JK, Nº S/N - MONSENHOR MESSIAS - PASSOS;-207.342.178;-465.979.772;V01018 - VITIMA DE MAL NAO DEFINIDO (DISTURBIO) (C) (Prioridade: 1 - Alta);1CIA IND/2CIA/1PEL(PASSOS);UR00565;Não;Não;Não;BOLETIM DE OCORRENCIA;Classificada;28/07/2024 08:02;Não
2024-34709353-0;(BM) 2024-033581063-001;27/07/2024 11:16;RUA RIO NEGRO, Nº 987 - RECANTO DA HARMONIA - PASSOS;-207.049.152;-465.961.209;P02011 - VISTORIA EM ENXAME DE INSETOS (C) (Prioridade: 2 - Média);1CIA IND/2CIA/1PEL(PASSOS);ASL06087;Não;Não;Não;BOLETIM DE OCORRENCIA;Classificada;28/07/2024 08:02;Não
2024-34709718-8;;27/07/2024 12:11;AVENIDA JUPITER, Nº S/N - JARDIM SATELITE - PASSOS;-207.087.452;-466.208.573;V02501 - VITIMA DE QUEDA (CICLISTA) (C) (Prioridade: 1 - Alta);1CIA IND/2CIA/1PEL(PASSOS);UR00565;Não;Não;Não;ATENDIDA PELO SAMU;Classificada;27/07/2024 13:58;Não
2024-34709756-7;(BM) 2024-033577864-001;27/07/2024 12:13;RUA ALMENARA, Nº 62 - CALIFORNIA - PASSOS;-207.001.738;-466.166.574;V01024 - VITIMA DE SUICIDIO (TENTATIVA) - APH CLINICO (C) (Prioridade: 1 - Alta);1CIA IND/2CIA/1PEL(PASSOS);UR00565;Não;Não;Não;BOLETIM DE OCORRENCIA;Classificada;28/07/2024 08:02;Não
2024-34709902-7;;27/07/2024 12:31;RUA ALMENARA, Nº 62 - CALIFORNIA - PASSOS;-207.001.738;-466.166.574;V01024 - VITIMA DE SUICIDIO (TENTATIVA) - APH CLINICO (C) (Prioridade: 1 - Alta);1CIA IND/2CIA/1PEL(PASSOS);;Não;Não;Não;DUPLICADA;Classificada;27/07/2024 12:39;Não
2024-34710129-4;(BM) 2024-033581010-001;27/07/2024 13:02;RUA MORGANITA, Nº 1877 - ACLIMACAO - PASSOS;-207.533.037;-465.969.701;S06003 - CAPTURA DE CAO PERIGOSO / AGRESSIVO (C) (Prioridade: 2 - Média);1CIA IND/2CIA/1PEL(PASSOS);ASL06087;Não;Não;Não;BOLETIM DE OCORRENCIA;Classificada;28/07/2024 08:02;Não
2024-34710492-4;(BM) 2024-033583441-001;27/07/2024 13:40;RUA CENTAUREAS, Nº S/N - MIRANTE DO VALE - PASSOS;-207.215.211;-465.754.861;O04012 - INCENDIO EM LOTE VAGO (AREA URBANA) (C) (Prioridade: 2 - Média);1CIA IND/2CIA/1PEL(PASSOS);ABTS00495;Não;Não;Não;BOLETIM DE OCORRENCIA;Classificada;28/07/2024 08:02;Não
2024-34710468-0;;27/07/2024 13:41;RUA ONZE DE DEZEMBRO, Nº 89 - MARIO MAGALHAES - PASSOS;-207.218.717;-466.136.244;V01018 - VITIMA DE MAL NAO DEFINIDO (DISTURBIO) (C) (Prioridade: 1 - Alta);1CIA IND/2CIA/1PEL(PASSOS);;Não;Não;Não;REPASSADA A OUTROS ÓRGAOS;Classificada;27/07/2024 13:57;Não
2024-34710637-5;(BM) 2024-033590220-001;27/07/2024 14:00;AVENIDA NACOES, Nº S/N - VILA RICA - PASSOS;-207.276.808;-46.600.861;O04011 - INCENDIO EM AREA URBANA NAO PROTEGIDA (C) (Prioridade: 2 - Média);1CIA IND/2CIA/1PEL(PASSOS);ABTS00495 / ASL06087;Não;Não;Não;BOLETIM DE OCORRENCIA;Classificada;28/07/2024 08:02;Não
2024-34710954-8;(BM) 2024-033587255-001;27/07/2024 14:24;RUA AMOS D BORSARI, Nº S/N - NOVA PASSOS - PASSOS;-207.068.241;-466.340.805;S06002 - CAPTURA DE ANIMAL SILVESTRE PERIGOSO / AGRESSIVO (C) (Prioridade: 2 - Média);1CIA IND/2CIA/1PEL(PASSOS);ASL06087;Não;Não;Não;BOLETIM DE OCORRENCIA;Classificada;28/07/2024 08:02;Não
2024-34711154-7;(BM) 2024-033609978-001;27/07/2024 14:38;RUA COLORADO, Nº S/N - RESIDENCIAL ELDORADO - PASSOS;-207.328.749;-466.241.099;O04011 - INCENDIO EM AREA URBANA NAO PROTEGIDA (C) (Prioridade: 3 - Baixa);1CIA IND/2CIA/1PEL(PASSOS);ABTS00495;Não;Não;Não;BOLETIM DE OCORRENCIA;Classificada;28/07/2024 08:03;Não
2024-34712154-2;(BM) 2024-033601880-001;27/07/2024 15:48;RUA MONSENHOR MESSIAS BRAGANCA, Nº 234 - JARDIM PINHEIROS 2 - PASSOS;-207.270.584;-466.242.057;O04013 - INCENDIO EM PASTO (C) (Prioridade: 2 - Média);1CIA IND/2CIA/1PEL(PASSOS);ABTS00495;Não;Não;Não;BOLETIM DE OCORRENCIA;Classificada;28/07/2024 08:02;Não
2024-34714203-7;(BM) 2024-033621013-001;27/07/2024 18:18;RUA JOSE PIMENTA DE MELO, Nº 50 - JARDIM FLORENCA - PASSOS;;;O02001 - INCENDIO EM RESIDENCIA/HABITACAO UNIFAMILIAR (CASA) (C) (Prioridade: 1 - Alta);1CIA IND/2CIA/1PEL(PASSOS);ABTS00495 / ASL06087;Não;Não;Não;BOLETIM DE OCORRENCIA;Classificada;28/07/2024 08:01;Não
2024-34714393-4;;27/07/2024 18:30;RUA JOSE PIMENTA DE MELO, Nº 50 - PASSOS;-206.911.508;-466.168.107;O02001 - INCENDIO EM RESIDENCIA/HABITACAO UNIFAMILIAR (CASA) (C) (Prioridade: 1 - Alta);1CIA IND/2CIA/1PEL(PASSOS);;Sim;Não;Não;DUPLICADA;Classificada;27/07/2024 18:32;Não
2024-34723383-1;(BM) 2024-033687117-001;28/07/2024 08:26;RUA GUATEMALA, Nº 172 - POLIVALENTE - PASSOS;-207.034.386;-466.055.383;V01007 - VITIMA COM DISPNEIA (FALTA DE AR) (C) (Prioridade: 1 - Alta);1CIA IND/2CIA/1PEL(PASSOS);UR00565;Não;Não;Não;BOLETIM DE OCORRENCIA;Classificada;28/07/2024 08:59;Não
2024-34723551-4;(BM) 2024-033687383-001;28/07/2024 08:54;AVENIDA JK, Nº S/N - MONSENHOR MESSIAS - PASSOS;-207.342.178;-465.979.772;P03009 - PREVENCAO EM PONTO-BASE / FERIADOS PROLONGADOS (C) (Prioridade: 2 - Média);1CIA IND/2CIA/1PEL(PASSOS);UR00565;Não;Não;Não;BOLETIM DE OCORRENCIA;Classificada;30/07/2024 07:10;Não
2024-34724113-2;(BM) 2024-033692871-001;28/07/2024 10:18;PRACA NOSSA SENHORA DAS GRAÇAS, Nº 100 - NOSSA SENHORA DAS GRAÇAS - PASSOS;;;W03000 - SOLICITANTE ENCONTRADO - PROVIDENCIA DISPENSADA (C) (Prioridade: 3 - Baixa);1CIA IND/2CIA/1PEL(PASSOS);UR00565;Não;Não;Não;BOLETIM DE OCORRENCIA;Classificada;30/07/2024 07:10;Não
2024-34724496-3;(BM) 2024-033696500-001;28/07/2024 11:11;RUA SARGENTO GENTIL ERNESTO, Nº 61 - RESIDENCIAL VILLAGIO DI ITALIA - PASSOS;;;O04011 - INCENDIO EM AREA URBANA NAO PROTEGIDA (C) (Prioridade: 2 - Média);1CIA IND/2CIA/1PEL(PASSOS);ABTS00495;Não;Não;Não;BOLETIM DE OCORRENCIA;Classificada;30/07/2024 07:11;Não
2024-34724512-8;;28/07/2024 11:13;RUA AUSTRIA, Nº S/N - NOVO MUNDO - PASSOS;-207.268.393;-46.590.102;O04011 - INCENDIO EM AREA URBANA NAO PROTEGIDA (C) (Prioridade: 2 - Média);1CIA IND/2CIA/1PEL(PASSOS);;Não;Não;Não;DUPLICADA;Classificada;28/07/2024 11:17;Não
2024-34724558-9;(BM) 2024-033696553-001;28/07/2024 11:22;RUA GARCA, Nº 232 - NOSSA SENHORA DAS GRAÇAS - PASSOS;-207.391.316;-466.056.135;V01018 - VITIMA DE MAL NAO DEFINIDO (DISTURBIO) (C) (Prioridade: 1 - Alta);1CIA IND/2CIA/1PEL(PASSOS);UR00565;Não;Não;Não;BOLETIM DE OCORRENCIA;Classificada;30/07/2024 07:12;Não
2024-34725157-3;(BM) 2024-033703899-001;28/07/2024 12:38;RUA MEMPHIS, Nº 401 - JARDIM CIDADE - PASSOS;-207.307.595;-466.266.557;W03000 - SOLICITANTE ENCONTRADO - PROVIDENCIA DISPENSADA (C) (Prioridade: 3 - Baixa);1CIA IND/2CIA/1PEL(PASSOS);UR00565;Não;Não;Não;BOLETIM DE OCORRENCIA;Classificada;30/07/2024 07:10;Não
2024-34725290-3;;28/07/2024 12:53;RUA CRISTIANO STOCKLER, Nº 186 - CENTRO - PASSOS;-207.200.664;-466.071.418;V01018 - VITIMA DE MAL NAO DEFINIDO (DISTURBIO) (C) (Prioridade: 1 - Alta);1CIA IND/2CIA/1PEL(PASSOS);;Não;Não;Não;ATENDIDA PELO SAMU;Classificada;28/07/2024 13:12;Não
2024-34725687-7;(BM) 2024-033711042-001;28/07/2024 13:51;RUA BOA ESPERANCA, Nº 211 - CALIFORNIA - PASSOS;-207.015.255;-466.166.425;V01006 - VITIMA COM DIFICULDADE DE LOCOMOCAO (C) (Prioridade: 1 - Alta);1CIA IND/2CIA/1PEL(PASSOS);UR00565;Não;Não;Não;BOLETIM DE OCORRENCIA;Classificada;30/07/2024 07:12;Não
2024-34726331-4;(BM) 2024-033727910-001;28/07/2024 14:43;RODOVIA MG 050, Km 364 - PASSOS;-207.357.243;-466.916.083;O04014 - INCENDIO AS MARGENS DE RODOVIA (C) (Prioridade: 2 - Média);1CIA IND/2CIA/1PEL(PASSOS);ABTS00495 / ASL06087;Não;Não;Não;BOLETIM DE OCORRENCIA;Classificada;30/07/2024 07:11;Não
2024-34726789-2;(BM) 2024-033759012-001;28/07/2024 15:13;RUA PARDAL, Nº 996 - PARQUE DA FAZENDA - PASSOS;-207.383.806;-466.114.758;W04000 - NADA CONSTATADO (C) (Prioridade: 3 - Baixa);1CIA IND/2CIA/1PEL(PASSOS);ASL06087;Não;Não;Não;BOLETIM DE OCORRENCIA;Classificada;30/07/2024 07:10;Não
2024-34728067-9;(BM) 2024-033757719-001;28/07/2024 16:44;RODOVIA MG 050, Km 380 - PASSOS;;;O04008 - INCENDIO EM AREA RURAL NAO PROTEGIDA (C) (Prioridade: 2 - Média);1CIA IND/2CIA/1PEL(PASSOS);ABTS00495 / ASL06087;Não;Não;Não;BOLETIM DE OCORRENCIA;Classificada;30/07/2024 07:11;Não
2024-34728814-9;(BM) 2024-033760201-001;28/07/2024 17:35;RUA DOUTOR SEPULVEDA, Nº S/N - SANTA CASA - PASSOS;-207.105.701;-466.129.292;O04011 - INCENDIO EM AREA URBANA NAO PROTEGIDA (C) (Prioridade: 2 - Média);1CIA IND/2CIA/1PEL(PASSOS);ABTS00495;Não;Não;Não;BOLETIM DE OCORRENCIA;Classificada;30/07/2024 07:11;Não
2024-34729725-6;;28/07/2024 18:32;AVENIDA DONA LIQUINHA SILVEIRA, Nº 1419 - CALIFORNIA - PASSOS;-207.041.748;-466.204.255;S05102 - CHOQUE DE MOTOCICLETA (C) (Prioridade: 1 - Alta);1CIA IND/2CIA/1PEL(PASSOS);;Não;Não;Não;ATENDIDA PELO SAMU;Classificada;28/07/2024 18:51;Não
2024-34731416-4;(BM) 2024-033756140-001;28/07/2024 20:27;RUA OURO FINO, Nº 123 - NOSSA SENHORA DE FATIMA - PASSOS;-206.983.225;-466.151.897;V01003 - VITIMA COM CRISE CONVULSIVA (C) (Prioridade: 1 - Alta);1CIA IND/2CIA/1PEL(PASSOS);UR00565;Não;Não;Não;BOLETIM DE OCORRENCIA;Classificada;30/07/2024 07:12;Não
2024-34732535-9;(BM) 2024-033768117-001;28/07/2024 21:52;RUA JOAO BATISTA PEREIRA, Nº 486 - JARDIM CANADA II - PASSOS;-207.546.209;-466.105.073;P02003 - VISTORIA EM LOTE VAGO (C) (Prioridade: 2 - Média);1CIA IND/2CIA/1PEL(PASSOS);ASL06087;Não;Não;Não;BOLETIM DE OCORRENCIA;Classificada;30/07/2024 07:11;Não
2024-34732993-3;(BM) 2024-033768199-001;28/07/2024 22:21;RUA JOAO BATISTA PEREIRA, Nº S/N - JARDIM CANADA II - PASSOS;-20.755.809;-466.082.442;P02003 - VISTORIA EM LOTE VAGO (C) (Prioridade: 2 - Média);1CIA IND/2CIA/1PEL(PASSOS);ASL06087;Não;Não;Não;BOLETIM DE OCORRENCIA;Classificada;30/07/2024 07:11;Não
2024-34733119-0;(BM) 2024-033769350-001;28/07/2024 22:31;RUA ALBERTINO FERREIRA ROSA, Nº S/N - JARDIM CANADA - PASSOS;-207.477.042;-466.095.863;P02003 - VISTORIA EM LOTE VAGO (C) (Prioridade: 2 - Média);1CIA IND/2CIA/1PEL(PASSOS);ASL06087;Não;Não;Não;BOLETIM DE OCORRENCIA;Classificada;30/07/2024 07:11;Não
2024-34735678-2;(BM) 2024-033791899-001;29/07/2024 04:35;RUA VITORIA, Nº 181 - JARDIM COLEGIO DE PASSOS - PASSOS;-207.211.669;-465.950.052;W03000 - SOLICITANTE ENCONTRADO - PROVIDENCIA DISPENSADA (C) (Prioridade: 3 - Baixa);1CIA IND/2CIA/1PEL(PASSOS);UR00565;Não;Não;Não;BOLETIM DE OCORRENCIA;Classificada;29/07/2024 05:10;Não
2024-34735688-6;(BM) 2024-033791873-001;29/07/2024 04:49;RODOVIA MG 050, Km 339 - PASSOS;-20.718.014;-464.595.361;W04000 - NADA CONSTATADO (C) (Prioridade: 3 - Baixa);1CIA IND/2CIA/1PEL(PASSOS);UR00565;Não;Não;Não;BOLETIM DE OCORRENCIA;Classificada;29/07/2024 05:10;Não
2024-34735756-4;(BM) 2024-033794394-001;29/07/2024 05:26;RODOVIA MG 050, Nº S/N - PASSOS;-207.372.242;-466.331.087;V02108 - VITIMA DE ATROPELAMENTO DE MOTOCICLETA X ANIMAL (C) (Prioridade: 1 - Alta);1CIA IND/2CIA/1PEL(PASSOS);UR00565;Não;Não;Não;BOLETIM DE OCORRENCIA;Classificada;30/07/2024 07:12;Não
2024-34736620-8;(BM) 2024-033800010-001;29/07/2024 08:28;PRACA RAUL SOARES, Nº 47 - IBIRACI;;;P01002 - VISTORIA DE LIBERACAO / EMISSAO DE AVCB (C) (Prioridade: 2 - Média);1CIA IND/2CIA/PEL PREV E VIST(PASSOS);APF01362;Não;Não;Não;BOLETIM DE OCORRENCIA;Classificada;30/07/2024 08:03;Não
2024-34736931-8;(BM) 2024-033807865-001;29/07/2024 09:00;RUA BARTOLOMEU DE GUSMAO, Nº 315 - BELO HORIZONTE - PASSOS;-207.272.344;-46.608.402;V02501 - VITIMA DE QUEDA (CICLISTA) (C) (Prioridade: 1 - Alta);1CIA IND/2CIA/1PEL(PASSOS);UR00565;Não;Não;Não;BOLETIM DE OCORRENCIA;Classificada;30/07/2024 08:04;Não
2024-34737799-8;(BM) 2024-033818577-001;29/07/2024 10:24;RUA PRESIDENTE GETULIO VARGAS, Nº 49 - IBIRACI;;;P01002 - VISTORIA DE LIBERACAO / EMISSAO DE AVCB (C) (Prioridade: 2 - Média);1CIA IND/2CIA/PEL PREV E VIST(PASSOS);APF01362;Não;Não;Não;BOLETIM DE OCORRENCIA;Classificada;30/07/2024 08:03;Não
2024-34737910-3;(BM) 2024-033816840-001;29/07/2024 10:29;AVENIDA AROUCA, Nº 717 - CENTRO - PASSOS;-207.189.929;-466.065.674;V01005 - VITIMA COM CRISE HIPERTENSIVA/HIPOTENSAO (C) (Prioridade: 1 - Alta);1CIA IND/2CIA/1PEL(PASSOS);UR00565;Não;Não;Não;BOLETIM DE OCORRENCIA;Classificada;30/07/2024 08:04;Não
2024-34737949-9;(BM) 2024-033818248-001;29/07/2024 10:38;RODOVIA MG 050, Nº S/N - PASSOS;-207.372.242;-466.331.087;P03001 - PERIGO DE DERRAPAGEM (C) (Prioridade: 2 - Média);1CIA IND/2CIA/1PEL(PASSOS);ASL06087;Não;Não;Não;BOLETIM DE OCORRENCIA;Classificada;30/07/2024 08:03;Não
2024-34738383-5;(BM) 2024-033823071-001;29/07/2024 11:09;RUA ANTONIO LOPES FILHO, Nº 41 - DELFINOPOLIS;;;P01002 - VISTORIA DE LIBERACAO / EMISSAO DE AVCB (C) (Prioridade: 2 - Média);1CIA IND/2CIA/PEL PREV E VIST(PASSOS);APF01362;Não;Não;Não;BOLETIM DE OCORRENCIA;Classificada;30/07/2024 08:03;Não
2024-34738706-2;(BM) 2024-033836540-002 / (PM) 2024-033836540-001;29/07/2024 11:37;RUA MORGANITA, Nº 1877 - ACLIMACAO - PASSOS;-207.533.037;-465.969.701;S06003 - CAPTURA DE CAO PERIGOSO / AGRESSIVO (C) (Prioridade: 2 - Média);1CIA IND/2CIA/1PEL(PASSOS);ASL06087;Não;Não;Não;BOLETIM DE OCORRENCIA;Classificada;30/07/2024 08:03;Não
2024-34739340-8;(BM) 2024-033836475-001;29/07/2024 12:48;RODOVIA BR 265 - CARMO DO RIO CLARO;;;O02027 - INCENDIO VEIC. AUTOMOTOR (EXCETO TANQUE/ONIBUS/MICRO-ONIBUS) (C) (Prioridade: 1 - Alta);1CIA IND/2CIA/1PEL(PASSOS);ABTS00495;Não;Não;Não;BOLETIM DE OCORRENCIA;Classificada;30/07/2024 08:04;Não
2024-34740867-4;(BM) 2024-033855365-001;29/07/2024 14:42;RUA DOM INACIO DALMONT, Nº 339 - CARMELO - PASSOS;-207.162.635;-466.049.434;S06005 - CAPTURA DE INSETOS (C) (Prioridade: 2 - Média);1CIA IND/2CIA/1PEL(PASSOS);ASL06087;Não;Não;Não;BOLETIM DE OCORRENCIA;Classificada;30/07/2024 08:03;Não
2024-34741211-8;(BM) 2024-033860931-001;29/07/2024 14:58;RUA PITANGUI, Nº 33 - COHAB 1 - PASSOS;-207.118.134;-466.256.114;Q02009 - PALESTRA DE PRIMEIROS SOCORROS (C) (Prioridade: 2 - Média);1CIA IND/2CIA/1PEL(PASSOS);TPO00155;Não;Não;Não;BOLETIM DE OCORRENCIA;Classificada;30/07/2024 08:03;Não
2024-34742276-9;(BM) 2024-033885530-001;29/07/2024 15:57;RODOVIA BR 464 SAO JOAO BATISTA DO GLORIA / DELFINOPOLIS, Km 2 - SAO JOAO BATISTA GLORIA;;;P02011 - VISTORIA EM ENXAME DE INSETOS (C) (Prioridade: 2 - Média);1CIA IND/2CIA/1PEL(PASSOS);ASL06087;Não;Não;Não;BOLETIM DE OCORRENCIA;Classificada;30/07/2024 08:03;Não
2024-34743548-2;(BM) 2024-033889710-001;29/07/2024 17:16;RUA JOSE MARIANO NEGRINHO, Nº 202 - COHAB 5 - PASSOS;;;V01018 - VITIMA DE MAL NAO DEFINIDO (DISTURBIO) (C) (Prioridade: 1 - Alta);1CIA IND/2CIA/1PEL(PASSOS);UR00565;Não;Não;Não;BOLETIM DE OCORRENCIA;Classificada;30/07/2024 08:04;Não
2024-34744944-5;(BM) 2024-033908788-001;29/07/2024 18:47;RUA SALDANHA DA GAMA, Nº 79 - SANTA CASA - PASSOS;-207.134.095;-466.141.206;S06001 - SALVAMENTO DE ANIMAL EM RISCO / PERIGO (C) (Prioridade: 2 - Média);1CIA IND/2CIA/1PEL(PASSOS);ASL06087;Não;Não;Não;BOLETIM DE OCORRENCIA;Classificada;30/07/2024 08:04;Não
2024-34745305-1;(BM) 2024-033908800-001;29/07/2024 19:12;AVENIDA ARLINDO FIGUEIREDO, Nº 1493 - SAO FRANCISCO - PASSOS;;;V03018 - VITIMA DE QUEDA DA PROPRIA ALTURA (C) (Prioridade: 1 - Alta);1CIA IND/2CIA/1PEL(PASSOS);UR00565;Não;Não;Não;BOLETIM DE OCORRENCIA;Classificada;30/07/2024 08:04;Não
2024-34748974-8;(BM) 2024-033946856-001;30/07/2024 00:10;RUA VANCOUVER, Nº S/N - JARDIM CANADA II - PASSOS;-207.553.335;-466.079.471;O04011 - INCENDIO EM AREA URBANA NAO PROTEGIDA (C) (Prioridade: 2 - Média);1CIA IND/2CIA/1PEL(PASSOS);ABTS00495;Não;Não;Não;BOLETIM DE OCORRENCIA;Classificada;30/07/2024 08:04;Não
2024-34749482-9;(BM) 2024-033949220-001;30/07/2024 01:26;RUA LAVRAS, Nº 715 - MARIO MAGALHAES - PASSOS;-207.287.206;-466.108.081;W03000 - SOLICITANTE ENCONTRADO - PROVIDENCIA DISPENSADA (C) (Prioridade: 3 - Baixa);1CIA IND/2CIA/1PEL(PASSOS);UR00565;Não;Não;Não;BOLETIM DE OCORRENCIA;Classificada;30/07/2024 08:03;Não
2024-34750557-3;(BM) 2024-033963208-001;30/07/2024 07:32;AVENIDA MONTESE, Nº 261 - VILA RICA - PASSOS;-207.263.114;-46.595.634;V03026 - VITIMA COM ENTORSE/ESTIRAMENTO/LUXACAO (C) (Prioridade: 1 - Alta);1CIA IND/2CIA/1PEL(PASSOS);UR00565;Não;Não;Não;BOLETIM DE OCORRENCIA;Classificada;31/07/2024 07:28;Não
2024-34751172-4;(BM) 2024-033971561-001;30/07/2024 08:50;RUA MACHADO DE ASSIS, Nº 155 - CANDEIAS - PASSOS;-207.234.547;-466.184.937;V01023 - VITIMA DE SINCOPE (DESMAIO)/VERTIGEM (C) (Prioridade: 1 - Alta);1CIA IND/2CIA/1PEL(PASSOS);UR00565;Não;Não;Não;BOLETIM DE OCORRENCIA;Classificada;31/07/2024 07:28;Não
2024-34751852-9;(BM) 2024-033978930-001;30/07/2024 09:58;RUA BARAO DE PASSOS, Nº 236 - CENTRO - PASSOS;-207.202.117;-466.087.688;V01003 - VITIMA COM CRISE CONVULSIVA (C) (Prioridade: 1 - Alta);1CIA IND/2CIA/1PEL(PASSOS);UR00565;Não;Não;Não;BOLETIM DE OCORRENCIA;Classificada;31/07/2024 07:28;Não
2024-34751854-4;(BM) 2024-034083735-001;30/07/2024 09:58;RUA OURO PRETO, Nº 391 - CENTRO - PASSOS;-207.259.818;-466.099.688;P02011 - VISTORIA EM ENXAME DE INSETOS (C) (Prioridade: 2 - Média);1CIA IND/2CIA/1PEL(PASSOS);ASL06087;Não;Não;Não;BOLETIM DE OCORRENCIA;Classificada;31/07/2024 07:27;Não
2024-34751917-2;(BM) 2024-033984310-001;30/07/2024 10:06;RUA CESARINO ANACLETO MAIA, Nº 57 - JARDIM PLANALTO - PASSOS;-207.222.435;-4.662.438;O04012 - INCENDIO EM LOTE VAGO (AREA URBANA) (C) (Prioridade: 2 - Média);1CIA IND/2CIA/1PEL(PASSOS);ASL06087;Não;Não;Não;BOLETIM DE OCORRENCIA;Classificada;31/07/2024 07:27;Não
2024-34752038-7;(BM) 2024-033981749-001;30/07/2024 10:17;RUA RIO DE JANEIRO / RUA SAO PAULO - BELA VISTA - PASSOS;-207.188.963;-465.993.099;S06002 - CAPTURA DE ANIMAL SILVESTRE PERIGOSO / AGRESSIVO (C) (Prioridade: 2 - Média);1CIA IND/2CIA/1PEL(PASSOS);ASL06087;Não;Não;Não;BOLETIM DE OCORRENCIA;Classificada;31/07/2024 07:27;Não
2024-34753839-1;(BM) 2024-033998300-001;30/07/2024 13:13;RUA PARDAL, Nº 739 - PARQUE DA FAZENDA - PASSOS;-207.376.069;-466.089.522;P01001 - VISTORIA DE FISCALIZACAO (C) (Prioridade: 2 - Média);1CIA IND/2CIA/PEL PREV E VIST(PASSOS);APF01362;Não;Não;Não;BOLETIM DE OCORRENCIA;Classificada;31/07/2024 07:27;Não
2024-34754105-3;(BM) 2024-034001429-001;30/07/2024 13:39;AVENIDA COMENDADOR FRANCISCO A MAIA, Nº 1655 - PASSOS;-207.178.939;-466.161.457;P01001 - VISTORIA DE FISCALIZACAO (C) (Prioridade: 2 - Média);1CIA IND/2CIA/PEL PREV E VIST(PASSOS);APF01362;Não;Não;Não;BOLETIM DE OCORRENCIA;Classificada;31/07/2024 07:27;Não
2024-34754416-3;(BM) 2024-034004570-001;30/07/2024 14:00;RUA ANTONIO OVIDIO DE CARVALHO, Nº 75 - FLAMBOYANT - PASSOS;-20.756.151;-466.028.868;Q02009 - PALESTRA DE PRIMEIROS SOCORROS (C) (Prioridade: 2 - Média);1CIA IND/2CIA/1PEL(PASSOS);ASL06087;Não;Não;Não;BOLETIM DE OCORRENCIA;Classificada;31/07/2024 07:27;Não
2024-34755257-7;(BM) 2024-034015344-001;30/07/2024 14:48;RUA ILICINIA, Nº S/N - FURNAS - SAO JOSE DA BARRA;-206.756.959;-463.327.498;P01002 - VISTORIA DE LIBERACAO / EMISSAO DE AVCB (C) (Prioridade: 2 - Média);1CIA IND/2CIA/PEL PREV E VIST(PASSOS);APF01362;Não;Não;Não;BOLETIM DE OCORRENCIA;Classificada;31/07/2024 07:27;Não
2024-34757143-9;(BM) 2024-034052511-001;30/07/2024 16:36;TRAVESSA RUI BARBOSA, Nº 280 - CENTRO - PASSOS;-207.127.521;-466.081.206;V03018 - VITIMA DE QUEDA DA PROPRIA ALTURA (C) (Prioridade: 1 - Alta);1CIA IND/2CIA/1PEL(PASSOS);UR00565;Sim;Não;Não;BOLETIM DE OCORRENCIA;Classificada;31/07/2024 07:28;Não
2024-34757180-5;;30/07/2024 16:38;TRAVESSA RUI BARBOSA, Nº 260 - CENTRO - PASSOS;-207.128.085;-466.082.627;V03018 - VITIMA DE QUEDA DA PROPRIA ALTURA (C) (Prioridade: 1 - Alta);1CIA IND/2CIA/1PEL(PASSOS);;Não;Não;Não;DUPLICADA;Classificada;30/07/2024 16:39;Não
2024-34758567-0;(BM) 2024-034059097-001;30/07/2024 18:02;RUA MANUELA BALDINI BORSARI, Nº S/N - NOVA PASSOS II - PASSOS;-207.006.618;-4.663.216;P02003 - VISTORIA EM LOTE VAGO (C) (Prioridade: 2 - Média);1CIA IND/2CIA/1PEL(PASSOS);ASL06087;Não;Não;Não;BOLETIM DE OCORRENCIA;Classificada;31/07/2024 07:27;Não
2024-34759089-6;(BM) 2024-034068843-001;30/07/2024 18:33;RUA DOUTOR CARVALHO, Nº 1455 - NOSSA SENHORA DAS GRAÇAS - PASSOS;-207.352.269;-466.037.303;Q03017 - TREINAMENTO DE PRIMEIROS SOCORROS (C) (Prioridade: 2 - Média);1CIA IND/2CIA/1PEL(PASSOS);BM1549807;Não;Não;Não;BOLETIM DE OCORRENCIA;Classificada;31/07/2024 07:27;Não
2024-34759121-7;(BM) 2024-034060559-001;30/07/2024 18:34;RUA JULIANA LIMA BORSARI, Nº S/N - NOVA PASSOS II - PASSOS;-207.014.923;-466.327.474;P02003 - VISTORIA EM LOTE VAGO (C) (Prioridade: 2 - Média);1CIA IND/2CIA/1PEL(PASSOS);ASL06087;Não;Não;Não;BOLETIM DE OCORRENCIA;Classificada;31/07/2024 07:27;Não
2024-34759119-5;(BM) 2024-034060546-001;30/07/2024 18:35;RUA EQUADOR, Nº 174 - POLIVALENTE - PASSOS;-207.069.302;-46.606.702;V03018 - VITIMA DE QUEDA DA PROPRIA ALTURA (C) (Prioridade: 1 - Alta);1CIA IND/2CIA/1PEL(PASSOS);UR00565;Não;Não;Não;BOLETIM DE OCORRENCIA;Classificada;31/07/2024 07:29;Não
2024-34759256-6;(BM) 2024-034060609-001;30/07/2024 18:43;RUA LAVINIA BORSARI, Nº S/N - NOVA PASSOS II - PASSOS;-207.020.342;-466.331.068;P02003 - VISTORIA EM LOTE VAGO (C) (Prioridade: 2 - Média);1CIA IND/2CIA/1PEL(PASSOS);ASL06087;Não;Não;Não;BOLETIM DE OCORRENCIA;Classificada;31/07/2024 07:28;Não
2024-34760130-5;(BM) 2024-034083791-001;30/07/2024 19:38;RUA OURO PRETO, Nº 391 - CENTRO - PASSOS;-207.259.818;-466.099.688;S06005 - CAPTURA DE INSETOS (C) (Prioridade: 2 - Média);1CIA IND/2CIA/1PEL(PASSOS);ABTS00495;Não;Não;Não;BOLETIM DE OCORRENCIA;Classificada;31/07/2024 07:28;Não
2024-34761687-0;(BM) 2024-034088650-001;30/07/2024 21:40;RUA QUINCA COURA / TRAVESSA RUI BARBOSA - SANTA CASA - PASSOS;-207.132.002;-466.098.197;V02408 - VITIMA DE COLISAO ENTRE AUTOMOVEL X MOTOCICLETA (C) (Prioridade: 1 - Alta);1CIA IND/2CIA/1PEL(PASSOS);UR00565;Não;Não;Não;BOLETIM DE OCORRENCIA;Classificada;31/07/2024 07:29;Não
2024-34764565-0;(BM) 2024-034113956-001;31/07/2024 03:58;RUA ARNUFO NOGUEIRA DE FIGUEIREDO, Nº 152 - JARDIM PINHEIROS 2 - PASSOS;-207.258.357;-466.238.606;V03019 - VITIMA DE QUEDA DE ALTURA (C) (Prioridade: 1 - Alta);1CIA IND/2CIA/1PEL(PASSOS);UR00565;Não;Não;Não;BOLETIM DE OCORRENCIA;Classificada;31/07/2024 07:29;Não
2024-34765872-4;(BM) 2024-034128183-001;31/07/2024 09:00;LUGAREJO CORREGO DO FEIJAO, Nº S/N - BRUMADINHO;-201.361.111;-441.136.111;X03000 - EMPENHO ADMINISTRATIVO (C) (Prioridade: 2 - Média);1CIA IND/2CIA/1PEL(PASSOS);BM1637099 / BM1640390;Não;Não;Não;BOLETIM DE OCORRENCIA;Classificada;07/08/2024 11:50;Não
2024-34766258-1;(BM) 2024-034201553-001;31/07/2024 09:40;RUA JURANDIR LEANDRO VIEIRA, Nº S/N - RESIDENCIAL VILLAGIO DI ITALIA - PASSOS;-207.345.147;-465.913.156;P02003 - VISTORIA EM LOTE VAGO (C) (Prioridade: 2 - Média);1CIA IND/2CIA/1PEL(PASSOS);ABTS00495;Não;Não;Não;BOLETIM DE OCORRENCIA;Classificada;01/08/2024 02:39;Não
2024-34766486-6;(BM) 2024-034201579-001;31/07/2024 10:00;RUA JURANDIR LEANDRO VIEIRA, Nº S/N - RESIDENCIAL VILLAGIO DI ITALIA - PASSOS;-207.345.147;-465.913.156;P02003 - VISTORIA EM LOTE VAGO (C) (Prioridade: 2 - Média);1CIA IND/2CIA/1PEL(PASSOS);ABTS00495;Não;Não;Não;BOLETIM DE OCORRENCIA;Classificada;01/08/2024 02:39;Não
2024-34766648-6;(BM) 2024-034135577-001;31/07/2024 10:16;RUA SETE DE SETEMBRO, Nº 1001 - PASSOS;-207.324.789;-466.054.357;P01002 - VISTORIA DE LIBERACAO / EMISSAO DE AVCB (C) (Prioridade: 2 - Média);1CIA IND/2CIA/PEL PREV E VIST(PASSOS);APF01362;Não;Não;Não;BOLETIM DE OCORRENCIA;Classificada;01/08/2024 02:40;Não
2024-34766699-7;(BM) 2024-034201867-001;31/07/2024 10:21;RUA JURANDIR LEANDRO VIEIRA, Nº S/N - RESIDENCIAL VILLAGIO DI ITALIA - PASSOS;-207.345.147;-465.913.156;P02003 - VISTORIA EM LOTE VAGO (C) (Prioridade: 2 - Média);1CIA IND/2CIA/1PEL(PASSOS);ABTS00495;Não;Não;Não;BOLETIM DE OCORRENCIA;Classificada;01/08/2024 02:40;Não
2024-34767542-0;(BM) 2024-034201447-001;31/07/2024 11:39;RUA SEBASTIAO PINTO COELHO, Nº 491 - PASSOS;-207.234.684;-46.580.079;O04012 - INCENDIO EM LOTE VAGO (AREA URBANA) (C) (Prioridade: 2 - Média);1CIA IND/2CIA/1PEL(PASSOS);ABTS00495;Não;Não;Não;BOLETIM DE OCORRENCIA;Classificada;01/08/2024 02:40;Não
2024-34768093-4;;31/07/2024 12:45;AVENIDA AMAZONAS, Nº S/N - SAO GABRIEL - CASSIA;-205.880.668;-469.120.349;O04008 - INCENDIO EM AREA RURAL NAO PROTEGIDA (C) (Prioridade: 2 - Média);1CIA IND/2CIA/1PEL(PASSOS);;Não;Não;Não;CANCELADA PELO COORDENADOR DO COBOM;Classificada;31/07/2024 14:54;Não
2024-34768804-0;(BM) 2024-034160596-001;31/07/2024 13:56;PRACA BARAO CAMBUI, Nº 189 - CENTRO - CASSIA;-205.832.713;-469.221.204;P01002 - VISTORIA DE LIBERACAO / EMISSAO DE AVCB (C) (Prioridade: 2 - Média);1CIA IND/2CIA/1PEL(PASSOS);ASL06087;Não;Não;Não;BOLETIM DE OCORRENCIA;Classificada;01/08/2024 02:40;Não
2024-34769899-2;(BM) 2024-034174126-001;31/07/2024 15:03;RUA PRESIDENTE GETULIO VARGAS, Nº 49 - IBIRACI;;;P01002 - VISTORIA DE LIBERACAO / EMISSAO DE AVCB (C) (Prioridade: 2 - Média);1CIA IND/2CIA/1PEL(PASSOS);ASL06087;Não;Não;Não;BOLETIM DE OCORRENCIA;Classificada;01/08/2024 02:40;Não
2024-34770766-6;(BM) 2024-034262745-001;31/07/2024 15:54;RUA MARIA FRANCISCA DE JESUS, Nº 28 - JARDIM CANADA 1 - PASSOS;;;P02011 - VISTORIA EM ENXAME DE INSETOS (C) (Prioridade: 2 - Média);1CIA IND/2CIA/1PEL(PASSOS);ABTS00495;Não;Não;Não;BOLETIM DE OCORRENCIA;Classificada;01/08/2024 02:40;Não
2024-34771065-7;(BM) 2024-034190759-001;31/07/2024 16:10;RUA ORLANDO ADAO CARNEIRO, Nº 91 - RECANTO DA TEKA - PASSOS;-207.421.743;-46.599.071;W98011 - SOLICITACAO DE APOIO (C) (Prioridade: 1 - Alta);1CIA IND/2CIA/1PEL(PASSOS);UR00565;Não;Não;Não;BOLETIM DE OCORRENCIA;Classificada;01/08/2024 06:28;Não
2024-34774224-5;;31/07/2024 19:32;RUA DOUTOR FRANCISCO FARIA LOBATO, Nº 202 - CENTRO - POCOS DE CALDAS;;;S06002 - CAPTURA DE ANIMAL SILVESTRE PERIGOSO / AGRESSIVO (C) (Prioridade: 2 - Média);1CIA IND (POCOS DE CALDAS);;Não;Não;Não;DUPLICADA;Classificada;31/07/2024 20:36;Não
2024-34774659-8;(BM) 2024-034226820-001;31/07/2024 20:11;RUA MARIA FRANCISCA DE JESUS, Nº S/N - JARDIM CANADA - PASSOS;-207.536.004;-4.660.749;S06005 - CAPTURA DE INSETOS (C) (Prioridade: 2 - Média);1CIA IND/2CIA/1PEL(PASSOS);ABTS00495;Não;Não;Não;BOLETIM DE OCORRENCIA;Classificada;01/08/2024 02:41;Não
