Nº chamada;Nº REDS;Data/hora de criação;Local do fato;Latitude  do local;Longitude do local;Natureza;Unidade Responsável;Recursos empenhados;Alerta;Destaque;Envolve autoridade;Tipo de classificação;Situação;Data/hora da situação atual;Evento associado
2024-35765711-3;(BM) 2024-044081026-001;01/10/2024 09:14;RUA CAMPANARIO, Nº 210 - COHAB 2 - PASSOS;-207.088.652;-46.628.567;V01018 - VITIMA DE MAL NAO DEFINIDO (DISTURBIO) (C) (Prioridade: 1 - Alta);1CIA IND/2CIA/1PEL(PASSOS);UR04360;Não;Não;Não;BOLETIM DE OCORRENCIA;Classificada;02/10/2024 07:30;Não
2024-35766248-6;(BM) 2024-044219475-001;01/10/2024 10:00;RUA MORRO DO ACUDE, Nº 397 - PENHA - PASSOS;-207.186.127;-466.202.947;S06001 - SALVAMENTO DE ANIMAL EM RISCO / PERIGO (C) (Prioridade: 2 - Média);1CIA IND/2CIA/1PEL(PASSOS);ASL06087;Não;Não;Não;BOLETIM DE OCORRENCIA;Classificada;02/10/2024 07:31;Não
2024-35766706-9;(BM) 2024-044090917-001;01/10/2024 10:37;RUA CAPRICORNIO, Nº 235 - PASSOS;-207.233.102;-465.836.672;V01009 - VITIMA COM DOR NA COLUNA VERTEBRAL (COSTAS) (C) (Prioridade: 1 - Alta);1CIA IND/2CIA/1PEL(PASSOS);UR04360;Não;Não;Não;BOLETIM DE OCORRENCIA;Classificada;02/10/2024 07:30;Não
2024-35767613-5;(BM) 2024-044120198-001;01/10/2024 11:48;RUA TAMOIOS, Nº 70 - CANDEIAS - PASSOS;-207.245.639;-4.661.611;V01005 - VITIMA COM CRISE HIPERTENSIVA/HIPOTENSAO (C) (Prioridade: 1 - Alta);1CIA IND/2CIA/1PEL(PASSOS);UR04360;Não;Não;Não;BOLETIM DE OCORRENCIA;Classificada;02/10/2024 07:30;Não
2024-35767898-7;(BM) 2024-044120222-001;01/10/2024 12:22;RUA RIO DOCE, Nº 2019 - RECANTO DA HARMONIA - PASSOS;-207.011.235;-465.951.687;O04008 - INCENDIO EM AREA RURAL NAO PROTEGIDA (C) (Prioridade: 2 - Média);1CIA IND/2CIA/1PEL(PASSOS);ABTS00495;Não;Não;Não;BOLETIM DE OCORRENCIA;Classificada;02/10/2024 07:31;Não
2024-35768966-0;;01/10/2024 13:55;RUA SANTO ANIBALE MARIE DI FRANCIA, Nº 181 - CENTRO - PASSOS;-207.242.516;-466.087.032;X03000 - EMPENHO ADMINISTRATIVO (C) (Prioridade: 2 - Média);1CIA IND/2CIA/1PEL(PASSOS);;Não;Não;Não;ORIENTAÇÃO;Classificada;01/10/2024 14:48;Não
2024-35769929-0;(BM) 2024-044134304-001;01/10/2024 14:46;RUA DOUTOR SATURNINO, Nº 89 - PASSOS;-207.277.364;-46.599.181;X03000 - EMPENHO ADMINISTRATIVO (C) (Prioridade: 2 - Média);1CIA IND/2CIA/1PEL(PASSOS);ASL06087;Não;Não;Não;BOLETIM DE OCORRENCIA;Classificada;02/10/2024 07:31;Não
2024-35770448-9;(BM) 2024-044134480-001;01/10/2024 15:14;RUA RIO DE JANEIRO, Nº 79 - SAO BENEDITO - PASSOS;-207.191.285;-465.996.939;P01001 - VISTORIA DE FISCALIZACAO (C) (Prioridade: 2 - Média);1CIA IND/2CIA/1PEL(PASSOS);TPO00155;Não;Não;Não;BOLETIM DE OCORRENCIA;Classificada;02/10/2024 07:31;Não
2024-35771275-8;(BM) 2024-044160958-001;01/10/2024 15:58;RUA JOSE MARIA ALVES DE JESUS, Nº S/N - MIRANTE DO VALE - PASSOS;-207.176.983;-465.813.688;O04012 - INCENDIO EM LOTE VAGO (AREA URBANA) (C) (Prioridade: 2 - Média);1CIA IND/2CIA/1PEL(PASSOS);ABTS00495;Não;Não;Não;BOLETIM DE OCORRENCIA;Classificada;02/10/2024 07:31;Não
2024-35772245-2;(BM) 2024-044161019-001;01/10/2024 16:51;ESTRADA PRINCIPAL BANANAL, Nº S/N - PASSOS;-20.650.833;-46.740.833;O04003 - INCENDIO EM PRODUCAO AGRICOLA (C) (Prioridade: 2 - Média);1CIA IND/2CIA/1PEL(PASSOS);ASL06087;Não;Não;Não;BOLETIM DE OCORRENCIA;Classificada;02/10/2024 07:30;Não
2024-35773512-2;(BM) 2024-044189399-001;01/10/2024 18:08;RUA OLINDA, Nº 214 - COHAB 2 - PASSOS;;;V01010 - VITIMA COM DOR TORACICA/SUSPEITA DE INFARTO (IAM) (C) (Prioridade: 1 - Alta);1CIA IND/2CIA/1PEL(PASSOS);UR04360;Não;Não;Não;BOLETIM DE OCORRENCIA;Classificada;02/10/2024 07:30;Não
2024-35776587-8;(BM) 2024-044200425-001;01/10/2024 21:31;RUA BAHIA, Nº 336 - BELA VISTA - PASSOS;-207.155.293;-465.999.297;S06002 - CAPTURA DE ANIMAL SILVESTRE PERIGOSO / AGRESSIVO (C) (Prioridade: 2 - Média);1CIA IND/2CIA/1PEL(PASSOS);ABTS00495;Não;Não;Não;BOLETIM DE OCORRENCIA;Classificada;02/10/2024 07:30;Não
2024-35776967-9;;01/10/2024 21:58;AVENIDA PERIMETRAL, Nº 151 - PARQUE DA ESTACAO - PASSOS;-207.092.421;-466.125.297;V02502 - VITIMA DE QUEDA (MOTOCICLISTA) (C) (Prioridade: 1 - Alta);1CIA IND/2CIA/1PEL(PASSOS);;Não;Não;Não;ATENDIDA PELO SAMU;Classificada;01/10/2024 22:19;Não
2024-35781005-0;(BM) 2024-044268437-001;02/10/2024 08:15;RUA DOUTOR CARVALHO, Nº 1395 - NOSSA SENHORA DAS GRAÇAS - PASSOS;-207.344.115;-466.040.225;V02502 - VITIMA DE QUEDA (MOTOCICLISTA) (C) (Prioridade: 1 - Alta);1CIA IND/2CIA/1PEL(PASSOS);UR00565;Não;Não;Não;BOLETIM DE OCORRENCIA;Classificada;03/10/2024 08:08;Não
2024-35780999-9;;02/10/2024 08:16;RUA DOUTOR CARVALHO, Nº 1395 - bela vista - PASSOS;;;V02502 - VITIMA DE QUEDA (MOTOCICLISTA) (C) (Prioridade: 1 - Alta);1CIA IND/2CIA/1PEL(PASSOS);;Não;Não;Não;DUPLICADA;Classificada;02/10/2024 08:19;Não
2024-35781839-8;(BM) 2024-044251834-001;02/10/2024 09:34;RUA PROFESSOR TELES, Nº 161 - CENTRO - ALPINOPOLIS;-208.619.572;-46.387.759;P01002 - VISTORIA DE LIBERACAO / EMISSAO DE AVCB (C) (Prioridade: 2 - Média);1CIA IND/2CIA/1PEL(PASSOS);TPO00155;Não;Não;Não;BOLETIM DE OCORRENCIA;Classificada;03/10/2024 08:09;Não
2024-35781962-4;(BM) 2024-044254643-001;02/10/2024 09:41;RUA OURO FINO, Nº 147 - NOSSA SENHORA DE FATIMA - PASSOS;-206.982.783;-46.614.947;V01009 - VITIMA COM DOR NA COLUNA VERTEBRAL (COSTAS) (C) (Prioridade: 1 - Alta);1CIA IND/2CIA/1PEL(PASSOS);UR04360;Não;Não;Não;BOLETIM DE OCORRENCIA;Classificada;03/10/2024 08:08;Não
2024-35782584-4;(BM) 2024-044269206-001;02/10/2024 10:29;RUA NOSSA SENHORA DE FATIMA, Nº 896 - JARDIM ELAINE - PASSOS;-206.968.829;-466.159.044;S06001 - SALVAMENTO DE ANIMAL EM RISCO / PERIGO (C) (Prioridade: 2 - Média);1CIA IND/2CIA/1PEL(PASSOS);ASL06087;Não;Não;Não;BOLETIM DE OCORRENCIA;Classificada;03/10/2024 08:09;Não
2024-35782699-6;(BM) 2024-044263120-001;02/10/2024 10:42;RUA PROFESSOR TELES, Nº 525 - SÃO BENEDITO - ALPINOPOLIS;-208.587.757;-463.868.707;P01001 - VISTORIA DE FISCALIZACAO (C) (Prioridade: 2 - Média);1CIA IND/2CIA/1PEL(PASSOS);TPO00155;Não;Não;Não;BOLETIM DE OCORRENCIA;Classificada;03/10/2024 08:09;Não
2024-35783008-9;(BM) 2024-044269247-001;02/10/2024 11:04;AVENIDA JUCA STOCKLER / RODOVIA MG 050 - JARDIM EMBRATEL - PASSOS;-207.402.466;-466.016.185;V02408 - VITIMA DE COLISAO ENTRE AUTOMOVEL X MOTOCICLETA (C) (Prioridade: 1 - Alta);1CIA IND/2CIA/1PEL(PASSOS);UR04360;Não;Não;Não;BOLETIM DE OCORRENCIA;Classificada;03/10/2024 08:08;Não
2024-35783853-0;(BM) 2024-044280338-002;02/10/2024 12:25;RODOVIA MG 050, Nº 1096 - PASSOS;-207.222.237;-46.400.652;O04014 - INCENDIO AS MARGENS DE RODOVIA (C) (Prioridade: 2 - Média);1CIA IND/2CIA/1PEL(PASSOS);ABTS00495 / ASL06087;Não;Não;Não;BOLETIM DE OCORRENCIA;Classificada;03/10/2024 08:09;Não
2024-35783886-9;(BM) 2024-044276628-001;02/10/2024 12:30;AVENIDA OTTO KRAKAUER, Nº S/N - SANTA CASA - PASSOS;-207.116.545;-466.111.371;P02001 - VISTORIA EM HIDRANTE (C) (Prioridade: 2 - Média);1CIA IND/2CIA/1PEL(PASSOS);ASL06087;Não;Não;Não;BOLETIM DE OCORRENCIA;Classificada;03/10/2024 08:09;Não
2024-35784619-8;(BM) 2024-044284590-001;02/10/2024 13:38;RUA DOUTOR CARVALHO, Nº 1455 - NOSSA SENHORA DAS GRAÇAS - PASSOS;-207.352.269;-466.037.303;Q03999 - OUTROS TIPOS DE TREINAMENTO (C) (Prioridade: 2 - Média);1CIA IND/2CIA/1PEL(PASSOS);BM1549807;Não;Não;Não;BOLETIM DE OCORRENCIA;Classificada;03/10/2024 08:09;Não
2024-35784926-7;(BM) 2024-044405095-001;02/10/2024 14:00;FAZENDA SANTA JULIA - BANANAL - MATA CACHORRA - MAURO ZOOP, Nº S/N - PASSOS;-206.504.662;-467.400.544;O04007 - INCENDIO EM PROPRIEDADE RURAL PARTICULAR (C) (Prioridade: 2 - Média);1CIA IND/2CIA/1PEL(PASSOS);ASL06087;Não;Não;Não;BOLETIM DE OCORRENCIA;Classificada;03/10/2024 08:09;Não
2024-35785145-0;;02/10/2024 14:15;RUA JOSE BELMIRO LIMA, Nº S/N - RESIDENCIAL MONTE BELO - PASSOS;-207.286.712;-46.584.646;W98011 - SOLICITACAO DE APOIO (C) (Prioridade: 1 - Alta);1CIA IND/2CIA/1PEL(PASSOS);;Não;Não;Não;DUPLICADA;Classificada;02/10/2024 19:03;Não
2024-35788555-9;(BM) 2024-044381642-001;02/10/2024 17:22;RUA CUIABA, Nº 153 - JARDIM COLEGIO DE PASSOS - PASSOS;-20.722.846;-46.593.834;S06001 - SALVAMENTO DE ANIMAL EM RISCO / PERIGO (C) (Prioridade: 2 - Média);1CIA IND/2CIA/1PEL(PASSOS);ABTS00495;Não;Não;Não;BOLETIM DE OCORRENCIA;Classificada;03/10/2024 08:09;Não
2024-35789091-5;;02/10/2024 17:54;RUA FAZENDEIROS, Nº 211 - SERRA DAS BRISAS - PASSOS;;;O04013 - INCENDIO EM PASTO (C) (Prioridade: 2 - Média);1CIA IND/2CIA/1PEL(PASSOS);;Não;Não;Não;DUPLICADA;Classificada;02/10/2024 18:04;Não
2024-35789437-8;;02/10/2024 18:17;ESTRADA CACHOEIRA X ROSEIRA, Nº S/N - SAO JOSE DA BARRA;-207.644.455;-463.054.997;W03000 - SOLICITANTE ENCONTRADO - PROVIDENCIA DISPENSADA (C) (Prioridade: 3 - Baixa);1CIA IND/2CIA/1PEL(PASSOS);;Não;Não;Não;DISPENSADA PELO SOLICITANTE;Classificada;02/10/2024 21:14;Não
2024-35790971-6;;02/10/2024 19:52;RUA FRANCISCO BARBOSA NASCIMENTO, Nº 65 - PASSOS;;;O04011 - INCENDIO EM AREA URBANA NAO PROTEGIDA (C) (Prioridade: 2 - Média);1CIA IND/2CIA/1PEL(PASSOS);;Não;Não;Não;DUPLICADA;Classificada;02/10/2024 20:39;Não
2024-35791115-4;;02/10/2024 20:02;AVENIDA EXPEDICIONARIOS, Nº 2360 - NOVO MUNDO 4 - PASSOS;-207.259.081;-465.865.353;O04011 - INCENDIO EM AREA URBANA NAO PROTEGIDA (C) (Prioridade: 2 - Média);1CIA IND/2CIA/1PEL(PASSOS);;Não;Não;Não;DUPLICADA;Classificada;02/10/2024 20:44;Não
2024-35791843-1;(BM) 2024-044390054-001;02/10/2024 20:47;AVENIDA EXPEDICIONARIOS, Nº 2360 - NOVO MUNDO 4 - PASSOS;-207.259.081;-465.865.353;O04011 - INCENDIO EM AREA URBANA NAO PROTEGIDA (C) (Prioridade: 2 - Média);1CIA IND/2CIA/1PEL(PASSOS);ABTS00495 / ASL06087;Não;Não;Não;BOLETIM DE OCORRENCIA;Classificada;03/10/2024 08:09;Não
2024-35792849-3;;02/10/2024 21:58;RODOVIA MG 050, Nº 618 - SERRA VERDE - PASSOS;-207.388.513;-465.952.926;W98011 - SOLICITACAO DE APOIO (C) (Prioridade: 1 - Alta);1CIA IND/2CIA/1PEL(PASSOS);;Não;Não;Não;DISPENSADA PELO SOLICITANTE;Classificada;02/10/2024 22:29;Não
2024-35793078-0;;02/10/2024 22:10;RUA LEAO, Nº S/N - SERRA VERDE - PASSOS;-207.399.204;-465.934.311;O04012 - INCENDIO EM LOTE VAGO (AREA URBANA) (C) (Prioridade: 2 - Média);1CIA IND/2CIA/1PEL(PASSOS);;Não;Não;Não;DUPLICADA;Classificada;02/10/2024 22:30;Não
2024-35794041-6;(BM) 2024-044389257-001;02/10/2024 23:13;AVENIDA EXPEDICIONARIOS, Nº 2229 - CONDOMÍNIO VALE VERDE - PASSOS;-207.253.229;-465.871.335;O04011 - INCENDIO EM AREA URBANA NAO PROTEGIDA (C) (Prioridade: 2 - Média);1CIA IND/2CIA/1PEL(PASSOS);ABTS00495;Não;Não;Não;BOLETIM DE OCORRENCIA;Classificada;03/10/2024 08:09;Não
2024-35794564-4;(BM) 2024-044404937-001;02/10/2024 23:50;RODOVIA MG 050, Nº S/N - PASSOS;-207.372.242;-466.331.087;O04014 - INCENDIO AS MARGENS DE RODOVIA (C) (Prioridade: 2 - Média);1CIA IND/2CIA/1PEL(PASSOS);ABTS00495 / ASL06087;Não;Não;Não;BOLETIM DE OCORRENCIA;Classificada;03/10/2024 08:08;Não
2024-35796721-1;;03/10/2024 07:02;PRACA JOAO BARBOSA SOBRINHO, Nº S/N - CENTRO - CONCEICAO DA APARECIDA;-210.936.447;-462.045.168;P01003 - VISTORIA EM EVENTOS TEMPORARIOS (C) (Prioridade: 1 - Alta);1CIA IND/2CIA/1PEL(PASSOS);;Não;Não;Não;DUPLICADA;Classificada;03/10/2024 07:08;Não
2024-35796823-1;(BM) 2024-044408738-001;03/10/2024 07:14;RUA PIRAPORA, Nº 235 - NOSSA SENHORA DE FATIMA - PASSOS;-206.992.831;-466.142.303;W04000 - NADA CONSTATADO (C) (Prioridade: 3 - Baixa);1CIA IND/2CIA/1PEL(PASSOS);UR04360;Não;Não;Não;BOLETIM DE OCORRENCIA;Classificada;03/10/2024 08:10;Não
2024-35797433-2;(BM) 2024-044422612-001;03/10/2024 08:22;RUA JOSE BELMIRO LIMA, Nº S/N - RESIDENCIAL MONTE BELO - PASSOS;-207.286.712;-46.584.646;O04011 - INCENDIO EM AREA URBANA NAO PROTEGIDA (C) (Prioridade: 2 - Média);1CIA IND/2CIA/1PEL(PASSOS);ASL06087 / ABTS00495;Não;Não;Não;BOLETIM DE OCORRENCIA;Classificada;04/10/2024 07:58;Não
2024-35797939-1;(BM) 2024-044419480-001;03/10/2024 09:08;RUA JOAO KIRCHNER, Nº 20 - CENTRO - ITAU DE MINAS;-207.422.724;-467.552.749;P01001 - VISTORIA DE FISCALIZACAO (C) (Prioridade: 2 - Média);1CIA IND/2CIA/1PEL(PASSOS);TPO00155;Não;Não;Não;BOLETIM DE OCORRENCIA;Classificada;04/10/2024 07:57;Não
2024-35798194-9;;03/10/2024 09:29;RUA BORBA, Nº 2 - CENTRO - CONCEICAO DA APARECIDA;-21.093.555;-462.049.894;P01001 - VISTORIA DE FISCALIZACAO (C) (Prioridade: 2 - Média);1CIA IND/2CIA/1PEL(PASSOS);;Não;Não;Não;DUPLICADA;Classificada;03/10/2024 09:42;Não
2024-35798242-0;;03/10/2024 09:32;RUA BORBA, Nº 2 - CENTRO - CONCEICAO DA APARECIDA;-21.093.555;-462.049.894;P01001 - VISTORIA DE FISCALIZACAO (C) (Prioridade: 2 - Média);1CIA IND/2CIA/1PEL(PASSOS);;Não;Não;Não;DUPLICADA;Classificada;03/10/2024 09:43;Não
2024-35798333-3;(BM) 2024-044424007-001;03/10/2024 09:40;RUA SANTO ANIBALE MARIE DI FRANCIA, Nº 181 - CENTRO - PASSOS;-207.242.516;-466.087.032;Q03004 - TREINAMENTO DE SALVAMENTO EM ALTURA (C) (Prioridade: 2 - Média);1CIA IND/2CIA/1PEL(PASSOS);UR04360;Não;Não;Não;BOLETIM DE OCORRENCIA;Classificada;04/10/2024 07:57;Não
2024-35798949-0;(BM) 2024-044432003-001;03/10/2024 10:31;RODOVIA MG 050, Nº S/N - PASSOS;-207.372.242;-466.331.087;P01001 - VISTORIA DE FISCALIZACAO (C) (Prioridade: 2 - Média);1CIA IND/2CIA/1PEL(PASSOS);TPO00155;Não;Não;Não;BOLETIM DE OCORRENCIA;Classificada;04/10/2024 07:56;Não
2024-35799523-4;(BM) 2024-044438790-001;03/10/2024 11:13;RUA JOAO KIRCHNER, Nº 42 - CENTRO - ITAU DE MINAS;-207.422.975;-46.755.122;P01001 - VISTORIA DE FISCALIZACAO (C) (Prioridade: 2 - Média);1CIA IND/2CIA/1PEL(PASSOS);TPO00155;Não;Não;Não;BOLETIM DE OCORRENCIA;Classificada;04/10/2024 07:56;Não
2024-35799776-0;(BM) 2024-044442219-001;03/10/2024 11:35;AVENIDA MONTESE, Nº 981 - PASSOS;-207.319.513;-465.984.268;P01001 - VISTORIA DE FISCALIZACAO (C) (Prioridade: 2 - Média);1CIA IND/2CIA/1PEL(PASSOS);TPO00155;Não;Não;Não;BOLETIM DE OCORRENCIA;Classificada;04/10/2024 07:56;Não
2024-35800678-1;(BM) 2024-044464786-001;03/10/2024 13:00;RUA FELIPE DOS SANTOS, Nº 78 - PENHA - PASSOS;-207.153.048;-466.149.434;S06002 - CAPTURA DE ANIMAL SILVESTRE PERIGOSO / AGRESSIVO (C) (Prioridade: 2 - Média);1CIA IND/2CIA/1PEL(PASSOS);ASL06087;Não;Não;Não;BOLETIM DE OCORRENCIA;Classificada;04/10/2024 07:57;Não
2024-35800999-5;(BM) 2024-044455205-001;03/10/2024 13:29;RUA GOIAS, Nº 11 - POLIVALENTE - PASSOS;-207.050.563;-466.071.122;P01001 - VISTORIA DE FISCALIZACAO (C) (Prioridade: 2 - Média);1CIA IND/2CIA/1PEL(PASSOS);TPO00155;Não;Não;Não;BOLETIM DE OCORRENCIA;Classificada;04/10/2024 07:56;Não
2024-35801278-9;(BM) 2024-044458209-001;03/10/2024 13:49;RUA GUAPORE, Nº 966 - PASSOS;-20.701.133;-466.111.689;P01001 - VISTORIA DE FISCALIZACAO (C) (Prioridade: 2 - Média);1CIA IND/2CIA/1PEL(PASSOS);TPO00155;Não;Não;Não;BOLETIM DE OCORRENCIA;Classificada;04/10/2024 07:56;Não
2024-35801884-9;(BM) 2024-044469490-001;03/10/2024 14:26;RUA DEZOITO DE SETEMBRO, Nº 155 - PENHA - PASSOS;-207.151.428;-466.228.696;P02011 - VISTORIA EM ENXAME DE INSETOS (C) (Prioridade: 2 - Média);1CIA IND/2CIA/1PEL(PASSOS);ASL06087;Não;Não;Não;BOLETIM DE OCORRENCIA;Classificada;04/10/2024 07:57;Não
2024-35802248-3;(BM) 2024-044472256-001;03/10/2024 14:46;PRACA MONSENHOR MESSIAS BRAGANCA, Nº 215 - CENTRO - PASSOS;-207.177.894;-466.111.003;S07001 - VAZAMENTO DE GLP/GAS NATURAL (COZINHA) (C) (Prioridade: 1 - Alta);1CIA IND/2CIA/1PEL(PASSOS);ABTS00495;Não;Não;Não;BOLETIM DE OCORRENCIA;Classificada;04/10/2024 07:58;Não
2024-35802842-4;(BM) 2024-044590620-001;03/10/2024 15:16;AVENIDA EXPEDICIONARIOS, Nº 2360 - NOVO MUNDO 4 - PASSOS;-207.259.081;-465.865.353;O04011 - INCENDIO EM AREA URBANA NAO PROTEGIDA (C) (Prioridade: 2 - Média);1CIA IND/2CIA/1PEL(PASSOS);ABTS00495 / ASL06087;Não;Não;Não;BOLETIM DE OCORRENCIA;Classificada;04/10/2024 08:01;Não
2024-35804877-0;(PM) 2024-044504015-001;03/10/2024 17:11;RUA ESMERALDA, Nº 140 - CANDEIAS - PASSOS;-207.229.434;-466.183.707;W98011 - SOLICITACAO DE APOIO (C) (Prioridade: 1 - Alta);1CIA IND/2CIA/1PEL(PASSOS);;Não;Não;Não;ATENDIDA PELO SAMU;Classificada;03/10/2024 18:28;Não
2024-35807405-7;(BM) 2024-044539800-001;03/10/2024 19:33;RUA DEZOITO DE SETEMBRO, Nº 155 - PENHA - PASSOS;-207.151.428;-466.228.696;S06005 - CAPTURA DE INSETOS (C) (Prioridade: 2 - Média);1CIA IND/2CIA/1PEL(PASSOS);ASL06087;Não;Não;Não;BOLETIM DE OCORRENCIA;Classificada;04/10/2024 07:58;Não
2024-35807530-9;(BM) 2024-044540021-001;03/10/2024 19:39;PRACA GERALDO DA SILVA MAIA, Nº S/N - CENTRO - PASSOS;-207.208.941;-46.609.005;P03999 - OUTROS TIPOS DE PCI / PCA   (C) (Prioridade: 2 - Média);1CIA IND/2CIA/1PEL(PASSOS);UR04360;Não;Não;Não;BOLETIM DE OCORRENCIA;Classificada;04/10/2024 07:57;Não
2024-35808969-8;(BM) 2024-044540783-001;03/10/2024 21:13;RUA DOUTOR CARVALHO, Nº 1649 - NOSSA SENHORA DAS GRAÇAS - PASSOS;-20.736.349;-466.033.886;O04012 - INCENDIO EM LOTE VAGO (AREA URBANA) (C) (Prioridade: 2 - Média);1CIA IND/2CIA/1PEL(PASSOS);ABTS00495;Não;Não;Não;BOLETIM DE OCORRENCIA;Classificada;04/10/2024 07:57;Não
2024-35810613-2;(PM) 2024-044570097-001;03/10/2024 22:52;RUA TOLEDOS, Nº 44 - SAO BENEDITO - PASSOS;-207.223.434;-466.012.414;W98011 - SOLICITACAO DE APOIO (C) (Prioridade: 1 - Alta);1CIA IND/2CIA/1PEL(PASSOS);UR04360 / ABTS00495;Não;Não;Não;NADA CONSTATADO;Classificada;04/10/2024 00:23;Não
2024-35812373-1;;04/10/2024 01:11;RUA ANA CANDIDA DE JESUS, Nº 440 - PASSOS;-207.511.314;-466.043.884;W98011 - SOLICITACAO DE APOIO (C) (Prioridade: 1 - Alta);1CIA IND/2CIA/1PEL(PASSOS);;Não;Não;Não;CANCELADA PELO COORDENADOR DO COBOM;Classificada;04/10/2024 01:15;Não
2024-35812418-8;(BM) 2024-044575557-001;04/10/2024 01:14;RUA AMETISTA, Nº S/N - ACLIMACAO - PASSOS;-207.518.491;-46.601.633;O04011 - INCENDIO EM AREA URBANA NAO PROTEGIDA (C) (Prioridade: 2 - Média);1CIA IND/2CIA/1PEL(PASSOS);ABTS00495;Não;Não;Não;BOLETIM DE OCORRENCIA;Classificada;04/10/2024 07:58;Não
2024-35812551-8;(BM) 2024-044576025-001;04/10/2024 01:28;RUA AGUAS QUENTES, Nº S/N - MUARAMA - PASSOS;-207.280.799;-466.147.757;O04011 - INCENDIO EM AREA URBANA NAO PROTEGIDA (C) (Prioridade: 2 - Média);1CIA IND/2CIA/1PEL(PASSOS);ABTS00495;Não;Não;Não;BOLETIM DE OCORRENCIA;Classificada;04/10/2024 07:58;Não
2024-35812579-7;;04/10/2024 01:33;RUA AGUAS FORMOSAS, Nº 48 - CENTENARIO - PASSOS;-207.285.502;-466.128.985;O04011 - INCENDIO EM AREA URBANA NAO PROTEGIDA (C) (Prioridade: 2 - Média);1CIA IND/2CIA/1PEL(PASSOS);ABTS00495;Não;Não;Não;NADA CONSTATADO;Classificada;04/10/2024 02:58;Não
2024-35813023-5;;04/10/2024 02:44;RUA AMETISTA, Nº S/N - ACLIMACAO - PASSOS;-207.518.491;-46.601.633;W98011 - SOLICITACAO DE APOIO (C) (Prioridade: 1 - Alta);1CIA IND/2CIA/1PEL(PASSOS);;Não;Não;Não;DUPLICADA;Classificada;04/10/2024 02:49;Não
2024-35813276-0;(BM) 2024-044586269-001;04/10/2024 04:06;RUA ANA CANDIDA DE JESUS, Nº 480 - JARDIM ITALIA - PASSOS;-207.509.724;-466.080.852;O04011 - INCENDIO EM AREA URBANA NAO PROTEGIDA (C) (Prioridade: 2 - Média);1CIA IND/2CIA/1PEL(PASSOS);ABTS00495;Não;Não;Não;BOLETIM DE OCORRENCIA;Classificada;04/10/2024 07:58;Não
2024-35813745-0;(BM) 2024-044586271-001;04/10/2024 06:43;AVENIDA JK, Nº 1356 - NOVO HORIZONTE - PASSOS;-207.302.701;-466.005.631;V03018 - VITIMA DE QUEDA DA PROPRIA ALTURA (C) (Prioridade: 1 - Alta);1CIA IND/2CIA/1PEL(PASSOS);UR04360;Não;Não;Não;BOLETIM DE OCORRENCIA;Classificada;04/10/2024 07:58;Não
2024-35814070-0;(BM) 2024-044592028-001;04/10/2024 07:30;AVENIDA NACOES, Nº 1262 - VILAGE VITALIA - PASSOS;;;O04011 - INCENDIO EM AREA URBANA NAO PROTEGIDA (C) (Prioridade: 2 - Média);1CIA IND/2CIA/1PEL(PASSOS);ABTS00495;Não;Não;Não;BOLETIM DE OCORRENCIA;Classificada;05/10/2024 08:04;Não
2024-35814485-6;(BM) 2024-044593680-001;04/10/2024 08:17;RUA IPATINGA, Nº S/N - CALIFORNIA - PASSOS;-207.039.657;-466.182.868;S06002 - CAPTURA DE ANIMAL SILVESTRE PERIGOSO / AGRESSIVO (C) (Prioridade: 2 - Média);1CIA IND/2CIA/1PEL(PASSOS);ASL06087;Não;Não;Não;BOLETIM DE OCORRENCIA;Classificada;05/10/2024 08:04;Não
2024-35814654-1;(BM) 2024-044600314-001;04/10/2024 08:35;AVENIDA COMENDADOR FRANCISCO A MAIA, Nº 4050 - EXPOSICAO - PASSOS;-207.333.293;-466.060.067;P01001 - VISTORIA DE FISCALIZACAO (C) (Prioridade: 2 - Média);1CIA IND/2CIA/1PEL(PASSOS);TPO00155;Não;Não;Não;BOLETIM DE OCORRENCIA;Classificada;05/10/2024 08:04;Não
2024-35814773-0;(BM) 2024-044604429-001;04/10/2024 08:44;RUA ANA CANDIDA DE JESUS, Nº 420 - JARDIM ITALIA - PASSOS;-207.512.433;-466.054.602;O04011 - INCENDIO EM AREA URBANA NAO PROTEGIDA (C) (Prioridade: 2 - Média);1CIA IND/2CIA/1PEL(PASSOS);ABTS00495;Não;Não;Não;BOLETIM DE OCORRENCIA;Classificada;05/10/2024 08:04;Não
2024-35815070-6;(BM) 2024-044604472-001;04/10/2024 09:09;AVENIDA AROUCA, Nº 634 - CENTRO - PASSOS;-207.183.886;-466.075.394;V01023 - VITIMA DE SINCOPE (DESMAIO)/VERTIGEM (C) (Prioridade: 1 - Alta);1CIA IND/2CIA/1PEL(PASSOS);UR04360;Não;Não;Não;BOLETIM DE OCORRENCIA;Classificada;05/10/2024 08:03;Não
2024-35816248-1;(BM) 2024-044628049-003;04/10/2024 10:41;RUA ANA CANDIDA DE JESUS, Nº S/N - JARDIM CANADA - PASSOS;-207.510.973;-466.073.324;O04011 - INCENDIO EM AREA URBANA NAO PROTEGIDA (C) (Prioridade: 2 - Média);1CIA IND/2CIA/1PEL(PASSOS);ABTS00495 / ASL06087;Não;Não;Não;BOLETIM DE OCORRENCIA;Classificada;05/10/2024 08:04;Não
2024-35816306-6;(BM) 2024-044628010-001;04/10/2024 10:47;RUA JOAO XXIII, Nº 1154 - NOSSA SENHORA DAS GRAÇAS - PASSOS;-207.366.577;-466.057.291;V03019 - VITIMA DE QUEDA DE ALTURA (C) (Prioridade: 1 - Alta);1CIA IND/2CIA/1PEL(PASSOS);UR04360;Não;Não;Não;BOLETIM DE OCORRENCIA;Classificada;05/10/2024 08:03;Não
2024-35816885-5;(BM) 2024-044626169-001;04/10/2024 11:30;RUA ESTRELA DALVA, Nº 217 - JARDIM SATELITE - PASSOS;-207.133.424;-466.198.116;W03000 - SOLICITANTE ENCONTRADO - PROVIDENCIA DISPENSADA (C) (Prioridade: 3 - Baixa);1CIA IND/2CIA/1PEL(PASSOS);UR04360;Não;Não;Não;BOLETIM DE OCORRENCIA;Classificada;05/10/2024 08:03;Não
2024-35817894-1;(BM) 2024-044637654-001;04/10/2024 13:07;ESTRADA DOS PEREIRAS, Nº S/N - CAPETINGA;-206.334.391;-47.084.003;O04013 - INCENDIO EM PASTO (C) (Prioridade: 2 - Média);1CIA IND/2CIA/1PEL(PASSOS);ASL06087;Não;Não;Não;BOLETIM DE OCORRENCIA;Classificada;05/10/2024 08:04;Não
2024-35818042-7;(BM) 2024-044713181-001;04/10/2024 13:19;RUA JOSE BELMIRO LIMA, Nº 87 - NOVO MUNDO - PASSOS;;;O04011 - INCENDIO EM AREA URBANA NAO PROTEGIDA (C) (Prioridade: 2 - Média);1CIA IND/2CIA/1PEL(PASSOS);ABTS00495;Não;Não;Não;BOLETIM DE OCORRENCIA;Classificada;05/10/2024 08:04;Não
2024-35818309-5;(BM) 2024-044637130-001;04/10/2024 13:40;RUA GUAPORE, Nº 966 - PASSOS;-20.701.133;-466.111.689;P01001 - VISTORIA DE FISCALIZACAO (C) (Prioridade: 2 - Média);1CIA IND/2CIA/1PEL(PASSOS);TPO00155;Não;Não;Não;BOLETIM DE OCORRENCIA;Classificada;05/10/2024 08:04;Não
2024-35818333-0;;04/10/2024 13:40;RUA BARIRIS, Nº S/N - SAO JOAQUIM - PASSOS;-207.447.347;-466.021.386;O04011 - INCENDIO EM AREA URBANA NAO PROTEGIDA (C) (Prioridade: 2 - Média);1CIA IND/2CIA/1PEL(PASSOS);;Não;Não;Não;DUPLICADA;Classificada;04/10/2024 13:46;Não
2024-35818833-2;(BM) 2024-044686500-001;04/10/2024 14:15;RUA SEBASTIAO BENEDITO DE ANDRADE, Nº 703 - NOVA SUÍCA - PASSOS;;;O04013 - INCENDIO EM PASTO (C) (Prioridade: 2 - Média);1CIA IND/2CIA/1PEL(PASSOS);ABTS00495;Não;Não;Não;BOLETIM DE OCORRENCIA;Classificada;05/10/2024 08:03;Não
2024-35820924-9;;04/10/2024 16:03;RUA AMETISTA, Nº 334 - ACLIMACAO - PASSOS;-207.515.973;-466.013.056;O04011 - INCENDIO EM AREA URBANA NAO PROTEGIDA (C) (Prioridade: 2 - Média);1CIA IND/2CIA/1PEL(PASSOS);;Não;Não;Não;DUPLICADA;Classificada;04/10/2024 18:01;Não
2024-35823829-4;(BM) 2024-044697735-001;04/10/2024 18:54;AVENIDA JUCA STOCKLER, Nº S/N - SAO JOAQUIM - PASSOS;-207.420.993;-46.600.964;O02033 - INCENDIO EM AMONTOADO DE LIXO (C) (Prioridade: 2 - Média);1CIA IND/2CIA/1PEL(PASSOS);ABTS00495;Não;Não;Não;BOLETIM DE OCORRENCIA;Classificada;05/10/2024 08:03;Não
2024-35829058-9;(BM) 2024-044750361-001;04/10/2024 23:59;RUA CESARINO ANACLETO MAIA, Nº 101 - JARDIM PLANALTO - PASSOS;-207.215.479;-466.245.763;S06002 - CAPTURA DE ANIMAL SILVESTRE PERIGOSO / AGRESSIVO (C) (Prioridade: 2 - Média);1CIA IND/2CIA/1PEL(PASSOS);ASL06087;Não;Não;Não;BOLETIM DE OCORRENCIA;Classificada;05/10/2024 08:03;Não
2024-35831878-5;;05/10/2024 05:56;RUA CAMPOS GERAIS, Nº 715 - NOSSA SENHORA DE FATIMA - PASSOS;-207.010.616;-466.140.417;O02001 - INCENDIO EM RESIDENCIA/HABITACAO UNIFAMILIAR (CASA) (C) (Prioridade: 1 - Alta);1CIA IND/2CIA/1PEL(PASSOS);ABTS00495;Não;Não;Não;ATENDIDA PELO SAMU;Classificada;05/10/2024 08:03;Não
2024-35832697-6;(BM) 2024-044775274-001;05/10/2024 08:12;RUA DOUTOR CARVALHO, Nº 1455 - NOSSA SENHORA DAS GRAÇAS - PASSOS;-207.352.269;-466.037.303;Q03999 - OUTROS TIPOS DE TREINAMENTO (C) (Prioridade: 2 - Média);1CIA IND/2CIA/1PEL(PASSOS);BM1525005;Não;Não;Não;BOLETIM DE OCORRENCIA;Classificada;06/10/2024 13:01;Não
2024-35834942-9;(BM) 2024-044823760-001;05/10/2024 11:53;RODOVIA MG 444, Km 12 - CASSIA;-205.887.985;-470.137.718;O04008 - INCENDIO EM AREA RURAL NAO PROTEGIDA (C) (Prioridade: 2 - Média);1CIA IND/2CIA/1PEL(PASSOS);ASL06087;Não;Não;Não;BOLETIM DE OCORRENCIA;Classificada;06/10/2024 13:01;Não
2024-35835384-7;(BM) 2024-044799834-001;05/10/2024 12:44;AVENIDA POCOS DE CALDAS, Nº S/N - COHAB 2 - PASSOS;-207.104.463;-466.259.895;V02408 - VITIMA DE COLISAO ENTRE AUTOMOVEL X MOTOCICLETA (C) (Prioridade: 1 - Alta);1CIA IND/2CIA/1PEL(PASSOS);UR04360;Não;Não;Não;BOLETIM DE OCORRENCIA;Classificada;06/10/2024 13:02;Não
2024-35835787-3;(BM) 2024-044807689-001;05/10/2024 13:23;RUA CUIABA, Nº 153 - JARDIM COLEGIO DE PASSOS - PASSOS;-20.722.846;-46.593.834;S06002 - CAPTURA DE ANIMAL SILVESTRE PERIGOSO / AGRESSIVO (C) (Prioridade: 2 - Média);1CIA IND/2CIA/1PEL(PASSOS);ABTS00495;Não;Não;Não;BOLETIM DE OCORRENCIA;Classificada;06/10/2024 13:01;Não
2024-35837973-9;(BM) 2024-044823810-001 / (PM) 2024-044823810-002;05/10/2024 15:47;RUA JOAO PIMENTA, Nº 50 - SAO BENEDITO - PASSOS;-207.219.924;-466.011.219;V02408 - VITIMA DE COLISAO ENTRE AUTOMOVEL X MOTOCICLETA (C) (Prioridade: 1 - Alta);1CIA IND/2CIA/1PEL(PASSOS);UR00565;Não;Não;Não;BOLETIM DE OCORRENCIA;Classificada;06/10/2024 13:02;Não
2024-35840100-7;(BM) 2024-044857463-001;05/10/2024 18:08;RUA LUIZ MOURA DA SILVA / RUA OITO - COHAB 3 - PASSOS;;;V03003 - VITIMA DE AGRESSAO FISICA COM ARMA BRANCA (C) (Prioridade: 1 - Alta);1CIA IND/2CIA/1PEL(PASSOS);UR00565;Não;Não;Não;BOLETIM DE OCORRENCIA;Classificada;06/10/2024 13:02;Não
2024-35841405-0;(BM) 2024-044857476-001;05/10/2024 19:33;AVENIDA EXPEDICIONARIOS, Nº 39 - CENTRO - PASSOS;-207.212.528;-466.075.157;V01013 - VITIMA DE EMERGENCIAS PSIQUIATRICAS (C) (Prioridade: 1 - Alta);1CIA IND/2CIA/1PEL(PASSOS);UR00565;Não;Não;Não;BOLETIM DE OCORRENCIA;Classificada;06/10/2024 13:02;Não
2024-35841571-9;(BM) 2024-044864922-002 / (PM) 2024-044864922-003;05/10/2024 19:43;RODOVIA MG 050, Km 339 - PASSOS;-20.718.014;-464.595.361;S05202 - CAPOTAMENTO DE CAMINHAO / CARRETA (C) (Prioridade: 1 - Alta);1CIA IND/2CIA/1PEL(PASSOS);UR00565 / ABTS00495;Não;Não;Não;BOLETIM DE OCORRENCIA;Classificada;06/10/2024 13:02;Não
2024-35846522-0;(BM) 2024-044890896-001;06/10/2024 00:46;RUA ANTONIO JOSE FERREIRA, Nº 87 - JARDIM PLANALTO - PASSOS;-207.197.105;-466.279.503;W03000 - SOLICITANTE ENCONTRADO - PROVIDENCIA DISPENSADA (C) (Prioridade: 3 - Baixa);1CIA IND/2CIA/1PEL(PASSOS);UR04360;Não;Não;Não;BOLETIM DE OCORRENCIA;Classificada;06/10/2024 13:00;Não
2024-35849050-0;(BM) 2024-044920223-001;06/10/2024 05:17;RUA ESPIRITO SANTO, Nº 216 - BELA VISTA - PASSOS;-207.178.518;-465.989.548;V01008 - VITIMA COM DOR ABDOMINAL (ABDOME AGUDO) (C) (Prioridade: 1 - Alta);1CIA IND/2CIA/1PEL(PASSOS);UR04360;Não;Não;Não;BOLETIM DE OCORRENCIA;Classificada;06/10/2024 13:03;Não
2024-35851793-7;(BM) 2024-044946078-001;06/10/2024 08:06;AVENIDA DOUTOR BRENO SOARES MAIA, Nº S/N - BELO HORIZONTE - PASSOS;-207.274.464;-466.041.645;W04000 - NADA CONSTATADO (C) (Prioridade: 3 - Baixa);1CIA IND/2CIA/1PEL(PASSOS);UR04360;Não;Não;Não;BOLETIM DE OCORRENCIA;Classificada;07/10/2024 11:14;Não
2024-35852154-3;(BM) 2024-044968510-001;06/10/2024 08:31;RUA LEOPOLDINA, Nº 359 - CALIFORNIA - PASSOS;-207.022.345;-466.172.236;V01008 - VITIMA COM DOR ABDOMINAL (ABDOME AGUDO) (C) (Prioridade: 1 - Alta);1CIA IND/2CIA/1PEL(PASSOS);UR04360;Não;Não;Não;BOLETIM DE OCORRENCIA;Classificada;07/10/2024 11:15;Não
2024-35852998-5;(BM) 2024-044946102-001;06/10/2024 09:26;RUA SANTA INES, Nº S/N - CENTRO - PASSOS;-207.256.528;-46.608.784;S06001 - SALVAMENTO DE ANIMAL EM RISCO / PERIGO (C) (Prioridade: 2 - Média);1CIA IND/2CIA/1PEL(PASSOS);ASL06087;Não;Não;Não;BOLETIM DE OCORRENCIA;Classificada;07/10/2024 11:14;Não
2024-35856037-1;(BM) 2024-044968221-001;06/10/2024 12:56;RUA JORGE BACIL, Nº 640 - NOVA CALIFORNIA - PASSOS;-206.988.842;-466.245.442;V01003 - VITIMA COM CRISE CONVULSIVA (C) (Prioridade: 1 - Alta);1CIA IND/2CIA/1PEL(PASSOS);UR04360;Não;Não;Não;BOLETIM DE OCORRENCIA;Classificada;07/10/2024 11:15;Não
2024-35856589-8;(BM) 2024-044974504-001;06/10/2024 13:39;RUA MONTES CLAROS, Nº 96 - COHAB 3 - PASSOS;-207.076.862;-466.242.218;V01013 - VITIMA DE EMERGENCIAS PSIQUIATRICAS (C) (Prioridade: 1 - Alta);1CIA IND/2CIA/1PEL(PASSOS);UR04360;Não;Não;Não;BOLETIM DE OCORRENCIA;Classificada;07/10/2024 11:15;Não
2024-35856823-3;(BM) 2024-044974623-001;06/10/2024 13:55;RUA SACRAMENTO, Nº 86 - COHAB 2 - PASSOS;-207.092.129;-466.264.071;S06002 - CAPTURA DE ANIMAL SILVESTRE PERIGOSO / AGRESSIVO (C) (Prioridade: 2 - Média);1CIA IND/2CIA/1PEL(PASSOS);ASL06087;Não;Não;Não;BOLETIM DE OCORRENCIA;Classificada;07/10/2024 11:14;Não
2024-35857953-4;(BM) 2024-045002011-001;06/10/2024 15:01;AVENIDA JUCA STOCKLER, Nº 1130 - BELO HORIZONTE - PASSOS;-207.329.175;-466.039.505;P03009 - PREVENCAO EM PONTO-BASE / FERIADOS PROLONGADOS (C) (Prioridade: 2 - Média);1CIA IND/2CIA/1PEL(PASSOS);ASL06087 / UR04360;Não;Não;Não;BOLETIM DE OCORRENCIA;Classificada;07/10/2024 11:14;ELEICOES
2024-35858613-1;(BM) 2024-045000038-001;06/10/2024 15:42;SITIO Palmital, Nº S/N - CARMO DO RIO CLARO;;;O04007 - INCENDIO EM PROPRIEDADE RURAL PARTICULAR (C) (Prioridade: 2 - Média);1CIA IND/2CIA/1PEL(PASSOS);ASL06087;Não;Não;Não;BOLETIM DE OCORRENCIA;Classificada;07/10/2024 11:15;Não
2024-35860493-4;;06/10/2024 17:28;RUA TREZE DE MAIO, Nº 144 - ROSARIO - IBIRACI;-204.672.708;-471.228.093;W98011 - SOLICITACAO DE APOIO (C) (Prioridade: 1 - Alta);1CIA IND/2CIA/1PEL(PASSOS);;Não;Não;Não;DISPENSADA PELO SOLICITANTE;Classificada;06/10/2024 20:54;Não
2024-35862757-5;(BM) 2024-045041796-001;06/10/2024 19:45;RODOVIA BR 265, Km 550 - ALPINOPOLIS;-209.120.769;-464.466.183;S05103 - CHOQUE DE AUTOMOVEL (CARRO, CAMIONETA, CAMINHONETE) (C) (Prioridade: 1 - Alta);1CIA IND/2CIA/1PEL(PASSOS);UR04360 / ASL06087;Não;Não;Não;BOLETIM DE OCORRENCIA;Classificada;07/10/2024 11:15;Não
2024-35863377-0;;06/10/2024 20:26;RUA TULIPAS, Nº S/N - CONJUNTO HABITACIONAL BELA VISTA - ITAU DE MINAS;-207.458.988;-467.623.045;O04013 - INCENDIO EM PASTO (C) (Prioridade: 2 - Média);1CIA IND/2CIA/1PEL(PASSOS);;Não;Não;Não;DISPENSADA PELO SOLICITANTE;Classificada;06/10/2024 20:31;Não
2024-35863988-3;(BM) 2024-045039427-001;06/10/2024 21:03;RUA JOAO TEIXEIRA MENDES, Nº 817 - JARDIM ITALIA - PASSOS;-207.491.779;-466.062.997;V01003 - VITIMA COM CRISE CONVULSIVA (C) (Prioridade: 1 - Alta);1CIA IND/2CIA/1PEL(PASSOS);UR04360;Não;Não;Não;BOLETIM DE OCORRENCIA;Classificada;07/10/2024 11:16;Não
2024-35864670-0;(BM) 2024-045039455-001;06/10/2024 21:42;ACESSO RURAL ESTRADA DO FAZENDAO - PASSOS;;;S04012 - BUSCA E SALVAMENTO EM LOCAL DE DIFICIL ACESSO (C) (Prioridade: 1 - Alta);1CIA IND/2CIA/1PEL(PASSOS);UR04360;Não;Não;Não;BOLETIM DE OCORRENCIA;Classificada;07/10/2024 11:16;Não
2024-35868631-0;(BM) 2024-045591481-001;07/10/2024 05:29;RUA CANADA, Nº 295 - NOVO MUNDO - PASSOS;-207.259.961;-465.902.902;W04000 - NADA CONSTATADO (C) (Prioridade: 3 - Baixa);1CIA IND/2CIA/1PEL(PASSOS);ASL06087;Não;Não;Não;ATENDIDA PELO SAMU;Classificada;07/10/2024 11:14;Não
2024-35869224-1;(BM) 2024-045072678-001;07/10/2024 07:48;RUA DOUTOR CARVALHO, Nº 1455 - NOSSA SENHORA DAS GRAÇAS - PASSOS;-207.352.269;-466.037.303;S06001 - SALVAMENTO DE ANIMAL EM RISCO / PERIGO (C) (Prioridade: 2 - Média);1CIA IND/2CIA/1PEL(PASSOS);BM1636836;Não;Não;Não;BOLETIM DE OCORRENCIA;Classificada;07/10/2024 11:15;Não
2024-35869266-1;(BM) 2024-045091085-001;07/10/2024 07:54;AVENIDA PERIMETRAL, Nº S/N - PARQUE DA ESTACAO - PASSOS;-207.057.771;-466.097.547;O04011 - INCENDIO EM AREA URBANA NAO PROTEGIDA (C) (Prioridade: 2 - Média);1CIA IND/2CIA/1PEL(PASSOS);ABTS00495;Não;Não;Não;BOLETIM DE OCORRENCIA;Classificada;08/10/2024 07:06;Não
2024-35869586-2;(BM) 2024-045091107-001;07/10/2024 08:24;SERRA DA TORMENTA - TOPO, Nº S/N - CARMO DO RIO CLARO;-209.899.185;-461.043.587;O04008 - INCENDIO EM AREA RURAL NAO PROTEGIDA (C) (Prioridade: 2 - Média);1CIA IND/2CIA/1PEL(PASSOS);ASL06087;Não;Não;Não;BOLETIM DE OCORRENCIA;Classificada;08/10/2024 07:06;Não
2024-35872043-5;(BM) 2024-045109784-001;07/10/2024 12:07;RUA GUAPE, Nº 814 - RESIDENCIAL PORTAL DAS PALMEIRAS - PASSOS;-206.995.681;-466.101.849;O04013 - INCENDIO EM PASTO (C) (Prioridade: 2 - Média);1CIA IND/2CIA/1PEL(PASSOS);ABTS00495;Não;Não;Não;BOLETIM DE OCORRENCIA;Classificada;08/10/2024 07:06;Não
2024-35872981-5;(BM) 2024-045127849-001;07/10/2024 13:42;RUA GOIAS, Nº 1341 - BELA VISTA - PASSOS;-207.125.046;-465.990.679;P01001 - VISTORIA DE FISCALIZACAO (C) (Prioridade: 2 - Média);1CIA IND/2CIA/1PEL(PASSOS);TPO00155;Não;Não;Não;BOLETIM DE OCORRENCIA;Classificada;08/10/2024 07:06;Não
2024-35873160-4;(BM) 2024-045121146-001;07/10/2024 13:57;RUA ENGENHEIROS, Nº 680 - NOVO HORIZONTE - PASSOS;-207.279.679;-466.014.479;R01999 - OUTROS TIPOS DE ACOES DE APOIO A COMUNIDADE   (C) (Prioridade: 2 - Média);1CIA IND/2CIA/1PEL(PASSOS);ABTS00495;Não;Não;Não;BOLETIM DE OCORRENCIA;Classificada;08/10/2024 07:06;Não
2024-35873949-8;(BM) 2024-045127799-001;07/10/2024 14:43;RUA PARATI, Nº 2203 - PASSOS;-20.701.325;-466.108.841;P01001 - VISTORIA DE FISCALIZACAO (C) (Prioridade: 2 - Média);1CIA IND/2CIA/1PEL(PASSOS);TPO00155;Não;Não;Não;BOLETIM DE OCORRENCIA;Classificada;08/10/2024 07:06;Não
2024-35874533-5;(BM) 2024-045230823-001;07/10/2024 15:15;RUA VEREADORA ANTONINA LEMOS DE PADUA, Nº 207 - COHAB 4 - PASSOS;-20.719.832;-466.344.016;V01999 - OUTROS TIPOS DE APH CLINICO (C) (Prioridade: 1 - Alta);1CIA IND/2CIA/1PEL(PASSOS);UR04360;Não;Não;Não;BOLETIM DE OCORRENCIA;Classificada;08/10/2024 07:07;Não
2024-35878216-4;(BM) 2024-045180790-001;07/10/2024 19:00;RUA CORONEL NECA MEDEIROS, Nº 144 - PASSOS;-207.199.865;-466.101.121;W03000 - SOLICITANTE ENCONTRADO - PROVIDENCIA DISPENSADA (C) (Prioridade: 3 - Baixa);1CIA IND/2CIA/1PEL(PASSOS);ABTS00495;Não;Não;Não;BOLETIM DE OCORRENCIA;Classificada;08/10/2024 07:06;Não
2024-35878817-4;(BM) 2024-045182353-001;07/10/2024 19:44;RUA MATOZINHOS, Nº 253 - COHAB 2 - PASSOS;-207.105.396;-466.317.422;V01010 - VITIMA COM DOR TORACICA/SUSPEITA DE INFARTO (IAM) (C) (Prioridade: 1 - Alta);1CIA IND/2CIA/1PEL(PASSOS);UR04360;Não;Não;Não;BOLETIM DE OCORRENCIA;Classificada;08/10/2024 07:07;Não
2024-35882669-2;(BM) 2024-045221848-001;08/10/2024 00:44;SITIO ANGOLINHA - BAIRRO RURAL ANGOLINHA - MANOEL DOMINGUES DELCIDIO, Nº S/N - CARMO DO RIO CLARO;-209.746.199;-460.827.917;O04008 - INCENDIO EM AREA RURAL NAO PROTEGIDA (C) (Prioridade: 2 - Média);1CIA IND/2CIA/1PEL(PASSOS);ASL06087;Não;Não;Não;BOLETIM DE OCORRENCIA;Classificada;08/10/2024 07:07;Não
2024-35883292-1;(BM) 2024-045226173-001;08/10/2024 02:38;RUA BARTOLOMEU DE GUSMAO, Nº 701 - MARIO MAGALHAES - PASSOS;-207.276.686;-466.108.033;S07001 - VAZAMENTO DE GLP/GAS NATURAL (COZINHA) (C) (Prioridade: 1 - Alta);1CIA IND/2CIA/1PEL(PASSOS);ABTS00495;Não;Não;Não;BOLETIM DE OCORRENCIA;Classificada;08/10/2024 07:07;Não
2024-35883316-8;;08/10/2024 02:39;RUA BARTOLOMEU DE GUSMAO, Nº 701 - MARIO MAGALHAES - PASSOS;-207.276.686;-466.108.033;O02999 - OUTROS TIPOS DE INCENDIO URBANO   (C) (Prioridade: 2 - Média);1CIA IND/2CIA/1PEL(PASSOS);;Não;Não;Não;DUPLICADA;Classificada;08/10/2024 02:47;Não
2024-35883579-7;(BM) 2024-045226853-001;08/10/2024 04:04;RUA DEZOITO DE SETEMBRO, Nº 207 - PENHA - PASSOS;-207.150.907;-466.231.843;V02502 - VITIMA DE QUEDA (MOTOCICLISTA) (C) (Prioridade: 1 - Alta);1CIA IND/2CIA/1PEL(PASSOS);UR04360;Não;Não;Não;BOLETIM DE OCORRENCIA;Classificada;08/10/2024 07:07;Não
2024-35884613-9;(BM) 2024-045235594-001;08/10/2024 08:11;RUA GONCALVES DIAS, Nº 397 - SAO BENEDITO - PASSOS;-207.183.183;-466.056.162;P01001 - VISTORIA DE FISCALIZACAO (C) (Prioridade: 2 - Média);1CIA IND/2CIA/1PEL(PASSOS);TPO00155;Não;Não;Não;BOLETIM DE OCORRENCIA;Classificada;09/10/2024 07:31;Não
2024-35885114-4;;08/10/2024 08:53;RUA DOUTOR SATURNINO, Nº 436 - MARIO MAGALHAES - PASSOS;-207.226.141;-466.137.649;V03013 - VITIMA DE ELETROCUSSAO (C) (Prioridade: 1 - Alta);1CIA IND/2CIA/1PEL(PASSOS);UR04360;Não;Não;Não;ATENDIDA PELO SAMU;Classificada;08/10/2024 09:08;Não
2024-35885140-4;(PM) 2024-045244253-001;08/10/2024 08:54;RUA DOUTOR SATURNINO / RUA LAVRAS - CANDEIAS - PASSOS;-207.226.582;-466.135.826;W98011 - SOLICITACAO DE APOIO (C) (Prioridade: 1 - Alta);1CIA IND/2CIA/1PEL(PASSOS);;Não;Não;Não;DUPLICADA;Classificada;08/10/2024 09:03;Não
2024-35885394-2;(BM) 2024-045401417-001;08/10/2024 09:18;RUA DOUTOR CARVALHO, Nº 1455 - NOSSA SENHORA DAS GRAÇAS - PASSOS;-207.352.269;-466.037.303;Q03999 - OUTROS TIPOS DE TREINAMENTO (C) (Prioridade: 2 - Média);1CIA IND/2CIA/1PEL(PASSOS);BM1274612;Não;Não;Não;BOLETIM DE OCORRENCIA;Classificada;09/10/2024 07:31;Não
2024-35886081-2;(BM) 2024-045401289-001;08/10/2024 10:14;RUA FRANCISCO DONABELLA, Nº S/N - NOVA PASSOS - PASSOS;-207.036.096;-466.339.364;S06002 - CAPTURA DE ANIMAL SILVESTRE PERIGOSO / AGRESSIVO (C) (Prioridade: 2 - Média);1CIA IND/2CIA/1PEL(PASSOS);ASL06087;Não;Não;Não;BOLETIM DE OCORRENCIA;Classificada;09/10/2024 07:31;Não
2024-35887073-0;(BM) 2024-045407007-001;08/10/2024 11:31;RUA JOSE DONABELLA, Nº 633 - NOVA PASSOS - PASSOS;-207.028.971;-466.317.432;V03019 - VITIMA DE QUEDA DE ALTURA (C) (Prioridade: 1 - Alta);1CIA IND/2CIA/1PEL(PASSOS);UR04360;Não;Não;Não;BOLETIM DE OCORRENCIA;Classificada;09/10/2024 07:31;Não
2024-35888499-7;(BM) 2024-045294289-001;08/10/2024 13:41;AVENIDA JUCA STOCKLER, Nº S/N - ACLIMACAO - PASSOS;-207.405.097;-46.601.472;O04013 - INCENDIO EM PASTO (C) (Prioridade: 2 - Média);1CIA IND/2CIA/1PEL(PASSOS);ABTS00495;Não;Não;Não;BOLETIM DE OCORRENCIA;Classificada;09/10/2024 07:31;Não
2024-35888846-9;(BM) 2024-045284296-001;08/10/2024 14:04;RUA RIO DE JANEIRO, Nº 79 - SAO BENEDITO - PASSOS;-207.191.285;-465.996.939;P01001 - VISTORIA DE FISCALIZACAO (C) (Prioridade: 2 - Média);1CIA IND/2CIA/1PEL(PASSOS);TPO00155;Não;Não;Não;BOLETIM DE OCORRENCIA;Classificada;09/10/2024 07:31;Não
2024-35889774-5;(BM) 2024-045306965-001;08/10/2024 14:54;AVENIDA JUCA STOCKLER, Nº 770 - BELO HORIZONTE - PASSOS;-207.306.378;-466.047.214;V01018 - VITIMA DE MAL NAO DEFINIDO (DISTURBIO) (C) (Prioridade: 1 - Alta);1CIA IND/2CIA/1PEL(PASSOS);UR04360;Não;Não;Não;BOLETIM DE OCORRENCIA;Classificada;09/10/2024 07:31;Não
2024-35890046-5;(BM) 2024-045401326-001;08/10/2024 15:11;FAZENDA CAPAO ALTO - LEOPOLDO ANTONIO PEREIRA, Nº S/N - CARMO DO RIO CLARO;-210.053.331;-460.761.118;O04008 - INCENDIO EM AREA RURAL NAO PROTEGIDA (C) (Prioridade: 2 - Média);1CIA IND/2CIA/1PEL(PASSOS);ASL06087;Não;Não;Não;BOLETIM DE OCORRENCIA;Classificada;09/10/2024 07:31;Não
2024-35890116-9;;08/10/2024 15:14;AVENIDA JOSE CAETANO DE ANDRADE, Nº 480 - SAO FRANCISCO - PASSOS;;;V02408 - VITIMA DE COLISAO ENTRE AUTOMOVEL X MOTOCICLETA (C) (Prioridade: 1 - Alta);1CIA IND/2CIA/1PEL(PASSOS);UR04360;Não;Não;Não;NADA CONSTATADO;Classificada;08/10/2024 16:45;Não
2024-35891293-0;(BM) 2024-045406855-001;08/10/2024 16:14;RUA PARA, Nº 353 - SANTA LUZIA - PASSOS;-207.082.396;-466.061.031;V01008 - VITIMA COM DOR ABDOMINAL (ABDOME AGUDO) (C) (Prioridade: 1 - Alta);1CIA IND/2CIA/1PEL(PASSOS);UR04360;Não;Não;Não;BOLETIM DE OCORRENCIA;Classificada;09/10/2024 07:31;Não
2024-35891604-8;(BM) 2024-045406946-001;08/10/2024 16:31;RODOVIA BR 146, Nº S/N - DISTRITO INDUSTRIAL 1 - PASSOS;-207.020.967;-465.895.427;O04014 - INCENDIO AS MARGENS DE RODOVIA (C) (Prioridade: 2 - Média);1CIA IND/2CIA/1PEL(PASSOS);ABTS00495;Não;Não;Não;BOLETIM DE OCORRENCIA;Classificada;09/10/2024 07:31;Não
2024-35892485-6;(BM) 2024-045406896-001;08/10/2024 17:22;RUA SEBASTIAO PINTO COELHO, Nº S/N - MIRANTE DO VALE - PASSOS;-207.178.187;-465.818.515;O04013 - INCENDIO EM PASTO (C) (Prioridade: 2 - Média);1CIA IND/2CIA/1PEL(PASSOS);ABTS00495;Não;Não;Não;BOLETIM DE OCORRENCIA;Classificada;09/10/2024 07:31;Não
2024-35893660-0;(BM) 2024-045406801-001;08/10/2024 18:27;AVENIDA ARLINDO FIGUEIREDO, Nº 850 - JARDIM PINHEIROS - PASSOS;-207.248.365;-466.210.844;S03008 - SALVAMENTO DE PESSOA PRESA EM ELEVADOR (C) (Prioridade: 1 - Alta);1CIA IND/2CIA/1PEL(PASSOS);UR04360;Não;Não;Não;BOLETIM DE OCORRENCIA;Classificada;09/10/2024 07:31;Não
2024-35894519-7;(BM) 2024-045406751-001;08/10/2024 19:20;AVENIDA DONA LIQUINHA SILVEIRA, Nº S/N - JARDIM SATELITE - PASSOS;-207.086.809;-466.237.875;V02406 - VITIMA DE COLISAO ENTRE MOTOCICLETA X BICICLETA (C) (Prioridade: 1 - Alta);1CIA IND/2CIA/1PEL(PASSOS);UR04360;Não;Não;Não;BOLETIM DE OCORRENCIA;Classificada;09/10/2024 07:31;Não
2024-35895424-8;;08/10/2024 20:12;RUA IMACULADA CONCEICAO, Nº 575 - COHAB 4 - PASSOS;-207.218.334;-466.304.336;S06002 - CAPTURA DE ANIMAL SILVESTRE PERIGOSO / AGRESSIVO (C) (Prioridade: 2 - Média);1CIA IND/2CIA/1PEL(PASSOS);;Não;Não;Não;SOLICITANTE NÃO ENCONTRADO;Classificada;08/10/2024 22:43;Não
2024-35901078-7;(BM) 2024-045489696-001;09/10/2024 07:50;FAZENDA FAZENDA CAPAO ALTO, Nº S/N - ZONA RURAL - CARMO DO RIO CLARO;;;O04008 - INCENDIO EM AREA RURAL NAO PROTEGIDA (C) (Prioridade: 2 - Média);1CIA IND/2CIA/1PEL(PASSOS);ASL06087;Não;Não;Não;BOLETIM DE OCORRENCIA;Classificada;10/10/2024 06:35;Não
2024-35901276-0;(BM) 2024-045489551-001;09/10/2024 08:10;RUA INDAIAS, Nº 37 - ACLIMACAO - PASSOS;-20.757.055;-465.952.148;S06008 - CORTE DE ARVORE CAIDA EM VIA PUBLICA (C) (Prioridade: 2 - Média);1CIA IND/2CIA/1PEL(PASSOS);ABTS00495;Não;Não;Não;BOLETIM DE OCORRENCIA;Classificada;10/10/2024 06:35;Não
2024-35901969-7;(BM) 2024-045434382-001;09/10/2024 09:14;AVENIDA COMENDADOR FRANCISCO A MAIA, Nº 2807 - CENTRO - PASSOS;-20.723.826;-46.612.118;P01002 - VISTORIA DE LIBERACAO / EMISSAO DE AVCB (C) (Prioridade: 2 - Média);1CIA IND/2CIA/1PEL(PASSOS);TPO00155;Não;Não;Não;BOLETIM DE OCORRENCIA;Classificada;10/10/2024 06:35;Não
2024-35902193-0;(BM) 2024-045489774-001;09/10/2024 09:29;RUA GOIAS, Nº S/N - SANTA LUZIA - PASSOS;-207.077.147;-466.045.927;P03001 - PERIGO DE DERRAPAGEM (C) (Prioridade: 2 - Média);1CIA IND/2CIA/1PEL(PASSOS);ABTS00495;Não;Não;Não;BOLETIM DE OCORRENCIA;Classificada;10/10/2024 06:35;Não
2024-35902491-9;;09/10/2024 09:52;RUA COIMBRAS, Nº 522 - NOSSA SENHORA DE FATIMA - PASSOS;-207.040.007;-466.142.249;S05103 - CHOQUE DE AUTOMOVEL (CARRO, CAMIONETA, CAMINHONETE) (C) (Prioridade: 1 - Alta);1CIA IND/2CIA/1PEL(PASSOS);;Não;Não;Não;ATENDIDA PELO SAMU;Classificada;09/10/2024 10:14;Não
2024-35908359-4;(BM) 2024-045532273-001;09/10/2024 16:49;RODOVIA MG 050, Nº S/N - SANTA TEREZINHA - ITAU DE MINAS;-207.498.551;-467.534.723;W04000 - NADA CONSTATADO (C) (Prioridade: 3 - Baixa);1CIA IND/2CIA/1PEL(PASSOS);ASL06087;Não;Não;Não;BOLETIM DE OCORRENCIA;Classificada;10/10/2024 06:35;Não
2024-35911141-8;(BM) 2024-045532349-001;09/10/2024 19:34;RUA GONCALVES DIAS, Nº 397 - SAO BENEDITO - PASSOS;-207.183.183;-466.056.162;V01002 - VITIMA COM CEFALEIA AGUDA / ENXAQUECA (C) (Prioridade: 1 - Alta);1CIA IND/2CIA/1PEL(PASSOS);UR04360;Não;Não;Não;BOLETIM DE OCORRENCIA;Classificada;10/10/2024 06:35;Não
2024-35916165-3;(BM) 2024-045575238-001;10/10/2024 03:00;RODOVIA MG 050, Nº S/N - PASSOS;-207.372.242;-466.331.087;V03021 - VITIMA DE SUICIDIO (TENTATIVA) - APH TRAUMA (C) (Prioridade: 1 - Alta);1CIA IND/2CIA/1PEL(PASSOS);UR04360;Não;Não;Não;BOLETIM DE OCORRENCIA;Classificada;10/10/2024 06:35;Não
2024-35916170-3;;10/10/2024 03:00;RUA FARID ESPER KALLAS, Nº 125 - VILA ROMANA - PASSOS;-2.074.074;-466.095.142;W98011 - SOLICITACAO DE APOIO (C) (Prioridade: 1 - Alta);1CIA IND/2CIA/1PEL(PASSOS);;Não;Não;Não;DUPLICADA;Classificada;10/10/2024 04:23;Não
2024-35917338-5;(BM) 2024-045672375-001;10/10/2024 07:59;FAZENDA CAPAO ALTO - LEOPOLDO ANTONIO PEREIRA, Nº S/N - CARMO DO RIO CLARO;-210.053.331;-460.761.118;O04008 - INCENDIO EM AREA RURAL NAO PROTEGIDA (C) (Prioridade: 2 - Média);1CIA IND/2CIA/1PEL(PASSOS);ASL06087;Não;Não;Não;BOLETIM DE OCORRENCIA;Classificada;11/10/2024 08:04;Não
2024-35917834-7;(BM) 2024-045608991-001;10/10/2024 08:53;RUA PIANTINOS, Nº 400 - CENTRO - PASSOS;-207.262.915;-46.609.194;P01001 - VISTORIA DE FISCALIZACAO (C) (Prioridade: 2 - Média);1CIA IND/2CIA/1PEL(PASSOS);TPO00155;Não;Não;Não;BOLETIM DE OCORRENCIA;Classificada;11/10/2024 08:04;Não
2024-35918350-6;(BM) 2024-045595191-001;10/10/2024 09:39;RUA DOUTOR SATURNINO, Nº 177 - CENTRO - PASSOS;-207.223.605;-466.111.805;P01001 - VISTORIA DE FISCALIZACAO (C) (Prioridade: 2 - Média);1CIA IND/2CIA/1PEL(PASSOS);TPO00155;Não;Não;Não;BOLETIM DE OCORRENCIA;Classificada;11/10/2024 08:04;Não
2024-35918578-4;(BM) 2024-045598468-001;10/10/2024 10:02;RUA BOA VISTA, Nº 145 - SANTA CASA - PASSOS;-207.145.634;-466.144.941;P01001 - VISTORIA DE FISCALIZACAO (C) (Prioridade: 2 - Média);1CIA IND/2CIA/1PEL(PASSOS);TPO00155;Não;Não;Não;BOLETIM DE OCORRENCIA;Classificada;11/10/2024 08:04;Não
2024-35919007-9;(BM) 2024-045603315-001;10/10/2024 10:36;AVENIDA ANTONIO DIAS MACHADO, Nº 830 - DISTRITO INDUSTRIAL 2 - PASSOS;-207.304.016;-466.454.137;P01001 - VISTORIA DE FISCALIZACAO (C) (Prioridade: 2 - Média);1CIA IND/2CIA/1PEL(PASSOS);TPO00155;Não;Não;Não;BOLETIM DE OCORRENCIA;Classificada;11/10/2024 08:03;Não
2024-35919537-2;(BM) 2024-045611694-001;10/10/2024 11:21;RUA CACHOEIRAS, Nº 91 - NOVO HORIZONTE - PASSOS;-207.306.517;-466.005.881;V01018 - VITIMA DE MAL NAO DEFINIDO (DISTURBIO) (C) (Prioridade: 1 - Alta);1CIA IND/2CIA/1PEL(PASSOS);UR04360;Não;Não;Não;BOLETIM DE OCORRENCIA;Classificada;11/10/2024 08:03;Não
2024-35919693-8;(BM) 2024-045612190-001;10/10/2024 11:36;RUA DOUTOR CARVALHO, Nº 1455 - NOSSA SENHORA DAS GRAÇAS - PASSOS;-207.352.269;-466.037.303;Q03017 - TREINAMENTO DE PRIMEIROS SOCORROS (C) (Prioridade: 2 - Média);1CIA IND/2CIA/1PEL(PASSOS);BM1551159;Não;Não;Não;BOLETIM DE OCORRENCIA;Classificada;11/10/2024 08:03;Não
2024-35921472-1;(BM) 2024-045664786-001;10/10/2024 14:17;RUA BRANDOES, Nº 249 - BELO HORIZONTE - PASSOS;-207.259.365;-466.060.627;P03002 - PERIGO DE ELETROCUSSAO (C) (Prioridade: 2 - Média);1CIA IND/2CIA/1PEL(PASSOS);ABTS00495;Não;Não;Não;BOLETIM DE OCORRENCIA;Classificada;11/10/2024 08:03;Não
2024-35923044-9;(BM) 2024-045664654-001;10/10/2024 15:40;RUA CEARA, Nº 1003 - BELA VISTA - PASSOS;-207.183.598;-465.974.608;O02027 - INCENDIO VEIC. AUTOMOTOR (EXCETO TANQUE/ONIBUS/MICRO-ONIBUS) (C) (Prioridade: 1 - Alta);1CIA IND/2CIA/1PEL(PASSOS);ABTS00495;Não;Não;Não;BOLETIM DE OCORRENCIA;Classificada;11/10/2024 08:03;Não
2024-35923943-7;(BM) 2024-045661820-001;10/10/2024 16:26;AVENIDA DONA LIQUINHA SILVEIRA, Nº 1678 - CALIFORNIA - PASSOS;-207.024.358;-46.619.081;P01001 - VISTORIA DE FISCALIZACAO (C) (Prioridade: 2 - Média);1CIA IND/2CIA/PEL PREV E VIST(PASSOS);APF01362;Não;Não;Não;BOLETIM DE OCORRENCIA;Classificada;11/10/2024 08:03;Não
2024-35923946-5;(BM) 2024-045662000-001;10/10/2024 16:27;RUA JOAO DE BARROS, Nº 784 - VILA ROMANA - PASSOS;-207.396.986;-466.106.103;P01001 - VISTORIA DE FISCALIZACAO (C) (Prioridade: 2 - Média);1CIA IND/2CIA/PEL PREV E VIST(PASSOS);APF01362;Não;Não;Não;BOLETIM DE OCORRENCIA;Classificada;11/10/2024 08:03;Não
2024-35925233-2;(BM) 2024-045677324-001;10/10/2024 17:50;PRACA N. S. DO ROSARIO, Nº S/N - CENTRO - FORTALEZA DE MINAS;-208.493.756;-467.122.027;P02011 - VISTORIA EM ENXAME DE INSETOS (C) (Prioridade: 2 - Média);1CIA IND/2CIA/1PEL(PASSOS);ASL06087;Não;Não;Não;BOLETIM DE OCORRENCIA;Classificada;11/10/2024 08:03;Não
2024-35931379-2;(BM) 2024-045739237-001;11/10/2024 01:16;RUA DOUTOR CARVALHO, Nº 1455 - NOSSA SENHORA DAS GRAÇAS - PASSOS;-207.352.269;-466.037.303;V03005 - VITIMA DE AGRESSAO FISICA SEM USO DE ARMA (C) (Prioridade: 1 - Alta);1CIA IND/2CIA/1PEL(PASSOS);UR04360;Não;Não;Não;BOLETIM DE OCORRENCIA;Classificada;11/10/2024 08:03;Não
2024-35931508-3;(BM) 2024-045739945-001;11/10/2024 01:36;AVENIDA AROUCA, Nº 940 - CENTRO - PASSOS;-207.201.973;-466.051.213;O02038 - INCENDIO EM REDE ELETRICA / POSTE / CURTO-CIRCUITO (C) (Prioridade: 2 - Média);1CIA IND/2CIA/1PEL(PASSOS);ASL06087;Não;Não;Não;BOLETIM DE OCORRENCIA;Classificada;11/10/2024 08:03;Não
2024-35933317-6;(BM) 2024-045756288-001;11/10/2024 08:29;RUA CAMPANARIO, Nº 211 - COHAB 2 - PASSOS;-207.089.977;-466.286.268;V01018 - VITIMA DE MAL NAO DEFINIDO (DISTURBIO) (C) (Prioridade: 1 - Alta);1CIA IND/2CIA/1PEL(PASSOS);UR04360;Não;Não;Não;BOLETIM DE OCORRENCIA;Classificada;12/10/2024 07:25;Não
2024-35933525-3;(BM) 2024-045758274-001;11/10/2024 08:48;RODOVIA MG 050, Nº S/N - PASSOS;-207.372.242;-466.331.087;W06000 - TESTE (C) (Prioridade: 3 - Baixa);1CIA IND/2CIA/1PEL(PASSOS);UR00565;Não;Não;Não;BOLETIM DE OCORRENCIA;Classificada;12/10/2024 07:25;Não
2024-35933623-2;(BM) 2024-045759188-001;11/10/2024 08:57;RUA DOUTOR SATURNINO, Nº 300 - CENTRO - PASSOS;-207.223.944;-466.123.876;P01002 - VISTORIA DE LIBERACAO / EMISSAO DE AVCB (C) (Prioridade: 2 - Média);1CIA IND/2CIA/PEL PREV E VIST(PASSOS);APF01362;Não;Não;Não;BOLETIM DE OCORRENCIA;Classificada;12/10/2024 07:25;Não
2024-35935295-6;(BM) 2024-045779295-001;11/10/2024 11:11;RUA LEAO, Nº S/N - SERRA VERDE - PASSOS;-207.399.204;-465.934.311;S06002 - CAPTURA DE ANIMAL SILVESTRE PERIGOSO / AGRESSIVO (C) (Prioridade: 2 - Média);1CIA IND/2CIA/1PEL(PASSOS);ASL06087;Não;Não;Não;BOLETIM DE OCORRENCIA;Classificada;12/10/2024 07:25;Não
2024-35935622-0;(BM) 2024-045811537-001;11/10/2024 11:39;RUA DOUTOR CARVALHO, Nº 1455 - NOSSA SENHORA DAS GRAÇAS - PASSOS;-207.352.269;-466.037.303;Q03003 - TREINAMENTO DE SALVAMENTO AQUATICO (C) (Prioridade: 2 - Média);1CIA IND/2CIA/1PEL(PASSOS);BM1797331;Não;Não;Não;BOLETIM DE OCORRENCIA;Classificada;12/10/2024 07:25;Não
2024-35935819-5;(BM) 2024-045788606-002 / (PM) 2024-045788606-001;11/10/2024 12:01;RUA TUPINAMBAS, Nº 326 - VILA BETÂNIA - ALPINOPOLIS;-208.581.143;-463.742.464;S06001 - SALVAMENTO DE ANIMAL EM RISCO / PERIGO (C) (Prioridade: 2 - Média);1CIA IND/2CIA/1PEL(PASSOS);ASL06087;Não;Não;Não;BOLETIM DE OCORRENCIA;Classificada;12/10/2024 07:25;Não
2024-35937445-8;(BM) 2024-045802746-001;11/10/2024 14:21;RUA LAVRAS, Nº 51 - MARIO MAGALHAES - PASSOS;-207.230.937;-466.133.106;P01001 - VISTORIA DE FISCALIZACAO (C) (Prioridade: 2 - Média);1CIA IND/2CIA/PEL PREV E VIST(PASSOS);APF01362;Não;Não;Não;BOLETIM DE OCORRENCIA;Classificada;12/10/2024 07:25;Não
2024-35938806-0;(BM) 2024-045824630-001;11/10/2024 15:34;RUA CORONEL JOAO DE BARROS, Nº S/N - CENTRO - PASSOS;-207.225.258;-466.102.743;X03000 - EMPENHO ADMINISTRATIVO (C) (Prioridade: 2 - Média);1CIA IND/2CIA/PEL PREV E VIST(PASSOS);APF01362;Não;Não;Não;BOLETIM DE OCORRENCIA;Classificada;12/10/2024 07:25;Não
2024-35939456-5;(BM) 2024-045856560-001;11/10/2024 16:13;RODOVIA MG 446, Km 2 - ALPINOPOLIS;-207.339.209;-463.700.362;S06008 - CORTE DE ARVORE CAIDA EM VIA PUBLICA (C) (Prioridade: 2 - Média);1CIA IND/2CIA/1PEL(PASSOS);ASL06087;Não;Não;Não;BOLETIM DE OCORRENCIA;Classificada;12/10/2024 07:25;Não
2024-35940128-3;;11/10/2024 16:54;RODOVIA MG 050, Nº S/N - PASSOS;-207.372.242;-466.331.087;W98011 - SOLICITACAO DE APOIO (C) (Prioridade: 1 - Alta);1CIA IND/2CIA/1PEL(PASSOS);;Não;Não;Não;DUPLICADA;Classificada;11/10/2024 17:36;Não
2024-35940167-5;(BM) 2024-045853904-001;11/10/2024 16:55;RODOVIA MG 050, Nº S/N - PASSOS;-207.372.242;-466.331.087;V02301 - VITIMA DE CAPOTAMENTO DE AUTOMOVEL (CARRO / CAMINHONETE) (C) (Prioridade: 1 - Alta);1CIA IND/2CIA/1PEL(PASSOS);UR04360;Não;Não;Não;BOLETIM DE OCORRENCIA;Classificada;12/10/2024 07:25;Não
2024-35941713-9;(BM) 2024-045856516-001;11/10/2024 18:31;RUA VEREADOR DIRCEU QUEIROZ PARREIRA, Nº S/N - COHAB 5 - PASSOS;-207.198.458;-466.387.199;V02502 - VITIMA DE QUEDA (MOTOCICLISTA) (C) (Prioridade: 1 - Alta);1CIA IND/2CIA/1PEL(PASSOS);UR04360;Não;Não;Não;BOLETIM DE OCORRENCIA;Classificada;12/10/2024 07:26;Não
2024-35948541-3;(BM) 2024-045915663-001;12/10/2024 02:06;RUA BRANDOES, Nº 38 - CENTRO - PASSOS;-2.072.399;-466.067.156;O02012 - INCENDIO EM OFICINA / SERVICO AUTOMOTIVO / GARAGEM (C) (Prioridade: 1 - Alta);1CIA IND/2CIA/1PEL(PASSOS);ABTS00495;Não;Não;Não;BOLETIM DE OCORRENCIA;Classificada;12/10/2024 07:26;Não
2024-35948751-6;;12/10/2024 02:35;RUA URIAS LOPES DA CUNHA, Nº 190 - PASSOS;-206.912.314;-466.158.708;W98011 - SOLICITACAO DE APOIO (C) (Prioridade: 1 - Alta);1CIA IND/2CIA/1PEL(PASSOS);;Não;Não;Não;ATENDIDA PELO SAMU;Classificada;12/10/2024 03:43;Não
2024-35950029-8;(BM) 2024-045925210-001;12/10/2024 07:57;RUA IPATINGA, Nº 300 - CALIFORNIA - PASSOS;-207.042.723;-46.617.107;V01018 - VITIMA DE MAL NAO DEFINIDO (DISTURBIO) (C) (Prioridade: 1 - Alta);1CIA IND/2CIA/1PEL(PASSOS);UR04360;Não;Não;Não;BOLETIM DE OCORRENCIA;Classificada;13/10/2024 06:29;Não
2024-35950899-0;(BM) 2024-045957125-001;12/10/2024 09:46;SITIO BARREIRO - BAIRRO RURAL BARREIRO - TIAGO FRANCISCO VAZ DIAS, Nº S/N - ALPINOPOLIS;-208.005.063;-463.872.774;S06003 - CAPTURA DE CAO PERIGOSO / AGRESSIVO (C) (Prioridade: 2 - Média);1CIA IND/2CIA/1PEL(PASSOS);ASL06087;Não;Não;Não;BOLETIM DE OCORRENCIA;Classificada;13/10/2024 06:30;Não
2024-35951383-2;(BM) 2024-045935692-001;12/10/2024 10:35;RUA DO MEIO, Nº S/N - NOVO HORIZONTE - PASSOS;-207.353.801;-466.017.967;R01999 - OUTROS TIPOS DE ACOES DE APOIO A COMUNIDADE   (C) (Prioridade: 2 - Média);1CIA IND/2CIA/1PEL(PASSOS);ABTS00495;Não;Não;Não;BOLETIM DE OCORRENCIA;Classificada;13/10/2024 06:30;Não
2024-35952059-0;(BM) 2024-045941919-001;12/10/2024 11:52;RUA TEXAS, Nº 156 - RESIDENCIAL ELDORADO - PASSOS;-207.308.778;-466.242.685;V01023 - VITIMA DE SINCOPE (DESMAIO)/VERTIGEM (C) (Prioridade: 1 - Alta);1CIA IND/2CIA/1PEL(PASSOS);UR04360;Não;Não;Não;BOLETIM DE OCORRENCIA;Classificada;13/10/2024 06:30;Não
2024-35952504-0;(BM) 2024-045944981-001;12/10/2024 12:50;RUA GEMEOS, Nº S/N - SERRA VERDE - PASSOS;-207.406.317;-46.594.351;S06002 - CAPTURA DE ANIMAL SILVESTRE PERIGOSO / AGRESSIVO (C) (Prioridade: 2 - Média);1CIA IND/2CIA/1PEL(PASSOS);ASL06087;Não;Não;Não;BOLETIM DE OCORRENCIA;Classificada;13/10/2024 06:31;Não
2024-35952733-8;(BM) 2024-045954002-001;12/10/2024 13:13;RUA MIGUEL FERREIRA NEVES, Nº 60 - RECANTO DA TEKA - PASSOS;-207.470.539;-465.949.933;S06001 - SALVAMENTO DE ANIMAL EM RISCO / PERIGO (C) (Prioridade: 2 - Média);1CIA IND/2CIA/1PEL(PASSOS);ASL06087;Não;Não;Não;BOLETIM DE OCORRENCIA;Classificada;13/10/2024 06:31;Não
2024-35954402-1;(BM) 2024-045962275-001;12/10/2024 15:24;TRAVESSA DIAMANTINA, Nº S/N - CANDEIAS - PASSOS;-207.242.566;-466.175.507;R01999 - OUTROS TIPOS DE ACOES DE APOIO A COMUNIDADE   (C) (Prioridade: 2 - Média);1CIA IND/2CIA/1PEL(PASSOS);ABTS00495;Não;Não;Não;BOLETIM DE OCORRENCIA;Classificada;13/10/2024 06:31;Não
2024-35954745-8;;12/10/2024 15:50;RODOVIA PASSOS / GLORIA, Nº S/N - PASSOS;-20.700.737;-46.586.887;V03019 - VITIMA DE QUEDA DE ALTURA (C) (Prioridade: 1 - Alta);1CIA IND/2CIA/1PEL(PASSOS);;Não;Não;Não;ATENDIDA PELO SAMU;Classificada;12/10/2024 16:26;Não
2024-35955897-1;;12/10/2024 17:04;AVENIDA LIBERDADE, Nº S/N - UNIVERSITARIO - ITAU DE MINAS;-207.435.483;-467.562.108;S06001 - SALVAMENTO DE ANIMAL EM RISCO / PERIGO (C) (Prioridade: 2 - Média);1CIA IND/2CIA/1PEL(PASSOS);;Não;Não;Não;DISPENSADA PELO SOLICITANTE;Classificada;12/10/2024 17:53;Não
2024-35956697-8;(BM) 2024-045998539-001;12/10/2024 18:01;RUA SANTA LUZIA, Nº 221 - CANDEIAS - PASSOS;-207.237.396;-466.163.814;V03025 - VITIMA COM FERIMENTO DE CORTE/CONTUSAO (C) (Prioridade: 1 - Alta);1CIA IND/2CIA/1PEL(PASSOS);UR04360;Não;Não;Não;BOLETIM DE OCORRENCIA;Classificada;13/10/2024 06:31;Não
2024-35957812-0;(PM) 2024-046007353-001;12/10/2024 19:08;ESTRADA PRINCIPAL PORTO VELHO, Nº S/N - PASSOS;-20.662.778;-46.513.056;W98011 - SOLICITACAO DE APOIO (C) (Prioridade: 1 - Alta);1CIA IND/2CIA/1PEL(PASSOS);;Não;Não;Não;DISPENSADA PELO SOLICITANTE;Classificada;12/10/2024 19:38;Não
2024-35958496-7;(BM) 2024-045998410-001;12/10/2024 19:49;RUA SETE DE SETEMBRO, Nº 294 - BELO HORIZONTE - PASSOS;-20.728.079;-466.073.737;W04000 - NADA CONSTATADO (C) (Prioridade: 3 - Baixa);1CIA IND/2CIA/1PEL(PASSOS);UR04360;Não;Não;Não;BOLETIM DE OCORRENCIA;Classificada;13/10/2024 06:32;Não
2024-35959610-6;(BM) 2024-046029892-001;12/10/2024 20:48;RUA JOAQUIM LOPES, Nº S/N - PENHA - PASSOS;-207.164.698;-466.285.663;W04000 - NADA CONSTATADO (C) (Prioridade: 3 - Baixa);1CIA IND/2CIA/1PEL(PASSOS);UR04360 / ABTS00495;Não;Não;Não;BOLETIM DE OCORRENCIA;Classificada;13/10/2024 06:32;Não
2024-35963648-2;(BM) 2024-046038696-001;13/10/2024 00:28;RUA DOUTOR CARVALHO, Nº 1455 - NOSSA SENHORA DAS GRAÇAS - PASSOS;-207.352.269;-466.037.303;V01022 - VITIMA PARTURIENTE / EMERGENCIAS OBSTETRICAS (C) (Prioridade: 1 - Alta);1CIA IND/2CIA/1PEL(PASSOS);UR04360;Não;Não;Não;BOLETIM DE OCORRENCIA;Classificada;13/10/2024 06:32;Não
2024-35964076-6;;13/10/2024 00:56;AVENIDA JOAO PINHEIRO, Nº S/N - POCOS DE CALDAS;;;V01013 - VITIMA DE EMERGENCIAS PSIQUIATRICAS (C) (Prioridade: 1 - Alta);1CIA IND (POCOS DE CALDAS);;Não;Não;Não;DUPLICADA;Classificada;13/10/2024 01:03;Não
2024-35964611-8;;13/10/2024 01:36;RUA DOUTOR MANOEL PATTI, Nº S/N - CENTRO - PASSOS;-207.234.883;-466.090.307;V02202 - VITIMA DE CHOQUE DE MOTOCICLETA (C) (Prioridade: 1 - Alta);1CIA IND/2CIA/1PEL(PASSOS);;Não;Não;Não;ATENDIDA PELO SAMU;Classificada;13/10/2024 01:47;Não
2024-35966234-6;(BM) 2024-046056960-001;13/10/2024 05:36;AVENIDA OLIVEIRA REZENDE, Nº 1300 - VILA OPERARIA - SAO SEBASTIAO PARAISO;-209.096.216;-469.957.754;X03000 - EMPENHO ADMINISTRATIVO (C) (Prioridade: 2 - Média);1CIA IND/2CIA/PEL PREV E VIST(PASSOS);APF01362;Não;Não;Não;BOLETIM DE OCORRENCIA;Classificada;14/10/2024 07:38;Não
2024-35966462-0;(BM) 2024-046061242-001;13/10/2024 06:45;RUA DOUTOR CARVALHO, Nº 1455 - NOSSA SENHORA DAS GRAÇAS - PASSOS;-207.352.269;-466.037.303;Q03003 - TREINAMENTO DE SALVAMENTO AQUATICO (C) (Prioridade: 2 - Média);1CIA IND/2CIA/1PEL(PASSOS);BM1274612;Não;Não;Não;BOLETIM DE OCORRENCIA;Classificada;13/10/2024 07:43;Não
2024-35967387-2;(BM) 2024-046066769-001;13/10/2024 09:16;RUA DOUTOR CARVALHO, Nº 1455 - NOSSA SENHORA DAS GRAÇAS - PASSOS;-207.352.269;-466.037.303;Q03003 - TREINAMENTO DE SALVAMENTO AQUATICO (C) (Prioridade: 2 - Média);1CIA IND/2CIA/1PEL(PASSOS);BM1549013;Não;Não;Não;BOLETIM DE OCORRENCIA;Classificada;14/10/2024 07:38;Não
2024-35968082-0;(BM) 2024-046076407-001;13/10/2024 10:37;RUA MADRE CARMEN SALLES, Nº 548 - CENTRO - PASSOS;-207.214.966;-466.041.527;S06002 - CAPTURA DE ANIMAL SILVESTRE PERIGOSO / AGRESSIVO (C) (Prioridade: 2 - Média);1CIA IND/2CIA/1PEL(PASSOS);ASL06087;Não;Não;Não;BOLETIM DE OCORRENCIA;Classificada;14/10/2024 07:38;Não
2024-35968151-1;(BM) 2024-046076030-001;13/10/2024 10:46;PRACA GERALDO DA SILVA MAIA, Nº 148 - CENTRO - PASSOS;-20.721.049;-46.609.575;V01005 - VITIMA COM CRISE HIPERTENSIVA/HIPOTENSAO (C) (Prioridade: 1 - Alta);1CIA IND/2CIA/1PEL(PASSOS);UR04360;Não;Não;Não;BOLETIM DE OCORRENCIA;Classificada;14/10/2024 07:39;Não
2024-35968320-7;(BM) 2024-046077850-001;13/10/2024 11:06;RUA GOIAS, Nº 1800 - BELA VISTA - PASSOS;-20.715.814;-465.957.617;S06002 - CAPTURA DE ANIMAL SILVESTRE PERIGOSO / AGRESSIVO (C) (Prioridade: 2 - Média);1CIA IND/2CIA/1PEL(PASSOS);ASL06087;Não;Não;Não;BOLETIM DE OCORRENCIA;Classificada;14/10/2024 07:38;Não
2024-35971149-8;;13/10/2024 15:42;RUA DOUTOR CARVALHO, Nº 1455 - NOSSA SENHORA DAS GRAÇAS - PASSOS;-207.352.269;-466.037.303;W06000 - TESTE (C) (Prioridade: 3 - Baixa);1CIA IND/2CIA/1PEL(PASSOS);;Não;Não;Não;TESTE;Classificada;13/10/2024 15:47;Não
2024-35971397-0;(BM) 2024-046123807-001;13/10/2024 16:00;RUA SERINGUEIRA, Nº 91 - SERRA DAS BRISAS - PASSOS;-207.328.074;-46.594.859;O04012 - INCENDIO EM LOTE VAGO (AREA URBANA) (C) (Prioridade: 2 - Média);1CIA IND/2CIA/1PEL(PASSOS);ABTS00495;Não;Não;Não;BOLETIM DE OCORRENCIA;Classificada;14/10/2024 07:38;Não
2024-35971632-8;;13/10/2024 16:19;RUA DOUTOR CARVALHO, Nº 1455 - NOSSA SENHORA DAS GRAÇAS - PASSOS;-207.352.269;-466.037.303;W06000 - TESTE (C) (Prioridade: 3 - Baixa);1CIA IND/2CIA/1PEL(PASSOS);;Não;Não;Não;TESTE;Classificada;13/10/2024 16:20;Não
2024-35971673-5;;13/10/2024 16:22;RUA DOUTOR CARVALHO, Nº 1455 - NOSSA SENHORA DAS GRAÇAS - PASSOS;-207.352.269;-466.037.303;W06000 - TESTE (C) (Prioridade: 3 - Baixa);1CIA IND/2CIA/1PEL(PASSOS);;Não;Não;Não;TESTE;Classificada;13/10/2024 16:24;Não
2024-35971834-2;;13/10/2024 16:33;RUA DOUTOR CARVALHO, Nº 1455 - NOSSA SENHORA DAS GRAÇAS - PASSOS;-207.352.269;-466.037.303;W06000 - TESTE (C) (Prioridade: 3 - Baixa);1CIA IND/2CIA/1PEL(PASSOS);;Não;Não;Não;TESTE;Classificada;13/10/2024 16:34;Não
2024-35971920-2;;13/10/2024 16:39;RUA DOUTOR CARVALHO, Nº 1455 - NOSSA SENHORA DAS GRAÇAS - PASSOS;-207.352.269;-466.037.303;W06000 - TESTE (C) (Prioridade: 3 - Baixa);1CIA IND/2CIA/1PEL(PASSOS);;Não;Não;Não;TESTE;Classificada;13/10/2024 16:40;Não
2024-35971927-1;;13/10/2024 16:41;RUA DOUTOR CARVALHO, Nº 1455 - NOSSA SENHORA DAS GRAÇAS - PASSOS;-207.352.269;-466.037.303;W06000 - TESTE (C) (Prioridade: 3 - Baixa);1CIA IND/2CIA/1PEL(PASSOS);;Não;Não;Não;TESTE;Classificada;13/10/2024 16:42;Não
2024-35972386-9;(BM) 2024-046114308-001;13/10/2024 17:16;RUA GUATEMALA, Nº 312 - POLIVALENTE - PASSOS;;;S06002 - CAPTURA DE ANIMAL SILVESTRE PERIGOSO / AGRESSIVO (C) (Prioridade: 2 - Média);1CIA IND/2CIA/1PEL(PASSOS);ASL06087;Não;Não;Não;BOLETIM DE OCORRENCIA;Classificada;14/10/2024 07:39;Não
2024-35974080-0;(BM) 2024-046126616-001 / (PM) 2024-046126616-003;13/10/2024 19:03;RUA BENTO MIRANDA FILHO, Nº 81 - SANTA EFIGÊNIA - ALPINOPOLIS;-20.872.281;-463.938.718;O02001 - INCENDIO EM RESIDENCIA/HABITACAO UNIFAMILIAR (CASA) (C) (Prioridade: 1 - Alta);1CIA IND/2CIA/1PEL(PASSOS);ABTS00495;Não;Não;Não;BOLETIM DE OCORRENCIA;Classificada;14/10/2024 07:39;Não
2024-35975636-0;(BM) 2024-046139173-001;13/10/2024 20:38;RUA OLAVO BILAC, Nº 269 - JARDIM SATELITE - PASSOS;-207.135.602;-466.223.259;O04009 - INCENDIO EM AREA URBANA PERTENCENTE A ORGAO PUBLICO (C) (Prioridade: 2 - Média);1CIA IND/2CIA/1PEL(PASSOS);ABTS00495;Não;Não;Não;BOLETIM DE OCORRENCIA;Classificada;14/10/2024 07:39;Não
2024-35976458-0;(BM) 2024-046155148-001;13/10/2024 21:31;RUA GAIVOTA, Nº 104 - NOSSA SENHORA DAS GRAÇAS - PASSOS;-207.382.086;-466.047.322;V01007 - VITIMA COM DISPNEIA (FALTA DE AR) (C) (Prioridade: 1 - Alta);1CIA IND/2CIA/1PEL(PASSOS);UR04360;Não;Não;Não;BOLETIM DE OCORRENCIA;Classificada;14/10/2024 07:39;Não
2024-35978881-0;(BM) 2024-046169010-001;14/10/2024 00:09;RUA IPATINGA, Nº 255 - CALIFORNIA - PASSOS;;;O02001 - INCENDIO EM RESIDENCIA/HABITACAO UNIFAMILIAR (CASA) (C) (Prioridade: 1 - Alta);1CIA IND/2CIA/1PEL(PASSOS);ABTS00495;Não;Não;Não;BOLETIM DE OCORRENCIA;Classificada;14/10/2024 07:39;Não
2024-35980148-6;(BM) 2024-046180377-001;14/10/2024 03:51;RUA AGUAS DA PRATA, Nº 95 - MUARAMA - PASSOS;-207.307.963;-466.154.222;O02001 - INCENDIO EM RESIDENCIA/HABITACAO UNIFAMILIAR (CASA) (C) (Prioridade: 1 - Alta);1CIA IND/2CIA/1PEL(PASSOS);ABTS00495;Não;Não;Não;BOLETIM DE OCORRENCIA;Classificada;14/10/2024 07:39;Não
2024-35980234-6;(BM) 2024-046180380-001;14/10/2024 04:19;AVENIDA SABIA, Nº S/N - MUARAMA 2 - PASSOS;-207.330.855;-466.157.928;O04011 - INCENDIO EM AREA URBANA NAO PROTEGIDA (C) (Prioridade: 2 - Média);1CIA IND/2CIA/1PEL(PASSOS);ASL06087;Não;Não;Não;BOLETIM DE OCORRENCIA;Classificada;14/10/2024 07:39;Não
2024-35981382-9;(BM) 2024-046325577-001;14/10/2024 08:26;RUA TEREZA LIMA MAIA, Nº 709 - PENHA 2 - PASSOS;-207.188.097;-466.307.609;S06002 - CAPTURA DE ANIMAL SILVESTRE PERIGOSO / AGRESSIVO (C) (Prioridade: 2 - Média);1CIA IND/2CIA/1PEL(PASSOS);ASL06087;Não;Não;Não;BOLETIM DE OCORRENCIA;Classificada;15/10/2024 07:22;Não
2024-35981579-3;(BM) 2024-046192763-001;14/10/2024 08:48;RUA SETE DE SETEMBRO, Nº 20 - CENTRO - PASSOS;-207.222.181;-466.094.081;P01002 - VISTORIA DE LIBERACAO / EMISSAO DE AVCB (C) (Prioridade: 2 - Média);1CIA IND/2CIA/PEL PREV E VIST(PASSOS);APF01362;Não;Não;Não;BOLETIM DE OCORRENCIA;Classificada;15/10/2024 07:22;Não
2024-35983608-0;(BM) 2024-046298087-001;14/10/2024 11:36;RUA JOAO MARQUES DA SILVA, Nº 98 - NOSSA SENHORA DE LOURDES - PASSOS;-206.982.126;-466.199.462;O02001 - INCENDIO EM RESIDENCIA/HABITACAO UNIFAMILIAR (CASA) (C) (Prioridade: 1 - Alta);1CIA IND/2CIA/1PEL(PASSOS);ABTS00495;Não;Não;Não;BOLETIM DE OCORRENCIA;Classificada;15/10/2024 07:21;Não
2024-35985073-6;(BM) 2024-046306332-001;14/10/2024 13:58;AVENIDA SABIA, Nº 1370 - PASSOS;-20.734.292;-46.615.551;O04013 - INCENDIO EM PASTO (C) (Prioridade: 2 - Média);1CIA IND/2CIA/1PEL(PASSOS);ABTS00495;Não;Não;Não;BOLETIM DE OCORRENCIA;Classificada;15/10/2024 07:22;Não
2024-35987634-2;(BM) 2024-046325207-001;14/10/2024 16:13;RUA ALEMANHA, Nº 269 - PASSOS;-20.712.749;-465.893.649;S06001 - SALVAMENTO DE ANIMAL EM RISCO / PERIGO (C) (Prioridade: 2 - Média);1CIA IND/2CIA/1PEL(PASSOS);ASL06087;Não;Não;Não;BOLETIM DE OCORRENCIA;Classificada;15/10/2024 07:22;Não
2024-35989249-2;(BM) 2024-046292051-001;14/10/2024 17:47;RUA ORLANDO ADAO CARNEIRO, Nº 514 - RECANTO DA TEKA - PASSOS;-207.452.066;-465.980.763;V01005 - VITIMA COM CRISE HIPERTENSIVA/HIPOTENSAO (C) (Prioridade: 1 - Alta);1CIA IND/2CIA/1PEL(PASSOS);UR00565;Não;Não;Não;BOLETIM DE OCORRENCIA;Classificada;15/10/2024 07:21;Não
2024-35989496-1;(BM) 2024-046325289-001;14/10/2024 18:03;RUA ARACAJU, Nº 21 - CENTRO - SAO JOAO BATISTA GLORIA;-206.419.874;-465.039.119;S06001 - SALVAMENTO DE ANIMAL EM RISCO / PERIGO (C) (Prioridade: 2 - Média);1CIA IND/2CIA/1PEL(PASSOS);ASL06087;Não;Não;Não;BOLETIM DE OCORRENCIA;Classificada;15/10/2024 07:21;Não
2024-35989959-8;;14/10/2024 18:33;RODOVIA MGC 267, Nº S/N - BANDEIRA DO SUL;-217.366.843;-463.834.704;O04014 - INCENDIO AS MARGENS DE RODOVIA (C) (Prioridade: 2 - Média);1CIA IND (POCOS DE CALDAS);;Não;Não;Não;OCORRÊNCIAS TÍPICAS DE BOMBEIROS ATENDIDA POR OUTROS ÓRGÃOS;Classificada;14/10/2024 21:36;Não
2024-35991311-7;;14/10/2024 19:57;AVENIDA VEREADOR EDUARDO PAIVA, Nº S/N - POCOS DE CALDAS;;;V01010 - VITIMA COM DOR TORACICA/SUSPEITA DE INFARTO (IAM) (C) (Prioridade: 1 - Alta);1CIA IND (POCOS DE CALDAS);;Não;Não;Não;DUPLICADA;Classificada;14/10/2024 20:18;Não
2024-35992818-4;(BM) 2024-046368635-001;14/10/2024 21:36;RUA JOSE A DE QUEIROZ, Nº 99 - JARDIM PLANALTO - PASSOS;-207.203.771;-466.277.189;O04012 - INCENDIO EM LOTE VAGO (AREA URBANA) (C) (Prioridade: 2 - Média);1CIA IND/2CIA/1PEL(PASSOS);ABTS00495;Não;Não;Não;BOLETIM DE OCORRENCIA;Classificada;15/10/2024 07:21;Não
2024-35994777-0;(BM) 2024-046361410-001;14/10/2024 23:52;RUA DOUTOR CARVALHO, Nº 1455 - NOSSA SENHORA DAS GRAÇAS - PASSOS;-207.352.269;-466.037.303;Q03004 - TREINAMENTO DE SALVAMENTO EM ALTURA (C) (Prioridade: 2 - Média);1CIA IND/2CIA/1PEL(PASSOS);BM1549807;Não;Não;Não;BOLETIM DE OCORRENCIA;Classificada;15/10/2024 07:21;Não
2024-35997372-4;(BM) 2024-046377019-001;15/10/2024 08:35;RUA DOUTOR CARVALHO, Nº 1455 - NOSSA SENHORA DAS GRAÇAS - PASSOS;-207.352.269;-466.037.303;Q03003 - TREINAMENTO DE SALVAMENTO AQUATICO (C) (Prioridade: 2 - Média);1CIA IND/2CIA/1PEL(PASSOS);BM1224443;Não;Não;Não;BOLETIM DE OCORRENCIA;Classificada;16/10/2024 07:29;Não
2024-35997681-9;(BM) 2024-046377742-001;15/10/2024 09:07;RUA JOAQUIM SIMPLICIO DA SILVA, Nº 50 - PASSOS;-207.176.581;-465.808.109;P01001 - VISTORIA DE FISCALIZACAO (C) (Prioridade: 2 - Média);1CIA IND/2CIA/PEL PREV E VIST(PASSOS);APF01362;Não;Não;Não;BOLETIM DE OCORRENCIA;Classificada;16/10/2024 07:28;Não
2024-35998888-2;(BM) 2024-046393849-001;15/10/2024 10:58;RUA LARANJAS, Nº 76 - NOSSA SENHORA DE LOURDES - PASSOS;-207.004.151;-46.619.307;P01001 - VISTORIA DE FISCALIZACAO (C) (Prioridade: 2 - Média);1CIA IND/2CIA/PEL PREV E VIST(PASSOS);APF01362;Não;Não;Não;BOLETIM DE OCORRENCIA;Classificada;16/10/2024 07:28;Não
2024-35999158-5;(BM) 2024-046397505-001;15/10/2024 11:20;RUA PALMEIRAS, Nº S/N - SERRA DAS BRISAS - PASSOS;-207.319.886;-465.950.805;S06002 - CAPTURA DE ANIMAL SILVESTRE PERIGOSO / AGRESSIVO (C) (Prioridade: 2 - Média);1CIA IND/2CIA/1PEL(PASSOS);ASL06087;Não;Não;Não;BOLETIM DE OCORRENCIA;Classificada;16/10/2024 07:28;Não
2024-35999368-8;(BM) 2024-046422868-001;15/10/2024 11:38;AVENIDA DOUTOR BRENO SOARES MAIA, Nº 670 - BELO HORIZONTE - PASSOS;-207.317.857;-466.033.737;S05308 - COLISAO ENTRE AUTOMOVEL X MOTOCICLETA (C) (Prioridade: 1 - Alta);1CIA IND/2CIA/1PEL(PASSOS);UR04360;Não;Não;Não;BOLETIM DE OCORRENCIA;Classificada;16/10/2024 07:28;Não
2024-36000624-2;(BM) 2024-046422303-001;15/10/2024 13:50;AVENIDA JK, Nº S/N - MONSENHOR MESSIAS - PASSOS;-207.342.178;-465.979.772;R01999 - OUTROS TIPOS DE ACOES DE APOIO A COMUNIDADE   (C) (Prioridade: 2 - Média);1CIA IND/2CIA/1PEL(PASSOS);ABTS00495;Não;Não;Não;BOLETIM DE OCORRENCIA;Classificada;16/10/2024 07:28;Não
2024-36000656-9;(BM) 2024-046422792-001;15/10/2024 13:51;RUA BAHIA, Nº 20 - BELA VISTA - PASSOS;-207.175.084;-466.019.657;V01010 - VITIMA COM DOR TORACICA/SUSPEITA DE INFARTO (IAM) (C) (Prioridade: 1 - Alta);1CIA IND/2CIA/1PEL(PASSOS);UR04360;Sim;Não;Não;BOLETIM DE OCORRENCIA;Classificada;16/10/2024 07:28;Não
2024-36000748-5;(BM) 2024-046422266-001;15/10/2024 14:01;RUA TIRADENTES, Nº 384 - CANJERANUS - PASSOS;-207.118.554;-466.027.437;S04020 - PESSOA OU ANIMAL PRESO NO INTERIOR DO VEICULO (C) (Prioridade: 1 - Alta);1CIA IND/2CIA/1PEL(PASSOS);ASL06087;Não;Não;Não;BOLETIM DE OCORRENCIA;Classificada;16/10/2024 07:28;Não
2024-36011778-8;(BM) 2024-046534267-001;16/10/2024 05:51;RUA GONCALVES DIAS, Nº 397 - SAO BENEDITO - PASSOS;-207.183.183;-466.056.162;V01003 - VITIMA COM CRISE CONVULSIVA (C) (Prioridade: 1 - Alta);1CIA IND/2CIA/1PEL(PASSOS);UR04360;Não;Não;Não;BOLETIM DE OCORRENCIA;Classificada;16/10/2024 07:26;Não
2024-36011923-5;(BM) 2024-046534919-001;16/10/2024 06:38;TRAVESSA INCONFIDENTES, Nº 26 - CENTRO - PASSOS;-207.168.737;-466.115.818;S06001 - SALVAMENTO DE ANIMAL EM RISCO / PERIGO (C) (Prioridade: 2 - Média);1CIA IND/2CIA/1PEL(PASSOS);ASL06087;Não;Não;Não;BOLETIM DE OCORRENCIA;Classificada;16/10/2024 07:28;Não
2024-36012302-3;(BM) 2024-046538328-001;16/10/2024 07:40;RUA LAVRAS, Nº 288 - FURNAS - SAO JOSE DA BARRA;-20.679.014;-463.342.384;X03000 - EMPENHO ADMINISTRATIVO (C) (Prioridade: 2 - Média);1CIA IND/2CIA/PEL PREV E VIST(PASSOS);APF01362;Não;Não;Não;BOLETIM DE OCORRENCIA;Classificada;17/10/2024 07:05;Não
2024-36013140-9;(BM) 2024-046546625-001;16/10/2024 09:03;AVENIDA IDELFONSO DEL BIANCO, Nº 1216 - CASSIA;-205.820.665;-469.280.901;P01002 - VISTORIA DE LIBERACAO / EMISSAO DE AVCB (C) (Prioridade: 2 - Média);1CIA IND/2CIA/1PEL(PASSOS);ASL06087;Não;Não;Não;BOLETIM DE OCORRENCIA;Classificada;17/10/2024 07:05;Não
2024-36013210-2;(BM) 2024-046547316-001;16/10/2024 09:08;RUA DOUTOR CARVALHO, Nº 1455 - NOSSA SENHORA DAS GRAÇAS - PASSOS;-207.352.269;-466.037.303;Q03003 - TREINAMENTO DE SALVAMENTO AQUATICO (C) (Prioridade: 2 - Média);1CIA IND/2CIA/1PEL(PASSOS);BM1274612;Não;Não;Não;BOLETIM DE OCORRENCIA;Classificada;17/10/2024 07:05;Não
2024-36014815-9;(BM) 2024-046567464-001;16/10/2024 11:17;AVENIDA IDELFONSO DEL BIANCO, Nº 1204 - CASSIA;-205.820.665;-469.280.901;P01001 - VISTORIA DE FISCALIZACAO (C) (Prioridade: 2 - Média);1CIA IND/2CIA/1PEL(PASSOS);ASL06087;Não;Não;Não;BOLETIM DE OCORRENCIA;Classificada;17/10/2024 07:05;Não
2024-36014883-9;(BM) 2024-046568311-001;16/10/2024 11:22;AVENIDA JK, Nº S/N - MONSENHOR MESSIAS - PASSOS;-207.342.178;-465.979.772;P03001 - PERIGO DE DERRAPAGEM (C) (Prioridade: 2 - Média);1CIA IND/2CIA/1PEL(PASSOS);ABTS00495;Não;Não;Não;BOLETIM DE OCORRENCIA;Classificada;17/10/2024 07:05;Não
2024-36015224-8;(BM) 2024-046573656-001;16/10/2024 11:52;RODOVIA MG 050, Nº S/N - PASSOS;-207.372.242;-466.331.087;S06002 - CAPTURA DE ANIMAL SILVESTRE PERIGOSO / AGRESSIVO (C) (Prioridade: 2 - Média);1CIA IND/2CIA/1PEL(PASSOS);ASL06087;Não;Não;Não;BOLETIM DE OCORRENCIA;Classificada;17/10/2024 07:05;Não
2024-36016227-1;(BM) 2024-046583100-001;16/10/2024 13:39;AVENIDA AMAZONAS, Nº 17 - BELA VISTA - PASSOS;-207.177.741;-466.016.829;P01001 - VISTORIA DE FISCALIZACAO (C) (Prioridade: 2 - Média);1CIA IND/2CIA/1PEL(PASSOS);TPO00155;Não;Não;Não;BOLETIM DE OCORRENCIA;Classificada;17/10/2024 07:05;Não
2024-36018831-7;(BM) 2024-046616456-001;16/10/2024 16:12;RODOVIA MG 050, Nº S/N - CRUZEIRO - PIUMHI;-204.864.004;-459.584.263;X03000 - EMPENHO ADMINISTRATIVO (C) (Prioridade: 2 - Média);1CIA IND/2CIA/1PEL(PASSOS);ASL06087;Não;Não;Não;BOLETIM DE OCORRENCIA;Classificada;17/10/2024 07:05;Não
2024-36019326-0;(BM) 2024-046624387-001;16/10/2024 16:41;RUA JOAQUIM LOPES, Nº 679 - PENHA - PASSOS;-207.166.861;-466.271.134;V01006 - VITIMA COM DIFICULDADE DE LOCOMOCAO (C) (Prioridade: 1 - Alta);1CIA IND/2CIA/1PEL(PASSOS);UR04360;Não;Não;Não;BOLETIM DE OCORRENCIA;Classificada;17/10/2024 07:05;Não
2024-36022325-5;(BM) 2024-046661595-001;16/10/2024 19:52;RUA IMACULADA CONCEICAO, Nº 1400 - COHAB 5 - PASSOS;-207.220.641;-466.370.304;S06002 - CAPTURA DE ANIMAL SILVESTRE PERIGOSO / AGRESSIVO (C) (Prioridade: 2 - Média);1CIA IND/2CIA/1PEL(PASSOS);ASL06087;Não;Não;Não;BOLETIM DE OCORRENCIA;Classificada;17/10/2024 07:05;Não
2024-36028346-8;(BM) 2024-046710912-001;17/10/2024 08:06;RUA LAVRAS, Nº S/N - FURNAS - SAO JOSE DA BARRA;-206.806.866;-463.337.346;X03000 - EMPENHO ADMINISTRATIVO (C) (Prioridade: 2 - Média);1CIA IND/2CIA/PEL PREV E VIST(PASSOS);APF01362;Não;Não;Não;BOLETIM DE OCORRENCIA;Classificada;18/10/2024 07:43;Não
2024-36028482-6;(BM) 2024-046734021-001;17/10/2024 08:20;RUA DOUTOR CARVALHO, Nº 1455 - NOSSA SENHORA DAS GRAÇAS - PASSOS;-207.352.269;-466.037.303;Q03003 - TREINAMENTO DE SALVAMENTO AQUATICO (C) (Prioridade: 2 - Média);1CIA IND/2CIA/1PEL(PASSOS);BM1603695;Não;Não;Não;BOLETIM DE OCORRENCIA;Classificada;18/10/2024 07:43;Não
2024-36028654-0;(BM) 2024-046713656-001;17/10/2024 08:35;RUA BARAO DO RIO BRANCO, Nº 203 - IPIRANGA - IBIRACI;-204.658.535;-471.285.019;P01002 - VISTORIA DE LIBERACAO / EMISSAO DE AVCB (C) (Prioridade: 2 - Média);1CIA IND/2CIA/1PEL(PASSOS);ASL06087;Não;Não;Não;BOLETIM DE OCORRENCIA;Classificada;18/10/2024 07:43;Não
2024-36028842-0;(BM) 2024-046727502-001;17/10/2024 08:53;RUA VITORIA, Nº 727 - JARDIM COLEGIO DE PASSOS - PASSOS;-207.176.092;-465.911.132;P02011 - VISTORIA EM ENXAME DE INSETOS (C) (Prioridade: 2 - Média);1CIA IND/2CIA/1PEL(PASSOS);ABTS00495;Não;Não;Não;BOLETIM DE OCORRENCIA;Classificada;18/10/2024 07:43;Não
2024-36030012-5;(BM) 2024-046733960-001;17/10/2024 10:34;AVENIDA PAULO ESPER PIMENTA - PASSOS;;;V01018 - VITIMA DE MAL NAO DEFINIDO (DISTURBIO) (C) (Prioridade: 1 - Alta);1CIA IND/2CIA/1PEL(PASSOS);UR04360;Não;Não;Não;BOLETIM DE OCORRENCIA;Classificada;18/10/2024 07:44;Não
2024-36031345-3;(BM) 2024-046747271-001;17/10/2024 12:46;RUA SENIO BERALDO LEMOS, Nº 132 - JARDIM CANADA - PASSOS;-20.754.059;-466.063.043;V01018 - VITIMA DE MAL NAO DEFINIDO (DISTURBIO) (C) (Prioridade: 1 - Alta);1CIA IND/2CIA/1PEL(PASSOS);UR04360;Não;Não;Não;BOLETIM DE OCORRENCIA;Classificada;18/10/2024 07:44;Não
2024-36031673-2;(BM) 2024-046782099-001;17/10/2024 13:18;RODOVIA MG 344, Nº S/N - CASSIA;-206.059.151;-468.965.632;O02027 - INCENDIO VEIC. AUTOMOTOR (EXCETO TANQUE/ONIBUS/MICRO-ONIBUS) (C) (Prioridade: 1 - Alta);1CIA IND/2CIA/1PEL(PASSOS);ABTS00495;Não;Não;Não;BOLETIM DE OCORRENCIA;Classificada;18/10/2024 07:44;Não
2024-36032901-0;(BM) 2024-046781787-001;17/10/2024 14:41;RUA PARACATU, Nº 318 - CENTENARIO - PASSOS;;;V01018 - VITIMA DE MAL NAO DEFINIDO (DISTURBIO) (C) (Prioridade: 1 - Alta);1CIA IND/2CIA/1PEL(PASSOS);UR04360;Não;Não;Não;BOLETIM DE OCORRENCIA;Classificada;18/10/2024 07:44;Não
2024-36033313-8;(BM) 2024-046782004-001;17/10/2024 15:04;AVENIDA SABIA, Nº S/N - MUARAMA 2 - PASSOS;-207.330.855;-466.157.928;O04012 - INCENDIO EM LOTE VAGO (AREA URBANA) (C) (Prioridade: 2 - Média);1CIA IND/2CIA/1PEL(PASSOS);ASL06087;Não;Não;Não;BOLETIM DE OCORRENCIA;Classificada;18/10/2024 07:44;Não
2024-36034973-2;;17/10/2024 16:35;RODOVIA BR 459 - POCOS DE CALDAS;;;O04014 - INCENDIO AS MARGENS DE RODOVIA (C) (Prioridade: 2 - Média);1CIA IND (POCOS DE CALDAS);;Não;Não;Não;REPASSADA A OUTROS ÓRGAOS;Classificada;17/10/2024 17:09;Não
2024-36035955-6;(BM) 2024-046825001-001;17/10/2024 17:38;RODOVIA MG 444, Nº S/N - CASSIA;-206.011.549;-469.255.203;S06008 - CORTE DE ARVORE CAIDA EM VIA PUBLICA (C) (Prioridade: 2 - Média);1CIA IND/2CIA/1PEL(PASSOS);ASL06087;Não;Não;Não;BOLETIM DE OCORRENCIA;Classificada;18/10/2024 07:44;Não
2024-36035972-5;;17/10/2024 17:40;RUA CONTABILISTAS, Nº 159 - NOVO HORIZONTE - PASSOS;-207.301.274;-466.022.333;S06001 - SALVAMENTO DE ANIMAL EM RISCO / PERIGO (C) (Prioridade: 2 - Média);1CIA IND/2CIA/1PEL(PASSOS);;Não;Não;Não;DISPENSADA PELO SOLICITANTE;Classificada;17/10/2024 17:50;Não
2024-36038525-3;(BM) 2024-046825068-001;17/10/2024 20:22;RUA VITORIA, Nº 727 - JARDIM COLEGIO DE PASSOS - PASSOS;-207.176.092;-465.911.132;S06006 - EXTERMINIO DE INSETOS (C) (Prioridade: 2 - Média);1CIA IND/2CIA/1PEL(PASSOS);ASL06087;Não;Não;Não;BOLETIM DE OCORRENCIA;Classificada;18/10/2024 07:44;Não
2024-36043577-6;(BM) 2024-046873395-001;18/10/2024 06:01;AVENIDA OLIVEIRA REZENDE, Nº 1300 - VILA OPERARIA - SAO SEBASTIAO PARAISO;-209.096.216;-469.957.754;X03000 - EMPENHO ADMINISTRATIVO (C) (Prioridade: 2 - Média);1CIA IND/2CIA/1PEL(PASSOS);TPO00155;Não;Não;Não;BOLETIM DE OCORRENCIA;Classificada;19/10/2024 09:52;Não
2024-36044393-9;(BM) 2024-046880265-001;18/10/2024 08:15;RUA FURNAS, Nº 288 - SAO JOSE DA BARRA;;;X03000 - EMPENHO ADMINISTRATIVO (C) (Prioridade: 2 - Média);1CIA IND/2CIA/PEL PREV E VIST(PASSOS);APF01362;Não;Não;Não;BOLETIM DE OCORRENCIA;Classificada;19/10/2024 09:52;Não
2024-36044438-5;(BM) 2024-046880791-001;18/10/2024 08:22;RUA DOUTOR CARVALHO, Nº 1455 - NOSSA SENHORA DAS GRAÇAS - PASSOS;-207.352.269;-466.037.303;Q03003 - TREINAMENTO DE SALVAMENTO AQUATICO (C) (Prioridade: 2 - Média);1CIA IND/2CIA/1PEL(PASSOS);BM1549807;Não;Não;Não;BOLETIM DE OCORRENCIA;Classificada;19/10/2024 09:52;Não
2024-36046280-3;(BM) 2024-046903941-001;18/10/2024 11:06;RUA ACEROLAS, Nº S/N - NOSSA SENHORA DE LOURDES - PASSOS;-206.976.607;-466.200.423;V03019 - VITIMA DE QUEDA DE ALTURA (C) (Prioridade: 1 - Alta);1CIA IND/2CIA/1PEL(PASSOS);UR04360;Não;Não;Não;BOLETIM DE OCORRENCIA;Classificada;19/10/2024 09:52;Não
2024-36046571-6;;18/10/2024 11:34;AVENIDA COMENDADOR FRANCISCO A MAIA, Nº 2830 - MARIO MAGALHAES - PASSOS;-207.241.443;-466.122.627;V01023 - VITIMA DE SINCOPE (DESMAIO)/VERTIGEM (C) (Prioridade: 1 - Alta);1CIA IND/2CIA/1PEL(PASSOS);;Não;Não;Não;NÃO ATENDIDA: FALTA DE EFETIVO;Classificada;18/10/2024 11:35;Não
2024-36047075-0;(BM) 2024-047047064-001;18/10/2024 12:26;FAZENDA CAMPO REDONDO - DANILO ANTONIO DE SOUZA, Nº S/N - CARMO DO RIO CLARO;-209.991.884;-459.396.572;O04008 - INCENDIO EM AREA RURAL NAO PROTEGIDA (C) (Prioridade: 2 - Média);1CIA IND/2CIA/1PEL(PASSOS);ASL06087;Não;Não;Não;BOLETIM DE OCORRENCIA;Classificada;19/10/2024 09:52;Não
2024-36052662-4;(BM) 2024-046978550-001;18/10/2024 18:42;RUA EQUADOR, Nº 644 - POLIVALENTE - PASSOS;-207.035.429;-466.031.345;S06002 - CAPTURA DE ANIMAL SILVESTRE PERIGOSO / AGRESSIVO (C) (Prioridade: 2 - Média);1CIA IND/2CIA/1PEL(PASSOS);ASL06087;Não;Não;Não;BOLETIM DE OCORRENCIA;Classificada;19/10/2024 09:52;Não
2024-36054309-9;(BM) 2024-047045745-001;18/10/2024 20:30;RUA EBANO, Nº 86 - SERRA DAS BRISAS - PASSOS;-207.349.636;-465.940.986;O02003 - INCENDIO EM EDIFICACAO COMERCIAL (C) (Prioridade: 1 - Alta);1CIA IND/2CIA/1PEL(PASSOS);ABTS00495;Não;Não;Não;BOLETIM DE OCORRENCIA;Classificada;19/10/2024 09:53;Não
2024-36060064-8;(BM) 2024-047042676-001;19/10/2024 05:27;AVENIDA CHAFARIZ, Nº S/N - SERRA DAS BRISAS - PASSOS;-207.361.137;-465.905.646;V02301 - VITIMA DE CAPOTAMENTO DE AUTOMOVEL (CARRO / CAMINHONETE) (C) (Prioridade: 1 - Alta);1CIA IND/2CIA/1PEL(PASSOS);UR04360;Não;Não;Não;BOLETIM DE OCORRENCIA;Classificada;19/10/2024 13:07;Não
2024-36060812-0;(BM) 2024-047071010-001;19/10/2024 08:07;RUA ESTRADA DO SOL, Nº 180 - CONDOMÍNIO LUCIANA - PASSOS;-206.896.587;-466.452.486;S06002 - CAPTURA DE ANIMAL SILVESTRE PERIGOSO / AGRESSIVO (C) (Prioridade: 2 - Média);1CIA IND/2CIA/1PEL(PASSOS);ASL06087;Não;Não;Não;BOLETIM DE OCORRENCIA;Classificada;20/10/2024 07:47;Não
2024-36061301-7;;19/10/2024 09:05;ALAMEDA DONATILHA PASSOS SWERTS, Nº 185 - JARDIM DO LAGO - MACHADO;-216.862.471;-459.233.888;Q03003 - TREINAMENTO DE SALVAMENTO AQUATICO (C) (Prioridade: 2 - Média);1CIA IND (POCOS DE CALDAS);;Não;Não;Não;TESTE;Classificada;19/10/2024 09:06;Não
2024-36063279-0;(BM) 2024-047075560-001;19/10/2024 12:52;RUA SANTA CASA, Nº 702 - SANTA CASA - PASSOS;-207.147.068;-466.170.342;P02011 - VISTORIA EM ENXAME DE INSETOS (C) (Prioridade: 2 - Média);1CIA IND/2CIA/1PEL(PASSOS);ASL06087;Não;Não;Não;BOLETIM DE OCORRENCIA;Classificada;20/10/2024 07:47;Não
2024-36065902-9;(BM) 2024-047096264-001;19/10/2024 16:15;RUA DOUTOR CARVALHO, Nº 1455 - NOSSA SENHORA DAS GRAÇAS - PASSOS;-207.352.269;-466.037.303;Q03003 - TREINAMENTO DE SALVAMENTO AQUATICO (C) (Prioridade: 2 - Média);1CIA IND/2CIA/1PEL(PASSOS);BM1224443;Não;Não;Não;BOLETIM DE OCORRENCIA;Classificada;20/10/2024 07:47;Não
2024-36066164-5;(BM) 2024-047099753-001;19/10/2024 16:34;RUA MONTE SANTO, Nº 503 - COHAB 3 - PASSOS;-207.059.191;-466.274.637;V01025 - VITIMA DE USO / ABUSO / DEPENDENCIA DE DROGAS / ALCOOL (C) (Prioridade: 1 - Alta);1CIA IND/2CIA/1PEL(PASSOS);UR04360;Não;Não;Não;BOLETIM DE OCORRENCIA;Classificada;20/10/2024 07:47;Não
2024-36075566-0;(BM) 2024-047176664-001;20/10/2024 04:59;RUA TRES DE MAIO, Nº 159 - CENTRO - PASSOS;-207.233.135;-466.058.019;V01010 - VITIMA COM DOR TORACICA/SUSPEITA DE INFARTO (IAM) (C) (Prioridade: 1 - Alta);1CIA IND/2CIA/1PEL(PASSOS);UR04360;Não;Não;Não;BOLETIM DE OCORRENCIA;Classificada;20/10/2024 07:48;Não
2024-36075673-0;(BM) 2024-047177082-001;20/10/2024 05:33;AVENIDA SANTA ROSA, Nº 10 - AEROPORTO - BELO HORIZONTE;-198.504.247;-439.571.896;X03000 - EMPENHO ADMINISTRATIVO (C) (Prioridade: 2 - Média);1CIA IND/2CIA/PEL PREV E VIST(PASSOS);APF01362;Não;Não;Não;BOLETIM DE OCORRENCIA;Classificada;22/10/2024 07:55;Não
2024-36075852-9;(BM) 2024-047177788-001;20/10/2024 06:16;AVENIDA OLIVEIRA REZENDE, Nº 1300 - VILA OPERARIA - SAO SEBASTIAO PARAISO;-209.096.216;-469.957.754;X03000 - EMPENHO ADMINISTRATIVO (C) (Prioridade: 2 - Média);1CIA IND/2CIA/1PEL(PASSOS);TPO00155;Não;Não;Não;BOLETIM DE OCORRENCIA;Classificada;22/10/2024 07:56;Não
2024-36075907-9;(BM) 2024-047180816-001;20/10/2024 06:41;RUA RIO GRANDE DO SUL, Nº 688 - BELA VISTA - PASSOS;-207.137.965;-465.964.627;V01007 - VITIMA COM DISPNEIA (FALTA DE AR) (C) (Prioridade: 2 - Média);1CIA IND/2CIA/1PEL(PASSOS);UR04360;Não;Não;Não;BOLETIM DE OCORRENCIA;Classificada;20/10/2024 08:00;Não
2024-36077006-6;(BM) 2024-047188236-001;20/10/2024 09:49;RODOVIA MGC 146, Km 351 - PASSOS;-206.607.622;-465.393.082;S06002 - CAPTURA DE ANIMAL SILVESTRE PERIGOSO / AGRESSIVO (C) (Prioridade: 2 - Média);1CIA IND/2CIA/1PEL(PASSOS);ASL06087;Não;Não;Não;BOLETIM DE OCORRENCIA;Classificada;21/10/2024 07:33;Não
2024-36077202-4;(BM) 2024-047190370-001;20/10/2024 10:18;AVENIDA JK, Nº S/N - MONSENHOR MESSIAS - PASSOS;-207.342.178;-465.979.772;P03999 - OUTROS TIPOS DE PCI / PCA   (C) (Prioridade: 2 - Média);1CIA IND/2CIA/1PEL(PASSOS);UR04360;Não;Não;Não;BOLETIM DE OCORRENCIA;Classificada;21/10/2024 07:33;Não
2024-36077768-5;(BM) 2024-047207507-002;20/10/2024 11:39;RODOVIA MG 050, Km 366 - PASSOS;-207.362.035;-466.996.386;V02301 - VITIMA DE CAPOTAMENTO DE AUTOMOVEL (CARRO / CAMINHONETE) (C) (Prioridade: 1 - Alta);1CIA IND/2CIA/1PEL(PASSOS);UR04360 / ASL06087;Não;Não;Não;BOLETIM DE OCORRENCIA;Classificada;21/10/2024 07:32;Não
2024-36079662-5;(BM) 2024-047213470-001;20/10/2024 15:08;RUA AGUAS MARINHAS, Nº S/N - ACLIMACAO - PASSOS;-207.525.916;-466.051.022;R01999 - OUTROS TIPOS DE ACOES DE APOIO A COMUNIDADE   (C) (Prioridade: 2 - Média);1CIA IND/2CIA/1PEL(PASSOS);ABTS00495;Não;Não;Não;BOLETIM DE OCORRENCIA;Classificada;21/10/2024 07:33;Não
2024-36082293-9;(BM) 2024-047236931-001;20/10/2024 18:24;RUA OTAWA, Nº S/N - PASSOS;;;S06002 - CAPTURA DE ANIMAL SILVESTRE PERIGOSO / AGRESSIVO (C) (Prioridade: 2 - Média);1CIA IND/2CIA/1PEL(PASSOS);ASL06087;Não;Não;Não;BOLETIM DE OCORRENCIA;Classificada;21/10/2024 07:33;Não
2024-36082322-5;(BM) 2024-047242443-001;20/10/2024 18:26;RUA DAVID BALDINI, Nº 748 - VILA RICA - PASSOS;-207.262.819;-465.993.178;S06001 - SALVAMENTO DE ANIMAL EM RISCO / PERIGO (C) (Prioridade: 2 - Média);1CIA IND/2CIA/1PEL(PASSOS);ASL06087;Não;Não;Não;BOLETIM DE OCORRENCIA;Classificada;21/10/2024 07:33;Não
2024-36085556-2;(BM) 2024-047279203-001;20/10/2024 22:18;AVENIDA JK, Nº 1025 - RECANTO DEL REI - PASSOS;-207.292.773;-466.007.086;R03008 - INUNDACOES/ALAGAMENTOS/ENXURRADAS (C) (Prioridade: 2 - Média);1CIA IND/2CIA/1PEL(PASSOS);ASL06087;Não;Não;Não;BOLETIM DE OCORRENCIA;Classificada;21/10/2024 07:33;Não
2024-36086409-3;(BM) 2024-047275666-001;20/10/2024 23:23;RODOVIA MG 050, Nº S/N - PASSOS;-207.372.242;-466.331.087;A03000 - AUTO EXTERMINIO (SUICIDIO) (C) (Prioridade: 1 - Alta);1CIA IND/2CIA/1PEL(PASSOS);ABTS00495;Não;Não;Não;BOLETIM DE OCORRENCIA;Classificada;21/10/2024 07:32;Não
2024-36091627-3;(BM) 2024-047332444-001;21/10/2024 11:50;RUA MONTES CLAROS, Nº 347 - PASSOS;-207.237.978;-46.631.615;V01018 - VITIMA DE MAL NAO DEFINIDO (DISTURBIO) (C) (Prioridade: 1 - Alta);1CIA IND/2CIA/1PEL(PASSOS);UR04360;Não;Não;Não;BOLETIM DE OCORRENCIA;Classificada;22/10/2024 07:56;Não
2024-36092393-0;(BM) 2024-047339669-001;21/10/2024 13:20;AVENIDA EXPEDICIONARIOS, Nº 333 - CENTRO - PASSOS;-2.072.187;-466.046.683;P01002 - VISTORIA DE LIBERACAO / EMISSAO DE AVCB (C) (Prioridade: 2 - Média);1CIA IND/2CIA/PEL PREV E VIST(PASSOS);APF01362;Não;Não;Não;BOLETIM DE OCORRENCIA;Classificada;22/10/2024 07:55;Não
2024-36092948-2;(BM) 2024-047345850-001;21/10/2024 14:02;PRACA GERALDO DA SILVA MAIA, Nº 175 - CENTRO - PASSOS;-207.217.853;-466.085.971;X03000 - EMPENHO ADMINISTRATIVO (C) (Prioridade: 2 - Média);1CIA IND/2CIA/1PEL(PASSOS);TPO00155;Não;Não;Não;BOLETIM DE OCORRENCIA;Classificada;22/10/2024 07:56;Não
2024-36094789-1;(BM) 2024-047376641-001;21/10/2024 15:46;PRACA GERALDO DA SILVA MAIA, Nº 175 - CENTRO - PASSOS;-207.217.853;-466.085.971;P01001 - VISTORIA DE FISCALIZACAO (C) (Prioridade: 2 - Média);1CIA IND/2CIA/1PEL(PASSOS);TPO00155;Não;Não;Não;BOLETIM DE OCORRENCIA;Classificada;22/10/2024 07:55;Não
2024-36096190-4;(BM) 2024-047429839-001;21/10/2024 17:05;RUA FARID ESPER KALLAS, Nº 279 - VILA ROMANA - PASSOS;-207.403.497;-466.113.929;S06002 - CAPTURA DE ANIMAL SILVESTRE PERIGOSO / AGRESSIVO (C) (Prioridade: 2 - Média);1CIA IND/2CIA/1PEL(PASSOS);ABTS00495;Não;Não;Não;BOLETIM DE OCORRENCIA;Classificada;22/10/2024 07:56;Não
2024-36096933-7;(BM) 2024-047429356-001;21/10/2024 17:55;RUA AMETISTA, Nº 132 - ACLIMACAO - PASSOS;-207.501.416;-465.994.149;V01007 - VITIMA COM DISPNEIA (FALTA DE AR) (C) (Prioridade: 1 - Alta);1CIA IND/2CIA/1PEL(PASSOS);UR04360;Não;Não;Não;BOLETIM DE OCORRENCIA;Classificada;22/10/2024 07:56;Não
2024-36099850-8;(BM) 2024-047425135-001;21/10/2024 21:10;RUA AURORA, Nº 170 - SAO BENEDITO - PASSOS;-207.238.946;-466.030.567;V01010 - VITIMA COM DOR TORACICA/SUSPEITA DE INFARTO (IAM) (C) (Prioridade: 1 - Alta);1CIA IND/2CIA/1PEL(PASSOS);UR04360;Não;Não;Não;BOLETIM DE OCORRENCIA;Classificada;22/10/2024 07:56;Não
2024-36102126-3;(BM) 2024-047461496-001;22/10/2024 00:03;RUA PAULO ROBERTO DOS SANTOS, Nº 61 - RESIDENCIAL RECANTO DOS PINHEIROS - PASSOS;-206.921.443;-466.110.562;V01019 - VITIMA COM OBSTRUCAO DE VIAS AEREAS POR CORPOS ESTRANHOS (C) (Prioridade: 1 - Alta);1CIA IND/2CIA/1PEL(PASSOS);UR04360;Não;Não;Não;BOLETIM DE OCORRENCIA;Classificada;22/10/2024 07:56;Não
2024-36102850-0;(BM) 2024-047454297-002 / (PM) 2024-047454297-001;22/10/2024 02:51;RUA VENUS, Nº 309 - JARDIM SATELITE - PASSOS;-207.086.739;-466.214.632;V01013 - VITIMA DE EMERGENCIAS PSIQUIATRICAS (C) (Prioridade: 1 - Alta);1CIA IND/2CIA/1PEL(PASSOS);UR04360;Não;Não;Não;BOLETIM DE OCORRENCIA;Classificada;22/10/2024 07:56;Não
2024-36109219-0;(BM) 2024-047535503-001;22/10/2024 15:17;RUA GOIAS, Nº 320 - POLIVALENTE - PASSOS;-207.061.449;-466.063.089;P01001 - VISTORIA DE FISCALIZACAO (C) (Prioridade: 2 - Média);1CIA IND/2CIA/PEL PREV E VIST(PASSOS);APF01362;Não;Não;Não;BOLETIM DE OCORRENCIA;Classificada;23/10/2024 05:34;Não
2024-36109335-1;(BM) 2024-047543369-001;22/10/2024 15:23;RUA DOUTOR CARVALHO, Nº 1455 - NOSSA SENHORA DAS GRAÇAS - PASSOS;-207.352.269;-466.037.303;Q03017 - TREINAMENTO DE PRIMEIROS SOCORROS (C) (Prioridade: 2 - Média);1CIA IND/2CIA/1PEL(PASSOS);BM1549807;Não;Não;Não;BOLETIM DE OCORRENCIA;Classificada;23/10/2024 05:33;Não
2024-36112264-3;(BM) 2024-047562900-001;22/10/2024 18:15;AVENIDA COMENDADOR FRANCISCO A MAIA, Nº 1310 - CENTRO - PASSOS;-207.134.505;-466.086.627;P02001 - VISTORIA EM HIDRANTE (C) (Prioridade: 2 - Média);1CIA IND/2CIA/1PEL(PASSOS);ABTS00495;Não;Não;Não;BOLETIM DE OCORRENCIA;Classificada;23/10/2024 05:33;Não
2024-36112677-3;(BM) 2024-047593009-001;22/10/2024 18:42;RUA SALDANHA DA GAMA / RUA SANTA CASA - SANTA CASA - PASSOS;-207.136.914;-466.139.896;P03001 - PERIGO DE DERRAPAGEM (C) (Prioridade: 2 - Média);1CIA IND/2CIA/1PEL(PASSOS);ABTS00495;Não;Não;Não;BOLETIM DE OCORRENCIA;Classificada;23/10/2024 05:33;Não
2024-36113365-6;(BM) 2024-047573365-001;22/10/2024 19:25;PRACA CONEGO JOSE TIMOTEO DA SILVA, Nº S/N - SAO BENEDITO - PASSOS;-207.193.596;-466.016.341;P02001 - VISTORIA EM HIDRANTE (C) (Prioridade: 2 - Média);1CIA IND/2CIA/1PEL(PASSOS);ABTS00495;Não;Não;Não;BOLETIM DE OCORRENCIA;Classificada;23/10/2024 05:33;Não
2024-36115646-6;(BM) 2024-047602450-001;22/10/2024 21:56;AVENIDA ANTONIO ADAO DA SILVA, Nº 10 - PENHA 2 - PASSOS;-207.193.831;-466.314.467;V01024 - VITIMA DE SUICIDIO (TENTATIVA) - APH CLINICO (C) (Prioridade: 1 - Alta);1CIA IND/2CIA/1PEL(PASSOS);UR04360;Não;Não;Não;BOLETIM DE OCORRENCIA;Classificada;23/10/2024 05:33;Não
2024-36116673-4;(BM) 2024-047610889-001;22/10/2024 23:08;RUA OSCAR CANDIDO MONTEIRO, Nº S/N - MIRANTE DO VALE - PASSOS;-207.235.626;-46.578.297;S05103 - CHOQUE DE AUTOMOVEL (CARRO, CAMIONETA, CAMINHONETE) (C) (Prioridade: 1 - Alta);1CIA IND/2CIA/1PEL(PASSOS);UR04360;Não;Não;Não;BOLETIM DE OCORRENCIA;Classificada;23/10/2024 05:33;Não
2024-36119671-5;(BM) 2024-047633567-003;23/10/2024 07:54;RUA JOAO PIMENTA, Nº S/N - SAO BENEDITO - PASSOS;-207.205.282;-465.980.666;O02038 - INCENDIO EM REDE ELETRICA / POSTE / CURTO-CIRCUITO (C) (Prioridade: 2 - Média);1CIA IND/2CIA/1PEL(PASSOS);UR00565 / ABTS00495;Não;Não;Não;BOLETIM DE OCORRENCIA;Classificada;24/10/2024 06:57;Não
2024-36121800-9;(BM) 2024-047658391-001;23/10/2024 10:58;RUA DENIS PROVENZANI DE ALMEIDA, Nº S/N - RESIDENCIAL VILLAGIO DI ITALIA - PASSOS;-207.324.276;-4.659.219;V02412 - VITIMA DE COLISAO ENTRE CAMINHAO / CARRETA X MOTOCICLETA (C) (Prioridade: 1 - Alta);1CIA IND/2CIA/1PEL(PASSOS);UR04360;Não;Não;Não;BOLETIM DE OCORRENCIA;Classificada;24/10/2024 06:58;Não
2024-36123518-1;(BM) 2024-047682980-001;23/10/2024 13:43;RUA GONCALVES DIAS, Nº 712 - CENTRO - PASSOS;-207.201.593;-466.035.135;P01001 - VISTORIA DE FISCALIZACAO (C) (Prioridade: 2 - Média);1CIA IND/2CIA/PEL PREV E VIST(PASSOS);APF01362;Não;Não;Não;BOLETIM DE OCORRENCIA;Classificada;24/10/2024 06:57;Não
2024-36123801-2;(BM) 2024-047682347-001;23/10/2024 14:02;RUA DOUTOR CARVALHO, Nº 1455 - NOSSA SENHORA DAS GRAÇAS - PASSOS;-207.352.269;-466.037.303;Q03003 - TREINAMENTO DE SALVAMENTO AQUATICO (C) (Prioridade: 2 - Média);1CIA IND/2CIA/1PEL(PASSOS);BM1224443;Não;Não;Não;BOLETIM DE OCORRENCIA;Classificada;24/10/2024 06:58;Não
2024-36124666-4;;23/10/2024 14:52;AVENIDA NACOES, Nº S/N - VILA RICA - PASSOS;-207.276.808;-46.600.861;P03999 - OUTROS TIPOS DE PCI / PCA   (C) (Prioridade: 2 - Média);1CIA IND/2CIA/1PEL(PASSOS);UR04360;Não;Não;Não;DUPLICADA;Classificada;23/10/2024 16:02;Não
2024-36124751-1;(BM) 2024-047700955-001;23/10/2024 14:56;RUA ATENAS, Nº 801 - PANORAMA - PASSOS;-207.056.543;-466.194.674;V01008 - VITIMA COM DOR ABDOMINAL (ABDOME AGUDO) (C) (Prioridade: 1 - Alta);1CIA IND/2CIA/1PEL(PASSOS);UR04360;Não;Não;Não;BOLETIM DE OCORRENCIA;Classificada;24/10/2024 06:58;Não
2024-36125871-9;(BM) 2024-047714595-001;23/10/2024 16:00;AVENIDA NACOES, Nº S/N - VILA RICA - PASSOS;-207.276.808;-46.600.861;P03999 - OUTROS TIPOS DE PCI / PCA   (C) (Prioridade: 2 - Média);1CIA IND/2CIA/1PEL(PASSOS);UR04360;Não;Não;Não;BOLETIM DE OCORRENCIA;Classificada;24/10/2024 06:58;Não
2024-36128325-5;(BM) 2024-047740537-001;23/10/2024 18:34;RUA DOUTOR CARVALHO, Nº 1455 - NOSSA SENHORA DAS GRAÇAS - PASSOS;-207.352.269;-466.037.303;V01018 - VITIMA DE MAL NAO DEFINIDO (DISTURBIO) (C) (Prioridade: 1 - Alta);1CIA IND/2CIA/1PEL(PASSOS);UR04360;Não;Não;Não;BOLETIM DE OCORRENCIA;Classificada;24/10/2024 07:35;Não
2024-36135491-4;(BM) 2024-047804449-001;24/10/2024 08:19;RUA MARIA AUGUSTA DE FARIA, Nº S/N - JARDIM CANADA - PASSOS;-207.473.665;-466.082.142;S06002 - CAPTURA DE ANIMAL SILVESTRE PERIGOSO / AGRESSIVO (C) (Prioridade: 2 - Média);1CIA IND/2CIA/1PEL(PASSOS);UR00565;Não;Não;Não;BOLETIM DE OCORRENCIA;Classificada;25/10/2024 08:00;Não
2024-36136440-9;(BM) 2024-047967322-001;24/10/2024 09:50;RUA BARBARA BALDINI BORSARI, Nº 43 - NOVA PASSOS II - PASSOS;-207.006.048;-466.323.033;V01004 - VITIMA COM CRISE DIABETICA / HIPOGLICEMIA (C) (Prioridade: 1 - Alta);1CIA IND/2CIA/1PEL(PASSOS);UR04360;Não;Não;Não;BOLETIM DE OCORRENCIA;Classificada;25/10/2024 08:00;Não
2024-36136955-9;;24/10/2024 10:36;RUA IRLANDA, Nº 317 - NOVO MUNDO 4 - PASSOS;-207.270.706;-465.878.699;S06002 - CAPTURA DE ANIMAL SILVESTRE PERIGOSO / AGRESSIVO (C) (Prioridade: 2 - Média);1CIA IND/2CIA/1PEL(PASSOS);;Não;Não;Não;DISPENSADA PELO SOLICITANTE;Classificada;24/10/2024 11:35;Não
2024-36138917-0;(BM) 2024-047964450-001;24/10/2024 13:41;RUA VESPASIANO, Nº 489 - PENHA 2 - PASSOS;-207.143.724;-466.294.896;V01006 - VITIMA COM DIFICULDADE DE LOCOMOCAO (C) (Prioridade: 1 - Alta);1CIA IND/2CIA/1PEL(PASSOS);UR04360;Não;Não;Não;BOLETIM DE OCORRENCIA;Classificada;25/10/2024 08:00;Não
2024-36138979-8;;24/10/2024 13:47;RODOVIA MG 446, Km 5 - ALPINOPOLIS;-207.599.796;-463.790.439;S06008 - CORTE DE ARVORE CAIDA EM VIA PUBLICA (C) (Prioridade: 2 - Média);1CIA IND/2CIA/1PEL(PASSOS);;Não;Não;Não;DISPENSADA PELO SOLICITANTE;Classificada;24/10/2024 21:11;Não
2024-36139034-4;;24/10/2024 13:51;RODOVIA MG 446, Km 14 - ALPINOPOLIS;-208.247.227;-463.659.796;W98011 - SOLICITACAO DE APOIO (C) (Prioridade: 1 - Alta);1CIA IND/2CIA/1PEL(PASSOS);;Não;Não;Não;DUPLICADA;Classificada;24/10/2024 13:57;Não
2024-36139574-1;(BM) 2024-047877713-001;24/10/2024 14:27;RUA JASPE, Nº 476 - ACLIMACAO - PASSOS;-207.523.119;-465.974.162;S06011 - CORTE DE ARVORE CAIDA SOBRE VEICULO (C) (Prioridade: 2 - Média);1CIA IND/2CIA/1PEL(PASSOS);ABTS00495;Não;Não;Não;BOLETIM DE OCORRENCIA;Classificada;25/10/2024 08:00;Não
2024-36147255-9;(BM) 2024-047940906-001;24/10/2024 22:43;RUA NITEROI, Nº 752 - RECANTO DA HARMONIA - PASSOS;-207.034.164;-465.991.617;V03018 - VITIMA DE QUEDA DA PROPRIA ALTURA (C) (Prioridade: 1 - Alta);1CIA IND/2CIA/1PEL(PASSOS);UR04360;Não;Não;Não;BOLETIM DE OCORRENCIA;Classificada;25/10/2024 08:00;Não
2024-36150707-7;(BM) 2024-047979208-002;25/10/2024 08:13;AVENIDA EXPEDICIONARIOS, Nº 1784 - NOVO MUNDO - PASSOS;-20.724.964;-465.908.343;S05308 - COLISAO ENTRE AUTOMOVEL X MOTOCICLETA (C) (Prioridade: 1 - Alta);1CIA IND/2CIA/1PEL(PASSOS);UR04360 / ABTS00495;Não;Não;Não;BOLETIM DE OCORRENCIA;Classificada;27/10/2024 07:52;Não
2024-36151038-4;(BM) 2024-047979145-001;25/10/2024 08:42;RUA PIANTINOS, Nº 175 - PASSOS;-207.257.992;-466.066.195;V02502 - VITIMA DE QUEDA (MOTOCICLISTA) (C) (Prioridade: 1 - Alta);1CIA IND/2CIA/1PEL(PASSOS);UR04360;Não;Não;Não;BOLETIM DE OCORRENCIA;Classificada;27/10/2024 07:52;Não
2024-36160650-8;(BM) 2024-048140759-001;25/10/2024 20:32;RUA JOAO TEIXEIRA MENDES, Nº S/N - FLAMBOYANT - PASSOS;-207.548.252;-466.033.392;P03999 - OUTROS TIPOS DE PCI / PCA   (C) (Prioridade: 2 - Média);1CIA IND/2CIA/1PEL(PASSOS);UR04360;Não;Não;Não;BOLETIM DE OCORRENCIA;Classificada;27/10/2024 07:51;Não
2024-36161931-2;(BM) 2024-048097240-001;25/10/2024 21:58;RUA BAMBUI, Nº S/N - COHAB 1 - PASSOS;-207.135.711;-466.255.626;V03005 - VITIMA DE AGRESSAO FISICA SEM USO DE ARMA (C) (Prioridade: 1 - Alta);1CIA IND/2CIA/1PEL(PASSOS);UR04360;Não;Não;Não;BOLETIM DE OCORRENCIA;Classificada;27/10/2024 07:52;Não
2024-36162718-0;(BM) 2024-048113756-001;25/10/2024 22:44;RUA JOAQUIM LOPES, Nº 15 - PENHA - PASSOS;-207.167.161;-466.212.115;S06002 - CAPTURA DE ANIMAL SILVESTRE PERIGOSO / AGRESSIVO (C) (Prioridade: 2 - Média);1CIA IND/2CIA/1PEL(PASSOS);ABTS00495;Não;Não;Não;BOLETIM DE OCORRENCIA;Classificada;27/10/2024 07:51;Não
2024-36167472-0;(BM) 2024-048146310-001;26/10/2024 08:29;RUA RIO VERDE, Nº 208 - SANTA LUZIA - PASSOS;-207.084.378;-466.054.404;W10000 - DISPENSADA POR DUPLICIDADE DE EMPENHO COM OUTROS ORGAOS (C) (Prioridade: 1 - Alta);1CIA IND/2CIA/1PEL(PASSOS);UR04360;Não;Não;Não;BOLETIM DE OCORRENCIA;Classificada;27/10/2024 07:52;Não
2024-36167546-4;(BM) 2024-048146323-001;26/10/2024 08:41;RUA JOAO PIMENTA, Nº 249 - SAO BENEDITO - PASSOS;-207.209.673;-465.994.377;V03018 - VITIMA DE QUEDA DA PROPRIA ALTURA (C) (Prioridade: 1 - Alta);1CIA IND/2CIA/1PEL(PASSOS);UR04360;Não;Não;Não;BOLETIM DE OCORRENCIA;Classificada;27/10/2024 07:52;Não
2024-36167669-4;(BM) 2024-048146351-001;26/10/2024 08:56;RUA GUAPE, Nº 842 - RESIDENCIAL PORTAL DAS PALMEIRAS - PASSOS;-206.993.748;-466.102.273;V03018 - VITIMA DE QUEDA DA PROPRIA ALTURA (C) (Prioridade: 1 - Alta);1CIA IND/2CIA/1PEL(PASSOS);UR04360;Não;Não;Não;BOLETIM DE OCORRENCIA;Classificada;27/10/2024 07:52;Não
2024-36168024-4;(BM) 2024-048197695-001;26/10/2024 09:33;RODOVIA PASSOS / GLORIA, Nº S/N - PASSOS;-20.700.737;-46.586.887;W98011 - SOLICITACAO DE APOIO (C) (Prioridade: 1 - Alta);1CIA IND/2CIA/1PEL(PASSOS);UR04360;Não;Não;Não;BOLETIM DE OCORRENCIA;Classificada;27/10/2024 07:52;Não
2024-36169654-8;;26/10/2024 12:30;AVENIDA JUCA STOCKLER, Nº 1720 - NOSSA SENHORA DAS GRAÇAS - PASSOS;-207.385.997;-466.021.087;W98011 - SOLICITACAO DE APOIO (C) (Prioridade: 1 - Alta);1CIA IND/2CIA/1PEL(PASSOS);;Não;Não;Não;ATENDIDA PELO SAMU;Classificada;27/10/2024 07:12;Não
2024-36170572-2;(BM) 2024-048198659-001;26/10/2024 14:05;RODOVIA MGC 146, Nº S/N - PASSOS;;;S06011 - CORTE DE ARVORE CAIDA SOBRE VEICULO (C) (Prioridade: 2 - Média);1CIA IND/2CIA/1PEL(PASSOS);ABTS00495;Não;Não;Não;BOLETIM DE OCORRENCIA;Classificada;27/10/2024 07:51;Não
2024-36174750-0;(BM) 2024-048271089-001;26/10/2024 18:48;RODOVIA MG 050, Km 359 - PASSOS;-20.737.051;-466.411.331;V01013 - VITIMA DE EMERGENCIAS PSIQUIATRICAS (C) (Prioridade: 1 - Alta);1CIA IND/2CIA/1PEL(PASSOS);UR04360;Não;Não;Não;BOLETIM DE OCORRENCIA;Classificada;27/10/2024 07:53;Não
2024-36177573-3;(BM) 2024-048230944-001;26/10/2024 21:48;RUA INDAIAS, Nº 14 - PASSOS;-207.576.644;-465.950.413;V03999 - OUTROS TIPOS DE APH DE TRAUMAS DIVERSOS   (C) (Prioridade: 1 - Alta);1CIA IND/2CIA/1PEL(PASSOS);UR04360;Não;Não;Não;BOLETIM DE OCORRENCIA;Classificada;27/10/2024 07:55;Não
2024-36179811-0;(BM) 2024-048253572-001;26/10/2024 23:47;RUA ALECRIM, Nº 380 - SERRA DAS BRISAS - PASSOS;-207.350.686;-465.961.324;O02001 - INCENDIO EM RESIDENCIA/HABITACAO UNIFAMILIAR (CASA) (C) (Prioridade: 1 - Alta);1CIA IND/2CIA/1PEL(PASSOS);ABTS00495;Não;Não;Não;BOLETIM DE OCORRENCIA;Classificada;27/10/2024 07:55;Não
2024-36183420-7;(BM) 2024-048272030-001;27/10/2024 06:59;RUA DOUTOR CARVALHO, Nº 1455 - NOSSA SENHORA DAS GRAÇAS - PASSOS;-207.352.269;-466.037.303;V01003 - VITIMA COM CRISE CONVULSIVA (C) (Prioridade: 1 - Alta);1CIA IND/2CIA/1PEL(PASSOS);UR04360;Não;Não;Não;BOLETIM DE OCORRENCIA;Classificada;27/10/2024 07:55;Não
2024-36184412-4;(BM) 2024-048278970-001;27/10/2024 09:20;AVENIDA JK, Nº S/N - MONSENHOR MESSIAS - PASSOS;-207.342.178;-465.979.772;P03999 - OUTROS TIPOS DE PCI / PCA   (C) (Prioridade: 2 - Média);1CIA IND/2CIA/1PEL(PASSOS);UR00565;Não;Não;Não;BOLETIM DE OCORRENCIA;Classificada;28/10/2024 06:50;Não
2024-36185235-6;(BM) 2024-048287956-001;27/10/2024 10:56;RUA RIO PIRACICABA, Nº 903 - PASSOS;-207.046.613;-465.968.224;P02011 - VISTORIA EM ENXAME DE INSETOS (C) (Prioridade: 2 - Média);1CIA IND/2CIA/1PEL(PASSOS);ABTS00495;Não;Não;Não;BOLETIM DE OCORRENCIA;Classificada;28/10/2024 06:49;Não
2024-36191034-9;(BM) 2024-048350757-001;27/10/2024 18:56;RODOVIA MG 446, Km 8 - ALPINOPOLIS;-207.852.428;-463.728.665;S05201 - CAPOTAMENTO DE AUTOMOVEL (CARRO, CAMIONETA, CAMINHONETE) (C) (Prioridade: 1 - Alta);1CIA IND/2CIA/1PEL(PASSOS);UR04360;Não;Não;Não;BOLETIM DE OCORRENCIA;Classificada;28/10/2024 06:49;Não
2024-36193376-3;(BM) 2024-048361259-002 / (PM) 2024-048361259-001;27/10/2024 21:36;RUA JOSE A DE QUEIROZ, Nº 139 - JARDIM PLANALTO - PASSOS;-207.204.341;-46.627.919;W98011 - SOLICITACAO DE APOIO (C) (Prioridade: 1 - Alta);1CIA IND/2CIA/1PEL(PASSOS);UR04360;Não;Não;Não;BOLETIM DE OCORRENCIA;Classificada;28/10/2024 06:49;Não
2024-36196939-0;(BM) 2024-048390880-001;28/10/2024 07:06;RUA COIMBRAS, Nº 377 - CALIFORNIA - PASSOS;-207.051.063;-466.138.779;S06001 - SALVAMENTO DE ANIMAL EM RISCO / PERIGO (C) (Prioridade: 2 - Média);1CIA IND/2CIA/1PEL(PASSOS);ABTS00495;Não;Não;Não;BOLETIM DE OCORRENCIA;Classificada;28/10/2024 15:40;Não
2024-36197117-7;(BM) 2024-048395162-001;28/10/2024 07:36;RUA AURORA, Nº 138 - SAO BENEDITO - PASSOS;-207.236.586;-466.029.064;S06002 - CAPTURA DE ANIMAL SILVESTRE PERIGOSO / AGRESSIVO (C) (Prioridade: 2 - Média);1CIA IND/2CIA/1PEL(PASSOS);UR00565;Não;Não;Não;BOLETIM DE OCORRENCIA;Classificada;29/10/2024 17:15;Não
2024-36199519-1;;28/10/2024 11:21;RUA ISAURA PRADO KALLAS, Nº 324 - VILA ROMANA - PASSOS;-207.407.786;-466.113.903;V03019 - VITIMA DE QUEDA DE ALTURA (C) (Prioridade: 1 - Alta);1CIA IND/2CIA/1PEL(PASSOS);UR04360;Não;Não;Não;ATENDIDA PELO SAMU;Classificada;28/10/2024 11:33;Não
2024-36199920-9;(BM) 2024-048419988-001;28/10/2024 11:56;RUA ACRE, Nº 1513 - RECANTO DA HARMONIA - PASSOS;-207.049.771;-46.595.234;V01003 - VITIMA COM CRISE CONVULSIVA (C) (Prioridade: 1 - Alta);1CIA IND/2CIA/1PEL(PASSOS);UR00565;Não;Não;Não;BOLETIM DE OCORRENCIA;Classificada;29/10/2024 17:15;Não
2024-36200469-6;(BM) 2024-048425459-001;28/10/2024 12:57;RUA SANTO ANIBALE MARIE DI FRANCIA, Nº S/N - CENTRO - PASSOS;-207.239.346;-466.083.314;S06002 - CAPTURA DE ANIMAL SILVESTRE PERIGOSO / AGRESSIVO (C) (Prioridade: 2 - Média);1CIA IND/2CIA/1PEL(PASSOS);ABTS00495;Não;Não;Não;BOLETIM DE OCORRENCIA;Classificada;29/10/2024 17:15;Não
2024-36201708-0;(BM) 2024-048459936-001;28/10/2024 14:36;RUA TENENTE VASCONCELOS, Nº 836 - CARMELO - PASSOS;-207.125.955;-466.053.707;P02011 - VISTORIA EM ENXAME DE INSETOS (C) (Prioridade: 2 - Média);1CIA IND/2CIA/1PEL(PASSOS);ABTS00495;Não;Não;Não;BOLETIM DE OCORRENCIA;Classificada;29/10/2024 17:15;Não
2024-36204348-3;(BM) 2024-048469537-001;28/10/2024 17:08;RODOVIA MG 050, Nº S/N - PASSOS;-207.372.242;-466.331.087;P03001 - PERIGO DE DERRAPAGEM (C) (Prioridade: 2 - Média);1CIA IND/2CIA/1PEL(PASSOS);UR00565;Não;Não;Não;BOLETIM DE OCORRENCIA;Classificada;29/10/2024 17:15;Não
2024-36204863-0;(BM) 2024-048473550-001;28/10/2024 17:40;RUA ANGELA APARECIDA SILVEIRA, Nº 26 - COHAB 3 - PASSOS;-207.073.483;-466.237.967;V01023 - VITIMA DE SINCOPE (DESMAIO)/VERTIGEM (C) (Prioridade: 1 - Alta);1CIA IND/2CIA/1PEL(PASSOS);UR04360;Não;Não;Não;BOLETIM DE OCORRENCIA;Classificada;29/10/2024 17:16;Não
2024-36205761-5;(BM) 2024-048481767-001;28/10/2024 18:45;RUA MATO GROSSO, Nº S/N - SANTA LUZIA - PASSOS;-207.079.603;-466.019.731;V02408 - VITIMA DE COLISAO ENTRE AUTOMOVEL X MOTOCICLETA (C) (Prioridade: 1 - Alta);1CIA IND/2CIA/1PEL(PASSOS);UR00565;Não;Não;Não;BOLETIM DE OCORRENCIA;Classificada;29/10/2024 17:16;Não
2024-36207753-8;(BM) 2024-048509268-001;28/10/2024 21:13;RUA DOUTOR CARVALHO, Nº 1455 - NOSSA SENHORA DAS GRAÇAS - PASSOS;-207.352.269;-466.037.303;V01007 - VITIMA COM DISPNEIA (FALTA DE AR) (C) (Prioridade: 1 - Alta);1CIA IND/2CIA/1PEL(PASSOS);UR04360;Não;Não;Não;BOLETIM DE OCORRENCIA;Classificada;29/10/2024 17:16;Não
2024-36214117-7;(BM) 2024-048749024-001;29/10/2024 10:59;RUA DOUTOR CARVALHO, Nº 1455 - NOSSA SENHORA DAS GRAÇAS - PASSOS;-207.352.269;-466.037.303;Q03003 - TREINAMENTO DE SALVAMENTO AQUATICO (C) (Prioridade: 2 - Média);1CIA IND/2CIA/PEL PREV E VIST(PASSOS);BM1636356;Não;Não;Não;BOLETIM DE OCORRENCIA;Classificada;30/10/2024 19:29;Não
2024-36214174-0;(BM) 2024-048581159-001;29/10/2024 11:04;RUA CARAJAS, Nº 942 - VILA ROMANA - PASSOS;-207.431.387;-466.098.273;P02011 - VISTORIA EM ENXAME DE INSETOS (C) (Prioridade: 2 - Média);1CIA IND/2CIA/1PEL(PASSOS);ABTS00495;Não;Não;Não;BOLETIM DE OCORRENCIA;Classificada;30/10/2024 19:29;Não
2024-36214879-6;(BM) 2024-048583026-001;29/10/2024 12:07;RUA DOUTOR CARVALHO, Nº 1455 - NOSSA SENHORA DAS GRAÇAS - PASSOS;-207.352.269;-466.037.303;Q03001 - TREINAMENTO DE COMBATE A INCENDIO (C) (Prioridade: 2 - Média);1CIA IND/2CIA/1PEL(PASSOS);ABTS00495;Não;Não;Não;BOLETIM DE OCORRENCIA;Classificada;30/10/2024 19:29;Não
2024-36215614-7;(BM) 2024-048589183-001;29/10/2024 13:17;RUA SETE DE SETEMBRO, Nº 20 - CENTRO - PASSOS;-207.222.181;-466.094.081;P01002 - VISTORIA DE LIBERACAO / EMISSAO DE AVCB (C) (Prioridade: 2 - Média);1CIA IND/2CIA/PEL PREV E VIST(PASSOS);APF01362;Não;Não;Não;BOLETIM DE OCORRENCIA;Classificada;30/10/2024 19:29;Não
2024-36216233-9;(BM) 2024-048596458-001;29/10/2024 14:03;RUA SANTOS DUMONT, Nº 409 - BELO HORIZONTE - PASSOS;-207.282.896;-466.088.874;P01002 - VISTORIA DE LIBERACAO / EMISSAO DE AVCB (C) (Prioridade: 2 - Média);1CIA IND/2CIA/PEL PREV E VIST(PASSOS);APF01362;Não;Não;Não;BOLETIM DE OCORRENCIA;Classificada;30/10/2024 19:30;Não
2024-36216813-9;(BM) 2024-048613667-001;29/10/2024 14:37;RUA TENENTE VASCONCELOS, Nº 836 - CARMELO - PASSOS;-207.125.955;-466.053.707;P02011 - VISTORIA EM ENXAME DE INSETOS (C) (Prioridade: 2 - Média);1CIA IND/2CIA/1PEL(PASSOS);ABTS00495;Não;Não;Não;BOLETIM DE OCORRENCIA;Classificada;30/10/2024 19:30;Não
2024-36220850-9;(BM) 2024-048654228-001;29/10/2024 18:29;RUA JEQUITIBA, Nº S/N - CONDOMÍNIO DOS IPÊS - PASSOS;-20.755.583;-466.203.025;P02011 - VISTORIA EM ENXAME DE INSETOS (C) (Prioridade: 2 - Média);1CIA IND/2CIA/1PEL(PASSOS);ABTS00495;Não;Não;Não;BOLETIM DE OCORRENCIA;Classificada;30/10/2024 19:30;Não
2024-36225576-6;(BM) 2024-048704712-001;30/10/2024 00:05;RUA JOAO XXIII, Nº 746 - MUARAMA 2 - PASSOS;-207.339.831;-46.608.599;V03018 - VITIMA DE QUEDA DA PROPRIA ALTURA (C) (Prioridade: 1 - Alta);1CIA IND/2CIA/1PEL(PASSOS);UR04360;Não;Não;Não;BOLETIM DE OCORRENCIA;Classificada;30/10/2024 19:32;Não
2024-36227337-6;(BM) 2024-048717778-001;30/10/2024 07:03;RUA JOAQUIM LOPES, Nº S/N - PENHA - PASSOS;-207.164.698;-466.285.663;V02202 - VITIMA DE CHOQUE DE MOTOCICLETA (C) (Prioridade: 1 - Alta);1CIA IND/2CIA/1PEL(PASSOS);UR04360;Não;Não;Não;BOLETIM DE OCORRENCIA;Classificada;30/10/2024 19:32;Não
2024-36227666-8;(BM) 2024-048718600-001;30/10/2024 07:45;RUA DOUTOR CARVALHO, Nº 1455 - NOSSA SENHORA DAS GRAÇAS - PASSOS;-207.352.269;-466.037.303;Q03001 - TREINAMENTO DE COMBATE A INCENDIO (C) (Prioridade: 2 - Média);1CIA IND/2CIA/1PEL(PASSOS);BM1235613;Não;Não;Não;BOLETIM DE OCORRENCIA;Classificada;31/10/2024 08:07;Não
2024-36227667-0;(BM) 2024-048718653-001;30/10/2024 07:45;RUA DOUTOR CARVALHO, Nº 1455 - NOSSA SENHORA DAS GRAÇAS - PASSOS;-207.352.269;-466.037.303;Q03003 - TREINAMENTO DE SALVAMENTO AQUATICO (C) (Prioridade: 2 - Média);1CIA IND/2CIA/PEL PREV E VIST(PASSOS);BM1636356;Não;Não;Não;BOLETIM DE OCORRENCIA;Classificada;31/10/2024 08:07;Não
2024-36228656-0;;30/10/2024 09:15;RUA DOUTOR CARVALHO, Nº 1455 - NOSSA SENHORA DAS GRAÇAS - PASSOS;-207.352.269;-466.037.303;Q03003 - TREINAMENTO DE SALVAMENTO AQUATICO (C) (Prioridade: 2 - Média);1CIA IND/2CIA/1PEL(PASSOS);;Não;Não;Não;DUPLICADA;Classificada;30/10/2024 09:19;Não
2024-36235419-4;;30/10/2024 17:28;RUA CAPITAO JOAO EVARISTO, Nº 217 - CARMO DO RIO CLARO;-209.729.678;-461.224.081;V01018 - VITIMA DE MAL NAO DEFINIDO (DISTURBIO) (C) (Prioridade: 1 - Alta);1CIA IND/2CIA/1PEL(PASSOS);;Não;Não;Não;ORIENTAÇÃO;Classificada;30/10/2024 17:28;Não
2024-36235788-0;;30/10/2024 17:52;RODOVIA MG 455, Nº S/N - IBITIURA DE MINAS;-220.483.581;-463.586.626;O04014 - INCENDIO AS MARGENS DE RODOVIA (C) (Prioridade: 2 - Média);1CIA IND (POCOS DE CALDAS);;Não;Não;Não;DISPENSADA PELO SOLICITANTE;Classificada;30/10/2024 18:30;Não
2024-36236054-2;(BM) 2024-048828865-001;30/10/2024 18:11;AVENIDA OTTO KRAKAUER, Nº S/N - SANTA CASA - PASSOS;-207.116.545;-466.111.371;P02001 - VISTORIA EM HIDRANTE (C) (Prioridade: 2 - Média);1CIA IND/2CIA/1PEL(PASSOS);ABTS00495;Não;Não;Não;BOLETIM DE OCORRENCIA;Classificada;31/10/2024 08:07;Não
2024-36237139-9;(BM) 2024-048828902-001;30/10/2024 19:23;AVENIDA EXPEDICIONARIOS, Nº S/N - MIRANTE DO VALE - PASSOS;-207.256.744;-465.818.365;P02001 - VISTORIA EM HIDRANTE (C) (Prioridade: 2 - Média);1CIA IND/2CIA/1PEL(PASSOS);ABTS00495;Não;Não;Não;BOLETIM DE OCORRENCIA;Classificada;31/10/2024 08:07;Não
2024-36238555-9;(BM) 2024-048852745-001;30/10/2024 21:03;RUA RIO PARDO, Nº 1020 - SANTA LUZIA - PASSOS;-207.045.849;-466.004.059;V01013 - VITIMA DE EMERGENCIAS PSIQUIATRICAS (C) (Prioridade: 1 - Alta);1CIA IND/2CIA/1PEL(PASSOS);UR00565;Não;Não;Não;BOLETIM DE OCORRENCIA;Classificada;31/10/2024 08:07;Não
2024-36242535-5;(BM) 2024-048885901-001;31/10/2024 06:19;RUA DOUTOR CARVALHO, Nº 1455 - NOSSA SENHORA DAS GRAÇAS - PASSOS;-207.352.269;-466.037.303;V03012 - VITIMA COM OBJETO PRESO AO CORPO (C) (Prioridade: 1 - Alta);1CIA IND/2CIA/1PEL(PASSOS);BM1551159;Não;Não;Não;BOLETIM DE OCORRENCIA;Classificada;31/10/2024 08:07;Não
2024-36242599-8;(BM) 2024-049462636-001;31/10/2024 06:47;RUA PERNAMBUCO, Nº 384 - BELA VISTA - PASSOS;-207.164.228;-465.983.218;V01011 - VITIMA COM DOR RENAL (COLICA) (C) (Prioridade: 1 - Alta);1CIA IND/2CIA/1PEL(PASSOS);UR04360;Não;Não;Não;ATENDIDA PELO SAMU;Classificada;31/10/2024 08:07;Não
2024-36242707-9;(BM) 2024-048892223-001;31/10/2024 07:06;AVENIDA ANTONIO ADAO DA SILVA, Nº 111 - PENHA 2 - PASSOS;-207.189.598;-466.322.189;V03021 - VITIMA DE SUICIDIO (TENTATIVA) - APH TRAUMA (C) (Prioridade: 1 - Alta);1CIA IND/2CIA/1PEL(PASSOS);UR00565;Não;Não;Não;BOLETIM DE OCORRENCIA;Classificada;31/10/2024 08:08;Não
2024-36243478-9;(BM) 2024-048895242-001;31/10/2024 08:34;RUA DOUTOR CARVALHO, Nº 1455 - NOSSA SENHORA DAS GRAÇAS - PASSOS;-207.352.269;-466.037.303;Q03003 - TREINAMENTO DE SALVAMENTO AQUATICO (C) (Prioridade: 2 - Média);1CIA IND/2CIA/PEL PREV E VIST(PASSOS);BM1636356;Não;Não;Não;BOLETIM DE OCORRENCIA;Classificada;01/11/2024 07:22;Não
2024-36244590-4;(BM) 2024-048921201-001;31/10/2024 10:05;RUA CARLOS SUHADOLNIK, Nº 40 - PASSOS;-207.012.875;-466.085.157;S06002 - CAPTURA DE ANIMAL SILVESTRE PERIGOSO / AGRESSIVO (C) (Prioridade: 2 - Média);1CIA IND/2CIA/1PEL(PASSOS);ABTS00495;Não;Não;Não;BOLETIM DE OCORRENCIA;Classificada;01/11/2024 07:23;Não
2024-36246620-4;(BM) 2024-048933024-001;31/10/2024 13:14;RUA SAO PAULO, Nº 836 - JARDIM COLEGIO DE PASSOS - PASSOS;-207.214.598;-465.966.895;S06002 - CAPTURA DE ANIMAL SILVESTRE PERIGOSO / AGRESSIVO (C) (Prioridade: 2 - Média);1CIA IND/2CIA/1PEL(PASSOS);UR00565;Não;Não;Não;BOLETIM DE OCORRENCIA;Classificada;01/11/2024 07:23;Não
2024-36246859-9;(BM) 2024-048981652-001;31/10/2024 13:33;RUA CALGARY, Nº 95 - JARDIM CANADA II - PASSOS;-207.498.659;-466.104.456;S06002 - CAPTURA DE ANIMAL SILVESTRE PERIGOSO / AGRESSIVO (C) (Prioridade: 2 - Média);1CIA IND/2CIA/1PEL(PASSOS);ABTS00495;Não;Não;Não;BOLETIM DE OCORRENCIA;Classificada;01/11/2024 07:23;Não
2024-36247008-7;(BM) 2024-048956737-001;31/10/2024 13:45;RODOVIA LMG 837, Nº S/N - FORTALEZA DE MINAS;;;O02027 - INCENDIO VEIC. AUTOMOTOR (EXCETO TANQUE/ONIBUS/MICRO-ONIBUS) (C) (Prioridade: 1 - Alta);1CIA IND/2CIA/1PEL(PASSOS);ABTS00495 / UR04360;Não;Não;Não;BOLETIM DE OCORRENCIA;Classificada;01/11/2024 07:23;Não
2024-36249950-5;(BM) 2024-048972890-001;31/10/2024 16:29;RUA JOAQUIM PIANTINO, Nº 83 - SAO BENEDITO - PASSOS;-207.189.479;-466.006.443;P01001 - VISTORIA DE FISCALIZACAO (C) (Prioridade: 2 - Média);1CIA IND/2CIA/PEL PREV E VIST(PASSOS);APF01362;Não;Não;Não;BOLETIM DE OCORRENCIA;Classificada;01/11/2024 07:23;Não
2024-36250716-5;(BM) 2024-049054390-001;31/10/2024 17:18;RUA AURORA, Nº 138 - SAO BENEDITO - PASSOS;-207.236.586;-466.029.064;V03018 - VITIMA DE QUEDA DA PROPRIA ALTURA (C) (Prioridade: 1 - Alta);1CIA IND/2CIA/1PEL(PASSOS);UR04360;Não;Não;Não;BOLETIM DE OCORRENCIA;Classificada;01/11/2024 07:23;Não
2024-36252115-6;(BM) 2024-049000613-001;31/10/2024 18:52;RUA ODILON LEMOS DE MELO, Nº 292 - FLAMBOYANT - PASSOS;-207.560.334;-466.060.147;S06002 - CAPTURA DE ANIMAL SILVESTRE PERIGOSO / AGRESSIVO (C) (Prioridade: 2 - Média);1CIA IND/2CIA/1PEL(PASSOS);ABTS00495;Não;Não;Não;BOLETIM DE OCORRENCIA;Classificada;01/11/2024 07:23;Não
