Nº chamada;Nº REDS;Data/hora de criação;Local do fato;Latitude  do local;Longitude do local;Natureza;Unidade Responsável;Recursos empenhados;Alerta;Destaque;Envolve autoridade;Tipo de classificação;Situação;Data/hora da situação atual;Evento associado
2024-36727249-7;(BM) 2024-053755731-002 / (PM) 2024-053755731-001;01/12/2024 01:00;AVENIDA DONA LIQUINHA SILVEIRA, Nº 431 - COHAB 1 - PASSOS;-207.120.291;-466.248.581;S04014 - SALVAMENTO DE PESSOA COM OBJETO PRESO AO CORPO (C) (Prioridade: 1 - Alta);1CIA IND/2CIA/1PEL(PASSOS);ASL06087;Não;Não;Não;BOLETIM DE OCORRENCIA;Classificada;01/12/2024 07:58;Não
2024-36729286-4;(BM) 2024-053769882-001;01/12/2024 06:18;RUA IGUACU, Nº 355 - VILA RICA - PASSOS;-20.726.844;-465.943.423;V03005 - VITIMA DE AGRESSAO FISICA SEM USO DE ARMA (C) (Prioridade: 1 - Alta);1CIA IND/2CIA/1PEL(PASSOS);UR04360;Não;Não;Não;BOLETIM DE OCORRENCIA;Classificada;01/12/2024 08:01;Não
2024-36729756-6;(BM) 2024-053771881-001;01/12/2024 08:07;AVENIDA JK, Nº 270 - SAO BENEDITO - PASSOS;-207.208.527;-465.976.949;P03009 - PREVENCAO EM PONTO-BASE / FERIADOS PROLONGADOS (C) (Prioridade: 2 - Média);1CIA IND/2CIA/1PEL(PASSOS);ASL06087;Não;Não;Não;BOLETIM DE OCORRENCIA;Classificada;02/12/2024 08:21;Não
2024-36731572-6;(BM) 2024-053788402-001;01/12/2024 12:16;RUA CAMPOS GERAIS, Nº 1248 - JARDIM ELAINE - PASSOS;-206.958.443;-466.149.063;V01024 - VITIMA DE SUICIDIO (TENTATIVA) - APH CLINICO (C) (Prioridade: 1 - Alta);1CIA IND/2CIA/1PEL(PASSOS);UR04360;Não;Não;Não;BOLETIM DE OCORRENCIA;Classificada;02/12/2024 08:22;Não
2024-36735393-9;(BM) 2024-053854053-001;01/12/2024 17:42;RUA ALPENINOS, Nº 524 - CALIFORNIA - PASSOS;-207.055.847;-466.167.524;V01007 - VITIMA COM DISPNEIA (FALTA DE AR) (C) (Prioridade: 1 - Alta);1CIA IND/2CIA/1PEL(PASSOS);UR00565;Não;Não;Não;BOLETIM DE OCORRENCIA;Classificada;02/12/2024 08:22;Não
2024-36735851-1;(BM) 2024-053847891-001;01/12/2024 18:11;CONDOMINIO VALE DAS AGUAS - BAIRRO RURAL CASCA DANTA, Nº S/N - ALPINOPOLIS;-209.030.605;-463.938.994;O04013 - INCENDIO EM PASTO (C) (Prioridade: 2 - Média);1CIA IND/2CIA/1PEL(PASSOS);ASL06087;Não;Não;Não;BOLETIM DE OCORRENCIA;Classificada;02/12/2024 08:21;Não
2024-36736225-0;(BM) 2024-053831860-001;01/12/2024 18:36;RUA DETA , Nº 540 - PASSOS;;;S06002 - CAPTURA DE ANIMAL SILVESTRE PERIGOSO / AGRESSIVO (C) (Prioridade: 2 - Média);1CIA IND/2CIA/1PEL(PASSOS);UR00565;Não;Não;Não;BOLETIM DE OCORRENCIA;Classificada;02/12/2024 08:21;Não
2024-36736893-7;(BM) 2024-053842951-001;01/12/2024 19:20;RUA GUANABARA, Nº 1576 - SANTA LUZIA - PASSOS;-207.076.212;-465.977.058;V01020 - VITIMA COM PARADA CARDIORRESPIRATORIA (C) (Prioridade: 1 - Alta);1CIA IND/2CIA/1PEL(PASSOS);UR00565;Não;Não;Não;BOLETIM DE OCORRENCIA;Classificada;02/12/2024 08:22;Não
2024-36737815-9;;01/12/2024 20:15;RUA PENHA, Nº 35 - PENHA - PASSOS;-207.149.511;-466.248.584;V02408 - VITIMA DE COLISAO ENTRE AUTOMOVEL X MOTOCICLETA (C) (Prioridade: 1 - Alta);1CIA IND/2CIA/1PEL(PASSOS);;Não;Não;Não;ATENDIDA PELO SAMU;Classificada;01/12/2024 20:21;Não
2024-36740307-6;(BM) 2024-053868646-001;01/12/2024 23:05;RUA DA PRAIA, Nº S/N - PENHA - PASSOS;-207.170.338;-466.195.455;S05308 - COLISAO ENTRE AUTOMOVEL X MOTOCICLETA (C) (Prioridade: 3 - Baixa);1CIA IND/2CIA/1PEL(PASSOS);UR04360;Não;Não;Não;BOLETIM DE OCORRENCIA;Classificada;02/12/2024 08:21;Não
2024-36741100-3;(BM) 2024-053873310-001;02/12/2024 00:07;RUA BOA ESPERANCA, Nº 300 - CALIFORNIA - PASSOS;-20.701.156;-466.174.162;O02041 - INCENDIO EM IMOVEL ABANDONADO (C) (Prioridade: 2 - Média);1CIA IND/2CIA/1PEL(PASSOS);BM1551159;Não;Não;Não;BOLETIM DE OCORRENCIA;Classificada;02/12/2024 08:22;Não
2024-36743228-8;(BM) 2024-053926670-001;02/12/2024 07:49;RODOVIA MG 050, Nº S/N - SANTA TEREZINHA - ITAU DE MINAS;-207.498.551;-467.534.723;V01018 - VITIMA DE MAL NAO DEFINIDO (DISTURBIO) (C) (Prioridade: 1 - Alta);1CIA IND/2CIA/1PEL(PASSOS);UR04360 / ASL06087;Não;Não;Não;BOLETIM DE OCORRENCIA;Classificada;03/12/2024 07:06;Não
2024-36743311-0;(PM) 2024-053889171-001;02/12/2024 07:58;AVENIDA PROJETADA, Nº 1240 - RESIDENCIAL PORTAL DAS PALMEIRAS - PASSOS;-20.698.296;-466.097.632;W98011 - SOLICITACAO DE APOIO (C) (Prioridade: 1 - Alta);1CIA IND/2CIA/1PEL(PASSOS);;Não;Não;Não;ATENDIDA PELO SAMU;Classificada;02/12/2024 08:21;Não
2024-36744158-0;(BM) 2024-053913160-001;02/12/2024 09:20;PRACA GERALDO DA SILVA MAIA, Nº S/N - CENTRO - PASSOS;-207.208.941;-46.609.005;P03009 - PREVENCAO EM PONTO-BASE / FERIADOS PROLONGADOS (C) (Prioridade: 2 - Média);1CIA IND/2CIA/1PEL(PASSOS);UR04360;Não;Não;Não;BOLETIM DE OCORRENCIA;Classificada;03/12/2024 07:06;Não
2024-36744746-8;(BM) 2024-053921608-001;02/12/2024 10:05;RUA AMELIA MARIA DA SILVA, Nº 461 - NOVA PASSOS - PASSOS;;;P02011 - VISTORIA EM ENXAME DE INSETOS (C) (Prioridade: 2 - Média);1CIA IND/2CIA/1PEL(PASSOS);ASL06087;Não;Não;Não;BOLETIM DE OCORRENCIA;Classificada;03/12/2024 07:06;Não
2024-36744847-5;(BM) 2024-053913040-001;02/12/2024 10:12;RUA DOUTOR BERNARDINO VIEIRA, Nº 41 - CENTRO - PASSOS;-207.171.792;-466.097.252;P01001 - VISTORIA DE FISCALIZACAO (C) (Prioridade: 2 - Média);1CIA IND/2CIA/PEL PREV E VIST(PASSOS);APF01362;Não;Não;Não;BOLETIM DE OCORRENCIA;Classificada;03/12/2024 07:06;Não
2024-36745096-0;(BM) 2024-053913865-001;02/12/2024 10:31;RUA JOSE VALADAO, Nº 88 - COHAB 3 - PASSOS;-207.044.059;-466.257.494;S03003 - SALVAMENTO EM CASA (C) (Prioridade: 1 - Alta);1CIA IND/2CIA/1PEL(PASSOS);ASL06087;Não;Não;Não;BOLETIM DE OCORRENCIA;Classificada;03/12/2024 07:06;Não
2024-36745212-9;(BM) 2024-053913079-001;02/12/2024 10:37;RUA DOUTOR BERNARDINO VIEIRA, Nº 42 - CENTRO - PASSOS;-207.173.051;-466.097.064;P01001 - VISTORIA DE FISCALIZACAO (C) (Prioridade: 2 - Média);1CIA IND/2CIA/PEL PREV E VIST(PASSOS);APF01362;Não;Não;Não;BOLETIM DE OCORRENCIA;Classificada;03/12/2024 07:06;Não
2024-36745774-9;(BM) 2024-053921517-001;02/12/2024 11:14;RUA JOAQUIM LOPES, Nº 679 - PENHA - PASSOS;-207.166.861;-466.271.134;V01007 - VITIMA COM DISPNEIA (FALTA DE AR) (C) (Prioridade: 1 - Alta);1CIA IND/2CIA/1PEL(PASSOS);UR00565;Não;Não;Não;BOLETIM DE OCORRENCIA;Classificada;03/12/2024 07:06;Não
2024-36746013-8;;02/12/2024 11:31;RUA ORQUIDEAS, Nº 185 - ITAU DE MINAS;-207.466.776;-467.639.137;O02001 - INCENDIO EM RESIDENCIA/HABITACAO UNIFAMILIAR (CASA) (C) (Prioridade: 1 - Alta);1CIA IND/2CIA/1PEL(PASSOS);BM1256320 / ASL06087 / UR00565;Não;Não;Não;DISPENSADA PELO SOLICITANTE;Classificada;03/12/2024 06:42;Não
2024-36746023-1;;02/12/2024 11:32;RUA ORQUIDEAS, Nº 185 - CONJUNTO HABITACIONAL BELA VISTA - ITAU DE MINAS;-207.466.776;-467.639.137;O02001 - INCENDIO EM RESIDENCIA/HABITACAO UNIFAMILIAR (CASA) (C) (Prioridade: 1 - Alta);1CIA IND/2CIA/1PEL(PASSOS);;Não;Não;Não;DUPLICADA;Classificada;02/12/2024 11:35;Não
2024-36747438-2;(BM) 2024-053939378-001;02/12/2024 13:41;RUA MONTE SANTO, Nº 398 - COHAB 3 - PASSOS;-207.063.009;-466.261.229;V01008 - VITIMA COM DOR ABDOMINAL (ABDOME AGUDO) (C) (Prioridade: 1 - Alta);1CIA IND/2CIA/1PEL(PASSOS);UR04360;Não;Não;Não;BOLETIM DE OCORRENCIA;Classificada;03/12/2024 07:06;Não
2024-36751487-1;(BM) 2024-053994233-001;02/12/2024 17:22;RUA SEBASTIAO TEOFILO, Nº 641 - NOVA CALIFORNIA - PASSOS;-206.987.329;-466.243.137;V03025 - VITIMA COM FERIMENTO DE CORTE/CONTUSAO (C) (Prioridade: 1 - Alta);1CIA IND/2CIA/1PEL(PASSOS);UR00565;Não;Não;Não;BOLETIM DE OCORRENCIA;Classificada;03/12/2024 07:06;Não
2024-36751895-8;(BM) 2024-054001202-001;02/12/2024 17:47;RODOVIA MG 050, Nº S/N - PASSOS;-207.372.242;-466.331.087;X03000 - EMPENHO ADMINISTRATIVO (C) (Prioridade: 2 - Média);1CIA IND/2CIA/1PEL(PASSOS);ASL06087;Não;Não;Não;BOLETIM DE OCORRENCIA;Classificada;03/12/2024 07:06;Não
2024-36753508-0;(BM) 2024-054024103-001;02/12/2024 19:34;RUA LOULOU, Nº 75 - SAO BENEDITO - PASSOS;-207.234.443;-466.009.681;V01008 - VITIMA COM DOR ABDOMINAL (ABDOME AGUDO) (C) (Prioridade: 1 - Alta);1CIA IND/2CIA/1PEL(PASSOS);UR04360;Não;Não;Não;BOLETIM DE OCORRENCIA;Classificada;03/12/2024 07:06;Não
2024-36753693-4;(BM) 2024-054018883-002 / (PM) 2024-054018883-001;02/12/2024 19:43;RODOVIA MG 050, Nº S/N - PASSOS;-207.372.242;-466.331.087;V02409 - VITIMA DE COLISAO ENTRE AUTOMOVEL X CAMINHAO / CARRETA (C) (Prioridade: 1 - Alta);1CIA IND/2CIA/1PEL(PASSOS);UR00565;Não;Não;Não;BOLETIM DE OCORRENCIA;Classificada;03/12/2024 07:07;Não
2024-36758255-4;;03/12/2024 03:28;RUA ANA SILVEIRA BORGES, Nº 143 - RECANTO DA TEKA - PASSOS;-207.436.601;-465.970.538;V01013 - VITIMA DE EMERGENCIAS PSIQUIATRICAS (C) (Prioridade: 1 - Alta);1CIA IND/2CIA/1PEL(PASSOS);;Não;Não;Não;ATENDIDA PELO SAMU;Classificada;03/12/2024 03:50;Não
2024-36758661-5;;03/12/2024 06:07;RUA ADONIRA MARIA DE JESUS, Nº 239 - NOVA CALIFORNIA - PASSOS;;;V03006 - VITIMA DE ATAQUE DE ANIMAIS PECONHENTOS (C) (Prioridade: 1 - Alta);1CIA IND/2CIA/1PEL(PASSOS);UR00565;Não;Não;Não;SOLICITANTE NÃO ENCONTRADO;Classificada;03/12/2024 06:40;Não
2024-36758706-1;(BM) 2024-054061850-001;03/12/2024 06:24;AVENIDA OLIVEIRA REZENDE, Nº 1300 - VILA OPERARIA - SAO SEBASTIAO PARAISO;-209.096.216;-469.957.754;X03000 - EMPENHO ADMINISTRATIVO (C) (Prioridade: 2 - Média);1CIA IND/2CIA/PEL PREV E VIST(PASSOS);APF01362;Não;Não;Não;BOLETIM DE OCORRENCIA;Classificada;05/12/2024 08:37;Não
2024-36759626-0;(BM) 2024-054070366-001;03/12/2024 08:26;RUA JOAO XXIII, Nº S/N - NOSSA SENHORA DAS GRAÇAS - PASSOS;-207.369.075;-466.056.281;S06002 - CAPTURA DE ANIMAL SILVESTRE PERIGOSO / AGRESSIVO (C) (Prioridade: 2 - Média);1CIA IND/2CIA/1PEL(PASSOS);ASL06087;Não;Não;Não;BOLETIM DE OCORRENCIA;Classificada;04/12/2024 07:33;Não
2024-36759857-2;(BM) 2024-054084749-001;03/12/2024 08:49;RUA CONTORNO, Nº 282 - SAO BENEDITO - PASSOS;-207.178.852;-466.037.624;P01001 - VISTORIA DE FISCALIZACAO (C) (Prioridade: 2 - Média);1CIA IND/2CIA/1PEL(PASSOS);ASL06087;Não;Não;Não;BOLETIM DE OCORRENCIA;Classificada;04/12/2024 07:34;Não
2024-36759959-2;(BM) 2024-054084827-001;03/12/2024 08:58;RUA CONTORNO, Nº 282 - SAO BENEDITO - PASSOS;-207.178.852;-466.037.624;Q02007 - PALESTRA DE PREVENCAO E COMBATE A INCENDIO E PANICO (PCIP) (C) (Prioridade: 2 - Média);1CIA IND/2CIA/1PEL(PASSOS);ASL06087;Não;Não;Não;BOLETIM DE OCORRENCIA;Classificada;04/12/2024 07:34;Não
2024-36762244-1;(BM) 2024-054106164-001;03/12/2024 12:14;RUA CURITIBA, Nº 624 - JARDIM COLEGIO DE PASSOS - PASSOS;-207.177.649;-465.930.003;V01018 - VITIMA DE MAL NAO DEFINIDO (DISTURBIO) (C) (Prioridade: 1 - Alta);1CIA IND/2CIA/1PEL(PASSOS);UR04360;Não;Não;Não;BOLETIM DE OCORRENCIA;Classificada;04/12/2024 07:34;Não
2024-36762695-0;(BM) 2024-054138655-001;03/12/2024 13:01;RUA TROVADOR, Nº 175 - NOVO HORIZONTE - PASSOS;-207.336.913;-466.004.384;V01009 - VITIMA COM DOR NA COLUNA VERTEBRAL (COSTAS) (C) (Prioridade: 1 - Alta);1CIA IND/2CIA/1PEL(PASSOS);UR04360;Não;Não;Não;BOLETIM DE OCORRENCIA;Classificada;04/12/2024 07:34;Não
2024-36763323-1;(BM) 2024-054138718-001;03/12/2024 13:52;RUA JOAO KIRCHNER, Nº 712 - CENTRO - ITAU DE MINAS;-207.436.784;-467.486.014;O02001 - INCENDIO EM RESIDENCIA/HABITACAO UNIFAMILIAR (CASA) (C) (Prioridade: 1 - Alta);1CIA IND/2CIA/1PEL(PASSOS);ASL06087;Não;Não;Não;BOLETIM DE OCORRENCIA;Classificada;04/12/2024 07:34;Não
2024-36763369-2;;03/12/2024 13:57;RUA JOAO KIRCHNER, Nº 704 - CENTRO - ITAU DE MINAS;-207.436.595;-467.487.081;W98011 - SOLICITACAO DE APOIO (C) (Prioridade: 1 - Alta);1CIA IND/2CIA/1PEL(PASSOS);;Não;Não;Não;DUPLICADA;Classificada;03/12/2024 14:07;Não
2024-36768496-7;(BM) 2024-054176554-001;03/12/2024 19:04;AVENIDA NACOES, Nº S/N - VILA RICA - PASSOS;-207.276.808;-46.600.861;P03009 - PREVENCAO EM PONTO-BASE / FERIADOS PROLONGADOS (C) (Prioridade: 2 - Média);1CIA IND/2CIA/1PEL(PASSOS);UR04360;Não;Não;Não;BOLETIM DE OCORRENCIA;Classificada;04/12/2024 07:34;Não
2024-36778460-6;;04/12/2024 13:10;AVENIDA EXPEDICIONARIOS, Nº 1296 - JARDIM COLEGIO DE PASSOS - PASSOS;-207.239.524;-46.595.366;V02408 - VITIMA DE COLISAO ENTRE AUTOMOVEL X MOTOCICLETA (C) (Prioridade: 1 - Alta);1CIA IND/2CIA/1PEL(PASSOS);;Não;Não;Não;ATENDIDA PELO SAMU;Classificada;04/12/2024 14:13;Não
2024-36779631-2;(BM) 2024-054308310-001;04/12/2024 14:36;RUA MARTE, Nº S/N - JARDIM SATELITE - PASSOS;-207.094.049;-466.214.412;O02001 - INCENDIO EM RESIDENCIA/HABITACAO UNIFAMILIAR (CASA) (C) (Prioridade: 1 - Alta);1CIA IND/2CIA/1PEL(PASSOS);ASL06087;Não;Não;Não;BOLETIM DE OCORRENCIA;Classificada;05/12/2024 08:36;Não
2024-36780881-7;(BM) 2024-054312073-001;04/12/2024 15:39;AVENIDA COMENDADOR FRANCISCO A MAIA, Nº 3374 - MARIO MAGALHAES - PASSOS;-207.282.784;-466.104.099;P01001 - VISTORIA DE FISCALIZACAO (C) (Prioridade: 2 - Média);1CIA IND/2CIA/PEL PREV E VIST(PASSOS);APF01362;Não;Não;Não;BOLETIM DE OCORRENCIA;Classificada;10/12/2024 15:05;Não
2024-36781047-8;(BM) 2024-054320474-001;04/12/2024 15:50;RUA ONZE DE DEZEMBRO, Nº 125 - CANDEIAS - PASSOS;-207.215.606;-466.137.381;V01003 - VITIMA COM CRISE CONVULSIVA (C) (Prioridade: 1 - Alta);1CIA IND/2CIA/1PEL(PASSOS);UR04360;Não;Não;Não;BOLETIM DE OCORRENCIA;Classificada;05/12/2024 08:36;Não
2024-36781602-7;(BM) 2024-054320825-001;04/12/2024 16:19;AVENIDA ARLINDO FIGUEIREDO, Nº S/N - JARDIM PINHEIROS 2 - PASSOS;-207.262.479;-466.225.308;X03000 - EMPENHO ADMINISTRATIVO (C) (Prioridade: 2 - Média);1CIA IND/2CIA/1PEL(PASSOS);ASL06087;Não;Não;Não;BOLETIM DE OCORRENCIA;Classificada;05/12/2024 08:36;Não
2024-36784175-4;(BM) 2024-054350470-001;04/12/2024 19:03;RUA ETIOPIA, Nº 414 - SAO BENEDITO - PASSOS;-207.216.109;-466.021.517;S06001 - SALVAMENTO DE ANIMAL EM RISCO / PERIGO (C) (Prioridade: 2 - Média);1CIA IND/2CIA/1PEL(PASSOS);ASL06087;Não;Não;Não;BOLETIM DE OCORRENCIA;Classificada;05/12/2024 08:36;Não
2024-36784320-1;(BM) 2024-054403930-001;04/12/2024 19:13;AVENIDA NACOES, Nº S/N - VILA RICA - PASSOS;-207.276.808;-46.600.861;P03999 - OUTROS TIPOS DE PCI / PCA   (C) (Prioridade: 2 - Média);1CIA IND/2CIA/1PEL(PASSOS);UR04360;Não;Não;Não;BOLETIM DE OCORRENCIA;Classificada;05/12/2024 08:36;Não
2024-36785501-1;(BM) 2024-054363112-001;04/12/2024 20:38;RUA BRANDOES, Nº S/N - CENTRO - PASSOS;-207.239.578;-466.067.288;V01018 - VITIMA DE MAL NAO DEFINIDO (DISTURBIO) (C) (Prioridade: 1 - Alta);1CIA IND/2CIA/1PEL(PASSOS);UR04360;Não;Não;Não;BOLETIM DE OCORRENCIA;Classificada;05/12/2024 08:36;Não
2024-36787731-2;(BM) 2024-054391085-002 / (PM) 2024-054391085-001;04/12/2024 23:23;RUA PARA / RUA PARANA - BELA VISTA - PASSOS;-20.714.287;-465.996.229;V02403 - VITIMA DE COLISAO ENTRE AUTOMOVEIS (CARRO / CAMINHONETE) (C) (Prioridade: 1 - Alta);1CIA IND/2CIA/1PEL(PASSOS);UR04360;Não;Não;Não;BOLETIM DE OCORRENCIA;Classificada;05/12/2024 08:36;Não
2024-36788862-6;(BM) 2024-054399508-001;05/12/2024 01:26;RUA ALPENINOS, Nº 564 - CALIFORNIA - PASSOS;-207.054.885;-466.171.544;V01024 - VITIMA DE SUICIDIO (TENTATIVA) - APH CLINICO (C) (Prioridade: 1 - Alta);1CIA IND/2CIA/1PEL(PASSOS);UR04360;Não;Não;Não;BOLETIM DE OCORRENCIA;Classificada;05/12/2024 08:35;Não
2024-36789037-8;(BM) 2024-054399523-001;05/12/2024 01:56;RUA TEOFILO OTTONI, Nº 488 - COHAB 3 - PASSOS;-207.068.439;-466.278.677;V03025 - VITIMA COM FERIMENTO DE CORTE/CONTUSAO (C) (Prioridade: 1 - Alta);1CIA IND/2CIA/1PEL(PASSOS);UR00565;Não;Não;Não;BOLETIM DE OCORRENCIA;Classificada;05/12/2024 08:35;Não
2024-36789678-2;;05/12/2024 05:45;RUA TOLEDOS, Nº 190 - SAO BENEDITO - PASSOS;-207.221.501;-465.998.506;S06002 - CAPTURA DE ANIMAL SILVESTRE PERIGOSO / AGRESSIVO (C) (Prioridade: 2 - Média);1CIA IND/2CIA/1PEL(PASSOS);;Não;Não;Não;DISPENSADA PELO SOLICITANTE;Classificada;05/12/2024 05:52;Não
2024-36790380-8;(BM) 2024-054419360-001;05/12/2024 07:51;RUA CARPAS, Nº 47 - RECANTO DEL REI - PASSOS;-207.286.431;-465.974.769;V01018 - VITIMA DE MAL NAO DEFINIDO (DISTURBIO) (C) (Prioridade: 1 - Alta);1CIA IND/2CIA/1PEL(PASSOS);UR04360;Não;Não;Não;BOLETIM DE OCORRENCIA;Classificada;06/12/2024 06:16;Não
2024-36790472-4;(BM) 2024-054414289-001;05/12/2024 08:01;AVENIDA COMENDADOR FRANCISCO A MAIA, Nº S/N - SANTA CASA - PASSOS;-207.146.788;-466.127.072;P03009 - PREVENCAO EM PONTO-BASE / FERIADOS PROLONGADOS (C) (Prioridade: 2 - Média);1CIA IND/2CIA/1PEL(PASSOS);ASL06087 / UR00565;Não;Não;Não;BOLETIM DE OCORRENCIA;Classificada;06/12/2024 06:13;Não
2024-36790489-7;;05/12/2024 08:04;AVENIDA BELA VISTA, Nº 973 - ICARAI - ITAU DE MINAS;-207.443.461;-467.615.458;S06002 - CAPTURA DE ANIMAL SILVESTRE PERIGOSO / AGRESSIVO (C) (Prioridade: 2 - Média);1CIA IND/2CIA/1PEL(PASSOS);;Não;Não;Não;DISPENSADA PELO SOLICITANTE;Classificada;05/12/2024 08:06;Não
2024-36790662-0;(BM) 2024-054414354-001;05/12/2024 08:21;AVENIDA BELA VISTA, Nº 973 - ICARAI - ITAU DE MINAS;-207.443.461;-467.615.458;S06002 - CAPTURA DE ANIMAL SILVESTRE PERIGOSO / AGRESSIVO (C) (Prioridade: 2 - Média);1CIA IND/2CIA/1PEL(PASSOS);ASL06087;Não;Não;Não;BOLETIM DE OCORRENCIA;Classificada;06/12/2024 06:13;Não
2024-36791223-5;(BM) 2024-054433285-001;05/12/2024 09:07;PRACA GERALDO DA SILVA MAIA, Nº S/N - CENTRO - PASSOS;-207.208.941;-46.609.005;V02102 - VITIMA DE ATROPELAMENTO POR MOTOCICLETA (C) (Prioridade: 1 - Alta);1CIA IND/2CIA/1PEL(PASSOS);UR04360;Não;Não;Não;BOLETIM DE OCORRENCIA;Classificada;06/12/2024 06:17;Não
2024-36791305-8;;05/12/2024 09:13;AVENIDA VENERANDO PIO DA SILVEIRA, Nº S/N - RESIDENCIAL ALTO DA COLINA - CONCEICAO DA APARECIDA;-211.077.521;-462.004.155;P01003 - VISTORIA EM EVENTOS TEMPORARIOS (C) (Prioridade: 1 - Alta);1CIA IND/2CIA/1PEL(PASSOS);;Não;Não;Não;DUPLICADA;Classificada;05/12/2024 09:15;Não
2024-36792384-0;(BM) 2024-054434643-001;05/12/2024 10:44;RODOVIA MG 050, Nº 1360 - SERRA VERDE - PASSOS;-20.737.687;-465.900.815;P01001 - VISTORIA DE FISCALIZACAO (C) (Prioridade: 2 - Média);1CIA IND/2CIA/PEL PREV E VIST(PASSOS);APF01362;Não;Não;Não;BOLETIM DE OCORRENCIA;Classificada;06/12/2024 06:18;Não
2024-36792615-0;(BM) 2024-054462415-001;05/12/2024 11:01;RUA ANTONIO CELESTINO, Nº 909 - CANJERANUS - PASSOS;;;V01004 - VITIMA COM CRISE DIABETICA / HIPOGLICEMIA (C) (Prioridade: 1 - Alta);1CIA IND/2CIA/1PEL(PASSOS);UR04360;Não;Não;Não;BOLETIM DE OCORRENCIA;Classificada;06/12/2024 06:17;Não
2024-36793374-1;(BM) 2024-054447395-001;05/12/2024 12:12;RUA AURORA, Nº 358 - BELO HORIZONTE - PASSOS;-207.256.478;-466.039.336;V01023 - VITIMA DE SINCOPE (DESMAIO)/VERTIGEM (C) (Prioridade: 1 - Alta);1CIA IND/2CIA/1PEL(PASSOS);UR04360;Não;Não;Não;BOLETIM DE OCORRENCIA;Classificada;06/12/2024 06:17;Não
2024-36793575-3;(PM) 2024-054464260-001;05/12/2024 12:34;AVENIDA DOUTOR BRENO SOARES MAIA, Nº S/N - BELO HORIZONTE - PASSOS;-207.274.464;-466.041.645;W98011 - SOLICITACAO DE APOIO (C) (Prioridade: 1 - Alta);1CIA IND/2CIA/1PEL(PASSOS);;Não;Não;Não;ATENDIDA PELO SAMU;Classificada;05/12/2024 13:04;Não
2024-36793684-9;(BM) 2024-054453299-001;05/12/2024 12:47;AVENIDA JK, Nº 1510 - NOVO HORIZONTE - PASSOS;-207.311.685;-466.001.533;V01003 - VITIMA COM CRISE CONVULSIVA (C) (Prioridade: 1 - Alta);1CIA IND/2CIA/1PEL(PASSOS);UR04360;Não;Não;Não;BOLETIM DE OCORRENCIA;Classificada;06/12/2024 06:17;Não
2024-36793799-0;;05/12/2024 12:58;AVENIDA DOUTOR BRENO SOARES MAIA, Nº 456 - BELO HORIZONTE - PASSOS;-207.303.994;-466.038.524;V03020 - VITIMA DE QUEIMADURA (C) (Prioridade: 1 - Alta);1CIA IND/2CIA/1PEL(PASSOS);;Não;Não;Não;DUPLICADA;Classificada;05/12/2024 13:01;Não
2024-36794384-0;(BM) 2024-054457271-001;05/12/2024 13:45;AVENIDA COMENDADOR FRANCISCO A MAIA, Nº 4050 - EXPOSICAO - PASSOS;-207.333.293;-466.060.067;P01001 - VISTORIA DE FISCALIZACAO (C) (Prioridade: 2 - Média);1CIA IND/2CIA/PEL PREV E VIST(PASSOS);APF01362;Não;Não;Não;BOLETIM DE OCORRENCIA;Classificada;06/12/2024 06:14;Não
2024-36796020-5;(BM) 2024-054482130-001;05/12/2024 15:15;AVENIDA OTTO KRAKAUER, Nº 886 - SANTA CASA - PASSOS;-20.712.075;-466.109.928;S06002 - CAPTURA DE ANIMAL SILVESTRE PERIGOSO / AGRESSIVO (C) (Prioridade: 2 - Média);1CIA IND/2CIA/1PEL(PASSOS);ASL06087;Não;Não;Não;BOLETIM DE OCORRENCIA;Classificada;06/12/2024 06:18;Não
2024-36807383-4;(BM) 2024-054589546-001;06/12/2024 08:34;AVENIDA AROUCA, Nº S/N - CENTRO - PASSOS;-20.715.228;-466.094.169;P03009 - PREVENCAO EM PONTO-BASE / FERIADOS PROLONGADOS (C) (Prioridade: 2 - Média);1CIA IND/2CIA/1PEL(PASSOS);UR04360;Não;Não;Não;BOLETIM DE OCORRENCIA;Classificada;07/12/2024 07:47;Não
2024-36807497-3;(BM) 2024-054591861-001;06/12/2024 08:44;RUA LAVRAS, Nº 789 - MARIO MAGALHAES - PASSOS;-207.294.624;-466.104.826;V03019 - VITIMA DE QUEDA DE ALTURA (C) (Prioridade: 1 - Alta);1CIA IND/2CIA/1PEL(PASSOS);UR00565 / UR04360;Não;Não;Não;BOLETIM DE OCORRENCIA;Classificada;07/12/2024 07:48;Não
2024-36807777-0;(BM) 2024-054594248-001;06/12/2024 09:09;RUA DOUTOR CARVALHO, Nº 1455 - NOSSA SENHORA DAS GRAÇAS - PASSOS;-207.352.269;-466.037.303;Q03006 - TREINAMENTO DE FORMACAO DE BRIGADAS (C) (Prioridade: 2 - Média);1CIA IND/2CIA/1PEL(PASSOS);BM1637750;Não;Não;Não;BOLETIM DE OCORRENCIA;Classificada;07/12/2024 07:47;Não
2024-36808158-3;(BM) 2024-054599121-001;06/12/2024 09:42;AVENIDA COMENDADOR FRANCISCO A MAIA, Nº 4050 - EXPOSICAO - PASSOS;-207.333.293;-466.060.067;P01001 - VISTORIA DE FISCALIZACAO (C) (Prioridade: 2 - Média);1CIA IND/2CIA/PEL PREV E VIST(PASSOS);APF01362;Não;Não;Não;BOLETIM DE OCORRENCIA;Classificada;07/12/2024 07:47;Não
2024-36808355-4;(BM) 2024-054601542-001;06/12/2024 09:56;RUA GOIAS, Nº 984 - SANTA LUZIA - PASSOS;-207.102.639;-466.017.958;S05102 - CHOQUE DE MOTOCICLETA (C) (Prioridade: 1 - Alta);1CIA IND/2CIA/1PEL(PASSOS);UR00565;Não;Não;Não;BOLETIM DE OCORRENCIA;Classificada;07/12/2024 07:48;Não
2024-36809168-2;(BM) 2024-054622431-001;06/12/2024 11:01;FAZENDA SAO FRANCISCO, Nº S/N - PASSOS;-205.037.776;-467.574.148;V03019 - VITIMA DE QUEDA DE ALTURA (C) (Prioridade: 1 - Alta);1CIA IND/2CIA/1PEL(PASSOS);UR04360;Não;Não;Não;BOLETIM DE OCORRENCIA;Classificada;07/12/2024 07:48;Não
2024-36809677-6;(BM) 2024-054622485-001;06/12/2024 11:38;RODOVIA MG 050, Nº S/N - PASSOS;-207.372.242;-466.331.087;S06002 - CAPTURA DE ANIMAL SILVESTRE PERIGOSO / AGRESSIVO (C) (Prioridade: 2 - Média);1CIA IND/2CIA/1PEL(PASSOS);ASL06087;Não;Não;Não;BOLETIM DE OCORRENCIA;Classificada;07/12/2024 07:48;Não
2024-36811256-0;(BM) 2024-054647002-001;06/12/2024 14:05;RUA MADRE CARMEN SALLES, Nº 472 - CENTRO - PASSOS;-207.213.101;-466.046.987;V01006 - VITIMA COM DIFICULDADE DE LOCOMOCAO (C) (Prioridade: 1 - Alta);1CIA IND/2CIA/1PEL(PASSOS);UR04360;Não;Não;Não;BOLETIM DE OCORRENCIA;Classificada;07/12/2024 07:48;Não
2024-36814245-0;(BM) 2024-054696949-001;06/12/2024 16:52;RUA GOVERNADOR VALADARES, Nº 221 - MUARAMA 2 - PASSOS;;;V01018 - VITIMA DE MAL NAO DEFINIDO (DISTURBIO) (C) (Prioridade: 1 - Alta);1CIA IND/2CIA/1PEL(PASSOS);UR00565;Não;Não;Não;BOLETIM DE OCORRENCIA;Classificada;07/12/2024 07:48;Não
2024-36817564-5;(BM) 2024-054726399-001;06/12/2024 20:20;RUA MARGARIDA S SILVEIRA, Nº 98 - PARQUE DA ESTACAO - PASSOS;-207.034.107;-466.112.459;V01018 - VITIMA DE MAL NAO DEFINIDO (DISTURBIO) (C) (Prioridade: 1 - Alta);1CIA IND/2CIA/1PEL(PASSOS);UR04360;Não;Não;Não;BOLETIM DE OCORRENCIA;Classificada;07/12/2024 07:48;Não
2024-36819060-2;(BM) 2024-054726163-001;06/12/2024 21:48;RUA GOIAS, Nº S/N - SANTA LUZIA - PASSOS;-207.077.147;-466.045.927;V01008 - VITIMA COM DOR ABDOMINAL (ABDOME AGUDO) (C) (Prioridade: 2 - Média);1CIA IND/2CIA/1PEL(PASSOS);UR04360;Não;Não;Não;BOLETIM DE OCORRENCIA;Classificada;07/12/2024 07:48;Não
2024-36822276-0;(BM) 2024-054758221-001;07/12/2024 01:08;RUA SENZALA, Nº 132 - CASARAO - PASSOS;-207.172.832;-465.896.522;V01007 - VITIMA COM DISPNEIA (FALTA DE AR) (C) (Prioridade: 1 - Alta);1CIA IND/2CIA/1PEL(PASSOS);UR04360;Não;Não;Não;BOLETIM DE OCORRENCIA;Classificada;07/12/2024 07:48;Não
2024-36824250-7;(BM) 2024-054785293-001;07/12/2024 06:26;AVENIDA OLIVEIRA REZENDE, Nº 1217 - CENTRO - SAO SEBASTIAO PARAISO;-209.098.609;-469.961.759;X03000 - EMPENHO ADMINISTRATIVO (C) (Prioridade: 2 - Média);1CIA IND/2CIA/PEL PREV E VIST(PASSOS);APF01362;Não;Não;Não;BOLETIM DE OCORRENCIA;Classificada;08/12/2024 11:36;Não
2024-36825005-9;(BM) 2024-054785211-001;07/12/2024 08:27;RODOVIA MG 050, Km 356 - VILA ROMANA - PASSOS;-207.387.797;-4.661.397;P03013 - PREVENCAO EM DESFILE (C) (Prioridade: 2 - Média);1CIA IND/2CIA/1PEL(PASSOS);UR04360;Não;Não;Não;BOLETIM DE OCORRENCIA;Classificada;08/12/2024 07:00;Não
2024-36827339-5;(BM) 2024-054829410-001;07/12/2024 13:01;AVENIDA AROUCA, Nº 457 - CENTRO - PASSOS;-207.171.857;-466.085.987;V01018 - VITIMA DE MAL NAO DEFINIDO (DISTURBIO) (C) (Prioridade: 1 - Alta);1CIA IND/2CIA/1PEL(PASSOS);UR04360;Não;Não;Não;BOLETIM DE OCORRENCIA;Classificada;08/12/2024 07:00;Não
2024-36827443-7;(BM) 2024-054785369-001;07/12/2024 13:10;RODOVIA MG 050, Km 356 - VILA ROMANA - PASSOS;-207.387.797;-4.661.397;V03018 - VITIMA DE QUEDA DA PROPRIA ALTURA (C) (Prioridade: 1 - Alta);1CIA IND/2CIA/1PEL(PASSOS);UR04360;Não;Não;Não;BOLETIM DE OCORRENCIA;Classificada;08/12/2024 07:00;Não
2024-36829906-4;(BM) 2024-054893409-001;07/12/2024 16:24;PRACA BLANDINA DE ANDRADE, Nº 75 - CENTRO - PASSOS;-207.160.449;-466.123.396;V01013 - VITIMA DE EMERGENCIAS PSIQUIATRICAS (C) (Prioridade: 1 - Alta);1CIA IND/2CIA/1PEL(PASSOS);UR04360;Não;Não;Não;BOLETIM DE OCORRENCIA;Classificada;08/12/2024 07:00;Não
2024-36830258-3;;07/12/2024 16:46;RUA SALOMAO JORGE FERES, Nº 27 - VILA BETINHO - PASSOS;-207.169.134;-466.374.443;S06001 - SALVAMENTO DE ANIMAL EM RISCO / PERIGO (C) (Prioridade: 2 - Média);1CIA IND/2CIA/1PEL(PASSOS);;Não;Não;Não;DISPENSADA PELO SOLICITANTE;Classificada;07/12/2024 19:10;Não
2024-36831349-2;(BM) 2024-054825531-001 / (PM) 2024-054825531-002;07/12/2024 18:03;RODOVIA MG 050, Km 355 - PASSOS;-207.388.237;-466.163.847;V02408 - VITIMA DE COLISAO ENTRE AUTOMOVEL X MOTOCICLETA (C) (Prioridade: 1 - Alta);1CIA IND/2CIA/1PEL(PASSOS);UR04360;Não;Não;Não;BOLETIM DE OCORRENCIA;Classificada;08/12/2024 07:00;Não
2024-36832046-6;(PM) 2024-054837956-001;07/12/2024 18:47;RUA DOIS DE NOVEMBRO, Nº 273 - CENTRO - PASSOS;-207.225.063;-466.050.188;W98011 - SOLICITACAO DE APOIO (C) (Prioridade: 1 - Alta);1CIA IND/2CIA/1PEL(PASSOS);;Não;Não;Não;ATENDIDA PELO SAMU;Classificada;07/12/2024 19:32;Não
2024-36832168-3;;07/12/2024 18:54;RUA DOIS DE NOVEMBRO, Nº 273 - CENTRO - PASSOS;-207.225.063;-466.050.188;V01013 - VITIMA DE EMERGENCIAS PSIQUIATRICAS (C) (Prioridade: 1 - Alta);1CIA IND/2CIA/1PEL(PASSOS);;Não;Não;Não;DUPLICADA;Classificada;07/12/2024 19:32;Não
2024-36832840-6;(BM) 2024-054836923-001;07/12/2024 19:37;PRACA GERALDO DA SILVA MAIA, Nº S/N - CENTRO - PASSOS;-207.208.941;-46.609.005;P03009 - PREVENCAO EM PONTO-BASE / FERIADOS PROLONGADOS (C) (Prioridade: 2 - Média);1CIA IND/2CIA/1PEL(PASSOS);UR04360;Não;Não;Não;BOLETIM DE OCORRENCIA;Classificada;08/12/2024 07:00;Não
2024-36837611-6;;08/12/2024 00:06;RUA PARA, Nº 572 - CANJERANUS - PASSOS;-207.097.362;-466.046.867;V03005 - VITIMA DE AGRESSAO FISICA SEM USO DE ARMA (C) (Prioridade: 3 - Baixa);1CIA IND/2CIA/1PEL(PASSOS);UR04360;Não;Não;Não;NADA CONSTATADO;Classificada;08/12/2024 01:02;Não
2024-36839772-6;(BM) 2024-054890420-001;08/12/2024 02:50;RUA MONTE SANTO, Nº 492 - PRIMAVERA 1 - PASSOS;;;V01025 - VITIMA DE USO / ABUSO / DEPENDENCIA DE DROGAS / ALCOOL (C) (Prioridade: 1 - Alta);1CIA IND/2CIA/1PEL(PASSOS);UR04360;Não;Não;Não;BOLETIM DE OCORRENCIA;Classificada;08/12/2024 06:59;Não
2024-36840979-1;;08/12/2024 07:15;RUA MONTE SANTO, Nº 492 - COHAB 3 - PASSOS;-207.058.484;-466.272.244;V01006 - VITIMA COM DIFICULDADE DE LOCOMOCAO (C) (Prioridade: 1 - Alta);1CIA IND/2CIA/1PEL(PASSOS);;Não;Não;Não;DUPLICADA;Classificada;08/12/2024 07:33;Não
2024-36841379-0;(BM) 2024-054900008-001;08/12/2024 08:21;AVENIDA JK, Nº S/N - MONSENHOR MESSIAS - PASSOS;-207.342.178;-465.979.772;P03999 - OUTROS TIPOS DE PCI / PCA   (C) (Prioridade: 2 - Média);1CIA IND/2CIA/1PEL(PASSOS);UR04360;Não;Não;Não;BOLETIM DE OCORRENCIA;Classificada;09/12/2024 08:03;Não
2024-36841533-8;(BM) 2024-054902470-001;08/12/2024 08:48;RUA GOIAS, Nº 441 - PASSOS;-207.068.868;-466.052.557;V01018 - VITIMA DE MAL NAO DEFINIDO (DISTURBIO) (C) (Prioridade: 1 - Alta);1CIA IND/2CIA/1PEL(PASSOS);UR04360;Não;Não;Não;BOLETIM DE OCORRENCIA;Classificada;09/12/2024 08:03;Não
2024-36841897-4;(BM) 2024-054911731-001;08/12/2024 09:36;RUA UBERABA, Nº 611 - COHAB 3 - PASSOS;-207.049.964;-466.282.257;V01009 - VITIMA COM DOR NA COLUNA VERTEBRAL (COSTAS) (C) (Prioridade: 1 - Alta);1CIA IND/2CIA/1PEL(PASSOS);UR04360;Não;Não;Não;BOLETIM DE OCORRENCIA;Classificada;09/12/2024 08:03;Não
2024-36842167-7;(BM) 2024-054907103-001;08/12/2024 10:07;RUA ETIOPIA, Nº 175 - CENTRO - PASSOS;-207.206.009;-466.042.109;S06002 - CAPTURA DE ANIMAL SILVESTRE PERIGOSO / AGRESSIVO (C) (Prioridade: 2 - Média);1CIA IND/2CIA/1PEL(PASSOS);ASL06087;Não;Não;Não;BOLETIM DE OCORRENCIA;Classificada;09/12/2024 08:03;Não
2024-36843624-2;(BM) 2024-054930230-001;08/12/2024 13:08;RUA SARGENTO JOSE EMIDIO DE OLIVEIRA, Nº 27 - JARDIM SATELITE - PASSOS;-207.131.074;-466.201.234;V01006 - VITIMA COM DIFICULDADE DE LOCOMOCAO (C) (Prioridade: 1 - Alta);1CIA IND/2CIA/1PEL(PASSOS);UR04360;Não;Não;Não;BOLETIM DE OCORRENCIA;Classificada;09/12/2024 08:03;Não
2024-36844881-0;(BM) 2024-054930268-001;08/12/2024 14:58;RUA SETE DE SETEMBRO, Nº 766 - BELO HORIZONTE - PASSOS;-207.305.363;-466.063.307;V01003 - VITIMA COM CRISE CONVULSIVA (C) (Prioridade: 1 - Alta);1CIA IND/2CIA/1PEL(PASSOS);UR04360;Não;Não;Não;BOLETIM DE OCORRENCIA;Classificada;09/12/2024 08:03;Não
2024-36849517-5;(BM) 2024-054983269-001;08/12/2024 20:11;RUA PEDRO SICAR ROMANELLI, Nº 61 - COHAB 3 - PASSOS;-207.024.212;-466.247.623;S06001 - SALVAMENTO DE ANIMAL EM RISCO / PERIGO (C) (Prioridade: 2 - Média);1CIA IND/2CIA/1PEL(PASSOS);ASL06087;Não;Não;Não;BOLETIM DE OCORRENCIA;Classificada;09/12/2024 08:03;Não
2024-36851114-1;(BM) 2024-054994230-001;08/12/2024 21:47;RUA DOMINGOS F DE CARVALHO, Nº 303 - PENHA 2 - PASSOS;;;V01013 - VITIMA DE EMERGENCIAS PSIQUIATRICAS (C) (Prioridade: 1 - Alta);1CIA IND/2CIA/1PEL(PASSOS);UR04360;Não;Não;Não;BOLETIM DE OCORRENCIA;Classificada;09/12/2024 08:03;Não
2024-36854010-2;(BM) 2024-055012710-001;09/12/2024 01:15;AVENIDA DONA LIQUINHA SILVEIRA, Nº 1935 - CALIFORNIA - PASSOS;-207.002.958;-466.175.254;S05102 - CHOQUE DE MOTOCICLETA (C) (Prioridade: 2 - Média);1CIA IND/2CIA/1PEL(PASSOS);UR04360;Não;Não;Não;BOLETIM DE OCORRENCIA;Classificada;09/12/2024 08:03;Não
2024-36854336-0;(BM) 2024-055012699-001;09/12/2024 02:09;RUA SANTA INES, Nº 210 - BELO HORIZONTE - PASSOS;-207.265.716;-466.084.626;S06002 - CAPTURA DE ANIMAL SILVESTRE PERIGOSO / AGRESSIVO (C) (Prioridade: 3 - Baixa);1CIA IND/2CIA/1PEL(PASSOS);ASL06087;Não;Não;Não;BOLETIM DE OCORRENCIA;Classificada;09/12/2024 08:03;Não
2024-36855063-4;(BM) 2024-055018655-001;09/12/2024 06:12;RUA NOSSA SENHORA DE FATIMA, Nº 1179 - JARDIM ELAINE - PASSOS;-206.942.769;-46.616.424;V03026 - VITIMA COM ENTORSE/ESTIRAMENTO/LUXACAO (C) (Prioridade: 3 - Baixa);1CIA IND/2CIA/1PEL(PASSOS);UR04360;Não;Não;Não;BOLETIM DE OCORRENCIA;Classificada;09/12/2024 08:03;Não
2024-36855901-8;(BM) 2024-055033772-001;09/12/2024 08:17;RODOVIA MG 050, Nº S/N - PASSOS;-207.372.242;-466.331.087;W06000 - TESTE (C) (Prioridade: 3 - Baixa);1CIA IND/2CIA/1PEL(PASSOS);UR00565 / 01193;Não;Não;Não;BOLETIM DE OCORRENCIA;Classificada;10/12/2024 08:06;Não
2024-36856475-7;(BM) 2024-055033729-001;09/12/2024 09:13;AVENIDA SABIA, Nº S/N - MUARAMA 2 - PASSOS;-207.330.855;-466.157.928;S06001 - SALVAMENTO DE ANIMAL EM RISCO / PERIGO (C) (Prioridade: 2 - Média);1CIA IND/2CIA/1PEL(PASSOS);ASL06087;Não;Não;Não;BOLETIM DE OCORRENCIA;Classificada;10/12/2024 08:07;Não
2024-36857047-9;(BM) 2024-055046170-001;09/12/2024 10:06;RUA ESTUDANTES, Nº 157 - PENHA - PASSOS;-207.183.404;-466.177.237;S06001 - SALVAMENTO DE ANIMAL EM RISCO / PERIGO (C) (Prioridade: 2 - Média);1CIA IND/2CIA/1PEL(PASSOS);ASL06087;Não;Não;Não;BOLETIM DE OCORRENCIA;Classificada;10/12/2024 08:07;Não
2024-36858033-0;(BM) 2024-055072453-001;09/12/2024 11:20;RUA NORUEGA, Nº 206 - NOVO MUNDO - PASSOS;-207.269.672;-465.890.922;V01020 - VITIMA COM PARADA CARDIORRESPIRATORIA (C) (Prioridade: 1 - Alta);1CIA IND/2CIA/1PEL(PASSOS);UR04360;Não;Não;Não;BOLETIM DE OCORRENCIA;Classificada;10/12/2024 08:07;Não
2024-36859283-2;(BM) 2024-055072388-001;09/12/2024 13:22;AVENIDA DONA LIQUINHA SILVEIRA, Nº 585 - COHAB 1 - PASSOS;-207.105.181;-466.249.103;P01001 - VISTORIA DE FISCALIZACAO (C) (Prioridade: 2 - Média);1CIA IND/2CIA/PEL PREV E VIST(PASSOS);APF01362;Não;Não;Não;BOLETIM DE OCORRENCIA;Classificada;10/12/2024 08:07;Não
2024-36859603-1;(BM) 2024-055072481-001;09/12/2024 13:49;RUA PANORAMA, Nº 75 - PASSOS;-207.166.201;-466.258.187;P01001 - VISTORIA DE FISCALIZACAO (C) (Prioridade: 2 - Média);1CIA IND/2CIA/PEL PREV E VIST(PASSOS);APF01362;Não;Não;Não;BOLETIM DE OCORRENCIA;Classificada;10/12/2024 08:07;Não
2024-36860056-8;(BM) 2024-055078030-001;09/12/2024 14:17;RUA SAO MIGUEL, Nº 512 - PASSOS;-207.314.581;-466.177.887;P01001 - VISTORIA DE FISCALIZACAO (C) (Prioridade: 2 - Média);1CIA IND/2CIA/PEL PREV E VIST(PASSOS);APF01362;Não;Não;Não;BOLETIM DE OCORRENCIA;Classificada;10/12/2024 08:07;Não
2024-36861860-7;(BM) 2024-055103891-001;09/12/2024 15:51;RUA JOAQUIM SILVEIRA BORGES, Nº 120 - RECANTO DA TEKA - PASSOS;-207.443.005;-465.971.972;V01025 - VITIMA DE USO / ABUSO / DEPENDENCIA DE DROGAS / ALCOOL (C) (Prioridade: 1 - Alta);1CIA IND/2CIA/1PEL(PASSOS);UR04360;Não;Não;Não;BOLETIM DE OCORRENCIA;Classificada;10/12/2024 08:07;Não
2024-36863216-9;(BM) 2024-055129714-001;09/12/2024 17:15;RUA ORLANDO ADAO CARNEIRO, Nº 406 - RECANTO DA TEKA - PASSOS;-207.446.487;-465.982.767;W03000 - SOLICITANTE ENCONTRADO - PROVIDENCIA DISPENSADA (C) (Prioridade: 3 - Baixa);1CIA IND/2CIA/1PEL(PASSOS);ASL06087;Não;Não;Não;BOLETIM DE OCORRENCIA;Classificada;10/12/2024 08:07;Não
2024-36863902-6;(BM) 2024-055131804-001;09/12/2024 17:55;RUA PITANGAS, Nº 595 - PASSOS;-207.174.243;-466.303.754;V03003 - VITIMA DE AGRESSAO FISICA COM ARMA BRANCA (C) (Prioridade: 1 - Alta);1CIA IND/2CIA/1PEL(PASSOS);UR04360;Não;Não;Não;BOLETIM DE OCORRENCIA;Classificada;10/12/2024 08:07;Não
2024-36865988-2;(BM) 2024-055158274-001;09/12/2024 20:08;RUA RIO VERDE, Nº 550 - SANTA LUZIA - PASSOS;-207.064.277;-466.032.908;V03018 - VITIMA DE QUEDA DA PROPRIA ALTURA (C) (Prioridade: 1 - Alta);1CIA IND/2CIA/1PEL(PASSOS);UR04360;Não;Não;Não;BOLETIM DE OCORRENCIA;Classificada;10/12/2024 08:07;Não
2024-36867165-1;(BM) 2024-055170398-001;09/12/2024 21:23;RODOVIA INTEGRAÇÃO - ALPINOPOLIS;;;S06008 - CORTE DE ARVORE CAIDA EM VIA PUBLICA (C) (Prioridade: 2 - Média);1CIA IND/2CIA/1PEL(PASSOS);ASL06087;Não;Não;Não;BOLETIM DE OCORRENCIA;Classificada;10/12/2024 08:07;Não
2024-36871847-5;(BM) 2024-055206077-001;10/12/2024 08:06;RUA ACEROLAS, Nº S/N - NOSSA SENHORA DE LOURDES - PASSOS;-206.976.607;-466.200.423;V01013 - VITIMA DE EMERGENCIAS PSIQUIATRICAS (C) (Prioridade: 1 - Alta);1CIA IND/2CIA/1PEL(PASSOS);UR04360;Não;Não;Não;BOLETIM DE OCORRENCIA;Classificada;11/12/2024 07:43;Não
2024-36872619-6;(BM) 2024-055305486-001;10/12/2024 09:17;RUA PRESIDENTE ANTONIO CARLOS, Nº S/N - CENTRO - PASSOS;-207.194.154;-466.092.794;P03009 - PREVENCAO EM PONTO-BASE / FERIADOS PROLONGADOS (C) (Prioridade: 2 - Média);1CIA IND/2CIA/1PEL(PASSOS);UR04360;Não;Não;Não;BOLETIM DE OCORRENCIA;Classificada;11/12/2024 07:43;Não
2024-36873134-2;(BM) 2024-055268705-001;10/12/2024 10:02;AVENIDA ARLINDO FIGUEIREDO, Nº 2211 - JARDIM CIDADE - PASSOS;-207.320.493;-466.302.434;O04011 - INCENDIO EM AREA URBANA NAO PROTEGIDA (C) (Prioridade: 2 - Média);1CIA IND/2CIA/1PEL(PASSOS);ASL06087;Não;Não;Não;BOLETIM DE OCORRENCIA;Classificada;11/12/2024 07:43;Não
2024-36874868-1;;10/12/2024 12:37;RUA AURELIANO F. LOPES, Nº 241 - SÃO BENEDITO - ALPINOPOLIS;-208.582.299;-463.860.796;V01001 - VITIMA DE ACIDENTE VASCULAR CEREBRAL (AVC) (C) (Prioridade: 1 - Alta);1CIA IND/2CIA/1PEL(PASSOS);;Não;Não;Não;ATENDIDA PELO SAMU;Classificada;10/12/2024 12:43;Não
2024-36875889-7;(BM) 2024-055253538-001;10/12/2024 13:59;RUA JOSE BENTO MARCOLINO, Nº 181 - PASSOS;;;P01001 - VISTORIA DE FISCALIZACAO (C) (Prioridade: 2 - Média);1CIA IND/2CIA/PEL PREV E VIST(PASSOS);APF01362;Não;Não;Não;BOLETIM DE OCORRENCIA;Classificada;11/12/2024 07:43;Não
2024-36876230-2;(BM) 2024-055260226-001;10/12/2024 14:21;AVENIDA AROUCA, Nº 570 - CENTRO - PASSOS;-207.180.049;-466.079.121;V03018 - VITIMA DE QUEDA DA PROPRIA ALTURA (C) (Prioridade: 1 - Alta);1CIA IND/2CIA/1PEL(PASSOS);UR04360;Não;Não;Não;BOLETIM DE OCORRENCIA;Classificada;11/12/2024 07:43;Não
2024-36876639-5;;10/12/2024 14:43;AVENIDA DONA LIQUINHA SILVEIRA, Nº 1546 - PASSOS;-207.032.271;-466.196.227;V01003 - VITIMA COM CRISE CONVULSIVA (C) (Prioridade: 1 - Alta);1CIA IND/2CIA/1PEL(PASSOS);;Não;Não;Não;NÃO ATENDIDA: FALTA DE VIATURA;Classificada;10/12/2024 14:44;Não
2024-36877410-0;(BM) 2024-055283051-001;10/12/2024 15:22;RUA BARIRIS, Nº 282 - SAO JOAQUIM - PASSOS;-207.427.954;-46.602.966;V03018 - VITIMA DE QUEDA DA PROPRIA ALTURA (C) (Prioridade: 1 - Alta);1CIA IND/2CIA/1PEL(PASSOS);UR04360;Não;Não;Não;BOLETIM DE OCORRENCIA;Classificada;11/12/2024 07:43;Não
2024-36878036-0;(BM) 2024-055281206-001;10/12/2024 15:56;AVENIDA EXPEDICIONARIOS, Nº 949 - JARDIM COLEGIO DE PASSOS - PASSOS;-207.229.654;-465.987.577;P01001 - VISTORIA DE FISCALIZACAO (C) (Prioridade: 2 - Média);1CIA IND/2CIA/PEL PREV E VIST(PASSOS);APF01362;Não;Não;Não;BOLETIM DE OCORRENCIA;Classificada;11/12/2024 07:43;Não
2024-36878260-4;(BM) 2024-055283694-001;10/12/2024 16:08;RUA JOAO TEIXEIRA MENDES, Nº 435 - JARDIM ITALIA - PASSOS;-20.745.987;-466.056.876;P01002 - VISTORIA DE LIBERACAO / EMISSAO DE AVCB (C) (Prioridade: 2 - Média);1CIA IND/2CIA/PEL PREV E VIST(PASSOS);APF01362;Não;Não;Não;BOLETIM DE OCORRENCIA;Classificada;11/12/2024 07:43;Não
2024-36878474-8;(BM) 2024-055295710-001;10/12/2024 16:21;RUA RIACHUELO, Nº 81 - CANDEIAS - PASSOS;-207.246.143;-466.152.676;S06001 - SALVAMENTO DE ANIMAL EM RISCO / PERIGO (C) (Prioridade: 2 - Média);1CIA IND/2CIA/1PEL(PASSOS);ASL06087;Não;Não;Não;BOLETIM DE OCORRENCIA;Classificada;11/12/2024 07:43;Não
2024-36880606-0;(BM) 2024-055313649-001;10/12/2024 18:38;RUA RIO TIETE, Nº 1062 - RECANTO DA HARMONIA - PASSOS;-207.036.039;-465.964.358;V01003 - VITIMA COM CRISE CONVULSIVA (C) (Prioridade: 1 - Alta);1CIA IND/2CIA/1PEL(PASSOS);UR04360;Não;Não;Não;BOLETIM DE OCORRENCIA;Classificada;11/12/2024 07:43;Não
2024-36885883-7;;11/12/2024 00:45;RUA JESO RIBEIRO DE ABREU, Nº 441 - NOVA CALIFORNIA - PASSOS;-207.000.029;-46.621.888;V01013 - VITIMA DE EMERGENCIAS PSIQUIATRICAS (C) (Prioridade: 1 - Alta);1CIA IND/2CIA/1PEL(PASSOS);UR04360;Não;Não;Não;DISPENSADA PELO SOLICITANTE;Classificada;11/12/2024 01:56;Não
2024-36886180-2;(BM) 2024-055365279-001;11/12/2024 01:23;RUA DOUTOR CARVALHO, Nº 1455 - NOSSA SENHORA DAS GRAÇAS - PASSOS;-207.352.269;-466.037.303;V01009 - VITIMA COM DOR NA COLUNA VERTEBRAL (COSTAS) (C) (Prioridade: 1 - Alta);1CIA IND/2CIA/1PEL(PASSOS);UR00565;Não;Não;Não;BOLETIM DE OCORRENCIA;Classificada;11/12/2024 07:43;Não
2024-36887303-6;(BM) 2024-055375638-001;11/12/2024 07:01;AVENIDA JUCA STOCKLER, Nº 1796 - NOSSA SENHORA DAS GRAÇAS - PASSOS;-207.392.133;-466.019.194;V02408 - VITIMA DE COLISAO ENTRE AUTOMOVEL X MOTOCICLETA (C) (Prioridade: 1 - Alta);1CIA IND/2CIA/1PEL(PASSOS);UR04360;Não;Não;Não;BOLETIM DE OCORRENCIA;Classificada;11/12/2024 08:01;Não
2024-36887400-2;(BM) 2024-055377994-001;11/12/2024 07:10;RUA TEOFILO OTTONI, Nº 531 - COHAB 3 - PASSOS;-207.068.147;-466.283.712;S06003 - CAPTURA DE CAO PERIGOSO / AGRESSIVO (C) (Prioridade: 2 - Média);1CIA IND/2CIA/1PEL(PASSOS);ASL06087;Não;Não;Não;BOLETIM DE OCORRENCIA;Classificada;11/12/2024 08:08;Não
2024-36887982-0;(BM) 2024-055381503-001;11/12/2024 08:16;RUA DOUTOR CARVALHO, Nº 1455 - NOSSA SENHORA DAS GRAÇAS - PASSOS;-207.352.269;-466.037.303;X03000 - EMPENHO ADMINISTRATIVO (C) (Prioridade: 2 - Média);1CIA IND/2CIA/COMANDANTE(PASSOS);BM1235613;Não;Não;Não;BOLETIM DE OCORRENCIA;Classificada;12/12/2024 07:57;Não
2024-36888257-6;(BM) 2024-055386337-001;11/12/2024 08:44;AVENIDA SABIA, Nº S/N - MUARAMA 2 - PASSOS;-207.330.855;-466.157.928;S06001 - SALVAMENTO DE ANIMAL EM RISCO / PERIGO (C) (Prioridade: 2 - Média);1CIA IND/2CIA/1PEL(PASSOS);ASL06087;Não;Não;Não;BOLETIM DE OCORRENCIA;Classificada;12/12/2024 07:57;Não
2024-36888963-0;(BM) 2024-055396674-001;11/12/2024 09:46;RUA LAVRAS, Nº 288 - FURNAS - SAO JOSE DA BARRA;-20.679.014;-463.342.384;X03000 - EMPENHO ADMINISTRATIVO (C) (Prioridade: 2 - Média);1CIA IND/2CIA/1PEL(PASSOS);ASL06087;Não;Não;Não;BOLETIM DE OCORRENCIA;Classificada;12/12/2024 07:57;Não
2024-36889464-6;(BM) 2024-055399559-001;11/12/2024 10:29;RUA PALMEIRAS, Nº 698 - SERRA DAS BRISAS - PASSOS;-207.360.507;-46.591.051;P01001 - VISTORIA DE FISCALIZACAO (C) (Prioridade: 2 - Média);1CIA IND/2CIA/PEL PREV E VIST(PASSOS);APF01362;Não;Não;Não;BOLETIM DE OCORRENCIA;Classificada;12/12/2024 07:57;Não
2024-36889985-9;(BM) 2024-055406292-001;11/12/2024 11:15;RUA BARIRIS, Nº 662 - JARDIM ITALIA - PASSOS;-207.451.386;-466.022.042;P01001 - VISTORIA DE FISCALIZACAO (C) (Prioridade: 2 - Média);1CIA IND/2CIA/PEL PREV E VIST(PASSOS);APF01362;Não;Não;Não;BOLETIM DE OCORRENCIA;Classificada;12/12/2024 07:57;Não
2024-36892448-8;(BM) 2024-055480010-001;11/12/2024 14:47;RODOVIA SENTIDO BOM JESUS DOS CAMPOS - SAO JOSE DA BARRA;;;S05103 - CHOQUE DE AUTOMOVEL (CARRO, CAMIONETA, CAMINHONETE) (C) (Prioridade: 1 - Alta);1CIA IND/2CIA/1PEL(PASSOS);ASL06087;Não;Não;Não;BOLETIM DE OCORRENCIA;Classificada;12/12/2024 07:57;Não
2024-36900265-7;(BM) 2024-055521544-001;11/12/2024 23:38;RUA DOUTOR CARVALHO, Nº 577 - BELO HORIZONTE - PASSOS;-207.268.584;-466.067.122;S06002 - CAPTURA DE ANIMAL SILVESTRE PERIGOSO / AGRESSIVO (C) (Prioridade: 2 - Média);1CIA IND/2CIA/1PEL(PASSOS);ASL06087;Não;Não;Não;BOLETIM DE OCORRENCIA;Classificada;12/12/2024 07:57;Não
2024-36900559-8;(BM) 2024-055521503-001;12/12/2024 00:07;RUA DOUTOR CARVALHO, Nº 1455 - NOSSA SENHORA DAS GRAÇAS - PASSOS;-207.352.269;-466.037.303;S04014 - SALVAMENTO DE PESSOA COM OBJETO PRESO AO CORPO (C) (Prioridade: 1 - Alta);1CIA IND/2CIA/1PEL(PASSOS);BM1274612;Não;Não;Não;BOLETIM DE OCORRENCIA;Classificada;12/12/2024 07:57;Não
2024-36904127-5;;12/12/2024 10:03;RUA CONTABILISTAS, Nº 277 - NOVO HORIZONTE - PASSOS;-207.316.857;-466.016.955;V01023 - VITIMA DE SINCOPE (DESMAIO)/VERTIGEM (C) (Prioridade: 1 - Alta);1CIA IND/2CIA/1PEL(PASSOS);UR04360;Não;Não;Não;DISPENSADA PELO SOLICITANTE;Classificada;12/12/2024 10:23;Não
2024-36904372-9;(BM) 2024-055558176-001;12/12/2024 10:22;RUA PIANTINOS, Nº 52 - BELO HORIZONTE - PASSOS;-207.255.638;-466.059.969;P01001 - VISTORIA DE FISCALIZACAO (C) (Prioridade: 2 - Média);1CIA IND/2CIA/PEL PREV E VIST(PASSOS);APF01362;Não;Não;Não;BOLETIM DE OCORRENCIA;Classificada;13/12/2024 09:21;Não
2024-36904707-5;(BM) 2024-055562302-001;12/12/2024 10:50;AVENIDA JUCA STOCKLER, Nº 734 - BELO HORIZONTE - PASSOS;-207.303.503;-466.048.156;P01001 - VISTORIA DE FISCALIZACAO (C) (Prioridade: 2 - Média);1CIA IND/2CIA/PEL PREV E VIST(PASSOS);APF01362;Não;Não;Não;BOLETIM DE OCORRENCIA;Classificada;13/12/2024 09:22;Não
2024-36906249-3;(BM) 2024-055599865-001;12/12/2024 13:23;RUA MORRO DO ACUDE, Nº 334 - PENHA - PASSOS;-207.189.925;-466.200.576;V01023 - VITIMA DE SINCOPE (DESMAIO)/VERTIGEM (C) (Prioridade: 1 - Alta);1CIA IND/2CIA/1PEL(PASSOS);UR04360;Não;Não;Não;BOLETIM DE OCORRENCIA;Classificada;13/12/2024 09:22;Não
2024-36906415-0;(BM) 2024-055618863-001;12/12/2024 13:34;PRACA PRAÇA DA MATRIZ - ALPINOPOLIS;;;P01003 - VISTORIA EM EVENTOS TEMPORARIOS (C) (Prioridade: 1 - Alta);1CIA IND/2CIA/PEL PREV E VIST(PASSOS);APF01362;Não;Não;Não;BOLETIM DE OCORRENCIA;Classificada;13/12/2024 09:22;Não
2024-36906593-9;;12/12/2024 13:45;RUA MAJOR COBRA, Nº 77 - GAMA CRUZ - POCOS DE CALDAS;;;V03010 - VITIMA DE ATAQUE DE INSETOS (C) (Prioridade: 1 - Alta);1CIA IND (POCOS DE CALDAS);;Não;Não;Não;ATENDIDA PELO SAMU;Classificada;12/12/2024 14:33;Não
2024-36907896-6;(BM) 2024-055601903-001;12/12/2024 15:02;RUA UBERABA, Nº 611 - COHAB 3 - PASSOS;-207.049.964;-466.282.257;V01009 - VITIMA COM DOR NA COLUNA VERTEBRAL (COSTAS) (C) (Prioridade: 1 - Alta);1CIA IND/2CIA/1PEL(PASSOS);UR04360;Não;Não;Não;BOLETIM DE OCORRENCIA;Classificada;13/12/2024 09:22;Não
2024-36910267-9;(BM) 2024-055627431-001 / (PM) 2024-055627431-002;12/12/2024 17:17;RUA JOAO TEIXEIRA MENDES, Nº S/N - FLAMBOYANT - PASSOS;-207.548.252;-466.033.392;V02103 - VITIMA DE ATROPELAMENTO POR AUTOMOVEL (CARRO / CAMINHONETE) (C) (Prioridade: 1 - Alta);1CIA IND/2CIA/1PEL(PASSOS);UR04360;Não;Não;Não;BOLETIM DE OCORRENCIA;Classificada;13/12/2024 09:22;Não
2024-36916322-8;(BM) 2024-055689446-001;13/12/2024 00:17;PRACA GERALDO DA SILVA MAIA, Nº S/N - CENTRO - PASSOS;-207.208.941;-46.609.005;V03005 - VITIMA DE AGRESSAO FISICA SEM USO DE ARMA (C) (Prioridade: 1 - Alta);1CIA IND/2CIA/1PEL(PASSOS);UR04360;Não;Não;Não;BOLETIM DE OCORRENCIA;Classificada;13/12/2024 09:22;Não
2024-36918409-5;(BM) 2024-055714047-001;13/12/2024 08:02;AVENIDA POCOS DE CALDAS, Nº 110 - PENHA - PASSOS;-207.140.225;-466.260.318;V02408 - VITIMA DE COLISAO ENTRE AUTOMOVEL X MOTOCICLETA (C) (Prioridade: 1 - Alta);1CIA IND/2CIA/1PEL(PASSOS);UR04360;Não;Não;Não;ATENDIDA PELO SAMU;Classificada;13/12/2024 09:22;Não
2024-36918937-3;(BM) 2024-055709709-001;13/12/2024 08:54;AVENIDA GOVERNADOR VALADARES, Nº 788 - CENTRO - ALPINOPOLIS;-208.631.923;-463.846.357;P01001 - VISTORIA DE FISCALIZACAO (C) (Prioridade: 2 - Média);1CIA IND/2CIA/PEL PREV E VIST(PASSOS);APF01362;Não;Não;Não;BOLETIM DE OCORRENCIA;Classificada;14/12/2024 07:29;Não
2024-36919977-3;(BM) 2024-055723310-001;13/12/2024 10:24;RODOVIA MG 050, Nº 575 - SERRA DAS BRISAS - PASSOS;-207.383.994;-465.956.904;V03018 - VITIMA DE QUEDA DA PROPRIA ALTURA (C) (Prioridade: 1 - Alta);1CIA IND/2CIA/1PEL(PASSOS);UR04360;Não;Não;Não;BOLETIM DE OCORRENCIA;Classificada;14/12/2024 07:29;Não
2024-36921141-2;(BM) 2024-055737446-001;13/12/2024 12:13;PRACA MANOEL LEITE LEMOS, Nº S/N - CENTRO - DELFINOPOLIS;-203.435.951;-468.535.649;P01003 - VISTORIA EM EVENTOS TEMPORARIOS (C) (Prioridade: 1 - Alta);1CIA IND/2CIA/1PEL(PASSOS);ASL06087;Não;Não;Não;BOLETIM DE OCORRENCIA;Classificada;14/12/2024 07:29;Não
2024-36922657-0;(BM) 2024-055755920-001;13/12/2024 14:27;AVENIDA EXPEDICIONARIOS, Nº 2229 - CONDOMÍNIO VALE VERDE - PASSOS;-207.253.229;-465.871.335;O04012 - INCENDIO EM LOTE VAGO (AREA URBANA) (C) (Prioridade: 2 - Média);1CIA IND/2CIA/1PEL(PASSOS);BM1272152;Não;Não;Não;BOLETIM DE OCORRENCIA;Classificada;14/12/2024 07:29;Não
2024-36924059-0;(BM) 2024-055772222-001;13/12/2024 15:42;AVENIDA COMENDADOR FRANCISCO A MAIA, Nº 2470 - CANDEIAS - PASSOS;-207.202.521;-46.613.311;S06999 - OUTROS TIPOS DE SALVAMENTOS TERRESTRES DIVERSOS   (C) (Prioridade: 2 - Média);1CIA IND/2CIA/1PEL(PASSOS);BM1638089;Não;Não;Não;BOLETIM DE OCORRENCIA;Classificada;14/12/2024 07:29;Não
2024-36935151-4;(BM) 2024-055881414-001;14/12/2024 07:52;RUA AMBROSIA DAS GRACAS CUNHA, Nº 374 - PENHA 2 - PASSOS;-207.179.052;-466.334.143;S06001 - SALVAMENTO DE ANIMAL EM RISCO / PERIGO (C) (Prioridade: 2 - Média);1CIA IND/2CIA/1PEL(PASSOS);ASL06087;Não;Não;Não;BOLETIM DE OCORRENCIA;Classificada;15/12/2024 04:39;Não
2024-36935568-5;;14/12/2024 08:52;RUA RIO NEGRO, Nº 1375 - RECANTO DA HARMONIA - PASSOS;-207.031.898;-465.943.744;W98011 - SOLICITACAO DE APOIO (C) (Prioridade: 1 - Alta);1CIA IND/2CIA/1PEL(PASSOS);UR04360;Não;Não;Não;DISPENSADA PELO SOLICITANTE;Classificada;14/12/2024 19:55;Não
2024-36936163-9;(BM) 2024-055881364-001;14/12/2024 10:00;PRACA FRANCISCO SALLES, Nº S/N - BELO HORIZONTE - PASSOS;-207.264.675;-466.045.971;P03009 - PREVENCAO EM PONTO-BASE / FERIADOS PROLONGADOS (C) (Prioridade: 2 - Média);1CIA IND/2CIA/1PEL(PASSOS);UR04360;Não;Não;Não;BOLETIM DE OCORRENCIA;Classificada;15/12/2024 04:41;Não
2024-36936525-8;(BM) 2024-055881401-001;14/12/2024 10:44;RUA GOIAS, Nº 1068 - SANTA LUZIA - PASSOS;-20.710.726;-466.012.966;V01023 - VITIMA DE SINCOPE (DESMAIO)/VERTIGEM (C) (Prioridade: 1 - Alta);1CIA IND/2CIA/1PEL(PASSOS);UR00565;Não;Não;Não;BOLETIM DE OCORRENCIA;Classificada;15/12/2024 05:28;Não
2024-36937448-4;(BM) 2024-055890008-001;14/12/2024 12:45;RODOVIA MG 050, Nº S/N - PASSOS;-207.372.242;-466.331.087;S06002 - CAPTURA DE ANIMAL SILVESTRE PERIGOSO / AGRESSIVO (C) (Prioridade: 2 - Média);1CIA IND/2CIA/1PEL(PASSOS);ASL06087;Não;Não;Não;BOLETIM DE OCORRENCIA;Classificada;15/12/2024 04:49;Não
2024-36937596-1;(BM) 2024-055890900-001;14/12/2024 13:02;RUA DOUTOR CARVALHO, Nº 1455 - NOSSA SENHORA DAS GRAÇAS - PASSOS;-207.352.269;-466.037.303;S04020 - PESSOA OU ANIMAL PRESO NO INTERIOR DO VEICULO (C) (Prioridade: 1 - Alta);1CIA IND/2CIA/1PEL(PASSOS);BM1637750;Não;Não;Não;BOLETIM DE OCORRENCIA;Classificada;15/12/2024 05:28;Não
2024-36937679-7;(BM) 2024-055893735-001;14/12/2024 13:14;RUA LOULOU, Nº 251 - BELO HORIZONTE - PASSOS;-207.250.802;-466.019.917;V01023 - VITIMA DE SINCOPE (DESMAIO)/VERTIGEM (C) (Prioridade: 1 - Alta);1CIA IND/2CIA/1PEL(PASSOS);UR04360;Não;Não;Não;BOLETIM DE OCORRENCIA;Classificada;15/12/2024 05:29;Não
2024-36938266-2;(BM) 2024-055942285-001;14/12/2024 14:10;RUA ACRE, Nº 458 - CANJERANUS - PASSOS;-207.121.604;-466.024.796;V03019 - VITIMA DE QUEDA DE ALTURA (C) (Prioridade: 1 - Alta);1CIA IND/2CIA/1PEL(PASSOS);UR04360;Não;Não;Não;BOLETIM DE OCORRENCIA;Classificada;15/12/2024 05:05;Não
2024-36938317-1;(BM) 2024-055942677-001;14/12/2024 14:15;RUA AMELIA MARIA DA SILVA, Nº 461 - NOVA PASSOS - PASSOS;;;P02011 - VISTORIA EM ENXAME DE INSETOS (C) (Prioridade: 2 - Média);1CIA IND/2CIA/1PEL(PASSOS);ASL06087;Não;Não;Não;BOLETIM DE OCORRENCIA;Classificada;15/12/2024 04:51;Não
2024-36939797-4;(BM) 2024-055912313-001;14/12/2024 15:50;RODOVIA MG 050, Nº S/N - PASSOS;-207.372.242;-466.331.087;Y40035 - APOIO DE SOLO EM OPERACOES AEREAS (C) (Prioridade: 2 - Média);1CIA IND/2CIA/1PEL(PASSOS);ABTS00495 / ASL06087;Não;Não;Não;BOLETIM DE OCORRENCIA;Classificada;15/12/2024 07:42;Não
2024-36942440-1;;14/12/2024 19:07;RODOVIA MG 446, Km 12 - ALPINOPOLIS;-208.143.849;-46.364.772;W98011 - SOLICITACAO DE APOIO (C) (Prioridade: 1 - Alta);1CIA IND/2CIA/1PEL(PASSOS);;Não;Não;Não;ORIENTAÇÃO;Classificada;14/12/2024 19:27;Não
2024-36943293-4;(BM) 2024-055951220-001;14/12/2024 20:09;RUA ODILON LEMOS DE MELO, Nº 100 - FLAMBOYANT - PASSOS;-207.549.354;-466.052.029;V01010 - VITIMA COM DOR TORACICA/SUSPEITA DE INFARTO (IAM) (C) (Prioridade: 1 - Alta);1CIA IND/2CIA/1PEL(PASSOS);UR04360;Não;Não;Não;BOLETIM DE OCORRENCIA;Classificada;15/12/2024 04:56;Não
2024-36943799-3;(BM) 2024-055951286-001 / (PM) 2024-055951286-002;14/12/2024 20:46;RUA TIRADENTES, Nº 250 - CANJERANUS - PASSOS;-207.120.406;-466.041.504;O02001 - INCENDIO EM RESIDENCIA/HABITACAO UNIFAMILIAR (CASA) (C) (Prioridade: 1 - Alta);1CIA IND/2CIA/1PEL(PASSOS);ABTS00495 / UR04360;Não;Não;Não;BOLETIM DE OCORRENCIA;Classificada;15/12/2024 04:46;Não
2024-36945595-4;(BM) 2024-055966350-001;14/12/2024 22:41;CHACARA RECANTO SABIA, Nº S/N - PASSOS;-20.696.027;-466.811.675;S02001 - AFOGAMENTO EM PISCINA (C) (Prioridade: 1 - Alta);1CIA IND/2CIA/1PEL(PASSOS);UR04360;Não;Não;Não;BOLETIM DE OCORRENCIA;Classificada;15/12/2024 04:45;Não
2024-36946100-5;(BM) 2024-055974265-001;14/12/2024 23:12;AVENIDA DOUTOR BRENO SOARES MAIA, Nº 456 - BELO HORIZONTE - PASSOS;-207.303.994;-466.038.524;O02027 - INCENDIO VEIC. AUTOMOTOR (EXCETO TANQUE/ONIBUS/MICRO-ONIBUS) (C) (Prioridade: 1 - Alta);1CIA IND/2CIA/1PEL(PASSOS);ABTS00495;Não;Não;Não;BOLETIM DE OCORRENCIA;Classificada;15/12/2024 04:43;Não
2024-36946576-5;(BM) 2024-055974209-001;14/12/2024 23:46;FAZENDA AGUA DOCE, Nº S/N - BOM JESUS DA PENHA;-210.185.915;-465.349.735;S04007 - BUSCA E SALVAMENTO DE PESSOA PERDIDA / DESAPARECIDA (C) (Prioridade: 1 - Alta);1CIA IND/2CIA/1PEL(PASSOS);ASL06087;Não;Não;Não;BOLETIM DE OCORRENCIA;Classificada;15/12/2024 04:43;Não
2024-36948901-5;(BM) 2024-055990230-001;15/12/2024 03:24;RUA PICA PAU, Nº S/N - PARQUE DA FAZENDA - PASSOS;-207.382.185;-466.074.721;S06002 - CAPTURA DE ANIMAL SILVESTRE PERIGOSO / AGRESSIVO (C) (Prioridade: 2 - Média);1CIA IND/2CIA/1PEL(PASSOS);ASL06087;Não;Não;Não;BOLETIM DE OCORRENCIA;Classificada;15/12/2024 04:53;Não
2024-36948965-8;;15/12/2024 03:37;RUA PINTASSILGO, Nº 236 - PARQUE DA FAZENDA - PASSOS;-207.372.355;-466.070.481;W98011 - SOLICITACAO DE APOIO (C) (Prioridade: 1 - Alta);1CIA IND/2CIA/1PEL(PASSOS);;Não;Não;Não;DUPLICADA;Classificada;15/12/2024 03:42;Não
2024-36949913-0;(BM) 2024-055998314-001;15/12/2024 07:46;RUA CORONEL JOAO DE BARROS, Nº 382 - CENTRO - PASSOS;-207.206.477;-466.111.482;S03003 - SALVAMENTO EM CASA (C) (Prioridade: 1 - Alta);1CIA IND/2CIA/1PEL(PASSOS);UR04360;Não;Não;Não;BOLETIM DE OCORRENCIA;Classificada;16/12/2024 08:15;Não
2024-36950198-3;(BM) 2024-056001081-001;15/12/2024 08:30;FAZENDA AGUA DOCE, Nº S/N - BOM JESUS DA PENHA;-210.185.915;-465.349.735;S04007 - BUSCA E SALVAMENTO DE PESSOA PERDIDA / DESAPARECIDA (C) (Prioridade: 1 - Alta);1CIA IND/2CIA/1PEL(PASSOS);ASL06087;Não;Não;Não;BOLETIM DE OCORRENCIA;Classificada;16/12/2024 08:16;Não
2024-36952999-3;(BM) 2024-056031181-001;15/12/2024 14:31;RUA SAO JOAO DEL REI, Nº 286 - CALIFORNIA - PASSOS;-207.048.511;-466.191.041;O02001 - INCENDIO EM RESIDENCIA/HABITACAO UNIFAMILIAR (CASA) (C) (Prioridade: 1 - Alta);1CIA IND/2CIA/1PEL(PASSOS);ABTS00495;Não;Não;Não;BOLETIM DE OCORRENCIA;Classificada;16/12/2024 08:16;Não
2024-36958825-5;;15/12/2024 21:13;RUA CORONEL NECA MEDEIROS, Nº 259 - CENTRO - PASSOS;-207.188.759;-466.106.643;S04009 - SALVAMENTO DE PESSOA PRESA EM IMOVEL (C) (Prioridade: 2 - Média);1CIA IND/2CIA/1PEL(PASSOS);UR04360;Não;Não;Não;NADA CONSTATADO;Classificada;15/12/2024 21:41;Não
2024-36961243-8;(BM) 2024-056098734-001;15/12/2024 23:53;RUA IMACULADA CONCEICAO, Nº 612 - PENHA - PASSOS;-207.198.116;-466.292.659;V01018 - VITIMA DE MAL NAO DEFINIDO (DISTURBIO) (C) (Prioridade: 1 - Alta);1CIA IND/2CIA/1PEL(PASSOS);UR04360;Não;Não;Não;BOLETIM DE OCORRENCIA;Classificada;16/12/2024 08:15;Não
2024-36961632-0;(BM) 2024-056101050-001;16/12/2024 00:29;RUA JOAO XXIII, Nº 1204 - NOSSA SENHORA DAS GRAÇAS - PASSOS;-207.371.798;-46.605.518;S06001 - SALVAMENTO DE ANIMAL EM RISCO / PERIGO (C) (Prioridade: 2 - Média);1CIA IND/2CIA/1PEL(PASSOS);ASL06087;Não;Não;Não;BOLETIM DE OCORRENCIA;Classificada;16/12/2024 08:15;Não
2024-36964352-0;(BM) 2024-056129711-001;16/12/2024 09:10;RUA PECUARIA, Nº 637 - SAO FRANCISCO - PASSOS;-207.302.373;-466.183.498;S06001 - SALVAMENTO DE ANIMAL EM RISCO / PERIGO (C) (Prioridade: 2 - Média);1CIA IND/2CIA/1PEL(PASSOS);ASL06087;Não;Não;Não;BOLETIM DE OCORRENCIA;Classificada;17/12/2024 08:02;Não
2024-36964597-7;(BM) 2024-056134376-001;16/12/2024 09:31;RUA RIO GRANDE DO SUL, Nº 362 - BELA VISTA - PASSOS;-207.159.347;-465.986.707;V01013 - VITIMA DE EMERGENCIAS PSIQUIATRICAS (C) (Prioridade: 1 - Alta);1CIA IND/2CIA/1PEL(PASSOS);UR04360;Não;Não;Não;BOLETIM DE OCORRENCIA;Classificada;17/12/2024 08:03;Não
2024-36964885-1;(BM) 2024-056134310-001;16/12/2024 09:54;RUA DOUTOR SATURNINO, Nº 300 - CENTRO - PASSOS;-207.223.944;-466.123.876;P01001 - VISTORIA DE FISCALIZACAO (C) (Prioridade: 2 - Média);1CIA IND/2CIA/PEL PREV E VIST(PASSOS);APF01362;Não;Não;Não;BOLETIM DE OCORRENCIA;Classificada;17/12/2024 08:03;Não
2024-36965467-7;(BM) 2024-056137928-001;16/12/2024 10:52;AVENIDA COMENDADOR FRANCISCO A MAIA, Nº 2138 - PASSOS;-207.223.628;-466.131.352;P01001 - VISTORIA DE FISCALIZACAO (C) (Prioridade: 2 - Média);1CIA IND/2CIA/PEL PREV E VIST(PASSOS);APF01362;Não;Não;Não;BOLETIM DE OCORRENCIA;Classificada;17/12/2024 08:02;Não
2024-36965697-7;(BM) 2024-056140148-001;16/12/2024 11:16;RUA SANTA MARTA, Nº S/N - CANJERANUS - PASSOS;-207.129.116;-466.070.067;S06002 - CAPTURA DE ANIMAL SILVESTRE PERIGOSO / AGRESSIVO (C) (Prioridade: 2 - Média);1CIA IND/2CIA/1PEL(PASSOS);ASL06087;Não;Não;Não;BOLETIM DE OCORRENCIA;Classificada;17/12/2024 08:02;Não
2024-36966667-1;(BM) 2024-056279533-001;16/12/2024 13:02;RUA JOAO CARDOSO LEMOS, Nº 111 - JARDIM SATELITE - PASSOS;-207.239.647;-466.263.386;P02011 - VISTORIA EM ENXAME DE INSETOS (C) (Prioridade: 2 - Média);1CIA IND/2CIA/1PEL(PASSOS);ASL06087;Não;Não;Não;BOLETIM DE OCORRENCIA;Classificada;17/12/2024 08:03;Não
2024-36967103-1;(BM) 2024-056156623-001;16/12/2024 13:41;AVENIDA COMENDADOR FRANCISCO A MAIA, Nº 4050 - EXPOSICAO - PASSOS;-207.333.293;-466.060.067;P01001 - VISTORIA DE FISCALIZACAO (C) (Prioridade: 2 - Média);1CIA IND/2CIA/PEL PREV E VIST(PASSOS);APF01362;Não;Não;Não;BOLETIM DE OCORRENCIA;Classificada;17/12/2024 08:02;Não
2024-36967653-2;(BM) 2024-056162200-001;16/12/2024 14:20;AVENIDA COMENDADOR FRANCISCO A MAIA, Nº 4050 - EXPOSICAO - PASSOS;-207.333.293;-466.060.067;P01001 - VISTORIA DE FISCALIZACAO (C) (Prioridade: 2 - Média);1CIA IND/2CIA/PEL PREV E VIST(PASSOS);APF01362;Não;Não;Não;BOLETIM DE OCORRENCIA;Classificada;17/12/2024 08:03;Não
2024-36968248-0;(BM) 2024-056170370-001;16/12/2024 14:51;AVENIDA COMENDADOR FRANCISCO A MAIA, Nº 4050 - EXPOSICAO - PASSOS;-207.333.293;-466.060.067;P01001 - VISTORIA DE FISCALIZACAO (C) (Prioridade: 2 - Média);1CIA IND/2CIA/PEL PREV E VIST(PASSOS);APF01362;Não;Não;Não;BOLETIM DE OCORRENCIA;Classificada;17/12/2024 08:02;Não
2024-36968676-3;(BM) 2024-056182346-001;16/12/2024 15:15;ACESSO RURAL estrada monte alto, Nº S/N - ITAU DE MINAS;;;O02027 - INCENDIO VEIC. AUTOMOTOR (EXCETO TANQUE/ONIBUS/MICRO-ONIBUS) (C) (Prioridade: 1 - Alta);1CIA IND/2CIA/1PEL(PASSOS);ABTS00495;Não;Não;Não;BOLETIM DE OCORRENCIA;Classificada;17/12/2024 08:03;Não
2024-36969046-0;(BM) 2024-056201764-001;16/12/2024 15:37;AVENIDA POCOS DE CALDAS, Nº 315 - COHAB 2 - PASSOS;-207.121.267;-466.260.552;V02102 - VITIMA DE ATROPELAMENTO POR MOTOCICLETA (C) (Prioridade: 1 - Alta);1CIA IND/2CIA/1PEL(PASSOS);UR04360;Não;Não;Não;BOLETIM DE OCORRENCIA;Classificada;17/12/2024 08:03;Não
2024-36970822-6;(BM) 2024-056204125-001;16/12/2024 17:18;RUA LOULOU, Nº S/N - BELO HORIZONTE - PASSOS;-207.253.387;-466.023.539;V01003 - VITIMA COM CRISE CONVULSIVA (C) (Prioridade: 1 - Alta);1CIA IND/2CIA/1PEL(PASSOS);UR04360;Não;Não;Não;BOLETIM DE OCORRENCIA;Classificada;17/12/2024 08:03;Não
2024-36971893-0;(BM) 2024-056221674-001;16/12/2024 18:26;ESTRADA ECOLOGICA SERRA DA CANASTRA, Nº S/N - DELFINOPOLIS;-203.066.193;-468.687.326;S06008 - CORTE DE ARVORE CAIDA EM VIA PUBLICA (C) (Prioridade: 2 - Média);1CIA IND/2CIA/1PEL(PASSOS);ASL06087;Não;Não;Não;BOLETIM DE OCORRENCIA;Classificada;17/12/2024 08:02;Não
2024-36972683-2;(BM) 2024-056239713-001;16/12/2024 19:18;RUA DAVID BALDINI, Nº 327 - BELO HORIZONTE - PASSOS;-207.247.056;-466.036.047;V01003 - VITIMA COM CRISE CONVULSIVA (C) (Prioridade: 1 - Alta);1CIA IND/2CIA/1PEL(PASSOS);UR04360;Não;Não;Não;BOLETIM DE OCORRENCIA;Classificada;17/12/2024 08:03;Não
2024-36978279-0;(BM) 2024-056281520-001;17/12/2024 06:48;AVENIDA PINHEIRO, Nº 2079 - SERRA DAS BRISAS - PASSOS;-207.356.838;-46.595.874;S06001 - SALVAMENTO DE ANIMAL EM RISCO / PERIGO (C) (Prioridade: 2 - Média);1CIA IND/2CIA/1PEL(PASSOS);ASL06087;Não;Não;Não;BOLETIM DE OCORRENCIA;Classificada;17/12/2024 08:04;Não
2024-36979280-4;(BM) 2024-056406352-001;17/12/2024 08:54;AVENIDA COMENDADOR FRANCISCO A MAIA, Nº S/N - SANTA CASA - PASSOS;-207.146.788;-466.127.072;V01023 - VITIMA DE SINCOPE (DESMAIO)/VERTIGEM (C) (Prioridade: 2 - Média);1CIA IND/2CIA/1PEL(PASSOS);UR04360;Não;Não;Não;BOLETIM DE OCORRENCIA;Classificada;18/12/2024 07:19;Não
2024-36979257-2;(BM) 2024-056287399-001;17/12/2024 08:55;PRACA GERALDO DA SILVA MAIA, Nº 5 - CENTRO - PASSOS;-20.720.853;-466.080.518;P01001 - VISTORIA DE FISCALIZACAO (C) (Prioridade: 2 - Média);1CIA IND/2CIA/PEL PREV E VIST(PASSOS);APF01362;Não;Não;Não;BOLETIM DE OCORRENCIA;Classificada;18/12/2024 07:18;Não
2024-36979582-3;;17/12/2024 09:21;AVENIDA MONTESE, Nº 417 - VILA RICA - PASSOS;-207.276.415;-465.959.704;S06002 - CAPTURA DE ANIMAL SILVESTRE PERIGOSO / AGRESSIVO (C) (Prioridade: 2 - Média);1CIA IND/2CIA/1PEL(PASSOS);ASL06087;Não;Não;Não;NADA CONSTATADO;Classificada;17/12/2024 09:43;Não
2024-36980539-1;;17/12/2024 10:47;RUA JOAQUIM LOPES, Nº 679 - PENHA - PASSOS;-207.166.861;-466.271.134;V01006 - VITIMA COM DIFICULDADE DE LOCOMOCAO (C) (Prioridade: 1 - Alta);1CIA IND/2CIA/1PEL(PASSOS);;Não;Não;Não;REPASSADA A OUTROS ÓRGAOS;Classificada;17/12/2024 11:58;Não
2024-36980729-7;(BM) 2024-056306685-001;17/12/2024 11:01;RUA PRESIDENTE ANTONIO CARLOS, Nº 160 - CENTRO - PASSOS;-207.195.578;-466.092.231;P01001 - VISTORIA DE FISCALIZACAO (C) (Prioridade: 2 - Média);1CIA IND/2CIA/PEL PREV E VIST(PASSOS);APF01362;Não;Não;Não;BOLETIM DE OCORRENCIA;Classificada;18/12/2024 07:18;Não
2024-36980917-7;(BM) 2024-056310510-001;17/12/2024 11:17;RODOVIA BR 146, Nº 6 - PASSOS;;;S05303 - COLISAO ENTRE AUTOMOVEIS (CARRO, CAMIONETA, CAMINHONETE) (C) (Prioridade: 1 - Alta);1CIA IND/2CIA/1PEL(PASSOS);UR04360 / ASL06087;Não;Não;Não;BOLETIM DE OCORRENCIA;Classificada;18/12/2024 07:18;Não
2024-36982114-3;(BM) 2024-056340730-001;17/12/2024 13:22;AVENIDA COMENDADOR FRANCISCO A MAIA, Nº 3116 - MARIO MAGALHAES - PASSOS;-207.256.835;-466.115.369;W03000 - SOLICITANTE ENCONTRADO - PROVIDENCIA DISPENSADA (C) (Prioridade: 3 - Baixa);1CIA IND/2CIA/1PEL(PASSOS);ASL06087;Não;Não;Não;BOLETIM DE OCORRENCIA;Classificada;18/12/2024 07:19;Não
2024-36982222-6;(BM) 2024-056323171-001;17/12/2024 13:31;RUA PRESIDENTE ANTONIO CARLOS, Nº 148 - PASSOS;-207.196.551;-46.609.179;P01001 - VISTORIA DE FISCALIZACAO (C) (Prioridade: 2 - Média);1CIA IND/2CIA/PEL PREV E VIST(PASSOS);APF01362;Não;Não;Não;BOLETIM DE OCORRENCIA;Classificada;18/12/2024 07:18;Não
2024-36982400-2;(BM) 2024-056325550-001;17/12/2024 13:48;RUA PARDAL, Nº 512 - PARQUE DA FAZENDA - PASSOS;-207.366.675;-466.070.749;V01018 - VITIMA DE MAL NAO DEFINIDO (DISTURBIO) (C) (Prioridade: 1 - Alta);1CIA IND/2CIA/1PEL(PASSOS);UR04360;Não;Não;Não;BOLETIM DE OCORRENCIA;Classificada;18/12/2024 07:17;Não
2024-36982465-8;(BM) 2024-056326200-001;17/12/2024 13:53;PRACA GERALDO DA SILVA MAIA, Nº 37 - CENTRO - PASSOS;-207.210.019;-46.608.012;P01001 - VISTORIA DE FISCALIZACAO (C) (Prioridade: 2 - Média);1CIA IND/2CIA/PEL PREV E VIST(PASSOS);APF01362;Não;Não;Não;BOLETIM DE OCORRENCIA;Classificada;18/12/2024 07:18;Não
2024-36984599-5;(BM) 2024-056356849-001;17/12/2024 15:53;RUA TIRADENTES, Nº 308 - CANJERANUS - PASSOS;-207.119.798;-466.036.307;V01005 - VITIMA COM CRISE HIPERTENSIVA/HIPOTENSAO (C) (Prioridade: 1 - Alta);1CIA IND/2CIA/1PEL(PASSOS);UR04360;Não;Não;Não;BOLETIM DE OCORRENCIA;Classificada;18/12/2024 07:17;Não
2024-36986837-2;(BM) 2024-056378877-001;17/12/2024 18:13;RUA DOUTOR CARVALHO, Nº 1455 - NOSSA SENHORA DAS GRAÇAS - PASSOS;-207.352.269;-466.037.303;V01003 - VITIMA COM CRISE CONVULSIVA (C) (Prioridade: 1 - Alta);1CIA IND/2CIA/1PEL(PASSOS);UR04360;Não;Não;Não;BOLETIM DE OCORRENCIA;Classificada;18/12/2024 07:17;Não
2024-36987188-7;(BM) 2024-056383644-001;17/12/2024 18:38;RUA JOAQUIM LOPES, Nº S/N - PENHA - PASSOS;-207.164.698;-466.285.663;V03021 - VITIMA DE SUICIDIO (TENTATIVA) - APH TRAUMA (C) (Prioridade: 1 - Alta);1CIA IND/2CIA/1PEL(PASSOS);UR00565;Não;Não;Não;BOLETIM DE OCORRENCIA;Classificada;18/12/2024 07:17;Não
2024-36988148-8;(BM) 2024-056405646-001;17/12/2024 19:46;RUA PARDAL, Nº 558 - PARQUE DA FAZENDA - PASSOS;-207.368.279;-466.074.583;V01025 - VITIMA DE USO / ABUSO / DEPENDENCIA DE DROGAS / ALCOOL (C) (Prioridade: 1 - Alta);1CIA IND/2CIA/1PEL(PASSOS);UR00565;Não;Não;Não;BOLETIM DE OCORRENCIA;Classificada;18/12/2024 07:17;Não
2024-36988187-0;(BM) 2024-056404930-001;17/12/2024 19:48;RUA PARA, Nº 1230 - BELA VISTA - PASSOS;-207.142.863;-465.997.438;V03003 - VITIMA DE AGRESSAO FISICA COM ARMA BRANCA (C) (Prioridade: 1 - Alta);1CIA IND/2CIA/1PEL(PASSOS);UR04360;Não;Não;Não;BOLETIM DE OCORRENCIA;Classificada;18/12/2024 07:17;Não
2024-36989057-0;(BM) 2024-056404983-001;17/12/2024 20:55;RUA JORGE JOSE CALIXTO, Nº 140 - PENHA - PASSOS;-207.167.096;-466.136.529;V01007 - VITIMA COM DISPNEIA (FALTA DE AR) (C) (Prioridade: 1 - Alta);1CIA IND/2CIA/1PEL(PASSOS);UR04360;Não;Não;Não;BOLETIM DE OCORRENCIA;Classificada;18/12/2024 07:17;Não
2024-36995309-5;;18/12/2024 10:04;AVENIDA COMENDADOR FRANCISCO A MAIA, Nº 3270 - MARIO MAGALHAES - PASSOS;-207.273.042;-466.108.347;V01023 - VITIMA DE SINCOPE (DESMAIO)/VERTIGEM (C) (Prioridade: 1 - Alta);1CIA IND/2CIA/1PEL(PASSOS);UR04360;Não;Não;Não;SOLICITANTE ENCONTRADO - PROVIDÊNCIA DISPENSADA;Classificada;18/12/2024 10:17;Não
2024-36995383-8;(BM) 2024-056461497-001;18/12/2024 10:08;AVENIDA EXPEDICIONARIOS, Nº 97 - CENTRO - PASSOS;-207.213.655;-46.606.969;P01001 - VISTORIA DE FISCALIZACAO (C) (Prioridade: 2 - Média);1CIA IND/2CIA/PEL PREV E VIST(PASSOS);APF01362;Não;Não;Não;BOLETIM DE OCORRENCIA;Classificada;19/12/2024 06:33;Não
2024-36995388-1;(BM) 2024-056461716-001;18/12/2024 10:09;AVENIDA MONTESE, Nº 417 - VILA RICA - PASSOS;-207.276.415;-465.959.704;S06002 - CAPTURA DE ANIMAL SILVESTRE PERIGOSO / AGRESSIVO (C) (Prioridade: 2 - Média);1CIA IND/2CIA/1PEL(PASSOS);ASL06087;Não;Não;Não;BOLETIM DE OCORRENCIA;Classificada;19/12/2024 06:33;Não
2024-36995726-2;(BM) 2024-056466301-001;18/12/2024 10:35;AVENIDA EXPEDICIONARIOS, Nº 108 - CENTRO - PASSOS;-207.215.412;-466.069.493;P01001 - VISTORIA DE FISCALIZACAO (C) (Prioridade: 2 - Média);1CIA IND/2CIA/PEL PREV E VIST(PASSOS);APF01362;Não;Não;Não;BOLETIM DE OCORRENCIA;Classificada;19/12/2024 06:33;Não
2024-36995995-4;(BM) 2024-056470184-001;18/12/2024 10:58;AVENIDA EXPEDICIONARIOS, Nº 157 - CENTRO - PASSOS;-207.214.695;-466.064.737;P01001 - VISTORIA DE FISCALIZACAO (C) (Prioridade: 2 - Média);1CIA IND/2CIA/PEL PREV E VIST(PASSOS);APF01362;Não;Não;Não;BOLETIM DE OCORRENCIA;Classificada;19/12/2024 06:33;Não
2024-36996296-0;(BM) 2024-056473990-001;18/12/2024 11:26;AVENIDA EXPEDICIONARIOS, Nº 59 - PASSOS;;;P01001 - VISTORIA DE FISCALIZACAO (C) (Prioridade: 2 - Média);1CIA IND/2CIA/PEL PREV E VIST(PASSOS);APF01362;Não;Não;Não;BOLETIM DE OCORRENCIA;Classificada;19/12/2024 06:33;Não
2024-36997114-7;(BM) 2024-056558251-001;18/12/2024 12:52;RUA MATOZINHOS, Nº 253 - COHAB 2 - PASSOS;-207.105.396;-466.317.422;V01007 - VITIMA COM DISPNEIA (FALTA DE AR) (C) (Prioridade: 1 - Alta);1CIA IND/2CIA/1PEL(PASSOS);UR04360;Não;Não;Não;BOLETIM DE OCORRENCIA;Classificada;19/12/2024 06:33;Não
2024-37003133-5;(BM) 2024-056549683-001;18/12/2024 19:26;AVENIDA PROFESSORA MARIA VALERIA LEMOS BORSARI, Nº S/N - NOVA PASSOS II - PASSOS;-206.991.285;-466.304.102;S06005 - CAPTURA DE INSETOS (C) (Prioridade: 2 - Média);1CIA IND/2CIA/1PEL(PASSOS);ASL06087;Não;Não;Não;BOLETIM DE OCORRENCIA;Classificada;19/12/2024 06:33;Não
2024-37003700-3;(BM) 2024-056555609-001;18/12/2024 20:04;RUA BOROROS, Nº 1814 - VILA ROMANA - PASSOS;-207.424.076;-466.085.018;V03018 - VITIMA DE QUEDA DA PROPRIA ALTURA (C) (Prioridade: 1 - Alta);1CIA IND/2CIA/1PEL(PASSOS);UR04360;Não;Não;Não;BOLETIM DE OCORRENCIA;Classificada;19/12/2024 06:35;Não
2024-37004256-0;(PM) 2024-056566380-001;18/12/2024 20:46;RUA MARIA TOSCANO DOS SANTOS, Nº 60 - RESIDENCIAL RECANTO DOS PINHEIROS - PASSOS;-20.693.561;-466.113.384;W98011 - SOLICITACAO DE APOIO (C) (Prioridade: 1 - Alta);1CIA IND/2CIA/1PEL(PASSOS);UR04360;Não;Não;Não;CANCELADA PELO COORDENADOR DO COBOM;Classificada;18/12/2024 21:56;Não
2024-37005406-7;(BM) 2024-056602513-001;18/12/2024 22:09;RUA UM, Nº 173 - ALPINOPOLIS;-208.637.809;-463.835.199;S06001 - SALVAMENTO DE ANIMAL EM RISCO / PERIGO (C) (Prioridade: 3 - Baixa);1CIA IND/2CIA/1PEL(PASSOS);ASL06087;Não;Não;Não;BOLETIM DE OCORRENCIA;Classificada;19/12/2024 06:33;Não
2024-37008482-1;(BM) 2024-056600148-001;19/12/2024 03:16;RUA MANUELA BALDINI BORSARI, Nº 139 - NOVA PASSOS II - PASSOS;-207.007.694;-466.323.671;V01010 - VITIMA COM DOR TORACICA/SUSPEITA DE INFARTO (IAM) (C) (Prioridade: 1 - Alta);1CIA IND/2CIA/1PEL(PASSOS);UR04360;Não;Não;Não;BOLETIM DE OCORRENCIA;Classificada;19/12/2024 06:35;Não
2024-37009229-5;(BM) 2024-056614286-002 / (PM) 2024-056614286-001;19/12/2024 07:17;RUA GERALDO ALVES PEREIRA, Nº 289 - DISTRITO INDUSTRIAL 2 - PASSOS;-207.311.928;-466.480.298;O02003 - INCENDIO EM EDIFICACAO COMERCIAL (C) (Prioridade: 1 - Alta);1CIA IND/2CIA/1PEL(PASSOS);ABTS00495;Não;Não;Não;BOLETIM DE OCORRENCIA;Classificada;19/12/2024 15:54;Não
2024-37009808-2;(BM) 2024-056612681-001;19/12/2024 08:17;RUA BRANDOES, Nº 354 - BELO HORIZONTE - PASSOS;-207.268.142;-466.059.494;V01018 - VITIMA DE MAL NAO DEFINIDO (DISTURBIO) (C) (Prioridade: 1 - Alta);1CIA IND/2CIA/1PEL(PASSOS);UR04360;Não;Não;Não;BOLETIM DE OCORRENCIA;Classificada;20/12/2024 07:15;Não
2024-37010538-7;;19/12/2024 09:18;RUA RIO GRANDE DO SUL, Nº 845 - BELA VISTA 2 - PASSOS;-207.124.626;-465.953.708;V03018 - VITIMA DE QUEDA DA PROPRIA ALTURA (C) (Prioridade: 1 - Alta);1CIA IND/2CIA/1PEL(PASSOS);UR04360;Não;Não;Não;ATENDIDA PELO SAMU;Classificada;19/12/2024 09:56;Não
2024-37010620-6;(BM) 2024-056639957-001;19/12/2024 09:20;RUA CAMPO GRANDE, Nº 95 - PASSOS;;;P01002 - VISTORIA DE LIBERACAO / EMISSAO DE AVCB (C) (Prioridade: 2 - Média);1CIA IND/2CIA/1PEL(PASSOS);ASL06087;Não;Não;Não;BOLETIM DE OCORRENCIA;Classificada;20/12/2024 07:14;Não
2024-37010715-0;(BM) 2024-056639866-001;19/12/2024 09:31;AVENIDA PENHA, Nº 335 - PENHA - PASSOS;-207.156.997;-466.236.566;V01006 - VITIMA COM DIFICULDADE DE LOCOMOCAO (C) (Prioridade: 2 - Média);1CIA IND/2CIA/1PEL(PASSOS);UR04360;Não;Não;Não;BOLETIM DE OCORRENCIA;Classificada;20/12/2024 07:14;Não
2024-37011000-7;(BM) 2024-056640074-001;19/12/2024 09:50;PRACA SAO FRANCISCO, Nº 152 - CANDEIAS - PASSOS;-207.219.081;-466.171.676;V01005 - VITIMA COM CRISE HIPERTENSIVA/HIPOTENSAO (C) (Prioridade: 1 - Alta);1CIA IND/2CIA/1PEL(PASSOS);UR04360;Não;Não;Não;BOLETIM DE OCORRENCIA;Classificada;20/12/2024 07:16;Não
2024-37011567-0;(BM) 2024-056639775-001;19/12/2024 10:29;RUA JOSE OLIVEIRA RAMOS, Nº S/N - JARDIM IPES - ITAU DE MINAS;-207.527.498;-467.543.125;P01002 - VISTORIA DE LIBERACAO / EMISSAO DE AVCB (C) (Prioridade: 2 - Média);1CIA IND/2CIA/1PEL(PASSOS);ASL06087;Não;Não;Não;BOLETIM DE OCORRENCIA;Classificada;20/12/2024 07:14;Não
2024-37013663-5;(BM) 2024-056657604-001;19/12/2024 13:36;RUA PRESIDENTE ANTONIO CARLOS, Nº 163 - CENTRO - PASSOS;-207.195.207;-466.093.731;P01001 - VISTORIA DE FISCALIZACAO (C) (Prioridade: 2 - Média);1CIA IND/2CIA/PEL PREV E VIST(PASSOS);APF01362;Não;Não;Não;BOLETIM DE OCORRENCIA;Classificada;20/12/2024 07:14;Não
2024-37013675-4;;19/12/2024 13:38;RODOVIA MG 050, Nº S/N - PASSOS;-207.372.242;-466.331.087;S05308 - COLISAO ENTRE AUTOMOVEL X MOTOCICLETA (C) (Prioridade: 1 - Alta);1CIA IND/2CIA/1PEL(PASSOS);UR04360;Não;Não;Não;NADA CONSTATADO;Classificada;19/12/2024 14:10;Não
2024-37014051-4;(BM) 2024-056661972-001;19/12/2024 14:05;RUA PRESIDENTE ANTONIO CARLOS, Nº 105 - CENTRO - PASSOS;-20.720.047;-466.091.847;P01001 - VISTORIA DE FISCALIZACAO (C) (Prioridade: 2 - Média);1CIA IND/2CIA/PEL PREV E VIST(PASSOS);APF01362;Não;Não;Não;BOLETIM DE OCORRENCIA;Classificada;20/12/2024 07:14;Não
2024-37014507-5;(BM) 2024-056667731-001;19/12/2024 14:29;RUA PRESIDENTE ANTONIO CARLOS, Nº 185 - CENTRO - PASSOS;-207.192.767;-466.094.606;P01001 - VISTORIA DE FISCALIZACAO (C) (Prioridade: 2 - Média);1CIA IND/2CIA/PEL PREV E VIST(PASSOS);APF01362;Não;Não;Não;BOLETIM DE OCORRENCIA;Classificada;20/12/2024 07:14;Não
2024-37016379-8;(BM) 2024-056690686-001;19/12/2024 16:11;RUA COELHO NETO, Nº 92 - CANDEIAS - PASSOS;-207.247.155;-466.173.073;S06002 - CAPTURA DE ANIMAL SILVESTRE PERIGOSO / AGRESSIVO (C) (Prioridade: 2 - Média);1CIA IND/2CIA/1PEL(PASSOS);ASL06087;Não;Não;Não;BOLETIM DE OCORRENCIA;Classificada;20/12/2024 07:14;Não
2024-37019810-0;(BM) 2024-056749582-001;19/12/2024 19:53;PRACA GERALDO DA SILVA MAIA, Nº S/N - CENTRO - PASSOS;-207.208.941;-46.609.005;P03009 - PREVENCAO EM PONTO-BASE / FERIADOS PROLONGADOS (C) (Prioridade: 2 - Média);1CIA IND/2CIA/1PEL(PASSOS);UR04360;Não;Não;Não;BOLETIM DE OCORRENCIA;Classificada;20/12/2024 07:14;Não
2024-37026142-5;(BM) 2024-056795406-001;20/12/2024 08:17;RODOVIA MG 050, Km 372, Nº S/N - ALPINOPOLIS;;;P01001 - VISTORIA DE FISCALIZACAO (C) (Prioridade: 2 - Média);1CIA IND/2CIA/1PEL(PASSOS);ASL06087;Não;Não;Não;BOLETIM DE OCORRENCIA;Classificada;21/12/2024 07:46;Não
2024-37026827-3;(BM) 2024-056795450-001;20/12/2024 09:28;AVENIDA PERIMETRAL, Nº 151 - PARQUE DA ESTACAO - PASSOS;-207.092.421;-466.125.297;X03000 - EMPENHO ADMINISTRATIVO (C) (Prioridade: 2 - Média);1CIA IND/2CIA/PEL PREV E VIST(PASSOS);APF01362;Não;Não;Não;BOLETIM DE OCORRENCIA;Classificada;21/12/2024 07:46;Não
2024-37027313-1;(BM) 2024-056798230-001;20/12/2024 10:07;TRAVESSA ARY BRASILEIRO DE CASTRO, Nº S/N - CENTRO - SAO JOSE DA BARRA;-207.163.425;-463.128.297;P01003 - VISTORIA EM EVENTOS TEMPORARIOS (C) (Prioridade: 1 - Alta);1CIA IND/2CIA/1PEL(PASSOS);ASL06087;Não;Não;Não;BOLETIM DE OCORRENCIA;Classificada;21/12/2024 07:46;Não
2024-37028582-9;(BM) 2024-056817570-001;20/12/2024 12:04;RUA AREADO, Nº 356 - NOSSA SENHORA DE FATIMA - PASSOS;-207.028.261;-466.124.506;V01006 - VITIMA COM DIFICULDADE DE LOCOMOCAO (C) (Prioridade: 1 - Alta);1CIA IND/2CIA/1PEL(PASSOS);UR04360;Não;Não;Não;BOLETIM DE OCORRENCIA;Classificada;21/12/2024 07:45;Não
2024-37029236-3;(BM) 2024-056819448-001;20/12/2024 13:20;AVENIDA FLORIANOPOLIS, Nº S/N - JARDIM PLANALTO - SAO JOAO BATISTA GLORIA;-206.285.069;-465.129.388;P01003 - VISTORIA EM EVENTOS TEMPORARIOS (C) (Prioridade: 1 - Alta);1CIA IND/2CIA/1PEL(PASSOS);ASL06087;Não;Não;Não;BOLETIM DE OCORRENCIA;Classificada;21/12/2024 07:45;Não
2024-37029575-9;(BM) 2024-056827983-001;20/12/2024 13:48;RUA DOUTOR SEPULVEDA / AVENIDA COMENDADOR FRANCISCO A MAIA - CENTRO - PASSOS;;;P03001 - PERIGO DE DERRAPAGEM (C) (Prioridade: 2 - Média);1CIA IND/2CIA/1PEL(PASSOS);ABTS00495;Não;Não;Não;BOLETIM DE OCORRENCIA;Classificada;21/12/2024 07:46;Não
2024-37030598-1;(BM) 2024-056845474-001;20/12/2024 14:53;RUA BOM SUCESSO, Nº 191 - SAO FRANCISCO - PASSOS;;;V03018 - VITIMA DE QUEDA DA PROPRIA ALTURA (C) (Prioridade: 1 - Alta);1CIA IND/2CIA/1PEL(PASSOS);UR04360;Não;Não;Não;BOLETIM DE OCORRENCIA;Classificada;21/12/2024 07:45;Não
2024-37030899-8;;20/12/2024 15:11;RUA JOAO FELICIANO DA SILVEIRA, Nº 544 - PENHA 2 - PASSOS;-207.177.192;-46.631.254;V03018 - VITIMA DE QUEDA DA PROPRIA ALTURA (C) (Prioridade: 1 - Alta);1CIA IND/2CIA/1PEL(PASSOS);;Não;Não;Não;NÃO ATENDIDA: FALTA DE VIATURA;Classificada;20/12/2024 15:14;Não
2024-37031135-9;(BM) 2024-056843791-001;20/12/2024 15:25;RUA JOAO FELICIANO DA SILVEIRA, Nº 544 - PENHA 2 - PASSOS;-207.177.192;-46.631.254;V03019 - VITIMA DE QUEDA DE ALTURA (C) (Prioridade: 1 - Alta);1CIA IND/2CIA/1PEL(PASSOS);UR04360;Não;Não;Não;BOLETIM DE OCORRENCIA;Classificada;21/12/2024 07:45;Não
2024-37032852-5;(BM) 2024-056870569-001;20/12/2024 17:10;RUA BOTELHOS, Nº 960 - NOSSA SENHORA DE FATIMA - PASSOS;-20.699.837;-466.111.286;V01002 - VITIMA COM CEFALEIA AGUDA / ENXAQUECA (C) (Prioridade: 1 - Alta);1CIA IND/2CIA/1PEL(PASSOS);UR04360;Não;Não;Não;BOLETIM DE OCORRENCIA;Classificada;21/12/2024 07:45;Não
2024-37033931-5;(PM) 2024-056876722-001;20/12/2024 18:30;PORTO CSS0174 - DE CASSIA - DELFINOPOLIS, Nº S/N - CASSIA;-204.231.741;-468.595.809;W98011 - SOLICITACAO DE APOIO (C) (Prioridade: 1 - Alta);1CIA IND/2CIA/1PEL(PASSOS);;Não;Não;Não;ATENDIDA PELO SAMU;Classificada;20/12/2024 19:03;Não
2024-37034190-3;(BM) 2024-056880930-002 / (PM) 2024-056880930-001;20/12/2024 18:49;RUA JOAO TEIXEIRA MENDES, Nº 490 - NOSSA SENHORA APARECIDA - PASSOS;-207.458.687;-466.058.308;V02102 - VITIMA DE ATROPELAMENTO POR MOTOCICLETA (C) (Prioridade: 1 - Alta);1CIA IND/2CIA/1PEL(PASSOS);UR04360;Não;Não;Não;BOLETIM DE OCORRENCIA;Classificada;21/12/2024 07:45;Não
2024-37034579-9;(BM) 2024-056888692-001;20/12/2024 19:17;AVENIDA DONA LIQUINHA SILVEIRA / RUA COIMBRAS - CALIFORNIA - PASSOS;-206.995.572;-466.162.279;W04000 - NADA CONSTATADO (C) (Prioridade: 3 - Baixa);1CIA IND/2CIA/1PEL(PASSOS);UR04360;Não;Não;Não;BOLETIM DE OCORRENCIA;Classificada;21/12/2024 08:03;Não
2024-37037203-0;(BM) 2024-056905754-001;20/12/2024 22:13;RUA MACHADO DE ASSIS, Nº 60 - JARDIM PINHEIROS - PASSOS;-207.223.765;-46.619.234;V01001 - VITIMA DE ACIDENTE VASCULAR CEREBRAL (AVC) (C) (Prioridade: 1 - Alta);1CIA IND/2CIA/1PEL(PASSOS);UR04360;Não;Não;Não;BOLETIM DE OCORRENCIA;Classificada;21/12/2024 07:45;Não
2024-37038081-0;(BM) 2024-056913211-001;20/12/2024 23:07;RUA PANORAMA, Nº 752 - PANORAMA - PASSOS;-20.708.677;-466.183.461;S06001 - SALVAMENTO DE ANIMAL EM RISCO / PERIGO (C) (Prioridade: 2 - Média);1CIA IND/2CIA/1PEL(PASSOS);ASL06087;Não;Não;Não;BOLETIM DE OCORRENCIA;Classificada;21/12/2024 07:46;Não
2024-37038166-0;(BM) 2024-056921196-001 / (PM) 2024-056921196-002;20/12/2024 23:13;RUA TOME MARCELO LEMOS, Nº S/N - FLAMBOYANT - PASSOS;-207.559.462;-466.041.131;V01018 - VITIMA DE MAL NAO DEFINIDO (DISTURBIO) (C) (Prioridade: 1 - Alta);1CIA IND/2CIA/1PEL(PASSOS);UR04360;Não;Não;Não;BOLETIM DE OCORRENCIA;Classificada;21/12/2024 07:45;Não
2024-37038889-8;(BM) 2024-056924161-001;21/12/2024 00:06;RUA AREADO, Nº 356 - NOSSA SENHORA DE FATIMA - PASSOS;-207.028.261;-466.124.506;V01005 - VITIMA COM CRISE HIPERTENSIVA/HIPOTENSAO (C) (Prioridade: 1 - Alta);1CIA IND/2CIA/1PEL(PASSOS);UR04360;Não;Não;Não;BOLETIM DE OCORRENCIA;Classificada;21/12/2024 07:45;Não
2024-37040793-3;(BM) 2024-056935631-003 / (PM) 2024-056935631-001;21/12/2024 03:17;RODOVIA MG 446, Km 10 - ALPINOPOLIS;-20.799.956;-46.367.428;W10000 - DISPENSADA POR DUPLICIDADE DE EMPENHO COM OUTROS ORGAOS (C) (Prioridade: 1 - Alta);1CIA IND/2CIA/1PEL(PASSOS);UR04360 / ASL06087;Não;Não;Não;BOLETIM DE OCORRENCIA;Classificada;21/12/2024 07:44;Não
2024-37043508-1;(BM) 2024-056963639-001;21/12/2024 11:06;RUA TILOCA GRILO, Nº S/N - VILA SAO JOSE - PASSOS;-207.041.571;-466.395.987;S06002 - CAPTURA DE ANIMAL SILVESTRE PERIGOSO / AGRESSIVO (C) (Prioridade: 2 - Média);1CIA IND/2CIA/1PEL(PASSOS);ASL06087;Não;Não;Não;BOLETIM DE OCORRENCIA;Classificada;22/12/2024 07:07;Não
2024-37044393-7;(BM) 2024-056963654-001;21/12/2024 13:00;RUA BARAO DE PASSOS, Nº 1201 - BELA VISTA - PASSOS;-207.139.693;-466.017.139;V02103 - VITIMA DE ATROPELAMENTO POR AUTOMOVEL (CARRO / CAMINHONETE) (C) (Prioridade: 1 - Alta);1CIA IND/2CIA/1PEL(PASSOS);UR04360;Não;Não;Não;BOLETIM DE OCORRENCIA;Classificada;22/12/2024 07:07;Não
2024-37048216-3;(BM) 2024-056998562-001;21/12/2024 17:36;RUA JOAO BATISTA PEREIRA, Nº 575 - JARDIM CANADA II - PASSOS;-207.548.161;-466.098.266;S06001 - SALVAMENTO DE ANIMAL EM RISCO / PERIGO (C) (Prioridade: 2 - Média);1CIA IND/2CIA/1PEL(PASSOS);ASL06087;Não;Não;Não;BOLETIM DE OCORRENCIA;Classificada;22/12/2024 07:07;Não
2024-37048788-7;(BM) 2024-057004461-001;21/12/2024 18:22;RODOVIA CSS0111 - DOUTOR ROGERIO ANTONIO PINTO, Nº S/N - CASSIA;-205.141.145;-469.321.906;S06008 - CORTE DE ARVORE CAIDA EM VIA PUBLICA (C) (Prioridade: 2 - Média);1CIA IND/2CIA/1PEL(PASSOS);ASL06087;Não;Não;Não;BOLETIM DE OCORRENCIA;Classificada;22/12/2024 07:07;Não
2024-37049149-3;(BM) 2024-057011119-001;21/12/2024 18:46;RUA JASPE, Nº 273 - ACLIMACAO - PASSOS;-207.521.349;-46.599.335;V03018 - VITIMA DE QUEDA DA PROPRIA ALTURA (C) (Prioridade: 1 - Alta);1CIA IND/2CIA/1PEL(PASSOS);UR04360;Não;Não;Não;BOLETIM DE OCORRENCIA;Classificada;22/12/2024 07:07;Não
2024-37049247-2;;21/12/2024 18:52;RODOVIA LMG 856, Km 4 - CASSIA;-205.308.662;-469.336.103;W98011 - SOLICITACAO DE APOIO (C) (Prioridade: 1 - Alta);1CIA IND/2CIA/1PEL(PASSOS);;Não;Não;Não;DUPLICADA;Classificada;21/12/2024 19:00;Não
2024-37054226-1;(BM) 2024-057068161-001;22/12/2024 00:00;RUA GAIVOTA, Nº 374 - PARQUE DA FAZENDA - PASSOS;-207.392.093;-466.074.852;V01003 - VITIMA COM CRISE CONVULSIVA (C) (Prioridade: 1 - Alta);1CIA IND/2CIA/1PEL(PASSOS);UR04360;Não;Não;Não;BOLETIM DE OCORRENCIA;Classificada;22/12/2024 07:07;Não
2024-37055645-0;;22/12/2024 01:37;RUA ADVOGADOS, Nº 36 - BELO HORIZONTE - PASSOS;-207.325.432;-466.041.696;V01023 - VITIMA DE SINCOPE (DESMAIO)/VERTIGEM (C) (Prioridade: 1 - Alta);1CIA IND/2CIA/1PEL(PASSOS);UR04360;Não;Não;Não;DISPENSADA PELO SOLICITANTE;Classificada;22/12/2024 02:22;Não
2024-37059357-7;(BM) 2024-057086793-001;22/12/2024 11:27;RUA GAIVOTA, Nº 48 - NOSSA SENHORA DAS GRAÇAS - PASSOS;-207.379.988;-466.041.659;S06002 - CAPTURA DE ANIMAL SILVESTRE PERIGOSO / AGRESSIVO (C) (Prioridade: 2 - Média);1CIA IND/2CIA/1PEL(PASSOS);ASL06087;Não;Não;Não;BOLETIM DE OCORRENCIA;Classificada;23/12/2024 07:47;Não
2024-37059666-1;(BM) 2024-057088686-001;22/12/2024 12:07;RUA PARDAL, Nº S/N - PARQUE DA FAZENDA - PASSOS;-207.383.312;-466.113.382;V01018 - VITIMA DE MAL NAO DEFINIDO (DISTURBIO) (C) (Prioridade: 1 - Alta);1CIA IND/2CIA/1PEL(PASSOS);UR04360;Não;Não;Não;BOLETIM DE OCORRENCIA;Classificada;23/12/2024 07:47;Não
2024-37062799-3;(BM) 2024-057171748-001;22/12/2024 16:31;RUA JOAO XIII, Nº 553 - PASSOS;;;V01018 - VITIMA DE MAL NAO DEFINIDO (DISTURBIO) (C) (Prioridade: 1 - Alta);1CIA IND/2CIA/1PEL(PASSOS);UR04360;Não;Não;Não;BOLETIM DE OCORRENCIA;Classificada;23/12/2024 07:47;Não
2024-37063223-4;;22/12/2024 17:00;RUA RIO DE JANEIRO, Nº 316 - ITAU DE MINAS;-20.743.279;-467.483.402;W98011 - SOLICITACAO DE APOIO (C) (Prioridade: 1 - Alta);1CIA IND/2CIA/1PEL(PASSOS);;Não;Não;Não;DISPENSADA PELO SOLICITANTE;Classificada;22/12/2024 17:24;Não
2024-37067156-0;;22/12/2024 21:30;AVENIDA CANADA, Nº S/N - JARDIM CANADA II - PASSOS;-207.533.453;-466.124.556;S06002 - CAPTURA DE ANIMAL SILVESTRE PERIGOSO / AGRESSIVO (C) (Prioridade: 2 - Média);1CIA IND/2CIA/1PEL(PASSOS);;Não;Não;Não;DISPENSADA PELO SOLICITANTE;Classificada;22/12/2024 21:30;Não
2024-37067171-4;(BM) 2024-057154346-001;22/12/2024 21:31;AVENIDA CANADA, Nº S/N - JARDIM CANADA II - PASSOS;-207.533.453;-466.124.556;S06002 - CAPTURA DE ANIMAL SILVESTRE PERIGOSO / AGRESSIVO (C) (Prioridade: 2 - Média);1CIA IND/2CIA/1PEL(PASSOS);ASL06087;Não;Não;Não;BOLETIM DE OCORRENCIA;Classificada;23/12/2024 07:47;Não
2024-37072376-6;(BM) 2024-057228554-001;23/12/2024 09:02;RUA CAETES, Nº 346 - NOSSA SENHORA APARECIDA - PASSOS;-207.425.654;-466.035.401;S06001 - SALVAMENTO DE ANIMAL EM RISCO / PERIGO (C) (Prioridade: 2 - Média);1CIA IND/2CIA/1PEL(PASSOS);ASL06087;Não;Não;Não;BOLETIM DE OCORRENCIA;Classificada;24/12/2024 08:48;Não
2024-37073696-2;(BM) 2024-057228513-001;23/12/2024 10:50;RUA MADRE CARMEN SALLES, Nº 430 - CENTRO - PASSOS;-207.211.585;-466.051.772;S06001 - SALVAMENTO DE ANIMAL EM RISCO / PERIGO (C) (Prioridade: 2 - Média);1CIA IND/2CIA/1PEL(PASSOS);ASL06087;Não;Não;Não;BOLETIM DE OCORRENCIA;Classificada;24/12/2024 08:48;Não
2024-37075551-0;(BM) 2024-057325804-001;23/12/2024 13:36;RUA MARIA DA FE, Nº 25 - COHAB 1 - PASSOS;;;S06002 - CAPTURA DE ANIMAL SILVESTRE PERIGOSO / AGRESSIVO (C) (Prioridade: 2 - Média);1CIA IND/2CIA/1PEL(PASSOS);ASL06087;Não;Não;Não;BOLETIM DE OCORRENCIA;Classificada;24/12/2024 08:48;Não
2024-37076390-9;(BM) 2024-057247078-001;23/12/2024 14:32;RUA JOAO TEIXEIRA MENDES, Nº 435 - JARDIM ITALIA - PASSOS;-20.745.987;-466.056.876;P01002 - VISTORIA DE LIBERACAO / EMISSAO DE AVCB (C) (Prioridade: 2 - Média);1CIA IND/2CIA/PEL PREV E VIST(PASSOS);APF01362;Não;Não;Não;BOLETIM DE OCORRENCIA;Classificada;24/12/2024 08:48;Não
2024-37079812-4;(PM) 2024-057296369-001;23/12/2024 17:46;RUA PARA / AVENIDA AMAZONAS - BELA VISTA - PASSOS;-207.150.738;-465.987.803;W98011 - SOLICITACAO DE APOIO (C) (Prioridade: 1 - Alta);1CIA IND/2CIA/1PEL(PASSOS);;Não;Não;Não;ATENDIDA PELO SAMU;Classificada;23/12/2024 17:55;Não
2024-37081288-1;(BM) 2024-057301874-001;23/12/2024 19:23;PRACA ELOI BATISTA PEREIRA, Nº S/N - CENTRO - SAO JOSE DA BARRA;-207.173.515;-46.313.816;P03999 - OUTROS TIPOS DE PCI / PCA   (C) (Prioridade: 2 - Média);1CIA IND/2CIA/1PEL(PASSOS);ABTS00495;Não;Não;Não;BOLETIM DE OCORRENCIA;Classificada;24/12/2024 08:48;Não
2024-37082998-2;;23/12/2024 21:13;RUA LAMBARI - POCOS DE CALDAS;;;V01005 - VITIMA COM CRISE HIPERTENSIVA/HIPOTENSAO (C) (Prioridade: 1 - Alta);1CIA IND (POCOS DE CALDAS);;Não;Não;Não;DISPENSADA PELO SOLICITANTE;Classificada;23/12/2024 22:02;Não
2024-37083296-0;(BM) 2024-057327305-001;23/12/2024 21:32;RUA JOAO PIMENTA, Nº S/N - SAO BENEDITO - PASSOS;-207.205.282;-465.980.666;S06002 - CAPTURA DE ANIMAL SILVESTRE PERIGOSO / AGRESSIVO (C) (Prioridade: 2 - Média);1CIA IND/2CIA/1PEL(PASSOS);ASL06087;Não;Não;Não;BOLETIM DE OCORRENCIA;Classificada;24/12/2024 08:47;Não
2024-37087484-2;(BM) 2024-057426257-001;24/12/2024 06:01;AVENIDA SABIA, Nº 596 - PARQUE DA FAZENDA - PASSOS;-207.376.796;-46.608.275;S06001 - SALVAMENTO DE ANIMAL EM RISCO / PERIGO (C) (Prioridade: 2 - Média);1CIA IND/2CIA/1PEL(PASSOS);ASL06087;Não;Não;Não;ATENDIDA PELO SAMU;Classificada;24/12/2024 08:47;Não
2024-37088333-2;;24/12/2024 08:27;RUA SAO PAULO, Nº S/N - SAO BENEDITO - PASSOS;-207.204.647;-465.977.514;S06002 - CAPTURA DE ANIMAL SILVESTRE PERIGOSO / AGRESSIVO (C) (Prioridade: 2 - Média);1CIA IND/2CIA/PEL PREV E VIST(PASSOS);;Não;Não;Não;CANCELADA PELO COORDENADOR DO COBOM;Classificada;24/12/2024 08:28;Não
2024-37088351-4;(BM) 2024-057371333-001;24/12/2024 08:29;RUA SAO PAULO, Nº S/N - SAO BENEDITO - PASSOS;-207.204.647;-465.977.514;S06002 - CAPTURA DE ANIMAL SILVESTRE PERIGOSO / AGRESSIVO (C) (Prioridade: 2 - Média);1CIA IND/2CIA/PEL PREV E VIST(PASSOS);APF01362;Não;Não;Não;BOLETIM DE OCORRENCIA;Classificada;25/12/2024 19:17;Não
2024-37088463-8;(BM) 2024-057371359-001;24/12/2024 08:44;RUA ACRE, Nº 132 - SANTA LUZIA - PASSOS;;;S05103 - CHOQUE DE AUTOMOVEL (CARRO, CAMIONETA, CAMINHONETE) (C) (Prioridade: 1 - Alta);1CIA IND/2CIA/1PEL(PASSOS);ABTS00495;Não;Não;Não;BOLETIM DE OCORRENCIA;Classificada;25/12/2024 07:49;Não
2024-37088575-1;(BM) 2024-057371361-001;24/12/2024 08:56;RUA BARTOLOMEU DE GUSMAO, Nº 185 - BELO HORIZONTE - PASSOS;-207.269.228;-466.073.949;V03021 - VITIMA DE SUICIDIO (TENTATIVA) - APH TRAUMA (C) (Prioridade: 1 - Alta);1CIA IND/2CIA/PEL PREV E VIST(PASSOS);APF01362;Não;Não;Não;BOLETIM DE OCORRENCIA;Classificada;25/12/2024 07:49;Não
2024-37088693-8;(BM) 2024-057371390-001;24/12/2024 09:08;RUA CANJERANUS, Nº S/N - CANJERANUS - PASSOS;-207.089.894;-466.069.659;O02023 - INCENDIO EM LOCAL DE PROCESSAMENTO DE LIXO (C) (Prioridade: 1 - Alta);1CIA IND/2CIA/1PEL(PASSOS);ABTS00495;Não;Não;Não;BOLETIM DE OCORRENCIA;Classificada;25/12/2024 07:50;Não
2024-37088998-5;(BM) 2024-057373304-001;24/12/2024 09:40;REPRESA CTO0434 - DE FURNAS - TURVO, Nº S/N - CAPITOLIO;-206.697.525;-462.219.762;P03003 - PREVENCAO AQUATICA / OPERACAO VERANICO (C) (Prioridade: 2 - Média);1CIA IND/2CIA/1PEL(PASSOS);ASL06087;Não;Não;Não;BOLETIM DE OCORRENCIA;Classificada;25/12/2024 07:49;Não
2024-37089300-9;;24/12/2024 10:08;RUA MARIA VALERIA VIEIRA LEMOS, Nº 69 - NOVA PASSOS II - PASSOS;;;V04004 - PRIMEIRO-ATENDIMENTO DO SALVAMENTO (C) (Prioridade: 1 - Alta);1CIA IND/2CIA/1PEL(PASSOS);;Não;Não;Não;NÃO ATENDIDA: FALTA DE EFETIVO;Classificada;24/12/2024 10:24;Não
2024-37090041-0;;24/12/2024 11:15;RUA TIMOTEO, Nº 98 - COHAB 2 - PASSOS;-207.097.774;-466.275.037;V04005 - PRIMEIRO-ATENDIMENTO DO SOCORRO (C) (Prioridade: 1 - Alta);1CIA IND/2CIA/PEL PREV E VIST(PASSOS);;Não;Não;Não;ATENDIDA PELO SAMU;Classificada;24/12/2024 11:28;Não
2024-37090497-2;(BM) 2024-057387771-001;24/12/2024 11:57;RUA PALMAS, Nº 148 - PANORAMA - PASSOS;-207.108.944;-466.146.776;S06001 - SALVAMENTO DE ANIMAL EM RISCO / PERIGO (C) (Prioridade: 2 - Média);1CIA IND/2CIA/1PEL(PASSOS);ABTS00495;Não;Não;Não;BOLETIM DE OCORRENCIA;Classificada;25/12/2024 07:49;Não
2024-37092778-2;(BM) 2024-057424966-001;24/12/2024 15:02;RODOVIA MG 050, Nº S/N - PASSOS;-207.372.242;-466.331.087;X03000 - EMPENHO ADMINISTRATIVO (C) (Prioridade: 2 - Média);1CIA IND/2CIA/1PEL(PASSOS);ABTS00495;Não;Não;Não;BOLETIM DE OCORRENCIA;Classificada;25/12/2024 07:49;Não
2024-37096437-3;;24/12/2024 18:40;RUA ANDRADAS, Nº 76 - PENHA - PASSOS;-207.173.982;-466.277.724;V01011 - VITIMA COM DOR RENAL (COLICA) (C) (Prioridade: 1 - Alta);1CIA IND/2CIA/1PEL(PASSOS);;Não;Não;Não;ORIENTAÇÃO;Classificada;24/12/2024 18:59;Não
2024-37103756-5;(BM) 2024-057495499-001;25/12/2024 02:34;RUA MATOZINHOS, Nº 51 - COHAB 2 - PASSOS;-207.106.461;-466.296.126;O02001 - INCENDIO EM RESIDENCIA/HABITACAO UNIFAMILIAR (CASA) (C) (Prioridade: 1 - Alta);1CIA IND/2CIA/1PEL(PASSOS);ABTS00495;Não;Não;Não;BOLETIM DE OCORRENCIA;Classificada;25/12/2024 07:50;Não
2024-37106968-0;(BM) 2024-057513150-001;25/12/2024 09:49;PRACA GERALDO DA SILVA MAIA, Nº S/N - CENTRO - PASSOS;-207.208.941;-46.609.005;P03999 - OUTROS TIPOS DE PCI / PCA   (C) (Prioridade: 2 - Média);1CIA IND/2CIA/1PEL(PASSOS);ASL06087;Não;Não;Não;BOLETIM DE OCORRENCIA;Classificada;26/12/2024 07:58;Não
2024-37108247-9;(BM) 2024-057530916-001;25/12/2024 12:36;RUA UNAI, Nº 380 - CALIFORNIA - PASSOS;-20.702.653;-466.186.531;P02011 - VISTORIA EM ENXAME DE INSETOS (C) (Prioridade: 2 - Média);1CIA IND/2CIA/1PEL(PASSOS);ASL06087;Não;Não;Não;BOLETIM DE OCORRENCIA;Classificada;26/12/2024 07:58;Não
2024-37111649-0;(BM) 2024-057556836-001;25/12/2024 17:08;RUA IMACULADA CONCEICAO, Nº 140 - PASSOS;;;V01020 - VITIMA COM PARADA CARDIORRESPIRATORIA (C) (Prioridade: 1 - Alta);1CIA IND/2CIA/1PEL(PASSOS);ASL06087;Não;Não;Não;BOLETIM DE OCORRENCIA;Classificada;26/12/2024 07:58;Não
2024-37111719-4;;25/12/2024 17:14;RUA BARAO DE PASSOS, Nº 1785 - SANTA LUZIA - PASSOS;-207.098.843;-465.978.186;V03012 - VITIMA COM OBJETO PRESO AO CORPO (C) (Prioridade: 1 - Alta);1CIA IND/2CIA/1PEL(PASSOS);;Não;Não;Não;SOLICITANTE ENCONTRADO - PROVIDÊNCIA DISPENSADA;Classificada;25/12/2024 18:14;Não
2024-37119193-3;(BM) 2024-057614390-001;26/12/2024 05:23;RUA DO MEIO, Nº 180 - NOVO HORIZONTE - PASSOS;-207.337.095;-466.012.792;V01020 - VITIMA COM PARADA CARDIORRESPIRATORIA (C) (Prioridade: 1 - Alta);1CIA IND/2CIA/1PEL(PASSOS);ASL06087;Não;Não;Não;BOLETIM DE OCORRENCIA;Classificada;26/12/2024 07:58;Não
2024-37119337-1;(BM) 2024-057617261-001;26/12/2024 06:34;AVENIDA SABIA, Nº S/N - MUARAMA 2 - PASSOS;-207.330.855;-466.157.928;S06001 - SALVAMENTO DE ANIMAL EM RISCO / PERIGO (C) (Prioridade: 2 - Média);1CIA IND/2CIA/1PEL(PASSOS);ASL06087;Não;Não;Não;BOLETIM DE OCORRENCIA;Classificada;26/12/2024 07:58;Não
2024-37120101-2;(BM) 2024-057622405-001;26/12/2024 08:32;RUA MANTIQUEIRA, Nº 132 - VILA RICA - PASSOS;-207.252.457;-465.949.353;S06002 - CAPTURA DE ANIMAL SILVESTRE PERIGOSO / AGRESSIVO (C) (Prioridade: 2 - Média);1CIA IND/2CIA/1PEL(PASSOS);ASL06087;Não;Não;Não;BOLETIM DE OCORRENCIA;Classificada;27/12/2024 07:21;Não
2024-37120640-7;(BM) 2024-057769719-001;26/12/2024 09:32;AVENIDA JK, Nº S/N - MONSENHOR MESSIAS - PASSOS;-207.342.178;-465.979.772;P02011 - VISTORIA EM ENXAME DE INSETOS (C) (Prioridade: 2 - Média);1CIA IND/2CIA/1PEL(PASSOS);ASL06087;Não;Não;Não;BOLETIM DE OCORRENCIA;Classificada;27/12/2024 07:21;Não
2024-37120792-5;;26/12/2024 09:47;RUA PARANA, Nº 221 - CARMELO - PASSOS;-207.174.325;-466.028.037;V01006 - VITIMA COM DIFICULDADE DE LOCOMOCAO (C) (Prioridade: 1 - Alta);1CIA IND/2CIA/1PEL(PASSOS);;Não;Não;Não;NÃO ATENDIDA: FALTA DE VIATURA;Classificada;26/12/2024 09:48;Não
2024-37122201-8;;26/12/2024 11:59;RUA TURQUESA, Nº 1874 - ACLIMACAO - PASSOS;-207.551.443;-465.970.846;P02011 - VISTORIA EM ENXAME DE INSETOS (C) (Prioridade: 2 - Média);1CIA IND/2CIA/1PEL(PASSOS);;Não;Não;Não;DISPENSADA PELO SOLICITANTE;Classificada;26/12/2024 12:03;Não
2024-37122800-2;(BM) 2024-057672785-001;26/12/2024 13:10;RUA TURQUESA, Nº 1874 - ACLIMACAO - PASSOS;-207.551.443;-465.970.846;P02011 - VISTORIA EM ENXAME DE INSETOS (C) (Prioridade: 2 - Média);1CIA IND/2CIA/1PEL(PASSOS);ASL06087;Não;Não;Não;BOLETIM DE OCORRENCIA;Classificada;27/12/2024 07:21;Não
2024-37128822-8;(BM) 2024-057729457-001;26/12/2024 19:56;RUA TURQUESA, Nº 1874 - ACLIMACAO - PASSOS;-207.551.443;-465.970.846;S06005 - CAPTURA DE INSETOS (C) (Prioridade: 2 - Média);1CIA IND/2CIA/1PEL(PASSOS);ASL06087;Não;Não;Não;BOLETIM DE OCORRENCIA;Classificada;27/12/2024 07:21;Não
2024-37134512-5;(BM) 2024-057776500-001;27/12/2024 08:31;AVENIDA SABIA, Nº S/N - MUARAMA 2 - PASSOS;-207.330.855;-466.157.928;S06002 - CAPTURA DE ANIMAL SILVESTRE PERIGOSO / AGRESSIVO (C) (Prioridade: 2 - Média);1CIA IND/2CIA/1PEL(PASSOS);ASL06087;Não;Não;Não;BOLETIM DE OCORRENCIA;Classificada;28/12/2024 07:05;Não
2024-37134818-5;(BM) 2024-057790861-001;27/12/2024 09:06;RUA MACHADO DE ASSIS, Nº 70 - JARDIM PINHEIROS - PASSOS;-207.225.276;-46.619.154;P02004 - VISTORIA EM RISCO DE DESABAMENTO / DESMORONAMENTO (C) (Prioridade: 2 - Média);1CIA IND/2CIA/1PEL(PASSOS);ASL06087;Não;Não;Não;BOLETIM DE OCORRENCIA;Classificada;28/12/2024 07:05;Não
2024-37137016-0;;27/12/2024 12:56;PRACA MONSENHOR MESSIAS BRAGANCA / TRAVESSA SENHOR BOM JESUS DOS PASSOS - CENTRO - PASSOS;-207.185.227;-466.103.499;W98011 - SOLICITACAO DE APOIO (C) (Prioridade: 1 - Alta);1CIA IND/2CIA/1PEL(PASSOS);;Não;Não;Não;REPASSADA A OUTROS ÓRGAOS;Classificada;27/12/2024 13:07;Não
2024-37143083-1;;27/12/2024 19:46;AVENIDA EXPEDICIONARIOS, Nº 328 - CENTRO - PASSOS;-207.220.034;-466.048.225;V03018 - VITIMA DE QUEDA DA PROPRIA ALTURA (C) (Prioridade: 1 - Alta);1CIA IND/2CIA/1PEL(PASSOS);;Não;Não;Não;NÃO ATENDIDA: FALTA DE VIATURA;Classificada;27/12/2024 19:52;Não
2024-37149021-7;;28/12/2024 04:49;RUA RIO DOCE, Nº 205 - SANTA LUZIA - PASSOS;-207.092.794;-466.036.563;V01018 - VITIMA DE MAL NAO DEFINIDO (DISTURBIO) (C) (Prioridade: 1 - Alta);1CIA IND/2CIA/1PEL(PASSOS);;Não;Não;Não;DISPENSADA PELO SOLICITANTE;Classificada;28/12/2024 05:53;Não
2024-37149573-3;(BM) 2024-057928483-001;28/12/2024 07:33;RUA DOUTOR CARVALHO, Nº 1455 - NOSSA SENHORA DAS GRAÇAS - PASSOS;-207.352.269;-466.037.303;S06001 - SALVAMENTO DE ANIMAL EM RISCO / PERIGO (C) (Prioridade: 2 - Média);1CIA IND/2CIA/1PEL(PASSOS);ASL06087;Não;Não;Não;BOLETIM DE OCORRENCIA;Classificada;29/12/2024 06:56;Não
2024-37151281-0;(BM) 2024-058018490-001;28/12/2024 11:07;RUA DOUTOR CARVALHO, Nº 1455 - NOSSA SENHORA DAS GRAÇAS - PASSOS;-207.352.269;-466.037.303;Q03017 - TREINAMENTO DE PRIMEIROS SOCORROS (C) (Prioridade: 2 - Média);1CIA IND/2CIA/1PEL(PASSOS);BM1525005;Não;Não;Não;BOLETIM DE OCORRENCIA;Classificada;29/12/2024 06:56;Não
2024-37151437-8;(PM) 2024-057947044-001;28/12/2024 11:25;PRACA MONSENHOR MESSIAS BRAGANCA, Nº 69 - CENTRO - PASSOS;-207.186.566;-466.104.255;W98011 - SOLICITACAO DE APOIO (C) (Prioridade: 1 - Alta);1CIA IND/2CIA/1PEL(PASSOS);;Não;Não;Não;ATENDIDA PELO SAMU;Classificada;28/12/2024 11:58;Não
2024-37151973-4;(BM) 2024-057952019-001;28/12/2024 12:37;RUA EQUADOR, Nº S/N - POLIVALENTE - PASSOS;-207.023.935;-466.021.892;S06002 - CAPTURA DE ANIMAL SILVESTRE PERIGOSO / AGRESSIVO (C) (Prioridade: 2 - Média);1CIA IND/2CIA/1PEL(PASSOS);ASL06087;Não;Não;Não;BOLETIM DE OCORRENCIA;Classificada;29/12/2024 06:56;Não
2024-37154978-4;(BM) 2024-058001922-001;28/12/2024 16:42;ESTRADA SBG0082 - DE ACESSO A POUSADA QUEBRA ANZOL - PROXIMO AO MIRANTE DE FURNAS, Nº S/N - SAO JOAO BATISTA GLORIA;-206.554.961;-463.231.551;S02004 - AFOGAMENTO EM CACHOEIRA (C) (Prioridade: 1 - Alta);1CIA IND/2CIA/1PEL(PASSOS);ASL06087;Não;Não;Não;BOLETIM DE OCORRENCIA;Classificada;29/12/2024 06:56;Não
2024-37155034-3;(PM) 2024-058001872-001;28/12/2024 16:46;RODOVIA MG 050, Km 328 - SAO JOAO BATISTA GLORIA;;;W98011 - SOLICITACAO DE APOIO (C) (Prioridade: 1 - Alta);1CIA IND/2CIA/1PEL(PASSOS);;Não;Não;Não;DUPLICADA;Classificada;28/12/2024 20:06;Não
2024-37155129-8;;28/12/2024 16:55;RUA NOSSA SENHORA DE FATIMA, Nº 968 - JARDIM ELAINE - PASSOS;-206.963.628;-466.158.047;W98011 - SOLICITACAO DE APOIO (C) (Prioridade: 1 - Alta);1CIA IND/2CIA/1PEL(PASSOS);;Não;Não;Não;DISPENSADA PELO SOLICITANTE;Classificada;28/12/2024 20:06;Não
2024-37162037-1;(BM) 2024-058049974-001;29/12/2024 00:48;RODOVIA BR 146, Km 343 - ACLIMACAO - PASSOS;-207.500.872;-465.982.244;S06008 - CORTE DE ARVORE CAIDA EM VIA PUBLICA (C) (Prioridade: 2 - Média);1CIA IND/2CIA/1PEL(PASSOS);ASL06087;Não;Não;Não;BOLETIM DE OCORRENCIA;Classificada;29/12/2024 06:56;Não
2024-37164386-1;(BM) 2024-058061771-003;29/12/2024 07:34;ESTRADA SBG0082 - DE ACESSO A POUSADA QUEBRA ANZOL - PROXIMO AO MIRANTE DE FURNAS, Nº S/N - SAO JOAO BATISTA GLORIA;-206.554.961;-463.231.551;S02004 - AFOGAMENTO EM CACHOEIRA (C) (Prioridade: 1 - Alta);1CIA IND/2CIA/1PEL(PASSOS);ASL06087;Não;Não;Não;BOLETIM DE OCORRENCIA;Classificada;01/01/2025 07:41;Não
2024-37164583-2;(BM) 2024-058066103-001;29/12/2024 08:09;RUA ELVIRA SILVEIRA COIMBRA, Nº 200 - CENTRO - PASSOS;-207.226.195;-466.100.961;P02011 - VISTORIA EM ENXAME DE INSETOS (C) (Prioridade: 2 - Média);1CIA IND/2CIA/1PEL(PASSOS);ABTS00495;Não;Não;Não;BOLETIM DE OCORRENCIA;Classificada;30/12/2024 08:00;Não
2024-37166152-1;(BM) 2024-058077432-001;29/12/2024 12:06;RODOVIA MG 050, Nº 355 - JARDIM EMBRATEL - PASSOS;-207.407.705;-466.047.202;P03001 - PERIGO DE DERRAPAGEM (C) (Prioridade: 2 - Média);1CIA IND/2CIA/1PEL(PASSOS);ABTS00495;Não;Não;Não;BOLETIM DE OCORRENCIA;Classificada;30/12/2024 08:00;Não
2024-37171737-4;(BM) 2024-058140274-001;29/12/2024 20:02;RUA CONCEICAO VIEIRA DE CARVALHO, Nº 521 - JARDIM FLORENCA - PASSOS;;;S06002 - CAPTURA DE ANIMAL SILVESTRE PERIGOSO / AGRESSIVO (C) (Prioridade: 2 - Média);1CIA IND/2CIA/1PEL(PASSOS);ASL06087;Não;Não;Não;BOLETIM DE OCORRENCIA;Classificada;30/12/2024 08:00;Não
2024-37172830-5;(BM) 2024-058146980-001;29/12/2024 21:16;AVENIDA COMENDADOR FRANCISCO A MAIA, Nº 4017 - BELO HORIZONTE - PASSOS;-207.327.778;-466.060.412;S06008 - CORTE DE ARVORE CAIDA EM VIA PUBLICA (C) (Prioridade: 2 - Média);1CIA IND/2CIA/1PEL(PASSOS);ASL06087;Não;Não;Não;BOLETIM DE OCORRENCIA;Classificada;30/12/2024 08:00;Não
2024-37177835-6;(BM) 2024-058181634-001;30/12/2024 09:05;RUA DOUTOR SATURNINO, Nº 300 - CENTRO - PASSOS;-207.223.944;-466.123.876;P01003 - VISTORIA EM EVENTOS TEMPORARIOS (C) (Prioridade: 1 - Alta);1CIA IND/2CIA/PEL PREV E VIST(PASSOS);APF01362;Não;Não;Não;BOLETIM DE OCORRENCIA;Classificada;31/12/2024 07:50;Não
2024-37178305-8;(BM) 2024-058187488-001;30/12/2024 09:53;RUA DOUTOR CARVALHO, Nº 2323 - PASSOS;-207.406.848;-466.019.581;P01002 - VISTORIA DE LIBERACAO / EMISSAO DE AVCB (C) (Prioridade: 2 - Média);1CIA IND/2CIA/PEL PREV E VIST(PASSOS);APF01362;Não;Não;Não;BOLETIM DE OCORRENCIA;Classificada;31/12/2024 07:49;Não
2024-37178458-9;(BM) 2024-058198581-001;30/12/2024 10:08;RUA ANTONIO CELESTINO, Nº 88 - CARMELO - PASSOS;;;S06001 - SALVAMENTO DE ANIMAL EM RISCO / PERIGO (C) (Prioridade: 2 - Média);1CIA IND/2CIA/1PEL(PASSOS);ABTS00495;Não;Não;Não;BOLETIM DE OCORRENCIA;Classificada;31/12/2024 07:49;Não
2024-37179782-2;;30/12/2024 12:26;RUA CAETES, Nº 1470 - SERRA VERDE - PASSOS;-207.412.796;-465.916.923;W04000 - NADA CONSTATADO (C) (Prioridade: 3 - Baixa);1CIA IND/2CIA/1PEL(PASSOS);ABTS00495;Não;Não;Não;ATENDIDA PELO SAMU;Classificada;30/12/2024 13:12;Não
2024-37179777-2;;30/12/2024 12:27;RUA CAETES, Nº 1470 - SERRA VERDE - PASSOS;-207.412.796;-465.916.923;W98011 - SOLICITACAO DE APOIO (C) (Prioridade: 1 - Alta);1CIA IND/2CIA/1PEL(PASSOS);;Não;Não;Não;DUPLICADA;Classificada;30/12/2024 12:54;Não
2024-37180018-9;(BM) 2024-058208851-001;30/12/2024 12:56;RUA BAHIA, Nº 164 - NOSSA SENHORA DAS DORES - GUAXUPE;-213.130.228;-466.941.351;X03000 - EMPENHO ADMINISTRATIVO (C) (Prioridade: 2 - Média);1CIA IND/2CIA/PEL PREV E VIST(PASSOS);APF01362;Não;Não;Não;BOLETIM DE OCORRENCIA;Classificada;31/12/2024 07:50;Não
2024-37185503-1;(BM) 2024-058269783-001;30/12/2024 19:02;RUA GERALDO S. ALMEIDA, Nº 201 - COHAB 2 - PASSOS;-20.712.936;-466.320.383;V01007 - VITIMA COM DISPNEIA (FALTA DE AR) (C) (Prioridade: 1 - Alta);1CIA IND/2CIA/1PEL(PASSOS);UR00565;Não;Não;Não;BOLETIM DE OCORRENCIA;Classificada;31/12/2024 07:50;Não
2024-37186512-8;(BM) 2024-058277119-001;30/12/2024 20:12;RUA GUAPORE, Nº 423 - SANTA LUZIA - PASSOS;-207.096.693;-465.984.474;V01023 - VITIMA DE SINCOPE (DESMAIO)/VERTIGEM (C) (Prioridade: 2 - Média);1CIA IND/2CIA/1PEL(PASSOS);UR00565;Não;Não;Não;BOLETIM DE OCORRENCIA;Classificada;31/12/2024 07:50;Não
2024-37187541-1;(BM) 2024-058286752-001;30/12/2024 21:23;RUA SENZALA, Nº 235 - CASARAO - PASSOS;;;V01018 - VITIMA DE MAL NAO DEFINIDO (DISTURBIO) (C) (Prioridade: 1 - Alta);1CIA IND/2CIA/1PEL(PASSOS);UR00565;Não;Não;Não;BOLETIM DE OCORRENCIA;Classificada;31/12/2024 07:50;Não
2024-37188602-0;;30/12/2024 22:35;AVENIDA COMENDADOR FRANCISCO A MAIA, Nº S/N - SANTA CASA - PASSOS;-207.146.788;-466.127.072;V01003 - VITIMA COM CRISE CONVULSIVA (C) (Prioridade: 1 - Alta);1CIA IND/2CIA/1PEL(PASSOS);UR00565;Não;Não;Não;ATENDIDA PELO SAMU;Classificada;30/12/2024 22:47;Não
2024-37189005-6;(BM) 2024-058303175-001;30/12/2024 22:59;RUA DOUTOR CARVALHO, Nº 1455 - NOSSA SENHORA DAS GRAÇAS - PASSOS;-207.352.269;-466.037.303;V03012 - VITIMA COM OBJETO PRESO AO CORPO (C) (Prioridade: 1 - Alta);1CIA IND/2CIA/1PEL(PASSOS);BM1256320;Não;Não;Não;BOLETIM DE OCORRENCIA;Classificada;31/12/2024 07:50;Não
2024-37191358-9;(BM) 2024-058320630-001;31/12/2024 05:16;AVENIDA SABIA, Nº 410 - PASSOS;;;O02003 - INCENDIO EM EDIFICACAO COMERCIAL (C) (Prioridade: 1 - Alta);1CIA IND/2CIA/1PEL(PASSOS);ABTS00495 / UR00565;Não;Não;Não;BOLETIM DE OCORRENCIA;Classificada;31/12/2024 07:50;Não
2024-37191997-8;(BM) 2024-058333130-001;31/12/2024 08:08;RUA PRATAPOLIS, Nº 968 - coimbra - PASSOS;;;V01006 - VITIMA COM DIFICULDADE DE LOCOMOCAO (C) (Prioridade: 1 - Alta);1CIA IND/2CIA/1PEL(PASSOS);UR00565;Não;Não;Não;BOLETIM DE OCORRENCIA;Classificada;01/01/2025 07:41;Não
2024-37193094-0;(BM) 2024-058352319-001;31/12/2024 10:28;RUA AMBROSIA DAS GRACAS CUNHA, Nº 60 - PENHA 2 - PASSOS;-207.192.255;-466.310.041;V01024 - VITIMA DE SUICIDIO (TENTATIVA) - APH CLINICO (C) (Prioridade: 1 - Alta);1CIA IND/2CIA/1PEL(PASSOS);UR00565;Não;Não;Não;BOLETIM DE OCORRENCIA;Classificada;01/01/2025 07:41;Não
2024-37193582-3;(BM) 2024-058352334-001;31/12/2024 11:23;RUA GLORIA, Nº 33 - PASSOS;-207.139.276;-466.059.982;V03018 - VITIMA DE QUEDA DA PROPRIA ALTURA (C) (Prioridade: 1 - Alta);1CIA IND/2CIA/1PEL(PASSOS);UR00565;Não;Não;Não;BOLETIM DE OCORRENCIA;Classificada;01/01/2025 07:41;Não
2024-37193953-3;(BM) 2024-058343242-001;31/12/2024 12:09;RUA GUANABARA, Nº 754 - RECANTO DA HARMONIA - PASSOS;;;V01006 - VITIMA COM DIFICULDADE DE LOCOMOCAO (C) (Prioridade: 1 - Alta);1CIA IND/2CIA/1PEL(PASSOS);UR00565;Não;Não;Não;BOLETIM DE OCORRENCIA;Classificada;01/01/2025 07:41;Não
2024-37194624-7;(BM) 2024-058352230-001;31/12/2024 13:38;RODOVIA MG 050, Km 0, Nº 160 - NOSSA SENHORA DAS GRAÇAS - PASSOS;-207.395.866;-466.012.319;P03001 - PERIGO DE DERRAPAGEM (C) (Prioridade: 2 - Média);1CIA IND/2CIA/1PEL(PASSOS);ABTS00495;Não;Não;Não;BOLETIM DE OCORRENCIA;Classificada;01/01/2025 07:41;Não
2024-37196692-8;(BM) 2024-058393096-001;31/12/2024 16:28;RUA JOAO DE SOUZA ANDRADE, Nº 20 - RECANTO DA TEKA - PASSOS;-207.433.459;-465.970.027;S06008 - CORTE DE ARVORE CAIDA EM VIA PUBLICA (C) (Prioridade: 2 - Média);1CIA IND/2CIA/1PEL(PASSOS);ABTS00495;Não;Não;Não;BOLETIM DE OCORRENCIA;Classificada;01/01/2025 07:41;Não
2024-37200553-9;(BM) 2025-000004171-001;31/12/2024 21:18;RUA GOIAS, Nº 1292 - BELA VISTA - PASSOS;-20.712.303;-465.995.641;V01003 - VITIMA COM CRISE CONVULSIVA (C) (Prioridade: 1 - Alta);1CIA IND/2CIA/1PEL(PASSOS);UR00565;Não;Não;Não;BOLETIM DE OCORRENCIA;Classificada;01/01/2025 07:41;Não
2024-37200793-2;;31/12/2024 21:34;ALAMEDA CAPUCHINHOS, Nº S/N - CEN TRO - POCOS DE CALDAS;;;O02036 - INCENDIO EM AMONTOADO DE MADEIRA (C) (Prioridade: 2 - Média);1CIA IND (POCOS DE CALDAS);;Não;Não;Não;NADA CONSTATADO;Classificada;31/12/2024 22:33;Não
