Nº chamada;Nº REDS;Data/hora de criação;Local do fato;Latitude  do local;Longitude do local;Natureza;Unidade Responsável;Recursos empenhados;Alerta;Destaque;Envolve autoridade;Tipo de classificação;Situação;Data/hora da situação atual;Evento associado
2024-33360146-8;(BM) 2024-019879738-001;01/05/2024 08:36;RUA JOAO TEIXEIRA MENDES, Nº 384 - PASSOS;;;V02501 - VITIMA DE QUEDA (CICLISTA) (C) (Prioridade: 1 - Alta);1CIA IND/2CIA/1PEL(PASSOS);UR04360;Não;Não;Não;BOLETIM DE OCORRENCIA;Classificada;01/05/2024 23:55;Não
2024-33360683-7;(BM) 2024-019883749-001;01/05/2024 09:37;RUA JOAQUIM LEMOS MAIA, Nº 1560 - NOVA PASSOS II - PASSOS;-206.995.672;-466.346.137;O04012 - INCENDIO EM LOTE VAGO (AREA URBANA) (C) (Prioridade: 2 - Média);1CIA IND/2CIA/1PEL(PASSOS);ABTS00495;Não;Não;Não;BOLETIM DE OCORRENCIA;Classificada;01/05/2024 23:06;Não
2024-33361480-5;(BM) 2024-019893638-001;01/05/2024 11:05;RUA JOAQUIM LOPES, Nº 421 - PENHA - PASSOS;-207.167.101;-466.246.132;S06001 - SALVAMENTO DE ANIMAL EM RISCO / PERIGO (C) (Prioridade: 2 - Média);1CIA IND/2CIA/1PEL(PASSOS);ASL00064;Não;Não;Não;BOLETIM DE OCORRENCIA;Classificada;01/05/2024 23:08;Não
2024-33361636-2;(BM) 2024-019893716-001;01/05/2024 11:23;AVENIDA MONTESE, Nº 204 - VILA RICA - PASSOS;-207.260.544;-465.958.393;V02403 - VITIMA DE COLISAO ENTRE AUTOMOVEIS (CARRO / CAMINHONETE) (C) (Prioridade: 1 - Alta);1CIA IND/2CIA/1PEL(PASSOS);UR04360;Não;Não;Não;BOLETIM DE OCORRENCIA;Classificada;01/05/2024 23:45;Não
2024-33363654-5;(BM) 2024-019920974-001;01/05/2024 14:42;RODOVIA MG 444, Km 13 - CAPETINGA;-20.598.308;-470.226.654;O04014 - INCENDIO AS MARGENS DE RODOVIA (C) (Prioridade: 2 - Média);1CIA IND/2CIA/1PEL(PASSOS);ASL00064;Não;Não;Não;BOLETIM DE OCORRENCIA;Classificada;01/05/2024 23:47;Não
2024-33366411-0;(BM) 2024-019939576-001;01/05/2024 17:35;RUA CUIABA, Nº S/N - JARDIM COLEGIO DE PASSOS - PASSOS;-207.209.732;-465.916.011;O04011 - INCENDIO EM AREA URBANA NAO PROTEGIDA (C) (Prioridade: 2 - Média);1CIA IND/2CIA/1PEL(PASSOS);ABTS00495;Não;Não;Não;BOLETIM DE OCORRENCIA;Classificada;01/05/2024 23:52;Não
2024-33366902-1;;01/05/2024 18:04;RUA SALVADOR, Nº 242 - JARDIM COLEGIO DE PASSOS - PASSOS;-207.226.507;-465.924.113;W98011 - SOLICITACAO DE APOIO (C) (Prioridade: 1 - Alta);1CIA IND/2CIA/1PEL(PASSOS);;Não;Não;Não;DUPLICADA;Classificada;01/05/2024 18:13;Não
2024-33367618-3;(BM) 2024-019964513-001;01/05/2024 18:51;RUA MANUEL DA SILVEIRA MAIA, Nº 201 - PENHA 2 - PASSOS;-207.166.863;-466.329.757;O04011 - INCENDIO EM AREA URBANA NAO PROTEGIDA (C) (Prioridade: 2 - Média);1CIA IND/2CIA/1PEL(PASSOS);ABTS00495;Não;Não;Não;BOLETIM DE OCORRENCIA;Classificada;01/05/2024 23:53;Não
2024-33371945-3;(BM) 2024-019988419-001;01/05/2024 23:27;RUA BOIADEIROS, Nº 233 - CANDEIAS - PASSOS;-207.244.912;-466.167.865;O04012 - INCENDIO EM LOTE VAGO (AREA URBANA) (C) (Prioridade: 2 - Média);1CIA IND/2CIA/1PEL(PASSOS);ABTS00495;Não;Não;Não;BOLETIM DE OCORRENCIA;Classificada;03/05/2024 05:58;Não
2024-33371980-4;(BM) 2024-019988462-001;01/05/2024 23:28;RUA GOIAS, Nº 362 - POLIVALENTE - PASSOS;-207.064.544;-466.059.814;V03018 - VITIMA DE QUEDA DA PROPRIA ALTURA (C) (Prioridade: 1 - Alta);1CIA IND/2CIA/1PEL(PASSOS);UR04360;Não;Não;Não;BOLETIM DE OCORRENCIA;Classificada;03/05/2024 05:58;Não
2024-33374604-9;(BM) 2024-020020716-001;02/05/2024 07:28;RUA ACRE, Nº 1520 - RECANTO DA HARMONIA - PASSOS;-207.051.119;-465.951.406;S06003 - CAPTURA DE CAO PERIGOSO / AGRESSIVO (C) (Prioridade: 2 - Média);1CIA IND/2CIA/1PEL(PASSOS);ASL00064;Não;Não;Não;BOLETIM DE OCORRENCIA;Classificada;02/05/2024 22:13;Não
2024-33375556-3;(BM) 2024-020022126-001;02/05/2024 09:04;AVENIDA JK, Nº 1055 - RECANTO DEL REI - PASSOS;-207.295.363;-466.006.315;V03018 - VITIMA DE QUEDA DA PROPRIA ALTURA (C) (Prioridade: 1 - Alta);1CIA IND/2CIA/1PEL(PASSOS);UR04360;Não;Não;Não;BOLETIM DE OCORRENCIA;Classificada;03/05/2024 06:00;Não
2024-33375621-3;(BM) 2024-020022063-001;02/05/2024 09:08;AVENIDA PROJETADA, Nº 1911 - RESIDENCIAL RECANTO DOS PINHEIROS - PASSOS;-206.932.331;-466.111.091;P02001 - VISTORIA EM HIDRANTE (C) (Prioridade: 2 - Média);1CIA IND/2CIA/1PEL(PASSOS);ASL00064;Não;Não;Não;BOLETIM DE OCORRENCIA;Classificada;02/05/2024 22:13;Não
2024-33375883-0;(BM) 2024-020024573-001;02/05/2024 09:30;RUA UNIMED, Nº S/N - MIRANTE DO VALE - PASSOS;-207.215.211;-465.754.861;P02001 - VISTORIA EM HIDRANTE (C) (Prioridade: 2 - Média);1CIA IND/2CIA/1PEL(PASSOS);ASL00064;Não;Não;Não;BOLETIM DE OCORRENCIA;Classificada;02/05/2024 22:13;Não
2024-33376415-7;(BM) 2024-020032030-001;02/05/2024 10:17;RUA DOUTOR CARVALHO, Nº 1455 - NOSSA SENHORA DAS GRAÇAS - PASSOS;-207.352.269;-466.037.303;Q03017 - TREINAMENTO DE PRIMEIROS SOCORROS (C) (Prioridade: 2 - Média);1CIA IND/2CIA/1PEL(PASSOS);BM1797430;Não;Não;Não;BOLETIM DE OCORRENCIA;Classificada;02/05/2024 22:18;Não
2024-33376512-3;(BM) 2024-020033468-001;02/05/2024 10:25;RUA DOUTOR CARVALHO, Nº 1455 - NOSSA SENHORA DAS GRAÇAS - PASSOS;-207.352.269;-466.037.303;Q05002 - PROJETO DE DIVULGACAO DA NATACAO (C) (Prioridade: 1 - Alta);1CIA IND/2CIA/1PEL(PASSOS);BM1787357;Não;Não;Não;BOLETIM DE OCORRENCIA;Classificada;03/05/2024 06:00;Não
2024-33377187-0;;02/05/2024 11:21;AVENIDA LISBOA, Nº 833 - JARDIM EUROPA - POCOS DE CALDAS;;;P03001 - PERIGO DE DERRAPAGEM (C) (Prioridade: 2 - Média);1CIA IND (POCOS DE CALDAS);;Não;Não;Não;DUPLICADA;Classificada;02/05/2024 12:13;Não
2024-33378000-2;(BM) 2024-020051864-001;02/05/2024 12:34;RUA PIRAPORA, Nº S/N - NOSSA SENHORA DE FATIMA - PASSOS;-206.995.844;-46.615.761;P02001 - VISTORIA EM HIDRANTE (C) (Prioridade: 2 - Média);1CIA IND/2CIA/1PEL(PASSOS);ASL00064;Não;Não;Não;BOLETIM DE OCORRENCIA;Classificada;03/05/2024 05:58;Não
2024-33379131-6;(BM) 2024-020063477-001;02/05/2024 14:05;AVENIDA ARLINDO FIGUEIREDO, Nº 2065 - JARDIM CIDADE - PASSOS;-207.315.112;-4.662.903;P01002 - VISTORIA DE LIBERACAO / EMISSAO DE AVCB (C) (Prioridade: 2 - Média);1CIA IND/2CIA/PEL PREV E VIST(PASSOS);APF01362;Não;Não;Não;BOLETIM DE OCORRENCIA;Classificada;03/05/2024 05:58;Não
2024-33379135-7;(BM) 2024-020089068-001;02/05/2024 14:06;RUA RIO BRANCO, Nº 1039 - SANTA LUZIA - PASSOS;-207.052.793;-466.023.587;P01002 - VISTORIA DE LIBERACAO / EMISSAO DE AVCB (C) (Prioridade: 2 - Média);1CIA IND/2CIA/PEL PREV E VIST(PASSOS);APF01362;Não;Não;Não;BOLETIM DE OCORRENCIA;Classificada;03/05/2024 05:58;Não
2024-33379297-9;(BM) 2024-020070020-001;02/05/2024 14:17;RUA ORLANDO ADAO CARNEIRO, Nº 708 - RECANTO DA TEKA - PASSOS;-207.467.442;-465.974.566;O04012 - INCENDIO EM LOTE VAGO (AREA URBANA) (C) (Prioridade: 2 - Média);1CIA IND/2CIA/1PEL(PASSOS);ABTS00495;Não;Não;Não;BOLETIM DE OCORRENCIA;Classificada;03/05/2024 05:58;Não
2024-33379465-1;(BM) 2024-020067945-001;02/05/2024 14:23;RUA SAO PAULO, Nº 836 - JARDIM COLEGIO DE PASSOS - PASSOS;-207.214.598;-465.966.895;P01001 - VISTORIA DE FISCALIZACAO (C) (Prioridade: 2 - Média);1CIA IND/2CIA/1PEL(PASSOS);TPO00155;Não;Não;Não;BOLETIM DE OCORRENCIA;Classificada;02/05/2024 22:17;Não
2024-33379926-2;(BM) 2024-020073613-001;02/05/2024 14:47;RUA UIRAPURU, Nº 557 - PARQUE DA FAZENDA - PASSOS;-207.383.756;-466.080.769;P01001 - VISTORIA DE FISCALIZACAO (C) (Prioridade: 2 - Média);1CIA IND/2CIA/1PEL(PASSOS);TPO00155;Não;Não;Não;BOLETIM DE OCORRENCIA;Classificada;02/05/2024 22:17;Não
2024-33380005-9;(BM) 2024-020077784-001;02/05/2024 14:51;AVENIDA PINHEIRO, Nº 1235 - SERRA DAS BRISAS - PASSOS;-207.346.491;-465.972.267;V03999 - OUTROS TIPOS DE APH DE TRAUMAS DIVERSOS   (C) (Prioridade: 1 - Alta);1CIA IND/2CIA/1PEL(PASSOS);UR04360;Não;Não;Não;BOLETIM DE OCORRENCIA;Classificada;03/05/2024 06:00;Não
2024-33380718-2;(BM) 2024-020089280-001;02/05/2024 15:27;RUA SAO GABRIEL, Nº 160 - PASSOS;-207.191.925;-465.941.579;V01013 - VITIMA DE EMERGENCIAS PSIQUIATRICAS (C) (Prioridade: 1 - Alta);1CIA IND/2CIA/1PEL(PASSOS);UR04360;Não;Não;Não;BOLETIM DE OCORRENCIA;Classificada;03/05/2024 06:00;Não
2024-33381159-8;(BM) 2024-020095810-001;02/05/2024 15:50;RUA HONDURAS, Nº 96 - JARDIM POLIVALENTE - PASSOS;;;O04012 - INCENDIO EM LOTE VAGO (AREA URBANA) (C) (Prioridade: 2 - Média);1CIA IND/2CIA/1PEL(PASSOS);ABTS00495;Não;Não;Não;BOLETIM DE OCORRENCIA;Classificada;03/05/2024 05:58;Não
2024-33383564-7;(BM) 2024-020120543-001;02/05/2024 18:07;AVENIDA SAUDADE, Nº 210 - SAO BENEDITO - PASSOS;-207.241.578;-466.012.523;V01018 - VITIMA DE MAL NAO DEFINIDO (DISTURBIO) (C) (Prioridade: 1 - Alta);1CIA IND/2CIA/1PEL(PASSOS);UR04360;Não;Não;Não;BOLETIM DE OCORRENCIA;Classificada;03/05/2024 05:58;Não
2024-33383852-1;(BM) 2024-020129297-001;02/05/2024 18:24;AVENIDA EXPEDICIONARIOS, Nº S/N - MIRANTE DO VALE - PASSOS;-207.256.744;-465.818.365;O04012 - INCENDIO EM LOTE VAGO (AREA URBANA) (C) (Prioridade: 2 - Média);1CIA IND/2CIA/1PEL(PASSOS);ABTS00495;Não;Não;Não;BOLETIM DE OCORRENCIA;Classificada;03/05/2024 05:58;Não
2024-33389295-0;(BM) 2024-020177740-001;03/05/2024 00:53;AVENIDA ANTONIO ADAO DA SILVA, Nº 111 - PENHA 2 - PASSOS;-207.189.598;-466.322.189;V03006 - VITIMA DE ATAQUE DE ANIMAIS PECONHENTOS (C) (Prioridade: 1 - Alta);1CIA IND/2CIA/1PEL(PASSOS);UR04360;Não;Não;Não;BOLETIM DE OCORRENCIA;Classificada;03/05/2024 05:58;Não
2024-33391473-9;(BM) 2024-020197437-001;03/05/2024 08:34;RUA VITORIA, Nº 502 - PASSOS;-207.192.161;-465.926.258;V03018 - VITIMA DE QUEDA DA PROPRIA ALTURA (C) (Prioridade: 1 - Alta);1CIA IND/2CIA/1PEL(PASSOS);UR04360;Não;Não;Não;BOLETIM DE OCORRENCIA;Classificada;04/05/2024 08:06;Não
2024-33392452-4;(BM) 2024-020218854-001;03/05/2024 10:00;RUA VEREADOR LUIZ PATTI, Nº 197 - COHAB 4 - PASSOS;-207.196.781;-466.348.667;V01020 - VITIMA COM PARADA CARDIORRESPIRATORIA (C) (Prioridade: 1 - Alta);1CIA IND/2CIA/1PEL(PASSOS);UR04360;Não;Não;Não;BOLETIM DE OCORRENCIA;Classificada;04/05/2024 08:06;Não
2024-33394216-2;(BM) 2024-020237064-001;03/05/2024 12:37;RUA FORMOSA, Nº 195 - CENTRO - PASSOS;-207.154.973;-466.099.764;P02011 - VISTORIA EM ENXAME DE INSETOS (C) (Prioridade: 2 - Média);1CIA IND/2CIA/1PEL(PASSOS);ASL00064 / ABTS00495;Não;Não;Não;BOLETIM DE OCORRENCIA;Classificada;04/05/2024 08:06;Não
2024-33394390-0;(BM) 2024-020263062-001;03/05/2024 12:54;RUA VARGINHA, Nº 133 - COHAB 1 - PASSOS;-207.091.591;-466.256.066;P01001 - VISTORIA DE FISCALIZACAO (C) (Prioridade: 2 - Média);1CIA IND/2CIA/PEL PREV E VIST(PASSOS);APF01362;Não;Não;Não;BOLETIM DE OCORRENCIA;Classificada;04/05/2024 08:06;Não
2024-33394396-6;(BM) 2024-020252006-001;03/05/2024 12:55;RUA CACHOEIRAS, Nº 80 - NOVO HORIZONTE - PASSOS;-207.304.408;-466.006.711;P01001 - VISTORIA DE FISCALIZACAO (C) (Prioridade: 2 - Média);1CIA IND/2CIA/PEL PREV E VIST(PASSOS);APF01362;Não;Não;Não;BOLETIM DE OCORRENCIA;Classificada;04/05/2024 08:06;Não
2024-33394538-9;(BM) 2024-020244508-001;03/05/2024 13:10;RUA TUPINIQUINS, Nº 596 - NOSSA SENHORA APARECIDA - PASSOS;-207.460.647;-466.067.455;O04012 - INCENDIO EM LOTE VAGO (AREA URBANA) (C) (Prioridade: 2 - Média);1CIA IND/2CIA/1PEL(PASSOS);ABTS00495;Não;Não;Não;BOLETIM DE OCORRENCIA;Classificada;04/05/2024 08:06;Não
2024-33395116-3;(BM) 2024-020245753-001;03/05/2024 13:54;RUA DOUTOR MANOEL PATTI / AVENIDA COMENDADOR FRANCISCO A MAIA - MARIO MAGALHAES - PASSOS;-207.242.719;-46.612.124;W04000 - NADA CONSTATADO (C) (Prioridade: 3 - Baixa);1CIA IND/2CIA/1PEL(PASSOS);UR04360;Não;Não;Não;BOLETIM DE OCORRENCIA;Classificada;04/05/2024 08:06;Não
2024-33396190-1;(BM) 2024-020256989-001;03/05/2024 14:52;RUA JANGADA, Nº 19 - NOVO HORIZONTE - PASSOS;-207.321.528;-466.008.435;V01018 - VITIMA DE MAL NAO DEFINIDO (DISTURBIO) (C) (Prioridade: 1 - Alta);1CIA IND/2CIA/1PEL(PASSOS);UR04360;Não;Não;Não;BOLETIM DE OCORRENCIA;Classificada;04/05/2024 08:06;Não
2024-33397545-0;(BM) 2024-020281506-001;03/05/2024 16:09;RUA NOSSA SENHORA DE FATIMA, Nº 991 - JARDIM ELAINE - PASSOS;-206.960.798;-466.160.763;W03000 - SOLICITANTE ENCONTRADO - PROVIDENCIA DISPENSADA (C) (Prioridade: 3 - Baixa);1CIA IND/2CIA/1PEL(PASSOS);UR04360;Não;Não;Não;BOLETIM DE OCORRENCIA;Classificada;04/05/2024 08:06;Não
2024-33397957-8;(BM) 2024-020278779-001;03/05/2024 16:34;RUA CONGONHAS, Nº 175 - PENHA - PASSOS;-207.171.885;-466.280.379;O04012 - INCENDIO EM LOTE VAGO (AREA URBANA) (C) (Prioridade: 2 - Média);1CIA IND/2CIA/1PEL(PASSOS);ABTS00495;Não;Não;Não;BOLETIM DE OCORRENCIA;Classificada;04/05/2024 08:07;Não
2024-33398165-5;(BM) 2024-020284960-001;03/05/2024 16:48;RUA ANDRE DA SILVA LEMOS, Nº 182 - PASSOS;-206.969.754;-466.319.262;O04012 - INCENDIO EM LOTE VAGO (AREA URBANA) (C) (Prioridade: 2 - Média);1CIA IND/2CIA/1PEL(PASSOS);ABTS00495;Não;Não;Não;BOLETIM DE OCORRENCIA;Classificada;04/05/2024 08:07;Não
2024-33400040-6;(BM) 2024-020304099-001;03/05/2024 18:44;RUA JOAO TEIXEIRA MENDES, Nº 694 - PASSOS;-207.481.051;-466.062.781;V02103 - VITIMA DE ATROPELAMENTO POR AUTOMOVEL (CARRO / CAMINHONETE) (C) (Prioridade: 1 - Alta);1CIA IND/2CIA/1PEL(PASSOS);UR04360;Não;Não;Não;BOLETIM DE OCORRENCIA;Classificada;04/05/2024 08:06;Não
2024-33401447-9;(BM) 2024-020316563-001;03/05/2024 20:11;RUA MATO GROSSO, Nº 1122 - SANTA LUZIA - PASSOS;-207.090.936;-466.007.157;W03000 - SOLICITANTE ENCONTRADO - PROVIDENCIA DISPENSADA (C) (Prioridade: 3 - Baixa);1CIA IND/2CIA/1PEL(PASSOS);UR04360;Não;Não;Não;BOLETIM DE OCORRENCIA;Classificada;04/05/2024 08:06;Não
2024-33401814-8;(BM) 2024-020318380-001;03/05/2024 20:32;RUA JOAQUIM LOPES, Nº 635 - PENHA - PASSOS;-207.166.813;-466.275.017;V01018 - VITIMA DE MAL NAO DEFINIDO (DISTURBIO) (C) (Prioridade: 1 - Alta);1CIA IND/2CIA/1PEL(PASSOS);UR04360;Não;Não;Não;BOLETIM DE OCORRENCIA;Classificada;04/05/2024 08:06;Não
2024-33402160-9;(BM) 2024-020320847-001;03/05/2024 20:55;AVENIDA JUCA STOCKLER, Nº S/N - NOVO HORIZONTE - PASSOS;-207.366.397;-466.024.583;W04000 - NADA CONSTATADO (C) (Prioridade: 3 - Baixa);1CIA IND/2CIA/1PEL(PASSOS);ABTS00495;Não;Não;Não;BOLETIM DE OCORRENCIA;Classificada;04/05/2024 08:07;Não
2024-33406535-1;(BM) 2024-020357544-001;04/05/2024 01:43;RUA DOUTOR CARVALHO, Nº 1455 - NOSSA SENHORA DAS GRAÇAS - PASSOS;-207.352.269;-466.037.303;Q03999 - OUTROS TIPOS DE TREINAMENTO (C) (Prioridade: 2 - Média);1CIA IND/2CIA/1PEL(PASSOS);BM1636836;Não;Não;Não;BOLETIM DE OCORRENCIA;Classificada;04/05/2024 08:07;Não
2024-33408765-2;(BM) 2024-020407086-001;04/05/2024 08:47;PRACA FRANCISCO SALLES, Nº S/N - BELO HORIZONTE - PASSOS;-207.264.675;-466.045.971;P03010 - PREVENCAO EM FESTA POPULAR (C) (Prioridade: 2 - Média);1CIA IND/2CIA/1PEL(PASSOS);UR04360;Não;Não;Não;BOLETIM DE OCORRENCIA;Classificada;05/05/2024 00:57;Não
2024-33408790-0;(BM) 2024-020406630-001;04/05/2024 08:47;RUA DOUTOR CARVALHO, Nº 1455 - NOSSA SENHORA DAS GRAÇAS - PASSOS;-207.352.269;-466.037.303;Q03005 - TREINAMENTO DE SALVAMENTO TERRESTRE (C) (Prioridade: 2 - Média);1CIA IND/2CIA/1PEL(PASSOS);BM1206671;Não;Não;Não;BOLETIM DE OCORRENCIA;Classificada;05/05/2024 00:58;Não
2024-33409463-9;(BM) 2024-020406580-001;04/05/2024 10:09;AVENIDA JUCA STOCKLER, Nº 2354 - SAO JOAQUIM - PASSOS;-207.450.514;-466.000.422;P03001 - PERIGO DE DERRAPAGEM (C) (Prioridade: 2 - Média);1CIA IND/2CIA/1PEL(PASSOS);ASL00064;Não;Não;Não;BOLETIM DE OCORRENCIA;Classificada;05/05/2024 00:58;Não
2024-33409822-0;;04/05/2024 10:45;AVENIDA VILA DO CONDE, Nº 7887 - POCOS DE CALDAS;;;P02011 - VISTORIA EM ENXAME DE INSETOS (C) (Prioridade: 2 - Média);1CIA IND (POCOS DE CALDAS);;Não;Não;Não;DISPENSADA PELO SOLICITANTE;Classificada;04/05/2024 16:32;Não
2024-33409809-1;(BM) 2024-020407032-001;04/05/2024 10:47;AVENIDA OTTO KRAKAUER, Nº S/N - SANTA CASA - PASSOS;-207.116.545;-466.111.371;P02001 - VISTORIA EM HIDRANTE (C) (Prioridade: 2 - Média);1CIA IND/2CIA/1PEL(PASSOS);ASL00064;Não;Não;Não;BOLETIM DE OCORRENCIA;Classificada;05/05/2024 00:57;Não
2024-33410007-7;(BM) 2024-020406577-001;04/05/2024 11:07;RUA GUAPE, Nº S/N - JARDIM ELAINE - PASSOS;-20.696.374;-466.110.661;O04011 - INCENDIO EM AREA URBANA NAO PROTEGIDA (C) (Prioridade: 2 - Média);1CIA IND/2CIA/1PEL(PASSOS);ABTS00495;Não;Não;Não;BOLETIM DE OCORRENCIA;Classificada;05/05/2024 00:57;Não
2024-33410036-5;(BM) 2024-020415985-001;04/05/2024 11:09;RODOVIA PASSOS / GLORIA, Nº S/N - PASSOS;-20.700.737;-46.586.887;W03000 - SOLICITANTE ENCONTRADO - PROVIDENCIA DISPENSADA (C) (Prioridade: 3 - Baixa);1CIA IND/2CIA/1PEL(PASSOS);ASL00064 / ABTS00495 / UR04360;Não;Não;Não;BOLETIM DE OCORRENCIA;Classificada;05/05/2024 07:42;Não
2024-33410070-3;(BM) 2024-020406094-001;04/05/2024 11:11;RUA MANTIQUEIRA, Nº 180 - VILA RICA - PASSOS;-207.256.561;-465.950.306;V01023 - VITIMA DE SINCOPE (DESMAIO)/VERTIGEM (C) (Prioridade: 1 - Alta);1CIA IND/2CIA/1PEL(PASSOS);UR04360;Não;Não;Não;BOLETIM DE OCORRENCIA;Classificada;05/05/2024 00:58;Não
2024-33410714-4;(BM) 2024-020405910-001;04/05/2024 12:26;RUA ANTONIO ALVES DE MENDONCA, Nº 66 - VILA BETINHO - PASSOS;-207.171.188;-466.343.811;O04011 - INCENDIO EM AREA URBANA NAO PROTEGIDA (C) (Prioridade: 2 - Média);1CIA IND/2CIA/1PEL(PASSOS);ASL00064 / ABTS00495;Não;Não;Não;BOLETIM DE OCORRENCIA;Classificada;05/05/2024 00:57;Não
2024-33410832-0;;04/05/2024 12:41;RUA ANTONIO ALVES DE MENDONCA, Nº S/N - PASSOS;-207.173.027;-466.344.123;W98011 - SOLICITACAO DE APOIO (C) (Prioridade: 1 - Alta);1CIA IND/2CIA/1PEL(PASSOS);;Não;Não;Não;DUPLICADA;Classificada;04/05/2024 14:25;Não
2024-33411198-2;(BM) 2024-020405074-001;04/05/2024 13:25;RUA SANTOS DUMONT, Nº 121 - BELO HORIZONTE - PASSOS;-207.274.658;-466.061.348;V01018 - VITIMA DE MAL NAO DEFINIDO (DISTURBIO) (C) (Prioridade: 1 - Alta);1CIA IND/2CIA/1PEL(PASSOS);UR04360;Não;Não;Não;BOLETIM DE OCORRENCIA;Classificada;05/05/2024 00:57;Não
2024-33412875-4;(BM) 2024-020414307-001;04/05/2024 15:26;RUA DOUTOR CARVALHO, Nº 1455 - NOSSA SENHORA DAS GRAÇAS - PASSOS;-207.352.269;-466.037.303;Q03017 - TREINAMENTO DE PRIMEIROS SOCORROS (C) (Prioridade: 2 - Média);1CIA IND/2CIA/1PEL(PASSOS);BM1797331;Não;Não;Não;BOLETIM DE OCORRENCIA;Classificada;05/05/2024 00:57;Não
2024-33414692-5;(BM) 2024-020431568-001;04/05/2024 17:22;ESTRADA DAS AGUAS, Nº S/N - PASSOS;-208.164.734;-466.004.977;P02011 - VISTORIA EM ENXAME DE INSETOS (C) (Prioridade: 2 - Média);1CIA IND/2CIA/1PEL(PASSOS);ASL00064;Não;Não;Não;BOLETIM DE OCORRENCIA;Classificada;05/05/2024 00:57;Não
2024-33417492-2;;04/05/2024 20:18;ESTRADA bianuci, Nº S/N - POCOS DE CALDAS;;;S05302 - COLISAO ENTRE MOTOCICLETAS (C) (Prioridade: 1 - Alta);1CIA IND (POCOS DE CALDAS);;Não;Não;Não;ATENDIDA PELO SAMU;Classificada;04/05/2024 20:27;Não
2024-33419040-1;(BM) 2024-020469573-001;04/05/2024 21:46;RUA JUIZ DE FORA / RUA UBERABA - COHAB 3 - PASSOS;-207.057.122;-466.262.507;O04011 - INCENDIO EM AREA URBANA NAO PROTEGIDA (C) (Prioridade: 2 - Média);1CIA IND/2CIA/1PEL(PASSOS);ABTS00495;Não;Não;Não;BOLETIM DE OCORRENCIA;Classificada;05/05/2024 00:57;Não
2024-33422779-7;;05/05/2024 01:20;AVENIDA COMENDADOR FRANCISCO A MAIA, Nº 4050 - EXPOSICAO - PASSOS;-207.333.293;-466.060.067;V01025 - VITIMA DE USO / ABUSO / DEPENDENCIA DE DROGAS / ALCOOL (C) (Prioridade: 1 - Alta);1CIA IND/2CIA/1PEL(PASSOS);;Não;Não;Não;NADA CONSTATADO;Classificada;05/05/2024 01:23;Não
2024-33424403-2;(BM) 2024-020509460-001;05/05/2024 04:03;AVENIDA JUPITER, Nº 1015 - COHAB 3 - PASSOS;-207.063.628;-46.623.052;V01018 - VITIMA DE MAL NAO DEFINIDO (DISTURBIO) (C) (Prioridade: 1 - Alta);1CIA IND/2CIA/1PEL(PASSOS);UR04360;Não;Não;Não;BOLETIM DE OCORRENCIA;Classificada;05/05/2024 07:42;Não
2024-33425483-7;(BM) 2024-020518327-001;05/05/2024 08:29;AVENIDA JK, Nº S/N - MONSENHOR MESSIAS - PASSOS;-207.342.178;-465.979.772;P03999 - OUTROS TIPOS DE PCI / PCA   (C) (Prioridade: 2 - Média);1CIA IND/2CIA/1PEL(PASSOS);ASL00064;Não;Não;Não;BOLETIM DE OCORRENCIA;Classificada;06/05/2024 09:42;Não
2024-33426644-0;(BM) 2024-020528937-001;05/05/2024 11:03;RUA MARIA AUGUSTA DE FARIA, Nº 576 - JARDIM ITALIA - PASSOS;-207.480.663;-46.603.815;S06002 - CAPTURA DE ANIMAL SILVESTRE PERIGOSO / AGRESSIVO (C) (Prioridade: 2 - Média);1CIA IND/2CIA/1PEL(PASSOS);ASL00064;Não;Não;Não;BOLETIM DE OCORRENCIA;Classificada;06/05/2024 09:43;Não
2024-33426798-3;(BM) 2024-020530284-001;05/05/2024 11:18;RUA DOUTOR CARVALHO, Nº 1455 - NOSSA SENHORA DAS GRAÇAS - PASSOS;-207.352.269;-466.037.303;Q03999 - OUTROS TIPOS DE TREINAMENTO (C) (Prioridade: 2 - Média);1CIA IND/2CIA/1PEL(PASSOS);BM1274612;Não;Não;Não;BOLETIM DE OCORRENCIA;Classificada;06/05/2024 09:43;Não
2024-33427118-2;(BM) 2024-020532844-001;05/05/2024 12:02;RUA FLORIANOPOLIS, Nº 234 - JARDIM COLEGIO DE PASSOS - PASSOS;-20.720.182;-465.947.156;S06001 - SALVAMENTO DE ANIMAL EM RISCO / PERIGO (C) (Prioridade: 2 - Média);1CIA IND/2CIA/1PEL(PASSOS);ASL00064;Não;Não;Não;BOLETIM DE OCORRENCIA;Classificada;06/05/2024 09:43;Não
2024-33427289-5;(BM) 2024-020538224-001;05/05/2024 12:26;AVENIDA CANADA, Nº S/N - JARDIM CANADA II - PASSOS;-207.533.453;-466.124.556;S06002 - CAPTURA DE ANIMAL SILVESTRE PERIGOSO / AGRESSIVO (C) (Prioridade: 2 - Média);1CIA IND/2CIA/1PEL(PASSOS);ASL00064;Não;Não;Não;BOLETIM DE OCORRENCIA;Classificada;06/05/2024 09:43;Não
2024-33427297-3;(BM) 2024-020538190-001;05/05/2024 12:28;RUA UBERLANDIA, Nº 1256 - MUARAMA 2 - PASSOS;-207.337.295;-466.145.837;V03019 - VITIMA DE QUEDA DE ALTURA (C) (Prioridade: 1 - Alta);1CIA IND/2CIA/1PEL(PASSOS);UR04360;Não;Não;Não;BOLETIM DE OCORRENCIA;Classificada;06/05/2024 09:44;Não
2024-33427326-0;;05/05/2024 12:29;RUA UBERLANDIA, Nº 1256 - MUARAMA 2 - PASSOS;-207.337.295;-466.145.837;W98011 - SOLICITACAO DE APOIO (C) (Prioridade: 1 - Alta);1CIA IND/2CIA/1PEL(PASSOS);;Não;Não;Não;DUPLICADA;Classificada;05/05/2024 12:40;Não
2024-33427691-5;(BM) 2024-020545254-001;05/05/2024 13:13;RUA MORRO DO ACUDE, Nº 305 - PENHA - PASSOS;-207.192.157;-46.620.172;V01006 - VITIMA COM DIFICULDADE DE LOCOMOCAO (C) (Prioridade: 1 - Alta);1CIA IND/2CIA/1PEL(PASSOS);UR04360;Não;Não;Não;BOLETIM DE OCORRENCIA;Classificada;06/05/2024 09:44;Não
2024-33428669-1;(BM) 2024-020557064-001;05/05/2024 14:41;RUA JOAO FELICIANO DA SILVEIRA, Nº 200 - PENHA 2 - PASSOS;-207.149.323;-46.630.778;V01013 - VITIMA DE EMERGENCIAS PSIQUIATRICAS (C) (Prioridade: 1 - Alta);1CIA IND/2CIA/1PEL(PASSOS);UR04360;Não;Não;Não;BOLETIM DE OCORRENCIA;Classificada;06/05/2024 09:44;Não
2024-33429418-7;(BM) 2024-020557101-001;05/05/2024 15:29;RUA JORGE BACIL, Nº 511 - NOVA CALIFORNIA - PASSOS;-207.000.049;-46.623.663;O04013 - INCENDIO EM PASTO (C) (Prioridade: 2 - Média);1CIA IND/2CIA/1PEL(PASSOS);ABTS00495;Não;Não;Não;BOLETIM DE OCORRENCIA;Classificada;06/05/2024 09:43;Não
2024-33429718-0;;05/05/2024 15:50;RODOVIA MG 444, Nº S/N - CASSIA;-206.011.549;-469.255.203;W10000 - DISPENSADA POR DUPLICIDADE DE EMPENHO COM OUTROS ORGAOS (C) (Prioridade: 1 - Alta);1CIA IND/2CIA/1PEL(PASSOS);;Não;Não;Não;ATENDIDA PELO SAMU;Classificada;05/05/2024 16:40;Não
2024-33430265-5;(BM) 2024-020581702-001;05/05/2024 16:25;AVENIDA PAULO ESPER PIMENTA, Nº S/N - PASSOS;-20.710.761;-466.137.776;O04013 - INCENDIO EM PASTO (C) (Prioridade: 2 - Média);1CIA IND/2CIA/1PEL(PASSOS);ABTS00495;Não;Não;Não;BOLETIM DE OCORRENCIA;Classificada;06/05/2024 09:43;Não
2024-33430945-0;(BM) 2024-020583768-001;05/05/2024 17:13;RUA FLORIANOPOLIS, Nº 588 - JARDIM COLEGIO DE PASSOS - PASSOS;-207.179.985;-465.923.033;V01015 - VITIMA COM HEMORRAGIA (C) (Prioridade: 1 - Alta);1CIA IND/2CIA/1PEL(PASSOS);UR04360;Não;Não;Não;BOLETIM DE OCORRENCIA;Classificada;06/05/2024 09:44;Não
2024-33431494-8;(BM) 2024-020581938-001;05/05/2024 17:48;RUA JORGE BACIL, Nº 670 - NOVA CALIFORNIA - PASSOS;-206.979.187;-466.239.422;O04011 - INCENDIO EM AREA URBANA NAO PROTEGIDA (C) (Prioridade: 2 - Média);1CIA IND/2CIA/1PEL(PASSOS);ABTS00495;Não;Não;Não;BOLETIM DE OCORRENCIA;Classificada;06/05/2024 09:43;Não
2024-33432532-0;(BM) 2024-020605497-001;05/05/2024 18:52;RUA RIO TIETE, Nº 99 - SANTA LUZIA - PASSOS;-207.103.343;-466.037.713;P02011 - VISTORIA EM ENXAME DE INSETOS (C) (Prioridade: 2 - Média);1CIA IND/2CIA/1PEL(PASSOS);ASL00064;Não;Não;Não;BOLETIM DE OCORRENCIA;Classificada;06/05/2024 09:43;Não
2024-33433090-0;;05/05/2024 19:23;RUA JORGE BACIL, Nº 511 - NOVA CALIFORNIA - PASSOS;-207.000.049;-46.623.663;O04013 - INCENDIO EM PASTO (C) (Prioridade: 2 - Média);1CIA IND/2CIA/1PEL(PASSOS);;Não;Não;Não;DUPLICADA;Classificada;05/05/2024 20:10;Não
2024-33433474-1;(BM) 2024-020598164-001;05/05/2024 19:46;RUA OSCAR CANDIDO MONTEIRO, Nº S/N - MIRANTE DO VALE - PASSOS;-207.235.626;-46.578.297;O04012 - INCENDIO EM LOTE VAGO (AREA URBANA) (C) (Prioridade: 2 - Média);1CIA IND/2CIA/1PEL(PASSOS);ABTS00495;Não;Não;Não;BOLETIM DE OCORRENCIA;Classificada;06/05/2024 09:44;Não
2024-33433937-8;(BM) 2024-020604386-001;05/05/2024 20:16;RUA EXPEDITO LEMOS MAIA, Nº 32 - PASSOS;;;O04013 - INCENDIO EM PASTO (C) (Prioridade: 2 - Média);1CIA IND/2CIA/1PEL(PASSOS);ABTS00495;Não;Não;Não;BOLETIM DE OCORRENCIA;Classificada;06/05/2024 09:44;Não
2024-33436795-1;;05/05/2024 23:10;RUA RIACHUELO, Nº 151 - CANDEIAS - PASSOS;-207.252.403;-466.153.047;W98011 - SOLICITACAO DE APOIO (C) (Prioridade: 1 - Alta);1CIA IND/2CIA/1PEL(PASSOS);;Não;Não;Não;ATENDIDA PELO SAMU;Classificada;05/05/2024 23:29;Não
2024-33438112-8;;06/05/2024 01:10;RUA TRES DE MAIO, Nº 626 - BELO HORIZONTE - PASSOS;-207.246.402;-466.015.291;W10000 - DISPENSADA POR DUPLICIDADE DE EMPENHO COM OUTROS ORGAOS (C) (Prioridade: 1 - Alta);1CIA IND/2CIA/1PEL(PASSOS);UR04360;Não;Não;Não;ATENDIDA PELO SAMU;Classificada;06/05/2024 09:45;Não
2024-33438437-2;;06/05/2024 02:05;RUA BUENOS AIRES, Nº S/N - COHAB 3 - PASSOS;-207.024.574;-466.241.103;W06000 - TESTE (C) (Prioridade: 3 - Baixa);1CIA IND/2CIA/1PEL(PASSOS);;Não;Não;Não;TESTE;Classificada;06/05/2024 02:11;Não
2024-33439188-5;(BM) 2024-020642768-001;06/05/2024 06:27;RUA DO MEIO, Nº S/N - NOVO HORIZONTE - PASSOS;-207.353.801;-466.017.967;O02001 - INCENDIO EM RESIDENCIA/HABITACAO UNIFAMILIAR (CASA) (C) (Prioridade: 1 - Alta);1CIA IND/2CIA/1PEL(PASSOS);ABTS00495;Não;Não;Não;BOLETIM DE OCORRENCIA;Classificada;06/05/2024 09:45;Não
2024-33439893-7;(BM) 2024-020774402-001;06/05/2024 08:11;RUA DOUTOR CARVALHO, Nº 1455 - NOSSA SENHORA DAS GRAÇAS - PASSOS;-207.352.269;-466.037.303;Q03005 - TREINAMENTO DE SALVAMENTO TERRESTRE (C) (Prioridade: 2 - Média);1CIA IND/2CIA/1PEL(PASSOS);BM1787357;Não;Não;Não;BOLETIM DE OCORRENCIA;Classificada;07/05/2024 11:47;Não
2024-33440211-2;(BM) 2024-020650933-001;06/05/2024 08:43;AVENIDA PENHA, Nº 96 - JARDIM SATELITE - PASSOS;-207.158.495;-466.213.536;P02001 - VISTORIA EM HIDRANTE (C) (Prioridade: 2 - Média);1CIA IND/2CIA/1PEL(PASSOS);ASL00064;Não;Não;Não;BOLETIM DE OCORRENCIA;Classificada;06/05/2024 15:26;Não
2024-33440407-4;(BM) 2024-020671443-001;06/05/2024 09:03;RUA DOUTOR CARVALHO, Nº 1455 - NOSSA SENHORA DAS GRAÇAS - PASSOS;-207.352.269;-466.037.303;Q05002 - PROJETO DE DIVULGACAO DA NATACAO (C) (Prioridade: 1 - Alta);1CIA IND/2CIA/1PEL(PASSOS);BM1787357;Não;Não;Não;BOLETIM DE OCORRENCIA;Classificada;06/05/2024 22:25;Não
2024-33440483-2;(BM) 2024-020659780-001;06/05/2024 09:10;AVENIDA JOSE CAETANO DE ANDRADE, Nº S/N - MUARAMA - PASSOS;-207.301.976;-466.154.665;P02001 - VISTORIA EM HIDRANTE (C) (Prioridade: 2 - Média);1CIA IND/2CIA/1PEL(PASSOS);ASL00064;Não;Não;Não;BOLETIM DE OCORRENCIA;Classificada;06/05/2024 15:26;Não
2024-33440890-6;(BM) 2024-020661974-001;06/05/2024 09:41;RUA JOSE MERCHIORATO, Nº S/N - SANTA CASA - PASSOS;-207.115.647;-466.110.439;P02001 - VISTORIA EM HIDRANTE (C) (Prioridade: 2 - Média);1CIA IND/2CIA/1PEL(PASSOS);ASL00064;Não;Não;Não;BOLETIM DE OCORRENCIA;Classificada;06/05/2024 15:27;Não
2024-33441060-4;(BM) 2024-020662336-001;06/05/2024 09:55;RUA ESPIRITO SANTO, Nº 160 - BELA VISTA - PASSOS;-207.180.769;-465.991.904;V03018 - VITIMA DE QUEDA DA PROPRIA ALTURA (C) (Prioridade: 1 - Alta);1CIA IND/2CIA/1PEL(PASSOS);UR04360;Não;Não;Não;BOLETIM DE OCORRENCIA;Classificada;06/05/2024 15:32;Não
2024-33442243-0;(BM) 2024-020775015-001;06/05/2024 11:27;RUA BRANDOES, Nº 354 - BELO HORIZONTE - PASSOS;-207.268.142;-466.059.494;V01006 - VITIMA COM DIFICULDADE DE LOCOMOCAO (C) (Prioridade: 1 - Alta);1CIA IND/2CIA/1PEL(PASSOS);UR04360;Não;Não;Não;BOLETIM DE OCORRENCIA;Classificada;06/05/2024 22:25;Não
2024-33442882-9;(BM) 2024-020698706-001;06/05/2024 12:26;AVENIDA DOUTOR BRENO SOARES MAIA, Nº 681 - NOVO HORIZONTE - PASSOS;-207.325.673;-466.028.408;V03019 - VITIMA DE QUEDA DE ALTURA (C) (Prioridade: 1 - Alta);1CIA IND/2CIA/1PEL(PASSOS);UR04360;Não;Não;Não;BOLETIM DE OCORRENCIA;Classificada;06/05/2024 15:33;Não
2024-33443343-0;(BM) 2024-020692282-001;06/05/2024 13:12;RUA JOAO ALVES BERNARDES, Nº 51 - DISTRITO INDUSTRIAL - ITAU DE MINAS;-207.555.204;-467.612.961;P01002 - VISTORIA DE LIBERACAO / EMISSAO DE AVCB (C) (Prioridade: 2 - Média);1CIA IND/2CIA/1PEL(PASSOS);TPO00155;Não;Não;Não;BOLETIM DE OCORRENCIA;Classificada;07/05/2024 11:47;Não
2024-33443326-0;(BM) 2024-020698790-001;06/05/2024 13:13;RUA GUAPE, Nº 794 - RESIDENCIAL PORTAL DAS PALMEIRAS - PASSOS;-206.997.541;-466.101.457;O04011 - INCENDIO EM AREA URBANA NAO PROTEGIDA (C) (Prioridade: 2 - Média);1CIA IND/2CIA/1PEL(PASSOS);ABTS00495;Não;Não;Não;BOLETIM DE OCORRENCIA;Classificada;06/05/2024 15:29;Não
2024-33444155-5;(BM) 2024-020736531-001;06/05/2024 14:09;RUA JASPE, Nº 529 - ACLIMACAO - PASSOS;-207.523.184;-465.968.921;V01018 - VITIMA DE MAL NAO DEFINIDO (DISTURBIO) (C) (Prioridade: 1 - Alta);1CIA IND/2CIA/1PEL(PASSOS);UR04360;Não;Não;Não;BOLETIM DE OCORRENCIA;Classificada;06/05/2024 22:25;Não
2024-33444168-7;(BM) 2024-020713327-001;06/05/2024 14:10;RUA BUENOS AIRES, Nº S/N - COHAB 3 - PASSOS;-207.024.574;-466.241.103;P02011 - VISTORIA EM ENXAME DE INSETOS (C) (Prioridade: 2 - Média);1CIA IND/2CIA/1PEL(PASSOS);ASL00064;Não;Não;Não;BOLETIM DE OCORRENCIA;Classificada;06/05/2024 15:29;Não
2024-33445371-6;(BM) 2024-020717864-001;06/05/2024 15:08;RUA SANTO ANTONIO, Nº 163 - CENTRO - PASSOS;-207.159.411;-466.106.798;P01001 - VISTORIA DE FISCALIZACAO (C) (Prioridade: 2 - Média);1CIA IND/2CIA/1PEL(PASSOS);TPO00155;Não;Não;Não;BOLETIM DE OCORRENCIA;Classificada;07/05/2024 11:47;Não
2024-33446157-1;(BM) 2024-020774757-001;06/05/2024 15:50;RUA FORMIGA, Nº S/N - MARIO MAGALHAES - PASSOS;-207.259.568;-466.127.797;S06002 - CAPTURA DE ANIMAL SILVESTRE PERIGOSO / AGRESSIVO (C) (Prioridade: 2 - Média);1CIA IND/2CIA/1PEL(PASSOS);ASL00064;Não;Não;Não;BOLETIM DE OCORRENCIA;Classificada;06/05/2024 22:23;Não
2024-33446748-8;(BM) 2024-020744406-001;06/05/2024 16:20;RUA SUCUPIRA, Nº 70 - PARQUE TROPICAL - PASSOS;-207.181.031;-466.420.767;O04004 - INCENDIO EM AREA DE REFLORESTAMENTO (C) (Prioridade: 2 - Média);1CIA IND/2CIA/1PEL(PASSOS);ABTS00495;Não;Não;Não;BOLETIM DE OCORRENCIA;Classificada;06/05/2024 20:01;Não
2024-33447842-1;(BM) 2024-020749136-001;06/05/2024 17:21;RUA FORTALEZA, Nº 38 - SAO JOAO BATISTA GLORIA;-206.337.915;-465.052.751;Q03006 - TREINAMENTO DE FORMACAO DE BRIGADAS (C) (Prioridade: 2 - Média);1CIA IND/2CIA/1PEL(PASSOS);ASL00064;Não;Não;Não;BOLETIM DE OCORRENCIA;Classificada;06/05/2024 22:23;Não
2024-33448355-6;(BM) 2024-020766330-001;06/05/2024 17:53;AVENIDA PENHA, Nº S/N - PENHA - PASSOS;-207.152.088;-466.255.516;V02202 - VITIMA DE CHOQUE DE MOTOCICLETA (C) (Prioridade: 1 - Alta);1CIA IND/2CIA/1PEL(PASSOS);UR04360;Não;Não;Não;BOLETIM DE OCORRENCIA;Classificada;06/05/2024 22:26;Não
2024-33449065-1;(BM) 2024-020772366-001;06/05/2024 18:38;RUA TURMALINA, Nº 1592 - ACLIMACAO - PASSOS;-20.754.539;-46.599.715;V01003 - VITIMA COM CRISE CONVULSIVA (C) (Prioridade: 1 - Alta);1CIA IND/2CIA/1PEL(PASSOS);UR04360;Não;Não;Não;BOLETIM DE OCORRENCIA;Classificada;06/05/2024 22:27;Não
2024-33450534-8;(BM) 2024-020785114-001;06/05/2024 20:12;AVENIDA CANADA, Nº 325 - JARDIM CANADA II - PASSOS;-207.484.544;-466.107.807;O04011 - INCENDIO EM AREA URBANA NAO PROTEGIDA (C) (Prioridade: 2 - Média);1CIA IND/2CIA/1PEL(PASSOS);ABTS00495;Não;Não;Não;BOLETIM DE OCORRENCIA;Classificada;07/05/2024 11:48;Não
2024-33451778-8;;06/05/2024 21:36;RUA ENGENHEIROS, Nº 539 - NOVO HORIZONTE - PASSOS;-207.284.943;-466.032.301;V01023 - VITIMA DE SINCOPE (DESMAIO)/VERTIGEM (C) (Prioridade: 1 - Alta);1CIA IND/2CIA/1PEL(PASSOS);;Não;Não;Não;DISPENSADA PELO SOLICITANTE;Classificada;06/05/2024 21:53;Não
2024-33452193-0;(BM) 2024-020797279-001;06/05/2024 22:07;RUA QUINZINHO FUNCHAL, Nº 250 - NOVA CALIFORNIA - PASSOS;-207.000.217;-466.210.439;V01018 - VITIMA DE MAL NAO DEFINIDO (DISTURBIO) (C) (Prioridade: 1 - Alta);1CIA IND/2CIA/1PEL(PASSOS);UR04360;Não;Não;Não;BOLETIM DE OCORRENCIA;Classificada;07/05/2024 11:48;Não
2024-33453911-7;(BM) 2024-020816041-001;07/05/2024 00:19;RUA BOIADEIROS, Nº 128 - SÃO FRANCISCO - PASSOS;;;V01010 - VITIMA COM DOR TORACICA/SUSPEITA DE INFARTO (IAM) (C) (Prioridade: 1 - Alta);1CIA IND/2CIA/1PEL(PASSOS);UR04360;Não;Não;Não;BOLETIM DE OCORRENCIA;Classificada;07/05/2024 11:48;Não
2024-33456141-8;(BM) 2024-020836224-001;07/05/2024 08:31;RUA DOUTOR CARVALHO, Nº 1455 - NOSSA SENHORA DAS GRAÇAS - PASSOS;-207.352.269;-466.037.303;Q03017 - TREINAMENTO DE PRIMEIROS SOCORROS (C) (Prioridade: 2 - Média);1CIA IND/2CIA/1PEL(PASSOS);BM1728724;Não;Não;Não;BOLETIM DE OCORRENCIA;Classificada;07/05/2024 23:05;Não
2024-33456337-0;(BM) 2024-020838446-001;07/05/2024 08:54;RUA DOUTOR CARVALHO, Nº 1455 - NOSSA SENHORA DAS GRAÇAS - PASSOS;-207.352.269;-466.037.303;Q05002 - PROJETO DE DIVULGACAO DA NATACAO (C) (Prioridade: 1 - Alta);1CIA IND/2CIA/1PEL(PASSOS);BM1636836;Não;Não;Não;BOLETIM DE OCORRENCIA;Classificada;07/05/2024 23:39;Não
2024-33456677-8;(BM) 2024-020852073-001;07/05/2024 09:24;RUA BENEDITO CAETANO DE SOUZA, Nº 21 - PASSOS;;;P01001 - VISTORIA DE FISCALIZACAO (C) (Prioridade: 2 - Média);1CIA IND/2CIA/1PEL(PASSOS);TPO00155;Não;Não;Não;BOLETIM DE OCORRENCIA;Classificada;08/05/2024 01:15;Não
2024-33456678-0;(BM) 2024-020852123-001;07/05/2024 09:26;RUA NEVADA, Nº 336 - RESIDENCIAL ELDORADO - PASSOS;-207.299.321;-466.211.504;P01001 - VISTORIA DE FISCALIZACAO (C) (Prioridade: 2 - Média);1CIA IND/2CIA/1PEL(PASSOS);TPO00155;Não;Não;Não;BOLETIM DE OCORRENCIA;Classificada;08/05/2024 01:16;Não
2024-33457274-7;(BM) 2024-020851291-001;07/05/2024 10:16;RUA PORTUGAL, Nº 75 - NOVO MUNDO - PASSOS;-207.279.152;-465.926.092;P02011 - VISTORIA EM ENXAME DE INSETOS (C) (Prioridade: 2 - Média);1CIA IND/2CIA/1PEL(PASSOS);ASL00064;Não;Não;Não;BOLETIM DE OCORRENCIA;Classificada;07/05/2024 23:08;Não
2024-33457409-4;(BM) 2024-020855640-001;07/05/2024 10:29;RUA ALBERTINO FERREIRA ROSA, Nº 49 - PASSOS;-207.384.412;-465.880.108;O04011 - INCENDIO EM AREA URBANA NAO PROTEGIDA (C) (Prioridade: 2 - Média);1CIA IND/2CIA/1PEL(PASSOS);ABTS00495;Não;Não;Não;BOLETIM DE OCORRENCIA;Classificada;07/05/2024 23:34;Não
2024-33457429-1;(BM) 2024-020854148-001;07/05/2024 10:31;AVENIDA ARLINDO FIGUEIREDO, Nº 850 - JARDIM PINHEIROS - PASSOS;-207.248.365;-466.210.844;X03000 - EMPENHO ADMINISTRATIVO (C) (Prioridade: 2 - Média);1CIA IND/2CIA/1PEL(PASSOS);TPO00155;Não;Não;Não;BOLETIM DE OCORRENCIA;Classificada;07/05/2024 23:34;Não
2024-33457670-4;;07/05/2024 10:48;RUA PIVALDI PIASSI ATIE, Nº S/N - JARDIM CANADA - PASSOS;-207.491.724;-466.089.457;O04012 - INCENDIO EM LOTE VAGO (AREA URBANA) (C) (Prioridade: 2 - Média);1CIA IND/2CIA/1PEL(PASSOS);;Não;Não;Não;DUPLICADA;Classificada;07/05/2024 11:50;Não
2024-33458082-1;(BM) 2024-020863857-002;07/05/2024 11:22;RUA SANTOS DUMONT, Nº 393 - BELO HORIZONTE - PASSOS;-207.282.378;-466.087.031;S06005 - CAPTURA DE INSETOS (C) (Prioridade: 2 - Média);1CIA IND/2CIA/1PEL(PASSOS);ASL00064;Não;Não;Não;BOLETIM DE OCORRENCIA;Classificada;07/05/2024 23:35;Não
2024-33458193-2;(BM) 2024-020865830-001;07/05/2024 11:32;RUA DO MEIO, Nº 30 - NOVO HORIZONTE - PASSOS;-207.324.116;-4.660.131;V01006 - VITIMA COM DIFICULDADE DE LOCOMOCAO (C) (Prioridade: 2 - Média);1CIA IND/2CIA/1PEL(PASSOS);UR04360;Não;Não;Não;BOLETIM DE OCORRENCIA;Classificada;07/05/2024 23:35;Não
2024-33458615-1;(BM) 2024-020997845-001;07/05/2024 12:16;RUA CESARINO ANACLETO MAIA, Nº 40 - PASSOS;-207.321.518;-466.178.177;O04012 - INCENDIO EM LOTE VAGO (AREA URBANA) (C) (Prioridade: 2 - Média);1CIA IND/2CIA/1PEL(PASSOS);ABTS00495;Não;Não;Não;BOLETIM DE OCORRENCIA;Classificada;08/05/2024 01:43;Não
2024-33459289-5;(BM) 2024-020875901-002;07/05/2024 13:20;ESTRADA PRINCIPAL MUMBUCA, Nº S/N - PASSOS;-20.886.111;-46.605.833;O02027 - INCENDIO VEIC. AUTOMOTOR (EXCETO TANQUE/ONIBUS/MICRO-ONIBUS) (C) (Prioridade: 1 - Alta);1CIA IND/2CIA/1PEL(PASSOS);ABTS00495 / ASL00064;Não;Não;Não;BOLETIM DE OCORRENCIA;Classificada;07/05/2024 23:44;Não
2024-33459857-6;(BM) 2024-020882524-001;07/05/2024 14:04;RUA DOUTOR CARVALHO, Nº 1455 - NOSSA SENHORA DAS GRAÇAS - PASSOS;-207.352.269;-466.037.303;Q05002 - PROJETO DE DIVULGACAO DA NATACAO (C) (Prioridade: 1 - Alta);1CIA IND/2CIA/1PEL(PASSOS);BM1637750;Não;Não;Não;BOLETIM DE OCORRENCIA;Classificada;07/05/2024 23:44;Não
2024-33460548-9;(BM) 2024-020891083-001;07/05/2024 14:39;RUA COIMBRAS, Nº 522 - NOSSA SENHORA DE FATIMA - PASSOS;-207.040.007;-466.142.249;P01001 - VISTORIA DE FISCALIZACAO (C) (Prioridade: 2 - Média);1CIA IND/2CIA/1PEL(PASSOS);TPO00155;Não;Não;Não;BOLETIM DE OCORRENCIA;Classificada;08/05/2024 01:16;Não
2024-33462160-7;(BM) 2024-020928224-001;07/05/2024 16:01;RUA CANJERANUS, Nº 1194 - CANJERANUS - PASSOS;-207.091.363;-466.071.224;O04011 - INCENDIO EM AREA URBANA NAO PROTEGIDA (C) (Prioridade: 2 - Média);1CIA IND/2CIA/1PEL(PASSOS);ABTS00495;Não;Não;Não;BOLETIM DE OCORRENCIA;Classificada;07/05/2024 23:36;Não
2024-33462573-7;(BM) 2024-020927953-001;07/05/2024 16:24;RUA SAO LUIZ, Nº 185 - SAO JOAO BATISTA GLORIA;-206.389.647;-465.044.823;P02011 - VISTORIA EM ENXAME DE INSETOS (C) (Prioridade: 2 - Média);1CIA IND/2CIA/1PEL(PASSOS);ASL00064;Não;Não;Não;BOLETIM DE OCORRENCIA;Classificada;07/05/2024 23:37;Não
2024-33465782-3;(BM) 2024-020957661-001;07/05/2024 19:38;RUA TURMALINA, Nº S/N - ACLIMACAO - PASSOS;-207.543.276;-466.029.164;O04013 - INCENDIO EM PASTO (C) (Prioridade: 2 - Média);1CIA IND/2CIA/1PEL(PASSOS);ABTS00495;Não;Não;Não;BOLETIM DE OCORRENCIA;Classificada;07/05/2024 23:38;Não
2024-33466413-2;(BM) 2024-020996370-001;07/05/2024 20:21;RUA ARNUFO NOGUEIRA DE FIGUEIREDO, Nº 191 - PASSOS;-207.346.301;-466.152.699;S06002 - CAPTURA DE ANIMAL SILVESTRE PERIGOSO / AGRESSIVO (C) (Prioridade: 2 - Média);1CIA IND/2CIA/1PEL(PASSOS);ASL00064;Não;Não;Não;BOLETIM DE OCORRENCIA;Classificada;08/05/2024 01:16;Não
2024-33469881-7;(BM) 2024-020994462-001;08/05/2024 00:33;RUA PARACATU, Nº 420 - CENTENARIO - PASSOS;-207.328.142;-466.134.875;O04012 - INCENDIO EM LOTE VAGO (AREA URBANA) (C) (Prioridade: 2 - Média);1CIA IND/2CIA/1PEL(PASSOS);ABTS00495;Não;Não;Não;BOLETIM DE OCORRENCIA;Classificada;08/05/2024 01:43;Não
2024-33470440-9;(BM) 2024-020999571-001;08/05/2024 02:09;AVENIDA JUCA STOCKLER, Nº 526 - BELO HORIZONTE - PASSOS;-207.284.176;-466.054.671;W98011 - SOLICITACAO DE APOIO (C) (Prioridade: 1 - Alta);1CIA IND/2CIA/1PEL(PASSOS);ABTS00495;Não;Não;Não;BOLETIM DE OCORRENCIA;Classificada;08/05/2024 04:13;Não
2024-33471176-8;(BM) 2024-021006839-001;08/05/2024 06:24;RUA JASPE, Nº 46 - ACLIMACAO - PASSOS;-207.361.698;-465.790.895;V01003 - VITIMA COM CRISE CONVULSIVA (C) (Prioridade: 1 - Alta);1CIA IND/2CIA/1PEL(PASSOS);UR04360;Não;Não;Não;BOLETIM DE OCORRENCIA;Classificada;08/05/2024 09:17;Não
2024-33471895-4;(BM) 2024-021012670-001;08/05/2024 08:13;RODOVIA BR 146, Nº S/N - PASSOS;-20.758.941;-466.023.418;O02025 - INCENDIO EM CAMINHAO TANQUE (C) (Prioridade: 1 - Alta);1CIA IND/2CIA/1PEL(PASSOS);ABTS00495;Não;Não;Não;BOLETIM DE OCORRENCIA;Classificada;09/05/2024 07:48;Não
2024-33472024-5;(BM) 2024-021023288-001;08/05/2024 08:27;RUA TURMALINA, Nº S/N - ACLIMACAO - PASSOS;-207.543.276;-466.029.164;O02034 - INCENDIO EM CACAMBA DE LIXO / ENTULHO (C) (Prioridade: 2 - Média);1CIA IND/2CIA/1PEL(PASSOS);ABTS00495;Não;Não;Não;BOLETIM DE OCORRENCIA;Classificada;09/05/2024 07:47;Não
2024-33472457-2;(BM) 2024-021020005-001;08/05/2024 09:12;AVENIDA JUPITER, Nº 420 - PANORAMA - PASSOS;-20.711.594;-46.616.998;V02408 - VITIMA DE COLISAO ENTRE AUTOMOVEL X MOTOCICLETA (C) (Prioridade: 1 - Alta);1CIA IND/2CIA/1PEL(PASSOS);UR04360;Não;Não;Não;BOLETIM DE OCORRENCIA;Classificada;09/05/2024 07:48;Não
2024-33472485-8;(BM) 2024-021019960-001;08/05/2024 09:13;RUA JOAQUIM OZORIO DE SOUZA, Nº 763 - CAPETINGA;;;P01003 - VISTORIA EM EVENTOS TEMPORARIOS (C) (Prioridade: 1 - Alta);1CIA IND/2CIA/1PEL(PASSOS);ASL00064;Não;Não;Não;BOLETIM DE OCORRENCIA;Classificada;09/05/2024 07:49;Não
2024-33473739-0;(BM) 2024-021036497-001;08/05/2024 11:06;RUA DONA NENE, Nº 536 - CENTRO - CAPETINGA;-206.214.539;-47.057.966;P01001 - VISTORIA DE FISCALIZACAO (C) (Prioridade: 2 - Média);1CIA IND/2CIA/1PEL(PASSOS);ASL00064;Não;Não;Não;BOLETIM DE OCORRENCIA;Classificada;09/05/2024 07:47;Não
2024-33473861-3;(BM) 2024-021050083-001;08/05/2024 11:11;RUA DAS CEREJEIRAS, Nº 331 - PARQUE TROPICAL - PASSOS;-207.213.201;-466.409.879;O04013 - INCENDIO EM PASTO (C) (Prioridade: 2 - Média);1CIA IND/2CIA/1PEL(PASSOS);ABTS00495;Não;Não;Não;BOLETIM DE OCORRENCIA;Classificada;09/05/2024 07:48;Não
2024-33473858-9;(BM) 2024-021039421-001;08/05/2024 11:14;RUA DONA NENE, Nº 423 - CENTRO - CAPETINGA;-206.202.678;-470.578.613;P01001 - VISTORIA DE FISCALIZACAO (C) (Prioridade: 2 - Média);1CIA IND/2CIA/1PEL(PASSOS);ASL00064;Não;Não;Não;BOLETIM DE OCORRENCIA;Classificada;09/05/2024 07:48;Não
2024-33474015-5;(BM) 2024-021039973-001;08/05/2024 11:27;RODOVIA MG 444, Km 13 - CAPETINGA;-20.598.308;-470.226.654;P01001 - VISTORIA DE FISCALIZACAO (C) (Prioridade: 2 - Média);1CIA IND/2CIA/1PEL(PASSOS);ASL00064;Não;Não;Não;BOLETIM DE OCORRENCIA;Classificada;09/05/2024 07:48;Não
2024-33474232-3;(BM) 2024-021043367-001;08/05/2024 11:46;RODOVIA MG 444, Nº S/N - CASSIA;-206.011.549;-469.255.203;P01001 - VISTORIA DE FISCALIZACAO (C) (Prioridade: 2 - Média);1CIA IND/2CIA/1PEL(PASSOS);ASL00064;Não;Não;Não;BOLETIM DE OCORRENCIA;Classificada;09/05/2024 07:48;Não
2024-33474386-7;(BM) 2024-021044634-001;08/05/2024 12:05;RUA QUINZE DE MARCO, Nº 400 - PRIMAVERA - CASSIA;-205.876.035;-46.923.257;P01002 - VISTORIA DE LIBERACAO / EMISSAO DE AVCB (C) (Prioridade: 2 - Média);1CIA IND/2CIA/1PEL(PASSOS);ASL00064;Não;Não;Não;BOLETIM DE OCORRENCIA;Classificada;09/05/2024 07:48;Não
2024-33474449-5;;08/05/2024 12:09;RUA JEQUITIBA, Nº 491 - PARQUE TROPICAL - PASSOS;-207.192.842;-466.407.473;W98011 - SOLICITACAO DE APOIO (C) (Prioridade: 1 - Alta);1CIA IND/2CIA/1PEL(PASSOS);;Não;Não;Não;DUPLICADA;Classificada;08/05/2024 12:13;Não
2024-33476146-4;(BM) 2024-021102432-001;08/05/2024 14:28;RUA AMAPA, Nº 3025 - RECANTO DA HARMONIA - PASSOS;-207.024.135;-465.917.701;S06002 - CAPTURA DE ANIMAL SILVESTRE PERIGOSO / AGRESSIVO (C) (Prioridade: 2 - Média);1CIA IND/2CIA/1PEL(PASSOS);ASL00064;Não;Não;Não;BOLETIM DE OCORRENCIA;Classificada;09/05/2024 07:48;Não
2024-33477588-8;(BM) 2024-021102549-001;08/05/2024 15:50;RUA FAZENDEIROS, Nº 113 - MONSENHOR MESSIAS - PASSOS;-207.373.224;-466.009.138;O04012 - INCENDIO EM LOTE VAGO (AREA URBANA) (C) (Prioridade: 2 - Média);1CIA IND/2CIA/1PEL(PASSOS);ABTS00495;Não;Não;Não;BOLETIM DE OCORRENCIA;Classificada;09/05/2024 07:48;Não
2024-33478986-6;(BM) 2024-021101572-001;08/05/2024 17:10;RUA NOVA RESENDE, Nº 490 - NOSSA SENHORA DE FATIMA - PASSOS;-206.995.752;-466.107.144;S07001 - VAZAMENTO DE GLP/GAS NATURAL (COZINHA) (C) (Prioridade: 1 - Alta);1CIA IND/2CIA/1PEL(PASSOS);ABTS00495;Não;Não;Não;BOLETIM DE OCORRENCIA;Classificada;09/05/2024 07:49;Não
2024-33479052-9;(BM) 2024-021101046-001;08/05/2024 17:13;RODOVIA MG 050, Nº S/N - PASSOS;-207.372.242;-466.331.087;X03000 - EMPENHO ADMINISTRATIVO (C) (Prioridade: 2 - Média);1CIA IND/2CIA/1PEL(PASSOS);ASL00064;Não;Não;Não;BOLETIM DE OCORRENCIA;Classificada;09/05/2024 07:48;Não
2024-33479954-5;(BM) 2024-021109960-001;08/05/2024 18:14;RUA DOUTOR CARVALHO, Nº 1455 - NOSSA SENHORA DAS GRAÇAS - PASSOS;-207.352.269;-466.037.303;Q03001 - TREINAMENTO DE COMBATE A INCENDIO (C) (Prioridade: 2 - Média);1CIA IND/2CIA/1PEL(PASSOS);BM1797554;Não;Não;Não;BOLETIM DE OCORRENCIA;Classificada;09/05/2024 07:48;Não
2024-33481128-1;(BM) 2024-021123215-001;08/05/2024 19:27;RUA LOULOU, Nº 430 - BELO HORIZONTE - PASSOS;-207.264.787;-466.030.707;V01003 - VITIMA COM CRISE CONVULSIVA (C) (Prioridade: 1 - Alta);1CIA IND/2CIA/1PEL(PASSOS);UR04360;Não;Não;Não;BOLETIM DE OCORRENCIA;Classificada;09/05/2024 07:49;Não
2024-33481783-7;(BM) 2024-021128772-001;08/05/2024 20:10;RUA URIAS LOPES DA CUNHA, Nº 170 - PASSOS;-206.912.314;-466.158.708;O04012 - INCENDIO EM LOTE VAGO (AREA URBANA) (C) (Prioridade: 2 - Média);1CIA IND/2CIA/1PEL(PASSOS);ABTS00495;Não;Não;Não;BOLETIM DE OCORRENCIA;Classificada;09/05/2024 07:48;Não
2024-33483997-1;(BM) 2024-021156845-001;08/05/2024 22:37;RUA EUNICE BERALDO LEMOS GOMES, Nº 300 - PENHA 2 - PASSOS;-20.717.564;-466.330.212;W04000 - NADA CONSTATADO (C) (Prioridade: 3 - Baixa);1CIA IND/2CIA/1PEL(PASSOS);ABTS00495 / UR04360;Não;Não;Não;BOLETIM DE OCORRENCIA;Classificada;09/05/2024 07:47;Não
2024-33487572-4;(BM) 2024-021187636-002;09/05/2024 08:07;AVENIDA PAINEIRA, Nº S/N - SERRA DAS BRISAS - PASSOS;-207.338.439;-46.595.301;W10000 - DISPENSADA POR DUPLICIDADE DE EMPENHO COM OUTROS ORGAOS (C) (Prioridade: 1 - Alta);1CIA IND/2CIA/1PEL(PASSOS);UR04360 / ABTS00495;Não;Não;Não;BOLETIM DE OCORRENCIA;Classificada;10/05/2024 08:31;Não
2024-33488141-8;(BM) 2024-021201500-001;09/05/2024 09:03;RUA MORGANITA, Nº 1688 - ACLIMACAO - PASSOS;-207.534.336;-465.988.005;V01004 - VITIMA COM CRISE DIABETICA / HIPOGLICEMIA (C) (Prioridade: 1 - Alta);1CIA IND/2CIA/1PEL(PASSOS);UR04360;Não;Não;Não;BOLETIM DE OCORRENCIA;Classificada;10/05/2024 08:32;Não
2024-33489897-0;(BM) 2024-021214879-001;09/05/2024 11:34;AVENIDA CANADA, Nº S/N - JARDIM CANADA II - PASSOS;-207.533.453;-466.124.556;P02011 - VISTORIA EM ENXAME DE INSETOS (C) (Prioridade: 2 - Média);1CIA IND/2CIA/1PEL(PASSOS);ASL00064;Não;Não;Não;BOLETIM DE OCORRENCIA;Classificada;10/05/2024 08:29;Não
2024-33490333-1;(BM) 2024-021219934-001;09/05/2024 12:17;RUA ELZO CALIXTO MATTAR / RUA BEIJA FLOR - SAO JOAO - PASSOS;-207.360.838;-466.073.022;W10000 - DISPENSADA POR DUPLICIDADE DE EMPENHO COM OUTROS ORGAOS (C) (Prioridade: 1 - Alta);1CIA IND/2CIA/1PEL(PASSOS);UR04360;Não;Não;Não;BOLETIM DE OCORRENCIA;Classificada;10/05/2024 08:32;Não
2024-33490367-3;;09/05/2024 12:20;PRACA DOUTOR FAUSTO MONTEIRO, Nº 226 - ALFENAS;;;P01001 - VISTORIA DE FISCALIZACAO (C) (Prioridade: 2 - Média);1CIA IND (POCOS DE CALDAS);;Não;Não;Não;DUPLICADA;Classificada;09/05/2024 12:24;Não
2024-33491309-2;(BM) 2024-021237741-001;09/05/2024 13:52;RUA GUANABARA / RUA CHILE - POLIVALENTE - PASSOS;-207.021.969;-466.035.136;O04012 - INCENDIO EM LOTE VAGO (AREA URBANA) (C) (Prioridade: 2 - Média);1CIA IND/2CIA/1PEL(PASSOS);ABTS00495;Não;Não;Não;BOLETIM DE OCORRENCIA;Classificada;10/05/2024 08:29;Não
2024-33491819-9;(BM) 2024-021280474-001;09/05/2024 14:25;RUA ARNUFO NOGUEIRA DE FIGUEIREDO, Nº 39 - JARDIM PINHEIROS 2 - PASSOS;-207.266.685;-466.231.875;O04004 - INCENDIO EM AREA DE REFLORESTAMENTO (C) (Prioridade: 2 - Média);1CIA IND/2CIA/1PEL(PASSOS);ABTS00495;Não;Não;Não;BOLETIM DE OCORRENCIA;Classificada;10/05/2024 08:31;Não
2024-33492182-9;(BM) 2024-021242155-001;09/05/2024 14:41;RUA FORMOSA, Nº 178 - CENTRO - PASSOS;-207.156.478;-466.099.427;P01001 - VISTORIA DE FISCALIZACAO (C) (Prioridade: 2 - Média);1CIA IND/2CIA/PEL PREV E VIST(PASSOS);APF01362;Não;Não;Não;BOLETIM DE OCORRENCIA;Classificada;10/05/2024 08:31;Não
2024-33492184-4;(BM) 2024-021266533-001;09/05/2024 14:42;RUA DOIS DE NOVEMBRO, Nº 123 - CENTRO - PASSOS;-207.222.721;-466.063.968;P01001 - VISTORIA DE FISCALIZACAO (C) (Prioridade: 2 - Média);1CIA IND/2CIA/PEL PREV E VIST(PASSOS);APF01362;Não;Não;Não;BOLETIM DE OCORRENCIA;Classificada;10/05/2024 08:31;Não
2024-33492559-5;(BM) 2024-021246818-001;09/05/2024 15:00;AVENIDA SAO VICENTE DE PAULO, Nº S/N - VILA SAO JOSE - PASSOS;-207.054.868;-466.399.104;S06002 - CAPTURA DE ANIMAL SILVESTRE PERIGOSO / AGRESSIVO (C) (Prioridade: 2 - Média);1CIA IND/2CIA/1PEL(PASSOS);ASL00064;Não;Não;Não;BOLETIM DE OCORRENCIA;Classificada;10/05/2024 08:31;Não
2024-33494088-1;(BM) 2024-021277258-001;09/05/2024 16:25;RUA DOUTOR CARVALHO, Nº 1455 - NOSSA SENHORA DAS GRAÇAS - PASSOS;-207.352.269;-466.037.303;Q03017 - TREINAMENTO DE PRIMEIROS SOCORROS (C) (Prioridade: 2 - Média);1CIA IND/2CIA/1PEL(PASSOS);BM1791219;Não;Não;Não;BOLETIM DE OCORRENCIA;Classificada;10/05/2024 08:31;Não
2024-33495019-4;(BM) 2024-021286380-001;09/05/2024 17:18;RUA ANGELO RUBENS DOS SANTOS, Nº 136 - RESIDENCIAL MONTE BELO - PASSOS;-207.275.809;-465.844.423;S06002 - CAPTURA DE ANIMAL SILVESTRE PERIGOSO / AGRESSIVO (C) (Prioridade: 2 - Média);1CIA IND/2CIA/1PEL(PASSOS);ASL00064;Não;Não;Não;BOLETIM DE OCORRENCIA;Classificada;10/05/2024 08:31;Não
2024-33495119-9;(BM) 2024-021348904-001;09/05/2024 17:26;RUA ALTAMIRO GORZATO, Nº 84 - PARQUE DA ESTACAO - PASSOS;-207.044.384;-466.114.804;V01007 - VITIMA COM DISPNEIA (FALTA DE AR) (C) (Prioridade: 1 - Alta);1CIA IND/2CIA/1PEL(PASSOS);UR04360;Não;Não;Não;BOLETIM DE OCORRENCIA;Classificada;10/05/2024 08:32;Não
2024-33495512-8;(BM) 2024-021293354-001;09/05/2024 17:49;RUA ADOLFO PORTO SOBRINHO, Nº 102 - PARQUE DA ESTACAO - PASSOS;-207.024.716;-466.109.845;O04011 - INCENDIO EM AREA URBANA NAO PROTEGIDA (C) (Prioridade: 2 - Média);1CIA IND/2CIA/1PEL(PASSOS);ABTS00495;Não;Não;Não;BOLETIM DE OCORRENCIA;Classificada;10/05/2024 08:31;Não
2024-33496658-9;(BM) 2024-021346253-001;09/05/2024 19:03;RUA JOAO DE SOUZA ANDRADE, Nº S/N - RECANTO DA TEKA - PASSOS;-207.437.364;-465.966.713;O04013 - INCENDIO EM PASTO (C) (Prioridade: 2 - Média);1CIA IND/2CIA/1PEL(PASSOS);ABTS00495;Não;Não;Não;BOLETIM DE OCORRENCIA;Classificada;10/05/2024 08:31;Não
2024-33496720-0;(BM) 2024-021300884-001;09/05/2024 19:05;RODOVIA MG 050, Nº S/N - PASSOS;-207.372.242;-466.331.087;W03000 - SOLICITANTE ENCONTRADO - PROVIDENCIA DISPENSADA (C) (Prioridade: 3 - Baixa);1CIA IND/2CIA/1PEL(PASSOS);ASL00064;Não;Não;Não;BOLETIM DE OCORRENCIA;Classificada;10/05/2024 08:29;Não
2024-33496920-0;(BM) 2024-021356309-001;09/05/2024 19:19;RODOVIA BR 146, Nº S/N - DISTRITO INDUSTRIAL 1 - PASSOS;-207.020.967;-465.895.427;O02027 - INCENDIO VEIC. AUTOMOTOR (EXCETO TANQUE/ONIBUS/MICRO-ONIBUS) (C) (Prioridade: 1 - Alta);1CIA IND/2CIA/1PEL(PASSOS);ABTS00495;Não;Não;Não;BOLETIM DE OCORRENCIA;Classificada;10/05/2024 08:32;Não
2024-33498404-1;(BM) 2024-021358401-001;09/05/2024 20:57;RUA BOIADEIROS, Nº 132 - SAO FRANCISCO - PASSOS;;;W03000 - SOLICITANTE ENCONTRADO - PROVIDENCIA DISPENSADA (C) (Prioridade: 3 - Baixa);1CIA IND/2CIA/1PEL(PASSOS);UR04360;Não;Não;Não;BOLETIM DE OCORRENCIA;Classificada;10/05/2024 08:29;Não
2024-33502308-5;(BM) 2024-021351726-001;10/05/2024 02:31;RUA BENEDITO APOLINARIO, Nº 82 - COHAB 3 - PASSOS;-207.028.717;-466.274.881;O02001 - INCENDIO EM RESIDENCIA/HABITACAO UNIFAMILIAR (CASA) (C) (Prioridade: 1 - Alta);1CIA IND/2CIA/1PEL(PASSOS);ASL00064;Não;Não;Não;BOLETIM DE OCORRENCIA;Classificada;10/05/2024 08:34;Não
2024-33503867-2;(BM) 2024-021382874-001;10/05/2024 08:39;RUA JOAO TEIXEIRA MENDES, Nº 138 - NOSSA SENHORA APARECIDA - PASSOS;-207.436.902;-466.046.439;V01018 - VITIMA DE MAL NAO DEFINIDO (DISTURBIO) (C) (Prioridade: 1 - Alta);1CIA IND/2CIA/1PEL(PASSOS);UR04360;Não;Não;Não;BOLETIM DE OCORRENCIA;Classificada;11/05/2024 07:41;Não
2024-33504166-3;(BM) 2024-021367798-001;10/05/2024 09:06;RODOVIA MG 344, Nº S/N - CASSIA;-206.059.151;-468.965.632;O04011 - INCENDIO EM AREA URBANA NAO PROTEGIDA (C) (Prioridade: 2 - Média);1CIA IND/2CIA/1PEL(PASSOS);ASL00064;Não;Não;Não;BOLETIM DE OCORRENCIA;Classificada;11/05/2024 07:41;Não
2024-33505000-6;(BM) 2024-021377687-001;10/05/2024 10:14;RUA DOUTOR CARVALHO, Nº 1455 - NOSSA SENHORA DAS GRAÇAS - PASSOS;-207.352.269;-466.037.303;Q03005 - TREINAMENTO DE SALVAMENTO TERRESTRE (C) (Prioridade: 2 - Média);1CIA IND/2CIA/1PEL(PASSOS);BM1787076;Não;Não;Não;BOLETIM DE OCORRENCIA;Classificada;11/05/2024 07:41;Não
2024-33505371-8;(BM) 2024-021384992-001;10/05/2024 10:46;RUA CACAMBA, Nº S/N - CASARAO - PASSOS;-207.200.385;-465.893.761;O02041 - INCENDIO EM IMOVEL ABANDONADO (C) (Prioridade: 2 - Média);1CIA IND/2CIA/1PEL(PASSOS);ABTS00495;Não;Não;Não;BOLETIM DE OCORRENCIA;Classificada;11/05/2024 07:41;Não
2024-33505523-4;(BM) 2024-021384910-001;10/05/2024 11:00;AVENIDA OTTO KRAKAUER, Nº 886 - SANTA CASA - PASSOS;-20.712.075;-466.109.928;V01018 - VITIMA DE MAL NAO DEFINIDO (DISTURBIO) (C) (Prioridade: 1 - Alta);1CIA IND/2CIA/1PEL(PASSOS);UR04360;Não;Não;Não;BOLETIM DE OCORRENCIA;Classificada;11/05/2024 07:41;Não
2024-33506600-9;(BM) 2024-021397480-001;10/05/2024 12:36;AVENIDA JK, Nº 1332 - JARDIM COLEGIO DE PASSOS - PASSOS;;;V01020 - VITIMA COM PARADA CARDIORRESPIRATORIA (C) (Prioridade: 1 - Alta);1CIA IND/2CIA/1PEL(PASSOS);UR04360;Não;Não;Não;BOLETIM DE OCORRENCIA;Classificada;11/05/2024 07:41;Não
2024-33506874-4;(BM) 2024-021399830-001;10/05/2024 13:06;ESTRADA DAS AGUAS, Nº 579 - PASSOS;;;P01001 - VISTORIA DE FISCALIZACAO (C) (Prioridade: 2 - Média);1CIA IND/2CIA/PEL PREV E VIST(PASSOS);APF01362;Não;Não;Não;BOLETIM DE OCORRENCIA;Classificada;11/05/2024 07:41;Não
2024-33507067-8;(BM) 2024-021410440-001;10/05/2024 13:26;RUA POUSO ALEGRE, Nº 786 - COHAB 3 - PASSOS;-207.063.592;-46.629.854;V01010 - VITIMA COM DOR TORACICA/SUSPEITA DE INFARTO (IAM) (C) (Prioridade: 1 - Alta);1CIA IND/2CIA/1PEL(PASSOS);UR04360;Não;Não;Não;BOLETIM DE OCORRENCIA;Classificada;11/05/2024 07:40;Não
2024-33507745-7;(BM) 2024-021410228-001;10/05/2024 14:15;RUA HENRIQUE AMELIO DE OLIVEIRA, Nº 51 - RECANTO DA TEKA - PASSOS;-20.745.231;-465.974.268;P01001 - VISTORIA DE FISCALIZACAO (C) (Prioridade: 2 - Média);1CIA IND/2CIA/PEL PREV E VIST(PASSOS);APF01362;Não;Não;Não;BOLETIM DE OCORRENCIA;Classificada;11/05/2024 07:41;Não
2024-33510756-1;(BM) 2024-021450850-001;10/05/2024 17:06;RUA GUAPORE, Nº 795 - RECANTO DA HARMONIA - PASSOS;-207.074.973;-465.961.851;S06001 - SALVAMENTO DE ANIMAL EM RISCO / PERIGO (C) (Prioridade: 2 - Média);1CIA IND/2CIA/1PEL(PASSOS);ASL00064;Não;Não;Não;BOLETIM DE OCORRENCIA;Classificada;11/05/2024 07:41;Não
2024-33512317-2;(BM) 2024-021464095-001;10/05/2024 18:48;AVENIDA OTTO KRAKAUER, Nº 914 - SANTA CASA - PASSOS;-207.113.149;-466.112.597;P02001 - VISTORIA EM HIDRANTE (C) (Prioridade: 2 - Média);1CIA IND/2CIA/1PEL(PASSOS);ASL00064;Não;Não;Não;BOLETIM DE OCORRENCIA;Classificada;11/05/2024 07:41;Não
2024-33512775-7;(BM) 2024-021477370-001;10/05/2024 19:16;RUA LUIZ MOURA DA SILVA, Nº 172 - COHAB 3 - PASSOS;-207.023.472;-466.266.482;V01003 - VITIMA COM CRISE CONVULSIVA (C) (Prioridade: 1 - Alta);1CIA IND/2CIA/1PEL(PASSOS);UR04360;Não;Não;Não;BOLETIM DE OCORRENCIA;Classificada;11/05/2024 07:40;Não
2024-33512863-2;(BM) 2024-021468877-001;10/05/2024 19:20;AVENIDA NACOES, Nº 259 - VILA RICA - PASSOS;-20.727.933;-465.984.176;P02001 - VISTORIA EM HIDRANTE (C) (Prioridade: 2 - Média);1CIA IND/2CIA/1PEL(PASSOS);ASL00064;Não;Não;Não;BOLETIM DE OCORRENCIA;Classificada;11/05/2024 07:41;Não
2024-33513556-9;(BM) 2024-021475301-001;10/05/2024 20:02;PRACA GERALDO DA SILVA MAIA, Nº S/N - CENTRO - PASSOS;-207.208.941;-46.609.005;P02001 - VISTORIA EM HIDRANTE (C) (Prioridade: 2 - Média);1CIA IND/2CIA/1PEL(PASSOS);ASL00064;Não;Não;Não;BOLETIM DE OCORRENCIA;Classificada;11/05/2024 07:41;Não
2024-33516051-9;(BM) 2024-021500285-001;10/05/2024 22:28;RUA AURORA, Nº 214 - BELO HORIZONTE - PASSOS;-207.244.057;-466.033.934;V03018 - VITIMA DE QUEDA DA PROPRIA ALTURA (C) (Prioridade: 1 - Alta);1CIA IND/2CIA/1PEL(PASSOS);UR04360;Não;Não;Não;BOLETIM DE OCORRENCIA;Classificada;11/05/2024 07:40;Não
2024-33517961-9;(BM) 2024-021520496-001;11/05/2024 00:14;RUA JOSE MARIANO NEGRINHO, Nº 424 - COHAB 5 - PASSOS;-207.181.969;-466.373.767;V03003 - VITIMA DE AGRESSAO FISICA COM ARMA BRANCA (C) (Prioridade: 1 - Alta);1CIA IND/2CIA/1PEL(PASSOS);UR04360;Não;Não;Não;BOLETIM DE OCORRENCIA;Classificada;11/05/2024 07:40;Não
2024-33521330-1;(BM) 2024-021546663-001;11/05/2024 08:28;RUA DOUTOR CARVALHO, Nº 1455 - NOSSA SENHORA DAS GRAÇAS - PASSOS;-207.352.269;-466.037.303;Q03017 - TREINAMENTO DE PRIMEIROS SOCORROS (C) (Prioridade: 2 - Média);1CIA IND/2CIA/1PEL(PASSOS);BM1637305;Não;Não;Não;BOLETIM DE OCORRENCIA;Classificada;12/05/2024 06:38;Não
2024-33521733-8;(BM) 2024-021550110-001;11/05/2024 09:22;RUA MOINHO, Nº 300 - CASARAO - PASSOS;-207.225.065;-465.905.138;S06005 - CAPTURA DE INSETOS (C) (Prioridade: 2 - Média);1CIA IND/2CIA/1PEL(PASSOS);ASL00064;Não;Não;Não;BOLETIM DE OCORRENCIA;Classificada;12/05/2024 06:38;Não
2024-33522248-8;(BM) 2024-021590650-001;11/05/2024 10:23;RUA DOUTOR SATURNINO, Nº 393 - MARIO MAGALHAES - PASSOS;-207.226.727;-466.132.765;V01018 - VITIMA DE MAL NAO DEFINIDO (DISTURBIO) (C) (Prioridade: 1 - Alta);1CIA IND/2CIA/1PEL(PASSOS);UR04360;Não;Não;Não;BOLETIM DE OCORRENCIA;Classificada;12/05/2024 06:35;Não
2024-33522845-7;(BM) 2024-021673270-001;11/05/2024 11:34;RUA POR DO SOL, Nº 50 - CONDOMÍNIO LUCIANA - PASSOS;-206.899.937;-4.664.648;O04012 - INCENDIO EM LOTE VAGO (AREA URBANA) (C) (Prioridade: 2 - Média);1CIA IND/2CIA/1PEL(PASSOS);ABTS00495;Não;Não;Não;BOLETIM DE OCORRENCIA;Classificada;12/05/2024 06:38;Não
2024-33523695-1;(BM) 2024-021564139-001;11/05/2024 13:26;RUA BONSUCESSO, Nº 888 - PENHA - PASSOS;-20.721.233;-466.188.426;P02001 - VISTORIA EM HIDRANTE (C) (Prioridade: 2 - Média);1CIA IND/2CIA/1PEL(PASSOS);ASL00064;Não;Não;Não;BOLETIM DE OCORRENCIA;Classificada;12/05/2024 06:36;Não
2024-33525020-6;(BM) 2024-021591291-001;11/05/2024 15:06;ESTRADA PRINCIPAL MUMBUCA, Nº S/N - PASSOS;-20.886.111;-46.605.833;W04000 - NADA CONSTATADO (C) (Prioridade: 3 - Baixa);1CIA IND/2CIA/1PEL(PASSOS);ABTS00495 / ASL00064;Não;Não;Não;BOLETIM DE OCORRENCIA;Classificada;12/05/2024 06:38;Não
2024-33527084-0;(BM) 2024-021596582-001;11/05/2024 17:24;RUA VEREADOR PROF OSVALDO L NEGRAO, Nº S/N - COHAB 5 - PASSOS;-20.721.621;-46.636.752;P02011 - VISTORIA EM ENXAME DE INSETOS (C) (Prioridade: 2 - Média);1CIA IND/2CIA/1PEL(PASSOS);ASL00064;Não;Não;Não;BOLETIM DE OCORRENCIA;Classificada;12/05/2024 06:36;Não
2024-33528047-9;(BM) 2024-021620618-001;11/05/2024 18:27;AVENIDA ARLINDO FIGUEIREDO, Nº S/N - JARDIM CIDADE - PASSOS;;;O04012 - INCENDIO EM LOTE VAGO (AREA URBANA) (C) (Prioridade: 2 - Média);1CIA IND/2CIA/1PEL(PASSOS);ABTS00495;Não;Não;Não;BOLETIM DE OCORRENCIA;Classificada;12/05/2024 06:35;Não
2024-33529754-1;(BM) 2024-021622121-001;11/05/2024 20:14;PRACA GERALDO DA SILVA MAIA, Nº S/N - CENTRO - PASSOS;-207.208.941;-46.609.005;P03009 - PREVENCAO EM PONTO-BASE / FERIADOS PROLONGADOS (C) (Prioridade: 2 - Média);1CIA IND/2CIA/1PEL(PASSOS);ASL00064;Não;Não;Não;BOLETIM DE OCORRENCIA;Classificada;12/05/2024 06:35;Não
2024-33531369-3;(BM) 2024-021633028-001;11/05/2024 21:56;RUA DOUTOR CARVALHO, Nº 1455 - NOSSA SENHORA DAS GRAÇAS - PASSOS;-207.352.269;-466.037.303;V03012 - VITIMA COM OBJETO PRESO AO CORPO (C) (Prioridade: 1 - Alta);1CIA IND/2CIA/1PEL(PASSOS);BM1551159;Não;Não;Não;BOLETIM DE OCORRENCIA;Classificada;12/05/2024 06:35;Não
2024-33531359-0;(BM) 2024-021632471-001;11/05/2024 21:56;AVENIDA EXPEDICIONARIOS, Nº S/N - MIRANTE DO VALE - PASSOS;-207.256.744;-465.818.365;V02202 - VITIMA DE CHOQUE DE MOTOCICLETA (C) (Prioridade: 1 - Alta);1CIA IND/2CIA/1PEL(PASSOS);UR0565;Não;Não;Não;BOLETIM DE OCORRENCIA;Classificada;12/05/2024 06:35;Não
2024-33536410-2;(BM) 2024-021668776-001;12/05/2024 03:44;AVENIDA MONTESE, Nº 369 - VILA RICA - PASSOS;-207.272.046;-465.958.658;V01018 - VITIMA DE MAL NAO DEFINIDO (DISTURBIO) (C) (Prioridade: 1 - Alta);1CIA IND/2CIA/1PEL(PASSOS);UR0565;Não;Não;Não;BOLETIM DE OCORRENCIA;Classificada;12/05/2024 06:35;Não
2024-33536691-3;(BM) 2024-021673123-001;12/05/2024 04:53;RUA DOUTOR CARVALHO, Nº 1455 - NOSSA SENHORA DAS GRAÇAS - PASSOS;-207.352.269;-466.037.303;V03012 - VITIMA COM OBJETO PRESO AO CORPO (C) (Prioridade: 1 - Alta);1CIA IND/2CIA/1PEL(PASSOS);BM1636836;Não;Não;Não;BOLETIM DE OCORRENCIA;Classificada;12/05/2024 06:34;Não
2024-33536817-0;(BM) 2024-021672824-001;12/05/2024 05:43;RUA LAVRAS, Nº 110 - MARIO MAGALHAES - PASSOS;-20.723.721;-466.131.997;V01010 - VITIMA COM DOR TORACICA/SUSPEITA DE INFARTO (IAM) (C) (Prioridade: 1 - Alta);1CIA IND/2CIA/1PEL(PASSOS);UR04360;Não;Não;Não;BOLETIM DE OCORRENCIA;Classificada;12/05/2024 07:16;Não
2024-33537268-9;;12/05/2024 07:32;AVENIDA COMENDADOR FRANCISCO A MAIA, Nº S/N - SANTA CASA - PASSOS;-207.146.788;-466.127.072;W10000 - DISPENSADA POR DUPLICIDADE DE EMPENHO COM OUTROS ORGAOS (C) (Prioridade: 1 - Alta);1CIA IND/2CIA/1PEL(PASSOS);UR04360;Não;Não;Não;ATENDIDA PELO SAMU;Classificada;12/05/2024 15:26;Não
2024-33537537-9;(BM) 2024-021681540-001;12/05/2024 08:12;RUA DOUTOR CARVALHO, Nº 1455 - NOSSA SENHORA DAS GRAÇAS - PASSOS;-207.352.269;-466.037.303;P03004 - PREVENCAO EM EVENTO ESPORTIVO (C) (Prioridade: 2 - Média);1CIA IND/2CIA/1PEL(PASSOS);UR04360;Não;Não;Não;BOLETIM DE OCORRENCIA;Classificada;12/05/2024 15:06;Não
2024-33538070-7;(BM) 2024-021683210-001;12/05/2024 09:38;AVENIDA JK, Nº S/N - MONSENHOR MESSIAS - PASSOS;-207.342.178;-465.979.772;P03009 - PREVENCAO EM PONTO-BASE / FERIADOS PROLONGADOS (C) (Prioridade: 2 - Média);1CIA IND/2CIA/1PEL(PASSOS);UR04360;Não;Não;Não;BOLETIM DE OCORRENCIA;Classificada;12/05/2024 15:07;Não
2024-33538531-8;(BM) 2024-021689518-001;12/05/2024 10:33;RUA SALINAS, Nº 409 - COHAB 2 - PASSOS;-207.119.386;-466.311.651;V03018 - VITIMA DE QUEDA DA PROPRIA ALTURA (C) (Prioridade: 1 - Alta);1CIA IND/2CIA/1PEL(PASSOS);UR04360;Não;Não;Não;BOLETIM DE OCORRENCIA;Classificada;12/05/2024 15:09;Não
2024-33538689-2;;12/05/2024 10:54;RUA IPATINGA, Nº 72 - CALIFORNIA - PASSOS;-207.050.228;-466.145.958;V01001 - VITIMA DE ACIDENTE VASCULAR CEREBRAL (AVC) (C) (Prioridade: 1 - Alta);1CIA IND/2CIA/1PEL(PASSOS);;Não;Não;Não;DISPENSADA PELO SOLICITANTE;Classificada;12/05/2024 10:57;Não
2024-33538869-4;;12/05/2024 11:21;AVENIDA DOUTOR BRENO SOARES MAIA, Nº 154 - BELO HORIZONTE - PASSOS;-207.273.244;-466.048.254;V01018 - VITIMA DE MAL NAO DEFINIDO (DISTURBIO) (C) (Prioridade: 1 - Alta);1CIA IND/2CIA/1PEL(PASSOS);;Não;Não;Não;DISPENSADA PELO SOLICITANTE;Classificada;12/05/2024 11:51;Não
2024-33538919-0;(BM) 2024-021691980-001;12/05/2024 11:26;RUA JOAO PIMENTA, Nº 477 - PASSOS;-207.200.289;-465.975.119;S05308 - COLISAO ENTRE AUTOMOVEL X MOTOCICLETA (C) (Prioridade: 1 - Alta);1CIA IND/2CIA/1PEL(PASSOS);UR04360;Não;Não;Não;BOLETIM DE OCORRENCIA;Classificada;12/05/2024 15:09;Não
2024-33539228-5;(BM) 2024-021695164-001 / (PM) 2024-021695164-002;12/05/2024 12:21;RUA SAFIRA, Nº 121 - ACLIMACAO - PASSOS;-20.751.026;-465.991.781;W98011 - SOLICITACAO DE APOIO (C) (Prioridade: 1 - Alta);1CIA IND/2CIA/1PEL(PASSOS);UR04360;Não;Não;Não;BOLETIM DE OCORRENCIA;Classificada;12/05/2024 15:09;Não
2024-33539849-2;(BM) 2024-021698590-001;12/05/2024 13:44;RUA ANTONIO ALVES DE MENDONCA, Nº 87 - VILA BETINHO - PASSOS;-207.168.868;-466.345.036;O04002 - INCENDIO NO ENTORNO DE UNIDADE DE CONSERVACAO (UC) (C) (Prioridade: 2 - Média);1CIA IND/2CIA/1PEL(PASSOS);ABTS00495;Não;Não;Não;BOLETIM DE OCORRENCIA;Classificada;12/05/2024 15:08;Não
2024-33540123-4;(BM) 2024-021705581-001;12/05/2024 14:12;RUA VEREADOR OTACILIO BALDINI, Nº 20 - COHAB 4 - PASSOS;-207.216.363;-466.346.627;V01003 - VITIMA COM CRISE CONVULSIVA (C) (Prioridade: 1 - Alta);1CIA IND/2CIA/1PEL(PASSOS);UR04360;Não;Não;Não;BOLETIM DE OCORRENCIA;Classificada;12/05/2024 16:46;Não
2024-33541345-1;;12/05/2024 15:46;PRACA SAO FRANCISCO, Nº S/N - CANDEIAS - PASSOS;-207.216.691;-466.159.363;S06002 - CAPTURA DE ANIMAL SILVESTRE PERIGOSO / AGRESSIVO (C) (Prioridade: 2 - Média);1CIA IND/2CIA/1PEL(PASSOS);;Não;Não;Não;NADA CONSTATADO;Classificada;12/05/2024 16:11;Não
2024-33543272-0;(BM) 2024-021733849-001;12/05/2024 17:54;RUA ACEROLAS, Nº 303 - NOSSA SENHORA DE LOURDES - PASSOS;-206.982.769;-466.195.017;V01023 - VITIMA DE SINCOPE (DESMAIO)/VERTIGEM (C) (Prioridade: 1 - Alta);1CIA IND/2CIA/1PEL(PASSOS);UR04360;Não;Não;Não;BOLETIM DE OCORRENCIA;Classificada;12/05/2024 21:23;Não
2024-33543491-4;(BM) 2024-021733877-001;12/05/2024 18:06;RUA ORLANDO ADAO CARNEIRO, Nº 680 - RECANTO DA TEKA - PASSOS;-207.465.269;-465.975.448;W04000 - NADA CONSTATADO (C) (Prioridade: 3 - Baixa);1CIA IND/2CIA/1PEL(PASSOS);ABTS00495;Não;Não;Não;BOLETIM DE OCORRENCIA;Classificada;12/05/2024 21:17;Não
2024-33543897-9;(BM) 2024-021734304-001;12/05/2024 18:29;RUA DOUTOR CARVALHO, Nº 1455 - NOSSA SENHORA DAS GRAÇAS - PASSOS;-207.352.269;-466.037.303;Q03017 - TREINAMENTO DE PRIMEIROS SOCORROS (C) (Prioridade: 2 - Média);1CIA IND/2CIA/1PEL(PASSOS);BM1730183;Não;Não;Não;BOLETIM DE OCORRENCIA;Classificada;12/05/2024 21:20;Não
2024-33544555-0;(BM) 2024-021747448-001;12/05/2024 19:12;AVENIDA POCOS DE CALDAS, Nº 285 - COHAB 2 - PASSOS;-207.124.196;-466.260.766;W10000 - DISPENSADA POR DUPLICIDADE DE EMPENHO COM OUTROS ORGAOS (C) (Prioridade: 1 - Alta);1CIA IND/2CIA/1PEL(PASSOS);UR04360;Não;Não;Não;BOLETIM DE OCORRENCIA;Classificada;12/05/2024 21:24;Não
2024-33545552-8;(BM) 2024-021753445-001;12/05/2024 20:12;RUA POR DO SOL, Nº S/N - CONDOMÍNIO LUCIANA - PASSOS;-206.857.466;-466.522.557;V03019 - VITIMA DE QUEDA DE ALTURA (C) (Prioridade: 1 - Alta);1CIA IND/2CIA/1PEL(PASSOS);UR04360;Não;Não;Não;BOLETIM DE OCORRENCIA;Classificada;13/05/2024 07:08;Não
2024-33546093-8;(BM) 2024-021753367-001;12/05/2024 20:43;RUA JUIZ DE FORA, Nº 923 - COHAB 3 - PASSOS;-207.060.265;-46.626.472;O04012 - INCENDIO EM LOTE VAGO (AREA URBANA) (C) (Prioridade: 2 - Média);1CIA IND/2CIA/1PEL(PASSOS);ABTS00495;Não;Não;Não;BOLETIM DE OCORRENCIA;Classificada;13/05/2024 07:08;Não
2024-33549101-0;(BM) 2024-021785713-001 / (PM) 2024-021785713-002;12/05/2024 23:40;RODOVIA BR 464, Nº S/N - DELFINOPOLIS;-203.256.983;-468.473.584;V02301 - VITIMA DE CAPOTAMENTO DE AUTOMOVEL (CARRO / CAMINHONETE) (C) (Prioridade: 1 - Alta);1CIA IND/2CIA/1PEL(PASSOS);UR04360 / ASL00064;Não;Não;Não;BOLETIM DE OCORRENCIA;Classificada;13/05/2024 07:08;Não
2024-33549146-9;(PM) 2024-021783861-001;12/05/2024 23:45;RUA JOAO PESSOA, Nº S/N - CENTRO - SAO JOAO BATISTA GLORIA;-206.405.797;-465.065.334;W98011 - SOLICITACAO DE APOIO (C) (Prioridade: 1 - Alta);1CIA IND/2CIA/1PEL(PASSOS);;Não;Não;Não;ATENDIDA PELO SAMU;Classificada;13/05/2024 00:12;Não
2024-33551171-9;;13/05/2024 06:47;RUA QUINCA LUCIO, Nº 161 - SAO FRANCISCO - PASSOS;-207.276.606;-466.163.146;W05000 - DUPLICATA (C) (Prioridade: 3 - Baixa);1CIA IND/2CIA/1PEL(PASSOS);UR04360;Não;Não;Não;ATENDIDA PELO SAMU;Classificada;13/05/2024 07:14;Não
2024-33551773-1;(BM) 2024-021826267-001;13/05/2024 08:08;RUA POR DO SOL, Nº S/N - CONDOMÍNIO LUCIANA - PASSOS;-206.857.466;-466.522.557;S06011 - CORTE DE ARVORE CAIDA SOBRE VEICULO (C) (Prioridade: 3 - Baixa);1CIA IND/2CIA/1PEL(PASSOS);ASL00064;Não;Não;Não;BOLETIM DE OCORRENCIA;Classificada;14/05/2024 00:09;Não
2024-33552293-1;(BM) 2024-021827168-001;13/05/2024 09:02;RUA DOUTOR CARVALHO, Nº 1455 - NOSSA SENHORA DAS GRAÇAS - PASSOS;-207.352.269;-466.037.303;Q05002 - PROJETO DE DIVULGACAO DA NATACAO (C) (Prioridade: 1 - Alta);1CIA IND/2CIA/1PEL(PASSOS);BM1797331;Não;Não;Não;BOLETIM DE OCORRENCIA;Classificada;14/05/2024 00:20;Não
2024-33554044-8;(BM) 2024-021831783-001;13/05/2024 11:25;AVENIDA NACOES, Nº S/N - VILA RICA - PASSOS;-207.276.808;-46.600.861;P03999 - OUTROS TIPOS DE PCI / PCA   (C) (Prioridade: 2 - Média);1CIA IND/2CIA/1PEL(PASSOS);UR04360;Não;Não;Não;BOLETIM DE OCORRENCIA;Classificada;14/05/2024 00:11;Não
2024-33554990-6;(BM) 2024-021845486-001;13/05/2024 13:07;RUA PRESIDENTE ANTONIO CARLOS, Nº 39 - CENTRO - PASSOS;-207.205.895;-466.089.708;S06004 - CAPTURA DE OUTROS ANIMAIS DOMESTICOS PERIGOSOS / AGRESSIVOS (C) (Prioridade: 2 - Média);1CIA IND/2CIA/1PEL(PASSOS);ASL00064;Não;Não;Não;BOLETIM DE OCORRENCIA;Classificada;14/05/2024 00:11;Não
2024-33555234-9;(BM) 2024-022163556-001;13/05/2024 13:28;RODOVIA MG 050, Nº 628 - SERRA VERDE - PASSOS;-207.388.163;-465.951.326;P01002 - VISTORIA DE LIBERACAO / EMISSAO DE AVCB (C) (Prioridade: 2 - Média);1CIA IND/2CIA/PEL PREV E VIST(PASSOS);APF01362;Não;Não;Não;BOLETIM DE OCORRENCIA;Classificada;16/05/2024 06:08;Não
2024-33555982-3;(BM) 2024-021856499-002;13/05/2024 14:18;RUA TRES DE MAIO, Nº 632 - BELO HORIZONTE - PASSOS;-20.724.657;-466.014.668;O02001 - INCENDIO EM RESIDENCIA/HABITACAO UNIFAMILIAR (CASA) (C) (Prioridade: 1 - Alta);1CIA IND/2CIA/1PEL(PASSOS);ABTS00495 / UR04360;Não;Não;Não;BOLETIM DE OCORRENCIA;Classificada;14/05/2024 00:21;Não
2024-33557503-0;(BM) 2024-021875260-001;13/05/2024 15:35;AVENIDA ANTONIO ADAO DA SILVA, Nº 91 - COHAB 4 - PASSOS;-207.201.837;-466.302.339;P01001 - VISTORIA DE FISCALIZACAO (C) (Prioridade: 2 - Média);1CIA IND/2CIA/PEL PREV E VIST(PASSOS);APF01362;Não;Não;Não;BOLETIM DE OCORRENCIA;Classificada;14/05/2024 00:14;Não
2024-33557507-0;(BM) 2024-021880695-001;13/05/2024 15:36;AVENIDA ANTONIO ADAO DA SILVA, Nº 10 - PENHA 2 - PASSOS;-207.193.831;-466.314.467;P01001 - VISTORIA DE FISCALIZACAO (C) (Prioridade: 2 - Média);1CIA IND/2CIA/PEL PREV E VIST(PASSOS);APF01362;Não;Não;Não;BOLETIM DE OCORRENCIA;Classificada;14/05/2024 00:14;Não
2024-33559832-2;(BM) 2024-021904930-001;13/05/2024 17:46;RUA TENENTE VASCONCELOS, Nº 387 - CENTRO - PASSOS;-207.143.572;-46.608.848;V03018 - VITIMA DE QUEDA DA PROPRIA ALTURA (C) (Prioridade: 1 - Alta);1CIA IND/2CIA/1PEL(PASSOS);UR04360;Não;Não;Não;BOLETIM DE OCORRENCIA;Classificada;14/05/2024 00:21;Não
2024-33560434-7;(BM) 2024-021919891-001;13/05/2024 18:23;AVENIDA JOSE CAETANO DE ANDRADE, Nº S/N - MUARAMA - PASSOS;-207.301.976;-466.154.665;S06001 - SALVAMENTO DE ANIMAL EM RISCO / PERIGO (C) (Prioridade: 2 - Média);1CIA IND/2CIA/1PEL(PASSOS);ASL00064;Não;Não;Não;BOLETIM DE OCORRENCIA;Classificada;14/05/2024 00:15;Não
2024-33561068-6;(BM) 2024-021920238-001;13/05/2024 19:02;ACESSO PORTO DE PASSOS - PONTO DE EMBARQUE - PONTE, Nº S/N - PASSOS;-206.614.706;-465.351.789;V03999 - OUTROS TIPOS DE APH DE TRAUMAS DIVERSOS   (C) (Prioridade: 1 - Alta);1CIA IND/2CIA/1PEL(PASSOS);UR04360;Não;Não;Não;BOLETIM DE OCORRENCIA;Classificada;14/05/2024 00:22;Não
2024-33562268-0;(BM) 2024-021929555-001;13/05/2024 20:23;RUA DOUTOR CARVALHO, Nº 1455 - NOSSA SENHORA DAS GRAÇAS - PASSOS;-207.352.269;-466.037.303;Q03005 - TREINAMENTO DE SALVAMENTO TERRESTRE (C) (Prioridade: 2 - Média);1CIA IND/2CIA/1PEL(PASSOS);BM1795095;Não;Não;Não;BOLETIM DE OCORRENCIA;Classificada;14/05/2024 00:20;Não
2024-33562748-6;(BM) 2024-022004012-001;13/05/2024 20:59;RUA CARAMBOLA, Nº 64 - NOSSA SENHORA DE LOURDES - PASSOS;-207.000.923;-466.189.625;V01007 - VITIMA COM DISPNEIA (FALTA DE AR) (C) (Prioridade: 1 - Alta);1CIA IND/2CIA/1PEL(PASSOS);UR04360;Não;Não;Não;BOLETIM DE OCORRENCIA;Classificada;15/05/2024 07:34;Não
2024-33564988-0;(BM) 2024-021961065-001;13/05/2024 23:37;RUA GONCALVES DIAS, Nº 243 - CENTRO - PASSOS;-207.174.307;-466.065.997;O02034 - INCENDIO EM CACAMBA DE LIXO / ENTULHO (C) (Prioridade: 2 - Média);1CIA IND/2CIA/1PEL(PASSOS);ABTS00495;Não;Não;Não;BOLETIM DE OCORRENCIA;Classificada;14/05/2024 04:06;Não
2024-33567109-4;(BM) 2024-021979825-004;14/05/2024 07:29;PRACA GERALDO DA SILVA MAIA, Nº S/N - CENTRO - PASSOS;-207.208.941;-46.609.005;P03013 - PREVENCAO EM DESFILE (C) (Prioridade: 2 - Média);1CIA IND/2CIA/1PEL(PASSOS);UR0565 / ABTS00495 / ASL00064 / APF01362;Não;Não;Não;BOLETIM DE OCORRENCIA;Classificada;15/05/2024 07:33;Não
2024-33567585-0;(BM) 2024-021988293-001;14/05/2024 08:27;RUA DOUTOR CARVALHO, Nº 1455 - NOSSA SENHORA DAS GRAÇAS - PASSOS;-207.352.269;-466.037.303;R01001 - ABASTECIMENTO DE AGUA (C) (Prioridade: 2 - Média);1CIA IND/2CIA/1PEL(PASSOS);BM1274612;Não;Não;Não;BOLETIM DE OCORRENCIA;Classificada;15/05/2024 07:33;Não
2024-33567713-9;(BM) 2024-021989610-001;14/05/2024 08:36;RUA FUNCIONARIOS, Nº 109 - BELO HORIZONTE - PASSOS;-207.318.946;-46.606.115;V03999 - OUTROS TIPOS DE APH DE TRAUMAS DIVERSOS   (C) (Prioridade: 1 - Alta);1CIA IND/2CIA/1PEL(PASSOS);UR04360;Não;Não;Não;BOLETIM DE OCORRENCIA;Classificada;15/05/2024 07:34;Não
2024-33567935-0;(BM) 2024-021992116-001;14/05/2024 09:03;RUA VESPASIANO, Nº S/N - PENHA 2 - PASSOS;-207.192.345;-466.304.915;P03001 - PERIGO DE DERRAPAGEM (C) (Prioridade: 2 - Média);1CIA IND/2CIA/1PEL(PASSOS);ASL00064;Não;Não;Não;BOLETIM DE OCORRENCIA;Classificada;15/05/2024 07:33;Não
2024-33569208-7;(BM) 2024-022004787-001;14/05/2024 10:50;AVENIDA DARCIO CANTIERI, Nº 2379 - JARDIM EUROPA I AO V - SAO SEBASTIAO PARAISO;-209.050.106;-469.746.811;X03000 - EMPENHO ADMINISTRATIVO (C) (Prioridade: 2 - Média);1CIA IND/2CIA/1PEL(PASSOS);ASL00064;Não;Não;Não;BOLETIM DE OCORRENCIA;Classificada;15/05/2024 07:33;Não
2024-33569790-0;(BM) 2024-022012112-001;14/05/2024 11:37;RUA GOIAS, Nº 200 - POLIVALENTE - PASSOS;-207.051.934;-466.073.335;S06001 - SALVAMENTO DE ANIMAL EM RISCO / PERIGO (C) (Prioridade: 2 - Média);1CIA IND/2CIA/1PEL(PASSOS);ABTS00495;Não;Não;Não;BOLETIM DE OCORRENCIA;Classificada;15/05/2024 07:33;Não
2024-33570660-2;(BM) 2024-022021470-001;14/05/2024 13:12;RUA JERONIMO NETO, Nº 182 - BELO HORIZONTE - PASSOS;-207.250.722;-466.056.559;V01010 - VITIMA COM DOR TORACICA/SUSPEITA DE INFARTO (IAM) (C) (Prioridade: 1 - Alta);1CIA IND/2CIA/1PEL(PASSOS);UR04360;Não;Não;Não;BOLETIM DE OCORRENCIA;Classificada;15/05/2024 07:34;Não
2024-33570663-0;(BM) 2024-022022870-001;14/05/2024 13:13;RUA AMETISTA, Nº S/N - ACLIMACAO - PASSOS;-207.518.491;-46.601.633;O04011 - INCENDIO EM AREA URBANA NAO PROTEGIDA (C) (Prioridade: 2 - Média);1CIA IND/2CIA/1PEL(PASSOS);ABTS00495;Não;Não;Não;BOLETIM DE OCORRENCIA;Classificada;15/05/2024 07:33;Não
2024-33571294-1;(BM) 2024-022033644-001;14/05/2024 14:00;RUA JOSE DONABELLA, Nº 51 - NOVA PASSOS - PASSOS;-207.068.965;-466.328.867;O04012 - INCENDIO EM LOTE VAGO (AREA URBANA) (C) (Prioridade: 2 - Média);1CIA IND/2CIA/1PEL(PASSOS);ABTS00495;Não;Não;Não;BOLETIM DE OCORRENCIA;Classificada;15/05/2024 07:33;Não
2024-33573264-1;(BM) 2024-022054063-001;14/05/2024 15:43;RUA MATOZINHOS, Nº S/N - COHAB 2 - PASSOS;-207.103.537;-466.317.809;O04012 - INCENDIO EM LOTE VAGO (AREA URBANA) (C) (Prioridade: 2 - Média);1CIA IND/2CIA/1PEL(PASSOS);ABTS00495;Não;Não;Não;BOLETIM DE OCORRENCIA;Classificada;15/05/2024 07:33;Não
2024-33573536-0;(BM) 2024-022057944-001;14/05/2024 15:58;RUA SALINAS, Nº 29 - PENHA 2 - PASSOS;-207.121.497;-466.268.158;V01010 - VITIMA COM DOR TORACICA/SUSPEITA DE INFARTO (IAM) (C) (Prioridade: 1 - Alta);1CIA IND/2CIA/1PEL(PASSOS);UR04360;Não;Não;Não;BOLETIM DE OCORRENCIA;Classificada;15/05/2024 07:34;Não
2024-33573873-0;(BM) 2024-022077540-001;14/05/2024 16:13;ACESSO RURAL DISTRITO 2 - PASSOS;;;O04013 - INCENDIO EM PASTO (C) (Prioridade: 2 - Média);1CIA IND/2CIA/1PEL(PASSOS);ABTS00495;Não;Não;Não;BOLETIM DE OCORRENCIA;Classificada;15/05/2024 07:33;Não
2024-33575394-8;(BM) 2024-022080362-001;14/05/2024 17:39;RUA DOUTOR CARVALHO, Nº 1455 - NOSSA SENHORA DAS GRAÇAS - PASSOS;-207.352.269;-466.037.303;Q03019 - TREINAMENTO DE MERGULHO AUTONOMO (C) (Prioridade: 2 - Média);1CIA IND/2CIA/1PEL(PASSOS);BM1644855;Não;Não;Não;BOLETIM DE OCORRENCIA;Classificada;15/05/2024 07:34;Não
2024-33576392-8;(BM) 2024-022089651-001;14/05/2024 18:38;RUA CAMBUQUIRA, Nº 269 - MUARAMA - PASSOS;-207.296.325;-466.147.803;O04012 - INCENDIO EM LOTE VAGO (AREA URBANA) (C) (Prioridade: 2 - Média);1CIA IND/2CIA/1PEL(PASSOS);ABTS00495;Não;Não;Não;BOLETIM DE OCORRENCIA;Classificada;15/05/2024 07:34;Não
2024-33577153-2;(BM) 2024-022096970-001;14/05/2024 19:27;RUA JULIA BORSARI CARDOSO, Nº 170 - NOVA PASSOS II - PASSOS;-2.070.024;-466.313.709;P02001 - VISTORIA EM HIDRANTE (C) (Prioridade: 2 - Média);1CIA IND/2CIA/1PEL(PASSOS);ABTS00495;Não;Não;Não;BOLETIM DE OCORRENCIA;Classificada;15/05/2024 07:34;Não
2024-33577309-0;(BM) 2024-022098821-001;14/05/2024 19:38;AVENIDA PROFESSORA MARIA VALERIA LEMOS BORSARI, Nº S/N - NOVA PASSOS II - PASSOS;-206.991.285;-466.304.102;P02001 - VISTORIA EM HIDRANTE (C) (Prioridade: 2 - Média);1CIA IND/2CIA/1PEL(PASSOS);ABTS00495;Não;Não;Não;BOLETIM DE OCORRENCIA;Classificada;15/05/2024 07:34;Não
2024-33577556-9;(BM) 2024-022100913-001;14/05/2024 19:53;RUA PARA, Nº S/N - POLIVALENTE - PASSOS;-207.065.593;-466.081.424;P02001 - VISTORIA EM HIDRANTE (C) (Prioridade: 2 - Média);1CIA IND/2CIA/1PEL(PASSOS);ABTS00495;Não;Não;Não;BOLETIM DE OCORRENCIA;Classificada;15/05/2024 07:34;Não
2024-33580447-1;(BM) 2024-022132793-001;14/05/2024 23:10;ESTRADA JULIEIRA, Nº S/N - NOVA CALIFORNIA - PASSOS;-207.018.793;-466.242.379;O02039 - INCENDIO EM TRONCO DE ARVORE (C) (Prioridade: 2 - Média);1CIA IND/2CIA/1PEL(PASSOS);ABTS00495;Não;Não;Não;BOLETIM DE OCORRENCIA;Classificada;15/05/2024 07:34;Não
2024-33582073-4;(BM) 2024-022147447-001;15/05/2024 02:46;RUA DOM INACIO DALMONT, Nº 585 - CARMELO - PASSOS;-207.174.334;-466.029.565;V01008 - VITIMA COM DOR ABDOMINAL (ABDOME AGUDO) (C) (Prioridade: 1 - Alta);1CIA IND/2CIA/1PEL(PASSOS);UR04360;Não;Não;Não;BOLETIM DE OCORRENCIA;Classificada;15/05/2024 07:34;Não
2024-33582922-4;(BM) 2024-022154884-001;15/05/2024 07:19;RUA CORONEL JOAO DE BARROS, Nº 378 - CENTRO - PASSOS;-20.720.524;-466.111.932;Q02008 - PALESTRA DE COMBATE A INCENDIO (C) (Prioridade: 2 - Média);1CIA IND/2CIA/1PEL(PASSOS);BM1551159;Não;Não;Não;BOLETIM DE OCORRENCIA;Classificada;16/05/2024 05:59;Não
2024-33582952-5;(BM) 2024-022157154-002;15/05/2024 07:24;RUA LUIZ MOURA DA SILVA, Nº 40 - COHAB 3 - PASSOS;-207.032.924;-466.256.734;P02011 - VISTORIA EM ENXAME DE INSETOS (C) (Prioridade: 2 - Média);1CIA IND/2CIA/1PEL(PASSOS);ASL00064;Não;Não;Não;BOLETIM DE OCORRENCIA;Classificada;16/05/2024 05:59;Não
2024-33583790-0;(BM) 2024-022165778-001;15/05/2024 08:59;RUA DOUTOR CARVALHO, Nº 1455 - NOSSA SENHORA DAS GRAÇAS - PASSOS;-207.352.269;-466.037.303;Q05002 - PROJETO DE DIVULGACAO DA NATACAO (C) (Prioridade: 1 - Alta);1CIA IND/2CIA/1PEL(PASSOS);BM1728724;Não;Não;Não;BOLETIM DE OCORRENCIA;Classificada;16/05/2024 06:03;Não
2024-33583902-2;(BM) 2024-022165802-001;15/05/2024 09:08;RUA FORMIGA, Nº 106 - MARIO MAGALHAES - PASSOS;-207.251.739;-466.133.172;V01006 - VITIMA COM DIFICULDADE DE LOCOMOCAO (C) (Prioridade: 1 - Alta);1CIA IND/2CIA/1PEL(PASSOS);UR04360;Não;Não;Não;BOLETIM DE OCORRENCIA;Classificada;16/05/2024 06:01;Não
2024-33584193-7;(BM) 2024-022168546-001;15/05/2024 09:35;RUA RODRIGUES DE AMORIM, Nº 579 - ITAU DE MINAS;-207.419.075;-467.538.119;P01001 - VISTORIA DE FISCALIZACAO (C) (Prioridade: 2 - Média);1CIA IND/2CIA/1PEL(PASSOS);TPO00155;Não;Não;Não;BOLETIM DE OCORRENCIA;Classificada;16/05/2024 06:01;Não
2024-33584629-0;(BM) 2024-022237620-001;15/05/2024 10:15;RUA LOULOU, Nº 408 - BELO HORIZONTE - PASSOS;-207.263.016;-466.029.601;V03018 - VITIMA DE QUEDA DA PROPRIA ALTURA (C) (Prioridade: 1 - Alta);1CIA IND/2CIA/1PEL(PASSOS);UR04360;Não;Não;Não;BOLETIM DE OCORRENCIA;Classificada;16/05/2024 06:02;Não
2024-33585170-7;(BM) 2024-022181470-001;15/05/2024 10:57;RUA FLORIANO MENDES DOS SANTOS, Nº 620 - JARDIM FLORENCA - PASSOS;-206.911.409;-466.146.368;O04012 - INCENDIO EM LOTE VAGO (AREA URBANA) (C) (Prioridade: 2 - Média);1CIA IND/2CIA/1PEL(PASSOS);ABTS00495;Não;Não;Não;BOLETIM DE OCORRENCIA;Classificada;16/05/2024 06:02;Não
2024-33585185-4;(BM) 2024-022181952-001;15/05/2024 10:59;RUA DOUTOR SATURNINO, Nº 63 - PASSOS;-207.275.207;-465.991.865;X03000 - EMPENHO ADMINISTRATIVO (C) (Prioridade: 2 - Média);1CIA IND/2CIA/1PEL(PASSOS);ASL00064;Não;Não;Não;BOLETIM DE OCORRENCIA;Classificada;16/05/2024 06:03;Não
2024-33585994-1;(BM) 2024-022237751-001;15/05/2024 12:08;RUA CARAMBOLA, Nº 64 - NOSSA SENHORA DE LOURDES - PASSOS;-207.000.923;-466.189.625;V01007 - VITIMA COM DISPNEIA (FALTA DE AR) (C) (Prioridade: 1 - Alta);1CIA IND/2CIA/1PEL(PASSOS);UR04360;Não;Não;Não;BOLETIM DE OCORRENCIA;Classificada;16/05/2024 06:07;Não
2024-33587296-6;(BM) 2024-022206055-001;15/05/2024 14:05;RUA DOUTOR CARVALHO, Nº 1455 - NOSSA SENHORA DAS GRAÇAS - PASSOS;-207.352.269;-466.037.303;Q05002 - PROJETO DE DIVULGACAO DA NATACAO (C) (Prioridade: 1 - Alta);1CIA IND/2CIA/1PEL(PASSOS);BM1637305;Não;Não;Não;BOLETIM DE OCORRENCIA;Classificada;16/05/2024 06:06;Não
2024-33589163-3;(BM) 2024-022230082-001;15/05/2024 15:49;RUA DOUTOR CARVALHO, Nº 1455 - NOSSA SENHORA DAS GRAÇAS - PASSOS;-207.352.269;-466.037.303;Q03005 - TREINAMENTO DE SALVAMENTO TERRESTRE (C) (Prioridade: 2 - Média);1CIA IND/2CIA/1PEL(PASSOS);BM1728724;Não;Não;Não;BOLETIM DE OCORRENCIA;Classificada;16/05/2024 06:03;Não
2024-33589544-7;(BM) 2024-022234968-001;15/05/2024 16:11;AVENIDA OTTO KRAKAUER, Nº S/N - SANTA CASA - PASSOS;-207.116.545;-466.111.371;P02001 - VISTORIA EM HIDRANTE (C) (Prioridade: 2 - Média);1CIA IND/2CIA/1PEL(PASSOS);ASL00064;Não;Não;Não;BOLETIM DE OCORRENCIA;Classificada;16/05/2024 06:04;Não
2024-33589740-5;(BM) 2024-022237316-001;15/05/2024 16:22;RUA JOSE PEREIRA LEMOS, Nº S/N - NOVA PASSOS - PASSOS;-207.042.756;-466.318.838;P02003 - VISTORIA EM LOTE VAGO (C) (Prioridade: 2 - Média);1CIA IND/2CIA/1PEL(PASSOS);ASL00064;Não;Não;Não;BOLETIM DE OCORRENCIA;Classificada;16/05/2024 06:04;Não
2024-33589873-9;(BM) 2024-022241998-001;15/05/2024 16:31;AVENIDA JUPITER, Nº 1060 - COHAB 3 - PASSOS;-20.706.002;-466.231.863;V01018 - VITIMA DE MAL NAO DEFINIDO (DISTURBIO) (C) (Prioridade: 1 - Alta);1CIA IND/2CIA/1PEL(PASSOS);UR04360;Não;Não;Não;BOLETIM DE OCORRENCIA;Classificada;16/05/2024 06:04;Não
2024-33590020-3;(BM) 2024-022254326-001;15/05/2024 16:39;AVENIDA JUCA STOCKLER, Nº 2878 - SAO JOAQUIM - PASSOS;-207.484.274;-465.987.186;X03000 - EMPENHO ADMINISTRATIVO (C) (Prioridade: 2 - Média);1CIA IND/2CIA/1PEL(PASSOS);ASL00064;Não;Não;Não;BOLETIM DE OCORRENCIA;Classificada;16/05/2024 06:04;Não
2024-33593927-0;(BM) 2024-022286832-001;15/05/2024 20:49;AVENIDA NACOES, Nº S/N - VILA RICA - PASSOS;-207.276.808;-46.600.861;P03009 - PREVENCAO EM PONTO-BASE / FERIADOS PROLONGADOS (C) (Prioridade: 2 - Média);1CIA IND/2CIA/1PEL(PASSOS);ASL00064;Não;Não;Não;BOLETIM DE OCORRENCIA;Classificada;16/05/2024 06:05;Não
2024-33597060-6;(BM) 2024-022324094-001;16/05/2024 00:33;RUA BELA VISTA, Nº 134 - SAO FRANCISCO - PASSOS;-207.259.112;-466.186.361;V01013 - VITIMA DE EMERGENCIAS PSIQUIATRICAS (C) (Prioridade: 1 - Alta);1CIA IND/2CIA/1PEL(PASSOS);UR04360;Não;Não;Não;BOLETIM DE OCORRENCIA;Classificada;16/05/2024 06:11;Não
2024-33597070-0;(BM) 2024-022313079-001;16/05/2024 00:34;RUA ORLANDO ADAO CARNEIRO, Nº 610 - RECANTO DA TEKA - PASSOS;-207.456.223;-465.979.116;W10000 - DISPENSADA POR DUPLICIDADE DE EMPENHO COM OUTROS ORGAOS (C) (Prioridade: 1 - Alta);1CIA IND/2CIA/1PEL(PASSOS);UR04360;Não;Não;Não;BOLETIM DE OCORRENCIA;Classificada;16/05/2024 06:05;Não
2024-33598297-0;;16/05/2024 05:51;RUA DOUTOR CARVALHO, Nº 1455 - NOSSA SENHORA DAS GRAÇAS - PASSOS;-207.352.269;-466.037.303;X03000 - EMPENHO ADMINISTRATIVO (C) (Prioridade: 2 - Média);1CIA IND/2CIA/1PEL(PASSOS);;Não;Não;Não;DUPLICADA;Classificada;16/05/2024 06:01;Não
2024-33598945-9;(BM) 2024-022329920-001;16/05/2024 07:49;RUA PRESIDENTE ANTONIO CARLOS, Nº 226 - CENTRO - PASSOS;-207.187.927;-466.094.605;V01018 - VITIMA DE MAL NAO DEFINIDO (DISTURBIO) (C) (Prioridade: 1 - Alta);1CIA IND/2CIA/1PEL(PASSOS);UR04360;Não;Não;Não;BOLETIM DE OCORRENCIA;Classificada;17/05/2024 08:03;Não
2024-33599367-0;(BM) 2024-022333264-001;16/05/2024 08:31;RUA DELFIM MOREIRA, Nº 62 - CENTRO - CARMO DO RIO CLARO;-20.970.165;-461.214.645;X03000 - EMPENHO ADMINISTRATIVO (C) (Prioridade: 2 - Média);1CIA IND/2CIA/1PEL(PASSOS);ASL00064;Não;Não;Não;BOLETIM DE OCORRENCIA;Classificada;17/05/2024 07:39;Não
2024-33599677-7;(BM) 2024-022341063-001;16/05/2024 09:00;RUA DOUTOR CARVALHO, Nº 1455 - NOSSA SENHORA DAS GRAÇAS - PASSOS;-207.352.269;-466.037.303;Q05002 - PROJETO DE DIVULGACAO DA NATACAO (C) (Prioridade: 1 - Alta);1CIA IND/2CIA/1PEL(PASSOS);BM1797554;Não;Não;Não;BOLETIM DE OCORRENCIA;Classificada;17/05/2024 08:03;Não
2024-33599927-2;(BM) 2024-022340570-001;16/05/2024 09:23;RUA GONCALVES DIAS, Nº 505 - SAO BENEDITO - PASSOS;-207.187.768;-466.045.559;V01007 - VITIMA COM DISPNEIA (FALTA DE AR) (C) (Prioridade: 1 - Alta);1CIA IND/2CIA/1PEL(PASSOS);UR04360;Não;Não;Não;BOLETIM DE OCORRENCIA;Classificada;17/05/2024 08:03;Não
2024-33600378-7;(BM) 2024-022346103-001;16/05/2024 10:04;RUA SENZALA, Nº 951 - CASARAO - PASSOS;-207.204.582;-465.844.799;V03025 - VITIMA COM FERIMENTO DE CORTE/CONTUSAO (C) (Prioridade: 1 - Alta);1CIA IND/2CIA/1PEL(PASSOS);UR04360;Não;Não;Não;BOLETIM DE OCORRENCIA;Classificada;17/05/2024 08:03;Não
2024-33601081-3;(BM) 2024-022354090-001;16/05/2024 11:01;RUA DOUTOR CARVALHO, Nº 1455 - NOSSA SENHORA DAS GRAÇAS - PASSOS;-207.352.269;-466.037.303;Q03005 - TREINAMENTO DE SALVAMENTO TERRESTRE (C) (Prioridade: 2 - Média);1CIA IND/2CIA/1PEL(PASSOS);BM1787076;Não;Não;Não;BOLETIM DE OCORRENCIA;Classificada;17/05/2024 07:39;Não
2024-33601899-5;(BM) 2024-022364397-001;16/05/2024 12:24;RUA PECUARIA, Nº 52 - PASSOS;-207.297.055;-466.121.669;S06002 - CAPTURA DE ANIMAL SILVESTRE PERIGOSO / AGRESSIVO (C) (Prioridade: 2 - Média);1CIA IND/2CIA/1PEL(PASSOS);ASL00064;Não;Não;Não;BOLETIM DE OCORRENCIA;Classificada;17/05/2024 07:40;Não
2024-33602270-1;(BM) 2024-022370128-001;16/05/2024 13:05;AVENIDA LIBERDADE, Nº S/N - UNIVERSITARIO - ITAU DE MINAS;-207.435.483;-467.562.108;P01001 - VISTORIA DE FISCALIZACAO (C) (Prioridade: 2 - Média);1CIA IND/2CIA/1PEL(PASSOS);ASL00064;Não;Não;Não;BOLETIM DE OCORRENCIA;Classificada;17/05/2024 08:03;Não
2024-33602914-2;(BM) 2024-022400258-001;16/05/2024 13:57;RUA DOUTOR CARVALHO, Nº 1455 - NOSSA SENHORA DAS GRAÇAS - PASSOS;-207.352.269;-466.037.303;Q05002 - PROJETO DE DIVULGACAO DA NATACAO (C) (Prioridade: 1 - Alta);1CIA IND/2CIA/1PEL(PASSOS);BM1797331;Não;Não;Não;BOLETIM DE OCORRENCIA;Classificada;17/05/2024 08:03;Não
2024-33603185-0;(BM) 2024-022378899-001;16/05/2024 14:14;RUA FRANCISCO TOZZI FUNCHAL, Nº 225 - PENHA 2 - PASSOS;-207.129.469;-466.286.212;V01999 - OUTROS TIPOS DE APH CLINICO (C) (Prioridade: 1 - Alta);1CIA IND/2CIA/1PEL(PASSOS);UR04360;Não;Não;Não;BOLETIM DE OCORRENCIA;Classificada;17/05/2024 08:03;Não
2024-33604860-6;(BM) 2024-022397958-001;16/05/2024 15:51;RUA MOGIANA, Nº S/N - PARQUE DA ESTACAO - PASSOS;-207.075.521;-466.105.246;P01003 - VISTORIA EM EVENTOS TEMPORARIOS (C) (Prioridade: 1 - Alta);1CIA IND/2CIA/PEL PREV E VIST(PASSOS);APF01362;Não;Não;Não;BOLETIM DE OCORRENCIA;Classificada;17/05/2024 08:03;Não
2024-33605250-0;(BM) 2024-022417753-001;16/05/2024 16:13;RUA SAO FRANCISCO DE ASSIS, Nº 146 - PASSOS;-207.249.284;-466.186.106;V03021 - VITIMA DE SUICIDIO (TENTATIVA) - APH TRAUMA (C) (Prioridade: 1 - Alta);1CIA IND/2CIA/1PEL(PASSOS);UR04360;Não;Não;Não;BOLETIM DE OCORRENCIA;Classificada;17/05/2024 08:02;Não
2024-33605887-8;(BM) 2024-022411496-001;16/05/2024 16:50;RUA CAPELA, Nº S/N - PENHA - PASSOS;-207.199.353;-466.205.753;S06002 - CAPTURA DE ANIMAL SILVESTRE PERIGOSO / AGRESSIVO (C) (Prioridade: 2 - Média);1CIA IND/2CIA/1PEL(PASSOS);ASL00064;Não;Não;Não;BOLETIM DE OCORRENCIA;Classificada;17/05/2024 07:43;Não
2024-33607019-2;(BM) 2024-022432946-001;16/05/2024 17:58;RUA TERRA NOVA / RUA HALIFAX - PASSOS;;;O04011 - INCENDIO EM AREA URBANA NAO PROTEGIDA (C) (Prioridade: 2 - Média);1CIA IND/2CIA/1PEL(PASSOS);ABTS00495;Não;Não;Não;BOLETIM DE OCORRENCIA;Classificada;17/05/2024 07:43;Não
2024-33610025-3;(BM) 2024-022459440-001;16/05/2024 21:16;RUA EVARISTO ALCANTARA LEMOS, Nº 423 - PASSOS;-207.353.327;-466.101.079;V01006 - VITIMA COM DIFICULDADE DE LOCOMOCAO (C) (Prioridade: 1 - Alta);1CIA IND/2CIA/1PEL(PASSOS);UR04360;Não;Não;Não;BOLETIM DE OCORRENCIA;Classificada;17/05/2024 07:49;Não
2024-33613223-3;;17/05/2024 01:36;RUA RIO DOCE, Nº 480 - SANTA LUZIA - PASSOS;-207.077.627;-466.017.956;O02001 - INCENDIO EM RESIDENCIA/HABITACAO UNIFAMILIAR (CASA) (C) (Prioridade: 1 - Alta);1CIA IND/2CIA/1PEL(PASSOS);ABTS00495;Não;Não;Não;DISPENSADA PELO SOLICITANTE;Classificada;17/05/2024 07:18;Não
2024-33615054-9;(BM) 2024-022502435-001;17/05/2024 08:25;RUA DOUTOR PEDRO TITO PEREIRA, Nº S/N - CENTRO - CARMO DO RIO CLARO;-209.693.898;-461.216.754;P01003 - VISTORIA EM EVENTOS TEMPORARIOS (C) (Prioridade: 1 - Alta);1CIA IND/2CIA/1PEL(PASSOS);ASL00064;Não;Não;Não;BOLETIM DE OCORRENCIA;Classificada;17/05/2024 14:20;Não
2024-33615217-1;(BM) 2024-022507529-001;17/05/2024 08:41;RUA MONFORT, Nº 10 - RECANTO DEL REI - PASSOS;-20.730.188;-465.999.856;Q02007 - PALESTRA DE PREVENCAO E COMBATE A INCENDIO E PANICO (PCIP) (C) (Prioridade: 2 - Média);1CIA IND/2CIA/1PEL(PASSOS);ABTS00495;Não;Não;Não;BOLETIM DE OCORRENCIA;Classificada;17/05/2024 13:45;Não
2024-33622080-9;(BM) 2024-022551020-001;17/05/2024 13:36;PRACA GERALDO DA SILVA MAIA, Nº S/N - CENTRO - PASSOS;-207.208.941;-46.609.005;X03000 - EMPENHO ADMINISTRATIVO (C) (Prioridade: 2 - Média);1CIA IND/2CIA/PEL PREV E VIST(PASSOS);APF01362;Não;Não;Não;BOLETIM DE OCORRENCIA;Classificada;18/05/2024 20:15;Não
2024-33622154-3;(BM) 2024-022550026-001;17/05/2024 13:39;PRACA BARAO CAMBUI, Nº S/N - CENTRO - CASSIA;-205.832.488;-469.211.507;P01003 - VISTORIA EM EVENTOS TEMPORARIOS (C) (Prioridade: 1 - Alta);1CIA IND/2CIA/1PEL(PASSOS);ASL00064;Não;Não;Não;BOLETIM DE OCORRENCIA;Classificada;18/05/2024 20:24;Não
2024-33622180-3;(BM) 2024-022573074-001;17/05/2024 13:40;RUA DOUTOR SEPULVEDA, Nº S/N - SANTA CASA - PASSOS;-207.105.701;-466.129.292;Y40035 - APOIO DE SOLO EM OPERACOES AEREAS (C) (Prioridade: 2 - Média);1CIA IND/2CIA/1PEL(PASSOS);UR04360;Não;Não;Não;BOLETIM DE OCORRENCIA;Classificada;18/05/2024 20:36;Não
2024-33622953-7;(BM) 2024-022550070-001;17/05/2024 14:07;RUA VARGINHA, Nº 530 - COHAB 2 - PASSOS;-207.262.394;-466.332.723;V03013 - VITIMA DE ELETROCUSSAO (C) (Prioridade: 1 - Alta);1CIA IND/2CIA/1PEL(PASSOS);UR04360;Não;Não;Não;BOLETIM DE OCORRENCIA;Classificada;18/05/2024 20:25;Não
2024-33622976-2;(BM) 2024-022539866-001;17/05/2024 14:08;RUA MOINHO, Nº 25 - CASARAO - PASSOS;-207.209.642;-465.907.656;O04012 - INCENDIO EM LOTE VAGO (AREA URBANA) (C) (Prioridade: 2 - Média);1CIA IND/2CIA/1PEL(PASSOS);ABTS00495;Não;Não;Não;BOLETIM DE OCORRENCIA;Classificada;18/05/2024 20:15;Não
2024-33624537-3;(BM) 2024-022573165-001;17/05/2024 15:15;RUA WALDEMAR DE MELO HORTA, Nº 169 - JARDIM CIDADE - PASSOS;-207.330.052;-466.268.347;O04012 - INCENDIO EM LOTE VAGO (AREA URBANA) (C) (Prioridade: 2 - Média);1CIA IND/2CIA/1PEL(PASSOS);ABTS00495;Não;Não;Não;BOLETIM DE OCORRENCIA;Classificada;18/05/2024 20:16;Não
2024-33625059-9;(BM) 2024-022563250-001;17/05/2024 15:42;CHACARA dos peixotos, Nº S/N - PASSOS;;;P01001 - VISTORIA DE FISCALIZACAO (C) (Prioridade: 2 - Média);1CIA IND/2CIA/PEL PREV E VIST(PASSOS);APF01362;Não;Não;Não;BOLETIM DE OCORRENCIA;Classificada;18/05/2024 22:49;Não
2024-33626456-4;(BM) 2024-022582623-001;17/05/2024 17:03;RUA DAS CAMELIAS, Nº 500 - CONDOMINIO JARDIM DAS ACACIAS - PASSOS;-207.110.701;-466.544.224;V01018 - VITIMA DE MAL NAO DEFINIDO (DISTURBIO) (C) (Prioridade: 1 - Alta);1CIA IND/2CIA/1PEL(PASSOS);UR04360;Não;Não;Não;BOLETIM DE OCORRENCIA;Classificada;18/05/2024 20:25;Não
2024-33627466-3;(BM) 2024-022593560-001;17/05/2024 18:03;AVENIDA POCOS DE CALDAS, Nº 375 - COHAB 2 - PASSOS;-20.711.409;-466.260.321;V01007 - VITIMA COM DISPNEIA (FALTA DE AR) (C) (Prioridade: 1 - Alta);1CIA IND/2CIA/1PEL(PASSOS);UR04360;Não;Não;Não;BOLETIM DE OCORRENCIA;Classificada;18/05/2024 20:25;Não
2024-33628502-0;;17/05/2024 19:04;AVENIDA DONA LIQUINHA SILVEIRA, Nº 839 - COHAB 3 - PASSOS;-207.084.167;-466.237.961;W10000 - DISPENSADA POR DUPLICIDADE DE EMPENHO COM OUTROS ORGAOS (C) (Prioridade: 1 - Alta);1CIA IND/2CIA/1PEL(PASSOS);UR04360;Não;Não;Não;ATENDIDA PELO SAMU;Classificada;17/05/2024 19:13;Não
2024-33629777-4;(BM) 2024-022621635-001;17/05/2024 20:26;RUA SALINAS, Nº 412 - COHAB 2 - PASSOS;-207.118.046;-466.311.623;V01003 - VITIMA COM CRISE CONVULSIVA (C) (Prioridade: 1 - Alta);1CIA IND/2CIA/1PEL(PASSOS);UR04360;Não;Não;Não;BOLETIM DE OCORRENCIA;Classificada;18/05/2024 20:25;Não
2024-33636926-2;(BM) 2024-022687137-001;18/05/2024 09:00;PRACA GERALDO DA SILVA MAIA, Nº S/N - CENTRO - PASSOS;-207.208.941;-46.609.005;R01999 - OUTROS TIPOS DE ACOES DE APOIO A COMUNIDADE   (C) (Prioridade: 2 - Média);1CIA IND/2CIA/1PEL(PASSOS);ASL00064;Não;Não;Não;BOLETIM DE OCORRENCIA;Classificada;18/05/2024 20:16;Não
2024-33638392-0;(BM) 2024-022745750-001;18/05/2024 11:42;AVENIDA JUCA STOCKLER, Nº 2438 - SAO JOAQUIM - PASSOS;-207.447.285;-466.001.735;O04012 - INCENDIO EM LOTE VAGO (AREA URBANA) (C) (Prioridade: 2 - Média);1CIA IND/2CIA/1PEL(PASSOS);ABTS00495;Não;Não;Não;BOLETIM DE OCORRENCIA;Classificada;18/05/2024 20:18;Não
2024-33639181-0;(BM) 2024-022700770-001;18/05/2024 13:19;RUA DOUTOR CARVALHO, Nº 1455 - NOSSA SENHORA DAS GRAÇAS - PASSOS;-207.352.269;-466.037.303;Q03005 - TREINAMENTO DE SALVAMENTO TERRESTRE (C) (Prioridade: 2 - Média);1CIA IND/2CIA/1PEL(PASSOS);BM1551779;Não;Não;Não;BOLETIM DE OCORRENCIA;Classificada;18/05/2024 20:19;Não
2024-33639369-4;(BM) 2024-022701446-001;18/05/2024 13:40;AVENIDA ARLINDO FIGUEIREDO, Nº 610 - JARDIM PINHEIROS - PASSOS;-207.235.488;-466.191.201;V01004 - VITIMA COM CRISE DIABETICA / HIPOGLICEMIA (C) (Prioridade: 1 - Alta);1CIA IND/2CIA/1PEL(PASSOS);UR04360;Não;Não;Não;BOLETIM DE OCORRENCIA;Classificada;18/05/2024 20:27;Não
2024-33640695-5;(BM) 2024-022714997-001;18/05/2024 15:15;RUA OCTAVIANO CAETANO CINTRA / RUA SEBASTIAO PINHEIRO - JARDIM PINHEIROS - PASSOS;-207.215.377;-466.205.028;O04011 - INCENDIO EM AREA URBANA NAO PROTEGIDA (C) (Prioridade: 2 - Média);1CIA IND/2CIA/1PEL(PASSOS);ABTS00495;Não;Não;Não;BOLETIM DE OCORRENCIA;Classificada;18/05/2024 20:20;Não
2024-33640911-9;;18/05/2024 15:28;AVENIDA ALCOA, Nº S/N - JARDIM AEROPORTO - POCOS DE CALDAS;;;O04012 - INCENDIO EM LOTE VAGO (AREA URBANA) (C) (Prioridade: 2 - Média);1CIA IND (POCOS DE CALDAS);;Não;Não;Não;DUPLICADA;Classificada;18/05/2024 16:51;Não
2024-33641196-0;(BM) 2024-022730883-001;18/05/2024 15:51;AVENIDA JUCA STOCKLER, Nº 1549 - MONSENHOR MESSIAS - PASSOS;-207.373.823;-466.022.028;O04013 - INCENDIO EM PASTO (C) (Prioridade: 2 - Média);1CIA IND/2CIA/1PEL(PASSOS);ABTS00495;Não;Não;Não;BOLETIM DE OCORRENCIA;Classificada;18/05/2024 20:20;Não
2024-33643952-2;(BM) 2024-022740428-001;18/05/2024 18:53;RUA LEONARDO HENRY AGUIAR SILVA, Nº 530 - VILA RICA - PASSOS;;;O04004 - INCENDIO EM AREA DE REFLORESTAMENTO (C) (Prioridade: 2 - Média);1CIA IND/2CIA/1PEL(PASSOS);ABTS00495;Não;Não;Não;BOLETIM DE OCORRENCIA;Classificada;18/05/2024 21:33;Não
2024-33644321-7;(BM) 2024-022741240-001;18/05/2024 19:15;RUA FORMIGA, Nº S/N - MARIO MAGALHAES - PASSOS;-207.259.568;-466.127.797;P02001 - VISTORIA EM HIDRANTE (C) (Prioridade: 2 - Média);1CIA IND/2CIA/1PEL(PASSOS);ASL00064;Não;Não;Não;BOLETIM DE OCORRENCIA;Classificada;18/05/2024 20:24;Não
2024-33644974-0;(BM) 2024-022746845-001;18/05/2024 19:58;RUA JOSE MERCHIORATO, Nº S/N - SANTA CASA - PASSOS;-207.115.647;-466.110.439;P02001 - VISTORIA EM HIDRANTE (C) (Prioridade: 2 - Média);1CIA IND/2CIA/1PEL(PASSOS);ASL00064;Não;Não;Não;BOLETIM DE OCORRENCIA;Classificada;18/05/2024 20:24;Não
2024-33645287-6;(BM) 2024-022749510-001;18/05/2024 20:16;PRACA GERALDO DA SILVA MAIA, Nº 213 - CENTRO - PASSOS;-20.721.877;-466.088.457;P02001 - VISTORIA EM HIDRANTE (C) (Prioridade: 2 - Média);1CIA IND/2CIA/1PEL(PASSOS);ASL00064;Não;Não;Não;BOLETIM DE OCORRENCIA;Classificada;18/05/2024 20:42;Não
2024-33651062-0;(BM) 2024-022794320-001;19/05/2024 02:01;AVENIDA EXPEDICIONARIOS, Nº 65 - CENTRO - PASSOS;-207.212.726;-466.073.191;V01019 - VITIMA COM OBSTRUCAO DE VIAS AEREAS POR CORPOS ESTRANHOS (C) (Prioridade: 1 - Alta);1CIA IND/2CIA/1PEL(PASSOS);UR04360;Não;Não;Não;BOLETIM DE OCORRENCIA;Classificada;19/05/2024 07:58;Não
2024-33651086-9;;19/05/2024 02:02;AVENIDA EXPEDICIONARIOS, Nº 65 - CENTRO - PASSOS;-207.212.925;-466.072.275;W98011 - SOLICITACAO DE APOIO (C) (Prioridade: 1 - Alta);1CIA IND/2CIA/1PEL(PASSOS);;Não;Não;Não;DUPLICADA;Classificada;19/05/2024 02:22;Não
2024-33652464-0;(BM) 2024-022803558-001;19/05/2024 05:40;RUA NORIVAL SEVERIANO DA SILVA, Nº 225 - NOVA CALIFORNIA - PASSOS;-207.000.024;-46.620.674;S06001 - SALVAMENTO DE ANIMAL EM RISCO / PERIGO (C) (Prioridade: 2 - Média);1CIA IND/2CIA/1PEL(PASSOS);ASL00064;Não;Não;Não;BOLETIM DE OCORRENCIA;Classificada;19/05/2024 07:59;Não
2024-33653642-1;(BM) 2024-022812414-001;19/05/2024 09:29;AVENIDA JK, Nº S/N - MONSENHOR MESSIAS - PASSOS;-207.342.178;-465.979.772;P03009 - PREVENCAO EM PONTO-BASE / FERIADOS PROLONGADOS (C) (Prioridade: 2 - Média);1CIA IND/2CIA/1PEL(PASSOS);ASL00064;Não;Não;Não;BOLETIM DE OCORRENCIA;Classificada;19/05/2024 23:18;Não
2024-33654595-9;(BM) 2024-022827622-001;19/05/2024 11:29;RUA AMBROSINA LOPES, Nº S/N - JARDIM FLORENCA - PASSOS;-206.914.463;-466.133.251;O04011 - INCENDIO EM AREA URBANA NAO PROTEGIDA (C) (Prioridade: 2 - Média);1CIA IND/2CIA/1PEL(PASSOS);ABTS00495;Não;Não;Não;BOLETIM DE OCORRENCIA;Classificada;19/05/2024 23:19;Não
2024-33654829-8;(BM) 2024-022827700-001;19/05/2024 12:02;RUA OSVALDO BATISTA BONFIM, Nº S/N - SERRA VERDE - PASSOS;-207.418.881;-465.941.228;O04013 - INCENDIO EM PASTO (C) (Prioridade: 2 - Média);1CIA IND/2CIA/1PEL(PASSOS);ABTS00495;Não;Não;Não;BOLETIM DE OCORRENCIA;Classificada;19/05/2024 23:19;Não
2024-33655306-5;(BM) 2024-022827663-001;19/05/2024 13:03;AVENIDA JK, Nº 586 - SAO BENEDITO - PASSOS;-207.235.749;-465.997.334;S05308 - COLISAO ENTRE AUTOMOVEL X MOTOCICLETA (C) (Prioridade: 1 - Alta);1CIA IND/2CIA/1PEL(PASSOS);UR04360;Não;Não;Não;BOLETIM DE OCORRENCIA;Classificada;19/05/2024 23:35;Não
2024-33656045-9;(BM) 2024-022835710-001;19/05/2024 14:21;RUA MANUEL DA SILVEIRA MAIA, Nº 62 - PENHA 2 - PASSOS;-207.168.904;-466.322.966;V01999 - OUTROS TIPOS DE APH CLINICO (C) (Prioridade: 1 - Alta);1CIA IND/2CIA/1PEL(PASSOS);UR04360;Não;Não;Não;BOLETIM DE OCORRENCIA;Classificada;19/05/2024 23:35;Não
2024-33657757-5;(BM) 2024-022851374-001;19/05/2024 16:17;RUA AMBROSINA LOPES, Nº S/N - JARDIM FLORENCA - PASSOS;-206.914.463;-466.133.251;O04011 - INCENDIO EM AREA URBANA NAO PROTEGIDA (C) (Prioridade: 2 - Média);1CIA IND/2CIA/1PEL(PASSOS);ABTS00495;Não;Não;Não;BOLETIM DE OCORRENCIA;Classificada;19/05/2024 23:27;Não
2024-33658200-0;(BM) 2024-022854077-001;19/05/2024 16:46;RUA DOUTOR CARVALHO, Nº 1455 - NOSSA SENHORA DAS GRAÇAS - PASSOS;-207.352.269;-466.037.303;Q03001 - TREINAMENTO DE COMBATE A INCENDIO (C) (Prioridade: 2 - Média);1CIA IND/2CIA/1PEL(PASSOS);BM1636836;Não;Não;Não;BOLETIM DE OCORRENCIA;Classificada;19/05/2024 23:27;Não
2024-33658553-0;(BM) 2024-022857083-001;19/05/2024 17:09;RUA MARIA AGELUNE, Nº S/N - RESIDENCIAL VILLAGIO DI ITALIA - PASSOS;-20.731.239;-465.899.174;P02001 - VISTORIA EM HIDRANTE (C) (Prioridade: 2 - Média);1CIA IND/2CIA/1PEL(PASSOS);ASL00064;Não;Não;Não;BOLETIM DE OCORRENCIA;Classificada;19/05/2024 23:30;Não
2024-33659087-5;(BM) 2024-022885576-001;19/05/2024 17:42;RUA DEZOITO DE SETEMBRO, Nº 105 - JARDIM SATELITE - PASSOS;-207.152.607;-466.221.426;V01004 - VITIMA COM CRISE DIABETICA / HIPOGLICEMIA (C) (Prioridade: 1 - Alta);1CIA IND/2CIA/1PEL(PASSOS);UR04360;Não;Não;Não;BOLETIM DE OCORRENCIA;Classificada;19/05/2024 23:36;Não
2024-33659397-2;(BM) 2024-022864150-001;19/05/2024 17:59;RUA LEONARDO HENRY AGUIAR SILVA, Nº S/N - RESIDENCIAL VILLAGIO DI ITALIA - PASSOS;-207.332.558;-465.927.498;P02003 - VISTORIA EM LOTE VAGO (C) (Prioridade: 2 - Média);1CIA IND/2CIA/1PEL(PASSOS);ASL00064;Não;Não;Não;BOLETIM DE OCORRENCIA;Classificada;19/05/2024 23:31;Não
2024-33660562-4;(BM) 2024-022890068-001;19/05/2024 19:18;AVENIDA PALMARES, Nº S/N - VILA RICA - PASSOS;-207.251.667;-465.923.663;O04011 - INCENDIO EM AREA URBANA NAO PROTEGIDA (C) (Prioridade: 2 - Média);1CIA IND/2CIA/1PEL(PASSOS);ABTS00495;Não;Não;Não;BOLETIM DE OCORRENCIA;Classificada;19/05/2024 23:32;Não
2024-33660770-1;(BM) 2024-022890027-001;19/05/2024 19:32;AVENIDA EXPEDICIONARIOS, Nº 2360 - NOVO MUNDO 4 - PASSOS;-207.259.081;-465.865.353;V03018 - VITIMA DE QUEDA DA PROPRIA ALTURA (C) (Prioridade: 1 - Alta);1CIA IND/2CIA/1PEL(PASSOS);UR04360;Não;Não;Não;BOLETIM DE OCORRENCIA;Classificada;19/05/2024 23:36;Não
2024-33662712-6;(BM) 2024-022899513-001;19/05/2024 21:38;RUA TRES CORACOES, Nº 658 - CENTENARIO - PASSOS;-207.297.931;-466.110.328;P03002 - PERIGO DE ELETROCUSSAO (C) (Prioridade: 2 - Média);1CIA IND/2CIA/1PEL(PASSOS);ASL00064;Não;Não;Não;BOLETIM DE OCORRENCIA;Classificada;19/05/2024 23:34;Não
2024-33663602-3;(BM) 2024-022905068-001;19/05/2024 22:34;RUA JOSE MARIANO NEGRINHO, Nº 424 - COHAB 5 - PASSOS;-207.181.969;-466.373.767;W03000 - SOLICITANTE ENCONTRADO - PROVIDENCIA DISPENSADA (C) (Prioridade: 3 - Baixa);1CIA IND/2CIA/1PEL(PASSOS);UR04360;Não;Não;Não;BOLETIM DE OCORRENCIA;Classificada;19/05/2024 23:19;Não
2024-33664582-3;(BM) 2024-022911052-001;19/05/2024 23:37;AVENIDA MONTESE, Nº S/N - SERRA DAS BRISAS - PASSOS;-207.322.172;-465.987.907;O04012 - INCENDIO EM LOTE VAGO (AREA URBANA) (C) (Prioridade: 2 - Média);1CIA IND/2CIA/1PEL(PASSOS);ABTS00495;Não;Não;Não;BOLETIM DE OCORRENCIA;Classificada;20/05/2024 01:12;Não
2024-33667240-6;(BM) 2024-022947097-001;20/05/2024 08:02;RUA DOUTOR CARVALHO, Nº 920 - BELO HORIZONTE - PASSOS;-207.298.973;-466.058.365;V01020 - VITIMA COM PARADA CARDIORRESPIRATORIA (C) (Prioridade: 1 - Alta);1CIA IND/2CIA/1PEL(PASSOS);UR04360;Não;Não;Não;BOLETIM DE OCORRENCIA;Classificada;21/05/2024 07:40;Não
2024-33667844-4;(BM) 2024-022947028-001;20/05/2024 09:00;RUA DOUTOR CARVALHO, Nº 1455 - NOSSA SENHORA DAS GRAÇAS - PASSOS;-207.352.269;-466.037.303;Q05002 - PROJETO DE DIVULGACAO DA NATACAO (C) (Prioridade: 1 - Alta);1CIA IND/2CIA/1PEL(PASSOS);BM1797331;Não;Não;Não;BOLETIM DE OCORRENCIA;Classificada;21/05/2024 07:40;Não
2024-33668326-5;(BM) 2024-022946982-001;20/05/2024 09:45;RUA DOUTOR CARVALHO, Nº 1455 - NOSSA SENHORA DAS GRAÇAS - PASSOS;-207.352.269;-466.037.303;Q03001 - TREINAMENTO DE COMBATE A INCENDIO (C) (Prioridade: 2 - Média);1CIA IND/2CIA/1PEL(PASSOS);BM1640390;Não;Não;Não;BOLETIM DE OCORRENCIA;Classificada;21/05/2024 07:40;Não
2024-33668377-6;(BM) 2024-022946562-001;20/05/2024 09:48;AVENIDA PROJETADA, Nº S/N - RESIDENCIAL PORTAL DAS PALMEIRAS - PASSOS;-206.979.348;-466.101.586;P02001 - VISTORIA EM HIDRANTE (C) (Prioridade: 2 - Média);1CIA IND/2CIA/1PEL(PASSOS);ASL00064;Não;Não;Não;BOLETIM DE OCORRENCIA;Classificada;21/05/2024 07:40;Não
2024-33668807-3;(BM) 2024-022952560-001;20/05/2024 10:23;RUA RUA DAS BROMÉLIAS, Nº S/N - SAO JOAO BATISTA GLORIA;;;P01002 - VISTORIA DE LIBERACAO / EMISSAO DE AVCB (C) (Prioridade: 2 - Média);1CIA IND/2CIA/1PEL(PASSOS);TPO00155;Não;Não;Não;BOLETIM DE OCORRENCIA;Classificada;21/05/2024 07:40;Não
2024-33669021-3;(BM) 2024-022963560-001;20/05/2024 10:39;RODOVIA MG 050, Nº S/N - PASSOS;-207.372.242;-466.331.087;X03000 - EMPENHO ADMINISTRATIVO (C) (Prioridade: 2 - Média);1CIA IND/2CIA/1PEL(PASSOS);ASL00064;Não;Não;Não;BOLETIM DE OCORRENCIA;Classificada;21/05/2024 07:40;Não
2024-33669946-5;(BM) 2024-022968638-001;20/05/2024 12:02;RODOVIA MG 050, Nº S/N - PASSOS;-207.372.242;-466.331.087;S06002 - CAPTURA DE ANIMAL SILVESTRE PERIGOSO / AGRESSIVO (C) (Prioridade: 2 - Média);1CIA IND/2CIA/1PEL(PASSOS);ASL00064;Não;Não;Não;BOLETIM DE OCORRENCIA;Classificada;21/05/2024 07:40;Não
2024-33670514-8;(BM) 2024-023029117-001;20/05/2024 13:06;RUA TUFFI JORGE, Nº 55 - SANTA CRUZ - CLARAVAL;-204.084.286;-472.836.056;P01002 - VISTORIA DE LIBERACAO / EMISSAO DE AVCB (C) (Prioridade: 2 - Média);1CIA IND/2CIA/1PEL(PASSOS);ASL00064;Não;Não;Não;BOLETIM DE OCORRENCIA;Classificada;21/05/2024 07:40;Não
2024-33671133-0;(BM) 2024-022981470-001;20/05/2024 13:53;RUA DOUTOR CARVALHO, Nº 1455 - NOSSA SENHORA DAS GRAÇAS - PASSOS;-207.352.269;-466.037.303;Q05002 - PROJETO DE DIVULGACAO DA NATACAO (C) (Prioridade: 1 - Alta);1CIA IND/2CIA/1PEL(PASSOS);BM1797554;Não;Não;Não;BOLETIM DE OCORRENCIA;Classificada;21/05/2024 07:40;Não
2024-33671197-2;(BM) 2024-022982237-001;20/05/2024 13:57;RUA DOUTOR CARVALHO, Nº 1455 - NOSSA SENHORA DAS GRAÇAS - PASSOS;-207.352.269;-466.037.303;Q03017 - TREINAMENTO DE PRIMEIROS SOCORROS (C) (Prioridade: 2 - Média);1CIA IND/2CIA/PEL PREV E VIST(PASSOS);BM1636356;Não;Não;Não;BOLETIM DE OCORRENCIA;Classificada;21/05/2024 07:40;Não
2024-33672002-7;(BM) 2024-023003570-001;20/05/2024 14:39;RUA CARLOS GOMES, Nº 227 - CANDEIAS - PASSOS;-207.247.957;-46.616.564;V01018 - VITIMA DE MAL NAO DEFINIDO (DISTURBIO) (C) (Prioridade: 1 - Alta);1CIA IND/2CIA/1PEL(PASSOS);UR04360;Não;Não;Não;BOLETIM DE OCORRENCIA;Classificada;21/05/2024 07:40;Não
2024-33673310-4;(BM) 2024-023036281-001;20/05/2024 15:45;RODOVIA MG 344, Nº S/N - CASSIA;-206.059.151;-468.965.632;S05304 - COLISAO ENTRE CAMINHOES / CARRETAS (C) (Prioridade: 1 - Alta);1CIA IND/2CIA/1PEL(PASSOS);ABTS00495 / UR04360;Não;Não;Não;BOLETIM DE OCORRENCIA;Classificada;21/05/2024 07:39;Não
2024-33676423-7;(BM) 2024-023055877-001;20/05/2024 18:55;RUA CEARA, Nº 1455 - JARDIM COLEGIO DE PASSOS - PASSOS;-207.211.878;-46.594.405;V01007 - VITIMA COM DISPNEIA (FALTA DE AR) (C) (Prioridade: 1 - Alta);1CIA IND/2CIA/1PEL(PASSOS);UR04360;Não;Não;Não;BOLETIM DE OCORRENCIA;Classificada;21/05/2024 07:39;Não
2024-33681138-0;(BM) 2024-023095998-001;21/05/2024 00:35;RUA RIO PIRACICABA / RUA GOIAS - SANTA LUZIA - PASSOS;-20.709.831;-466.021.499;V01008 - VITIMA COM DOR ABDOMINAL (ABDOME AGUDO) (C) (Prioridade: 1 - Alta);1CIA IND/2CIA/1PEL(PASSOS);UR04360;Não;Não;Não;BOLETIM DE OCORRENCIA;Classificada;21/05/2024 07:39;Não
2024-33683532-2;(BM) 2024-023117513-001;21/05/2024 08:58;CHACARA LINHA DO BANANAL KM 10, Nº S/N - PASSOS;;;S06002 - CAPTURA DE ANIMAL SILVESTRE PERIGOSO / AGRESSIVO (C) (Prioridade: 2 - Média);1CIA IND/2CIA/1PEL(PASSOS);ASL00064;Não;Não;Não;BOLETIM DE OCORRENCIA;Classificada;22/05/2024 07:35;Não
2024-33683799-2;(BM) 2024-023185945-001;21/05/2024 09:27;RUA DOUTOR CARVALHO, Nº 1455 - NOSSA SENHORA DAS GRAÇAS - PASSOS;-207.352.269;-466.037.303;Q05002 - PROJETO DE DIVULGACAO DA NATACAO (C) (Prioridade: 1 - Alta);1CIA IND/2CIA/1PEL(PASSOS);BM1791219;Não;Não;Não;BOLETIM DE OCORRENCIA;Classificada;22/05/2024 07:34;Não
2024-33683891-5;(BM) 2024-023142019-001;21/05/2024 09:35;RUA MONSENHOR JOSE MARIA MATHIAS DA SILVA, Nº 197 - JARDIM CIDADE - PASSOS;-207.326.455;-466.282.332;P03001 - PERIGO DE DERRAPAGEM (C) (Prioridade: 2 - Média);1CIA IND/2CIA/1PEL(PASSOS);ABTS00495;Não;Não;Não;BOLETIM DE OCORRENCIA;Classificada;22/05/2024 07:35;Não
2024-33684669-2;(BM) 2024-023141421-001;21/05/2024 10:48;RODOVIA MG 050, Km 356 - VILA ROMANA - PASSOS;-207.387.797;-4.661.397;P02011 - VISTORIA EM ENXAME DE INSETOS (C) (Prioridade: 2 - Média);1CIA IND/2CIA/1PEL(PASSOS);ASL00064;Não;Não;Não;BOLETIM DE OCORRENCIA;Classificada;22/05/2024 07:35;Não
2024-33685047-8;(BM) 2024-023139240-001;21/05/2024 11:16;AVENIDA DOUTOR BRENO SOARES MAIA, Nº 519 - NOVO HORIZONTE - PASSOS;-207.308.586;-466.034.241;V02402 - VITIMA DE COLISAO ENTRE MOTOCICLETAS (C) (Prioridade: 1 - Alta);1CIA IND/2CIA/1PEL(PASSOS);UR04360;Não;Não;Não;BOLETIM DE OCORRENCIA;Classificada;22/05/2024 07:34;Não
2024-33685537-7;(BM) 2024-023149101-001;21/05/2024 12:07;RUA TERRACE, Nº 87 - JARDIM CANADA II - PASSOS;-207.514.557;-466.091.943;O04012 - INCENDIO EM LOTE VAGO (AREA URBANA) (C) (Prioridade: 2 - Média);1CIA IND/2CIA/1PEL(PASSOS);ABTS00495;Não;Não;Não;BOLETIM DE OCORRENCIA;Classificada;22/05/2024 07:35;Não
2024-33686346-4;(BM) 2024-023152302-001;21/05/2024 13:24;RUA DOUTOR JOSE MENDES, Nº 166 - EXPOSICAO - PASSOS;-207.328.064;-466.088.328;P01001 - VISTORIA DE FISCALIZACAO (C) (Prioridade: 2 - Média);1CIA IND/2CIA/1PEL(PASSOS);TPO00155;Não;Não;Não;BOLETIM DE OCORRENCIA;Classificada;22/05/2024 07:35;Não
2024-33686626-0;(BM) 2024-023155425-001;21/05/2024 13:44;RUA SAFIRA, Nº 281 - ACLIMACAO - PASSOS;-207.510.278;-465.979.515;P01001 - VISTORIA DE FISCALIZACAO (C) (Prioridade: 2 - Média);1CIA IND/2CIA/1PEL(PASSOS);TPO00155;Não;Não;Não;BOLETIM DE OCORRENCIA;Classificada;22/05/2024 07:35;Não
2024-33686711-8;(BM) 2024-023158102-001;21/05/2024 13:48;AVENIDA PALMARES, Nº 979 - PASSOS;-207.086.053;-465.961.685;V02408 - VITIMA DE COLISAO ENTRE AUTOMOVEL X MOTOCICLETA (C) (Prioridade: 1 - Alta);1CIA IND/2CIA/1PEL(PASSOS);UR04360;Não;Não;Não;BOLETIM DE OCORRENCIA;Classificada;22/05/2024 07:34;Não
2024-33686705-5;(BM) 2024-023158130-001;21/05/2024 13:49;RUA SALDANHA DA GAMA, Nº 210 - SANTA CASA - PASSOS;-207.120.761;-466.144.483;O04011 - INCENDIO EM AREA URBANA NAO PROTEGIDA (C) (Prioridade: 2 - Média);1CIA IND/2CIA/1PEL(PASSOS);ABTS00495;Não;Não;Não;BOLETIM DE OCORRENCIA;Classificada;22/05/2024 07:35;Não
2024-33688609-2;(BM) 2024-023239024-001;21/05/2024 15:31;RODOVIA MG 050, Km 321 - SAO JOAO BATISTA GLORIA;-206.576.378;-463.281.058;V01018 - VITIMA DE MAL NAO DEFINIDO (DISTURBIO) (C) (Prioridade: 1 - Alta);1CIA IND/2CIA/1PEL(PASSOS);UR04360;Não;Não;Não;BOLETIM DE OCORRENCIA;Classificada;22/05/2024 07:34;Não
2024-33691082-3;(BM) 2024-023217563-001;21/05/2024 17:53;AVENIDA COMENDADOR FRANCISCO A MAIA, Nº 2638 - MARIO MAGALHAES - PASSOS;-207.222.315;-466.129.433;V02502 - VITIMA DE QUEDA (MOTOCICLISTA) (C) (Prioridade: 1 - Alta);1CIA IND/2CIA/1PEL(PASSOS);UR04360;Não;Não;Não;BOLETIM DE OCORRENCIA;Classificada;22/05/2024 07:34;Não
2024-33691943-2;(BM) 2024-023223520-001;21/05/2024 18:48;RUA TRES DE MAIO, Nº S/N - BELO HORIZONTE - PASSOS;-2.072.412;-466.034.476;W04000 - NADA CONSTATADO (C) (Prioridade: 3 - Baixa);1CIA IND/2CIA/1PEL(PASSOS);UR04360;Não;Não;Não;BOLETIM DE OCORRENCIA;Classificada;22/05/2024 07:35;Não
2024-33691950-8;;21/05/2024 18:48;AVENIDA JUCA STOCKLER, Nº 1549 - MONSENHOR MESSIAS - PASSOS;-207.373.823;-466.022.028;W05000 - DUPLICATA (C) (Prioridade: 3 - Baixa);1CIA IND/2CIA/1PEL(PASSOS);UR04360;Não;Não;Não;ATENDIDA PELO SAMU;Classificada;21/05/2024 19:23;Não
2024-33692255-5;(BM) 2024-023226094-001;21/05/2024 19:08;RUA JOAO TEIXEIRA MENDES, Nº S/N - FLAMBOYANT - PASSOS;-207.548.252;-466.033.392;O04011 - INCENDIO EM AREA URBANA NAO PROTEGIDA (C) (Prioridade: 2 - Média);1CIA IND/2CIA/1PEL(PASSOS);ABTS00495;Não;Não;Não;BOLETIM DE OCORRENCIA;Classificada;22/05/2024 07:35;Não
2024-33693418-3;(BM) 2024-023233999-001;21/05/2024 20:24;RUA TRES DE MAIO, Nº 485 - SAO BENEDITO - PASSOS;-207.241.273;-466.027.845;V03018 - VITIMA DE QUEDA DA PROPRIA ALTURA (C) (Prioridade: 1 - Alta);1CIA IND/2CIA/1PEL(PASSOS);UR04360;Não;Não;Não;BOLETIM DE OCORRENCIA;Classificada;22/05/2024 07:34;Não
2024-33693817-9;(BM) 2024-023238910-001;21/05/2024 20:53;RUA DOM INACIO DALMONT, Nº 89 - CARMELO - PASSOS;-207.146.715;-466.062.728;V01006 - VITIMA COM DIFICULDADE DE LOCOMOCAO (C) (Prioridade: 1 - Alta);1CIA IND/2CIA/1PEL(PASSOS);UR04360;Não;Não;Não;BOLETIM DE OCORRENCIA;Classificada;22/05/2024 07:34;Não
2024-33693844-1;(BM) 2024-023238948-001;21/05/2024 20:54;RUA CORONEL JOAO DE BARROS, Nº 196 - CENTRO - PASSOS;-207.187.203;-466.115.837;O04011 - INCENDIO EM AREA URBANA NAO PROTEGIDA (C) (Prioridade: 2 - Média);1CIA IND/2CIA/1PEL(PASSOS);ABTS00495;Não;Não;Não;BOLETIM DE OCORRENCIA;Classificada;22/05/2024 07:34;Não
2024-33694545-6;(BM) 2024-023253240-001;21/05/2024 21:45;RUA CAETES, Nº S/N - NOSSA SENHORA APARECIDA - PASSOS;-20.743.907;-466.081.916;O04011 - INCENDIO EM AREA URBANA NAO PROTEGIDA (C) (Prioridade: 2 - Média);1CIA IND/2CIA/1PEL(PASSOS);ABTS00495;Não;Não;Não;BOLETIM DE OCORRENCIA;Classificada;22/05/2024 07:34;Não
2024-33694630-3;(BM) 2024-023245940-001;21/05/2024 21:50;AVENIDA POCOS DE CALDAS, Nº 657 - COHAB 3 - PASSOS;-207.087.779;-466.258.491;O02001 - INCENDIO EM RESIDENCIA/HABITACAO UNIFAMILIAR (CASA) (C) (Prioridade: 1 - Alta);1CIA IND/2CIA/1PEL(PASSOS);ABTS00495;Não;Não;Não;BOLETIM DE OCORRENCIA;Classificada;22/05/2024 07:34;Não
2024-33696775-7;(BM) 2024-023270473-001;22/05/2024 00:38;RUA GUANABARA, Nº 1330 - SANTA LUZIA - PASSOS;-207.060.446;-465.994.303;W10000 - DISPENSADA POR DUPLICIDADE DE EMPENHO COM OUTROS ORGAOS (C) (Prioridade: 1 - Alta);1CIA IND/2CIA/1PEL(PASSOS);UR04360;Não;Não;Não;BOLETIM DE OCORRENCIA;Classificada;22/05/2024 07:34;Não
2024-33697851-9;;22/05/2024 05:13;RUA CONGONHAS, Nº 50 - PENHA - PASSOS;-207.170.627;-466.268.729;V01008 - VITIMA COM DOR ABDOMINAL (ABDOME AGUDO) (C) (Prioridade: 1 - Alta);1CIA IND/2CIA/1PEL(PASSOS);UR04360;Não;Não;Não;ATENDIDA PELO SAMU;Classificada;22/05/2024 07:34;Não
2024-33698497-7;(BM) 2024-023283720-001;22/05/2024 07:39;RUA DOM INACIO DALMONT, Nº 89 - CARMELO - PASSOS;-207.146.715;-466.062.728;V01006 - VITIMA COM DIFICULDADE DE LOCOMOCAO (C) (Prioridade: 1 - Alta);1CIA IND/2CIA/1PEL(PASSOS);UR04360;Não;Não;Não;BOLETIM DE OCORRENCIA;Classificada;23/05/2024 10:27;Não
2024-33699457-8;(BM) 2024-023293004-001;22/05/2024 09:18;LUGAREJO CORREGO DO FEIJAO, Nº S/N - BRUMADINHO;;;X03000 - EMPENHO ADMINISTRATIVO (C) (Prioridade: 2 - Média);1CIA IND/2CIA/1PEL(PASSOS);BM1728724 / BM1730183;Não;Não;Não;BOLETIM DE OCORRENCIA;Classificada;30/05/2024 01:45;Não
2024-33699611-6;(BM) 2024-023294914-001;22/05/2024 09:31;AVENIDA PROJETADA, Nº S/N - JARDIM FLORENCA - PASSOS;-206.924.763;-466.115.051;P02001 - VISTORIA EM HIDRANTE (C) (Prioridade: 2 - Média);1CIA IND/2CIA/1PEL(PASSOS);ASL00064;Não;Não;Não;BOLETIM DE OCORRENCIA;Classificada;23/05/2024 08:27;Não
2024-33699782-9;(BM) 2024-023314190-001;22/05/2024 09:44;RUA DOUTOR CARVALHO, Nº 1455 - NOSSA SENHORA DAS GRAÇAS - PASSOS;-207.352.269;-466.037.303;Q05002 - PROJETO DE DIVULGACAO DA NATACAO (C) (Prioridade: 1 - Alta);1CIA IND/2CIA/1PEL(PASSOS);BM1787357;Não;Não;Não;BOLETIM DE OCORRENCIA;Classificada;23/05/2024 10:48;Não
2024-33699882-3;(BM) 2024-023298100-001;22/05/2024 09:54;RODOVIA MG 050, Nº S/N - PASSOS;-207.372.242;-466.331.087;P03014 - PREVENCAO EM POUSO E DECOLAGEM DE AERONAVE (C) (Prioridade: 2 - Média);1CIA IND/2CIA/1PEL(PASSOS);ABTS00495;Não;Não;Não;BOLETIM DE OCORRENCIA;Classificada;23/05/2024 10:26;Não
2024-33702209-8;(BM) 2024-023326599-001;22/05/2024 13:31;RODOVIA MG 050, Nº S/N - PASSOS;-207.372.242;-466.331.087;P03014 - PREVENCAO EM POUSO E DECOLAGEM DE AERONAVE (C) (Prioridade: 2 - Média);1CIA IND/2CIA/1PEL(PASSOS);ABTS00495;Não;Não;Não;BOLETIM DE OCORRENCIA;Classificada;23/05/2024 10:26;Não
2024-33702678-9;(BM) 2024-023368232-002;22/05/2024 14:11;RUA BOROROS, Nº 1940 - NOSSA SENHORA APARECIDA - PASSOS;-207.436.179;-466.080.791;O04012 - INCENDIO EM LOTE VAGO (AREA URBANA) (C) (Prioridade: 2 - Média);1CIA IND/2CIA/1PEL(PASSOS);ABTS00495 / ASL00064;Não;Não;Não;BOLETIM DE OCORRENCIA;Classificada;23/05/2024 08:28;Não
2024-33703247-2;(BM) 2024-023338580-001;22/05/2024 14:38;RODOVIA BR 464 SAO JOAO BATISTA DO GLORIA / DELFINOPOLIS, Nº 2 - SAO JOAO BATISTA GLORIA;;;P01002 - VISTORIA DE LIBERACAO / EMISSAO DE AVCB (C) (Prioridade: 2 - Média);1CIA IND/2CIA/PEL PREV E VIST(PASSOS);APF01362;Não;Não;Não;BOLETIM DE OCORRENCIA;Classificada;23/05/2024 10:26;Não
2024-33703693-8;(BM) 2024-023357167-001;22/05/2024 15:02;RUA AURORA, Nº 138 - SAO BENEDITO - PASSOS;-207.236.586;-466.029.064;W08000 - CANCELADA POR INDISPONIBILIDADE DE VIATURA (C) (Prioridade: 3 - Baixa);1CIA IND/2CIA/1PEL(PASSOS);BM1728633;Não;Não;Não;BOLETIM DE OCORRENCIA;Classificada;23/05/2024 08:27;Não
2024-33704078-2;(BM) 2024-023357308-001;22/05/2024 15:23;RODOVIA MG 050, Nº S/N - PASSOS;-207.372.242;-466.331.087;O04014 - INCENDIO AS MARGENS DE RODOVIA (C) (Prioridade: 2 - Média);1CIA IND/2CIA/1PEL(PASSOS);ABTS00495;Não;Não;Não;BOLETIM DE OCORRENCIA;Classificada;23/05/2024 08:28;Não
2024-33706722-0;(BM) 2024-023410382-001;22/05/2024 18:03;ESTRADA PRINCIPAL ESTRADA DA JULIEIRA KM 29 - FAZENDA LIMEIRA - PASSOS;;;O04013 - INCENDIO EM PASTO (C) (Prioridade: 2 - Média);1CIA IND/2CIA/1PEL(PASSOS);ABTS00495;Não;Não;Não;BOLETIM DE OCORRENCIA;Classificada;23/05/2024 10:26;Não
2024-33706986-2;(BM) 2024-023384997-001;22/05/2024 18:19;RUA PEDRO TEIXEIRA MENDES / RUA JOAO TEIXEIRA MENDES - NOSSA SENHORA APARECIDA - PASSOS;-207.455.591;-466.056.724;O04012 - INCENDIO EM LOTE VAGO (AREA URBANA) (C) (Prioridade: 3 - Baixa);1CIA IND/2CIA/1PEL(PASSOS);ABTS00495;Não;Não;Não;BOLETIM DE OCORRENCIA;Classificada;23/05/2024 08:27;Não
2024-33707660-0;;22/05/2024 18:59;ESTRADA GURITA - DELFINOPOLIS;;;O04001 - INCENDIO EM UNIDADE DE CONSERVACAO (UC) (C) (Prioridade: 2 - Média);1CIA IND/2CIA/1PEL(PASSOS);;Não;Não;Não;NADA CONSTATADO;Classificada;23/05/2024 14:59;Não
2024-33708705-2;(BM) 2024-023417538-001;22/05/2024 20:11;RUA SEBASTIANA GERALDA MIZAEL, Nº 114 - PASSOS;-206.967.598;-466.214.018;O04013 - INCENDIO EM PASTO (C) (Prioridade: 3 - Baixa);1CIA IND/2CIA/1PEL(PASSOS);ABTS00495;Não;Não;Não;BOLETIM DE OCORRENCIA;Classificada;23/05/2024 08:27;Não
2024-33710373-7;(BM) 2024-023417917-001;22/05/2024 22:12;RUA DOUTOR CARVALHO, Nº 1455 - NOSSA SENHORA DAS GRAÇAS - PASSOS;-207.352.269;-466.037.303;Q03005 - TREINAMENTO DE SALVAMENTO TERRESTRE (C) (Prioridade: 2 - Média);1CIA IND/2CIA/1PEL(PASSOS);BM1549013;Não;Não;Não;BOLETIM DE OCORRENCIA;Classificada;23/05/2024 10:26;Não
2024-33713553-5;(BM) 2024-023449245-001;23/05/2024 06:54;AVENIDA ANTONIO DIAS MACHADO, Nº 657 - DISTRITO INDUSTRIAL 2 - PASSOS;-207.308.947;-46.646.303;Q03999 - OUTROS TIPOS DE TREINAMENTO (C) (Prioridade: 2 - Média);1CIA IND/2CIA/1PEL(PASSOS);ASL00064;Não;Não;Não;BOLETIM DE OCORRENCIA;Classificada;23/05/2024 10:26;Não
2024-33714332-1;(BM) 2024-023462439-001;23/05/2024 08:27;RUA AURORA, Nº 100 - SAO BENEDITO - PASSOS;-207.232.439;-466.026.387;V01003 - VITIMA COM CRISE CONVULSIVA (C) (Prioridade: 1 - Alta);1CIA IND/2CIA/1PEL(PASSOS);UR04360;Não;Não;Não;BOLETIM DE OCORRENCIA;Classificada;24/05/2024 07:38;Não
2024-33714439-5;(BM) 2024-023457239-002;23/05/2024 08:42;RUA DOUTOR CARVALHO, Nº 1455 - NOSSA SENHORA DAS GRAÇAS - PASSOS;-207.352.269;-466.037.303;Q05002 - PROJETO DE DIVULGACAO DA NATACAO (C) (Prioridade: 1 - Alta);1CIA IND/2CIA/1PEL(PASSOS);BM1637750 / BM1637305;Não;Não;Não;BOLETIM DE OCORRENCIA;Classificada;24/05/2024 07:38;Não
2024-33715590-2;(BM) 2024-023472538-001;23/05/2024 10:27;RUA HORTENCIAS, Nº 715 - PANORAMA - PASSOS;-207.072.149;-466.201.032;V03018 - VITIMA DE QUEDA DA PROPRIA ALTURA (C) (Prioridade: 1 - Alta);1CIA IND/2CIA/1PEL(PASSOS);UR04360;Não;Não;Não;BOLETIM DE OCORRENCIA;Classificada;24/05/2024 07:38;Não
2024-33716344-1;(BM) 2024-023483369-001;23/05/2024 11:30;AVENIDA AROUCA, Nº 140 - CENTRO - PASSOS;-207.152.685;-466.093.884;P02001 - VISTORIA EM HIDRANTE (C) (Prioridade: 2 - Média);1CIA IND/2CIA/1PEL(PASSOS);ASL00064;Não;Não;Não;BOLETIM DE OCORRENCIA;Classificada;24/05/2024 07:37;Não
2024-33716520-2;(BM) 2024-023483791-001;23/05/2024 11:44;RUA PROFESSOR TEODORO CORREA SINTRA, Nº 35 - COHAB 4 - PASSOS;-207.180.916;-466.351.946;V01003 - VITIMA COM CRISE CONVULSIVA (C) (Prioridade: 1 - Alta);1CIA IND/2CIA/1PEL(PASSOS);UR04360;Não;Não;Não;BOLETIM DE OCORRENCIA;Classificada;24/05/2024 07:38;Não
2024-33716998-8;(BM) 2024-023491130-001;23/05/2024 12:41;AVENIDA PERIMETRAL / RUA BOIADEIROS - PENHA - PASSOS;-207.197.501;-466.192.679;O04011 - INCENDIO EM AREA URBANA NAO PROTEGIDA (C) (Prioridade: 2 - Média);1CIA IND/2CIA/1PEL(PASSOS);ABTS00495;Não;Não;Não;BOLETIM DE OCORRENCIA;Classificada;24/05/2024 07:37;Não
2024-33717858-4;(BM) 2024-023537589-001;23/05/2024 13:48;RUA CAMPOS GERAIS, Nº 979 - NOSSA SENHORA DE FATIMA - PASSOS;-206.978.903;-466.147.097;P01001 - VISTORIA DE FISCALIZACAO (C) (Prioridade: 2 - Média);1CIA IND/2CIA/PEL PREV E VIST(PASSOS);APF01362;Não;Não;Não;BOLETIM DE OCORRENCIA;Classificada;24/05/2024 07:37;Não
2024-33719565-7;(BM) 2024-023519533-001;23/05/2024 15:22;RUA CHILE, Nº 24 - POLIVALENTE - PASSOS;-207.063.878;-466.078.233;V01008 - VITIMA COM DOR ABDOMINAL (ABDOME AGUDO) (C) (Prioridade: 1 - Alta);1CIA IND/2CIA/1PEL(PASSOS);UR04360;Não;Não;Não;BOLETIM DE OCORRENCIA;Classificada;24/05/2024 07:38;Não
2024-33721199-3;(BM) 2024-023575603-001;23/05/2024 16:50;RUA RIO DE JANEIRO, Nº S/N - BELA VISTA - PASSOS;-207.163.525;-465.965.677;O04012 - INCENDIO EM LOTE VAGO (AREA URBANA) (C) (Prioridade: 2 - Média);1CIA IND/2CIA/1PEL(PASSOS);ABTS00495;Não;Não;Não;BOLETIM DE OCORRENCIA;Classificada;24/05/2024 07:37;Não
2024-33721634-0;(BM) 2024-023544158-001;23/05/2024 17:12;RUA DOUTOR CARVALHO, Nº 1455 - NOSSA SENHORA DAS GRAÇAS - PASSOS;-207.352.269;-466.037.303;Q03017 - TREINAMENTO DE PRIMEIROS SOCORROS (C) (Prioridade: 2 - Média);1CIA IND/2CIA/1PEL(PASSOS);BM1637750;Não;Não;Não;BOLETIM DE OCORRENCIA;Classificada;24/05/2024 07:38;Não
2024-33721851-9;(BM) 2024-023582399-001;23/05/2024 17:27;RUA ANGELO RUBENS DOS SANTOS, Nº 96 - RESIDENCIAL MONTE BELO - PASSOS;;;S06005 - CAPTURA DE INSETOS (C) (Prioridade: 2 - Média);1CIA IND/2CIA/1PEL(PASSOS);ASL00064;Não;Não;Não;BOLETIM DE OCORRENCIA;Classificada;24/05/2024 07:38;Não
2024-33723123-2;(BM) 2024-023588405-001;23/05/2024 18:47;RODOVIA MG 050, Km 350 - PASSOS;-207.314.584;-465.699.493;O04012 - INCENDIO EM LOTE VAGO (AREA URBANA) (C) (Prioridade: 2 - Média);1CIA IND/2CIA/1PEL(PASSOS);ABTS00495;Não;Não;Não;BOLETIM DE OCORRENCIA;Classificada;24/05/2024 07:38;Não
2024-33725011-0;(BM) 2024-023584905-001;23/05/2024 20:53;RUA TAPAJOS, Nº 1790 - NOSSA SENHORA APARECIDA - PASSOS;-207.417.664;-466.074.306;V03018 - VITIMA DE QUEDA DA PROPRIA ALTURA (C) (Prioridade: 1 - Alta);1CIA IND/2CIA/1PEL(PASSOS);UR04360;Não;Não;Não;BOLETIM DE OCORRENCIA;Classificada;24/05/2024 07:39;Não
2024-33725221-2;(BM) 2024-023592403-001;23/05/2024 21:09;PORTO DA BARRA - BALSA DE SAO JOSE DA BARRA A GUAPE, Nº S/N - SAO JOSE DA BARRA;;;O04013 - INCENDIO EM PASTO (C) (Prioridade: 2 - Média);1CIA IND/2CIA/1PEL(PASSOS);ABTS00495;Não;Não;Não;BOLETIM DE OCORRENCIA;Classificada;24/05/2024 07:38;Não
2024-33727955-7;(BM) 2024-023605809-001;24/05/2024 00:29;RUA JOSE AFONSO DE OLIVEIRA, Nº S/N - CENTRO - SAO JOSE DA BARRA;-207.196.189;-463.198.262;S05103 - CHOQUE DE AUTOMOVEL (CARRO, CAMIONETA, CAMINHONETE) (C) (Prioridade: 1 - Alta);1CIA IND/2CIA/1PEL(PASSOS);ABTS00495;Não;Não;Não;BOLETIM DE OCORRENCIA;Classificada;24/05/2024 07:39;Não
2024-33730033-1;(BM) 2024-023624495-001;24/05/2024 08:16;RUA DOUTOR CARVALHO, Nº 1455 - NOSSA SENHORA DAS GRAÇAS - PASSOS;-207.352.269;-466.037.303;Q02009 - PALESTRA DE PRIMEIROS SOCORROS (C) (Prioridade: 2 - Média);1CIA IND/2CIA/PEL PREV E VIST(PASSOS);BM1636356;Não;Não;Não;BOLETIM DE OCORRENCIA;Classificada;25/05/2024 08:17;Não
2024-33730135-1;(BM) 2024-023625669-001;24/05/2024 08:28;RUA GERALDO MIGUEL DA FONSECA, Nº 100 - JARDIM PLANALTO - PASSOS;-207.226.388;-466.258.398;P01001 - VISTORIA DE FISCALIZACAO (C) (Prioridade: 2 - Média);1CIA IND/2CIA/PEL PREV E VIST(PASSOS);APF01362;Não;Não;Não;BOLETIM DE OCORRENCIA;Classificada;25/05/2024 08:17;Não
2024-33730442-0;(BM) 2024-023630213-001;24/05/2024 08:56;RUA DOUTOR CARVALHO, Nº 1455 - NOSSA SENHORA DAS GRAÇAS - PASSOS;-207.352.269;-466.037.303;Q01002 - DEMONSTRACAO MISTA / CONJUNTA (C) (Prioridade: 2 - Média);1CIA IND/2CIA/1PEL(PASSOS);UR04360;Não;Não;Não;BOLETIM DE OCORRENCIA;Classificada;25/05/2024 08:17;Não
2024-33730881-0;(BM) 2024-023634211-001;24/05/2024 09:34;RODOVIA MG 050, Km 356, Nº S/N - PASSOS;;;P01003 - VISTORIA EM EVENTOS TEMPORARIOS (C) (Prioridade: 1 - Alta);1CIA IND/2CIA/PEL PREV E VIST(PASSOS);APF01362;Não;Não;Não;BOLETIM DE OCORRENCIA;Classificada;25/05/2024 08:16;Não
2024-33731653-1;(BM) 2024-023644821-001;24/05/2024 10:39;AVENIDA CHAFARIZ, Nº S/N - SERRA DAS BRISAS - PASSOS;-207.361.137;-465.905.646;W04000 - NADA CONSTATADO (C) (Prioridade: 3 - Baixa);1CIA IND/2CIA/1PEL(PASSOS);UR04360;Não;Não;Não;BOLETIM DE OCORRENCIA;Classificada;25/05/2024 08:10;Não
2024-33731908-0;(BM) 2024-023650136-001;24/05/2024 11:01;AVENIDA ARLINDO FIGUEIREDO, Nº 931 - JARDIM PINHEIROS - PASSOS;-207.258.079;-466.221.191;V01018 - VITIMA DE MAL NAO DEFINIDO (DISTURBIO) (C) (Prioridade: 1 - Alta);1CIA IND/2CIA/1PEL(PASSOS);UR04360;Não;Não;Não;BOLETIM DE OCORRENCIA;Classificada;25/05/2024 08:16;Não
2024-33733943-2;(BM) 2024-023674570-001;24/05/2024 14:07;RODOVIA MG 050, Km 360 - PASSOS;-207.370.641;-46.646.356;O04014 - INCENDIO AS MARGENS DE RODOVIA (C) (Prioridade: 2 - Média);1CIA IND/2CIA/1PEL(PASSOS);ABTS00495;Não;Não;Não;BOLETIM DE OCORRENCIA;Classificada;25/05/2024 08:17;Não
2024-33734593-8;(BM) 2024-023680474-001;24/05/2024 14:39;RUA DOUTOR CARVALHO, Nº 1455 - NOSSA SENHORA DAS GRAÇAS - PASSOS;-207.352.269;-466.037.303;Q03001 - TREINAMENTO DE COMBATE A INCENDIO (C) (Prioridade: 2 - Média);1CIA IND/2CIA/COMANDANTE(PASSOS);BM1235613;Não;Não;Não;BOLETIM DE OCORRENCIA;Classificada;25/05/2024 08:17;Não
2024-33735147-8;(BM) 2024-023687526-001;24/05/2024 15:11;AVENIDA CHAFARIZ, Nº 2663 - SERRA DAS BRISAS - PASSOS;-207.367.795;-46.593.095;X03000 - EMPENHO ADMINISTRATIVO (C) (Prioridade: 2 - Média);1CIA IND/2CIA/1PEL(PASSOS);ASL00064;Não;Não;Não;BOLETIM DE OCORRENCIA;Classificada;25/05/2024 08:17;Não
2024-33736231-8;(BM) 2024-023704384-001;24/05/2024 16:10;RUA OSVALDO BATISTA BONFIM, Nº 946 - SERRA VERDE - PASSOS;-207.439.537;-465.911.963;O04013 - INCENDIO EM PASTO (C) (Prioridade: 2 - Média);1CIA IND/2CIA/1PEL(PASSOS);ABTS00495;Não;Não;Não;BOLETIM DE OCORRENCIA;Classificada;25/05/2024 08:17;Não
2024-33737024-9;(BM) 2024-023710288-001;24/05/2024 17:02;RUA DENIS PROVENZANI DE ALMEIDA, Nº S/N - RESIDENCIAL VILLAGIO DI ITALIA - PASSOS;-207.324.276;-4.659.219;P02001 - VISTORIA EM HIDRANTE (C) (Prioridade: 2 - Média);1CIA IND/2CIA/1PEL(PASSOS);ASL00064;Não;Não;Não;BOLETIM DE OCORRENCIA;Classificada;25/05/2024 08:17;Não
2024-33737806-3;(BM) 2024-023719928-001;24/05/2024 17:53;AVENIDA CHICO XAVIER, Nº 369 - PENHA - PASSOS;;;V01024 - VITIMA DE SUICIDIO (TENTATIVA) - APH CLINICO (C) (Prioridade: 1 - Alta);1CIA IND/2CIA/1PEL(PASSOS);UR04360;Não;Não;Não;BOLETIM DE OCORRENCIA;Classificada;25/05/2024 08:16;Não
2024-33737914-6;(BM) 2024-023726001-001;24/05/2024 17:59;RUA VANCOUVER, Nº 717 - JARDIM CANADA II - PASSOS;-207.546.086;-466.091.086;O04012 - INCENDIO EM LOTE VAGO (AREA URBANA) (C) (Prioridade: 2 - Média);1CIA IND/2CIA/1PEL(PASSOS);ABTS00495;Não;Não;Não;BOLETIM DE OCORRENCIA;Classificada;25/05/2024 08:16;Não
2024-33738038-9;(BM) 2024-023726209-001;24/05/2024 18:07;RUA UNIMED, Nº S/N - MIRANTE DO VALE - PASSOS;-207.215.211;-465.754.861;S06002 - CAPTURA DE ANIMAL SILVESTRE PERIGOSO / AGRESSIVO (C) (Prioridade: 2 - Média);1CIA IND/2CIA/1PEL(PASSOS);ASL00064;Não;Não;Não;BOLETIM DE OCORRENCIA;Classificada;25/05/2024 08:16;Não
2024-33738588-0;(BM) 2024-023733780-001;24/05/2024 18:40;RUA CAPRICORNIO, Nº 157 - RECANTO DA TECA - PASSOS;;;V01001 - VITIMA DE ACIDENTE VASCULAR CEREBRAL (AVC) (C) (Prioridade: 1 - Alta);1CIA IND/2CIA/1PEL(PASSOS);UR04360;Não;Não;Não;BOLETIM DE OCORRENCIA;Classificada;25/05/2024 08:16;Não
2024-33741260-5;(BM) 2024-023782181-001;24/05/2024 21:39;AVENIDA COMENDADOR FRANCISCO A MAIA, Nº S/N - SANTA CASA - PASSOS;-207.146.788;-466.127.072;W04000 - NADA CONSTATADO (C) (Prioridade: 3 - Baixa);1CIA IND/2CIA/1PEL(PASSOS);ABTS00495;Não;Não;Não;BOLETIM DE OCORRENCIA;Classificada;25/05/2024 08:17;Não
2024-33746633-8;(BM) 2024-023800510-001;25/05/2024 08:14;PRACA FRANCISCO SALLES, Nº S/N - BELO HORIZONTE - PASSOS;-207.264.675;-466.045.971;P03999 - OUTROS TIPOS DE PCI / PCA   (C) (Prioridade: 2 - Média);1CIA IND/2CIA/1PEL(PASSOS);ASL00064;Não;Não;Não;BOLETIM DE OCORRENCIA;Classificada;27/05/2024 07:01;Não
2024-33748505-9;(BM) 2024-023814674-001;25/05/2024 12:06;TRAVESSA CACHOEIRAS, Nº 95 - NOVO HORIZONTE - PASSOS;-207.325.548;-465.995.984;O02001 - INCENDIO EM RESIDENCIA/HABITACAO UNIFAMILIAR (CASA) (C) (Prioridade: 1 - Alta);1CIA IND/2CIA/1PEL(PASSOS);ABTS00495;Não;Não;Não;BOLETIM DE OCORRENCIA;Classificada;27/05/2024 07:56;Não
2024-33748553-1;(BM) 2024-023814605-001;25/05/2024 12:09;RUA NITEROI, Nº 722 - RECANTO DA HARMONIA - PASSOS;-207.032.173;-465.993.734;S06002 - CAPTURA DE ANIMAL SILVESTRE PERIGOSO / AGRESSIVO (C) (Prioridade: 2 - Média);1CIA IND/2CIA/1PEL(PASSOS);ASL00064;Não;Não;Não;BOLETIM DE OCORRENCIA;Classificada;27/05/2024 07:01;Não
2024-33749028-7;(BM) 2024-023833000-001;25/05/2024 13:20;RODOVIA MG 050, Km 360 - PASSOS;-207.370.641;-46.646.356;Y40035 - APOIO DE SOLO EM OPERACOES AEREAS (C) (Prioridade: 2 - Média);1CIA IND/2CIA/1PEL(PASSOS);UR04360;Não;Não;Não;BOLETIM DE OCORRENCIA;Classificada;27/05/2024 07:02;Não
2024-33751339-0;(BM) 2024-023852034-001;25/05/2024 16:08;RUA ODELIO BALDINI, Nº 161 - JARDIM SATELITE - PASSOS;-207.113.639;-466.227.673;P02011 - VISTORIA EM ENXAME DE INSETOS (C) (Prioridade: 2 - Média);1CIA IND/2CIA/1PEL(PASSOS);ASL00064;Não;Não;Não;BOLETIM DE OCORRENCIA;Classificada;26/05/2024 06:28;Não
2024-33752550-7;(BM) 2024-023848246-001;25/05/2024 17:27;RUA GERALDO DE OLIVEIRA LIMA, Nº 172 - JARDIM PLANALTO - PASSOS;-207.212.331;-466.249.093;V02501 - VITIMA DE QUEDA (CICLISTA) (C) (Prioridade: 1 - Alta);1CIA IND/2CIA/1PEL(PASSOS);UR04360;Não;Não;Não;BOLETIM DE OCORRENCIA;Classificada;27/05/2024 07:56;Não
2024-33755032-9;(BM) 2024-023876215-001;25/05/2024 20:10;RUA AIMORES, Nº S/N - VILA ROMANA - PASSOS;-207.423.199;-466.097.608;O04011 - INCENDIO EM AREA URBANA NAO PROTEGIDA (C) (Prioridade: 2 - Média);1CIA IND/2CIA/1PEL(PASSOS);ABTS00495;Não;Não;Não;BOLETIM DE OCORRENCIA;Classificada;27/05/2024 07:02;Não
2024-33755815-6;;25/05/2024 21:03;AVENIDA SABIA, Nº S/N - MUARAMA 2 - PASSOS;-207.330.855;-466.157.928;W10000 - DISPENSADA POR DUPLICIDADE DE EMPENHO COM OUTROS ORGAOS (C) (Prioridade: 1 - Alta);1CIA IND/2CIA/1PEL(PASSOS);UR04360;Não;Não;Não;ATENDIDA PELO SAMU;Classificada;25/05/2024 21:28;Não
2024-33756871-2;(BM) 2024-023890130-001;25/05/2024 22:07;AVENIDA JUCA STOCKLER, Nº 914 - PASSOS;-207.246.562;-465.969.162;V01003 - VITIMA COM CRISE CONVULSIVA (C) (Prioridade: 1 - Alta);1CIA IND/2CIA/1PEL(PASSOS);UR04360;Não;Não;Não;BOLETIM DE OCORRENCIA;Classificada;27/05/2024 07:56;Não
2024-33758976-1;(BM) 2024-023899250-002;26/05/2024 00:02;AVENIDA COMENDADOR FRANCISCO A MAIA, Nº 2420 - CANDEIAS - PASSOS;-207.201.421;-466.133.147;S04012 - BUSCA E SALVAMENTO EM LOCAL DE DIFICIL ACESSO (C) (Prioridade: 1 - Alta);1CIA IND/2CIA/1PEL(PASSOS);ASL00064 / UR04360;Não;Não;Não;BOLETIM DE OCORRENCIA;Classificada;27/05/2024 07:01;Não
2024-33763007-7;(BM) 2024-023926346-001;26/05/2024 09:05;RUA DEZESSEIS, Nº S/N - ELDORADO - PASSOS;;;S06002 - CAPTURA DE ANIMAL SILVESTRE PERIGOSO / AGRESSIVO (C) (Prioridade: 2 - Média);1CIA IND/2CIA/1PEL(PASSOS);ASL00064;Não;Não;Não;BOLETIM DE OCORRENCIA;Classificada;27/05/2024 07:55;Não
2024-33763126-6;(BM) 2024-023927080-001;26/05/2024 09:20;RUA MARANHAO, Nº 172 - BELA VISTA - PASSOS;-207.156.868;-466.017.659;V01999 - OUTROS TIPOS DE APH CLINICO (C) (Prioridade: 1 - Alta);1CIA IND/2CIA/1PEL(PASSOS);UR04360;Não;Não;Não;BOLETIM DE OCORRENCIA;Classificada;27/05/2024 07:56;Não
2024-33764548-2;(BM) 2024-023976237-001;26/05/2024 12:49;RUA AGAPANTOS, Nº S/N - MIRANTE DO VALE - PASSOS;-207.239.899;-465.800.709;P02001 - VISTORIA EM HIDRANTE (C) (Prioridade: 2 - Média);1CIA IND/2CIA/1PEL(PASSOS);ASL00064;Não;Não;Não;BOLETIM DE OCORRENCIA;Classificada;27/05/2024 07:55;Não
2024-33764929-6;(BM) 2024-023977454-001;26/05/2024 13:43;RUA JURANDIR LEANDRO VIEIRA, Nº S/N - RESIDENCIAL VILLAGIO DI ITALIA - PASSOS;-207.345.147;-465.913.156;P02001 - VISTORIA EM HIDRANTE (C) (Prioridade: 2 - Média);1CIA IND/2CIA/1PEL(PASSOS);ASL00064;Não;Não;Não;BOLETIM DE OCORRENCIA;Classificada;27/05/2024 07:55;Não
2024-33765132-0;(BM) 2024-023945418-002;26/05/2024 14:01;AVENIDA JOSE CAETANO DE ANDRADE, Nº S/N - MUARAMA - PASSOS;-207.301.976;-466.154.665;P02001 - VISTORIA EM HIDRANTE (C) (Prioridade: 2 - Média);1CIA IND/2CIA/1PEL(PASSOS);ASL00064;Não;Não;Não;BOLETIM DE OCORRENCIA;Classificada;27/05/2024 07:55;Não
2024-33765707-0;(BM) 2024-023965748-001;26/05/2024 14:42;AVENIDA PINHEIRO, Nº 1300 - SERRA DAS BRISAS - PASSOS;-20.734.727;-46.597.221;O04011 - INCENDIO EM AREA URBANA NAO PROTEGIDA (C) (Prioridade: 2 - Média);1CIA IND/2CIA/1PEL(PASSOS);ABTS00495;Não;Não;Não;BOLETIM DE OCORRENCIA;Classificada;27/05/2024 07:55;Não
2024-33766081-6;(BM) 2024-023954133-001;26/05/2024 15:07;RODOVIA MG 050, Nº S/N - PASSOS;-207.372.242;-466.331.087;Y40035 - APOIO DE SOLO EM OPERACOES AEREAS (C) (Prioridade: 2 - Média);1CIA IND/2CIA/1PEL(PASSOS);UR04360;Não;Não;Não;BOLETIM DE OCORRENCIA;Classificada;27/05/2024 07:55;Não
2024-33768278-1;(BM) 2024-023983646-001;26/05/2024 17:41;RUA DOUTOR CARVALHO, Nº 1455 - NOSSA SENHORA DAS GRAÇAS - PASSOS;-207.352.269;-466.037.303;Q03017 - TREINAMENTO DE PRIMEIROS SOCORROS (C) (Prioridade: 2 - Média);1CIA IND/2CIA/1PEL(PASSOS);BM1549807;Não;Não;Não;BOLETIM DE OCORRENCIA;Classificada;27/05/2024 07:55;Não
2024-33769736-0;(BM) 2024-024035899-001;26/05/2024 19:24;RODOVIA LMG-856, Nº S/N - DELFINOPOLIS;-204.054.203;-468.628.025;S05303 - COLISAO ENTRE AUTOMOVEIS (CARRO, CAMIONETA, CAMINHONETE) (C) (Prioridade: 1 - Alta);1CIA IND/2CIA/1PEL(PASSOS);ASL00064;Não;Não;Não;BOLETIM DE OCORRENCIA;Classificada;27/05/2024 07:56;Não
2024-33769753-9;;26/05/2024 19:26;RUA BOA ESPERANCA, Nº 300 - CALIFORNIA - PASSOS;-20.701.156;-466.174.162;W98011 - SOLICITACAO DE APOIO (C) (Prioridade: 1 - Alta);1CIA IND/2CIA/1PEL(PASSOS);;Não;Não;Não;DUPLICADA;Classificada;26/05/2024 19:37;Não
2024-33769771-0;(BM) 2024-023988088-001;26/05/2024 19:27;RUA BOA ESPERANCA, Nº 300 - CALIFORNIA - PASSOS;-20.701.156;-466.174.162;O02041 - INCENDIO EM IMOVEL ABANDONADO (C) (Prioridade: 2 - Média);1CIA IND/2CIA/1PEL(PASSOS);ABTS00495;Não;Não;Não;BOLETIM DE OCORRENCIA;Classificada;27/05/2024 07:56;Não
2024-33775392-7;(BM) 2024-024035886-001;27/05/2024 06:30;RUA ALTAMIRO GORZATO, Nº 24 - PASSOS;-207.113.082;-46.623.326;S06002 - CAPTURA DE ANIMAL SILVESTRE PERIGOSO / AGRESSIVO (C) (Prioridade: 2 - Média);1CIA IND/2CIA/1PEL(PASSOS);ASL00064;Não;Não;Não;BOLETIM DE OCORRENCIA;Classificada;27/05/2024 08:13;Não
2024-33776785-5;(BM) 2024-024050620-001;27/05/2024 09:21;RUA TURMALINA, Nº 1699 - ACLIMACAO - PASSOS;-207.543.931;-465.987.016;S06001 - SALVAMENTO DE ANIMAL EM RISCO / PERIGO (C) (Prioridade: 2 - Média);1CIA IND/2CIA/1PEL(PASSOS);ASL00064;Não;Não;Não;BOLETIM DE OCORRENCIA;Classificada;28/05/2024 10:05;Não
2024-33777674-0;(BM) 2024-024063030-001;27/05/2024 10:34;RUA GENARO JOELE, Nº 274 - DISTRITO INDUSTRIAL 1 - PASSOS;-207.066.956;-465.933.737;P02001 - VISTORIA EM HIDRANTE (C) (Prioridade: 2 - Média);1CIA IND/2CIA/1PEL(PASSOS);ASL00064;Não;Não;Não;BOLETIM DE OCORRENCIA;Classificada;28/05/2024 10:05;Não
2024-33777701-0;(BM) 2024-024063134-002;27/05/2024 10:36;RUA DOUTOR CARVALHO, Nº 1455 - NOSSA SENHORA DAS GRAÇAS - PASSOS;-207.352.269;-466.037.303;Q05002 - PROJETO DE DIVULGACAO DA NATACAO (C) (Prioridade: 1 - Alta);1CIA IND/2CIA/1PEL(PASSOS);BM1637305 / BM1636836;Não;Não;Não;BOLETIM DE OCORRENCIA;Classificada;28/05/2024 10:06;Não
2024-33778191-1;(BM) 2024-024068910-001;27/05/2024 11:14;RUA CAMPO GRANDE, Nº 454 - JARDIM COLEGIO DE PASSOS - PASSOS;-207.206.629;-465.922.462;P02003 - VISTORIA EM LOTE VAGO (C) (Prioridade: 2 - Média);1CIA IND/2CIA/1PEL(PASSOS);ASL00064;Não;Não;Não;BOLETIM DE OCORRENCIA;Classificada;28/05/2024 10:05;Não
2024-33778439-5;(BM) 2024-024072737-001;27/05/2024 11:37;RUA DOUTOR CARVALHO, Nº 1455 - NOSSA SENHORA DAS GRAÇAS - PASSOS;-207.352.269;-466.037.303;Q03999 - OUTROS TIPOS DE TREINAMENTO (C) (Prioridade: 2 - Média);1CIA IND/2CIA/1PEL(PASSOS);BM1797430;Não;Não;Não;BOLETIM DE OCORRENCIA;Classificada;28/05/2024 10:05;Não
2024-33779145-0;(BM) 2024-024080116-001;27/05/2024 12:48;RUA DOUTOR CARVALHO, Nº 1455 - NOSSA SENHORA DAS GRAÇAS - PASSOS;-207.352.269;-466.037.303;Q03017 - TREINAMENTO DE PRIMEIROS SOCORROS (C) (Prioridade: 2 - Média);1CIA IND/2CIA/1PEL(PASSOS);BM1638089;Não;Não;Não;BOLETIM DE OCORRENCIA;Classificada;28/05/2024 10:05;Não
2024-33779317-3;(BM) 2024-024082338-001;27/05/2024 13:06;RUA DOUTOR CARVALHO, Nº 1455 - NOSSA SENHORA DAS GRAÇAS - PASSOS;-207.352.269;-466.037.303;Q03020 - TREINAMENTO DE PILOTO DE RPA (C) (Prioridade: 3 - Baixa);1CIA IND/2CIA/1PEL(PASSOS);BM1640390;Não;Não;Não;BOLETIM DE OCORRENCIA;Classificada;28/05/2024 10:05;Não
2024-33780669-8;(BM) 2024-024105230-001;27/05/2024 14:31;BECO OSVALDO CHAGAS, Nº 43 - PARQUE DA ESTACAO - PASSOS;-207.061.278;-466.119.433;V01006 - VITIMA COM DIFICULDADE DE LOCOMOCAO (C) (Prioridade: 1 - Alta);1CIA IND/2CIA/1PEL(PASSOS);UR04360;Não;Não;Não;BOLETIM DE OCORRENCIA;Classificada;28/05/2024 10:06;Não
2024-33782342-9;(BM) 2024-024120740-001;27/05/2024 15:56;RUA BONSUCESSO, Nº 650 - PENHA - PASSOS;-207.199.667;-466.169.955;P02011 - VISTORIA EM ENXAME DE INSETOS (C) (Prioridade: 2 - Média);1CIA IND/2CIA/1PEL(PASSOS);ASL00064;Não;Não;Não;BOLETIM DE OCORRENCIA;Classificada;28/05/2024 10:05;Não
2024-33782496-2;(BM) 2024-024122814-001;27/05/2024 16:05;RUA ANA CANDIDA DE JESUS, Nº 364 - JARDIM ITALIA - PASSOS;-207.514.374;-466.053.658;V01003 - VITIMA COM CRISE CONVULSIVA (C) (Prioridade: 1 - Alta);1CIA IND/2CIA/1PEL(PASSOS);UR04360;Não;Não;Não;BOLETIM DE OCORRENCIA;Classificada;28/05/2024 10:06;Não
2024-33785224-9;(BM) 2024-024158532-001;27/05/2024 18:46;RODOVIA BR 146, Nº S/N - DISTRITO INDUSTRIAL 1 - PASSOS;-207.020.967;-465.895.427;V02102 - VITIMA DE ATROPELAMENTO POR MOTOCICLETA (C) (Prioridade: 1 - Alta);1CIA IND/2CIA/1PEL(PASSOS);UR04360;Não;Não;Não;BOLETIM DE OCORRENCIA;Classificada;28/05/2024 10:06;Não
2024-33790239-5;(BM) 2024-024207104-001;28/05/2024 02:33;RUA VEREADOR AMADO EVANGELISTA MACHADO, Nº 719 - PASSOS;;;V03021 - VITIMA DE SUICIDIO (TENTATIVA) - APH TRAUMA (C) (Prioridade: 1 - Alta);1CIA IND/2CIA/1PEL(PASSOS);UR04360;Não;Não;Não;BOLETIM DE OCORRENCIA;Classificada;28/05/2024 10:06;Não
2024-33791711-4;(BM) 2024-024227384-001;28/05/2024 08:20;RUA DOUTOR CARVALHO, Nº 1455 - NOSSA SENHORA DAS GRAÇAS - PASSOS;-207.352.269;-466.037.303;Q03020 - TREINAMENTO DE PILOTO DE RPA (C) (Prioridade: 3 - Baixa);1CIA IND/2CIA/1PEL(PASSOS);BM1797430;Não;Não;Não;BOLETIM DE OCORRENCIA;Classificada;29/05/2024 07:49;Não
2024-33792046-2;(BM) 2024-024223962-001;28/05/2024 08:58;RUA DOUTOR CARVALHO, Nº 1455 - NOSSA SENHORA DAS GRAÇAS - PASSOS;-207.352.269;-466.037.303;Q05002 - PROJETO DE DIVULGACAO DA NATACAO (C) (Prioridade: 1 - Alta);1CIA IND/2CIA/1PEL(PASSOS);BM1797331;Não;Não;Não;BOLETIM DE OCORRENCIA;Classificada;29/05/2024 07:55;Não
2024-33793215-3;(BM) 2024-024242592-001;28/05/2024 10:36;RUA ALPENINOS, Nº 25 - CALIFORNIA - PASSOS;-207.060.753;-466.146.005;V01004 - VITIMA COM CRISE DIABETICA / HIPOGLICEMIA (C) (Prioridade: 1 - Alta);1CIA IND/2CIA/1PEL(PASSOS);UR04360;Não;Não;Não;BOLETIM DE OCORRENCIA;Classificada;29/05/2024 07:49;Não
2024-33793833-2;(BM) 2024-024248624-001;28/05/2024 11:28;RUA JOAO OSORIO PROENCA, Nº S/N - RECANTO DA TEKA - PASSOS;-207.447.454;-465.974.512;S06002 - CAPTURA DE ANIMAL SILVESTRE PERIGOSO / AGRESSIVO (C) (Prioridade: 2 - Média);1CIA IND/2CIA/1PEL(PASSOS);ASL00064;Não;Não;Não;BOLETIM DE OCORRENCIA;Classificada;29/05/2024 07:49;Não
2024-33794788-5;(BM) 2024-024259624-001;28/05/2024 13:06;RUA DOUTOR CARVALHO, Nº 1455 - NOSSA SENHORA DAS GRAÇAS - PASSOS;-207.352.269;-466.037.303;Q03020 - TREINAMENTO DE PILOTO DE RPA (C) (Prioridade: 3 - Baixa);1CIA IND/2CIA/1PEL(PASSOS);BM1640390;Não;Não;Não;BOLETIM DE OCORRENCIA;Classificada;29/05/2024 07:49;Não
2024-33795548-7;(BM) 2024-024267659-001;28/05/2024 14:02;RUA DOUTOR CARVALHO, Nº 1455 - NOSSA SENHORA DAS GRAÇAS - PASSOS;-207.352.269;-466.037.303;Q05002 - PROJETO DE DIVULGACAO DA NATACAO (C) (Prioridade: 1 - Alta);1CIA IND/2CIA/1PEL(PASSOS);BM1797554;Não;Não;Não;BOLETIM DE OCORRENCIA;Classificada;29/05/2024 07:49;Não
2024-33796776-7;(BM) 2024-024356878-001;28/05/2024 15:08;RODOVIA MG 050, Nº 1360 - SERRA VERDE - PASSOS;-20.737.687;-465.900.815;Q03018 - TREINAMENTO DE CONDUCAO E OPERACAO DE VIATURAS (C) (Prioridade: 3 - Baixa);1CIA IND/2CIA/1PEL(PASSOS);ASL00064;Não;Não;Não;BOLETIM DE OCORRENCIA;Classificada;29/05/2024 07:49;Não
2024-33796968-8;(BM) 2024-024286207-001;28/05/2024 15:19;RUA ELISIO ALVES AMORIM, Nº S/N - SANTO ANTONIO - ITAU DE MINAS;-207.376.622;-467.502.826;P01001 - VISTORIA DE FISCALIZACAO (C) (Prioridade: 2 - Média);1CIA IND/2CIA/PEL PREV E VIST(PASSOS);APF01362;Não;Não;Não;BOLETIM DE OCORRENCIA;Classificada;29/05/2024 07:49;Não
2024-33799176-6;(BM) 2024-024313073-001;28/05/2024 17:26;AVENIDA PROJETADA, Nº S/N - JARDIM FLORENCA - PASSOS;-206.924.763;-466.115.051;X03000 - EMPENHO ADMINISTRATIVO (C) (Prioridade: 2 - Média);1CIA IND/2CIA/1PEL(PASSOS);ASL00064;Não;Não;Não;BOLETIM DE OCORRENCIA;Classificada;29/05/2024 07:49;Não
2024-33799907-0;(BM) 2024-024320062-001;28/05/2024 18:10;AVENIDA NACOES, Nº S/N - VILA RICA - PASSOS;-207.276.808;-46.600.861;S06002 - CAPTURA DE ANIMAL SILVESTRE PERIGOSO / AGRESSIVO (C) (Prioridade: 2 - Média);1CIA IND/2CIA/1PEL(PASSOS);ASL00064;Não;Não;Não;BOLETIM DE OCORRENCIA;Classificada;29/05/2024 07:50;Não
2024-33803089-0;(BM) 2024-024387972-001;28/05/2024 21:50;AVENIDA JUCA STOCKLER, Nº S/N - SAO JOAQUIM - PASSOS;-207.420.993;-46.600.964;O02033 - INCENDIO EM AMONTOADO DE LIXO (C) (Prioridade: 2 - Média);1CIA IND/2CIA/1PEL(PASSOS);ABTS00495;Não;Não;Não;ATENDIDA PELO SAMU;Classificada;29/05/2024 07:50;Não
2024-33803247-0;(PM) 2024-024354957-001;28/05/2024 22:03;PRACA BELO HORIZONTE, Nº 32 - CENTRO - SAO JOAO BATISTA GLORIA;-206.405;-465.057.185;W98011 - SOLICITACAO DE APOIO (C) (Prioridade: 1 - Alta);1CIA IND/2CIA/1PEL(PASSOS);;Não;Não;Não;DISPENSADA PELO SOLICITANTE;Classificada;28/05/2024 22:13;Não
2024-33807189-7;(BM) 2024-024391717-001;29/05/2024 08:32;RUA DOUTOR CARVALHO, Nº 1455 - NOSSA SENHORA DAS GRAÇAS - PASSOS;-207.352.269;-466.037.303;Q03020 - TREINAMENTO DE PILOTO DE RPA (C) (Prioridade: 3 - Baixa);1CIA IND/2CIA/1PEL(PASSOS);BM1797430;Não;Não;Não;BOLETIM DE OCORRENCIA;Classificada;30/05/2024 07:44;Não
2024-33807450-5;(BM) 2024-024394526-001;29/05/2024 08:55;RUA DOUTOR CARVALHO, Nº 1455 - NOSSA SENHORA DAS GRAÇAS - PASSOS;-207.352.269;-466.037.303;Q05002 - PROJETO DE DIVULGACAO DA NATACAO (C) (Prioridade: 1 - Alta);1CIA IND/2CIA/1PEL(PASSOS);BM1795095;Não;Não;Não;BOLETIM DE OCORRENCIA;Classificada;30/05/2024 07:48;Não
2024-33807730-1;;29/05/2024 09:20;AVENIDA JUPITER, Nº 550 - PENHA - PASSOS;;;W09000 - CANCELADA POR ORDEM DO ORGAO DE COORDENACAO E CONTROLE (C) (Prioridade: 3 - Baixa);1CIA IND/2CIA/1PEL(PASSOS);ASL00064;Não;Não;Não;CANCELADA PELO COORDENADOR DO COBOM;Classificada;30/05/2024 07:44;Não
2024-33807764-3;(BM) 2024-024466252-001;29/05/2024 09:24;RUA GONCALVES DIAS, Nº 555 - CENTRO - PASSOS;;;P02002 - VISTORIA EM RISCO DE QUEDA DE ARVORE (C) (Prioridade: 2 - Média);1CIA IND/2CIA/1PEL(PASSOS);ASL00064;Não;Não;Não;BOLETIM DE OCORRENCIA;Classificada;30/05/2024 07:46;Não
2024-33808473-6;(BM) 2024-024409097-001;29/05/2024 10:26;AVENIDA EXPEDICIONARIOS, Nº S/N - MIRANTE DO VALE - PASSOS;-207.256.744;-465.818.365;X03000 - EMPENHO ADMINISTRATIVO (C) (Prioridade: 2 - Média);1CIA IND/2CIA/1PEL(PASSOS);UR04360;Não;Não;Não;BOLETIM DE OCORRENCIA;Classificada;30/05/2024 07:46;Não
2024-33810139-7;(BM) 2024-024427712-001;29/05/2024 12:59;RUA DOUTOR CARVALHO, Nº 1455 - NOSSA SENHORA DAS GRAÇAS - PASSOS;-207.352.269;-466.037.303;Q03020 - TREINAMENTO DE PILOTO DE RPA (C) (Prioridade: 3 - Baixa);1CIA IND/2CIA/1PEL(PASSOS);BM1640390;Não;Não;Não;BOLETIM DE OCORRENCIA;Classificada;30/05/2024 07:46;Não
2024-33810583-7;(BM) 2024-024433698-001;29/05/2024 13:42;RUA SENIO BERALDO LEMOS, Nº 132 - JARDIM CANADA - PASSOS;-20.754.059;-466.063.043;V01006 - VITIMA COM DIFICULDADE DE LOCOMOCAO (C) (Prioridade: 1 - Alta);1CIA IND/2CIA/1PEL(PASSOS);UR04360;Não;Não;Não;BOLETIM DE OCORRENCIA;Classificada;30/05/2024 07:48;Não
2024-33816840-0;(BM) 2024-024510661-001;29/05/2024 20:08;ESTRADA MUMBUCA, Nº S/N - PASSOS;-20.890.833;-46.593.611;O02034 - INCENDIO EM CACAMBA DE LIXO / ENTULHO (C) (Prioridade: 2 - Média);1CIA IND/2CIA/1PEL(PASSOS);ABTS00495;Não;Não;Não;BOLETIM DE OCORRENCIA;Classificada;30/05/2024 07:47;Não
2024-33822149-8;(BM) 2024-024552201-001;30/05/2024 05:40;AVENIDA ARLINDO FIGUEIREDO, Nº 850 - JARDIM PINHEIROS - PASSOS;-207.248.365;-466.210.844;O02038 - INCENDIO EM REDE ELETRICA / POSTE / CURTO-CIRCUITO (C) (Prioridade: 2 - Média);1CIA IND/2CIA/1PEL(PASSOS);ABTS00495;Não;Não;Não;BOLETIM DE OCORRENCIA;Classificada;30/05/2024 07:47;Não
2024-33822641-9;(BM) 2024-024552948-001;30/05/2024 07:37;RUA JOAO XXIII, Nº S/N - NOSSA SENHORA DAS GRAÇAS - PASSOS;-207.369.075;-466.056.281;P03001 - PERIGO DE DERRAPAGEM (C) (Prioridade: 2 - Média);1CIA IND/2CIA/1PEL(PASSOS);ASL00064;Não;Não;Não;BOLETIM DE OCORRENCIA;Classificada;30/05/2024 08:18;Não
2024-33823546-3;;30/05/2024 09:43;RUA DOUTOR CARVALHO, Nº 1453 - NOSSA SENHORA DAS GRAÇAS - PASSOS;-207.352.269;-466.037.303;X03000 - EMPENHO ADMINISTRATIVO (C) (Prioridade: 2 - Média);1CIA IND/2CIA/1PEL(PASSOS);;Não;Não;Não;DUPLICADA;Classificada;30/05/2024 10:05;Não
2024-33823578-0;;30/05/2024 09:51;RUA DOUTOR CARVALHO, Nº 1455 - NOSSA SENHORA DAS GRAÇAS - PASSOS;-207.352.269;-466.037.303;Q03020 - TREINAMENTO DE PILOTO DE RPA (C) (Prioridade: 3 - Baixa);1CIA IND/2CIA/1PEL(PASSOS);;Não;Não;Não;DUPLICADA;Classificada;30/05/2024 10:19;Não
2024-33823617-0;(BM) 2024-024679016-001;30/05/2024 09:55;RUA ACRE, Nº S/N - CANJERANUS - PASSOS;-207.127.097;-466.032.734;W10000 - DISPENSADA POR DUPLICIDADE DE EMPENHO COM OUTROS ORGAOS (C) (Prioridade: 1 - Alta);1CIA IND/2CIA/1PEL(PASSOS);UR04360;Não;Não;Não;BOLETIM DE OCORRENCIA;Classificada;01/06/2024 06:38;Não
2024-33824039-0;(BM) 2024-024951992-001;30/05/2024 10:45;RUA DOUTOR CARVALHO, Nº 1455 - NOSSA SENHORA DAS GRAÇAS - PASSOS;-207.352.269;-466.037.303;Q03020 - TREINAMENTO DE PILOTO DE RPA (C) (Prioridade: 3 - Baixa);1CIA IND/2CIA/1PEL(PASSOS);BM1797430;Não;Não;Não;ATENDIDA PELO SAMU;Classificada;01/06/2024 06:38;Não
2024-33824375-8;(BM) 2024-024569748-001;30/05/2024 11:24;RUA GOIAS, Nº 2718 - JARDIM COLEGIO DE PASSOS - PASSOS;-207.181.808;-465.932.407;V01023 - VITIMA DE SINCOPE (DESMAIO)/VERTIGEM (C) (Prioridade: 1 - Alta);1CIA IND/2CIA/1PEL(PASSOS);UR04360;Não;Não;Não;BOLETIM DE OCORRENCIA;Classificada;01/06/2024 06:39;Não
2024-33825151-6;(BM) 2024-024576530-001;30/05/2024 13:08;RUA DOUTOR CARVALHO, Nº 1455 - NOSSA SENHORA DAS GRAÇAS - PASSOS;-207.352.269;-466.037.303;Q03020 - TREINAMENTO DE PILOTO DE RPA (C) (Prioridade: 3 - Baixa);1CIA IND/2CIA/1PEL(PASSOS);BM1274612;Não;Não;Não;BOLETIM DE OCORRENCIA;Classificada;01/06/2024 06:38;Não
2024-33825207-9;(BM) 2024-024577170-001;30/05/2024 13:16;RUA DOUTOR CARVALHO, Nº 1455 - NOSSA SENHORA DAS GRAÇAS - PASSOS;-207.352.269;-466.037.303;P02001 - VISTORIA EM HIDRANTE (C) (Prioridade: 2 - Média);1CIA IND/2CIA/1PEL(PASSOS);ASL00064;Não;Não;Não;BOLETIM DE OCORRENCIA;Classificada;01/06/2024 06:38;Não
2024-33825480-8;(BM) 2024-024579546-001;30/05/2024 13:43;RUA ETIOPIA, Nº 233 - CENTRO - PASSOS;-207.207.806;-46.603.572;P02001 - VISTORIA EM HIDRANTE (C) (Prioridade: 2 - Média);1CIA IND/2CIA/1PEL(PASSOS);ASL00064;Não;Não;Não;BOLETIM DE OCORRENCIA;Classificada;01/06/2024 06:38;Não
2024-33825699-5;(BM) 2024-024581783-001;30/05/2024 14:07;AVENIDA AROUCA, Nº 140 - CENTRO - PASSOS;-207.152.685;-466.093.884;P02001 - VISTORIA EM HIDRANTE (C) (Prioridade: 2 - Média);1CIA IND/2CIA/1PEL(PASSOS);ASL00064;Não;Não;Não;BOLETIM DE OCORRENCIA;Classificada;01/06/2024 06:38;Não
2024-33830083-7;(BM) 2024-024623507-001;30/05/2024 18:50;RUA PEDRO SICAR ROMANELLI, Nº 61 - COHAB 3 - PASSOS;-207.024.212;-466.247.623;S06002 - CAPTURA DE ANIMAL SILVESTRE PERIGOSO / AGRESSIVO (C) (Prioridade: 2 - Média);1CIA IND/2CIA/1PEL(PASSOS);ASL00064;Não;Não;Não;BOLETIM DE OCORRENCIA;Classificada;01/06/2024 06:37;Não
2024-33830757-9;(BM) 2024-024630719-001;30/05/2024 19:32;AVENIDA JUCA STOCKLER, Nº S/N - NOSSA SENHORA DAS GRAÇAS - PASSOS;-207.245.378;-465.934.794;V01023 - VITIMA DE SINCOPE (DESMAIO)/VERTIGEM (C) (Prioridade: 1 - Alta);1CIA IND/2CIA/1PEL(PASSOS);UR04360;Não;Não;Não;BOLETIM DE OCORRENCIA;Classificada;01/06/2024 07:59;Não
2024-33836993-4;(BM) 2024-024683958-001;31/05/2024 08:30;RUA DOUTOR CARVALHO, Nº 1455 - NOSSA SENHORA DAS GRAÇAS - PASSOS;-207.352.269;-466.037.303;Q03005 - TREINAMENTO DE SALVAMENTO TERRESTRE (C) (Prioridade: 2 - Média);1CIA IND/2CIA/1PEL(PASSOS);BM1551159;Não;Não;Não;BOLETIM DE OCORRENCIA;Classificada;01/06/2024 07:59;Não
2024-33837133-1;(BM) 2024-024685578-001;31/05/2024 08:55;RUA NANUQUE, Nº 106 - COHAB 2 - PASSOS;-207.105.249;-466.267.871;S06001 - SALVAMENTO DE ANIMAL EM RISCO / PERIGO (C) (Prioridade: 2 - Média);1CIA IND/2CIA/1PEL(PASSOS);ABTS00495;Não;Não;Não;BOLETIM DE OCORRENCIA;Classificada;01/06/2024 07:58;Não
2024-33837539-6;(BM) 2024-024689325-001;31/05/2024 09:38;RUA DOUTOR CARVALHO, Nº 1455 - NOSSA SENHORA DAS GRAÇAS - PASSOS;-207.352.269;-466.037.303;Q03020 - TREINAMENTO DE PILOTO DE RPA (C) (Prioridade: 3 - Baixa);1CIA IND/2CIA/1PEL(PASSOS);BM1797430;Não;Não;Não;BOLETIM DE OCORRENCIA;Classificada;01/06/2024 07:59;Não
2024-33837738-2;(BM) 2024-024694973-001;31/05/2024 10:03;RUA MARIA AGELUNE / RUA JURANDIR LEANDRO VIEIRA - RESIDENCIAL VILLAGIO DI ITALIA - PASSOS;-207.327.698;-4.658.843;P02001 - VISTORIA EM HIDRANTE (C) (Prioridade: 2 - Média);1CIA IND/2CIA/1PEL(PASSOS);ASL00064;Não;Não;Não;BOLETIM DE OCORRENCIA;Classificada;01/06/2024 07:58;Não
2024-33838059-6;(BM) 2024-024695112-001;31/05/2024 10:41;RUA WANDEIR R REZENDE / AVENIDA CHICO XAVIER - PARQUE DAS AROEIRAS - PASSOS;-20.720.965;-46.628.404;P02003 - VISTORIA EM LOTE VAGO (C) (Prioridade: 2 - Média);1CIA IND/2CIA/1PEL(PASSOS);ASL00064;Não;Não;Não;BOLETIM DE OCORRENCIA;Classificada;01/06/2024 07:58;Não
2024-33838338-0;(BM) 2024-024701438-001;31/05/2024 11:08;RUA SAO FRANCISCO DE ASSIS, Nº 1300 - RESIDENCIAL ELDORADO - PASSOS;;;S06003 - CAPTURA DE CAO PERIGOSO / AGRESSIVO (C) (Prioridade: 2 - Média);1CIA IND/2CIA/1PEL(PASSOS);ASL00064;Não;Não;Não;BOLETIM DE OCORRENCIA;Classificada;01/06/2024 07:59;Não
2024-33840097-8;(BM) 2024-024716189-001;31/05/2024 14:20;RUA DOUTOR CARVALHO, Nº 1455 - NOSSA SENHORA DAS GRAÇAS - PASSOS;-207.352.269;-466.037.303;Q03020 - TREINAMENTO DE PILOTO DE RPA (C) (Prioridade: 3 - Baixa);1CIA IND/2CIA/1PEL(PASSOS);BM1274612;Não;Não;Não;BOLETIM DE OCORRENCIA;Classificada;01/06/2024 07:59;Não
2024-33842066-5;(BM) 2024-024736647-001;31/05/2024 16:25;RUA IRACEMA PEREIRA LEMOS, Nº 227 - RECANTO DO BOSQUE - PASSOS;-207.251.291;-465.823.335;P02003 - VISTORIA EM LOTE VAGO (C) (Prioridade: 2 - Média);1CIA IND/2CIA/1PEL(PASSOS);ASL00064;Não;Não;Não;BOLETIM DE OCORRENCIA;Classificada;01/06/2024 07:59;Não
2024-33842822-6;(BM) 2024-024750023-001;31/05/2024 17:14;RUA AGUAS, Nº 319 - SERRA VERDE - PASSOS;-207.434.218;-465.942.314;V01008 - VITIMA COM DOR ABDOMINAL (ABDOME AGUDO) (C) (Prioridade: 1 - Alta);1CIA IND/2CIA/1PEL(PASSOS);UR04360;Não;Não;Não;BOLETIM DE OCORRENCIA;Classificada;01/06/2024 07:59;Não
2024-33843732-0;(BM) 2024-024757549-001;31/05/2024 18:20;RUA BONSUCESSO, Nº 650 - PENHA - PASSOS;-207.199.667;-466.169.955;S06005 - CAPTURA DE INSETOS (C) (Prioridade: 2 - Média);1CIA IND/2CIA/1PEL(PASSOS);ASL00064;Não;Não;Não;BOLETIM DE OCORRENCIA;Classificada;01/06/2024 07:59;Não
2024-33845407-0;(BM) 2024-024781247-001;31/05/2024 20:25;RUA DOS JACARANDAS, Nº 370 - PASSOS;-207.192.676;-466.430.343;O04012 - INCENDIO EM LOTE VAGO (AREA URBANA) (C) (Prioridade: 2 - Média);1CIA IND/2CIA/1PEL(PASSOS);ABTS00495;Não;Não;Não;BOLETIM DE OCORRENCIA;Classificada;01/06/2024 07:59;Não
