Nº chamada;Nº REDS;Data/hora de criação;Local do fato;Latitude  do local;Longitude do local;Natureza;Unidade Responsável;Recursos empenhados;Alerta;Destaque;Envolve autoridade;Tipo de classificação;Situação;Data/hora da situação atual;Evento associado
2024-32348906-2;(BM) 2024-009574110-001;01/03/2024 08:10;FAZENDA AGUA LIMPA - REINALDO BATISTA PIRES, Nº S/N - CASSIA;-206.163.087;-468.844.214;P01002 - VISTORIA DE LIBERACAO / EMISSAO DE AVCB (C) (Prioridade: 2 - Média);1CIA IND/2CIA/PEL PREV E VIST(PASSOS);APF01362;Não;Não;Não;BOLETIM DE OCORRENCIA;Classificada;02/03/2024 07:04;Não
2024-32348947-0;(BM) 2024-009574493-001;01/03/2024 08:13;RUA DOUTOR CARVALHO, Nº 1455 - NOSSA SENHORA DAS GRAÇAS - PASSOS;-207.352.269;-466.037.303;Q03001 - TREINAMENTO DE COMBATE A INCENDIO (C) (Prioridade: 2 - Média);1CIA IND/2CIA/1PEL(PASSOS);BM1640390;Não;Não;Não;BOLETIM DE OCORRENCIA;Classificada;02/03/2024 07:07;Não
2024-32349766-0;(BM) 2024-009592651-001;01/03/2024 09:36;RUA PERNAMBUCO, Nº 382 - BELA VISTA - PASSOS;-207.162.841;-465.981.412;S06008 - CORTE DE ARVORE CAIDA EM VIA PUBLICA (C) (Prioridade: 2 - Média);1CIA IND/2CIA/1PEL(PASSOS);ABTS0495;Não;Não;Não;BOLETIM DE OCORRENCIA;Classificada;02/03/2024 07:04;Não
2024-32351142-8;(BM) 2024-009601507-001;01/03/2024 11:40;RODOVIA MG 444, KM 02, BAIRRO RURAL AGUA LIMPA, Km 2, Nº S/N - CASSIA;;;P01002 - VISTORIA DE LIBERACAO / EMISSAO DE AVCB (C) (Prioridade: 2 - Média);1CIA IND/2CIA/PEL PREV E VIST(PASSOS);APF01362;Não;Não;Não;BOLETIM DE OCORRENCIA;Classificada;02/03/2024 07:04;Não
2024-32352151-4;(BM) 2024-009612169-001;01/03/2024 13:25;AVENIDA OLIVEIRA REZENDE, Nº 1217 - CENTRO - SAO SEBASTIAO PARAISO;-209.098.609;-469.961.759;X03000 - EMPENHO ADMINISTRATIVO (C) (Prioridade: 2 - Média);1CIA IND/2CIA/1PEL(PASSOS);ASL00064;Não;Não;Não;BOLETIM DE OCORRENCIA;Classificada;02/03/2024 07:04;Não
2024-32352177-8;(BM) 2024-009612325-001;01/03/2024 13:29;RUA ENGENHEIRO JEAN REGIS DE SOUZA SILVEIRA TEODORO, Nº 111 - RESIDENCIAL RECANTO DOS PINHEIROS - PASSOS;-206.931.263;-466.101.457;P02003 - VISTORIA EM LOTE VAGO (C) (Prioridade: 2 - Média);1CIA IND/2CIA/1PEL(PASSOS);ABTS0495;Não;Não;Não;BOLETIM DE OCORRENCIA;Classificada;02/03/2024 07:05;Não
2024-32352271-6;(BM) 2024-009625220-001;01/03/2024 13:34;RUA DEZOITO DE SETEMBRO, Nº 350 - PENHA - PASSOS;-207.147.221;-466.243.699;O04012 - INCENDIO EM LOTE VAGO (AREA URBANA) (C) (Prioridade: 2 - Média);1CIA IND/2CIA/1PEL(PASSOS);ABTS0495;Não;Não;Não;BOLETIM DE OCORRENCIA;Classificada;02/03/2024 07:04;Não
2024-32352352-6;(BM) 2024-009617369-001;01/03/2024 13:42;AVENIDA PROJETADA, Nº S/N - JARDIM FLORENCA - PASSOS;-206.924.763;-466.115.051;P02001 - VISTORIA EM HIDRANTE (C) (Prioridade: 2 - Média);1CIA IND/2CIA/1PEL(PASSOS);ABTS0495;Não;Não;Não;BOLETIM DE OCORRENCIA;Classificada;02/03/2024 07:04;Não
2024-32353583-4;;01/03/2024 14:56;RUA NATALE DE MORAIS, S/N, Nº S/N - GUARANESIA;-21.312.668;-4.678.301;O04012 - INCENDIO EM LOTE VAGO (AREA URBANA) (C) (Prioridade: 2 - Média);1CIA IND (POCOS DE CALDAS);;Não;Não;Não;NÃO ATENDIDA: FALTA DE EFETIVO;Classificada;01/03/2024 14:59;Não
2024-32354931-4;(BM) 2024-009655020-001;01/03/2024 16:19;AVENIDA NACOES, Nº S/N - VILA RICA - PASSOS;-207.276.808;-46.600.861;S06002 - CAPTURA DE ANIMAL SILVESTRE PERIGOSO / AGRESSIVO (C) (Prioridade: 2 - Média);1CIA IND/2CIA/1PEL(PASSOS);ASL00064;Não;Não;Não;BOLETIM DE OCORRENCIA;Classificada;02/03/2024 07:05;Não
2024-32356104-6;(BM) 2024-009658679-001;01/03/2024 17:31;RUA CAETES, Nº S/N - NOSSA SENHORA APARECIDA - PASSOS;-20.743.907;-466.081.916;S06002 - CAPTURA DE ANIMAL SILVESTRE PERIGOSO / AGRESSIVO (C) (Prioridade: 2 - Média);1CIA IND/2CIA/1PEL(PASSOS);ASL00064;Não;Não;Não;BOLETIM DE OCORRENCIA;Classificada;02/03/2024 07:05;Não
2024-32356964-4;(BM) 2024-009668449-001;01/03/2024 18:27;FAZENDA ALS_0133 - FAZENDA PRATA - JOSE GERMANO NETO, Nº S/N - ALPINOPOLIS;-20.803.052;-464.054.131;S04004 - DESABAMENTO / DESMORONAMENTO / COLAPSO DE ESTRUTURAS (C) (Prioridade: 1 - Alta);1CIA IND/2CIA/1PEL(PASSOS);ASL00064;Não;Não;Não;BOLETIM DE OCORRENCIA;Classificada;02/03/2024 07:06;Não
2024-32365391-0;(BM) 2024-009738568-001;02/03/2024 08:35;RUA BARIRIS, Nº 720 - JARDIM ITALIA - PASSOS;-207.474.573;-466.027.067;S06001 - SALVAMENTO DE ANIMAL EM RISCO / PERIGO (C) (Prioridade: 2 - Média);1CIA IND/2CIA/1PEL(PASSOS);ASL00064;Não;Não;Não;BOLETIM DE OCORRENCIA;Classificada;02/03/2024 11:36;Não
2024-32365760-5;(PM) 2024-009748498-001;02/03/2024 09:19;AVENIDA DONA LIQUINHA SILVEIRA, Nº 875 - COHAB 3 - PASSOS;-207.081.697;-466.235.509;W98011 - SOLICITACAO DE APOIO (C) (Prioridade: 1 - Alta);1CIA IND/2CIA/1PEL(PASSOS);;Não;Não;Não;ATENDIDA PELO SAMU;Classificada;02/03/2024 09:57;Não
2024-32366113-3;(BM) 2024-009744433-001;02/03/2024 09:58;PRACA FRANCISCO SALLES, Nº S/N - BELO HORIZONTE - PASSOS;-207.264.675;-466.045.971;P03999 - OUTROS TIPOS DE PCI / PCA   (C) (Prioridade: 2 - Média);1CIA IND/2CIA/1PEL(PASSOS);ASL00064;Não;Não;Não;BOLETIM DE OCORRENCIA;Classificada;02/03/2024 11:35;Não
2024-32366624-2;(BM) 2024-009749408-001;02/03/2024 10:53;RUA DOUTOR CARVALHO, Nº 1455 - NOSSA SENHORA DAS GRAÇAS - PASSOS;-207.352.269;-466.037.303;Q03005 - TREINAMENTO DE SALVAMENTO TERRESTRE (C) (Prioridade: 2 - Média);1CIA IND/2CIA/1PEL(PASSOS);BM1637099;Não;Não;Não;BOLETIM DE OCORRENCIA;Classificada;02/03/2024 11:43;Não
2024-32368220-4;(BM) 2024-009762570-001;02/03/2024 13:54;RUA BRIGADEIRO WILSON ABREU NOGUEIRA, Nº 144 - JARDIM PINHEIROS - PASSOS;-207.253.136;-466.225.279;O04012 - INCENDIO EM LOTE VAGO (AREA URBANA) (C) (Prioridade: 2 - Média);1CIA IND/2CIA/1PEL(PASSOS);ABTS0495;Não;Não;Não;BOLETIM DE OCORRENCIA;Classificada;03/03/2024 07:13;Não
2024-32370437-9;(BM) 2024-009783666-001;02/03/2024 16:32;RUA BRIGADEIRO WILSON ABREU NOGUEIRA, Nº S/N - JARDIM PINHEIROS - PASSOS;-207.239.769;-466.237.221;P02003 - VISTORIA EM LOTE VAGO (C) (Prioridade: 2 - Média);1CIA IND/2CIA/1PEL(PASSOS);ASL00064;Não;Não;Não;BOLETIM DE OCORRENCIA;Classificada;03/03/2024 07:13;Não
2024-32371334-1;(BM) 2024-009802680-001;02/03/2024 17:36;RUA BRIGADEIRO WILSON ABREU NOGUEIRA, Nº S/N - JARDIM PINHEIROS - PASSOS;-207.239.769;-466.237.221;P02003 - VISTORIA EM LOTE VAGO (C) (Prioridade: 2 - Média);1CIA IND/2CIA/1PEL(PASSOS);ASL00064;Não;Não;Não;BOLETIM DE OCORRENCIA;Classificada;03/03/2024 07:13;Não
2024-32381459-3;(BM) 2024-009869490-001;03/03/2024 08:09;RUA TEREZA CRISTINA, Nº 42 - CENTRO - PASSOS;-207.184.837;-466.122.115;O04012 - INCENDIO EM LOTE VAGO (AREA URBANA) (C) (Prioridade: 2 - Média);1CIA IND/2CIA/1PEL(PASSOS);ABTS0495;Não;Não;Não;BOLETIM DE OCORRENCIA;Classificada;03/03/2024 15:25;Não
2024-32381919-1;(BM) 2024-009873353-001;03/03/2024 09:18;RUA DOUTOR CARVALHO, Nº 1455 - NOSSA SENHORA DAS GRAÇAS - PASSOS;-207.352.269;-466.037.303;Q03999 - OUTROS TIPOS DE TREINAMENTO (C) (Prioridade: 2 - Média);1CIA IND/2CIA/1PEL(PASSOS);BM1525005;Não;Não;Não;BOLETIM DE OCORRENCIA;Classificada;03/03/2024 15:26;Não
2024-32382296-6;(BM) 2024-009876658-001;03/03/2024 10:10;RUA JULIA BORSARI CARDOSO, Nº S/N - NOVA PASSOS II - PASSOS;-206.997.417;-466.316.048;P02001 - VISTORIA EM HIDRANTE (C) (Prioridade: 2 - Média);1CIA IND/2CIA/1PEL(PASSOS);ASL00064;Não;Não;Não;BOLETIM DE OCORRENCIA;Classificada;03/03/2024 15:26;Não
2024-32382412-5;(BM) 2024-009882564-003 / (PM) 2024-009882564-001;03/03/2024 10:20;RODOVIA PASSOS / GLORIA, Nº S/N - PASSOS;-20.700.737;-46.586.887;S02002 - AFOGAMENTO EM RIO / RIACHO / CORREGO (C) (Prioridade: 1 - Alta);1CIA IND/2CIA/1PEL(PASSOS);ASL00064 / ABTS0495;Não;Não;Não;BOLETIM DE OCORRENCIA;Classificada;03/03/2024 20:33;Não
2024-32384029-0;(BM) 2024-009894907-001;03/03/2024 13:55;RUA BONSUCESSO, Nº 601 - CANDEIAS - PASSOS;-207.199.616;-466.165.143;O02002 - INCENDIO EM RESIDENCIA/HABITACAO MULTIFAMILIAR (APARTAMENTO) (C) (Prioridade: 1 - Alta);1CIA IND/2CIA/1PEL(PASSOS);ABTS0495;Não;Não;Não;BOLETIM DE OCORRENCIA;Classificada;03/03/2024 15:22;Não
2024-32384774-7;;03/03/2024 14:49;AVENIDA MUSEU, Nº 27 - CASARAO - PASSOS;-207.193.673;-465.906.652;S06001 - SALVAMENTO DE ANIMAL EM RISCO / PERIGO (C) (Prioridade: 2 - Média);1CIA IND/2CIA/1PEL(PASSOS);;Não;Não;Não;DISPENSADA PELO SOLICITANTE;Classificada;03/03/2024 14:51;Não
2024-32386369-0;(BM) 2024-009918347-001;03/03/2024 16:41;RUA PERUIBES, Nº 260 - JARDIM ITALIA - PASSOS;-2.074.432;-466.027.851;S04014 - SALVAMENTO DE PESSOA COM OBJETO PRESO AO CORPO (C) (Prioridade: 1 - Alta);1CIA IND/2CIA/1PEL(PASSOS);ABTS0495;Não;Não;Não;BOLETIM DE OCORRENCIA;Classificada;03/03/2024 20:32;Não
2024-32387210-8;(BM) 2024-009920597-001;03/03/2024 17:35;RUA DOUTOR CARVALHO, Nº 1455 - NOSSA SENHORA DAS GRAÇAS - PASSOS;-207.352.269;-466.037.303;V01018 - VITIMA DE MAL NAO DEFINIDO (DISTURBIO) (C) (Prioridade: 1 - Alta);1CIA IND/2CIA/PEL PREV E VIST(PASSOS);APF01362;Não;Não;Não;BOLETIM DE OCORRENCIA;Classificada;03/03/2024 19:48;Não
2024-32388535-8;;03/03/2024 19:02;RODOVIA MG 444 - CAPETINGA;;;O04013 - INCENDIO EM PASTO (C) (Prioridade: 2 - Média);1CIA IND/2CIA/1PEL(PASSOS);;Não;Não;Não;NADA CONSTATADO;Classificada;03/03/2024 20:10;Não
2024-32389041-3;(BM) 2024-009949805-001;03/03/2024 19:34;RUA DOUTOR CARVALHO, Nº 813 - BELO HORIZONTE - PASSOS;-207.288.252;-466.060.037;S05303 - COLISAO ENTRE AUTOMOVEIS (CARRO, CAMIONETA, CAMINHONETE) (C) (Prioridade: 1 - Alta);1CIA IND/2CIA/1PEL(PASSOS);ABTS0495;Não;Não;Não;BOLETIM DE OCORRENCIA;Classificada;03/03/2024 22:08;Não
2024-32395200-0;(BM) 2024-009988254-001;04/03/2024 07:29;RODOVIA PASSOS / GLORIA, Nº S/N - PASSOS;-20.700.737;-46.586.887;S02002 - AFOGAMENTO EM RIO / RIACHO / CORREGO (C) (Prioridade: 1 - Alta);1CIA IND/2CIA/1PEL(PASSOS);ASL00064;Não;Não;Não;BOLETIM DE OCORRENCIA;Classificada;04/03/2024 23:09;Não
2024-32395413-0;(BM) 2024-009995531-001;04/03/2024 07:57;RUA COIMBRAS, Nº 1704 - JARDIM ELAINE - PASSOS;-206.935.576;-466.164.201;W03000 - SOLICITANTE ENCONTRADO - PROVIDENCIA DISPENSADA (C) (Prioridade: 3 - Baixa);1CIA IND/2CIA/1PEL(PASSOS);ABTS0495;Não;Não;Não;BOLETIM DE OCORRENCIA;Classificada;04/03/2024 23:17;Não
2024-32395594-7;(BM) 2024-010006677-001;04/03/2024 08:14;RUA PEDRO PASSAGEM, Nº S/N - GOIANAZES - CAPETINGA;-206.960.459;-470.188.745;P01002 - VISTORIA DE LIBERACAO / EMISSAO DE AVCB (C) (Prioridade: 2 - Média);1CIA IND/2CIA/PEL PREV E VIST(PASSOS);APF01362;Não;Não;Não;BOLETIM DE OCORRENCIA;Classificada;04/03/2024 23:14;Não
2024-32396461-9;(BM) 2024-010108973-001;04/03/2024 09:36;AVENIDA COMENDADOR FRANCISCO A MAIA, Nº 1458 - PASSOS;-207.133.738;-466.095.064;P02001 - VISTORIA EM HIDRANTE (C) (Prioridade: 2 - Média);1CIA IND/2CIA/1PEL(PASSOS);ABTS0495;Não;Não;Não;BOLETIM DE OCORRENCIA;Classificada;04/03/2024 23:15;Não
2024-32396755-0;(BM) 2024-010008607-001;04/03/2024 10:02;RUA DONA NENE, Nº 536 - CENTRO - CAPETINGA;-206.214.539;-47.057.966;P01001 - VISTORIA DE FISCALIZACAO (C) (Prioridade: 2 - Média);1CIA IND/2CIA/PEL PREV E VIST(PASSOS);APF01362;Não;Não;Não;BOLETIM DE OCORRENCIA;Classificada;04/03/2024 23:15;Não
2024-32396903-5;(BM) 2024-010008949-001;04/03/2024 10:14;RODOVIA MG 444, Km 44, Nº S/N - CAPETINGA;-206.240.263;-470.588.239;P01001 - VISTORIA DE FISCALIZACAO (C) (Prioridade: 2 - Média);1CIA IND/2CIA/PEL PREV E VIST(PASSOS);APF01362;Não;Não;Não;BOLETIM DE OCORRENCIA;Classificada;04/03/2024 23:13;Não
2024-32397256-5;(BM) 2024-010166271-001;04/03/2024 10:43;RUA BASTILHA, Nº 240 - RECANTO DEL REI - PASSOS;-207.286.897;-466.002.999;W04000 - NADA CONSTATADO (C) (Prioridade: 3 - Baixa);1CIA IND/2CIA/1PEL(PASSOS);ABTS0495;Não;Não;Não;BOLETIM DE OCORRENCIA;Classificada;05/03/2024 08:00;Não
2024-32398047-0;(BM) 2024-010034687-001;04/03/2024 11:49;RUA JOAO MELO FREIRE, Nº 40 - JARDIM CIDADE - PASSOS;-207.318.699;-466.280.818;O04012 - INCENDIO EM LOTE VAGO (AREA URBANA) (C) (Prioridade: 3 - Baixa);1CIA IND/2CIA/1PEL(PASSOS);ABTS0495;Não;Não;Não;BOLETIM DE OCORRENCIA;Classificada;04/03/2024 23:13;Não
2024-32399620-7;(BM) 2024-010040669-001;04/03/2024 14:07;RUA SAO JOSE, Nº 241 - CAPETINGA;-206.178.125;-470.591.006;P01001 - VISTORIA DE FISCALIZACAO (C) (Prioridade: 2 - Média);1CIA IND/2CIA/PEL PREV E VIST(PASSOS);APF01362;Não;Não;Não;BOLETIM DE OCORRENCIA;Classificada;04/03/2024 23:11;Não
2024-32399799-1;(BM) 2024-010043662-001;04/03/2024 14:19;RUA DONA NENE, Nº 391 - CENTRO - CAPETINGA;-206.199.918;-470.577.765;P01001 - VISTORIA DE FISCALIZACAO (C) (Prioridade: 2 - Média);1CIA IND/2CIA/PEL PREV E VIST(PASSOS);APF01362;Não;Não;Não;BOLETIM DE OCORRENCIA;Classificada;04/03/2024 23:11;Não
2024-32400273-6;(BM) 2024-010050050-001;04/03/2024 14:44;RUA DONA NENE, Nº 605 - CENTRO - CAPETINGA;-206.223.575;-470.577.168;P01001 - VISTORIA DE FISCALIZACAO (C) (Prioridade: 2 - Média);1CIA IND/2CIA/PEL PREV E VIST(PASSOS);APF01362;Não;Não;Não;BOLETIM DE OCORRENCIA;Classificada;04/03/2024 23:11;Não
2024-32401118-9;(BM) 2024-010078031-001;04/03/2024 15:26;RUA MARANHAO, Nº 35 - CARMELO - PASSOS;-207.164.609;-466.027.707;W04000 - NADA CONSTATADO (C) (Prioridade: 3 - Baixa);1CIA IND/2CIA/1PEL(PASSOS);ABTS0495;Não;Não;Não;BOLETIM DE OCORRENCIA;Classificada;04/03/2024 23:15;Não
2024-32402403-0;(BM) 2024-010100635-001;04/03/2024 16:32;RUA JOAO CASEMIRO, Nº 280 - ALPINOPOLIS;;;S06002 - CAPTURA DE ANIMAL SILVESTRE PERIGOSO / AGRESSIVO (C) (Prioridade: 2 - Média);1CIA IND/2CIA/1PEL(PASSOS);ABTS0495;Não;Não;Não;BOLETIM DE OCORRENCIA;Classificada;04/03/2024 23:10;Não
2024-32405478-6;(BM) 2024-010109978-001;04/03/2024 19:37;RUA BALSAMO, Nº S/N - SERRA DAS BRISAS - PASSOS;-207.345.066;-465.931.018;P02003 - VISTORIA EM LOTE VAGO (C) (Prioridade: 2 - Média);1CIA IND/2CIA/1PEL(PASSOS);ASL00064;Não;Não;Não;BOLETIM DE OCORRENCIA;Classificada;04/03/2024 23:11;Não
2024-32411277-9;(BM) 2024-010168872-001;05/03/2024 08:03;RODOVIA PASSOS / GLORIA, Nº S/N - PASSOS;-20.700.737;-46.586.887;S02002 - AFOGAMENTO EM RIO / RIACHO / CORREGO (C) (Prioridade: 1 - Alta);1CIA IND/2CIA/1PEL(PASSOS);ASL00064;Não;Não;Não;BOLETIM DE OCORRENCIA;Classificada;06/03/2024 06:59;Não
2024-32411664-5;(BM) 2024-010172162-001;05/03/2024 08:37;RUA SACRAMENTO, Nº 297 - COHAB 2 - PASSOS;-207.084.538;-466.287.553;P01001 - VISTORIA DE FISCALIZACAO (C) (Prioridade: 2 - Média);1CIA IND/2CIA/PEL PREV E VIST(PASSOS);APF01362;Não;Não;Não;BOLETIM DE OCORRENCIA;Classificada;06/03/2024 06:59;Não
2024-32411837-1;(BM) 2024-010177165-001;05/03/2024 08:58;RUA DENIS PROVENZANI DE ALMEIDA, Nº S/N - RESIDENCIAL VILLAGIO DI ITALIA - PASSOS;-207.324.276;-4.659.219;P02003 - VISTORIA EM LOTE VAGO (C) (Prioridade: 2 - Média);1CIA IND/2CIA/1PEL(PASSOS);ABTS0495;Não;Não;Não;BOLETIM DE OCORRENCIA;Classificada;06/03/2024 06:59;Não
2024-32412034-2;(BM) 2024-010177059-001;05/03/2024 09:15;RUA ARIES, Nº 150 - SERRA VERDE - PASSOS;-207.411.813;-46.593.049;P01001 - VISTORIA DE FISCALIZACAO (C) (Prioridade: 2 - Média);1CIA IND/2CIA/PEL PREV E VIST(PASSOS);APF01362;Não;Não;Não;BOLETIM DE OCORRENCIA;Classificada;06/03/2024 06:59;Não
2024-32412039-6;(BM) 2024-010177297-001;05/03/2024 09:17;RUA DENIS PROVENZANI DE ALMEIDA, Nº S/N - RESIDENCIAL VILLAGIO DI ITALIA - PASSOS;-207.324.276;-4.659.219;P02003 - VISTORIA EM LOTE VAGO (C) (Prioridade: 2 - Média);1CIA IND/2CIA/1PEL(PASSOS);ABTS0495;Não;Não;Não;BOLETIM DE OCORRENCIA;Classificada;06/03/2024 06:59;Não
2024-32412324-2;(BM) 2024-010181583-001;05/03/2024 09:45;AVENIDA OTTO KRAKAUER, Nº S/N - SANTA CASA - PASSOS;-207.116.545;-466.111.371;P02001 - VISTORIA EM HIDRANTE (C) (Prioridade: 2 - Média);1CIA IND/2CIA/1PEL(PASSOS);ABTS0495;Não;Não;Não;BOLETIM DE OCORRENCIA;Classificada;06/03/2024 06:59;Não
2024-32412521-3;(BM) 2024-010245532-001;05/03/2024 09:59;AVENIDA ELDORADO, Nº 417 - RESIDENCIAL ELDORADO - PASSOS;-207.314.393;-46.620.276;S04009 - SALVAMENTO DE PESSOA PRESA EM IMOVEL (C) (Prioridade: 2 - Média);1CIA IND/2CIA/1PEL(PASSOS);ABTS0495;Não;Não;Não;BOLETIM DE OCORRENCIA;Classificada;06/03/2024 06:59;Não
2024-32413790-0;(BM) 2024-010201755-001;05/03/2024 11:51;RUA OCTAVIANO CAETANO CINTRA, Nº 283 - PASSOS;-207.222.242;-466.212.808;W04000 - NADA CONSTATADO (C) (Prioridade: 3 - Baixa);1CIA IND/2CIA/1PEL(PASSOS);ABTS0495;Não;Não;Não;BOLETIM DE OCORRENCIA;Classificada;06/03/2024 06:59;Não
2024-32414199-3;(PM) 2024-010236256-001;05/03/2024 12:39;RUA DO MEIO, Nº 320 - NOVO HORIZONTE - PASSOS;-207.349.846;-466.016.964;W98011 - SOLICITACAO DE APOIO (C) (Prioridade: 1 - Alta);1CIA IND/2CIA/1PEL(PASSOS);;Não;Não;Não;REPASSADA A OUTROS ÓRGAOS;Classificada;05/03/2024 16:21;Não
2024-32414306-1;(BM) 2024-010205675-001;05/03/2024 12:51;RUA HENRIQUE AMELIO DE OLIVEIRA, Nº S/N - RECANTO DA TEKA - PASSOS;-207.452.007;-465.973.272;O04012 - INCENDIO EM LOTE VAGO (AREA URBANA) (C) (Prioridade: 2 - Média);1CIA IND/2CIA/1PEL(PASSOS);ABTS0495;Não;Não;Não;BOLETIM DE OCORRENCIA;Classificada;06/03/2024 06:59;Não
2024-32414521-4;(BM) 2024-010207687-001;05/03/2024 13:09;RUA RIO DOCE, Nº 691 - SANTA LUZIA - PASSOS;-207.062.779;-466.004.405;P01001 - VISTORIA DE FISCALIZACAO (C) (Prioridade: 2 - Média);1CIA IND/2CIA/PEL PREV E VIST(PASSOS);APF01362;Não;Não;Não;BOLETIM DE OCORRENCIA;Classificada;06/03/2024 06:59;Não
2024-32415339-6;(BM) 2024-010216816-001;05/03/2024 14:16;RUA MONTREAL, Nº 657 - JARDIM CANADA II - PASSOS;-20.754.045;-46.608.905;P01001 - VISTORIA DE FISCALIZACAO (C) (Prioridade: 2 - Média);1CIA IND/2CIA/PEL PREV E VIST(PASSOS);APF01362;Não;Não;Não;BOLETIM DE OCORRENCIA;Classificada;06/03/2024 06:59;Não
2024-32415424-3;(BM) 2024-010217851-001;05/03/2024 14:19;RUA DOUTOR CARVALHO, Nº 1455 - NOSSA SENHORA DAS GRAÇAS - PASSOS;-207.352.269;-466.037.303;Q02010 - PALESTRA DE DEFESA CIVIL (C) (Prioridade: 2 - Média);1CIA IND/2CIA/1PEL(PASSOS);BM1206671;Não;Não;Não;BOLETIM DE OCORRENCIA;Classificada;06/03/2024 06:59;Não
2024-32418858-0;(BM) 2024-010259564-001;05/03/2024 17:22;RUA ESCORPIAO, Nº S/N - SERRA VERDE - PASSOS;-207.422.696;-465.928.119;S06002 - CAPTURA DE ANIMAL SILVESTRE PERIGOSO / AGRESSIVO (C) (Prioridade: 2 - Média);1CIA IND/2CIA/1PEL(PASSOS);ASL00064;Não;Não;Não;BOLETIM DE OCORRENCIA;Classificada;06/03/2024 06:59;Não
2024-32421357-2;(BM) 2024-010285101-001;05/03/2024 20:07;RUA TUPINIQUINS, Nº 23 - NOSSA SENHORA APARECIDA - PASSOS;-207.412.357;-466.080.173;S06005 - CAPTURA DE INSETOS (C) (Prioridade: 2 - Média);1CIA IND/2CIA/1PEL(PASSOS);ASL00064;Não;Não;Não;BOLETIM DE OCORRENCIA;Classificada;06/03/2024 06:59;Não
2024-32422099-4;(BM) 2024-010307499-001;05/03/2024 21:00;AVENIDA JUCA STOCKLER, Nº 1081 - BELO HORIZONTE - PASSOS;-207.327.957;-466.036.917;V02201 - VITIMA DE CHOQUE DE BICICLETA (C) (Prioridade: 1 - Alta);1CIA IND/2CIA/1PEL(PASSOS);ASL00064;Não;Não;Não;BOLETIM DE OCORRENCIA;Classificada;06/03/2024 06:58;Não
2024-32422982-2;;05/03/2024 22:07;RUA DONA EUGELIA NR 154, Nº S/N - BOM JESUS DA PENHA;-210.208.022;-465.214.475;O02038 - INCENDIO EM REDE ELETRICA / POSTE / CURTO-CIRCUITO (C) (Prioridade: 2 - Média);1CIA IND/2CIA/1PEL(PASSOS);;Não;Não;Não;ORIENTAÇÃO;Classificada;05/03/2024 22:12;Não
2024-32426261-2;(PM) 2024-010335427-001;06/03/2024 07:02;RUA PARANA, Nº 590 - PASSOS;-207.148.116;-466.000.332;W98011 - SOLICITACAO DE APOIO (C) (Prioridade: 1 - Alta);1CIA IND/2CIA/1PEL(PASSOS);;Não;Não;Não;DISPENSADA PELO SOLICITANTE;Classificada;06/03/2024 07:24;Não
2024-32426883-2;(BM) 2024-010339284-001;06/03/2024 08:17;RUA IPIRANGA, Nº S/N - JARDIM COLEGIO DE PASSOS - PASSOS;-207.244.643;-465.968.409;S06001 - SALVAMENTO DE ANIMAL EM RISCO / PERIGO (C) (Prioridade: 2 - Média);1CIA IND/2CIA/1PEL(PASSOS);ASL00064;Não;Não;Não;BOLETIM DE OCORRENCIA;Classificada;07/03/2024 08:16;Não
2024-32427283-0;(BM) 2024-010343618-001;06/03/2024 08:58;RUA BRANCA DE CASTRO LEMOS, Nº 150 - OLHOS DAGUA - DELFINOPOLIS;-204.355.039;-467.322.947;P01002 - VISTORIA DE LIBERACAO / EMISSAO DE AVCB (C) (Prioridade: 2 - Média);1CIA IND/2CIA/1PEL(PASSOS);ASL00064;Não;Não;Não;BOLETIM DE OCORRENCIA;Classificada;07/03/2024 08:16;Não
2024-32427379-8;(BM) 2024-010348272-001;06/03/2024 09:05;RUA DOUTOR CARVALHO, Nº 1455 - NOSSA SENHORA DAS GRAÇAS - PASSOS;-207.352.269;-466.037.303;Q02010 - PALESTRA DE DEFESA CIVIL (C) (Prioridade: 2 - Média);1CIA IND/2CIA/1PEL(PASSOS);BM1274612;Não;Não;Não;BOLETIM DE OCORRENCIA;Classificada;07/03/2024 08:16;Não
2024-32429464-6;(BM) 2024-010370517-001;06/03/2024 11:58;RUA RIO PIRACICABA, Nº 693 - SANTA LUZIA - PASSOS;-207.068.851;-465.991.428;S06002 - CAPTURA DE ANIMAL SILVESTRE PERIGOSO / AGRESSIVO (C) (Prioridade: 2 - Média);1CIA IND/2CIA/PEL PREV E VIST(PASSOS);APF01362;Não;Não;Não;BOLETIM DE OCORRENCIA;Classificada;07/03/2024 08:16;Não
2024-32431132-9;(BM) 2024-010389030-001;06/03/2024 14:22;RUA BAHIA, Nº 409 - BELA VISTA - PASSOS;-207.149.364;-465.995.796;P01001 - VISTORIA DE FISCALIZACAO (C) (Prioridade: 2 - Média);1CIA IND/2CIA/PEL PREV E VIST(PASSOS);APF01362;Não;Não;Não;BOLETIM DE OCORRENCIA;Classificada;07/03/2024 08:16;Não
2024-32431339-7;(BM) 2024-010394087-001;06/03/2024 14:35;RUA GUAPORE, Nº 1083 - RECANTO DA HARMONIA - PASSOS;-20.705.565;-465.941.777;P01001 - VISTORIA DE FISCALIZACAO (C) (Prioridade: 2 - Média);1CIA IND/2CIA/PEL PREV E VIST(PASSOS);APF01362;Não;Não;Não;BOLETIM DE OCORRENCIA;Classificada;07/03/2024 08:16;Não
2024-32431768-3;;06/03/2024 14:58;RUA ANTONIO FRANCISCO LISBOA, Nº 200 - VILA RICA - PASSOS;-207.264.684;-465.988.244;W98011 - SOLICITACAO DE APOIO (C) (Prioridade: 1 - Alta);1CIA IND/2CIA/1PEL(PASSOS);;Não;Não;Não;NÃO ATENDIDA: FALTA DE VIATURA;Classificada;06/03/2024 15:29;Não
2024-32436759-0;(BM) 2024-010453140-001;06/03/2024 20:11;AVENIDA POCOS DE CALDAS, Nº 137 - COHAB 2 - PASSOS;-207.137.046;-466.261.652;P03999 - OUTROS TIPOS DE PCI / PCA   (C) (Prioridade: 2 - Média);1CIA IND/2CIA/1PEL(PASSOS);ASL00064;Não;Não;Não;BOLETIM DE OCORRENCIA;Classificada;07/03/2024 08:16;Não
2024-32437813-9;(BM) 2024-010463944-001;06/03/2024 21:23;RUA ARAPONGA, Nº 248 - SAO JOAO - PASSOS;-207.364.635;-466.092.309;P02011 - VISTORIA EM ENXAME DE INSETOS (C) (Prioridade: 2 - Média);1CIA IND/2CIA/1PEL(PASSOS);ASL00064;Não;Não;Não;BOLETIM DE OCORRENCIA;Classificada;07/03/2024 08:17;Não
2024-32438325-0;(BM) 2024-010468793-001;06/03/2024 21:57;RUA SANTA CASA, Nº 164 - SANTA CASA - PASSOS;-207.129.746;-466.123.199;S06002 - CAPTURA DE ANIMAL SILVESTRE PERIGOSO / AGRESSIVO (C) (Prioridade: 2 - Média);1CIA IND/2CIA/1PEL(PASSOS);ASL00064;Não;Não;Não;BOLETIM DE OCORRENCIA;Classificada;07/03/2024 08:17;Não
2024-32439934-4;(BM) 2024-010488910-001;06/03/2024 23:54;RUA ARARAS, Nº S/N - VILA ROMANA - PASSOS;-20.743.584;-466.129.251;S06002 - CAPTURA DE ANIMAL SILVESTRE PERIGOSO / AGRESSIVO (C) (Prioridade: 2 - Média);1CIA IND/2CIA/1PEL(PASSOS);ASL00064;Não;Não;Não;BOLETIM DE OCORRENCIA;Classificada;07/03/2024 08:17;Não
2024-32439996-1;(BM) 2024-010486230-001;07/03/2024 00:02;RUA COIMBRAS, Nº 657 - CALIFORNIA - PASSOS;-2.070.277;-466.149.836;O02001 - INCENDIO EM RESIDENCIA/HABITACAO UNIFAMILIAR (CASA) (C) (Prioridade: 1 - Alta);1CIA IND/2CIA/1PEL(PASSOS);ABTS0495;Não;Não;Não;BOLETIM DE OCORRENCIA;Classificada;07/03/2024 08:17;Não
2024-32441854-0;(BM) 2024-010503619-001;07/03/2024 06:52;RUA BARAO DE PASSOS, Nº 250 - DISTRITO INDUSTRIAL 1 - PASSOS;-207.068.434;-465.943.287;P03001 - PERIGO DE DERRAPAGEM (C) (Prioridade: 2 - Média);1CIA IND/2CIA/1PEL(PASSOS);ASL00064;Não;Não;Não;BOLETIM DE OCORRENCIA;Classificada;07/03/2024 08:17;Não
2024-32448461-5;(BM) 2024-010604663-001;07/03/2024 15:10;RUA JURANDIR LEANDRO VIEIRA, Nº S/N - RESIDENCIAL VILLAGIO DI ITALIA - PASSOS;-207.345.147;-465.913.156;P02001 - VISTORIA EM HIDRANTE (C) (Prioridade: 2 - Média);1CIA IND/2CIA/1PEL(PASSOS);ASL00064;Não;Não;Não;BOLETIM DE OCORRENCIA;Classificada;08/03/2024 08:11;Não
2024-32450440-8;(BM) 2024-010604767-001;07/03/2024 16:41;RUA AGAPANTOS, Nº S/N - MIRANTE DO VALE - PASSOS;-207.239.899;-465.800.709;P02001 - VISTORIA EM HIDRANTE (C) (Prioridade: 2 - Média);1CIA IND/2CIA/1PEL(PASSOS);ASL00064;Não;Não;Não;BOLETIM DE OCORRENCIA;Classificada;08/03/2024 08:11;Não
2024-32450940-0;(BM) 2024-010610567-001;07/03/2024 17:06;RUA DOUTOR CARVALHO, Nº 1455 - NOSSA SENHORA DAS GRAÇAS - PASSOS;-207.352.269;-466.037.303;Q03999 - OUTROS TIPOS DE TREINAMENTO (C) (Prioridade: 2 - Média);1CIA IND/2CIA/1PEL(PASSOS);BM1525005;Não;Não;Não;BOLETIM DE OCORRENCIA;Classificada;08/03/2024 08:11;Não
2024-32453444-5;(BM) 2024-010636330-001;07/03/2024 19:48;RUA EQUADOR, Nº S/N - POLIVALENTE - PASSOS;-207.023.935;-466.021.892;S06002 - CAPTURA DE ANIMAL SILVESTRE PERIGOSO / AGRESSIVO (C) (Prioridade: 2 - Média);1CIA IND/2CIA/1PEL(PASSOS);ASL00064;Não;Não;Não;BOLETIM DE OCORRENCIA;Classificada;08/03/2024 08:09;Não
2024-32454207-5;(BM) 2024-010643422-001;07/03/2024 20:43;PRACA GERALDO DA SILVA MAIA, Nº S/N - CENTRO - PASSOS;-207.208.941;-46.609.005;P03999 - OUTROS TIPOS DE PCI / PCA   (C) (Prioridade: 2 - Média);1CIA IND/2CIA/1PEL(PASSOS);ASL00064;Não;Não;Não;BOLETIM DE OCORRENCIA;Classificada;08/03/2024 08:09;Não
2024-32457169-4;(BM) 2024-010677286-001;08/03/2024 00:18;RUA IMACULADA CONCEICAO, Nº 977 - COHAB 4 - PASSOS;-207.222.555;-466.341.284;P03002 - PERIGO DE ELETROCUSSAO (C) (Prioridade: 2 - Média);1CIA IND/2CIA/1PEL(PASSOS);ABTS0495;Não;Não;Não;BOLETIM DE OCORRENCIA;Classificada;08/03/2024 08:09;Não
2024-32458049-8;(BM) 2024-010683753-002;08/03/2024 02:11;RODOVIA MG 050, Nº S/N - PASSOS;-207.372.242;-466.331.087;O02017 - INCENDIO EM SILOS DE ARMAZENAGEM (C) (Prioridade: 1 - Alta);1CIA IND/2CIA/1PEL(PASSOS);ABTS0495 / ASL00064;Não;Não;Não;BOLETIM DE OCORRENCIA;Classificada;08/03/2024 21:27;Não
2024-32459925-6;(BM) 2024-010697337-001;08/03/2024 08:42;RUA HALIFAX, Nº 303 - JARDIM CANADA II - PASSOS;-207.497.471;-466.117.801;P01001 - VISTORIA DE FISCALIZACAO (C) (Prioridade: 2 - Média);1CIA IND/2CIA/PEL PREV E VIST(PASSOS);APF01362;Não;Não;Não;BOLETIM DE OCORRENCIA;Classificada;08/03/2024 21:23;Não
2024-32460032-8;(BM) 2024-010699377-001;08/03/2024 08:51;AVENIDA JUCA STOCKLER, Nº S/N - NOVO HORIZONTE - PASSOS;-207.366.397;-466.024.583;S06001 - SALVAMENTO DE ANIMAL EM RISCO / PERIGO (C) (Prioridade: 2 - Média);1CIA IND/2CIA/1PEL(PASSOS);ASL00064;Não;Não;Não;BOLETIM DE OCORRENCIA;Classificada;08/03/2024 21:24;Não
2024-32460544-0;(BM) 2024-010704722-001;08/03/2024 09:34;RODOVIA MG 050, Km 350 - PASSOS;-207.314.584;-465.699.493;P02001 - VISTORIA EM HIDRANTE (C) (Prioridade: 2 - Média);1CIA IND/2CIA/1PEL(PASSOS);ASL00064;Não;Não;Não;BOLETIM DE OCORRENCIA;Classificada;08/03/2024 21:22;Não
2024-32460816-8;(BM) 2024-010710970-001;08/03/2024 10:01;REPRESA FURNAS - REGIAO DA PONTE TORTA, Nº S/N - CARMO DO RIO CLARO;-20.912.065;-460.764.907;S05202 - CAPOTAMENTO DE CAMINHAO / CARRETA (C) (Prioridade: 1 - Alta);1CIA IND/2CIA/1PEL(PASSOS);ASL00064;Não;Não;Não;BOLETIM DE OCORRENCIA;Classificada;08/03/2024 21:28;Não
2024-32461451-6;(BM) 2024-010716859-001;08/03/2024 10:49;RUA RIO DOCE, Nº 218 - SANTA LUZIA - PASSOS;-207.091.169;-466.032.529;P01001 - VISTORIA DE FISCALIZACAO (C) (Prioridade: 2 - Média);1CIA IND/2CIA/PEL PREV E VIST(PASSOS);APF01362;Não;Não;Não;BOLETIM DE OCORRENCIA;Classificada;08/03/2024 21:21;Não
2024-32463300-1;(BM) 2024-010738019-001;08/03/2024 13:38;RUA JOAQUIM RODRIGUES, Nº 160 - COHAB 3 - PASSOS;-207.023.897;-466.259.372;P01001 - VISTORIA DE FISCALIZACAO (C) (Prioridade: 2 - Média);1CIA IND/2CIA/PEL PREV E VIST(PASSOS);APF01362;Não;Não;Não;BOLETIM DE OCORRENCIA;Classificada;08/03/2024 21:23;Não
2024-32464040-8;;08/03/2024 14:24;RUA DA GRACA, Nº 804 - SAO FRANCISCO - PASSOS;-207.277.316;-466.195.441;O02027 - INCENDIO VEIC. AUTOMOTOR (EXCETO TANQUE/ONIBUS/MICRO-ONIBUS) (C) (Prioridade: 1 - Alta);1CIA IND/2CIA/1PEL(PASSOS);;Não;Não;Não;DISPENSADA PELO SOLICITANTE;Classificada;08/03/2024 14:50;Não
2024-32468017-8;;08/03/2024 18:13;ACESSO PORTO DE PASSOS - PONTO DE EMBARQUE - PONTE, Nº S/N - PASSOS;-206.614.706;-465.351.789;W98011 - SOLICITACAO DE APOIO (C) (Prioridade: 1 - Alta);1CIA IND/2CIA/1PEL(PASSOS);;Não;Não;Não;CANCELADA PELO COORDENADOR DO COBOM;Classificada;08/03/2024 19:01;Não
2024-32468373-2;(BM) 2024-010796746-001;08/03/2024 18:35;RUA PINTASSILGO / RUA JOAO XXIII - PARQUE DA FAZENDA - PASSOS;-207.367.883;-466.055.829;P03002 - PERIGO DE ELETROCUSSAO (C) (Prioridade: 2 - Média);1CIA IND/2CIA/1PEL(PASSOS);ABTS0495;Não;Não;Não;BOLETIM DE OCORRENCIA;Classificada;08/03/2024 21:26;Não
2024-32470127-9;(PM) 2024-010815114-001;08/03/2024 20:26;RUA TRES CORACOES, Nº 1122 - EXPOSICAO - PASSOS;-207.323.811;-46.607.213;W98011 - SOLICITACAO DE APOIO (C) (Prioridade: 1 - Alta);1CIA IND/2CIA/1PEL(PASSOS);;Não;Não;Não;CANCELADA PELO COORDENADOR DO COBOM;Classificada;08/03/2024 20:46;Não
2024-32470660-7;(BM) 2024-010823296-001;08/03/2024 20:59;RUA TRES CORACOES, Nº 1122 - EXPOSICAO - PASSOS;-207.323.811;-46.607.213;W03000 - SOLICITANTE ENCONTRADO - PROVIDENCIA DISPENSADA (C) (Prioridade: 3 - Baixa);1CIA IND/2CIA/1PEL(PASSOS);ASL00064;Não;Não;Não;DISPENSADA PELO SOLICITANTE;Classificada;08/03/2024 21:30;Não
2024-32470968-2;(BM) 2024-010834060-001;08/03/2024 21:18;RUA PINTASSILGO, Nº 1384 - PASSOS;-207.387.165;-466.109.938;S07001 - VAZAMENTO DE GLP/GAS NATURAL (COZINHA) (C) (Prioridade: 1 - Alta);1CIA IND/2CIA/1PEL(PASSOS);ABTS0495;Não;Não;Não;BOLETIM DE OCORRENCIA;Classificada;09/03/2024 12:16;Não
2024-32477577-3;(BM) 2024-010874517-001;09/03/2024 08:48;RUA BARAO DE PASSOS, Nº S/N - CENTRO - PASSOS;-207.194.995;-466.074.223;S03015 - SALVAMENTO DE SUICIDA (C) (Prioridade: 1 - Alta);1CIA IND/2CIA/1PEL(PASSOS);ABTS0495;Não;Não;Não;BOLETIM DE OCORRENCIA;Classificada;09/03/2024 18:57;Não
2024-32477862-0;(BM) 2024-010876741-001;09/03/2024 09:22;RUA PARDAL, Nº 151 - NOSSA SENHORA DAS GRAÇAS - PASSOS;-20.735.899;-466.043.311;S06007 - CORTE / PODA DE ARVORE COM RISCO IMINENTE DE QUEDA (C) (Prioridade: 2 - Média);1CIA IND/2CIA/1PEL(PASSOS);ASL00064 / ABTS0495;Não;Não;Não;BOLETIM DE OCORRENCIA;Classificada;09/03/2024 18:54;Não
2024-32478326-9;(BM) 2024-010881049-001;09/03/2024 10:17;RUA DA PRAIA, Nº S/N - PENHA - PASSOS;-207.170.338;-466.195.455;P02001 - VISTORIA EM HIDRANTE (C) (Prioridade: 2 - Média);1CIA IND/2CIA/1PEL(PASSOS);ABTS0495;Não;Não;Não;BOLETIM DE OCORRENCIA;Classificada;09/03/2024 18:58;Não
2024-32478509-9;(BM) 2024-010882736-001;09/03/2024 10:39;RUA BUENOS AIRES, Nº S/N - COHAB 3 - PASSOS;-207.024.574;-466.241.103;P02003 - VISTORIA EM LOTE VAGO (C) (Prioridade: 2 - Média);1CIA IND/2CIA/1PEL(PASSOS);ABTS0495;Não;Não;Não;BOLETIM DE OCORRENCIA;Classificada;09/03/2024 18:54;Não
2024-32478681-0;(BM) 2024-010883979-001;09/03/2024 10:55;RUA BUENOS AIRES, Nº S/N - COHAB 3 - PASSOS;-207.024.574;-466.241.103;P02003 - VISTORIA EM LOTE VAGO (C) (Prioridade: 2 - Média);1CIA IND/2CIA/1PEL(PASSOS);ABTS0495;Não;Não;Não;BOLETIM DE OCORRENCIA;Classificada;09/03/2024 18:54;Não
2024-32482713-9;(BM) 2024-010921447-001;09/03/2024 16:41;RUA DOUTOR CARVALHO, Nº 1455 - NOSSA SENHORA DAS GRAÇAS - PASSOS;-207.352.269;-466.037.303;Q03005 - TREINAMENTO DE SALVAMENTO TERRESTRE (C) (Prioridade: 2 - Média);1CIA IND/2CIA/1PEL(PASSOS);BM1206671;Não;Não;Não;BOLETIM DE OCORRENCIA;Classificada;09/03/2024 18:55;Não
2024-32483150-3;(BM) 2024-010929681-001;09/03/2024 17:09;RODOVIA MG 050, Nº S/N - PASSOS;-207.351.074;-465.719.703;W02000 - ENDERECO NAO LOCALIZADO (C) (Prioridade: 3 - Baixa);1CIA IND/2CIA/1PEL(PASSOS);ABTS0495;Não;Não;Não;BOLETIM DE OCORRENCIA;Classificada;09/03/2024 18:58;Não
2024-32491935-1;;10/03/2024 00:38;RODOVIA PASSOS / GLORIA, Nº S/N - PASSOS;-20.700.737;-46.586.887;W98011 - SOLICITACAO DE APOIO (C) (Prioridade: 1 - Alta);1CIA IND/2CIA/1PEL(PASSOS);;Não;Não;Não;DUPLICADA;Classificada;10/03/2024 00:44;Não
2024-32491957-4;(BM) 2024-010996870-001;10/03/2024 00:40;RODOVIA PASSOS / GLORIA, Nº S/N - PASSOS;-20.700.737;-46.586.887;V01013 - VITIMA DE EMERGENCIAS PSIQUIATRICAS (C) (Prioridade: 1 - Alta);1CIA IND/2CIA/1PEL(PASSOS);ASL00064;Não;Não;Não;BOLETIM DE OCORRENCIA;Classificada;10/03/2024 06:42;Não
2024-32492879-8;;10/03/2024 01:44;RUA BARAO DE PASSOS, Nº 1785 - SANTA LUZIA - PASSOS;-207.098.843;-465.978.186;W98011 - SOLICITACAO DE APOIO (C) (Prioridade: 1 - Alta);1CIA IND/2CIA/1PEL(PASSOS);ASL00064;Não;Não;Não;ORIENTAÇÃO;Classificada;10/03/2024 03:10;Não
2024-32493629-6;(BM) 2024-010998750-001;10/03/2024 03:03;RUA BARBACENA, Nº 442 - PENHA - PASSOS;-207.146.388;-466.284.481;P03001 - PERIGO DE DERRAPAGEM (C) (Prioridade: 2 - Média);1CIA IND/2CIA/1PEL(PASSOS);ASL00064;Não;Não;Não;BOLETIM DE OCORRENCIA;Classificada;10/03/2024 06:42;Não
2024-32495103-0;(BM) 2024-011024018-001;10/03/2024 08:16;RUA AMARANTOS, Nº S/N - MIRANTE DO VALE - PASSOS;-207.235.626;-46.578.297;P02003 - VISTORIA EM LOTE VAGO (C) (Prioridade: 2 - Média);1CIA IND/2CIA/1PEL(PASSOS);ASL00064;Não;Não;Não;BOLETIM DE OCORRENCIA;Classificada;10/03/2024 23:04;Não
2024-32495108-4;(BM) 2024-011014382-002;10/03/2024 08:17;RUA JOSE BENTO MARCOLINO, Nº 90 - MIRANTE DO VALE - PASSOS;-207.212.047;-465.785.279;P02003 - VISTORIA EM LOTE VAGO (C) (Prioridade: 2 - Média);1CIA IND/2CIA/1PEL(PASSOS);ASL00064;Não;Não;Não;BOLETIM DE OCORRENCIA;Classificada;10/03/2024 23:06;Não
2024-32496720-2;(BM) 2024-011130996-001;10/03/2024 11:51;AVENIDA JK, Nº S/N - MONSENHOR MESSIAS - PASSOS;-207.342.178;-465.979.772;P03999 - OUTROS TIPOS DE PCI / PCA   (C) (Prioridade: 2 - Média);1CIA IND/2CIA/1PEL(PASSOS);ASL00064;Não;Não;Não;BOLETIM DE OCORRENCIA;Classificada;11/03/2024 08:12;Não
2024-32497361-7;(BM) 2024-011033216-001;10/03/2024 13:18;ESTRADA DOMIRO NOGUEIRA, Nº S/N - CONDOMÍNIO DOS IPÊS - PASSOS;-207.583.249;-466.201.662;S06002 - CAPTURA DE ANIMAL SILVESTRE PERIGOSO / AGRESSIVO (C) (Prioridade: 2 - Média);1CIA IND/2CIA/1PEL(PASSOS);ASL00064;Não;Não;Não;BOLETIM DE OCORRENCIA;Classificada;10/03/2024 23:04;Não
2024-32501849-1;(BM) 2024-011071927-001;10/03/2024 18:48;RUA CEARA, Nº 490 - BELA VISTA - PASSOS;-207.152.109;-46.601.052;S06002 - CAPTURA DE ANIMAL SILVESTRE PERIGOSO / AGRESSIVO (C) (Prioridade: 2 - Média);1CIA IND/2CIA/1PEL(PASSOS);ASL00064;Não;Não;Não;BOLETIM DE OCORRENCIA;Classificada;10/03/2024 23:04;Não
2024-32502845-6;(BM) 2024-011080276-001;10/03/2024 19:52;RUA DOUTOR CARVALHO, Nº 1455 - NOSSA SENHORA DAS GRAÇAS - PASSOS;-207.352.269;-466.037.303;Q03017 - TREINAMENTO DE PRIMEIROS SOCORROS (C) (Prioridade: 2 - Média);1CIA IND/2CIA/1PEL(PASSOS);BM1796358;Não;Não;Não;BOLETIM DE OCORRENCIA;Classificada;10/03/2024 23:05;Não
2024-32505703-8;(BM) 2024-011107571-001;10/03/2024 22:47;RUA CARLOS MAGNO VIEIRA LEAL, Nº 39 - FLAMBOYANT - PASSOS;-207.548.925;-466.037.542;S06002 - CAPTURA DE ANIMAL SILVESTRE PERIGOSO / AGRESSIVO (C) (Prioridade: 2 - Média);1CIA IND/2CIA/1PEL(PASSOS);ASL00064;Não;Não;Não;BOLETIM DE OCORRENCIA;Classificada;11/03/2024 08:12;Não
2024-32510472-6;(BM) 2024-011151452-001;11/03/2024 09:44;RUA GUERINO ZAPAROLLI, Nº S/N - DISTRITO INDUSTRIAL 1 - PASSOS;-207.068.594;-465.916.139;V03023 - VITIMA DE SOTERRAMENTO/DESLIZAMENTO (C) (Prioridade: 1 - Alta);1CIA IND/2CIA/1PEL(PASSOS);ABTS0495;Não;Não;Não;BOLETIM DE OCORRENCIA;Classificada;12/03/2024 05:37;Não
2024-32510473-9;(BM) 2024-011150460-001;11/03/2024 09:45;RUA DIAMANTINA, Nº 310 - CANDEIAS - PASSOS;-207.221.111;-466.180.913;P01001 - VISTORIA DE FISCALIZACAO (C) (Prioridade: 2 - Média);1CIA IND/2CIA/PEL PREV E VIST(PASSOS);APF01362;Não;Não;Não;BOLETIM DE OCORRENCIA;Classificada;12/03/2024 05:36;Não
2024-32510477-0;(BM) 2024-011156821-001;11/03/2024 09:47;RUA GUAPORE, Nº 209 - BELA VISTA - PASSOS;-207.112.674;-466.000.636;P01001 - VISTORIA DE FISCALIZACAO (C) (Prioridade: 2 - Média);1CIA IND/2CIA/PEL PREV E VIST(PASSOS);APF01362;Não;Não;Não;BOLETIM DE OCORRENCIA;Classificada;12/03/2024 05:36;Não
2024-32512354-0;(BM) 2024-011176337-001;11/03/2024 12:17;RUA RIO DOCE, Nº 1397 - RECANTO DA HARMONIA - PASSOS;-207.016.389;-465.956.582;S06002 - CAPTURA DE ANIMAL SILVESTRE PERIGOSO / AGRESSIVO (C) (Prioridade: 2 - Média);1CIA IND/2CIA/1PEL(PASSOS);ASL00064;Não;Não;Não;BOLETIM DE OCORRENCIA;Classificada;12/03/2024 05:36;Não
2024-32512491-1;(BM) 2024-011293240-001;11/03/2024 12:31;RODOVIA MG 453, Nº S/N - ALELUIA - MACHADO;-216.962.192;-458.889.446;S06002 - CAPTURA DE ANIMAL SILVESTRE PERIGOSO / AGRESSIVO (C) (Prioridade: 2 - Média);1CIA IND/2CIA/COMANDANTE(PASSOS);ABS01122;Não;Não;Não;BOLETIM DE OCORRENCIA;Classificada;12/03/2024 05:36;Não
2024-32512944-4;(BM) 2024-011181370-001;11/03/2024 13:18;RODOVIA MG 050, Nº S/N - PASSOS;-207.372.242;-466.331.087;P03014 - PREVENCAO EM POUSO E DECOLAGEM DE AERONAVE (C) (Prioridade: 2 - Média);1CIA IND/2CIA/1PEL(PASSOS);ABTS0495;Não;Não;Não;BOLETIM DE OCORRENCIA;Classificada;12/03/2024 05:36;Não
2024-32513365-2;(BM) 2024-011185548-001;11/03/2024 13:47;RUA ANTONIO CELESTINO, Nº 190 - CENTRO - PASSOS;-207.151.945;-466.082.454;P01002 - VISTORIA DE LIBERACAO / EMISSAO DE AVCB (C) (Prioridade: 2 - Média);1CIA IND/2CIA/PEL PREV E VIST(PASSOS);APF01362;Não;Não;Não;BOLETIM DE OCORRENCIA;Classificada;12/03/2024 05:37;Não
2024-32515249-2;(BM) 2024-011214119-001;11/03/2024 15:24;RUA DOUTOR CARVALHO, Nº 1455 - NOSSA SENHORA DAS GRAÇAS - PASSOS;-207.352.269;-466.037.303;Q03999 - OUTROS TIPOS DE TREINAMENTO (C) (Prioridade: 2 - Média);1CIA IND/2CIA/1PEL(PASSOS);ASL00064;Não;Não;Não;BOLETIM DE OCORRENCIA;Classificada;12/03/2024 05:37;Não
2024-32516578-0;(BM) 2024-011228088-001;11/03/2024 16:33;AVENIDA NACOES, Nº S/N - VILA RICA - PASSOS;-207.276.808;-46.600.861;P02001 - VISTORIA EM HIDRANTE (C) (Prioridade: 2 - Média);1CIA IND/2CIA/1PEL(PASSOS);ASL00064;Não;Não;Não;BOLETIM DE OCORRENCIA;Classificada;12/03/2024 05:37;Não
2024-32517344-4;(BM) 2024-011236225-001;11/03/2024 17:18;RUA JULIA BORSARI CARDOSO, Nº S/N - NOVA PASSOS II - PASSOS;-206.997.417;-466.316.048;P02001 - VISTORIA EM HIDRANTE (C) (Prioridade: 2 - Média);1CIA IND/2CIA/1PEL(PASSOS);ASL00064;Não;Não;Não;BOLETIM DE OCORRENCIA;Classificada;12/03/2024 05:37;Não
2024-32521579-1;;11/03/2024 21:58;RUA  JUNQUEIRA, Nº 316 - POCOS DE CALDAS;;;V01007 - VITIMA COM DISPNEIA (FALTA DE AR) (C) (Prioridade: 1 - Alta);1CIA IND (POCOS DE CALDAS);;Não;Não;Não;ATENDIDA PELO SAMU;Classificada;11/03/2024 22:06;Não
2024-32525890-0;(BM) 2024-011422512-001;12/03/2024 08:31;RUA DOUTOR CARVALHO, Nº 1455 - NOSSA SENHORA DAS GRAÇAS - PASSOS;-207.352.269;-466.037.303;Q03006 - TREINAMENTO DE FORMACAO DE BRIGADAS (C) (Prioridade: 2 - Média);1CIA IND/2CIA/1PEL(PASSOS);BM1272152;Não;Não;Não;BOLETIM DE OCORRENCIA;Classificada;13/03/2024 07:52;Não
2024-32525987-0;(BM) 2024-011322964-001;12/03/2024 08:39;RUA DOUTOR CARVALHO, Nº 1455 - NOSSA SENHORA DAS GRAÇAS - PASSOS;-207.352.269;-466.037.303;Q03999 - OUTROS TIPOS DE TREINAMENTO (C) (Prioridade: 2 - Média);1CIA IND/2CIA/1PEL(PASSOS);BM1315175;Não;Não;Não;BOLETIM DE OCORRENCIA;Classificada;13/03/2024 07:52;Não
2024-32526372-0;(BM) 2024-011327290-001;12/03/2024 09:14;RUA PALMEIRAS, Nº 311 - PASSOS;-207.332.653;-465.935.401;P01001 - VISTORIA DE FISCALIZACAO (C) (Prioridade: 2 - Média);1CIA IND/2CIA/PEL PREV E VIST(PASSOS);APF01362;Não;Não;Não;BOLETIM DE OCORRENCIA;Classificada;13/03/2024 07:52;Não
2024-32527422-2;;12/03/2024 10:43;AVENIDA ARLINDO FIGUEIREDO, Nº 3302 - JARDIM CIDADE - PASSOS;-207.279.795;-466.242.095;W98011 - SOLICITACAO DE APOIO (C) (Prioridade: 1 - Alta);1CIA IND/2CIA/1PEL(PASSOS);;Não;Não;Não;CANCELADA PELO COORDENADOR DO COBOM;Classificada;12/03/2024 10:53;Não
2024-32528336-8;(BM) 2024-011354420-001;12/03/2024 12:05;RUA CARIJOS, Nº 470 - PASSOS;-207.435.667;-466.017.916;P02003 - VISTORIA EM LOTE VAGO (C) (Prioridade: 2 - Média);1CIA IND/2CIA/1PEL(PASSOS);ASL00064;Não;Não;Não;BOLETIM DE OCORRENCIA;Classificada;13/03/2024 07:53;Não
2024-32528512-9;(PM) 2024-011357058-001;12/03/2024 12:23;RUA BONSUCESSO / AVENIDA COMENDADOR FRANCISCO A MAIA - PENHA - PASSOS;-207.182.244;-466.124.978;W98011 - SOLICITACAO DE APOIO (C) (Prioridade: 1 - Alta);1CIA IND/2CIA/1PEL(PASSOS);;Não;Não;Não;ATENDIDA PELO SAMU;Classificada;12/03/2024 13:25;Não
2024-32528784-9;(BM) 2024-011361028-001;12/03/2024 12:54;RUA OPALA, Nº 108 - PASSOS;-20.752.012;-466.002.449;V04004 - PRIMEIRO-ATENDIMENTO DO SALVAMENTO (C) (Prioridade: 1 - Alta);1CIA IND/2CIA/1PEL(PASSOS);ASL00064;Não;Não;Não;BOLETIM DE OCORRENCIA;Classificada;13/03/2024 07:53;Não
2024-32528997-0;(BM) 2024-011370501-001;12/03/2024 13:11;RUA DOUTOR CARVALHO, Nº 1455 - NOSSA SENHORA DAS GRAÇAS - PASSOS;-207.352.269;-466.037.303;Q03006 - TREINAMENTO DE FORMACAO DE BRIGADAS (C) (Prioridade: 2 - Média);1CIA IND/2CIA/1PEL(PASSOS);BM1637305;Não;Não;Não;BOLETIM DE OCORRENCIA;Classificada;13/03/2024 07:53;Não
2024-32529113-9;(BM) 2024-011360760-001;12/03/2024 13:20;RUA MAJOR JOAO GONCALVES, Nº 362 - ALPINOPOLIS;-208.600.147;-463.879.963;X03000 - EMPENHO ADMINISTRATIVO (C) (Prioridade: 2 - Média);1CIA IND/2CIA/PEL PREV E VIST(PASSOS);APF01362;Não;Não;Não;BOLETIM DE OCORRENCIA;Classificada;13/03/2024 07:53;Não
2024-32529115-4;(BM) 2024-011361212-001;12/03/2024 13:21;AVENIDA DOUTOR BRENO SOARES MAIA, Nº 325 - NOVO HORIZONTE - PASSOS;-207.291.612;-466.040.062;P01001 - VISTORIA DE FISCALIZACAO (C) (Prioridade: 2 - Média);1CIA IND/2CIA/1PEL(PASSOS);TPO00155;Não;Não;Não;BOLETIM DE OCORRENCIA;Classificada;13/03/2024 07:53;Não
2024-32531166-8;(BM) 2024-011387474-001;12/03/2024 15:20;RUA AURORA, Nº S/N - BELO HORIZONTE - PASSOS;-20.724.585;-46.603.316;V03025 - VITIMA COM FERIMENTO DE CORTE/CONTUSAO (C) (Prioridade: 1 - Alta);1CIA IND/2CIA/1PEL(PASSOS);TPO00155;Não;Não;Não;BOLETIM DE OCORRENCIA;Classificada;13/03/2024 07:53;Não
2024-32532885-0;(BM) 2024-011415774-001;12/03/2024 16:52;RUA SAO JOSE, Nº 383 - COUNTRY CLUB - POCOS DE CALDAS;-217.879.388;-465.912.394;R01002 - DISTRIBUICAO DE MATERIAIS (C) (Prioridade: 2 - Média);1CIA IND/2CIA/1PEL(PASSOS);ASL00064;Não;Não;Não;BOLETIM DE OCORRENCIA;Classificada;13/03/2024 07:53;Não
2024-32538413-3;(BM) 2024-011467874-001;12/03/2024 22:32;RUA SARGENTO GENTIL ERNESTO, Nº 27 - RESIDENCIAL VILLAGIO DI ITALIA - PASSOS;;;S06002 - CAPTURA DE ANIMAL SILVESTRE PERIGOSO / AGRESSIVO (C) (Prioridade: 2 - Média);1CIA IND/2CIA/1PEL(PASSOS);ASL00064;Não;Não;Não;BOLETIM DE OCORRENCIA;Classificada;13/03/2024 07:53;Não
2024-32541979-2;(BM) 2024-011499999-001;13/03/2024 08:00;RUA DOUTOR CARVALHO, Nº 1455 - NOSSA SENHORA DAS GRAÇAS - PASSOS;-207.352.269;-466.037.303;Q03006 - TREINAMENTO DE FORMACAO DE BRIGADAS (C) (Prioridade: 2 - Média);1CIA IND/2CIA/1PEL(PASSOS);BM1256320;Não;Não;Não;BOLETIM DE OCORRENCIA;Classificada;14/03/2024 07:06;Não
2024-32542175-0;(BM) 2024-011502220-001;13/03/2024 08:17;AVENIDA ARLINDO FIGUEIREDO, Nº S/N - JARDIM PINHEIROS 2 - PASSOS;-207.262.479;-466.225.308;V03018 - VITIMA DE QUEDA DA PROPRIA ALTURA (C) (Prioridade: 1 - Alta);1CIA IND/2CIA/1PEL(PASSOS);UR10332;Não;Não;Não;BOLETIM DE OCORRENCIA;Classificada;14/03/2024 07:05;Não
2024-32542251-7;(BM) 2024-011502048-001;13/03/2024 08:24;RUA ESTUDANTES, Nº S/N - PENHA - PASSOS;-207.167.482;-466.178.153;P02001 - VISTORIA EM HIDRANTE (C) (Prioridade: 2 - Média);1CIA IND/2CIA/1PEL(PASSOS);ABTS0495;Não;Não;Não;BOLETIM DE OCORRENCIA;Classificada;14/03/2024 07:06;Não
2024-32542501-2;(BM) 2024-011504504-001;13/03/2024 08:47;RUA JOSE MERCHIORATO, Nº S/N - SANTA CASA - PASSOS;-207.115.647;-466.110.439;P02003 - VISTORIA EM LOTE VAGO (C) (Prioridade: 2 - Média);1CIA IND/2CIA/1PEL(PASSOS);ABTS0495;Não;Não;Não;BOLETIM DE OCORRENCIA;Classificada;14/03/2024 07:06;Não
2024-32542595-6;(BM) 2024-011506152-001;13/03/2024 08:57;RUA JOSE MERCHIORATO, Nº S/N - SANTA CASA - PASSOS;-207.115.647;-466.110.439;P02003 - VISTORIA EM LOTE VAGO (C) (Prioridade: 2 - Média);1CIA IND/2CIA/1PEL(PASSOS);ABTS0495;Não;Não;Não;BOLETIM DE OCORRENCIA;Classificada;14/03/2024 07:06;Não
2024-32543240-6;(BM) 2024-011513702-001;13/03/2024 09:47;RUA CARAVELAS, Nº 17 - NOVO HORIZONTE - PASSOS;-207.314.353;-466.003.358;P01001 - VISTORIA DE FISCALIZACAO (C) (Prioridade: 2 - Média);1CIA IND/2CIA/PEL PREV E VIST(PASSOS);APF01362;Não;Não;Não;BOLETIM DE OCORRENCIA;Classificada;14/03/2024 07:06;Não
2024-32544016-8;(BM) 2024-011523920-001;13/03/2024 10:50;PRACA GERALDO DA SILVA MAIA, Nº 28 - CENTRO - PASSOS;-20.720.772;-46.608.549;P01001 - VISTORIA DE FISCALIZACAO (C) (Prioridade: 2 - Média);1CIA IND/2CIA/PEL PREV E VIST(PASSOS);APF01362;Não;Não;Não;BOLETIM DE OCORRENCIA;Classificada;14/03/2024 07:04;Não
2024-32544360-3;(BM) 2024-011527916-001;13/03/2024 11:17;RODOVIA MG 050, Km 0, Nº 160 - NOSSA SENHORA DAS GRAÇAS - PASSOS;-207.395.866;-466.012.319;S06002 - CAPTURA DE ANIMAL SILVESTRE PERIGOSO / AGRESSIVO (C) (Prioridade: 2 - Média);1CIA IND/2CIA/1PEL(PASSOS);ASL00064;Não;Não;Não;BOLETIM DE OCORRENCIA;Classificada;14/03/2024 07:06;Não
2024-32544363-1;(BM) 2024-011531550-001;13/03/2024 11:17;PRACA GERALDO DA SILVA MAIA, Nº 27 - CENTRO - PASSOS;-207.209.724;-466.080.198;V01018 - VITIMA DE MAL NAO DEFINIDO (DISTURBIO) (C) (Prioridade: 1 - Alta);1CIA IND/2CIA/PEL PREV E VIST(PASSOS);APF01362;Não;Não;Não;BOLETIM DE OCORRENCIA;Classificada;14/03/2024 07:05;Não
2024-32544819-2;(BM) 2024-011534645-001;13/03/2024 12:01;RUA BOROROS, Nº 1814 - VILA ROMANA - PASSOS;-207.424.076;-466.085.018;V01018 - VITIMA DE MAL NAO DEFINIDO (DISTURBIO) (C) (Prioridade: 1 - Alta);1CIA IND/2CIA/1PEL(PASSOS);UR10332;Não;Não;Não;BOLETIM DE OCORRENCIA;Classificada;14/03/2024 07:06;Não
2024-32545123-3;(BM) 2024-011537924-001;13/03/2024 12:33;RUA MATO GROSSO, Nº 408 - POLIVALENTE - PASSOS;-20.704.555;-466.056.991;V01006 - VITIMA COM DIFICULDADE DE LOCOMOCAO (C) (Prioridade: 1 - Alta);1CIA IND/2CIA/1PEL(PASSOS);UR10332;Não;Não;Não;BOLETIM DE OCORRENCIA;Classificada;14/03/2024 07:05;Não
2024-32545253-9;(BM) 2024-011538524-001;13/03/2024 12:46;RUA DOUTOR CARVALHO, Nº 1455 - NOSSA SENHORA DAS GRAÇAS - PASSOS;-207.352.269;-466.037.303;Q03006 - TREINAMENTO DE FORMACAO DE BRIGADAS (C) (Prioridade: 2 - Média);1CIA IND/2CIA/1PEL(PASSOS);BM1787076;Não;Não;Não;BOLETIM DE OCORRENCIA;Classificada;14/03/2024 07:06;Não
2024-32546046-0;(BM) 2024-011550215-001;13/03/2024 13:56;RUA GLORIA, Nº 111 - SAO BENEDITO - PASSOS;-20.720.445;-466.010.779;V01006 - VITIMA COM DIFICULDADE DE LOCOMOCAO (C) (Prioridade: 1 - Alta);1CIA IND/2CIA/1PEL(PASSOS);UR10332;Não;Não;Não;BOLETIM DE OCORRENCIA;Classificada;14/03/2024 07:06;Não
2024-32546565-7;(BM) 2024-011561936-001;13/03/2024 14:26;RUA SEBASTIAO PINTO COELHO, Nº 282 - MIRANTE DO VALE - PASSOS;-207.183.213;-465.806.647;O04011 - INCENDIO EM AREA URBANA NAO PROTEGIDA (C) (Prioridade: 2 - Média);1CIA IND/2CIA/1PEL(PASSOS);ABTS0495;Não;Não;Não;BOLETIM DE OCORRENCIA;Classificada;14/03/2024 07:05;Não
2024-32554237-3;(BM) 2024-011638113-001;13/03/2024 22:13;RUA GEMEOS, Nº 121 - SERRA VERDE - PASSOS;-207.404.725;-4.659.334;V01018 - VITIMA DE MAL NAO DEFINIDO (DISTURBIO) (C) (Prioridade: 1 - Alta);1CIA IND/2CIA/1PEL(PASSOS);UR10332;Não;Não;Não;BOLETIM DE OCORRENCIA;Classificada;14/03/2024 07:04;Não
2024-32558363-0;(BM) 2024-011677857-001;14/03/2024 08:11;PRACA GERALDO DA SILVA MAIA, Nº S/N - CENTRO - PASSOS;-207.208.941;-46.609.005;P03999 - OUTROS TIPOS DE PCI / PCA   (C) (Prioridade: 2 - Média);1CIA IND/2CIA/1PEL(PASSOS);ASL00064;Não;Não;Não;BOLETIM DE OCORRENCIA;Classificada;14/03/2024 12:01;Não
2024-32558607-2;(BM) 2024-011683462-001;14/03/2024 08:31;AVENIDA ANTENOR PEREIRA MORAIS, Nº 344 - BELA VISTA - DELFINOPOLIS;-203.474.075;-46.845.201;P01002 - VISTORIA DE LIBERACAO / EMISSAO DE AVCB (C) (Prioridade: 2 - Média);1CIA IND/2CIA/1PEL(PASSOS);ASL00064;Não;Não;Não;BOLETIM DE OCORRENCIA;Classificada;14/03/2024 13:20;Não
2024-32559587-2;(BM) 2024-011693204-001;14/03/2024 09:58;RUA JOAQUIM RODRIGUES, Nº 70 - COHAB 3 - PASSOS;-207.029.737;-466.253.349;V03018 - VITIMA DE QUEDA DA PROPRIA ALTURA (C) (Prioridade: 1 - Alta);1CIA IND/2CIA/1PEL(PASSOS);UR10332;Não;Não;Não;BOLETIM DE OCORRENCIA;Classificada;14/03/2024 13:21;Não
2024-32561999-2;(BM) 2024-011720904-001;14/03/2024 13:33;RUA CIPRESTE, Nº 65 - SERRA DAS BRISAS - PASSOS;-207.363.142;-465.922.011;P01001 - VISTORIA DE FISCALIZACAO (C) (Prioridade: 2 - Média);1CIA IND/2CIA/PEL PREV E VIST(PASSOS);APF01362;Não;Não;Não;BOLETIM DE OCORRENCIA;Classificada;15/03/2024 05:55;Não
2024-32562314-8;(BM) 2024-011724210-001;14/03/2024 13:57;AVENIDA DOS INDUSTRIAIS, Nº 466 - PASSOS;-207.377.256;-465.973.527;P01001 - VISTORIA DE FISCALIZACAO (C) (Prioridade: 2 - Média);1CIA IND/2CIA/PEL PREV E VIST(PASSOS);APF01362;Não;Não;Não;BOLETIM DE OCORRENCIA;Classificada;15/03/2024 05:55;Não
2024-32562911-7;(BM) 2024-011769227-001;14/03/2024 14:29;RUA NITEROI, Nº 927 - RECANTO DA HARMONIA - PASSOS;-207.045.688;-465.977.019;V01025 - VITIMA DE USO / ABUSO / DEPENDENCIA DE DROGAS / ALCOOL (C) (Prioridade: 1 - Alta);1CIA IND/2CIA/1PEL(PASSOS);UR10332;Não;Não;Não;BOLETIM DE OCORRENCIA;Classificada;15/03/2024 05:37;Não
2024-32564483-6;(BM) 2024-011772798-001;14/03/2024 15:51;RUA MOGIANA, Nº 401 - POLIVALENTE - PASSOS;-207.090.308;-466.081.006;P02011 - VISTORIA EM ENXAME DE INSETOS (C) (Prioridade: 2 - Média);1CIA IND/2CIA/1PEL(PASSOS);ASL00064;Não;Não;Não;BOLETIM DE OCORRENCIA;Classificada;15/03/2024 05:54;Não
2024-32565905-0;(BM) 2024-011769296-001;14/03/2024 17:08;RUA DOUTOR CARVALHO, Nº 1455 - NOSSA SENHORA DAS GRAÇAS - PASSOS;-207.352.269;-466.037.303;Q03999 - OUTROS TIPOS DE TREINAMENTO (C) (Prioridade: 2 - Média);1CIA IND/2CIA/1PEL(PASSOS);BM1274612;Não;Não;Não;BOLETIM DE OCORRENCIA;Classificada;15/03/2024 05:54;Não
2024-32566113-8;(BM) 2024-011780584-001;14/03/2024 17:20;RUA BERNARDINO LOPES DA CUNHA, Nº 220 - JARDIM FLORENCA - PASSOS;-20.691.794;-466.143.654;O04012 - INCENDIO EM LOTE VAGO (AREA URBANA) (C) (Prioridade: 2 - Média);1CIA IND/2CIA/1PEL(PASSOS);ABTS0495;Não;Não;Não;BOLETIM DE OCORRENCIA;Classificada;15/03/2024 05:37;Não
2024-32567738-1;(BM) 2024-011791803-001;14/03/2024 18:58;RUA JUAREZ FRANCISCO DUARTE, Nº 585 - JARDIM SATELITE - PASSOS;-207.104.755;-466.224.757;V02501 - VITIMA DE QUEDA (CICLISTA) (C) (Prioridade: 1 - Alta);1CIA IND/2CIA/1PEL(PASSOS);UR10332;Não;Não;Não;BOLETIM DE OCORRENCIA;Classificada;15/03/2024 05:37;Não
2024-32568088-3;(BM) 2024-011791230-001;14/03/2024 19:18;RUA MATILDE LOPES, Nº 61 - PASSOS;;;P02003 - VISTORIA EM LOTE VAGO (C) (Prioridade: 2 - Média);1CIA IND/2CIA/1PEL(PASSOS);ABTS0495;Não;Não;Não;BOLETIM DE OCORRENCIA;Classificada;15/03/2024 05:37;Não
2024-32568126-0;(BM) 2024-011791753-001;14/03/2024 19:20;RUA CONCEICAO VIEIRA DE CARVALHO / RUA MATILDE LOPES - RESIDENCIAL RECANTO DOS PINHEIROS - PASSOS;-206.888.119;-466.169.541;P02003 - VISTORIA EM LOTE VAGO (C) (Prioridade: 2 - Média);1CIA IND/2CIA/1PEL(PASSOS);ABTS0495;Não;Não;Não;BOLETIM DE OCORRENCIA;Classificada;15/03/2024 05:37;Não
2024-32569434-8;(BM) 2024-011818312-001;14/03/2024 20:41;RUA DOUTOR CARVALHO, Nº 1650 - NOSSA SENHORA DAS GRAÇAS - PASSOS;-207.369.083;-466.033.749;V03018 - VITIMA DE QUEDA DA PROPRIA ALTURA (C) (Prioridade: 1 - Alta);1CIA IND/2CIA/1PEL(PASSOS);UR10332;Não;Não;Não;BOLETIM DE OCORRENCIA;Classificada;15/03/2024 05:36;Não
2024-32570228-3;(BM) 2024-011818206-001;14/03/2024 21:34;RUA PARAGUACU, Nº 71 - VILA RICA - PASSOS;-207.250.148;-465.934.918;S06001 - SALVAMENTO DE ANIMAL EM RISCO / PERIGO (C) (Prioridade: 2 - Média);1CIA IND/2CIA/1PEL(PASSOS);ASL00064;Não;Não;Não;BOLETIM DE OCORRENCIA;Classificada;15/03/2024 05:37;Não
2024-32574295-2;(BM) 2024-011852527-002 / (PM) 2024-011852527-001;15/03/2024 06:03;AVENIDA JK, Nº 1802 - NOVO HORIZONTE - PASSOS;-207.331.397;-465.986.638;R01999 - OUTROS TIPOS DE ACOES DE APOIO A COMUNIDADE   (C) (Prioridade: 2 - Média);1CIA IND/2CIA/1PEL(PASSOS);ASL00064;Não;Não;Não;BOLETIM DE OCORRENCIA;Classificada;15/03/2024 07:44;Não
2024-32576203-5;(BM) 2024-011888167-001;15/03/2024 09:47;RUA DOUTOR CARVALHO, Nº 1455 - NOSSA SENHORA DAS GRAÇAS - PASSOS;-207.352.269;-466.037.303;Q03017 - TREINAMENTO DE PRIMEIROS SOCORROS (C) (Prioridade: 2 - Média);1CIA IND/2CIA/1PEL(PASSOS);BM1525005;Não;Não;Não;BOLETIM DE OCORRENCIA;Classificada;15/03/2024 19:11;Não
2024-32576886-0;(BM) 2024-011888182-001;15/03/2024 10:44;RUA GONCALVES DIAS, Nº 827 - SAO BENEDITO - PASSOS;-207.213.418;-466.036.118;V01009 - VITIMA COM DOR NA COLUNA VERTEBRAL (COSTAS) (C) (Prioridade: 1 - Alta);1CIA IND/2CIA/1PEL(PASSOS);UR10332;Não;Não;Não;BOLETIM DE OCORRENCIA;Classificada;15/03/2024 19:06;Não
2024-32577497-3;(BM) 2024-011888220-001;15/03/2024 11:35;AVENIDA JUCA STOCKLER, Nº 2882 - PASSOS;;;S05102 - CHOQUE DE MOTOCICLETA (C) (Prioridade: 1 - Alta);1CIA IND/2CIA/1PEL(PASSOS);UR10332;Não;Não;Não;BOLETIM DE OCORRENCIA;Classificada;15/03/2024 19:07;Não
2024-32577664-3;(BM) 2024-011891082-001 / (PM) 2024-011891082-002;15/03/2024 11:54;AVENIDA COMENDADOR FRANCISCO A MAIA, Nº 3661 - BELO HORIZONTE - PASSOS;-2.073.046;-466.082.084;V02408 - VITIMA DE COLISAO ENTRE AUTOMOVEL X MOTOCICLETA (C) (Prioridade: 1 - Alta);1CIA IND/2CIA/1PEL(PASSOS);UR10332;Não;Não;Não;BOLETIM DE OCORRENCIA;Classificada;15/03/2024 19:42;Não
2024-32577932-0;(BM) 2024-011904421-001;15/03/2024 12:18;A DEFINIR JOARES FRANCISCO DUARTE, Nº 585 - PASSOS;;;O04012 - INCENDIO EM LOTE VAGO (AREA URBANA) (C) (Prioridade: 2 - Média);1CIA IND/2CIA/1PEL(PASSOS);ABTS0495;Não;Não;Não;BOLETIM DE OCORRENCIA;Classificada;15/03/2024 19:12;Não
2024-32578078-6;(BM) 2024-011899821-001;15/03/2024 12:33;RUA PENHA, Nº 227 - PENHA - PASSOS;-207.148.477;-46.626.483;O02001 - INCENDIO EM RESIDENCIA/HABITACAO UNIFAMILIAR (CASA) (C) (Prioridade: 1 - Alta);1CIA IND/2CIA/1PEL(PASSOS);ABTS0495 / UR10332;Não;Não;Não;BOLETIM DE OCORRENCIA;Classificada;15/03/2024 19:42;Não
2024-32578085-1;;15/03/2024 12:34;RUA PENHA, Nº S/N - PENHA - PASSOS;-207.147.349;-466.282.605;O02001 - INCENDIO EM RESIDENCIA/HABITACAO UNIFAMILIAR (CASA) (C) (Prioridade: 1 - Alta);1CIA IND/2CIA/1PEL(PASSOS);;Não;Não;Não;DUPLICADA;Classificada;15/03/2024 12:35;Não
2024-32578452-0;(BM) 2024-011904490-001;15/03/2024 13:07;RUA BONSUCESSO, Nº 674 - PENHA - PASSOS;-207.200.514;-466.172.204;O04011 - INCENDIO EM AREA URBANA NAO PROTEGIDA (C) (Prioridade: 2 - Média);1CIA IND/2CIA/1PEL(PASSOS);ABTS0495;Não;Não;Não;BOLETIM DE OCORRENCIA;Classificada;15/03/2024 19:09;Não
2024-32578471-5;(BM) 2024-011897716-002;15/03/2024 13:07;RUA DOUTOR CARVALHO, Nº 1455 - NOSSA SENHORA DAS GRAÇAS - PASSOS;-207.352.269;-466.037.303;Q03006 - TREINAMENTO DE FORMACAO DE BRIGADAS (C) (Prioridade: 2 - Média);1CIA IND/2CIA/COMANDANTE(PASSOS);BM1235613 / BM1728633;Não;Não;Não;BOLETIM DE OCORRENCIA;Classificada;15/03/2024 19:10;Não
2024-32580258-0;(BM) 2024-011920346-001;15/03/2024 15:03;RUA RIO DOCE, Nº 2020 - PASSOS;-206.993.353;-465.932.202;P01001 - VISTORIA DE FISCALIZACAO (C) (Prioridade: 2 - Média);1CIA IND/2CIA/PEL PREV E VIST(PASSOS);APF01362;Não;Não;Não;BOLETIM DE OCORRENCIA;Classificada;15/03/2024 19:09;Não
2024-32580297-2;(BM) 2024-011920409-001;15/03/2024 15:05;RUA JANAUBA, Nº 275 - COHAB 2 - PASSOS;-207.094.728;-466.298.794;V01018 - VITIMA DE MAL NAO DEFINIDO (DISTURBIO) (C) (Prioridade: 1 - Alta);1CIA IND/2CIA/1PEL(PASSOS);UR10332;Não;Não;Não;BOLETIM DE OCORRENCIA;Classificada;15/03/2024 19:44;Não
2024-32580322-8;(BM) 2024-011992384-001;15/03/2024 15:06;RUA OSCAR CANDIDO MONTEIRO, Nº 1000 - MIRANTE DO VALE - PASSOS;-207.254.509;-46.580.685;S06001 - SALVAMENTO DE ANIMAL EM RISCO / PERIGO (C) (Prioridade: 2 - Média);1CIA IND/2CIA/1PEL(PASSOS);ASL00064;Não;Não;Não;BOLETIM DE OCORRENCIA;Classificada;16/03/2024 06:31;Não
2024-32582346-7;(BM) 2024-011952746-001;15/03/2024 17:00;AVENIDA CHICO XAVIER, Nº 1054 - PASSOS;-207.231.096;-466.279.536;O04012 - INCENDIO EM LOTE VAGO (AREA URBANA) (C) (Prioridade: 2 - Média);1CIA IND/2CIA/1PEL(PASSOS);ABTS0495;Não;Não;Não;BOLETIM DE OCORRENCIA;Classificada;15/03/2024 19:09;Não
2024-32583170-8;(BM) 2024-011955464-001;15/03/2024 17:50;RODOVIA MG 050, Nº 334 - RECANTO DA TEKA - PASSOS;-207.394.327;-465.984.364;S05309 - COLISAO ENTRE AUTOMOVEL X CAMINHAO / CARRETA (C) (Prioridade: 1 - Alta);1CIA IND/2CIA/1PEL(PASSOS);ASL00064;Não;Não;Não;BOLETIM DE OCORRENCIA;Classificada;16/03/2024 06:31;Não
2024-32583320-9;;15/03/2024 17:58;RODOVIA CONTORNO, Nº S/N - POCOS DE CALDAS;;;O04012 - INCENDIO EM LOTE VAGO (AREA URBANA) (C) (Prioridade: 2 - Média);1CIA IND (POCOS DE CALDAS);;Não;Não;Não;DUPLICADA;Classificada;15/03/2024 18:01;Não
2024-32584142-8;(BM) 2024-011992343-001;15/03/2024 18:53;RUA ANTONIO MILTON DE FARIA, Nº 481 - JARDIM ITALIA - PASSOS;-207.502.468;-466.046.731;V01007 - VITIMA COM DISPNEIA (FALTA DE AR) (C) (Prioridade: 1 - Alta);1CIA IND/2CIA/1PEL(PASSOS);UR10332;Não;Não;Não;BOLETIM DE OCORRENCIA;Classificada;16/03/2024 06:32;Não
2024-32584711-1;;15/03/2024 19:25;A DEFINIR FURNAS/ CANCAN, Nº S/N - ACESSO RURAL - PASSOS;;;S04007 - BUSCA E SALVAMENTO DE PESSOA PERDIDA / DESAPARECIDA (C) (Prioridade: 1 - Alta);1CIA IND/2CIA/1PEL(PASSOS);;Não;Não;Não;DISPENSADA PELO SOLICITANTE;Classificada;15/03/2024 19:41;Não
2024-32585093-0;(BM) 2024-011975017-001;15/03/2024 19:50;RUA DOUTOR SATURNINO, Nº 300 - CENTRO - PASSOS;-207.223.944;-466.123.876;V03018 - VITIMA DE QUEDA DA PROPRIA ALTURA (C) (Prioridade: 1 - Alta);1CIA IND/2CIA/1PEL(PASSOS);UR10332;Não;Não;Não;BOLETIM DE OCORRENCIA;Classificada;16/03/2024 06:32;Não
2024-32592676-8;(BM) 2024-012038006-001;16/03/2024 07:07;RODOVIA MG 050, Km 340 - PASSOS;-207.165.521;-464.660.618;V02408 - VITIMA DE COLISAO ENTRE AUTOMOVEL X MOTOCICLETA (C) (Prioridade: 1 - Alta);1CIA IND/2CIA/1PEL(PASSOS);UR10332;Não;Não;Não;BOLETIM DE OCORRENCIA;Classificada;16/03/2024 19:12;Não
2024-32592922-2;(BM) 2024-012040005-001;16/03/2024 07:39;RODOVIA MG 050, Nº S/N - PASSOS;-207.351.074;-465.719.703;S04014 - SALVAMENTO DE PESSOA COM OBJETO PRESO AO CORPO (C) (Prioridade: 1 - Alta);1CIA IND/2CIA/1PEL(PASSOS);ASL00064;Não;Não;Não;BOLETIM DE OCORRENCIA;Classificada;16/03/2024 19:12;Não
2024-32593396-7;(BM) 2024-012043864-001;16/03/2024 08:48;RUA LEQUE, Nº S/N - RESIDENCIAL PORTAL DAS PALMEIRAS - PASSOS;-206.979.662;-466.098.228;P02001 - VISTORIA EM HIDRANTE (C) (Prioridade: 2 - Média);1CIA IND/2CIA/1PEL(PASSOS);ASL00064;Não;Não;Não;BOLETIM DE OCORRENCIA;Classificada;16/03/2024 19:12;Não
2024-32593741-3;(BM) 2024-012046463-001;16/03/2024 09:21;RUA GOIAS, Nº 1068 - SANTA LUZIA - PASSOS;-20.710.726;-466.012.966;V01023 - VITIMA DE SINCOPE (DESMAIO)/VERTIGEM (C) (Prioridade: 1 - Alta);1CIA IND/2CIA/1PEL(PASSOS);UR10332;Não;Não;Não;BOLETIM DE OCORRENCIA;Classificada;16/03/2024 19:14;Não
2024-32593993-6;(BM) 2024-012048698-001;16/03/2024 09:49;AVENIDA PROJETADA, Nº S/N - JARDIM FLORENCA - PASSOS;-206.924.763;-466.115.051;P02003 - VISTORIA EM LOTE VAGO (C) (Prioridade: 2 - Média);1CIA IND/2CIA/1PEL(PASSOS);ASL00064;Não;Não;Não;BOLETIM DE OCORRENCIA;Classificada;16/03/2024 19:12;Não
2024-32594077-4;(BM) 2024-012049608-001;16/03/2024 10:01;AVENIDA ANTONIO ADAO DA SILVA, Nº 101 - COHAB 4 - PASSOS;-207.199.713;-466.307.666;V01015 - VITIMA COM HEMORRAGIA (C) (Prioridade: 1 - Alta);1CIA IND/2CIA/1PEL(PASSOS);UR10332;Não;Não;Não;BOLETIM DE OCORRENCIA;Classificada;16/03/2024 19:13;Não
2024-32594079-0;(BM) 2024-012049677-001;16/03/2024 10:02;RUA CAMPOS ALTOS, Nº S/N - JARDIM ELAINE - PASSOS;-20.695.635;-466.144.685;P02003 - VISTORIA EM LOTE VAGO (C) (Prioridade: 2 - Média);1CIA IND/2CIA/1PEL(PASSOS);ASL00064;Não;Não;Não;BOLETIM DE OCORRENCIA;Classificada;16/03/2024 19:11;Não
2024-32594251-0;(BM) 2024-012051782-001;16/03/2024 10:16;RUA PIRAPORA / AVENIDA PROJETADA - NOSSA SENHORA DE FATIMA - PASSOS;;;P02003 - VISTORIA EM LOTE VAGO (C) (Prioridade: 2 - Média);1CIA IND/2CIA/1PEL(PASSOS);ASL00064;Não;Não;Não;BOLETIM DE OCORRENCIA;Classificada;16/03/2024 19:11;Não
2024-32594703-0;(BM) 2024-012055213-001;16/03/2024 11:01;RUA SANTO ANTONIO, Nº 257 - CENTRO - PASSOS;-207.152.201;-466.109.501;V04004 - PRIMEIRO-ATENDIMENTO DO SALVAMENTO (C) (Prioridade: 1 - Alta);1CIA IND/2CIA/1PEL(PASSOS);ASL00064;Não;Não;Não;BOLETIM DE OCORRENCIA;Classificada;16/03/2024 19:14;Não
2024-32595603-0;(BM) 2024-012063395-001;16/03/2024 12:50;RUA JOSE MARIANO NEGRINHO, Nº 424 - COHAB 5 - PASSOS;-207.181.969;-466.373.767;V01002 - VITIMA COM CEFALEIA AGUDA / ENXAQUECA (C) (Prioridade: 1 - Alta);1CIA IND/2CIA/1PEL(PASSOS);UR10332;Não;Não;Não;BOLETIM DE OCORRENCIA;Classificada;16/03/2024 19:16;Não
2024-32598110-0;(BM) 2024-012094509-001;16/03/2024 15:59;RUA DOUTOR CARVALHO, Nº 1455 - NOSSA SENHORA DAS GRAÇAS - PASSOS;-207.352.269;-466.037.303;Q03017 - TREINAMENTO DE PRIMEIROS SOCORROS (C) (Prioridade: 2 - Média);1CIA IND/2CIA/1PEL(PASSOS);BM1315175;Não;Não;Não;BOLETIM DE OCORRENCIA;Classificada;16/03/2024 19:17;Não
2024-32599261-0;(BM) 2024-012100720-001;16/03/2024 17:11;RUA CEARA, Nº 491 - BELA VISTA - PASSOS;-207.150.989;-466.009.139;V01023 - VITIMA DE SINCOPE (DESMAIO)/VERTIGEM (C) (Prioridade: 1 - Alta);1CIA IND/2CIA/1PEL(PASSOS);UR10332;Não;Não;Não;BOLETIM DE OCORRENCIA;Classificada;16/03/2024 19:17;Não
2024-32603356-2;(BM) 2024-012134725-001;16/03/2024 21:15;RUA RIO BRANCO, Nº 1545 - SANTA LUZIA - PASSOS;-207.082.943;-465.990.515;V01999 - OUTROS TIPOS DE APH CLINICO (C) (Prioridade: 1 - Alta);1CIA IND/2CIA/1PEL(PASSOS);UR10332;Não;Não;Não;BOLETIM DE OCORRENCIA;Classificada;17/03/2024 06:17;Não
2024-32608282-5;(BM) 2024-012170393-001;17/03/2024 01:48;RUA BOCAINA, Nº 72 - VILA RICA - PASSOS;-207.270.541;-465.966.595;V01018 - VITIMA DE MAL NAO DEFINIDO (DISTURBIO) (C) (Prioridade: 1 - Alta);1CIA IND/2CIA/1PEL(PASSOS);UR10332;Não;Não;Não;BOLETIM DE OCORRENCIA;Classificada;17/03/2024 06:18;Não
2024-32610674-8;(BM) 2024-012190930-001;17/03/2024 08:29;RUA UBERABA, Nº 457 - PASSOS;-207.055.333;-466.269.095;P02003 - VISTORIA EM LOTE VAGO (C) (Prioridade: 2 - Média);1CIA IND/2CIA/1PEL(PASSOS);ASL00064;Não;Não;Não;BOLETIM DE OCORRENCIA;Classificada;18/03/2024 07:11;Não
2024-32610994-9;(BM) 2024-012191029-001;17/03/2024 09:13;AVENIDA JK, Nº S/N - MONSENHOR MESSIAS - PASSOS;-207.342.178;-465.979.772;P03999 - OUTROS TIPOS DE PCI / PCA   (C) (Prioridade: 2 - Média);1CIA IND/2CIA/1PEL(PASSOS);ASL00064;Não;Não;Não;BOLETIM DE OCORRENCIA;Classificada;18/03/2024 07:11;Não
2024-32611618-2;(BM) 2024-012305557-001;17/03/2024 10:28;RUA DOUTOR CARVALHO, Nº 1455 - NOSSA SENHORA DAS GRAÇAS - PASSOS;-207.352.269;-466.037.303;Q03017 - TREINAMENTO DE PRIMEIROS SOCORROS (C) (Prioridade: 2 - Média);1CIA IND/2CIA/1PEL(PASSOS);BM1637099;Não;Não;Não;BOLETIM DE OCORRENCIA;Classificada;18/03/2024 07:11;Não
2024-32612741-4;(BM) 2024-012206191-001;17/03/2024 12:47;RODOVIA MG 050, Nº S/N - PASSOS;-207.372.242;-466.331.087;V01008 - VITIMA COM DOR ABDOMINAL (ABDOME AGUDO) (C) (Prioridade: 1 - Alta);1CIA IND/2CIA/1PEL(PASSOS);UR10332;Não;Não;Não;BOLETIM DE OCORRENCIA;Classificada;18/03/2024 07:11;Não
2024-32613500-3;(BM) 2024-012212916-001;17/03/2024 14:10;RUA MANGAS, Nº 92 - NOSSA SENHORA DE LOURDES - PASSOS;-206.984.422;-466.170.467;O04012 - INCENDIO EM LOTE VAGO (AREA URBANA) (C) (Prioridade: 2 - Média);1CIA IND/2CIA/1PEL(PASSOS);ABTS0495;Não;Não;Não;BOLETIM DE OCORRENCIA;Classificada;18/03/2024 07:11;Não
2024-32615606-5;(BM) 2024-012243419-001;17/03/2024 16:26;RUA PRIMEIRO DE MARCO, Nº 455 - CENTRO - FORTALEZA DE MINAS;-208.510.464;-467.097.352;S06002 - CAPTURA DE ANIMAL SILVESTRE PERIGOSO / AGRESSIVO (C) (Prioridade: 2 - Média);1CIA IND/2CIA/1PEL(PASSOS);ASL00064;Não;Não;Não;BOLETIM DE OCORRENCIA;Classificada;18/03/2024 07:11;Não
2024-32615609-3;(BM) 2024-012243302-001;17/03/2024 16:27;RUA SAO FRANCISCO DE ASSIS, Nº S/N - JARDIM CIDADE - PASSOS;-20.733.813;-466.274.302;O04012 - INCENDIO EM LOTE VAGO (AREA URBANA) (C) (Prioridade: 2 - Média);1CIA IND/2CIA/1PEL(PASSOS);ABTS0495;Não;Não;Não;BOLETIM DE OCORRENCIA;Classificada;18/03/2024 07:11;Não
2024-32616753-5;(BM) 2024-012248374-001;17/03/2024 17:39;RUA ALPINOPOLIS, Nº 327 - CANJERANUS - PASSOS;-207.109.395;-466.042.814;W03000 - SOLICITANTE ENCONTRADO - PROVIDENCIA DISPENSADA (C) (Prioridade: 3 - Baixa);1CIA IND/2CIA/1PEL(PASSOS);UR10332;Não;Não;Não;BOLETIM DE OCORRENCIA;Classificada;18/03/2024 07:11;Não
2024-32618434-8;(BM) 2024-012265397-001;17/03/2024 19:16;RUA BUENOS AIRES, Nº 125 - PANORAMA - PASSOS;-207.075.665;-466.139.624;W01000 - SOLICITANTE NAO ENCONTRADO (C) (Prioridade: 3 - Baixa);1CIA IND/2CIA/1PEL(PASSOS);UR10332;Não;Não;Não;BOLETIM DE OCORRENCIA;Classificada;18/03/2024 07:11;Não
2024-32618693-6;(BM) 2024-012306103-001;17/03/2024 19:30;RUA TRES DE MAIO, Nº 417 - SAO BENEDITO - PASSOS;-207.239.585;-466.034.475;O02041 - INCENDIO EM IMOVEL ABANDONADO (C) (Prioridade: 2 - Média);1CIA IND/2CIA/1PEL(PASSOS);ABTS0495;Não;Não;Não;BOLETIM DE OCORRENCIA;Classificada;18/03/2024 07:11;Não
2024-32619736-2;(BM) 2024-012274266-002 / (PM) 2024-012274266-001;17/03/2024 20:29;RUA JEQUITIBA, Nº 321 - PARQUE TROPICAL - PASSOS;-207.196.502;-466.410.294;V03003 - VITIMA DE AGRESSAO FISICA COM ARMA BRANCA (C) (Prioridade: 1 - Alta);1CIA IND/2CIA/1PEL(PASSOS);UR10332;Não;Não;Não;BOLETIM DE OCORRENCIA;Classificada;18/03/2024 07:10;Não
2024-32626010-7;(BM) 2024-012324096-001;18/03/2024 08:23;RUA SAO PAULO, Nº S/N - SAO BENEDITO - PASSOS;-207.204.647;-465.977.514;S06001 - SALVAMENTO DE ANIMAL EM RISCO / PERIGO (C) (Prioridade: 2 - Média);1CIA IND/2CIA/1PEL(PASSOS);ASL00064;Não;Não;Não;BOLETIM DE OCORRENCIA;Classificada;19/03/2024 07:39;Não
2024-32626597-8;;18/03/2024 09:22;RUA SANTO ANTONIO, Nº 257 - CENTRO - PASSOS;-207.152.201;-466.109.501;W09000 - CANCELADA POR ORDEM DO ORGAO DE COORDENACAO E CONTROLE (C) (Prioridade: 3 - Baixa);1CIA IND/2CIA/1PEL(PASSOS);UR10332;Não;Não;Não;ATENDIDA PELO SAMU;Classificada;19/03/2024 07:35;Não
2024-32627199-0;(BM) 2024-012342906-001;18/03/2024 10:10;RUA SANTO ANTONIO, Nº 257 - CENTRO - PASSOS;-207.152.201;-466.109.501;V01023 - VITIMA DE SINCOPE (DESMAIO)/VERTIGEM (C) (Prioridade: 1 - Alta);1CIA IND/2CIA/1PEL(PASSOS);UR10332;Não;Não;Não;BOLETIM DE OCORRENCIA;Classificada;19/03/2024 07:42;Não
2024-32628255-5;(BM) 2024-012355541-001;18/03/2024 11:23;RUA JOAQUIM LOPES, Nº 545 - PENHA - PASSOS;-207.166.901;-466.267.826;V01008 - VITIMA COM DOR ABDOMINAL (ABDOME AGUDO) (C) (Prioridade: 1 - Alta);1CIA IND/2CIA/1PEL(PASSOS);UR10332;Não;Não;Não;BOLETIM DE OCORRENCIA;Classificada;19/03/2024 07:35;Não
2024-32628333-7;;18/03/2024 11:29;AVENIDA COMENDADOR FRANCISCO A MAIA, Nº 3805 - BELO HORIZONTE - PASSOS;-207.311.315;-466.075.499;W04000 - NADA CONSTATADO (C) (Prioridade: 3 - Baixa);1CIA IND/2CIA/1PEL(PASSOS);ASL00064;Não;Não;Não;ATENDIDA PELO SAMU;Classificada;19/03/2024 07:40;Não
2024-32629428-7;(BM) 2024-012366175-001;18/03/2024 13:10;RUA ILICINIA, Nº S/N - FURNAS - SAO JOSE DA BARRA;-206.756.959;-463.327.498;P01002 - VISTORIA DE LIBERACAO / EMISSAO DE AVCB (C) (Prioridade: 2 - Média);1CIA IND/2CIA/PEL PREV E VIST(PASSOS);APF01362;Não;Não;Não;BOLETIM DE OCORRENCIA;Classificada;19/03/2024 07:40;Não
2024-32632003-6;(BM) 2024-012397674-001;18/03/2024 15:35;RUA DOUTOR CARVALHO, Nº 1455 - NOSSA SENHORA DAS GRAÇAS - PASSOS;-207.352.269;-466.037.303;Q03999 - OUTROS TIPOS DE TREINAMENTO (C) (Prioridade: 2 - Média);1CIA IND/2CIA/1PEL(PASSOS);BM1274612;Não;Não;Não;BOLETIM DE OCORRENCIA;Classificada;19/03/2024 07:41;Não
2024-32633335-1;(BM) 2024-012414360-001;18/03/2024 16:49;RUA SAO PAULO, Nº S/N - SAO BENEDITO - PASSOS;-207.204.647;-465.977.514;P02011 - VISTORIA EM ENXAME DE INSETOS (C) (Prioridade: 2 - Média);1CIA IND/2CIA/1PEL(PASSOS);ASL00064;Não;Não;Não;BOLETIM DE OCORRENCIA;Classificada;19/03/2024 07:41;Não
2024-32633404-2;(BM) 2024-012415771-001;18/03/2024 16:53;RUA PIANTINOS, Nº 654 - MARIO MAGALHAES - PASSOS;-207.268.054;-466.111.461;V01003 - VITIMA COM CRISE CONVULSIVA (C) (Prioridade: 1 - Alta);1CIA IND/2CIA/1PEL(PASSOS);UR10332;Não;Não;Não;BOLETIM DE OCORRENCIA;Classificada;19/03/2024 07:39;Não
2024-32634211-4;;18/03/2024 17:39;RUA CARIJOS, Nº 340 - SAO JOAQUIM - PASSOS;-207.430.663;-466.021.985;V01003 - VITIMA COM CRISE CONVULSIVA (C) (Prioridade: 1 - Alta);1CIA IND/2CIA/1PEL(PASSOS);;Não;Não;Não;DISPENSADA PELO SOLICITANTE;Classificada;18/03/2024 17:41;Não
2024-32634263-8;(BM) 2024-012510104-001;18/03/2024 17:43;AVENIDA DONA LIQUINHA SILVEIRA, Nº 513 - COHAB 1 - PASSOS;-207.112.196;-466.249.851;P02011 - VISTORIA EM ENXAME DE INSETOS (C) (Prioridade: 2 - Média);1CIA IND/2CIA/1PEL(PASSOS);ASL00064;Não;Não;Não;ATENDIDA PELO SAMU;Classificada;19/03/2024 07:35;Não
2024-32635875-0;(PM) 2024-012447407-001;18/03/2024 19:20;RUA VEREADOR DOMINGOS ANTONIO RIBEIRO, Nº 197 - COHAB 4 - PASSOS;-20.720.138;-466.340.352;W05000 - DUPLICATA (C) (Prioridade: 3 - Baixa);1CIA IND/2CIA/1PEL(PASSOS);UR10332;Não;Não;Não;DUPLICADA;Classificada;18/03/2024 22:18;Não
2024-32636038-2;(BM) 2024-012442683-001;18/03/2024 19:32;RUA VEREADOR DOMINGOS ANTONIO RIBEIRO, Nº 197 - COHAB 4 - PASSOS;-20.720.138;-466.340.352;V02408 - VITIMA DE COLISAO ENTRE AUTOMOVEL X MOTOCICLETA (C) (Prioridade: 1 - Alta);1CIA IND/2CIA/1PEL(PASSOS);UR10332;Não;Não;Não;BOLETIM DE OCORRENCIA;Classificada;19/03/2024 07:39;Não
2024-32636443-0;(BM) 2024-012446575-001;18/03/2024 19:55;AVENIDA DONA LIQUINHA SILVEIRA, Nº 513 - COHAB 1 - PASSOS;-207.112.196;-466.249.851;S06005 - CAPTURA DE INSETOS (C) (Prioridade: 2 - Média);1CIA IND/2CIA/1PEL(PASSOS);ASL00064;Não;Não;Não;BOLETIM DE OCORRENCIA;Classificada;19/03/2024 07:39;Não
2024-32640729-7;(BM) 2024-012492862-001;19/03/2024 01:32;AVENIDA EXPEDICIONARIOS, Nº 531 - SAO BENEDITO - PASSOS;-20.722.264;-46.602.767;W03000 - SOLICITANTE ENCONTRADO - PROVIDENCIA DISPENSADA (C) (Prioridade: 3 - Baixa);1CIA IND/2CIA/1PEL(PASSOS);UR10332;Não;Não;Não;BOLETIM DE OCORRENCIA;Classificada;19/03/2024 07:35;Não
2024-32641636-3;(BM) 2024-012503786-001;19/03/2024 06:09;RUA DOUTOR CARVALHO, Nº 1455 - NOSSA SENHORA DAS GRAÇAS - PASSOS;-207.352.269;-466.037.303;V03019 - VITIMA DE QUEDA DE ALTURA (C) (Prioridade: 1 - Alta);1CIA IND/2CIA/1PEL(PASSOS);UR10332;Não;Não;Não;BOLETIM DE OCORRENCIA;Classificada;19/03/2024 07:42;Não
2024-32642345-6;(BM) 2024-012506990-001;19/03/2024 08:04;RUA OPALA, Nº 495 - ACLIMACAO - PASSOS;-207.553.185;-466.001.495;S06002 - CAPTURA DE ANIMAL SILVESTRE PERIGOSO / AGRESSIVO (C) (Prioridade: 2 - Média);1CIA IND/2CIA/1PEL(PASSOS);ASL00064;Não;Não;Não;BOLETIM DE OCORRENCIA;Classificada;20/03/2024 05:32;Não
2024-32642346-9;(BM) 2024-012509285-001;19/03/2024 08:04;RUA BARAO DE PASSOS / RUA RIO BRANCO - SANTA LUZIA - PASSOS;-207.097.362;-465.976.031;S05308 - COLISAO ENTRE AUTOMOVEL X MOTOCICLETA (C) (Prioridade: 1 - Alta);1CIA IND/2CIA/1PEL(PASSOS);UR10332;Não;Não;Não;BOLETIM DE OCORRENCIA;Classificada;20/03/2024 05:33;Não
2024-32642855-2;(BM) 2024-012534549-001;19/03/2024 08:52;RUA JOAO XXIII, Nº 291 - PASSOS;-207.312.621;-466.116.141;V02408 - VITIMA DE COLISAO ENTRE AUTOMOVEL X MOTOCICLETA (C) (Prioridade: 1 - Alta);1CIA IND/2CIA/1PEL(PASSOS);UR10332;Não;Não;Não;BOLETIM DE OCORRENCIA;Classificada;20/03/2024 05:34;Não
2024-32644454-2;(BM) 2024-012534395-001;19/03/2024 11:00;RUA SANTO ANTONIO, Nº 257 - CENTRO - PASSOS;-207.152.201;-466.109.501;V01006 - VITIMA COM DIFICULDADE DE LOCOMOCAO (C) (Prioridade: 1 - Alta);1CIA IND/2CIA/1PEL(PASSOS);UR10332;Não;Não;Não;BOLETIM DE OCORRENCIA;Classificada;20/03/2024 05:34;Não
2024-32644487-1;(BM) 2024-012535860-001;19/03/2024 11:03;AVENIDA PINHEIRO, Nº 3013 - SERRA DAS BRISAS - PASSOS;-207.322.019;-465.952.667;S06002 - CAPTURA DE ANIMAL SILVESTRE PERIGOSO / AGRESSIVO (C) (Prioridade: 2 - Média);1CIA IND/2CIA/1PEL(PASSOS);ASL00064;Não;Não;Não;BOLETIM DE OCORRENCIA;Classificada;20/03/2024 05:33;Não
2024-32646852-6;(BM) 2024-012576838-001;19/03/2024 14:18;RUA MORGANITA, Nº 1723 - ACLIMACAO - PASSOS;-207.532.865;-465.984.343;V01006 - VITIMA COM DIFICULDADE DE LOCOMOCAO (C) (Prioridade: 1 - Alta);1CIA IND/2CIA/1PEL(PASSOS);UR10332;Não;Não;Não;BOLETIM DE OCORRENCIA;Classificada;20/03/2024 05:34;Não
2024-32647325-6;(BM) 2024-012574252-001;19/03/2024 14:42;RUA DOUTOR JOAO BRAULIO, Nº 136 - CENTRO - PASSOS;-207.228.982;-466.075.623;P02011 - VISTORIA EM ENXAME DE INSETOS (C) (Prioridade: 2 - Média);1CIA IND/2CIA/1PEL(PASSOS);ASL00064 / ABTS0495;Não;Não;Não;BOLETIM DE OCORRENCIA;Classificada;20/03/2024 05:33;Não
2024-32648150-0;(BM) 2024-012592778-001;19/03/2024 15:22;RUA ANTONIO LEMOS MAIA, Nº 132 - PASSOS;-207.463.907;-465.955.812;V01024 - VITIMA DE SUICIDIO (TENTATIVA) - APH CLINICO (C) (Prioridade: 1 - Alta);1CIA IND/2CIA/1PEL(PASSOS);UR10332;Não;Não;Não;BOLETIM DE OCORRENCIA;Classificada;20/03/2024 05:34;Não
2024-32650034-1;(BM) 2024-012600685-001;19/03/2024 17:01;RUA DOUTOR CARVALHO, Nº 1455 - NOSSA SENHORA DAS GRAÇAS - PASSOS;-207.352.269;-466.037.303;Q03999 - OUTROS TIPOS DE TREINAMENTO (C) (Prioridade: 2 - Média);1CIA IND/2CIA/1PEL(PASSOS);BM1525005;Não;Não;Não;BOLETIM DE OCORRENCIA;Classificada;20/03/2024 05:33;Não
2024-32652461-3;(PM) 2024-012630807-001;19/03/2024 19:25;RUA DOUTOR CARVALHO / RUA BARTOLOMEU DE GUSMAO - BELO HORIZONTE - PASSOS;-207.266.817;-466.068.614;W98011 - SOLICITACAO DE APOIO (C) (Prioridade: 1 - Alta);1CIA IND/2CIA/1PEL(PASSOS);;Não;Não;Não;DISPENSADA PELO SOLICITANTE;Classificada;19/03/2024 23:40;Não
2024-32653561-3;(BM) 2024-012636425-001;19/03/2024 20:37;RUA ANEZIA DE MELO PIANTINO, Nº S/N - RESIDENCIAL VILLAGIO DI ITALIA - PASSOS;-20.731.555;-465.904.324;P02003 - VISTORIA EM LOTE VAGO (C) (Prioridade: 2 - Média);1CIA IND/2CIA/1PEL(PASSOS);ASL00064;Não;Não;Não;BOLETIM DE OCORRENCIA;Classificada;20/03/2024 05:33;Não
2024-32653728-7;(BM) 2024-012639130-001;19/03/2024 20:51;RUA PARDAL, Nº 869 - PARQUE DA FAZENDA - PASSOS;-207.380.936;-46.610.141;V01018 - VITIMA DE MAL NAO DEFINIDO (DISTURBIO) (C) (Prioridade: 3 - Baixa);1CIA IND/2CIA/1PEL(PASSOS);UR10332;Não;Não;Não;BOLETIM DE OCORRENCIA;Classificada;20/03/2024 05:32;Não
2024-32653834-4;(BM) 2024-012638907-001;19/03/2024 20:56;RUA ANEZIA DE MELO PIANTINO, Nº S/N - RESIDENCIAL VILLAGIO DI ITALIA - PASSOS;-20.731.555;-465.904.324;P02003 - VISTORIA EM LOTE VAGO (C) (Prioridade: 2 - Média);1CIA IND/2CIA/1PEL(PASSOS);ASL00064;Não;Não;Não;BOLETIM DE OCORRENCIA;Classificada;20/03/2024 05:33;Não
2024-32653861-7;(BM) 2024-012681971-001;19/03/2024 20:57;AVENIDA POCOS DE CALDAS, Nº 955 - COHAB 3 - PASSOS;-207.063.248;-466.244.679;V01005 - VITIMA COM CRISE HIPERTENSIVA/HIPOTENSAO (C) (Prioridade: 1 - Alta);1CIA IND/2CIA/1PEL(PASSOS);UR10332;Não;Não;Não;BOLETIM DE OCORRENCIA;Classificada;20/03/2024 05:34;Não
2024-32654079-1;(BM) 2024-012643819-001;19/03/2024 21:12;AVENIDA PROJETADA, Nº S/N - JARDIM FLORENCA - PASSOS;-206.924.763;-466.115.051;P02001 - VISTORIA EM HIDRANTE (C) (Prioridade: 2 - Média);1CIA IND/2CIA/1PEL(PASSOS);ASL00064;Não;Não;Não;BOLETIM DE OCORRENCIA;Classificada;20/03/2024 05:33;Não
2024-32654223-6;(BM) 2024-012681928-001;19/03/2024 21:21;RUA INHUMAS, Nº 284 - JARDIM PLANALTO - PASSOS;-207.197.241;-466.214.865;S03003 - SALVAMENTO EM CASA (C) (Prioridade: 3 - Baixa);1CIA IND/2CIA/1PEL(PASSOS);ASL00064;Não;Não;Não;BOLETIM DE OCORRENCIA;Classificada;20/03/2024 05:32;Não
2024-32655996-7;;19/03/2024 23:25;RUA PONTA PORA, Nº 43 - BELA VISTA - PASSOS;-207.141.909;-466.013.316;V01025 - VITIMA DE USO / ABUSO / DEPENDENCIA DE DROGAS / ALCOOL (C) (Prioridade: 1 - Alta);1CIA IND/2CIA/1PEL(PASSOS);;Não;Não;Não;DISPENSADA PELO SOLICITANTE;Classificada;19/03/2024 23:38;Não
2024-32659276-0;(BM) 2024-012718354-001;20/03/2024 08:38;RUA SAO PAULO, Nº 772 - JARDIM COLEGIO DE PASSOS - PASSOS;-207.209.579;-465.972.238;P02011 - VISTORIA EM ENXAME DE INSETOS (C) (Prioridade: 2 - Média);1CIA IND/2CIA/1PEL(PASSOS);ASL00064;Não;Não;Não;BOLETIM DE OCORRENCIA;Classificada;21/03/2024 06:12;Não
2024-32661099-9;(BM) 2024-012718508-001;20/03/2024 11:10;RUA PARA / RUA ACRE - SANTA LUZIA - PASSOS;-207.118.983;-466.023.322;P02001 - VISTORIA EM HIDRANTE (C) (Prioridade: 2 - Média);1CIA IND/2CIA/1PEL(PASSOS);ASL00064;Não;Não;Não;BOLETIM DE OCORRENCIA;Classificada;21/03/2024 06:12;Não
2024-32661396-4;(BM) 2024-012723801-001;20/03/2024 11:36;RUA CANJERANUS / RUA NITEROI - POLIVALENTE - PASSOS;-207.023.094;-466.002.594;P02003 - VISTORIA EM LOTE VAGO (C) (Prioridade: 2 - Média);1CIA IND/2CIA/1PEL(PASSOS);ASL00064;Não;Não;Não;BOLETIM DE OCORRENCIA;Classificada;21/03/2024 06:12;Não
2024-32661505-8;(BM) 2024-012728271-001;20/03/2024 11:45;RUA CHILE, Nº 739 - POLIVALENTE - PASSOS;-207.017.159;-466.031.307;P02003 - VISTORIA EM LOTE VAGO (C) (Prioridade: 2 - Média);1CIA IND/2CIA/1PEL(PASSOS);ASL00064;Não;Não;Não;BOLETIM DE OCORRENCIA;Classificada;21/03/2024 06:12;Não
2024-32661981-4;(BM) 2024-012733939-001;20/03/2024 12:28;RUA JOSE ARISTIDES BARBOSA, Nº 23 - PARQUE DA ESTACAO - PASSOS;-207.053.172;-466.106.656;V03005 - VITIMA DE AGRESSAO FISICA SEM USO DE ARMA (C) (Prioridade: 1 - Alta);1CIA IND/2CIA/1PEL(PASSOS);UR10332;Não;Não;Não;BOLETIM DE OCORRENCIA;Classificada;21/03/2024 06:11;Não
2024-32661990-5;;20/03/2024 12:29;RUA PARA / RUA ACRE - SANTA LUZIA - PASSOS;-207.118.983;-466.023.322;P02001 - VISTORIA EM HIDRANTE (C) (Prioridade: 2 - Média);1CIA IND/2CIA/1PEL(PASSOS);ASL00064;Não;Não;Não;DUPLICADA;Classificada;20/03/2024 18:40;Não
2024-32662576-1;;20/03/2024 13:22;RUA CHILE, Nº 739 - POLIVALENTE - PASSOS;-207.017.159;-466.031.307;P02003 - VISTORIA EM LOTE VAGO (C) (Prioridade: 2 - Média);1CIA IND/2CIA/1PEL(PASSOS);ASL00064;Não;Não;Não;DUPLICADA;Classificada;20/03/2024 18:43;Não
2024-32662911-4;(BM) 2024-012749602-001;20/03/2024 13:49;RUA CAPITOLIO, Nº 625 - SANTA RITA - PASSOS;-207.333.917;-466.127.618;V03019 - VITIMA DE QUEDA DE ALTURA (C) (Prioridade: 1 - Alta);1CIA IND/2CIA/1PEL(PASSOS);UR10332;Não;Não;Não;BOLETIM DE OCORRENCIA;Classificada;21/03/2024 06:11;Não
2024-32663524-3;(BM) 2024-012746377-001;20/03/2024 14:26;RUA ANTONIO CELESTINO, Nº 158 - CENTRO - PASSOS;-207.154.937;-466.082.849;P01002 - VISTORIA DE LIBERACAO / EMISSAO DE AVCB (C) (Prioridade: 2 - Média);1CIA IND/2CIA/PEL PREV E VIST(PASSOS);APF01362;Não;Não;Não;BOLETIM DE OCORRENCIA;Classificada;21/03/2024 06:12;Não
2024-32663734-6;(BM) 2024-012799497-001;20/03/2024 14:37;RUA DOUTOR CARVALHO, Nº 1455 - NOSSA SENHORA DAS GRAÇAS - PASSOS;-207.352.269;-466.037.303;Q03005 - TREINAMENTO DE SALVAMENTO TERRESTRE (C) (Prioridade: 2 - Média);1CIA IND/2CIA/1PEL(PASSOS);BM1315175;Não;Não;Não;BOLETIM DE OCORRENCIA;Classificada;21/03/2024 06:12;Não
2024-32665562-3;(BM) 2024-012772531-001;20/03/2024 16:15;RUA DOUTOR CARVALHO, Nº 1650 - NOSSA SENHORA DAS GRAÇAS - PASSOS;-207.369.083;-466.033.749;P01001 - VISTORIA DE FISCALIZACAO (C) (Prioridade: 2 - Média);1CIA IND/2CIA/PEL PREV E VIST(PASSOS);APF01362;Não;Não;Não;BOLETIM DE OCORRENCIA;Classificada;21/03/2024 06:11;Não
2024-32666884-5;(BM) 2024-012790652-001;20/03/2024 17:27;AVENIDA PROJETADA, Nº 1543 - RESIDENCIAL PORTAL DAS PALMEIRAS - PASSOS;-20.696.336;-46.610.507;V02501 - VITIMA DE QUEDA (CICLISTA) (C) (Prioridade: 1 - Alta);1CIA IND/2CIA/1PEL(PASSOS);UR10332;Não;Não;Não;BOLETIM DE OCORRENCIA;Classificada;21/03/2024 06:11;Não
2024-32666977-4;(BM) 2024-012790680-001;20/03/2024 17:33;AVENIDA JUCA STOCKLER, Nº 1624 - NOSSA SENHORA DAS GRAÇAS - PASSOS;-20.737.804;-466.023.647;S06001 - SALVAMENTO DE ANIMAL EM RISCO / PERIGO (C) (Prioridade: 2 - Média);1CIA IND/2CIA/1PEL(PASSOS);ABTS0495;Não;Não;Não;BOLETIM DE OCORRENCIA;Classificada;21/03/2024 06:11;Não
2024-32668144-0;(BM) 2024-012801942-001;20/03/2024 18:52;RUA JACUTINGA, Nº 49 - MUARAMA - PASSOS;-207.278.082;-466.151.806;V01010 - VITIMA COM DOR TORACICA/SUSPEITA DE INFARTO (IAM) (C) (Prioridade: 1 - Alta);1CIA IND/2CIA/1PEL(PASSOS);UR10332;Não;Não;Não;BOLETIM DE OCORRENCIA;Classificada;21/03/2024 06:11;Não
2024-32668914-5;(BM) 2024-012812667-001;20/03/2024 19:44;RUA TAMOIOS, Nº 70 - CANDEIAS - PASSOS;-207.245.639;-4.661.611;V03018 - VITIMA DE QUEDA DA PROPRIA ALTURA (C) (Prioridade: 1 - Alta);1CIA IND/2CIA/1PEL(PASSOS);UR10332;Não;Não;Não;BOLETIM DE OCORRENCIA;Classificada;21/03/2024 06:11;Não
2024-32673670-1;(BM) 2024-012857270-001;21/03/2024 01:43;RUA MANUEL DA SILVEIRA MAIA, Nº 22 - PENHA 2 - PASSOS;-20.717.041;-466.320.269;V01008 - VITIMA COM DOR ABDOMINAL (ABDOME AGUDO) (C) (Prioridade: 1 - Alta);1CIA IND/2CIA/1PEL(PASSOS);UR10332;Não;Não;Não;BOLETIM DE OCORRENCIA;Classificada;21/03/2024 06:11;Não
2024-32675518-8;(BM) 2024-012873307-001;21/03/2024 08:10;AVENIDA JUCA STOCKLER, Nº 1777 - MONSENHOR MESSIAS - PASSOS;-207.390.225;-466.016.599;P01001 - VISTORIA DE FISCALIZACAO (C) (Prioridade: 2 - Média);1CIA IND/2CIA/1PEL(PASSOS);TPO00155;Não;Não;Não;BOLETIM DE OCORRENCIA;Classificada;22/03/2024 06:33;Não
2024-32675647-0;(BM) 2024-012874474-001;21/03/2024 08:18;RUA Geraldo Alves Ferreira, Nº 289 - PASSOS;;;P01001 - VISTORIA DE FISCALIZACAO (C) (Prioridade: 2 - Média);1CIA IND/2CIA/PEL PREV E VIST(PASSOS);APF01362;Não;Não;Não;BOLETIM DE OCORRENCIA;Classificada;22/03/2024 06:34;Não
2024-32675707-0;(BM) 2024-012875297-001;21/03/2024 08:24;AVENIDA EXPEDICIONARIOS, Nº S/N - MIRANTE DO VALE - PASSOS;-207.256.744;-465.818.365;P02003 - VISTORIA EM LOTE VAGO (C) (Prioridade: 2 - Média);1CIA IND/2CIA/1PEL(PASSOS);ABTS0495;Não;Não;Não;BOLETIM DE OCORRENCIA;Classificada;22/03/2024 06:34;Não
2024-32675754-0;(BM) 2024-012875635-001;21/03/2024 08:26;RUA DOUTOR CARVALHO, Nº 1455 - NOSSA SENHORA DAS GRAÇAS - PASSOS;-207.352.269;-466.037.303;Q03017 - TREINAMENTO DE PRIMEIROS SOCORROS (C) (Prioridade: 2 - Média);1CIA IND/2CIA/1PEL(PASSOS);ASL00064;Não;Não;Não;BOLETIM DE OCORRENCIA;Classificada;22/03/2024 06:34;Não
2024-32675837-6;(BM) 2024-012876395-001;21/03/2024 08:33;RUA ITABIRA, Nº 125 - CALIFORNIA - PASSOS;-207.043.974;-466.152.517;V01010 - VITIMA COM DOR TORACICA/SUSPEITA DE INFARTO (IAM) (C) (Prioridade: 1 - Alta);1CIA IND/2CIA/1PEL(PASSOS);UR10332;Não;Não;Não;BOLETIM DE OCORRENCIA;Classificada;22/03/2024 06:37;Não
2024-32675857-3;(BM) 2024-012885825-001;21/03/2024 08:35;AVENIDA PROJETADA, Nº 2368 - JARDIM FLORENCA - PASSOS;;;P02011 - VISTORIA EM ENXAME DE INSETOS (C) (Prioridade: 2 - Média);1CIA IND/2CIA/1PEL(PASSOS);ASL00064;Não;Não;Não;BOLETIM DE OCORRENCIA;Classificada;22/03/2024 06:34;Não
2024-32675953-7;(BM) 2024-012877543-001;21/03/2024 08:42;RODOVIA MG 050, Nº 333 - JARDIM EMBRATEL - PASSOS;-207.407.018;-46.604.345;P01001 - VISTORIA DE FISCALIZACAO (C) (Prioridade: 2 - Média);1CIA IND/2CIA/PEL PREV E VIST(PASSOS);APF01362;Não;Não;Não;BOLETIM DE OCORRENCIA;Classificada;22/03/2024 06:34;Não
2024-32675959-3;(BM) 2024-012877650-001;21/03/2024 08:43;AVENIDA ARLINDO FIGUEIREDO, Nº 2029 - JARDIM CIDADE - PASSOS;-207.309.702;-466.286.839;P01001 - VISTORIA DE FISCALIZACAO (C) (Prioridade: 2 - Média);1CIA IND/2CIA/1PEL(PASSOS);TPO00155;Não;Não;Não;BOLETIM DE OCORRENCIA;Classificada;22/03/2024 06:34;Não
2024-32675995-7;(BM) 2024-012885104-001;21/03/2024 08:45;AVENIDA EXPEDICIONARIOS, Nº S/N - MIRANTE DO VALE - PASSOS;-207.256.744;-465.818.365;P02003 - VISTORIA EM LOTE VAGO (C) (Prioridade: 2 - Média);1CIA IND/2CIA/1PEL(PASSOS);ABTS0495;Não;Não;Não;BOLETIM DE OCORRENCIA;Classificada;22/03/2024 06:34;Não
2024-32676399-6;(BM) 2024-012882427-001;21/03/2024 09:15;RUA AMAPA, Nº 2325 - RECANTO DA HARMONIA - PASSOS;-207.037.389;-465.931.636;P01001 - VISTORIA DE FISCALIZACAO (C) (Prioridade: 2 - Média);1CIA IND/2CIA/1PEL(PASSOS);TPO00155;Não;Não;Não;BOLETIM DE OCORRENCIA;Classificada;22/03/2024 06:34;Não
2024-32676494-7;(BM) 2024-012885236-001;21/03/2024 09:20;AVENIDA NACOES, Nº S/N - VILA RICA - PASSOS;-207.276.808;-46.600.861;P02001 - VISTORIA EM HIDRANTE (C) (Prioridade: 2 - Média);1CIA IND/2CIA/1PEL(PASSOS);ABTS0495;Não;Não;Não;BOLETIM DE OCORRENCIA;Classificada;22/03/2024 06:34;Não
2024-32676906-2;(BM) 2024-012888123-001;21/03/2024 09:50;AVENIDA COMENDADOR FRANCISCO A MAIA, Nº 3335 - BELO HORIZONTE - PASSOS;-207.278.399;-466.103.149;P01001 - VISTORIA DE FISCALIZACAO (C) (Prioridade: 2 - Média);1CIA IND/2CIA/PEL PREV E VIST(PASSOS);APF01362;Não;Não;Não;BOLETIM DE OCORRENCIA;Classificada;22/03/2024 06:34;Não
2024-32677110-9;(BM) 2024-012890934-001;21/03/2024 10:05;AVENIDA DOUTOR BRENO SOARES MAIA, Nº 325 - NOVO HORIZONTE - PASSOS;-207.291.612;-466.040.062;P01001 - VISTORIA DE FISCALIZACAO (C) (Prioridade: 2 - Média);1CIA IND/2CIA/1PEL(PASSOS);TPO00155;Não;Não;Não;BOLETIM DE OCORRENCIA;Classificada;22/03/2024 06:34;Não
2024-32677264-2;(BM) 2024-012894854-001;21/03/2024 10:16;TRAVESSA TIETE, Nº 51 - RECANTO DA HARMONIA - PASSOS;-207.057.198;-465.980.151;P02011 - VISTORIA EM ENXAME DE INSETOS (C) (Prioridade: 2 - Média);1CIA IND/2CIA/1PEL(PASSOS);ASL00064;Não;Não;Não;BOLETIM DE OCORRENCIA;Classificada;22/03/2024 06:34;Não
2024-32677324-2;(BM) 2024-012894070-001;21/03/2024 10:20;RUA BRANDOES, Nº 374 - BELO HORIZONTE - PASSOS;-207.270.058;-466.058.849;P01001 - VISTORIA DE FISCALIZACAO (C) (Prioridade: 2 - Média);1CIA IND/2CIA/PEL PREV E VIST(PASSOS);APF01362;Não;Não;Não;BOLETIM DE OCORRENCIA;Classificada;22/03/2024 06:35;Não
2024-32677468-2;(BM) 2024-012896013-001;21/03/2024 10:30;RUA ARAXA, Nº 333 - CENTRO - PASSOS;-207.260.169;-466.104.243;P01001 - VISTORIA DE FISCALIZACAO (C) (Prioridade: 2 - Média);1CIA IND/2CIA/1PEL(PASSOS);TPO00155;Não;Não;Não;BOLETIM DE OCORRENCIA;Classificada;22/03/2024 06:35;Não
2024-32679422-2;(BM) 2024-012917926-001;21/03/2024 12:57;RUA CORONEL JOAO LOURENCO, Nº 52 - PARQUE DA ESTACAO - PASSOS;-207.082.428;-466.126.125;P01001 - VISTORIA DE FISCALIZACAO (C) (Prioridade: 2 - Média);1CIA IND/2CIA/1PEL(PASSOS);TPO00155;Não;Não;Não;BOLETIM DE OCORRENCIA;Classificada;22/03/2024 06:36;Não
2024-32679971-0;(BM) 2024-012926366-001;21/03/2024 13:41;RUA GUANABARA, Nº 615 - RECANTO DA HARMONIA - PASSOS;-207.010.771;-466.046.459;S06002 - CAPTURA DE ANIMAL SILVESTRE PERIGOSO / AGRESSIVO (C) (Prioridade: 2 - Média);1CIA IND/2CIA/1PEL(PASSOS);ASL00064;Não;Não;Não;BOLETIM DE OCORRENCIA;Classificada;22/03/2024 06:36;Não
2024-32680050-7;(BM) 2024-012924420-001;21/03/2024 13:46;RUA JOAO PINHEIRO, Nº 76 - CENTRO - PASSOS;-207.229.242;-466.065.854;P01001 - VISTORIA DE FISCALIZACAO (C) (Prioridade: 2 - Média);1CIA IND/2CIA/1PEL(PASSOS);TPO00155;Não;Não;Não;BOLETIM DE OCORRENCIA;Classificada;22/03/2024 06:36;Não
2024-32680570-7;(BM) 2024-012930574-001;21/03/2024 14:18;AVENIDA DONA LIQUINHA SILVEIRA, Nº 242 - JARDIM SATELITE - PASSOS;-207.134.249;-466.238.324;P01001 - VISTORIA DE FISCALIZACAO (C) (Prioridade: 2 - Média);1CIA IND/2CIA/1PEL(PASSOS);TPO00155;Não;Não;Não;BOLETIM DE OCORRENCIA;Classificada;22/03/2024 06:36;Não
2024-32680679-6;(BM) 2024-012932692-001;21/03/2024 14:26;RUA LUCIO PELEGRINO, Nº 151 - PASSOS;-207.211.194;-466.124.498;P01001 - VISTORIA DE FISCALIZACAO (C) (Prioridade: 2 - Média);1CIA IND/2CIA/PEL PREV E VIST(PASSOS);APF01362;Não;Não;Não;BOLETIM DE OCORRENCIA;Classificada;22/03/2024 06:36;Não
2024-32681202-9;(BM) 2024-012938213-001;21/03/2024 14:48;AVENIDA COMENDADOR FRANCISCO A MAIA, Nº 3516 - MARIO MAGALHAES - PASSOS;-207.288.285;-466.101.028;P01001 - VISTORIA DE FISCALIZACAO (C) (Prioridade: 2 - Média);1CIA IND/2CIA/PEL PREV E VIST(PASSOS);APF01362;Não;Não;Não;BOLETIM DE OCORRENCIA;Classificada;22/03/2024 06:36;Não
2024-32681888-1;(BM) 2024-012946902-001;21/03/2024 15:20;PRACA GERALDO DA SILVA MAIA, Nº 28 - CENTRO - PASSOS;-20.720.772;-46.608.549;P01001 - VISTORIA DE FISCALIZACAO (C) (Prioridade: 2 - Média);1CIA IND/2CIA/PEL PREV E VIST(PASSOS);APF01362;Não;Não;Não;BOLETIM DE OCORRENCIA;Classificada;22/03/2024 06:36;Não
2024-32682901-3;(BM) 2024-012982386-001;21/03/2024 16:13;AVENIDA OLIVEIRA REZENDE, Nº 1217 - CENTRO - SAO SEBASTIAO PARAISO;-209.098.609;-469.961.759;X03000 - EMPENHO ADMINISTRATIVO (C) (Prioridade: 2 - Média);1CIA IND/2CIA/PEL PREV E VIST(PASSOS);APF01362;Não;Não;Não;BOLETIM DE OCORRENCIA;Classificada;22/03/2024 06:36;Não
2024-32685279-5;(BM) 2024-012985847-001;21/03/2024 18:26;RUA DOUTOR SATURNINO, Nº 628 - CANDEIAS - PASSOS;-207.230.544;-466.156.601;S06001 - SALVAMENTO DE ANIMAL EM RISCO / PERIGO (C) (Prioridade: 2 - Média);1CIA IND/2CIA/1PEL(PASSOS);ASL00064;Não;Não;Não;BOLETIM DE OCORRENCIA;Classificada;22/03/2024 06:36;Não
2024-32686020-9;(BM) 2024-012994080-001;21/03/2024 19:08;RUA TRES DE MAIO, Nº 122 - CENTRO - PASSOS;-207.233.248;-466.063.696;V01018 - VITIMA DE MAL NAO DEFINIDO (DISTURBIO) (C) (Prioridade: 1 - Alta);1CIA IND/2CIA/1PEL(PASSOS);UR10332;Não;Não;Não;BOLETIM DE OCORRENCIA;Classificada;22/03/2024 06:37;Não
2024-32687468-9;(BM) 2024-013010846-001;21/03/2024 20:41;ESTRADA ESTRADA VICINAL, Nº S/N - CONCEICAO DA APARECIDA;-211.126.384;-461.492.499;S04013 - BUSCA E RECUPERACAO DE CADAVER EM TERRA/EDIFICACOES (C) (Prioridade: 2 - Média);1CIA IND/2CIA/1PEL(PASSOS);ASL00064;Não;Não;Não;BOLETIM DE OCORRENCIA;Classificada;22/03/2024 06:36;Não
2024-32691473-2;(BM) 2024-013048394-001;22/03/2024 01:53;AVENIDA JK, Nº 1370 - NOVO HORIZONTE - PASSOS;-20.730.326;-466.005.363;V01018 - VITIMA DE MAL NAO DEFINIDO (DISTURBIO) (C) (Prioridade: 1 - Alta);1CIA IND/2CIA/1PEL(PASSOS);UR10332;Não;Não;Não;BOLETIM DE OCORRENCIA;Classificada;22/03/2024 06:37;Não
2024-32692545-7;(BM) 2024-013055944-001 / (PM) 2024-013055944-003;22/03/2024 07:00;RUA VEREADOR NADRA ESPER KALLAS, Nº 280 - COHAB 4 - PASSOS;-207.213.523;-466.333.574;V03005 - VITIMA DE AGRESSAO FISICA SEM USO DE ARMA (C) (Prioridade: 1 - Alta);1CIA IND/2CIA/1PEL(PASSOS);UR10332;Não;Não;Não;BOLETIM DE OCORRENCIA;Classificada;23/03/2024 06:21;Não
2024-32693298-5;(BM) 2024-013070548-001;22/03/2024 08:18;AVENIDA ANTONIO DIAS MACHADO, Nº 657 - DISTRITO INDUSTRIAL 2 - PASSOS;-207.308.947;-46.646.303;Q03006 - TREINAMENTO DE FORMACAO DE BRIGADAS (C) (Prioridade: 2 - Média);1CIA IND/2CIA/PEL PREV E VIST(PASSOS);TPO00155;Não;Não;Não;BOLETIM DE OCORRENCIA;Classificada;23/03/2024 06:26;Não
2024-32694208-8;;22/03/2024 09:32;RUA SANTA CASA, Nº 111 - SANTA CASA - PASSOS;-207.130.975;-466.119.961;V03018 - VITIMA DE QUEDA DA PROPRIA ALTURA (C) (Prioridade: 1 - Alta);1CIA IND/2CIA/1PEL(PASSOS);;Não;Não;Não;DISPENSADA PELO SOLICITANTE;Classificada;22/03/2024 09:35;Não
2024-32694790-1;(BM) 2024-013083666-001;22/03/2024 10:15;RUA RIO NEGRO, Nº 627 - SANTA LUZIA - PASSOS;-207.075.626;-465.988.811;V01018 - VITIMA DE MAL NAO DEFINIDO (DISTURBIO) (C) (Prioridade: 1 - Alta);1CIA IND/2CIA/1PEL(PASSOS);UR0565;Não;Não;Não;BOLETIM DE OCORRENCIA;Classificada;23/03/2024 06:26;Não
2024-32696607-4;(BM) 2024-013110541-001;22/03/2024 12:53;RUA TOCANTINS, Nº 315 - NOSSA SENHORA APARECIDA - PASSOS;-207.432.098;-466.086.563;V01003 - VITIMA COM CRISE CONVULSIVA (C) (Prioridade: 1 - Alta);1CIA IND/2CIA/1PEL(PASSOS);UR0565;Não;Não;Não;BOLETIM DE OCORRENCIA;Classificada;23/03/2024 06:27;Não
2024-32697045-1;(BM) 2024-013108530-001;22/03/2024 13:34;RUA SEBASTIAO OLIVEIRA FRACAO, Nº 70 - CANTO VERDE - PASSOS;-207.324.577;-465.933.219;P01001 - VISTORIA DE FISCALIZACAO (C) (Prioridade: 2 - Média);1CIA IND/2CIA/PEL PREV E VIST(PASSOS);APF01362;Não;Não;Não;BOLETIM DE OCORRENCIA;Classificada;23/03/2024 06:26;Não
2024-32697640-5;(BM) 2024-013115964-001;22/03/2024 14:13;AVENIDA EXPEDICIONARIOS, Nº 733 - SAO BENEDITO - PASSOS;-207.226.593;-466.008.746;W10000 - DISPENSADA POR DUPLICIDADE DE EMPENHO COM OUTROS ORGAOS (C) (Prioridade: 1 - Alta);1CIA IND/2CIA/1PEL(PASSOS);UR10332;Não;Não;Não;BOLETIM DE OCORRENCIA;Classificada;23/03/2024 06:27;Não
2024-32697713-7;(PM) 2024-013125580-001;22/03/2024 14:17;AVENIDA EXPEDICIONARIOS / RUA LOULOU - SAO BENEDITO - PASSOS;-20.722.773;-466.006.578;W98011 - SOLICITACAO DE APOIO (C) (Prioridade: 1 - Alta);1CIA IND/2CIA/1PEL(PASSOS);;Não;Não;Não;ATENDIDA PELO SAMU;Classificada;22/03/2024 14:20;Não
2024-32697928-3;(BM) 2024-013214850-001;22/03/2024 14:29;ACESSO PORTO DE PASSOS - PONTO DE EMBARQUE - PONTE, Nº S/N - PASSOS;-206.614.706;-465.351.789;V03021 - VITIMA DE SUICIDIO (TENTATIVA) - APH TRAUMA (C) (Prioridade: 1 - Alta);1CIA IND/2CIA/1PEL(PASSOS);UR0565 / ASL00064;Não;Não;Não;BOLETIM DE OCORRENCIA;Classificada;23/03/2024 06:27;Não
2024-32698633-5;(BM) 2024-013151250-001;22/03/2024 14:59;AVENIDA JUCA STOCKLER, Nº 2240 - PASSOS;;;P03002 - PERIGO DE ELETROCUSSAO (C) (Prioridade: 2 - Média);1CIA IND/2CIA/1PEL(PASSOS);ABTS0495;Não;Não;Não;BOLETIM DE OCORRENCIA;Classificada;23/03/2024 06:26;Não
2024-32699368-1;(BM) 2024-013136903-001;22/03/2024 15:38;RUA DOUTOR CARVALHO, Nº 1455 - NOSSA SENHORA DAS GRAÇAS - PASSOS;-207.352.269;-466.037.303;Q03999 - OUTROS TIPOS DE TREINAMENTO (C) (Prioridade: 2 - Média);1CIA IND/2CIA/PEL PREV E VIST(PASSOS);BM1728591;Não;Não;Não;BOLETIM DE OCORRENCIA;Classificada;23/03/2024 06:26;Não
2024-32703455-1;(BM) 2024-013214769-001;22/03/2024 19:40;RUA EGITO, Nº 155 - NOVO MUNDO 4 - PASSOS;;;W10000 - DISPENSADA POR DUPLICIDADE DE EMPENHO COM OUTROS ORGAOS (C) (Prioridade: 1 - Alta);1CIA IND/2CIA/1PEL(PASSOS);UR0565;Não;Não;Não;BOLETIM DE OCORRENCIA;Classificada;23/03/2024 06:27;Não
2024-32703805-1;(BM) 2024-013191775-001;22/03/2024 20:02;RUA JOAO TEIXEIRA MENDES, Nº S/N - FLAMBOYANT - PASSOS;-207.548.252;-466.033.392;V01003 - VITIMA COM CRISE CONVULSIVA (C) (Prioridade: 1 - Alta);1CIA IND/2CIA/1PEL(PASSOS);UR0565;Não;Não;Não;BOLETIM DE OCORRENCIA;Classificada;23/03/2024 06:27;Não
2024-32704909-2;(BM) 2024-013196044-001;22/03/2024 21:17;AVENIDA SAUDADE, Nº S/N - SAO BENEDITO - PASSOS;-207.235.064;-466.024.728;P03999 - OUTROS TIPOS DE PCI / PCA   (C) (Prioridade: 2 - Média);1CIA IND/2CIA/1PEL(PASSOS);ASL00064;Não;Não;Não;BOLETIM DE OCORRENCIA;Classificada;23/03/2024 06:26;Não
2024-32705040-7;(BM) 2024-013214652-001;22/03/2024 21:23;RUA DOUTOR CARVALHO, Nº 1455 - NOSSA SENHORA DAS GRAÇAS - PASSOS;-207.352.269;-466.037.303;V03012 - VITIMA COM OBJETO PRESO AO CORPO (C) (Prioridade: 1 - Alta);1CIA IND/2CIA/1PEL(PASSOS);BM1526367;Não;Não;Não;BOLETIM DE OCORRENCIA;Classificada;23/03/2024 06:27;Não
2024-32706923-4;(BM) 2024-013215240-001;22/03/2024 23:23;AVENIDA JK / RUA JERONIMO NETO - BELO HORIZONTE - PASSOS;-207.262.645;-466.012.223;V02502 - VITIMA DE QUEDA (MOTOCICLISTA) (C) (Prioridade: 1 - Alta);1CIA IND/2CIA/1PEL(PASSOS);UR0565;Não;Não;Não;BOLETIM DE OCORRENCIA;Classificada;23/03/2024 06:27;Não
2024-32708351-3;(BM) 2024-013231192-001;23/03/2024 01:20;RUA FLORIANOPOLIS, Nº 600 - JARDIM COLEGIO DE PASSOS - PASSOS;-207.179.224;-465.922.188;S06002 - CAPTURA DE ANIMAL SILVESTRE PERIGOSO / AGRESSIVO (C) (Prioridade: 2 - Média);1CIA IND/2CIA/1PEL(PASSOS);ASL00064;Não;Não;Não;BOLETIM DE OCORRENCIA;Classificada;23/03/2024 06:26;Não
2024-32711356-5;(BM) 2024-013254996-001;23/03/2024 10:07;RUA VEREADOR ANTONIO MENDES PEIXOTO, Nº 99 - COHAB 5 - PASSOS;-207.208.864;-466.383.053;V01018 - VITIMA DE MAL NAO DEFINIDO (DISTURBIO) (C) (Prioridade: 1 - Alta);1CIA IND/2CIA/1PEL(PASSOS);UR0565;Não;Não;Não;BOLETIM DE OCORRENCIA;Classificada;24/03/2024 08:16;Não
2024-32712715-1;(BM) 2024-013267640-001;23/03/2024 12:41;RUA COIMBRAS, Nº 537 - CALIFORNIA - PASSOS;-207.039.119;-466.144.359;V01018 - VITIMA DE MAL NAO DEFINIDO (DISTURBIO) (C) (Prioridade: 1 - Alta);1CIA IND/2CIA/1PEL(PASSOS);UR0565;Não;Não;Não;BOLETIM DE OCORRENCIA;Classificada;24/03/2024 08:16;Não
2024-32715152-7;(BM) 2024-013300787-001;23/03/2024 15:53;RUA DOUTOR CARVALHO, Nº 1455 - NOSSA SENHORA DAS GRAÇAS - PASSOS;-207.352.269;-466.037.303;P03999 - OUTROS TIPOS DE PCI / PCA   (C) (Prioridade: 2 - Média);1CIA IND/2CIA/1PEL(PASSOS);BM1525005;Não;Não;Não;BOLETIM DE OCORRENCIA;Classificada;24/03/2024 08:14;Não
2024-32717116-4;(BM) 2024-013346970-001;23/03/2024 18:02;RUA VEREADOR JOSE JULIO DE ANDRADE, Nº 138 - COHAB 4 - PASSOS;-207.199.703;-466.354.452;V01018 - VITIMA DE MAL NAO DEFINIDO (DISTURBIO) (C) (Prioridade: 1 - Alta);1CIA IND/2CIA/1PEL(PASSOS);UR0565;Não;Não;Não;BOLETIM DE OCORRENCIA;Classificada;24/03/2024 08:16;Não
2024-32718277-9;(BM) 2024-013325988-001;23/03/2024 19:20;RUA TAPAJOS, Nº 1742 - NOSSA SENHORA APARECIDA - PASSOS;-207.412.521;-466.075.977;V03021 - VITIMA DE SUICIDIO (TENTATIVA) - APH TRAUMA (C) (Prioridade: 1 - Alta);1CIA IND/2CIA/1PEL(PASSOS);UR0565;Não;Não;Não;BOLETIM DE OCORRENCIA;Classificada;24/03/2024 08:17;Não
2024-32719312-3;(BM) 2024-013346851-001;23/03/2024 20:17;RUA SANTA CASA, Nº 164 - SANTA CASA - PASSOS;-207.129.746;-466.123.199;A18001 - EMPENHO DE AMBULANCIA DO IPSM (C) (Prioridade: 2 - Média);1CIA IND/2CIA/1PEL(PASSOS);1193;Não;Não;Não;BOLETIM DE OCORRENCIA;Classificada;24/03/2024 08:14;Não
2024-32721162-5;(BM) 2024-013345270-001;23/03/2024 22:07;RUA MARIA AGELUNE, Nº S/N - RESIDENCIAL VILLAGIO DI ITALIA - PASSOS;-20.731.239;-465.899.174;P02003 - VISTORIA EM LOTE VAGO (C) (Prioridade: 2 - Média);1CIA IND/2CIA/1PEL(PASSOS);ASL00064;Não;Não;Não;BOLETIM DE OCORRENCIA;Classificada;24/03/2024 08:15;Não
2024-32721380-6;(BM) 2024-013347163-001;23/03/2024 22:18;RUA MARIA AGELUNE, Nº S/N - RESIDENCIAL VILLAGIO DI ITALIA - PASSOS;-20.731.239;-465.899.174;P02003 - VISTORIA EM LOTE VAGO (C) (Prioridade: 2 - Média);1CIA IND/2CIA/1PEL(PASSOS);ASL00064;Não;Não;Não;BOLETIM DE OCORRENCIA;Classificada;24/03/2024 08:15;Não
2024-32721730-6;(BM) 2024-013350182-001;23/03/2024 22:35;RUA MARIA AGELUNE, Nº S/N - RESIDENCIAL VILLAGIO DI ITALIA - PASSOS;-20.731.239;-465.899.174;P02003 - VISTORIA EM LOTE VAGO (C) (Prioridade: 2 - Média);1CIA IND/2CIA/1PEL(PASSOS);ASL00064;Não;Não;Não;BOLETIM DE OCORRENCIA;Classificada;24/03/2024 08:16;Não
2024-32726452-2;(BM) 2024-013387005-001;24/03/2024 05:14;RUA PADRE PIRES, Nº 89 - SAO FRANCISCO - PASSOS;-207.267.844;-466.174.062;V01018 - VITIMA DE MAL NAO DEFINIDO (DISTURBIO) (C) (Prioridade: 1 - Alta);1CIA IND/2CIA/1PEL(PASSOS);UR0565;Não;Não;Não;BOLETIM DE OCORRENCIA;Classificada;24/03/2024 08:18;Não
2024-32727486-0;(BM) 2024-013392703-001;24/03/2024 08:45;PRACA CRUZEIRO, Nº S/N - PENHA - PASSOS;-207.161.866;-466.205.947;P02001 - VISTORIA EM HIDRANTE (C) (Prioridade: 2 - Média);1CIA IND/2CIA/1PEL(PASSOS);ASL00064;Não;Não;Não;BOLETIM DE OCORRENCIA;Classificada;25/03/2024 11:21;Não
2024-32727775-7;(BM) 2024-013395105-001;24/03/2024 09:24;AVENIDA CHICO XAVIER / RUA SAO MIGUEL - PARQUE DAS AROEIRAS - PASSOS;-207.247.129;-466.270.821;P02003 - VISTORIA EM LOTE VAGO (C) (Prioridade: 2 - Média);1CIA IND/2CIA/1PEL(PASSOS);ASL00064;Não;Não;Não;BOLETIM DE OCORRENCIA;Classificada;25/03/2024 11:21;Não
2024-32727915-4;(BM) 2024-013426346-001;24/03/2024 09:42;RUA PIUMHI / RUA LAZARO GARCIA DE MELO - JARDIM PLANALTO - PASSOS;-207.210.768;-466.258.308;P02003 - VISTORIA EM LOTE VAGO (C) (Prioridade: 2 - Média);1CIA IND/2CIA/1PEL(PASSOS);ASL00064;Não;Não;Não;BOLETIM DE OCORRENCIA;Classificada;25/03/2024 11:21;Não
2024-32728365-0;(BM) 2024-013401490-001;24/03/2024 10:34;RUA BONSUCESSO, Nº 547 - CANDEIAS - PASSOS;-207.197.433;-466.159.389;W03000 - SOLICITANTE ENCONTRADO - PROVIDENCIA DISPENSADA (C) (Prioridade: 3 - Baixa);1CIA IND/2CIA/1PEL(PASSOS);UR0565;Não;Não;Não;BOLETIM DE OCORRENCIA;Classificada;25/03/2024 11:20;Não
2024-32728630-0;(BM) 2024-013403129-001;24/03/2024 11:07;TRAVESSA MONSENHOR JOAO PEDRO, Nº 79 - CENTRO - PASSOS;-207.191.986;-466.095.729;V01018 - VITIMA DE MAL NAO DEFINIDO (DISTURBIO) (C) (Prioridade: 1 - Alta);1CIA IND/2CIA/1PEL(PASSOS);UR0565;Não;Não;Não;BOLETIM DE OCORRENCIA;Classificada;25/03/2024 11:22;Não
2024-32729091-2;(BM) 2024-013405914-001;24/03/2024 12:03;AVENIDA JK, Nº S/N - MONSENHOR MESSIAS - PASSOS;-207.342.178;-465.979.772;P03999 - OUTROS TIPOS DE PCI / PCA   (C) (Prioridade: 2 - Média);1CIA IND/2CIA/1PEL(PASSOS);ASL00064;Não;Não;Não;BOLETIM DE OCORRENCIA;Classificada;25/03/2024 11:21;Não
2024-32729812-2;(BM) 2024-013413152-001;24/03/2024 13:35;RUA ALIPIO F DIAS, Nº 107 - PARQUE DA ESTACAO - PASSOS;-207.039.641;-466.115.735;S06002 - CAPTURA DE ANIMAL SILVESTRE PERIGOSO / AGRESSIVO (C) (Prioridade: 2 - Média);1CIA IND/2CIA/1PEL(PASSOS);ASL00064;Não;Não;Não;BOLETIM DE OCORRENCIA;Classificada;25/03/2024 11:21;Não
2024-32730154-8;(BM) 2024-013426268-001;24/03/2024 14:09;RUA ACRE, Nº 1175 - RECANTO DA HARMONIA - PASSOS;-20.707.214;-465.975.547;V01024 - VITIMA DE SUICIDIO (TENTATIVA) - APH CLINICO (C) (Prioridade: 1 - Alta);1CIA IND/2CIA/1PEL(PASSOS);UR0565;Não;Não;Não;BOLETIM DE OCORRENCIA;Classificada;25/03/2024 11:22;Não
2024-32733252-3;(BM) 2024-013444573-001;24/03/2024 17:38;RUA DOUTOR CARVALHO, Nº 1455 - NOSSA SENHORA DAS GRAÇAS - PASSOS;-207.352.269;-466.037.303;Q03017 - TREINAMENTO DE PRIMEIROS SOCORROS (C) (Prioridade: 2 - Média);1CIA IND/2CIA/1PEL(PASSOS);BM1315175;Não;Não;Não;BOLETIM DE OCORRENCIA;Classificada;25/03/2024 11:22;Não
2024-32734491-0;(BM) 2024-013456301-001;24/03/2024 18:55;RUA IMACULADA CONCEICAO, Nº 1167 - COHAB 5 - PASSOS;-207.222.233;-466.371.868;V01018 - VITIMA DE MAL NAO DEFINIDO (DISTURBIO) (C) (Prioridade: 1 - Alta);1CIA IND/2CIA/1PEL(PASSOS);UR0565;Não;Não;Não;BOLETIM DE OCORRENCIA;Classificada;25/03/2024 11:22;Não
2024-32740485-1;(BM) 2024-013510534-001;25/03/2024 02:28;RUA GOIAS, Nº 11 - POLIVALENTE - PASSOS;-207.050.563;-466.071.122;W03000 - SOLICITANTE ENCONTRADO - PROVIDENCIA DISPENSADA (C) (Prioridade: 3 - Baixa);1CIA IND/2CIA/1PEL(PASSOS);UR0565;Não;Não;Não;BOLETIM DE OCORRENCIA;Classificada;25/03/2024 11:21;Não
2024-32740782-7;;25/03/2024 03:57;RUA PONTAL, Nº 50 - PENHA - PASSOS;-207.176.636;-466.280.358;V01005 - VITIMA COM CRISE HIPERTENSIVA/HIPOTENSAO (C) (Prioridade: 1 - Alta);1CIA IND/2CIA/1PEL(PASSOS);UR0565;Não;Não;Não;ATENDIDA PELO SAMU;Classificada;25/03/2024 11:22;Não
2024-32741068-0;(BM) 2024-013515894-001;25/03/2024 06:07;TRAVESSA JORCELINO JOSE ESPER, Nº 36 - CENTRO - PASSOS;-207.188.543;-466.098.699;V01018 - VITIMA DE MAL NAO DEFINIDO (DISTURBIO) (C) (Prioridade: 1 - Alta);1CIA IND/2CIA/1PEL(PASSOS);UR0565;Não;Não;Não;BOLETIM DE OCORRENCIA;Classificada;25/03/2024 11:23;Não
2024-32741769-4;;25/03/2024 07:57;AVENIDA ANTONIO ADAO DA SILVA, Nº 719 - COHAB 4 - PASSOS;-207.176.859;-466.358.957;V01018 - VITIMA DE MAL NAO DEFINIDO (DISTURBIO) (C) (Prioridade: 1 - Alta);1CIA IND/2CIA/1PEL(PASSOS);;Não;Não;Não;NÃO ATENDIDA: FALTA DE VIATURA;Classificada;25/03/2024 07:59;Não
2024-32741821-2;(BM) 2024-013520399-001;25/03/2024 07:58;AVENIDA COMENDADOR FRANCISCO A MAIA, Nº S/N - SANTA CASA - PASSOS;-207.146.788;-466.127.072;V01010 - VITIMA COM DOR TORACICA/SUSPEITA DE INFARTO (IAM) (C) (Prioridade: 1 - Alta);1CIA IND/2CIA/1PEL(PASSOS);UR0565;Não;Não;Não;BOLETIM DE OCORRENCIA;Classificada;26/03/2024 07:26;Não
2024-32741798-2;;25/03/2024 07:59;AVENIDA COMENDADOR FRANCISCO A MAIA, Nº S/N - SANTA CASA - PASSOS;-207.146.788;-466.127.072;V01010 - VITIMA COM DOR TORACICA/SUSPEITA DE INFARTO (IAM) (C) (Prioridade: 1 - Alta);1CIA IND/2CIA/1PEL(PASSOS);;Não;Não;Não;DUPLICADA;Classificada;25/03/2024 08:02;Não
2024-32742361-0;(BM) 2024-013593178-001;25/03/2024 08:46;RUA DOUTOR CARVALHO, Nº 1455 - NOSSA SENHORA DAS GRAÇAS - PASSOS;-207.352.269;-466.037.303;Q03999 - OUTROS TIPOS DE TREINAMENTO (C) (Prioridade: 2 - Média);1CIA IND/2CIA/1PEL(PASSOS);BM1178490;Não;Não;Não;BOLETIM DE OCORRENCIA;Classificada;26/03/2024 07:27;Não
2024-32743012-6;(BM) 2024-013536298-001;25/03/2024 09:40;RUA CRISTOVAO COLOMBO, Nº 12 - PENHA - PASSOS;-207.169.322;-466.210.319;V01018 - VITIMA DE MAL NAO DEFINIDO (DISTURBIO) (C) (Prioridade: 1 - Alta);1CIA IND/2CIA/1PEL(PASSOS);UR0565;Não;Não;Não;BOLETIM DE OCORRENCIA;Classificada;26/03/2024 07:27;Não
2024-32744310-0;(BM) 2024-013555855-001;25/03/2024 11:16;RUA VIA LACTEA, Nº 220 - JARDIM SATELITE - PASSOS;-20.712.685;-466.173.951;P02011 - VISTORIA EM ENXAME DE INSETOS (C) (Prioridade: 2 - Média);1CIA IND/2CIA/1PEL(PASSOS);ASL00064;Não;Não;Não;BOLETIM DE OCORRENCIA;Classificada;26/03/2024 07:19;Não
2024-32745469-2;(BM) 2024-013567611-001;25/03/2024 13:12;RUA BARTOLOMEU DE GUSMAO, Nº S/N - BELO HORIZONTE - PASSOS;-20.726.416;-466.056.821;P01002 - VISTORIA DE LIBERACAO / EMISSAO DE AVCB (C) (Prioridade: 2 - Média);1CIA IND/2CIA/PEL PREV E VIST(PASSOS);APF01362 / ABTS0495;Não;Não;Não;BOLETIM DE OCORRENCIA;Classificada;26/03/2024 07:26;Não
2024-32745797-1;(BM) 2024-013573675-001;25/03/2024 13:37;AVENIDA COMENDADOR FRANCISCO A MAIA, Nº 2413 - CENTRO - PASSOS;-207.200.155;-466.130.424;W03000 - SOLICITANTE ENCONTRADO - PROVIDENCIA DISPENSADA (C) (Prioridade: 3 - Baixa);1CIA IND/2CIA/1PEL(PASSOS);UR0565;Não;Não;Não;BOLETIM DE OCORRENCIA;Classificada;26/03/2024 07:27;Não
2024-32747155-5;(BM) 2024-013588632-001;25/03/2024 14:53;RUA BOROROS, Nº 2088 - PASSOS;-207.449.717;-466.076.915;S06001 - SALVAMENTO DE ANIMAL EM RISCO / PERIGO (C) (Prioridade: 2 - Média);1CIA IND/2CIA/1PEL(PASSOS);ABTS0495;Não;Não;Não;BOLETIM DE OCORRENCIA;Classificada;26/03/2024 07:26;Não
2024-32748166-7;(BM) 2024-013603279-001;25/03/2024 15:44;RUA JULIA BORSARI CARDOSO, Nº S/N - NOVA PASSOS II - PASSOS;-206.997.417;-466.316.048;P02003 - VISTORIA EM LOTE VAGO (C) (Prioridade: 2 - Média);1CIA IND/2CIA/1PEL(PASSOS);ABTS0495;Não;Não;Não;BOLETIM DE OCORRENCIA;Classificada;26/03/2024 07:26;Não
2024-32748535-1;(BM) 2024-013612492-001;25/03/2024 16:02;RUA CAMPO GRANDE, Nº 212 - JARDIM COLEGIO DE PASSOS - PASSOS;-207.223.434;-465.940.387;V01007 - VITIMA COM DISPNEIA (FALTA DE AR) (C) (Prioridade: 1 - Alta);1CIA IND/2CIA/1PEL(PASSOS);UR0565;Não;Não;Não;BOLETIM DE OCORRENCIA;Classificada;26/03/2024 07:26;Não
2024-32748676-3;(BM) 2024-013610060-001;25/03/2024 16:09;RUA JULIA BORSARI CARDOSO, Nº S/N - NOVA PASSOS II - PASSOS;-206.997.417;-466.316.048;P02003 - VISTORIA EM LOTE VAGO (C) (Prioridade: 2 - Média);1CIA IND/2CIA/1PEL(PASSOS);ABTS0495;Não;Não;Não;BOLETIM DE OCORRENCIA;Classificada;26/03/2024 07:26;Não
2024-32752062-5;(BM) 2024-013647372-001;25/03/2024 19:22;RUA MANTIQUEIRA, Nº 509 - RECANTO DEL REI - PASSOS;-207.286.489;-465.955.625;O02038 - INCENDIO EM REDE ELETRICA / POSTE / CURTO-CIRCUITO (C) (Prioridade: 2 - Média);1CIA IND/2CIA/1PEL(PASSOS);ABTS0495;Não;Não;Não;BOLETIM DE OCORRENCIA;Classificada;26/03/2024 07:26;Não
2024-32753564-9;(BM) 2024-013683495-001;25/03/2024 21:03;AVENIDA NOSSA SENHORA APARECIDA, Nº 336 - VILA SAO JOSE - PASSOS;-207.029.573;-46.646.936;W09000 - CANCELADA POR ORDEM DO ORGAO DE COORDENACAO E CONTROLE (C) (Prioridade: 3 - Baixa);1CIA IND/2CIA/1PEL(PASSOS);UR0565;Não;Não;Não;BOLETIM DE OCORRENCIA;Classificada;26/03/2024 07:27;Não
2024-32754830-6;(BM) 2024-013682748-001;25/03/2024 22:29;RUA MUZAMBINHO, Nº 1259 - JARDIM ELAINE - PASSOS;-206.956.704;-466.141.916;W03000 - SOLICITANTE ENCONTRADO - PROVIDENCIA DISPENSADA (C) (Prioridade: 3 - Baixa);1CIA IND/2CIA/1PEL(PASSOS);UR0565;Não;Não;Não;BOLETIM DE OCORRENCIA;Classificada;26/03/2024 07:27;Não
2024-32757007-4;(BM) 2024-013698192-001;26/03/2024 02:30;AVENIDA JUCA STOCKLER, Nº 1513 - NOVO HORIZONTE - PASSOS;-207.368.649;-466.023.922;V01004 - VITIMA COM CRISE DIABETICA / HIPOGLICEMIA (C) (Prioridade: 1 - Alta);1CIA IND/2CIA/1PEL(PASSOS);UR0565;Não;Não;Não;BOLETIM DE OCORRENCIA;Classificada;26/03/2024 07:27;Não
2024-32757678-0;(BM) 2024-013708763-001;26/03/2024 06:50;AVENIDA BRASIL, Nº 145 - JARDIM SATELITE - PASSOS;-207.158.944;-466.178.645;V02408 - VITIMA DE COLISAO ENTRE AUTOMOVEL X MOTOCICLETA (C) (Prioridade: 1 - Alta);1CIA IND/2CIA/1PEL(PASSOS);UR0565;Não;Não;Não;BOLETIM DE OCORRENCIA;Classificada;26/03/2024 07:51;Não
2024-32758468-2;(BM) 2024-013712473-001;26/03/2024 08:28;RUA ADELIA FERREIRA DE SOUZA, Nº 55 - PASSOS;-207.531.606;-466.085.376;P01001 - VISTORIA DE FISCALIZACAO (C) (Prioridade: 2 - Média);1CIA IND/2CIA/PEL PREV E VIST(PASSOS);APF01362;Não;Não;Não;BOLETIM DE OCORRENCIA;Classificada;27/03/2024 08:38;Não
2024-32758599-0;(BM) 2024-013713738-001;26/03/2024 08:39;RUA TILOCA GRILO, Nº S/N - VILA SAO JOSE - PASSOS;-207.041.571;-466.395.987;S06002 - CAPTURA DE ANIMAL SILVESTRE PERIGOSO / AGRESSIVO (C) (Prioridade: 2 - Média);1CIA IND/2CIA/1PEL(PASSOS);ASL00064;Não;Não;Não;BOLETIM DE OCORRENCIA;Classificada;27/03/2024 08:39;Não
2024-32759331-3;(BM) 2024-013724584-001;26/03/2024 09:48;RUA SANTO ANTONIO, Nº 128 - CENTRO - PASSOS;-207.160.657;-466.104.597;V01007 - VITIMA COM DISPNEIA (FALTA DE AR) (C) (Prioridade: 1 - Alta);1CIA IND/2CIA/1PEL(PASSOS);UR0565;Não;Não;Não;BOLETIM DE OCORRENCIA;Classificada;27/03/2024 08:40;Não
2024-32759386-5;(BM) 2024-013732894-001;26/03/2024 09:54;RUA DA PRAIA, Nº S/N - PENHA - PASSOS;-207.170.338;-466.195.455;S06002 - CAPTURA DE ANIMAL SILVESTRE PERIGOSO / AGRESSIVO (C) (Prioridade: 2 - Média);1CIA IND/2CIA/1PEL(PASSOS);ASL00064;Não;Não;Não;BOLETIM DE OCORRENCIA;Classificada;27/03/2024 08:39;Não
2024-32759681-5;;26/03/2024 10:18;RUA AMETISTA, Nº 114 - ACLIMACAO - PASSOS;-207.501.416;-465.994.149;W03000 - SOLICITANTE ENCONTRADO - PROVIDENCIA DISPENSADA (C) (Prioridade: 3 - Baixa);1CIA IND/2CIA/1PEL(PASSOS);;Não;Não;Não;ATENDIDA PELO SAMU;Classificada;26/03/2024 12:24;Não
2024-32760223-8;(BM) 2024-013882390-001;26/03/2024 11:05;RUA TEREZA LIMA MAIA, Nº 450 - PENHA 2 - PASSOS;-207.169.648;-466.306.102;V03018 - VITIMA DE QUEDA DA PROPRIA ALTURA (C) (Prioridade: 1 - Alta);1CIA IND/2CIA/1PEL(PASSOS);UR0565;Não;Não;Não;BOLETIM DE OCORRENCIA;Classificada;27/03/2024 08:40;Não
2024-32761082-3;(BM) 2024-013746989-001;26/03/2024 12:30;RUA CRISTOVAO COLOMBO, Nº 12 - PENHA - PASSOS;-207.169.322;-466.210.319;V01007 - VITIMA COM DISPNEIA (FALTA DE AR) (C) (Prioridade: 1 - Alta);1CIA IND/2CIA/1PEL(PASSOS);UR0565;Não;Não;Não;BOLETIM DE OCORRENCIA;Classificada;27/03/2024 08:40;Não
2024-32761998-4;;26/03/2024 13:55;RUA VICENTINOS, Nº 39 - CANDEIAS - PASSOS;-207.230.951;-466.171.607;V01006 - VITIMA COM DIFICULDADE DE LOCOMOCAO (C) (Prioridade: 1 - Alta);1CIA IND/2CIA/1PEL(PASSOS);;Não;Não;Não;NÃO ATENDIDA: FALTA DE VIATURA;Classificada;26/03/2024 14:12;Não
2024-32762043-7;(BM) 2024-013771716-001;26/03/2024 13:56;RUA PEDRO ALVARES CABRAL, Nº 119 - CENTRO - PASSOS;-207.172.885;-46.605.477;V01018 - VITIMA DE MAL NAO DEFINIDO (DISTURBIO) (C) (Prioridade: 1 - Alta);1CIA IND/2CIA/1PEL(PASSOS);UR0565;Não;Não;Não;BOLETIM DE OCORRENCIA;Classificada;27/03/2024 08:47;Não
2024-32763234-0;(BM) 2024-013772028-001;26/03/2024 15:00;RUA VICENTINOS, Nº 39 - CANDEIAS - PASSOS;-207.230.951;-466.171.607;V01006 - VITIMA COM DIFICULDADE DE LOCOMOCAO (C) (Prioridade: 1 - Alta);1CIA IND/2CIA/1PEL(PASSOS);UR0565;Não;Não;Não;BOLETIM DE OCORRENCIA;Classificada;27/03/2024 08:47;Não
2024-32764932-2;(BM) 2024-013803860-001;26/03/2024 16:29;RUA PARA / RUA PARANA - BELA VISTA - PASSOS;-20.714.287;-465.996.229;W10000 - DISPENSADA POR DUPLICIDADE DE EMPENHO COM OUTROS ORGAOS (C) (Prioridade: 1 - Alta);1CIA IND/2CIA/1PEL(PASSOS);UR0565;Não;Não;Não;BOLETIM DE OCORRENCIA;Classificada;27/03/2024 08:47;Não
2024-32765544-9;(BM) 2024-013800083-001;26/03/2024 17:07;RUA RIO BRANCO, Nº 712 - POLIVALENTE - PASSOS;-207.031.266;-466.048.427;V01018 - VITIMA DE MAL NAO DEFINIDO (DISTURBIO) (C) (Prioridade: 1 - Alta);1CIA IND/2CIA/1PEL(PASSOS);UR0565;Não;Não;Não;BOLETIM DE OCORRENCIA;Classificada;27/03/2024 08:48;Não
2024-32765795-9;(BM) 2024-013897868-001;26/03/2024 17:22;RUA ARAGUAINA, Nº 471 - JARDIM PLANALTO - PASSOS;-207.209.889;-466.234.638;V03018 - VITIMA DE QUEDA DA PROPRIA ALTURA (C) (Prioridade: 1 - Alta);1CIA IND/2CIA/1PEL(PASSOS);UR0565;Não;Não;Não;BOLETIM DE OCORRENCIA;Classificada;27/03/2024 08:48;Não
2024-32767054-0;(BM) 2024-013817275-001;26/03/2024 18:44;AVENIDA JUCA STOCKLER / RUA CAETES - ACLIMACAO - PASSOS;-207.418.617;-466.008.038;P03002 - PERIGO DE ELETROCUSSAO (C) (Prioridade: 2 - Média);1CIA IND/2CIA/1PEL(PASSOS);ABTS0495;Não;Não;Não;BOLETIM DE OCORRENCIA;Classificada;27/03/2024 08:39;Não
2024-32767471-8;(BM) 2024-013881250-001;26/03/2024 19:13;RUA DOUTOR CARVALHO, Nº 1455 - NOSSA SENHORA DAS GRAÇAS - PASSOS;-207.352.269;-466.037.303;Q03001 - TREINAMENTO DE COMBATE A INCENDIO (C) (Prioridade: 2 - Média);1CIA IND/2CIA/1PEL(PASSOS);BM1551159;Não;Não;Não;BOLETIM DE OCORRENCIA;Classificada;27/03/2024 08:39;Não
2024-32767874-4;(BM) 2024-013824117-001;26/03/2024 19:42;RUA DIAMANTINA, Nº 209 - CANDEIAS - PASSOS;-207.219.915;-466.176.354;P03999 - OUTROS TIPOS DE PCI / PCA   (C) (Prioridade: 2 - Média);1CIA IND/2CIA/1PEL(PASSOS);ASL00064;Não;Não;Não;BOLETIM DE OCORRENCIA;Classificada;27/03/2024 08:40;Não
2024-32770010-3;(BM) 2024-013851988-001;26/03/2024 22:06;AVENIDA JUPITER, Nº 540 - PANORAMA - PASSOS;-207.109.797;-466.177.544;W01000 - SOLICITANTE NAO ENCONTRADO (C) (Prioridade: 3 - Baixa);1CIA IND/2CIA/1PEL(PASSOS);UR0565;Não;Não;Não;BOLETIM DE OCORRENCIA;Classificada;27/03/2024 08:38;Não
2024-32770547-6;(BM) 2024-013852023-002;26/03/2024 22:43;RUA MANUEL DA SILVEIRA MAIA, Nº 121 - PASSOS;-207.170.323;-466.323.497;V01001 - VITIMA DE ACIDENTE VASCULAR CEREBRAL (AVC) (C) (Prioridade: 1 - Alta);1CIA IND/2CIA/1PEL(PASSOS);ASL00064 / UR0565;Não;Não;Não;BOLETIM DE OCORRENCIA;Classificada;27/03/2024 08:48;Não
2024-32772705-6;(BM) 2024-013873163-001;27/03/2024 03:08;RUA GASPAR PIMENTA DE MORAES, Nº 182 - PENHA 2 - PASSOS;-207.156.883;-466.314.258;S06002 - CAPTURA DE ANIMAL SILVESTRE PERIGOSO / AGRESSIVO (C) (Prioridade: 2 - Média);1CIA IND/2CIA/1PEL(PASSOS);ASL00064;Não;Não;Não;BOLETIM DE OCORRENCIA;Classificada;27/03/2024 08:40;Não
2024-32773142-0;(BM) 2024-013896352-001;27/03/2024 06:11;AVENIDA JUCA STOCKLER, Nº S/N - NOVO HORIZONTE - PASSOS;-207.366.397;-466.024.583;V03003 - VITIMA DE AGRESSAO FISICA COM ARMA BRANCA (C) (Prioridade: 1 - Alta);1CIA IND/2CIA/1PEL(PASSOS);UR0565;Não;Não;Não;ATENDIDA PELO SAMU;Classificada;27/03/2024 08:49;Não
2024-32773246-6;(BM) 2024-013881040-001;27/03/2024 06:38;RUA BABILONIA, Nº 71 - JARDIM COLEGIO DE PASSOS - PASSOS;-207.234.599;-465.957.504;V01007 - VITIMA COM DISPNEIA (FALTA DE AR) (C) (Prioridade: 1 - Alta);1CIA IND/2CIA/1PEL(PASSOS);UR0565;Não;Não;Não;BOLETIM DE OCORRENCIA;Classificada;27/03/2024 08:49;Não
2024-32774234-2;(BM) 2024-013923749-001;27/03/2024 08:33;RUA DOUTOR CARVALHO, Nº 1455 - NOSSA SENHORA DAS GRAÇAS - PASSOS;-207.352.269;-466.037.303;Q03999 - OUTROS TIPOS DE TREINAMENTO (C) (Prioridade: 2 - Média);1CIA IND/2CIA/1PEL(PASSOS);BM1525005;Não;Não;Não;BOLETIM DE OCORRENCIA;Classificada;28/03/2024 08:01;Não
2024-32775694-8;(BM) 2024-013910135-001;27/03/2024 10:37;PRACA GERALDO DA SILVA MAIA, Nº S/N - CENTRO - PASSOS;-207.208.941;-46.609.005;X03000 - EMPENHO ADMINISTRATIVO (C) (Prioridade: 2 - Média);1CIA IND/2CIA/1PEL(PASSOS);ASL00064;Não;Não;Não;BOLETIM DE OCORRENCIA;Classificada;28/03/2024 08:01;Não
2024-32776422-3;(BM) 2024-013924182-001;27/03/2024 11:36;RUA ACEROLAS, Nº 144 - PASSOS;-207.130.229;-466.331.719;V03018 - VITIMA DE QUEDA DA PROPRIA ALTURA (C) (Prioridade: 1 - Alta);1CIA IND/2CIA/1PEL(PASSOS);UR0565;Não;Não;Não;BOLETIM DE OCORRENCIA;Classificada;28/03/2024 08:01;Não
2024-32777051-9;;27/03/2024 14:54;RUA DEPUTADO LOURENCO DE ANDRADE, Nº 294 - CENTRO - PASSOS;-207.178.552;-466.090.026;W06000 - TESTE (C) (Prioridade: 3 - Baixa);1CIA IND/2CIA/1PEL(PASSOS);TPO00155;Não;Não;Não;TESTE;Classificada;28/03/2024 09:17;Não
2024-32780001-9;(BM) 2024-013952647-001;28/03/2024 00:50;RUA ELZA DA COSTA FIGUEIREDO, Nº S/N - PARQUE DAS AROEIRAS - PASSOS;-207.209.832;-466.268.612;P02003 - VISTORIA EM LOTE VAGO (C) (Prioridade: 2 - Média);1CIA IND/2CIA/1PEL(PASSOS);ASL00064;Não;Não;Não;BOLETIM DE OCORRENCIA;Classificada;28/03/2024 08:01;Não
2024-32780053-2;(BM) 2024-013963662-001;28/03/2024 00:53;RUA NORIVAL SEVERIANO DA SILVA, Nº 550 - PASSOS;-206.972.207;-466.230.718;V01018 - VITIMA DE MAL NAO DEFINIDO (DISTURBIO) (C) (Prioridade: 1 - Alta);1CIA IND/2CIA/1PEL(PASSOS);UR0565;Não;Não;Não;BOLETIM DE OCORRENCIA;Classificada;28/03/2024 08:01;Não
2024-32782399-8;(BM) 2024-013974333-001;28/03/2024 06:36;RUA GOVERNADOR VALADARES, Nº 344 - CENTENARIO - PASSOS;-207.314.992;-466.141.205;S06001 - SALVAMENTO DE ANIMAL EM RISCO / PERIGO (C) (Prioridade: 2 - Média);1CIA IND/2CIA/1PEL(PASSOS);ASL00064;Não;Não;Não;BOLETIM DE OCORRENCIA;Classificada;28/03/2024 08:01;Não
2024-32782439-0;(BM) 2024-013974647-001;28/03/2024 06:41;RUA ELZA DA COSTA FIGUEIREDO, Nº 92 - PASSOS;-207.212.656;-466.267.567;P02003 - VISTORIA EM LOTE VAGO (C) (Prioridade: 2 - Média);1CIA IND/2CIA/1PEL(PASSOS);ASL00064;Não;Não;Não;BOLETIM DE OCORRENCIA;Classificada;28/03/2024 08:01;Não
2024-32782471-3;(BM) 2024-013974690-001;28/03/2024 06:42;RUA ELZA DA COSTA FIGUEIREDO, Nº 173 - JARDIM PLANALTO - PASSOS;-207.218.915;-466.264.214;P02003 - VISTORIA EM LOTE VAGO (C) (Prioridade: 2 - Média);1CIA IND/2CIA/1PEL(PASSOS);ASL00064;Não;Não;Não;BOLETIM DE OCORRENCIA;Classificada;28/03/2024 08:01;Não
2024-32782473-9;(BM) 2024-013974738-001;28/03/2024 06:43;RUA ELZA DA COSTA FIGUEIREDO, Nº 263 - JARDIM PLANALTO - PASSOS;-207.227.905;-466.261.784;P02003 - VISTORIA EM LOTE VAGO (C) (Prioridade: 2 - Média);1CIA IND/2CIA/1PEL(PASSOS);ASL00064;Não;Não;Não;BOLETIM DE OCORRENCIA;Classificada;28/03/2024 08:01;Não
2024-32783346-7;(BM) 2024-013984025-001;28/03/2024 08:13;RUA DOUTOR CARVALHO, Nº 1455 - NOSSA SENHORA DAS GRAÇAS - PASSOS;-207.352.269;-466.037.303;Q02007 - PALESTRA DE PREVENCAO E COMBATE A INCENDIO E PANICO (PCIP) (C) (Prioridade: 2 - Média);1CIA IND/2CIA/1PEL(PASSOS);BM1272152 / ASL00064;Não;Não;Não;BOLETIM DE OCORRENCIA;Classificada;29/03/2024 06:08;Não
2024-32784375-0;(BM) 2024-013998793-001;28/03/2024 09:37;RUA ABOLICAO, Nº 180 - PASSOS;-207.199.367;-466.167.522;P02011 - VISTORIA EM ENXAME DE INSETOS (C) (Prioridade: 3 - Baixa);1CIA IND/2CIA/1PEL(PASSOS);ASL00064;Não;Não;Não;BOLETIM DE OCORRENCIA;Classificada;29/03/2024 06:17;Não
2024-32784728-9;(BM) 2024-014012595-001;28/03/2024 10:08;RUA SANTA MARTA, Nº 90 - CARMELO - PASSOS;-207.143.367;-466.060.328;S06001 - SALVAMENTO DE ANIMAL EM RISCO / PERIGO (C) (Prioridade: 2 - Média);1CIA IND/2CIA/1PEL(PASSOS);ABTS0495;Não;Não;Não;BOLETIM DE OCORRENCIA;Classificada;29/03/2024 06:08;Não
2024-32784911-5;(BM) 2024-014013113-001;28/03/2024 10:21;RUA JORGE BACIL, Nº 321 - NOVA CALIFORNIA - PASSOS;-207.012.905;-466.224.479;V01007 - VITIMA COM DISPNEIA (FALTA DE AR) (C) (Prioridade: 1 - Alta);1CIA IND/2CIA/1PEL(PASSOS);UR0565;Não;Não;Não;BOLETIM DE OCORRENCIA;Classificada;29/03/2024 06:17;Não
2024-32786558-1;(BM) 2024-014023316-001;28/03/2024 12:50;RUA MARIA AGELUNE, Nº S/N - RESIDENCIAL VILLAGIO DI ITALIA - PASSOS;-20.731.239;-465.899.174;P02003 - VISTORIA EM LOTE VAGO (C) (Prioridade: 2 - Média);1CIA IND/2CIA/1PEL(PASSOS);ASL00064;Não;Não;Não;BOLETIM DE OCORRENCIA;Classificada;29/03/2024 06:09;Não
2024-32786714-5;(BM) 2024-014025161-001;28/03/2024 13:02;AVENIDA JUCA STOCKLER, Nº 551 - BELO HORIZONTE - PASSOS;-207.285.103;-466.051.354;V01018 - VITIMA DE MAL NAO DEFINIDO (DISTURBIO) (C) (Prioridade: 2 - Média);1CIA IND/2CIA/1PEL(PASSOS);UR0565;Não;Não;Não;BOLETIM DE OCORRENCIA;Classificada;29/03/2024 06:09;Não
2024-32791043-0;(BM) 2024-014073642-001;28/03/2024 17:02;PRACA GERALDO DA SILVA MAIA, Nº S/N - CENTRO - PASSOS;-207.208.941;-46.609.005;P02001 - VISTORIA EM HIDRANTE (C) (Prioridade: 2 - Média);1CIA IND/2CIA/1PEL(PASSOS);ASL00064;Não;Não;Não;BOLETIM DE OCORRENCIA;Classificada;29/03/2024 06:10;Não
2024-32791767-0;(BM) 2024-014081517-001;28/03/2024 17:45;RUA OPALA, Nº 108 - ACLIMACAO - PASSOS;-20.752.012;-466.002.449;S06002 - CAPTURA DE ANIMAL SILVESTRE PERIGOSO / AGRESSIVO (C) (Prioridade: 2 - Média);1CIA IND/2CIA/1PEL(PASSOS);ASL00064;Não;Não;Não;BOLETIM DE OCORRENCIA;Classificada;29/03/2024 06:10;Não
2024-32793863-5;(BM) 2024-014126015-001;28/03/2024 19:52;RODOVIA MG 050, Km 305, Nº S/N - CAPITOLIO;;;V02404 - VITIMA DE COLISAO ENTRE CAMINHOES / CARRETAS (C) (Prioridade: 1 - Alta);1CIA IND/2CIA/1PEL(PASSOS);UR0565;Não;Não;Não;BOLETIM DE OCORRENCIA;Classificada;29/03/2024 06:16;Não
2024-32794180-8;;28/03/2024 20:12;RODOVIA MG 050, Km 306 - CAPITOLIO;-206.541.637;-462.162.524;W98011 - SOLICITACAO DE APOIO (C) (Prioridade: 1 - Alta);1CIA IND/2CIA/1PEL(PASSOS);;Não;Não;Não;DUPLICADA;Classificada;28/03/2024 22:01;Não
2024-32800362-3;(BM) 2024-014163145-001;29/03/2024 07:23;RUA JURANDIR LEANDRO VIEIRA, Nº S/N - RESIDENCIAL VILLAGIO DI ITALIA - PASSOS;-207.345.147;-465.913.156;S06002 - CAPTURA DE ANIMAL SILVESTRE PERIGOSO / AGRESSIVO (C) (Prioridade: 2 - Média);1CIA IND/2CIA/1PEL(PASSOS);ABTS0495;Não;Não;Não;BOLETIM DE OCORRENCIA;Classificada;30/03/2024 06:31;Não
2024-32800369-2;(BM) 2024-014166164-001;29/03/2024 07:30;RODOVIA MG 050, Nº S/N - CAPITOLIO;-206.006.067;-460.676.712;P03003 - PREVENCAO AQUATICA / OPERACAO VERANICO (C) (Prioridade: 2 - Média);1CIA IND/2CIA/1PEL(PASSOS);ASL00064;Não;Não;Não;BOLETIM DE OCORRENCIA;Classificada;30/03/2024 08:08;Não
2024-32800915-0;(BM) 2024-014166108-001;29/03/2024 08:41;AVENIDA PROJETADA, Nº S/N - JARDIM FLORENCA - PASSOS;-206.924.763;-466.115.051;P02001 - VISTORIA EM HIDRANTE (C) (Prioridade: 2 - Média);1CIA IND/2CIA/1PEL(PASSOS);ABTS0495;Não;Não;Não;BOLETIM DE OCORRENCIA;Classificada;30/03/2024 08:08;Não
2024-32801206-3;(BM) 2024-014168919-001;29/03/2024 09:16;RODOVIA MG 050, Nº S/N - PASSOS;-207.372.242;-466.331.087;V01026 - TRANSPORTE INTER-HOSPITALAR (C) (Prioridade: 2 - Média);1CIA IND/2CIA/1PEL(PASSOS);UR0565;Não;Não;Não;BOLETIM DE OCORRENCIA;Classificada;30/03/2024 08:08;Não
2024-32801209-1;(BM) 2024-014171091-001;29/03/2024 09:18;RUA COIMBRAS, Nº S/N - NOSSA SENHORA DE LOURDES - PASSOS;-206.987.548;-466.163.657;P02003 - VISTORIA EM LOTE VAGO (C) (Prioridade: 2 - Média);1CIA IND/2CIA/1PEL(PASSOS);ABTS0495;Não;Não;Não;BOLETIM DE OCORRENCIA;Classificada;30/03/2024 08:08;Não
2024-32801427-2;(BM) 2024-014171089-001;29/03/2024 09:47;RUA COIMBRAS, Nº S/N - NOSSA SENHORA DE LOURDES - PASSOS;-206.987.548;-466.163.657;P02003 - VISTORIA EM LOTE VAGO (C) (Prioridade: 2 - Média);1CIA IND/2CIA/1PEL(PASSOS);ABTS0495;Não;Não;Não;BOLETIM DE OCORRENCIA;Classificada;30/03/2024 08:08;Não
2024-32802495-8;(BM) 2024-014180600-001;29/03/2024 11:39;AVENIDA ARLINDO FIGUEIREDO, Nº S/N - JARDIM PINHEIROS 2 - PASSOS;-207.262.479;-466.225.308;W04000 - NADA CONSTATADO (C) (Prioridade: 3 - Baixa);1CIA IND/2CIA/1PEL(PASSOS);UR0565;Não;Não;Não;BOLETIM DE OCORRENCIA;Classificada;30/03/2024 08:09;Não
2024-32803098-3;(BM) 2024-014186845-001;29/03/2024 13:07;RUA PARACATU, Nº 401 - CENTENARIO - PASSOS;-207.327.602;-466.132.675;V01007 - VITIMA COM DISPNEIA (FALTA DE AR) (C) (Prioridade: 1 - Alta);1CIA IND/2CIA/1PEL(PASSOS);UR0565;Não;Não;Não;BOLETIM DE OCORRENCIA;Classificada;30/03/2024 08:08;Não
2024-32803747-4;(BM) 2024-014196280-001;29/03/2024 14:13;AVENIDA ARLINDO FIGUEIREDO, Nº 850 - JARDIM PINHEIROS - PASSOS;-207.248.365;-466.210.844;W04000 - NADA CONSTATADO (C) (Prioridade: 3 - Baixa);1CIA IND/2CIA/1PEL(PASSOS);ABTS0495 / UR0565;Não;Não;Não;BOLETIM DE OCORRENCIA;Classificada;30/03/2024 08:08;Não
2024-32804313-0;(BM) 2024-014224382-001;29/03/2024 14:46;RUA QUARTZO, Nº 231 - PLANALTO - CASSIA;-205.865.055;-469.237.525;S06001 - SALVAMENTO DE ANIMAL EM RISCO / PERIGO (C) (Prioridade: 2 - Média);1CIA IND/2CIA/1PEL(PASSOS);ASL00064;Não;Não;Não;BOLETIM DE OCORRENCIA;Classificada;30/03/2024 08:08;Não
2024-32805392-1;(BM) 2024-014210714-001;29/03/2024 15:56;RUA JOSE MARIANO NEGRINHO, Nº 424 - COHAB 5 - PASSOS;-207.181.969;-466.373.767;V01018 - VITIMA DE MAL NAO DEFINIDO (DISTURBIO) (C) (Prioridade: 2 - Média);1CIA IND/2CIA/1PEL(PASSOS);UR0565;Não;Não;Não;BOLETIM DE OCORRENCIA;Classificada;30/03/2024 08:08;Não
2024-32807303-2;(BM) 2024-014235207-001;29/03/2024 17:55;RUA CURIO, Nº 155 - NOSSA SENHORA DAS GRAÇAS - PASSOS;-207.378.588;-466.049.757;V01018 - VITIMA DE MAL NAO DEFINIDO (DISTURBIO) (C) (Prioridade: 1 - Alta);1CIA IND/2CIA/1PEL(PASSOS);UR0565;Não;Não;Não;BOLETIM DE OCORRENCIA;Classificada;30/03/2024 08:09;Não
2024-32809603-7;(BM) 2024-014248720-001;29/03/2024 20:12;RUA ARNUFO NOGUEIRA DE FIGUEIREDO, Nº 307 - JARDIM PINHEIROS 2 - PASSOS;-207.250.762;-466.247.074;W03000 - SOLICITANTE ENCONTRADO - PROVIDENCIA DISPENSADA (C) (Prioridade: 3 - Baixa);1CIA IND/2CIA/1PEL(PASSOS);UR0565;Não;Não;Não;BOLETIM DE OCORRENCIA;Classificada;30/03/2024 08:08;Não
2024-32812991-6;(BM) 2024-014278648-001;29/03/2024 23:46;RUA PARAISO PERDIDO, Nº S/N - SAO JOSE DA BARRA;-206.937.903;-463.384.891;W03000 - SOLICITANTE ENCONTRADO - PROVIDENCIA DISPENSADA (C) (Prioridade: 3 - Baixa);1CIA IND/2CIA/1PEL(PASSOS);ASL00064;Não;Não;Não;BOLETIM DE OCORRENCIA;Classificada;30/03/2024 08:08;Não
2024-32814787-0;;30/03/2024 02:34;AVENIDA ANTONIO ADAO DA SILVA, Nº 111 - PENHA 2 - PASSOS;-207.189.598;-466.322.189;W98011 - SOLICITACAO DE APOIO (C) (Prioridade: 1 - Alta);1CIA IND/2CIA/1PEL(PASSOS);;Não;Não;Não;DUPLICADA;Classificada;30/03/2024 08:07;Não
2024-32814840-1;(BM) 2024-014291963-001;30/03/2024 02:41;AVENIDA ANTONIO ADAO DA SILVA, Nº 111 - PENHA 2 - PASSOS;-207.189.598;-466.322.189;V01025 - VITIMA DE USO / ABUSO / DEPENDENCIA DE DROGAS / ALCOOL (C) (Prioridade: 1 - Alta);1CIA IND/2CIA/1PEL(PASSOS);UR0565;Não;Não;Não;BOLETIM DE OCORRENCIA;Classificada;30/03/2024 08:08;Não
2024-32815687-1;(BM) 2024-014301920-001;30/03/2024 06:22;RUA CASSIA, Nº 195 - SAO BENEDITO - PASSOS;-207.204.663;-466.019.914;O02003 - INCENDIO EM EDIFICACAO COMERCIAL (C) (Prioridade: 1 - Alta);1CIA IND/2CIA/1PEL(PASSOS);ABTS0495;Não;Não;Não;BOLETIM DE OCORRENCIA;Classificada;30/03/2024 08:07;Não
2024-32815972-8;(BM) 2024-014301315-001;30/03/2024 07:14;RODOVIA MG 050, Nº S/N - CAPITOLIO;-206.006.067;-460.676.712;P03003 - PREVENCAO AQUATICA / OPERACAO VERANICO (C) (Prioridade: 2 - Média);1CIA IND/2CIA/1PEL(PASSOS);ASL00064;Não;Não;Não;BOLETIM DE OCORRENCIA;Classificada;01/04/2024 07:10;Não
2024-32816665-4;(BM) 2024-014307704-001;30/03/2024 08:48;PRACA FRANCISCO SALLES, Nº S/N - BELO HORIZONTE - PASSOS;-207.264.675;-466.045.971;P03999 - OUTROS TIPOS DE PCI / PCA   (C) (Prioridade: 2 - Média);1CIA IND/2CIA/1PEL(PASSOS);UR0565;Não;Não;Não;BOLETIM DE OCORRENCIA;Classificada;31/03/2024 07:01;Não
2024-32818112-6;(BM) 2024-014330740-001;30/03/2024 11:21;RUA VEREADOR JOSE JULIO DE ANDRADE, Nº 138 - COHAB 4 - PASSOS;-207.199.703;-466.354.452;V01018 - VITIMA DE MAL NAO DEFINIDO (DISTURBIO) (C) (Prioridade: 1 - Alta);1CIA IND/2CIA/1PEL(PASSOS);UR0565;Não;Não;Não;BOLETIM DE OCORRENCIA;Classificada;31/03/2024 06:55;Não
2024-32827302-2;(BM) 2024-014416770-001;30/03/2024 22:10;RUA MACEIO, Nº 81 - JARDIM COLEGIO DE PASSOS - PASSOS;-207.235.399;-465.926.162;P03002 - PERIGO DE ELETROCUSSAO (C) (Prioridade: 2 - Média);1CIA IND/2CIA/1PEL(PASSOS);ASL00064;Não;Não;Não;BOLETIM DE OCORRENCIA;Classificada;31/03/2024 06:55;Não
2024-32827492-0;(BM) 2024-014406487-001;30/03/2024 22:19;RUA DOUTOR CARVALHO, Nº 1455 - NOSSA SENHORA DAS GRAÇAS - PASSOS;-207.352.269;-466.037.303;Q03999 - OUTROS TIPOS DE TREINAMENTO (C) (Prioridade: 2 - Média);1CIA IND/2CIA/1PEL(PASSOS);BM1274612;Não;Não;Não;BOLETIM DE OCORRENCIA;Classificada;01/04/2024 07:06;Não
2024-32827562-3;(BM) 2024-014417145-001;30/03/2024 22:22;RUA ITABIRA, Nº 481 - CALIFORNIA - PASSOS;-207.035.082;-466.183.165;V01018 - VITIMA DE MAL NAO DEFINIDO (DISTURBIO) (C) (Prioridade: 1 - Alta);1CIA IND/2CIA/1PEL(PASSOS);UR0565;Não;Não;Não;BOLETIM DE OCORRENCIA;Classificada;01/04/2024 07:11;Não
2024-32828263-8;(BM) 2024-014417223-001;30/03/2024 22:58;RUA UIRAPURU, Nº 10 - NOSSA SENHORA DAS GRAÇAS - PASSOS;-207.368.879;-466.044.536;O03999 - OUTROS TIPOS DE PERIGO DE EXPLOSAO / INCENDIO   (C) (Prioridade: 2 - Média);1CIA IND/2CIA/1PEL(PASSOS);ASL00064;Não;Não;Não;BOLETIM DE OCORRENCIA;Classificada;31/03/2024 06:55;Não
2024-32832264-4;(BM) 2024-014445049-001;31/03/2024 04:11;RUA TRES DE MAIO, Nº S/N - BELO HORIZONTE - PASSOS;-2.072.412;-466.034.476;W04000 - NADA CONSTATADO (C) (Prioridade: 3 - Baixa);1CIA IND/2CIA/1PEL(PASSOS);UR0565;Não;Não;Não;BOLETIM DE OCORRENCIA;Classificada;01/04/2024 07:11;Não
2024-32832981-5;(BM) 2024-014445835-001;31/03/2024 06:59;RUA BAU, Nº 36 - CASARAO - PASSOS;-207.224.636;-465.880.819;V03021 - VITIMA DE SUICIDIO (TENTATIVA) - APH TRAUMA (C) (Prioridade: 1 - Alta);1CIA IND/2CIA/1PEL(PASSOS);UR0565;Não;Não;Não;BOLETIM DE OCORRENCIA;Classificada;01/04/2024 07:10;Não
2024-32833126-6;(BM) 2024-014446489-001;31/03/2024 07:25;RODOVIA MG 050, Nº S/N - PASSOS;-207.351.074;-465.719.703;P03003 - PREVENCAO AQUATICA / OPERACAO VERANICO (C) (Prioridade: 2 - Média);1CIA IND/2CIA/1PEL(PASSOS);ASL00064;Não;Não;Não;BOLETIM DE OCORRENCIA;Classificada;01/04/2024 07:06;Não
2024-32833627-1;(BM) 2024-014450838-001;31/03/2024 08:45;RUA ANDORINHA, Nº 1481 - NOSSA SENHORA DAS GRAÇAS - PASSOS;-207.403.959;-46.606.957;V03018 - VITIMA DE QUEDA DA PROPRIA ALTURA (C) (Prioridade: 1 - Alta);1CIA IND/2CIA/1PEL(PASSOS);UR0565;Não;Não;Não;BOLETIM DE OCORRENCIA;Classificada;01/04/2024 07:07;Não
2024-32834703-3;(BM) 2024-014460586-001;31/03/2024 11:08;AVENIDA ARLINDO FIGUEIREDO, Nº 1001 - JARDIM PINHEIROS 2 - PASSOS;-207.260.793;-466.223.701;V01018 - VITIMA DE MAL NAO DEFINIDO (DISTURBIO) (C) (Prioridade: 1 - Alta);1CIA IND/2CIA/1PEL(PASSOS);UR0565;Não;Não;Não;BOLETIM DE OCORRENCIA;Classificada;01/04/2024 07:09;Não
2024-32836095-0;(BM) 2024-014471755-001;31/03/2024 14:11;RODOVIA MG 050, Km 333 - PASSOS;-207.225.462;-464.007.186;V01018 - VITIMA DE MAL NAO DEFINIDO (DISTURBIO) (C) (Prioridade: 1 - Alta);1CIA IND/2CIA/1PEL(PASSOS);UR0565;Não;Não;Não;BOLETIM DE OCORRENCIA;Classificada;01/04/2024 07:07;Não
2024-32839160-7;(BM) 2024-014501017-001;31/03/2024 17:32;RUA MANUEL ANTONIO SOARES DE SOUZA, Nº S/N - RESIDENCIAL VILLAGIO DI ITALIA - PASSOS;-207.327.792;-465.924.119;P02003 - VISTORIA EM LOTE VAGO (C) (Prioridade: 2 - Média);1CIA IND/2CIA/1PEL(PASSOS);ASL00064;Não;Não;Não;BOLETIM DE OCORRENCIA;Classificada;01/04/2024 07:07;Não
2024-32839166-3;(BM) 2024-014503897-001;31/03/2024 17:33;RUA MANUEL ANTONIO SOARES DE SOUZA, Nº S/N - RESIDENCIAL VILLAGIO DI ITALIA - PASSOS;-207.327.792;-465.924.119;P02003 - VISTORIA EM LOTE VAGO (C) (Prioridade: 2 - Média);1CIA IND/2CIA/1PEL(PASSOS);ASL00064;Não;Não;Não;BOLETIM DE OCORRENCIA;Classificada;01/04/2024 07:06;Não
2024-32839169-1;(BM) 2024-014506170-001;31/03/2024 17:34;RUA MANUEL ANTONIO SOARES DE SOUZA, Nº S/N - RESIDENCIAL VILLAGIO DI ITALIA - PASSOS;-207.327.792;-465.924.119;P02003 - VISTORIA EM LOTE VAGO (C) (Prioridade: 2 - Média);1CIA IND/2CIA/1PEL(PASSOS);ASL00064;Não;Não;Não;BOLETIM DE OCORRENCIA;Classificada;01/04/2024 07:07;Não
2024-32839274-6;(BM) 2024-014504850-001;31/03/2024 17:40;AVENIDA AROUCA, Nº 147 - CENTRO - PASSOS;-20.715.326;-466.091.229;V01006 - VITIMA COM DIFICULDADE DE LOCOMOCAO (C) (Prioridade: 1 - Alta);1CIA IND/2CIA/1PEL(PASSOS);UR0565;Não;Não;Não;BOLETIM DE OCORRENCIA;Classificada;01/04/2024 07:10;Não
