Nº chamada;Nº REDS;Data/hora de criação;Local do fato;Latitude  do local;Longitude do local;Natureza;Unidade Responsável;Recursos empenhados;Alerta;Destaque;Envolve autoridade;Tipo de classificação;Situação;Data/hora da situação atual;Evento associado
2024-35279237-6;(BM) 2024-039280715-001;01/09/2024 00:47;RUA PALMEIRAS, Nº 655 - SERRA DAS BRISAS - PASSOS;-207.355.591;-46.591.328;O02012 - INCENDIO EM OFICINA / SERVICO AUTOMOTIVO / GARAGEM (C) (Prioridade: 1 - Alta);1CIA IND/2CIA/1PEL(PASSOS);ABTS00495;Não;Não;Não;BOLETIM DE OCORRENCIA;Classificada;01/09/2024 07:19;Não
2024-35281776-3;(BM) 2024-039292030-001;01/09/2024 07:46;RUA GUANABARA, Nº S/N - POLIVALENTE - PASSOS;-207.008.319;-466.049.113;O02023 - INCENDIO EM LOCAL DE PROCESSAMENTO DE LIXO (C) (Prioridade: 1 - Alta);1CIA IND/2CIA/1PEL(PASSOS);ABTS00495;Não;Não;Não;BOLETIM DE OCORRENCIA;Classificada;02/09/2024 07:38;Não
2024-35282382-3;(BM) 2024-039295726-001;01/09/2024 09:18;AVENIDA JK, Nº S/N - MONSENHOR MESSIAS - PASSOS;-207.342.178;-465.979.772;P03999 - OUTROS TIPOS DE PCI / PCA   (C) (Prioridade: 2 - Média);1CIA IND/2CIA/1PEL(PASSOS);UR04360;Não;Não;Não;BOLETIM DE OCORRENCIA;Classificada;02/09/2024 07:38;Não
2024-35282419-1;(BM) 2024-039297123-001;01/09/2024 09:26;RUA ITAJAI, Nº S/N - SERRA DAS BRISAS - PASSOS;-207.329.965;-465.981.406;P02003 - VISTORIA EM LOTE VAGO (C) (Prioridade: 2 - Média);1CIA IND/2CIA/1PEL(PASSOS);ASL06087;Não;Não;Não;BOLETIM DE OCORRENCIA;Classificada;02/09/2024 07:38;Não
2024-35282506-4;(BM) 2024-039361141-001;01/09/2024 09:36;RUA ITAJAI, Nº S/N - SERRA DAS BRISAS - PASSOS;-207.329.965;-465.981.406;P02003 - VISTORIA EM LOTE VAGO (C) (Prioridade: 2 - Média);1CIA IND/2CIA/1PEL(PASSOS);ASL06087;Não;Não;Não;BOLETIM DE OCORRENCIA;Classificada;02/09/2024 07:38;Não
2024-35282578-5;(BM) 2024-039298184-001;01/09/2024 09:45;RUA PARAGUACU, Nº 616 - PASSOS;-207.164.824;-465.924.315;P02003 - VISTORIA EM LOTE VAGO (C) (Prioridade: 2 - Média);1CIA IND/2CIA/1PEL(PASSOS);ASL06087;Não;Não;Não;BOLETIM DE OCORRENCIA;Classificada;02/09/2024 07:38;Não
2024-35282632-9;(BM) 2024-039302563-001;01/09/2024 09:51;RODOVIA LMG 837, Nº S/N - PASSOS;-208.194.184;-466.862.471;O04014 - INCENDIO AS MARGENS DE RODOVIA (C) (Prioridade: 2 - Média);1CIA IND/2CIA/1PEL(PASSOS);ABTS00495;Não;Não;Não;BOLETIM DE OCORRENCIA;Classificada;02/09/2024 07:38;Não
2024-35282971-4;(BM) 2024-039300460-001;01/09/2024 10:31;ACESSO RURAL CACHOEIRA DO OURO, Nº S/N - DELFINOPOLIS;-203.082.151;-46.762.383;O04008 - INCENDIO EM AREA RURAL NAO PROTEGIDA (C) (Prioridade: 2 - Média);1CIA IND/2CIA/1PEL(PASSOS);ASL06087;Não;Não;Não;BOLETIM DE OCORRENCIA;Classificada;02/09/2024 07:38;Não
2024-35283246-0;(BM) 2024-039302379-001;01/09/2024 11:06;RODOVIA MG 050, Nº S/N - PASSOS;-207.372.242;-466.331.087;O04014 - INCENDIO AS MARGENS DE RODOVIA (C) (Prioridade: 2 - Média);1CIA IND/2CIA/1PEL(PASSOS);ABTS00495;Não;Não;Não;BOLETIM DE OCORRENCIA;Classificada;02/09/2024 14:02;Não
2024-35285227-7;(BM) 2024-039318328-001;01/09/2024 14:45;ESTRADA GURITA, Nº S/N - DELFINOPOLIS;-20.312.437;-468.568.933;S05201 - CAPOTAMENTO DE AUTOMOVEL (CARRO, CAMIONETA, CAMINHONETE) (C) (Prioridade: 1 - Alta);1CIA IND/2CIA/1PEL(PASSOS);ASL06087;Não;Não;Não;BOLETIM DE OCORRENCIA;Classificada;02/09/2024 07:38;Não
2024-35287110-0;;01/09/2024 17:03;ESTRADA SECUNDÁRIA ESTRADA ITAMBE, Nº S/N - CASSIA;-205.206.148;-469.445.989;S05303 - COLISAO ENTRE AUTOMOVEIS (CARRO, CAMIONETA, CAMINHONETE) (C) (Prioridade: 1 - Alta);1CIA IND/2CIA/1PEL(PASSOS);ABTS00495;Não;Não;Não;DISPENSADA PELO SOLICITANTE;Classificada;01/09/2024 21:59;Não
2024-35288223-2;(BM) 2024-039360987-001;01/09/2024 18:16;RODOVIA MGC 146 - SAO JOAO BATISTA GLORIA;;;O04008 - INCENDIO EM AREA RURAL NAO PROTEGIDA (C) (Prioridade: 2 - Média);1CIA IND/2CIA/1PEL(PASSOS);ABTS00495;Não;Não;Não;BOLETIM DE OCORRENCIA;Classificada;02/09/2024 07:38;Não
2024-35288553-7;(BM) 2024-039347765-001;01/09/2024 18:34;RODOVIA MG 050, Nº S/N - PASSOS;-207.372.242;-466.331.087;O04014 - INCENDIO AS MARGENS DE RODOVIA (C) (Prioridade: 2 - Média);1CIA IND/2CIA/1PEL(PASSOS);ABTS00495;Não;Não;Não;BOLETIM DE OCORRENCIA;Classificada;02/09/2024 07:38;Não
2024-35289944-0;;01/09/2024 19:58;RODOVIA BR 459, Km 459 - CALDAS;;;S06008 - CORTE DE ARVORE CAIDA EM VIA PUBLICA (C) (Prioridade: 2 - Média);1CIA IND (POCOS DE CALDAS);;Não;Não;Não;OCORRÊNCIAS TÍPICAS DE BOMBEIROS ATENDIDA POR OUTROS ÓRGÃOS;Classificada;01/09/2024 20:06;Não
2024-35291396-9;(BM) 2024-039383217-001;01/09/2024 21:36;RODOVIA MG 050, Km 317 - SAO JOAO BATISTA GLORIA;-206.521.486;-462.986.688;O04007 - INCENDIO EM PROPRIEDADE RURAL PARTICULAR (C) (Prioridade: 3 - Baixa);1CIA IND/2CIA/1PEL(PASSOS);ABTS00495 / ASL06087;Não;Não;Não;BOLETIM DE OCORRENCIA;Classificada;02/09/2024 07:38;Não
2024-35293919-6;(BM) 2024-039395265-001;02/09/2024 00:59;ESTRADA BR 146 [FAZENDA MUMBUCA 35 KM PASSOS], Nº S/N - PASSOS;-209.620.287;-465.412.754;O04008 - INCENDIO EM AREA RURAL NAO PROTEGIDA (C) (Prioridade: 2 - Média);1CIA IND/2CIA/1PEL(PASSOS);ASL06087;Não;Não;Não;BOLETIM DE OCORRENCIA;Classificada;02/09/2024 07:38;Não
2024-35296301-0;(BM) 2024-039413980-001;02/09/2024 09:04;RUA GOIAS, Nº 30 - ALPINOPOLIS;-208.568.857;-463.826.895;P01001 - VISTORIA DE FISCALIZACAO (C) (Prioridade: 2 - Média);1CIA IND/2CIA/1PEL(PASSOS);TPO00155;Não;Não;Não;BOLETIM DE OCORRENCIA;Classificada;03/09/2024 08:05;Não
2024-35296442-1;(BM) 2024-039416219-001;02/09/2024 09:14;RUA CAMBUQUIRA, Nº 365 - SAO FRANCISCO - PASSOS;-207.299.622;-466.147.629;V01006 - VITIMA COM DIFICULDADE DE LOCOMOCAO (C) (Prioridade: 1 - Alta);1CIA IND/2CIA/1PEL(PASSOS);UR04360;Não;Não;Não;BOLETIM DE OCORRENCIA;Classificada;03/09/2024 08:06;Não
2024-35297105-7;(BM) 2024-039424622-001;02/09/2024 10:06;FAZENDA SERRINHA, Nº S/N - DELFINOPOLIS;-203.339.759;-46.814.053;O04008 - INCENDIO EM AREA RURAL NAO PROTEGIDA (C) (Prioridade: 2 - Média);1CIA IND/2CIA/1PEL(PASSOS);ASL06087;Não;Não;Não;BOLETIM DE OCORRENCIA;Classificada;03/09/2024 08:05;Não
2024-35297506-8;(BM) 2024-039430398-001;02/09/2024 10:38;AVENIDA GOVERNADOR VALADARES, Nº 258 - CENTRO - ALPINOPOLIS;-20.862.172;-463.896.297;P01001 - VISTORIA DE FISCALIZACAO (C) (Prioridade: 2 - Média);1CIA IND/2CIA/1PEL(PASSOS);TPO00155;Não;Não;Não;BOLETIM DE OCORRENCIA;Classificada;03/09/2024 08:05;Não
2024-35297986-5;(BM) 2024-039436289-001;02/09/2024 11:14;RUA JOSE JACINTO RIBEIRO, Nº 310 - SÃO BENEDITO - ALPINOPOLIS;-208.566.208;-463.911.324;P01001 - VISTORIA DE FISCALIZACAO (C) (Prioridade: 2 - Média);1CIA IND/2CIA/1PEL(PASSOS);TPO00155;Não;Não;Não;BOLETIM DE OCORRENCIA;Classificada;03/09/2024 08:06;Não
2024-35298134-0;;02/09/2024 11:24;AVENIDA AMAZONAS, Nº 158 - SAO GABRIEL - CASSIA;-20.587.086;-469.163.123;O02001 - INCENDIO EM RESIDENCIA/HABITACAO UNIFAMILIAR (CASA) (C) (Prioridade: 1 - Alta);1CIA IND/2CIA/1PEL(PASSOS);;Não;Não;Não;DISPENSADA PELO SOLICITANTE;Classificada;02/09/2024 11:34;Não
2024-35298336-5;(BM) 2024-039440889-001;02/09/2024 11:41;SITIO JATOBA - MILTON, Nº S/N - PASSOS;-208.453.292;-466.204.707;O04013 - INCENDIO EM PASTO (C) (Prioridade: 2 - Média);1CIA IND/2CIA/1PEL(PASSOS);ABTS00495;Não;Não;Não;BOLETIM DE OCORRENCIA;Classificada;03/09/2024 08:06;Não
2024-35299278-6;(BM) 2024-039450778-001;02/09/2024 13:21;RUA BELO HORIZONTE, Nº 1543 - ALPINOPOLIS;-208.579.441;-463.884.883;P01001 - VISTORIA DE FISCALIZACAO (C) (Prioridade: 2 - Média);1CIA IND/2CIA/1PEL(PASSOS);TPO00155;Não;Não;Não;BOLETIM DE OCORRENCIA;Classificada;03/09/2024 08:06;Não
2024-35299356-8;;02/09/2024 13:27;RODOVIA BR 146, Km 355 - PASSOS;-208.482.694;-466.174.506;O04013 - INCENDIO EM PASTO (C) (Prioridade: 2 - Média);1CIA IND/2CIA/1PEL(PASSOS);;Não;Não;Não;DUPLICADA;Classificada;02/09/2024 13:46;Não
2024-35301250-3;(BM) 2024-039474855-001;02/09/2024 15:13;RUA JOSE JACINTO RIBEIRO, Nº 501 - ALPINOPOLIS;-208.561.727;-463.928.689;P01001 - VISTORIA DE FISCALIZACAO (C) (Prioridade: 2 - Média);1CIA IND/2CIA/1PEL(PASSOS);TPO00155;Não;Não;Não;BOLETIM DE OCORRENCIA;Classificada;03/09/2024 08:06;Não
2024-35301971-5;;02/09/2024 15:55;RUA OPERARIOS, Nº 693 - MUARAMA 2 - PASSOS;-207.342.183;-466.120.053;P02011 - VISTORIA EM ENXAME DE INSETOS (C) (Prioridade: 2 - Média);1CIA IND/2CIA/1PEL(PASSOS);;Não;Não;Não;ORIENTAÇÃO;Classificada;02/09/2024 23:34;Não
2024-35302250-9;;02/09/2024 16:09;AVENIDA SABIA / RUA PARDAL - PARQUE DA FAZENDA - PASSOS;-207.378.511;-46.609.755;V02502 - VITIMA DE QUEDA (MOTOCICLISTA) (C) (Prioridade: 1 - Alta);1CIA IND/2CIA/1PEL(PASSOS);;Não;Não;Não;ATENDIDA PELO SAMU;Classificada;02/09/2024 16:25;Não
2024-35302893-9;;02/09/2024 16:47;RUA ROMEU PINTO, Nº S/N - POCINHOS DO RIO VERDE - CALDAS;;;O02999 - OUTROS TIPOS DE INCENDIO URBANO   (C) (Prioridade: 2 - Média);1CIA IND (POCOS DE CALDAS);;Não;Não;Não;DISPENSADA PELO SOLICITANTE;Classificada;02/09/2024 18:24;Não
2024-35303108-3;(BM) 2024-039504511-001;02/09/2024 17:00;AVENIDA DONA LIQUINHA SILVEIRA, Nº 1675 - NOVA CALIFORNIA - PASSOS;-207.022.564;-466.191.727;V03018 - VITIMA DE QUEDA DA PROPRIA ALTURA (C) (Prioridade: 1 - Alta);1CIA IND/2CIA/1PEL(PASSOS);UR04360;Não;Não;Não;BOLETIM DE OCORRENCIA;Classificada;03/09/2024 08:06;Não
2024-35303660-6;(BM) 2024-039556819-001;02/09/2024 17:30;RUA MANOEL LOPES DE CARVALHO, Nº 51 - PASSOS;;;V01009 - VITIMA COM DOR NA COLUNA VERTEBRAL (COSTAS) (C) (Prioridade: 1 - Alta);1CIA IND/2CIA/1PEL(PASSOS);UR04360;Não;Não;Não;BOLETIM DE OCORRENCIA;Classificada;03/09/2024 08:06;Não
2024-35304259-4;(BM) 2024-039556637-001;02/09/2024 18:10;FAZENDA CACHOEIRA, Nº S/N - PASSOS;-208.281.013;-466.200.565;O04008 - INCENDIO EM AREA RURAL NAO PROTEGIDA (C) (Prioridade: 2 - Média);1CIA IND/2CIA/1PEL(PASSOS);ABTS00495;Não;Não;Não;BOLETIM DE OCORRENCIA;Classificada;03/09/2024 08:06;Não
2024-35305765-5;(BM) 2024-039541758-001;02/09/2024 19:42;RUA JOSE MUZETTI, Nº 10 - PENHA 2 - PASSOS;-207.132.652;-466.272.402;V01006 - VITIMA COM DIFICULDADE DE LOCOMOCAO (C) (Prioridade: 1 - Alta);1CIA IND/2CIA/1PEL(PASSOS);UR04360;Não;Não;Não;BOLETIM DE OCORRENCIA;Classificada;03/09/2024 08:06;Não
2024-35306660-2;;02/09/2024 20:39;AVENIDA ANTONIO ADAO DA SILVA, Nº 719 - COHAB 4 - PASSOS;-207.176.859;-466.358.957;V01025 - VITIMA DE USO / ABUSO / DEPENDENCIA DE DROGAS / ALCOOL (C) (Prioridade: 1 - Alta);1CIA IND/2CIA/1PEL(PASSOS);;Não;Não;Não;SOLICITANTE NÃO ENCONTRADO;Classificada;02/09/2024 23:21;Não
2024-35306864-2;;02/09/2024 20:53;ESTRADA PRINCIPAL MUMBUCA, Nº S/N - PASSOS;-20.886.111;-46.605.833;O04013 - INCENDIO EM PASTO (C) (Prioridade: 2 - Média);1CIA IND/2CIA/1PEL(PASSOS);;Não;Não;Não;DUPLICADA;Classificada;02/09/2024 23:24;Não
2024-35308223-9;(BM) 2024-039556561-001;02/09/2024 22:27;AVENIDA EXPEDICIONARIOS, Nº 2360 - NOVO MUNDO 4 - PASSOS;-207.259.081;-465.865.353;O04011 - INCENDIO EM AREA URBANA NAO PROTEGIDA (C) (Prioridade: 3 - Baixa);1CIA IND/2CIA/1PEL(PASSOS);ASL06087;Não;Não;Não;BOLETIM DE OCORRENCIA;Classificada;03/09/2024 08:05;Não
2024-35309111-0;(BM) 2024-039565954-001;02/09/2024 23:30;RUA SANTOS DUMONT / RUA DOUTOR CARVALHO - BELO HORIZONTE - PASSOS;-207.275.225;-466.065.802;O02034 - INCENDIO EM CACAMBA DE LIXO / ENTULHO (C) (Prioridade: 3 - Baixa);1CIA IND/2CIA/1PEL(PASSOS);ABTS00495;Não;Não;Não;BOLETIM DE OCORRENCIA;Classificada;03/09/2024 08:05;Não
2024-35310223-1;(BM) 2024-039574550-002;03/09/2024 01:57;RODOVIA MG 050, Nº S/N - SANTA TEREZINHA - ITAU DE MINAS;-207.498.551;-467.534.723;O04014 - INCENDIO AS MARGENS DE RODOVIA (C) (Prioridade: 2 - Média);1CIA IND/2CIA/1PEL(PASSOS);ABTS00495;Não;Não;Não;BOLETIM DE OCORRENCIA;Classificada;03/09/2024 08:06;Não
2024-35311798-9;(BM) 2024-039594630-001;03/09/2024 08:19;FAZENDA VARGEM DOS PINHEIROS, Nº S/N - CARMO DO RIO CLARO;-208.503.784;-462.334.389;O04002 - INCENDIO NO ENTORNO DE UNIDADE DE CONSERVACAO (UC) (C) (Prioridade: 2 - Média);1CIA IND/2CIA/1PEL(PASSOS);ASL06087;Não;Não;Não;BOLETIM DE OCORRENCIA;Classificada;04/09/2024 08:10;Não
2024-35311958-3;(BM) 2024-039594705-001;03/09/2024 08:37;AVENIDA COMENDADOR FRANCISCO A MAIA, Nº 3125 - CENTRO - PASSOS;-207.256.854;-466.112.447;V01004 - VITIMA COM CRISE DIABETICA / HIPOGLICEMIA (C) (Prioridade: 1 - Alta);1CIA IND/2CIA/1PEL(PASSOS);UR04360;Não;Não;Não;BOLETIM DE OCORRENCIA;Classificada;04/09/2024 08:13;Não
2024-35312047-1;(BM) 2024-039585732-001;03/09/2024 08:46;RODOVIA MG 050, Nº 406 - NOSSA SENHORA DAS GRAÇAS - PASSOS;-207.405.157;-466.050.888;P01001 - VISTORIA DE FISCALIZACAO (C) (Prioridade: 2 - Média);1CIA IND/2CIA/PEL PREV E VIST(PASSOS);APF01362;Não;Não;Não;BOLETIM DE OCORRENCIA;Classificada;04/09/2024 08:10;Não
2024-35312323-7;(BM) 2024-039594746-001;03/09/2024 09:12;RUA BOTELHOS, Nº 1255 - JARDIM ELAINE - PASSOS;-206.967.685;-466.119.773;P02011 - VISTORIA EM ENXAME DE INSETOS (C) (Prioridade: 2 - Média);1CIA IND/2CIA/1PEL(PASSOS);UR04360;Não;Não;Não;BOLETIM DE OCORRENCIA;Classificada;04/09/2024 08:10;Não
2024-35312426-0;(BM) 2024-039590120-001;03/09/2024 09:20;RUA ESPERANCA, Nº 1110 - CENTENARIO - PASSOS;-207.327.254;-466.127.096;P01001 - VISTORIA DE FISCALIZACAO (C) (Prioridade: 2 - Média);1CIA IND/2CIA/PEL PREV E VIST(PASSOS);APF01362;Não;Não;Não;BOLETIM DE OCORRENCIA;Classificada;04/09/2024 08:10;Não
2024-35313895-6;(BM) 2024-039611732-001;03/09/2024 11:17;FAZENDA CIDREIRA - BAIRRO RURAL  ITAMBE, Nº S/N - CASSIA;-204.094.354;-469.493.291;O04008 - INCENDIO EM AREA RURAL NAO PROTEGIDA (C) (Prioridade: 2 - Média);1CIA IND/2CIA/1PEL(PASSOS);ASL06087;Não;Não;Não;BOLETIM DE OCORRENCIA;Classificada;04/09/2024 08:11;Não
2024-35314012-8;(BM) 2024-039610411-001;03/09/2024 11:26;AVENIDA PERIMETRAL, Nº 306 - PASSOS;-207.148.969;-466.144.304;O04011 - INCENDIO EM AREA URBANA NAO PROTEGIDA (C) (Prioridade: 2 - Média);1CIA IND/2CIA/1PEL(PASSOS);ABTS00495;Não;Não;Não;BOLETIM DE OCORRENCIA;Classificada;04/09/2024 08:12;Não
2024-35314578-9;(BM) 2024-039666522-001;03/09/2024 12:20;#NOME?;;;O04008 - INCENDIO EM AREA RURAL NAO PROTEGIDA (C) (Prioridade: 2 - Média);1CIA IND/2CIA/1PEL(PASSOS);ASL06087;Não;Não;Não;BOLETIM DE OCORRENCIA;Classificada;04/09/2024 08:12;Não
2024-35314799-8;;03/09/2024 12:44;ESTRADA MUMBUCA, Nº S/N - PASSOS;-20.890.833;-46.593.611;W98011 - SOLICITACAO DE APOIO (C) (Prioridade: 1 - Alta);1CIA IND/2CIA/1PEL(PASSOS);;Não;Não;Não;DUPLICADA;Classificada;03/09/2024 16:59;Não
2024-35315113-0;(BM) 2024-039621857-001;03/09/2024 13:14;RUA PARANA, Nº 214 - SAO BENEDITO - PASSOS;-207.176.155;-466.026.632;P01001 - VISTORIA DE FISCALIZACAO (C) (Prioridade: 2 - Média);1CIA IND/2CIA/PEL PREV E VIST(PASSOS);APF01362;Não;Não;Não;BOLETIM DE OCORRENCIA;Classificada;04/09/2024 08:12;Não
2024-35315813-2;;03/09/2024 14:08;RUA SALDANHA DA GAMA, Nº S/N - SANTA CASA - PASSOS;-207.122.441;-466.143.484;O04011 - INCENDIO EM AREA URBANA NAO PROTEGIDA (C) (Prioridade: 2 - Média);1CIA IND/2CIA/1PEL(PASSOS);;Não;Não;Não;DUPLICADA;Classificada;03/09/2024 14:12;Não
2024-35317038-8;(BM) 2024-039644667-001;03/09/2024 15:13;RUA GUAPORE, Nº 3057 - PASSOS;-207.026.135;-465.911.426;P01001 - VISTORIA DE FISCALIZACAO (C) (Prioridade: 2 - Média);1CIA IND/2CIA/PEL PREV E VIST(PASSOS);APF01362;Não;Não;Não;BOLETIM DE OCORRENCIA;Classificada;04/09/2024 08:12;Não
2024-35318895-3;;03/09/2024 16:49;RUA MARIA JOSE PAULA E SILVA, Nº 135 - ALTO BELA VISTA - PASSOS;;;V01024 - VITIMA DE SUICIDIO (TENTATIVA) - APH CLINICO (C) (Prioridade: 1 - Alta);1CIA IND/2CIA/1PEL(PASSOS);UR04360;Não;Não;Não;NADA CONSTATADO;Classificada;03/09/2024 18:13;Não
2024-35320853-6;(BM) 2024-039687374-001;03/09/2024 18:51;RUA BOTELHOS, Nº 1255 - JARDIM ELAINE - PASSOS;-206.967.685;-466.119.773;S06005 - CAPTURA DE INSETOS (C) (Prioridade: 2 - Média);1CIA IND/2CIA/1PEL(PASSOS);ASL06087;Não;Não;Não;BOLETIM DE OCORRENCIA;Classificada;04/09/2024 08:12;Não
2024-35322139-4;(BM) 2024-039706448-001;03/09/2024 20:17;RUA JOSE ASSAD ABRAO, Nº 11 - VILA BETINHO - PASSOS;-207.168.739;-466.384.069;P02011 - VISTORIA EM ENXAME DE INSETOS (C) (Prioridade: 2 - Média);1CIA IND/2CIA/1PEL(PASSOS);ASL06087;Não;Não;Não;BOLETIM DE OCORRENCIA;Classificada;04/09/2024 08:13;Não
2024-35324289-8;(BM) 2024-039749380-001;03/09/2024 22:38;RODOVIA MG 050, Nº S/N - PASSOS;-207.372.242;-466.331.087;O04008 - INCENDIO EM AREA RURAL NAO PROTEGIDA (C) (Prioridade: 2 - Média);1CIA IND/2CIA/1PEL(PASSOS);ASL06087;Não;Não;Não;BOLETIM DE OCORRENCIA;Classificada;04/09/2024 08:13;Não
2024-35325983-9;;04/09/2024 01:17;RUA BARAO DE PASSOS, Nº 1947 - SANTA LUZIA - PASSOS;-207.087.176;-465.967.876;W03000 - SOLICITANTE ENCONTRADO - PROVIDENCIA DISPENSADA (C) (Prioridade: 3 - Baixa);1CIA IND/2CIA/1PEL(PASSOS);ABTS00495;Não;Não;Não;DISPENSADA PELO SOLICITANTE;Classificada;04/09/2024 08:10;Não
2024-35326926-0;(BM) 2024-039749456-001;04/09/2024 06:14;RODOVIA BR 146, Km 12, Nº S/N - PASSOS;;;O04014 - INCENDIO AS MARGENS DE RODOVIA (C) (Prioridade: 2 - Média);1CIA IND/2CIA/1PEL(PASSOS);ABTS00495;Não;Não;Não;BOLETIM DE OCORRENCIA;Classificada;04/09/2024 12:51;Não
2024-35327016-1;(BM) 2024-039761827-001;04/09/2024 06:33;FAZENDA buqueirão, Nº S/N - CARMO DO RIO CLARO;;;O04008 - INCENDIO EM AREA RURAL NAO PROTEGIDA (C) (Prioridade: 2 - Média);1CIA IND/2CIA/1PEL(PASSOS);ASL06087;Não;Não;Não;BOLETIM DE OCORRENCIA;Classificada;05/09/2024 02:25;Não
2024-35327427-6;;04/09/2024 07:39;RUA PALMEIRAS, Nº 398 - SERRA DAS BRISAS - PASSOS;-207.340.935;-465.929.754;V02406 - VITIMA DE COLISAO ENTRE MOTOCICLETA X BICICLETA (C) (Prioridade: 1 - Alta);1CIA IND/2CIA/1PEL(PASSOS);;Não;Não;Não;ATENDIDA PELO SAMU;Classificada;04/09/2024 07:53;Não
2024-35328600-4;(BM) 2024-039764006-001;04/09/2024 09:31;RUA EL SALVADOR - PASSOS;;;P02003 - VISTORIA EM LOTE VAGO (C) (Prioridade: 2 - Média);1CIA IND/2CIA/1PEL(PASSOS);ABTS00495;Não;Não;Não;BOLETIM DE OCORRENCIA;Classificada;05/09/2024 02:25;Não
2024-35328751-0;(BM) 2024-039766817-001;04/09/2024 09:47;RUA BRANDOES, Nº 354 - BELO HORIZONTE - PASSOS;-207.268.142;-466.059.494;V01006 - VITIMA COM DIFICULDADE DE LOCOMOCAO (C) (Prioridade: 1 - Alta);1CIA IND/2CIA/1PEL(PASSOS);UR04360;Não;Não;Não;BOLETIM DE OCORRENCIA;Classificada;05/09/2024 02:26;Não
2024-35328758-9;(BM) 2024-039766572-001;04/09/2024 09:49;RODOVIA MG 050, Nº 692 - SERRA VERDE - PASSOS;-207.385.571;-46.594.107;P01001 - VISTORIA DE FISCALIZACAO (C) (Prioridade: 2 - Média);1CIA IND/2CIA/PEL PREV E VIST(PASSOS);APF01362;Não;Não;Não;BOLETIM DE OCORRENCIA;Classificada;05/09/2024 02:25;Não
2024-35329704-5;(BM) 2024-039778523-001;04/09/2024 11:06;RUA FARID ESPER KALLAS, Nº 469 - PASSOS;-207.398.749;-466.126.844;P01001 - VISTORIA DE FISCALIZACAO (C) (Prioridade: 2 - Média);1CIA IND/2CIA/PEL PREV E VIST(PASSOS);APF01362;Não;Não;Não;BOLETIM DE OCORRENCIA;Classificada;05/09/2024 02:26;Não
2024-35329689-3;(BM) 2024-039790650-001;04/09/2024 11:06;RUA CARAVELAS, Nº 30 - NOVO HORIZONTE - PASSOS;-207.313.972;-466.004.907;V01018 - VITIMA DE MAL NAO DEFINIDO (DISTURBIO) (C) (Prioridade: 1 - Alta);1CIA IND/2CIA/1PEL(PASSOS);UR04360;Não;Não;Não;BOLETIM DE OCORRENCIA;Classificada;05/09/2024 02:26;Não
2024-35329843-1;(BM) 2024-039780758-001;04/09/2024 11:19;RUA EL SALVADOR, Nº S/N - PASSOS;;;P02003 - VISTORIA EM LOTE VAGO (C) (Prioridade: 2 - Média);1CIA IND/2CIA/1PEL(PASSOS);ABTS00495;Não;Não;Não;BOLETIM DE OCORRENCIA;Classificada;05/09/2024 02:26;Não
2024-35329896-8;(BM) 2024-039781358-001;04/09/2024 11:24;RUA EL SALVADOR, Nº S/N - PASSOS;;;P02003 - VISTORIA EM LOTE VAGO (C) (Prioridade: 2 - Média);1CIA IND/2CIA/1PEL(PASSOS);ABTS00495;Não;Não;Não;BOLETIM DE OCORRENCIA;Classificada;05/09/2024 02:26;Não
2024-35330151-5;(BM) 2024-039790690-001;04/09/2024 11:46;RUA RIO DOCE, Nº 922 - RECANTO DA HARMONIA - PASSOS;-20.704.541;-465.983.697;V03018 - VITIMA DE QUEDA DA PROPRIA ALTURA (C) (Prioridade: 1 - Alta);1CIA IND/2CIA/1PEL(PASSOS);UR04360;Não;Não;Não;BOLETIM DE OCORRENCIA;Classificada;05/09/2024 02:26;Não
2024-35330714-6;(BM) 2024-039790712-001;04/09/2024 12:52;RODOVIA MG 050, Nº 335 - MONSENHOR MESSIAS - PASSOS;-207.388.577;-465.979.611;O04014 - INCENDIO AS MARGENS DE RODOVIA (C) (Prioridade: 2 - Média);1CIA IND/2CIA/1PEL(PASSOS);ABTS00495;Não;Não;Não;BOLETIM DE OCORRENCIA;Classificada;05/09/2024 02:26;Não
2024-35330812-5;;04/09/2024 12:59;RUA SILVA MONTEIRO, Nº S/N - VALE DAS ANTAS - POCOS DE CALDAS;;;O04013 - INCENDIO EM PASTO (C) (Prioridade: 2 - Média);1CIA IND (POCOS DE CALDAS);;Não;Não;Não;DUPLICADA;Classificada;04/09/2024 14:16;Não
2024-35330967-1;;04/09/2024 13:13;FAZENDA BOA VISTA, Nº S/N - PASSOS;-209.137.309;-464.971.785;O04013 - INCENDIO EM PASTO (C) (Prioridade: 2 - Média);1CIA IND/2CIA/1PEL(PASSOS);;Não;Não;Não;CANCELADA PELO COORDENADOR DO COBOM;Classificada;04/09/2024 13:17;Não
2024-35332448-5;(BM) 2024-039809710-001;04/09/2024 14:46;RUA LAVRAS, Nº 288 - FURNAS - SAO JOSE DA BARRA;-20.679.014;-463.342.384;O04008 - INCENDIO EM AREA RURAL NAO PROTEGIDA (C) (Prioridade: 2 - Média);1CIA IND/2CIA/1PEL(PASSOS);BM1549807;Não;Não;Não;BOLETIM DE OCORRENCIA;Classificada;05/09/2024 02:26;Não
2024-35333619-1;(BM) 2024-039886162-001;04/09/2024 15:52;RUA OPERARIOS, Nº 693 - MUARAMA 2 - PASSOS;-207.342.183;-466.120.053;P02011 - VISTORIA EM ENXAME DE INSETOS (C) (Prioridade: 2 - Média);1CIA IND/2CIA/1PEL(PASSOS);ABTS00495;Não;Não;Não;BOLETIM DE OCORRENCIA;Classificada;05/09/2024 02:26;Não
2024-35338109-2;(BM) 2024-039876938-001;04/09/2024 20:33;AVENIDA JUCA STOCKLER, Nº S/N - SAO JOAQUIM - PASSOS;-207.420.993;-46.600.964;O04011 - INCENDIO EM AREA URBANA NAO PROTEGIDA (C) (Prioridade: 2 - Média);1CIA IND/2CIA/1PEL(PASSOS);ABTS00495;Não;Não;Não;BOLETIM DE OCORRENCIA;Classificada;05/09/2024 02:26;Não
2024-35339055-0;(BM) 2024-039897620-001;04/09/2024 21:41;RODOVIA MG 050, Nº 975 - SERRA DAS BRISAS - PASSOS;-2.073.732;-465.912.519;O02003 - INCENDIO EM EDIFICACAO COMERCIAL (C) (Prioridade: 1 - Alta);1CIA IND/2CIA/1PEL(PASSOS);ABTS00495;Não;Não;Não;BOLETIM DE OCORRENCIA;Classificada;05/09/2024 02:26;Não
2024-35341286-6;(BM) 2024-039904062-001;05/09/2024 00:17;RUA DOUTOR CARVALHO / RUA COMERCIANTES - PASSOS;-207.389.454;-46.602.626;O02036 - INCENDIO EM AMONTOADO DE MADEIRA (C) (Prioridade: 2 - Média);1CIA IND/2CIA/1PEL(PASSOS);ABTS00495;Não;Não;Não;BOLETIM DE OCORRENCIA;Classificada;05/09/2024 02:26;Não
2024-35341644-4;(BM) 2024-039908569-001;05/09/2024 00:59;RUA NOVA LIMA, Nº 218 - COHAB 2 - PASSOS;-207.127.457;-466.263.666;V01022 - VITIMA PARTURIENTE / EMERGENCIAS OBSTETRICAS (C) (Prioridade: 1 - Alta);1CIA IND/2CIA/1PEL(PASSOS);UR04360;Não;Não;Não;BOLETIM DE OCORRENCIA;Classificada;05/09/2024 02:26;Não
2024-35341986-8;(BM) 2024-039909288-001;05/09/2024 01:58;RODOVIA MG 050, Km 320 - PASSOS;;;O04014 - INCENDIO AS MARGENS DE RODOVIA (C) (Prioridade: 2 - Média);1CIA IND/2CIA/1PEL(PASSOS);ABTS00495;Não;Não;Não;BOLETIM DE OCORRENCIA;Classificada;05/09/2024 08:23;Não
2024-35342661-9;;05/09/2024 05:27;RODOVIA MG 050, Nº S/N - PASSOS;-207.372.242;-466.331.087;W98011 - SOLICITACAO DE APOIO (C) (Prioridade: 1 - Alta);1CIA IND/2CIA/1PEL(PASSOS);;Não;Não;Não;SOLICITANTE ENCONTRADO - PROVIDÊNCIA DISPENSADA;Classificada;05/09/2024 05:42;Não
2024-35342662-1;(BM) 2024-039913609-001;05/09/2024 05:29;RODOVIA MG 050, Nº S/N - PASSOS;-207.372.242;-466.331.087;O04014 - INCENDIO AS MARGENS DE RODOVIA (C) (Prioridade: 2 - Média);1CIA IND/2CIA/1PEL(PASSOS);ABTS00495;Não;Não;Não;BOLETIM DE OCORRENCIA;Classificada;05/09/2024 08:24;Não
2024-35343374-2;(BM) 2024-039923686-001;05/09/2024 07:48;RUA DOUTOR CARVALHO, Nº S/N - CENTRO - PASSOS;-207.218.279;-466.083.676;O02036 - INCENDIO EM AMONTOADO DE MADEIRA (C) (Prioridade: 2 - Média);1CIA IND/2CIA/1PEL(PASSOS);ABTS00495;Não;Não;Não;BOLETIM DE OCORRENCIA;Classificada;06/09/2024 08:12;Não
2024-35343764-7;(BM) 2024-039958083-001;05/09/2024 08:28;RUA SANTA EFIGENIA, Nº 58 - SAO BENEDITO - PASSOS;-207.195.784;-466.029.386;S06001 - SALVAMENTO DE ANIMAL EM RISCO / PERIGO (C) (Prioridade: 2 - Média);1CIA IND/2CIA/1PEL(PASSOS);ASL06087;Não;Não;Não;BOLETIM DE OCORRENCIA;Classificada;06/09/2024 08:12;Não
2024-35344126-6;(BM) 2024-039958120-001;05/09/2024 09:00;RUA OPERARIOS, Nº 693 - MUARAMA 2 - PASSOS;-207.342.183;-466.120.053;P02011 - VISTORIA EM ENXAME DE INSETOS (C) (Prioridade: 2 - Média);1CIA IND/2CIA/1PEL(PASSOS);ASL06087;Não;Não;Não;BOLETIM DE OCORRENCIA;Classificada;06/09/2024 08:12;Não
2024-35344374-8;(BM) 2024-039930712-001;05/09/2024 09:22;RUA ANTONIO JOSE DOS SANTOS, Nº 142 - PASSOS;-207.249.546;-466.223.652;P01002 - VISTORIA DE LIBERACAO / EMISSAO DE AVCB (C) (Prioridade: 2 - Média);1CIA IND/2CIA/PEL PREV E VIST(PASSOS);APF01362;Não;Não;Não;BOLETIM DE OCORRENCIA;Classificada;06/09/2024 08:12;Não
2024-35345283-0;(BM) 2024-039941844-001;05/09/2024 10:35;RUA SANTO ANTONIO, Nº 163 - CENTRO - PASSOS;-207.159.411;-466.106.798;P01001 - VISTORIA DE FISCALIZACAO (C) (Prioridade: 2 - Média);1CIA IND/2CIA/PEL PREV E VIST(PASSOS);APF01362;Não;Não;Não;BOLETIM DE OCORRENCIA;Classificada;06/09/2024 08:12;Não
2024-35345522-9;(BM) 2024-039945582-001;05/09/2024 10:53;RODOVIA MG 050, Nº 500 - SERRA VERDE - PASSOS;-207.391.712;-465.967.722;P01001 - VISTORIA DE FISCALIZACAO (C) (Prioridade: 2 - Média);1CIA IND/2CIA/PEL PREV E VIST(PASSOS);APF01362;Não;Não;Não;BOLETIM DE OCORRENCIA;Classificada;06/09/2024 08:12;Não
2024-35346736-8;(BM) 2024-039958710-001;05/09/2024 12:47;RUA DOUTOR CARVALHO, Nº 1254 - BELO HORIZONTE - PASSOS;-207.331.738;-466.046.202;P01001 - VISTORIA DE FISCALIZACAO (C) (Prioridade: 2 - Média);1CIA IND/2CIA/PEL PREV E VIST(PASSOS);APF01362;Não;Não;Não;BOLETIM DE OCORRENCIA;Classificada;06/09/2024 08:12;Não
2024-35347322-0;(BM) 2024-039964914-001;05/09/2024 13:37;FAZENDA VISTA ALEGRE ESTRADA DA MATA KM 09, Nº S/N - IBIRACI;-203.992.286;-470.832.825;O04008 - INCENDIO EM AREA RURAL NAO PROTEGIDA (C) (Prioridade: 2 - Média);1CIA IND/2CIA/PEL PREV E VIST(PASSOS);APF01362;Não;Não;Não;BOLETIM DE OCORRENCIA;Classificada;06/09/2024 08:12;Não
2024-35347464-5;(BM) 2024-039965213-001;05/09/2024 13:44;ESTRADA MUMBUCA, Nº S/N - PASSOS;-20.890.833;-46.593.611;O04008 - INCENDIO EM AREA RURAL NAO PROTEGIDA (C) (Prioridade: 2 - Média);1CIA IND/2CIA/1PEL(PASSOS);ASL06087;Não;Não;Não;BOLETIM DE OCORRENCIA;Classificada;06/09/2024 08:12;Não
2024-35347507-6;(BM) 2024-039965906-001;05/09/2024 13:49;ESTRADA SBG 010 - POUSADA MIRANTE, Nº S/N - SAO JOAO BATISTA GLORIA;-20.515.919;-464.734.993;P01003 - VISTORIA EM EVENTOS TEMPORARIOS (C) (Prioridade: 1 - Alta);1CIA IND/2CIA/1PEL(PASSOS);TPO00155;Não;Não;Não;BOLETIM DE OCORRENCIA;Classificada;06/09/2024 08:13;Não
2024-35350670-5;(BM) 2024-040004657-001;05/09/2024 16:40;RUA LAVRAS, Nº 288 - FURNAS - SAO JOSE DA BARRA;-20.679.014;-463.342.384;O04008 - INCENDIO EM AREA RURAL NAO PROTEGIDA (C) (Prioridade: 2 - Média);1CIA IND/2CIA/1PEL(PASSOS);ASL06087;Não;Não;Não;BOLETIM DE OCORRENCIA;Classificada;06/09/2024 08:13;Não
2024-35351634-7;(BM) 2024-040058806-001;05/09/2024 17:37;ACESSO RURAL FAZENDA FUNDAO, Nº S/N - ALPINOPOLIS;;;O04013 - INCENDIO EM PASTO (C) (Prioridade: 2 - Média);1CIA IND/2CIA/1PEL(PASSOS);ASL06087;Não;Não;Não;BOLETIM DE OCORRENCIA;Classificada;06/09/2024 08:13;Não
2024-35352698-5;;05/09/2024 18:44;RUA SAO FRANCISCO DE ASSIS, Nº 527 - RESIDENCIAL ELDORADO - PASSOS;-207.282.517;-466.220.286;O04011 - INCENDIO EM AREA URBANA NAO PROTEGIDA (C) (Prioridade: 2 - Média);1CIA IND/2CIA/1PEL(PASSOS);;Não;Não;Não;DISPENSADA PELO SOLICITANTE;Classificada;05/09/2024 21:08;Não
2024-35354803-9;(BM) 2024-040069966-001;05/09/2024 21:03;BAIRRO PINDAIBAS, Nº S/N - ALPINOPOLIS;-208.350.009;-463.196.384;O04008 - INCENDIO EM AREA RURAL NAO PROTEGIDA (C) (Prioridade: 2 - Média);1CIA IND/2CIA/1PEL(PASSOS);ASL06087;Não;Não;Não;BOLETIM DE OCORRENCIA;Classificada;06/09/2024 08:13;Não
2024-35355182-9;(BM) 2024-040057162-001;05/09/2024 21:28;RUA QUERINO ZAPAROLI, Nº 9 - PASSOS;;;O02036 - INCENDIO EM AMONTOADO DE MADEIRA (C) (Prioridade: 2 - Média);1CIA IND/2CIA/1PEL(PASSOS);ABTS00495;Sim;Não;Não;BOLETIM DE OCORRENCIA;Classificada;06/09/2024 08:12;Não
2024-35356072-6;;05/09/2024 22:22;TRAVESSA BODOQUE, Nº S/N - PARQUE DA ESTACAO - PASSOS;-207.064.212;-466.126.442;O04011 - INCENDIO EM AREA URBANA NAO PROTEGIDA (C) (Prioridade: 2 - Média);1CIA IND/2CIA/1PEL(PASSOS);ABTS00495;Não;Não;Não;NADA CONSTATADO;Classificada;05/09/2024 23:42;Não
2024-35359044-7;(BM) 2024-040083929-001;06/09/2024 04:36;AVENIDA SABIA, Nº S/N - MUARAMA 2 - PASSOS;-207.330.855;-466.157.928;O04011 - INCENDIO EM AREA URBANA NAO PROTEGIDA (C) (Prioridade: 2 - Média);1CIA IND/2CIA/1PEL(PASSOS);ABTS00495;Não;Não;Não;BOLETIM DE OCORRENCIA;Classificada;06/09/2024 08:12;Não
2024-35359233-0;(BM) 2024-040084951-001;06/09/2024 06:00;RUA LAVRAS, Nº 288 - FURNAS - SAO JOSE DA BARRA;-20.679.014;-463.342.384;O04008 - INCENDIO EM AREA RURAL NAO PROTEGIDA (C) (Prioridade: 2 - Média);1CIA IND/2CIA/1PEL(PASSOS);ASL06087;Não;Não;Não;BOLETIM DE OCORRENCIA;Classificada;08/09/2024 04:13;Não
2024-35359665-4;(BM) 2024-040092707-001;06/09/2024 07:25;RUA ONIX, Nº 55 - ACLIMACAO - PASSOS;-207.499.344;-465.978.015;V01001 - VITIMA DE ACIDENTE VASCULAR CEREBRAL (AVC) (C) (Prioridade: 1 - Alta);1CIA IND/2CIA/1PEL(PASSOS);UR04360;Não;Não;Não;BOLETIM DE OCORRENCIA;Classificada;08/09/2024 04:12;Não
2024-35362766-0;(PM) 2024-040130495-001;06/09/2024 12:13;AVENIDA COMENDADOR FRANCISCO A MAIA, Nº 2860 - MARIO MAGALHAES - PASSOS;-207.244.555;-466.121.074;V03005 - VITIMA DE AGRESSAO FISICA SEM USO DE ARMA (C) (Prioridade: 1 - Alta);1CIA IND/2CIA/1PEL(PASSOS);UR04360;Não;Não;Não;NADA CONSTATADO;Classificada;06/09/2024 14:01;Não
2024-35363099-2;(BM) 2024-040129330-001;06/09/2024 12:49;AVENIDA JUCA STOCKLER, Nº 770 - BELO HORIZONTE - PASSOS;-207.306.378;-466.047.214;V01018 - VITIMA DE MAL NAO DEFINIDO (DISTURBIO) (C) (Prioridade: 1 - Alta);1CIA IND/2CIA/1PEL(PASSOS);UR04360;Não;Não;Não;BOLETIM DE OCORRENCIA;Classificada;08/09/2024 04:12;Não
2024-35363788-8;(BM) 2024-040135040-001;06/09/2024 13:47;AVENIDA ENGENHEIRO MANOEL BATISTA, Nº 600 - ALVORADA - ITAU DE MINAS;-207.413.911;-467.421.913;P01003 - VISTORIA EM EVENTOS TEMPORARIOS (C) (Prioridade: 1 - Alta);1CIA IND/2CIA/1PEL(PASSOS);TPO00155;Não;Não;Não;BOLETIM DE OCORRENCIA;Classificada;08/09/2024 04:12;Não
2024-35363918-1;(BM) 2024-040141495-001;06/09/2024 13:59;RUA ALICE DE JESUS SILVA, Nº 85 - ACACIAS - ITAU DE MINAS;-207.403.294;-467.444.763;S06001 - SALVAMENTO DE ANIMAL EM RISCO / PERIGO (C) (Prioridade: 2 - Média);1CIA IND/2CIA/1PEL(PASSOS);ASL06087;Não;Não;Não;BOLETIM DE OCORRENCIA;Classificada;08/09/2024 04:13;Não
2024-35365474-0;(BM) 2024-040155902-001;06/09/2024 15:26;AVENIDA ENGENHEIRO MANOEL BATISTA, Nº 600 - ALVORADA - ITAU DE MINAS;-207.413.911;-467.421.913;P01001 - VISTORIA DE FISCALIZACAO (C) (Prioridade: 2 - Média);1CIA IND/2CIA/1PEL(PASSOS);TPO00155;Não;Não;Não;BOLETIM DE OCORRENCIA;Classificada;08/09/2024 04:13;Não
2024-35366351-6;(BM) 2024-040166382-001;06/09/2024 16:20;PRACA SAO FRANCISCO, Nº S/N - CANDEIAS - PASSOS;-207.216.691;-466.159.363;V02408 - VITIMA DE COLISAO ENTRE AUTOMOVEL X MOTOCICLETA (C) (Prioridade: 1 - Alta);1CIA IND/2CIA/1PEL(PASSOS);UR04360;Não;Não;Não;BOLETIM DE OCORRENCIA;Classificada;08/09/2024 04:12;Não
2024-35366771-1;(BM) 2024-040172702-001;06/09/2024 16:47;RODOVIA MG 050, Km 356 - VILA ROMANA - PASSOS;-207.387.797;-4.661.397;S07001 - VAZAMENTO DE GLP/GAS NATURAL (COZINHA) (C) (Prioridade: 1 - Alta);1CIA IND/2CIA/1PEL(PASSOS);ASL06087;Não;Não;Não;BOLETIM DE OCORRENCIA;Classificada;08/09/2024 04:13;Não
2024-35367795-5;(BM) 2024-040183574-001;06/09/2024 17:56;RODOVIA MG 050, Nº S/N - PASSOS;-207.372.242;-466.331.087;P03001 - PERIGO DE DERRAPAGEM (C) (Prioridade: 2 - Média);1CIA IND/2CIA/1PEL(PASSOS);ASL06087;Não;Não;Não;BOLETIM DE OCORRENCIA;Classificada;08/09/2024 04:13;Não
2024-35367870-9;(BM) 2024-040183611-001;06/09/2024 18:00;RODOVIA MG 050, Nº S/N - PASSOS;-207.372.242;-466.331.087;V02502 - VITIMA DE QUEDA (MOTOCICLISTA) (C) (Prioridade: 1 - Alta);1CIA IND/2CIA/1PEL(PASSOS);UR04360;Não;Não;Não;BOLETIM DE OCORRENCIA;Classificada;08/09/2024 04:13;Não
2024-35369157-0;;06/09/2024 19:17;BAIRRO PINDAIBAS, Nº S/N - ALPINOPOLIS;-208.350.009;-463.196.384;W03000 - SOLICITANTE ENCONTRADO - PROVIDENCIA DISPENSADA (C) (Prioridade: 3 - Baixa);1CIA IND/2CIA/1PEL(PASSOS);ASL06087;Não;Não;Não;ATENDIDA PELO SAMU;Classificada;08/09/2024 04:13;Não
2024-35372040-0;;06/09/2024 22:15;FAZENDA CHAPADAO - INDUSTRIA FRANCISCO XAVIER VILELA DE FARIA ME, Nº S/N - ALPINOPOLIS;-208.506.386;-463.163.677;O04008 - INCENDIO EM AREA RURAL NAO PROTEGIDA (C) (Prioridade: 2 - Média);1CIA IND/2CIA/1PEL(PASSOS);ASL06087;Não;Não;Não;DISPENSADA PELO SOLICITANTE;Classificada;06/09/2024 23:04;Não
2024-35373898-2;(PM) 2024-040240127-001;07/09/2024 00:06;RUA CAMPOS ALTOS, Nº 408 - PASSOS;-206.955.017;-466.136.739;W98011 - SOLICITACAO DE APOIO (C) (Prioridade: 1 - Alta);1CIA IND/2CIA/1PEL(PASSOS);;Não;Não;Não;DISPENSADA PELO SOLICITANTE;Classificada;07/09/2024 00:54;Não
2024-35376928-8;(BM) 2024-040259424-001;07/09/2024 05:59;RUA CONTORNO, Nº 202 - SAO BENEDITO - PASSOS;-207.176.534;-466.046.267;V01006 - VITIMA COM DIFICULDADE DE LOCOMOCAO (C) (Prioridade: 1 - Alta);1CIA IND/2CIA/1PEL(PASSOS);UR04360;Não;Não;Não;BOLETIM DE OCORRENCIA;Classificada;08/09/2024 04:14;Não
2024-35377721-5;(BM) 2024-040261690-001;07/09/2024 08:04;PRACA FRANCISCO SALLES, Nº S/N - BELO HORIZONTE - PASSOS;-207.264.675;-466.045.971;P03999 - OUTROS TIPOS DE PCI / PCA   (C) (Prioridade: 2 - Média);1CIA IND/2CIA/1PEL(PASSOS);ASL06087;Não;Não;Não;BOLETIM DE OCORRENCIA;Classificada;08/09/2024 07:45;Não
2024-35378390-5;(BM) 2024-040307907-001;07/09/2024 09:30;RUA A, Nº 91 - condominio estrela - PASSOS;;;S06002 - CAPTURA DE ANIMAL SILVESTRE PERIGOSO / AGRESSIVO (C) (Prioridade: 2 - Média);1CIA IND/2CIA/1PEL(PASSOS);ASL06087;Não;Não;Não;BOLETIM DE OCORRENCIA;Classificada;08/09/2024 07:45;Não
2024-35379487-0;(BM) 2024-040277783-002;07/09/2024 11:36;- SEGUNDA TRAVESSA CANOAS, Nº 47 - NOVO HORIZONTE - PASSOS;;;O02001 - INCENDIO EM RESIDENCIA/HABITACAO UNIFAMILIAR (CASA) (C) (Prioridade: 1 - Alta);1CIA IND/2CIA/1PEL(PASSOS);ABTS00495 / UR04360;Não;Não;Não;BOLETIM DE OCORRENCIA;Classificada;08/09/2024 07:45;Não
2024-35379683-9;(BM) 2024-040391335-001;07/09/2024 12:01;RUA VICENTE NOGUEIRA DE SOUZA, Nº 10 - JARDIM CANADA - PASSOS;;;V01024 - VITIMA DE SUICIDIO (TENTATIVA) - APH CLINICO (C) (Prioridade: 1 - Alta);1CIA IND/2CIA/1PEL(PASSOS);UR04360;Não;Não;Não;BOLETIM DE OCORRENCIA;Classificada;08/09/2024 07:45;Não
2024-35379898-5;(BM) 2024-040280840-001;07/09/2024 12:28;RUA XAVANTES, Nº 130 - JARDIM EMBRATEL - PASSOS;-207.418.789;-4.660.424;S04007 - BUSCA E SALVAMENTO DE PESSOA PERDIDA / DESAPARECIDA (C) (Prioridade: 1 - Alta);1CIA IND/2CIA/1PEL(PASSOS);ASL06087;Não;Não;Não;BOLETIM DE OCORRENCIA;Classificada;08/09/2024 07:45;Não
2024-35379962-2;(BM) 2024-040302525-001;07/09/2024 12:36;FAZENDA CAMPO DE CIMA - BAIRRO RURAL CAMPO DE CIMA - PROXIMO DO ENINHO, Nº S/N - DELFINOPOLIS;-204.500.232;-46.540.052;O04013 - INCENDIO EM PASTO (C) (Prioridade: 2 - Média);1CIA IND/2CIA/1PEL(PASSOS);ASL06087;Não;Não;Não;BOLETIM DE OCORRENCIA;Classificada;08/09/2024 07:45;Não
2024-35381517-2;(BM) 2024-040294016-001;07/09/2024 14:54;RUA RIO BRANCO, Nº 1003 - SANTA LUZIA - PASSOS;-207.050.771;-466.025.873;V01004 - VITIMA COM CRISE DIABETICA / HIPOGLICEMIA (C) (Prioridade: 1 - Alta);1CIA IND/2CIA/1PEL(PASSOS);UR04360;Não;Não;Não;BOLETIM DE OCORRENCIA;Classificada;08/09/2024 07:45;Não
2024-35381824-1;(BM) 2024-040315593-001;07/09/2024 15:12;RODOVIA MG 446, Km 6 - ALPINOPOLIS;-207.704.001;-46.378.094;O04008 - INCENDIO EM AREA RURAL NAO PROTEGIDA (C) (Prioridade: 2 - Média);1CIA IND/2CIA/1PEL(PASSOS);ASL06087;Não;Não;Não;BOLETIM DE OCORRENCIA;Classificada;08/09/2024 07:45;Não
2024-35381861-8;(BM) 2024-040302159-001;07/09/2024 15:16;RUA MANUEL DA SILVEIRA MAIA, Nº 21 - PENHA 2 - PASSOS;-207.172.976;-466.318.698;V03018 - VITIMA DE QUEDA DA PROPRIA ALTURA (C) (Prioridade: 1 - Alta);1CIA IND/2CIA/1PEL(PASSOS);UR04360;Não;Não;Não;BOLETIM DE OCORRENCIA;Classificada;08/09/2024 07:45;Não
2024-35383367-2;(PM) 2024-040331191-001;07/09/2024 17:00;RUA DOIS DE NOVEMBRO, Nº 287 - CENTRO - PASSOS;-207.225.348;-466.048.625;W98011 - SOLICITACAO DE APOIO (C) (Prioridade: 1 - Alta);1CIA IND/2CIA/1PEL(PASSOS);;Não;Não;Não;DISPENSADA PELO SOLICITANTE;Classificada;07/09/2024 19:20;Não
2024-35384726-9;(BM) 2024-040326082-001;07/09/2024 18:27;RUA RIO DE JANEIRO / RUA PARA - BELA VISTA - PASSOS;-207.166.894;-465.970.492;S06001 - SALVAMENTO DE ANIMAL EM RISCO / PERIGO (C) (Prioridade: 2 - Média);1CIA IND/2CIA/1PEL(PASSOS);ABTS00495;Não;Não;Não;BOLETIM DE OCORRENCIA;Classificada;08/09/2024 07:45;Não
2024-35386470-8;(BM) 2024-040350564-001;07/09/2024 20:14;AVENIDA PERIMETRAL, Nº S/N - PARQUE DA ESTACAO - PASSOS;-207.057.771;-466.097.547;O02039 - INCENDIO EM TRONCO DE ARVORE (C) (Prioridade: 2 - Média);1CIA IND/2CIA/1PEL(PASSOS);ABTS00495;Não;Não;Não;BOLETIM DE OCORRENCIA;Classificada;08/09/2024 07:45;Não
2024-35386469-9;;07/09/2024 20:15;AVENIDA ESTACAO, Nº 56 - PARQUE DA ESTACAO - PASSOS;-207.047.702;-466.082.745;W98011 - SOLICITACAO DE APOIO (C) (Prioridade: 1 - Alta);1CIA IND/2CIA/1PEL(PASSOS);;Não;Não;Não;DUPLICADA;Classificada;07/09/2024 20:45;Não
2024-35387435-2;(BM) 2024-040346660-001;07/09/2024 21:08;RUA VIA LACTEA, Nº 256 - JARDIM SATELITE - PASSOS;-207.124.244;-466.175.585;O02038 - INCENDIO EM REDE ELETRICA / POSTE / CURTO-CIRCUITO (C) (Prioridade: 2 - Média);1CIA IND/2CIA/1PEL(PASSOS);ABTS00495;Não;Não;Não;BOLETIM DE OCORRENCIA;Classificada;08/09/2024 07:45;Não
2024-35387465-3;(BM) 2024-040359812-001;07/09/2024 21:10;AVENIDA DOUTOR BRENO SOARES MAIA, Nº S/N - BELO HORIZONTE - PASSOS;-207.274.464;-466.041.645;W04000 - NADA CONSTATADO (C) (Prioridade: 3 - Baixa);1CIA IND/2CIA/1PEL(PASSOS);UR04360;Não;Não;Não;BOLETIM DE OCORRENCIA;Classificada;08/09/2024 07:44;Não
2024-35388155-1;(BM) 2024-040352234-001;07/09/2024 21:52;RUA OLAVO BILAC, Nº S/N - PENHA - PASSOS;-207.150.152;-466.224.072;O02033 - INCENDIO EM AMONTOADO DE LIXO (C) (Prioridade: 2 - Média);1CIA IND/2CIA/1PEL(PASSOS);ABTS00495;Não;Não;Não;BOLETIM DE OCORRENCIA;Classificada;08/09/2024 07:45;Não
2024-35390380-0;(BM) 2024-040391389-001;07/09/2024 23:48;RUA AGUAS, Nº 625 - SERRA VERDE - PASSOS;-207.453.798;-465.921.732;V01018 - VITIMA DE MAL NAO DEFINIDO (DISTURBIO) (C) (Prioridade: 1 - Alta);1CIA IND/2CIA/1PEL(PASSOS);UR04360;Não;Não;Não;BOLETIM DE OCORRENCIA;Classificada;08/09/2024 07:45;Não
2024-35393189-2;(BM) 2024-040384950-001;08/09/2024 03:43;RUA GOIAS, Nº 584 - BELA VISTA - PASSOS;;;O02001 - INCENDIO EM RESIDENCIA/HABITACAO UNIFAMILIAR (CASA) (C) (Prioridade: 1 - Alta);1CIA IND/2CIA/1PEL(PASSOS);ABTS00495;Não;Não;Não;BOLETIM DE OCORRENCIA;Classificada;08/09/2024 07:46;Não
2024-35394294-2;(BM) 2024-040398196-001;08/09/2024 07:53;ESTRADA ITAGUAUNA -  FAZENDA BOM SUCESSO, Nº S/N - PASSOS;-207.060.577;-466.622.753;V01009 - VITIMA COM DOR NA COLUNA VERTEBRAL (COSTAS) (C) (Prioridade: 1 - Alta);1CIA IND/2CIA/1PEL(PASSOS);UR04360;Não;Não;Não;BOLETIM DE OCORRENCIA;Classificada;09/09/2024 08:10;Não
2024-35395933-5;(BM) 2024-040407405-001;08/09/2024 11:25;AVENIDA JK, Nº S/N - MONSENHOR MESSIAS - PASSOS;-207.342.178;-465.979.772;P03999 - OUTROS TIPOS DE PCI / PCA   (C) (Prioridade: 2 - Média);1CIA IND/2CIA/1PEL(PASSOS);ASL06087;Não;Não;Não;BOLETIM DE OCORRENCIA;Classificada;09/09/2024 08:09;Não
2024-35396144-0;(BM) 2024-040414069-001;08/09/2024 11:50;RUA JERONIMO NETO, Nº 195 - BELO HORIZONTE - PASSOS;-207.249.435;-466.054.725;S06001 - SALVAMENTO DE ANIMAL EM RISCO / PERIGO (C) (Prioridade: 2 - Média);1CIA IND/2CIA/1PEL(PASSOS);ASL06087;Não;Não;Não;BOLETIM DE OCORRENCIA;Classificada;09/09/2024 08:09;Não
2024-35396165-0;(BM) 2024-040409811-001;08/09/2024 11:56;RUA JOAQUIM LOPES, Nº 519 - PENHA - PASSOS;-20.716.682;-466.265.006;V03018 - VITIMA DE QUEDA DA PROPRIA ALTURA (C) (Prioridade: 1 - Alta);1CIA IND/2CIA/1PEL(PASSOS);UR04360;Não;Não;Não;BOLETIM DE OCORRENCIA;Classificada;09/09/2024 08:10;Não
2024-35396959-4;(BM) 2024-040518442-001;08/09/2024 13:46;RUA ESPIRITO SANTO, Nº 406 - BOM JESUS - FORTALEZA DE MINAS;-208.527.795;-467.150.639;O04012 - INCENDIO EM LOTE VAGO (AREA URBANA) (C) (Prioridade: 2 - Média);1CIA IND/2CIA/1PEL(PASSOS);ABTS00495;Não;Não;Não;BOLETIM DE OCORRENCIA;Classificada;09/09/2024 08:09;Não
2024-35398462-7;(BM) 2024-040468484-001;08/09/2024 15:34;RUA DOUTOR CARVALHO, Nº 1455 - NOSSA SENHORA DAS GRAÇAS - PASSOS;-207.352.269;-466.037.303;V03012 - VITIMA COM OBJETO PRESO AO CORPO (C) (Prioridade: 1 - Alta);1CIA IND/2CIA/1PEL(PASSOS);BM1551159;Não;Não;Não;BOLETIM DE OCORRENCIA;Classificada;09/09/2024 08:10;Não
2024-35398557-1;(BM) 2024-040466720-001;08/09/2024 15:39;FAZENDA POUSADA BOA ESPERANCA, Nº S/N - DELFINOPOLIS;-20.462.586;-465.423.878;O04008 - INCENDIO EM AREA RURAL NAO PROTEGIDA (C) (Prioridade: 2 - Média);1CIA IND/2CIA/1PEL(PASSOS);ASL06087;Não;Não;Não;BOLETIM DE OCORRENCIA;Classificada;09/09/2024 08:09;Não
2024-35398628-8;;08/09/2024 15:47;FAZENDA BRITOS, Nº S/N - BOM JESUS DA PENHA;-21.030.073;-46.569.289;O04003 - INCENDIO EM PRODUCAO AGRICOLA (C) (Prioridade: 2 - Média);1CIA IND/2CIA/1PEL(PASSOS);;Não;Não;Não;SOLICITANTE NÃO ENCONTRADO;Classificada;09/09/2024 04:44;Não
2024-35399416-5;(BM) 2024-040518310-001;08/09/2024 16:39;RODOVIA MG 446, Km 1 - ALPINOPOLIS;-207.234.604;-463.759.982;O02027 - INCENDIO VEIC. AUTOMOTOR (EXCETO TANQUE/ONIBUS/MICRO-ONIBUS) (C) (Prioridade: 1 - Alta);1CIA IND/2CIA/1PEL(PASSOS);ABTS00495;Não;Não;Não;BOLETIM DE OCORRENCIA;Classificada;09/09/2024 08:10;Não
2024-35400821-4;(BM) 2024-040466927-001;08/09/2024 18:10;RODOVIA MG 050, Nº S/N - PASSOS;-207.372.242;-466.331.087;O04013 - INCENDIO EM PASTO (C) (Prioridade: 2 - Média);1CIA IND/2CIA/1PEL(PASSOS);ABTS00495;Não;Não;Não;BOLETIM DE OCORRENCIA;Classificada;09/09/2024 08:10;Não
2024-35401115-5;;08/09/2024 18:29;RUA ALEIXO MARQUES, Nº 213 - JARDIM PLANALTO - SAO JOAO BATISTA GLORIA;-206.314.778;-465.120.919;O04012 - INCENDIO EM LOTE VAGO (AREA URBANA) (C) (Prioridade: 2 - Média);1CIA IND/2CIA/1PEL(PASSOS);ASL06087;Não;Não;Não;NADA CONSTATADO;Classificada;08/09/2024 23:04;Não
2024-35404271-7;;08/09/2024 21:43;RODOVIA MG 050, Nº S/N - PASSOS;-207.372.242;-466.331.087;O04014 - INCENDIO AS MARGENS DE RODOVIA (C) (Prioridade: 2 - Média);1CIA IND/2CIA/1PEL(PASSOS);;Não;Não;Não;DUPLICADA;Classificada;08/09/2024 22:04;Não
2024-35407877-7;(BM) 2024-040509887-001;09/09/2024 03:30;RUA VEREADOR LUIZ PATTI, Nº 148 - COHAB 4 - PASSOS;-207.201.241;-466.349.898;V01018 - VITIMA DE MAL NAO DEFINIDO (DISTURBIO) (C) (Prioridade: 1 - Alta);1CIA IND/2CIA/1PEL(PASSOS);UR04360;Não;Não;Não;BOLETIM DE OCORRENCIA;Classificada;09/09/2024 08:10;Não
2024-35408273-4;(BM) 2024-040518364-001;09/09/2024 06:12;RUA CAETES, Nº 81 - NOSSA SENHORA DAS GRACAS - PASSOS;;;S06001 - SALVAMENTO DE ANIMAL EM RISCO / PERIGO (C) (Prioridade: 2 - Média);1CIA IND/2CIA/1PEL(PASSOS);ABTS00495;Não;Não;Não;BOLETIM DE OCORRENCIA;Classificada;09/09/2024 08:10;Não
2024-35408464-2;(BM) 2024-040672732-004;09/09/2024 06:55;REPRESA ESTREITO - RIBEIRAO DO OURO - REGIAO DA IGREJINHA DE SAO FRANCISCO, Nº S/N - CLARAVAL;-202.647.458;-472.015.873;S02003 - AFOGAMENTO EM LAGO / LAGOA / REPRESA (C) (Prioridade: 1 - Alta);1CIA IND/2CIA/1PEL(PASSOS);ASL06087;Não;Não;Não;BOLETIM DE OCORRENCIA;Classificada;12/09/2024 11:02;Não
2024-35410212-2;(BM) 2024-040533412-001;09/09/2024 09:54;AVENIDA PROJETADA, Nº S/N - JARDIM FLORENCA - PASSOS;-206.924.763;-466.115.051;P02001 - VISTORIA EM HIDRANTE (C) (Prioridade: 2 - Média);1CIA IND/2CIA/1PEL(PASSOS);ABTS00495;Não;Não;Não;BOLETIM DE OCORRENCIA;Classificada;10/09/2024 07:32;Não
2024-35410617-4;(BM) 2024-040539002-001;09/09/2024 10:30;AVENIDA COMENDADOR FRANCISCO A MAIA, Nº 3335 - BELO HORIZONTE - PASSOS;-207.278.399;-466.103.149;P01001 - VISTORIA DE FISCALIZACAO (C) (Prioridade: 2 - Média);1CIA IND/2CIA/1PEL(PASSOS);TPO00155;Não;Não;Não;BOLETIM DE OCORRENCIA;Classificada;10/09/2024 07:32;Não
2024-35410721-6;(BM) 2024-040545367-001;09/09/2024 10:35;RUA PARA, Nº S/N - POLIVALENTE - PASSOS;-207.065.593;-466.081.424;S06001 - SALVAMENTO DE ANIMAL EM RISCO / PERIGO (C) (Prioridade: 2 - Média);1CIA IND/2CIA/1PEL(PASSOS);ABTS00495;Não;Não;Não;BOLETIM DE OCORRENCIA;Classificada;10/09/2024 07:32;Não
2024-35410940-0;(BM) 2024-040544180-001;09/09/2024 10:54;RUA DOUTOR CARVALHO, Nº 1455 - NOSSA SENHORA DAS GRAÇAS - PASSOS;-207.352.269;-466.037.303;S04014 - SALVAMENTO DE PESSOA COM OBJETO PRESO AO CORPO (C) (Prioridade: 1 - Alta);1CIA IND/2CIA/PEL PREV E VIST(PASSOS);BM1728591;Não;Não;Não;BOLETIM DE OCORRENCIA;Classificada;10/09/2024 07:32;Não
2024-35411043-2;(BM) 2024-040544635-001;09/09/2024 11:03;RUA JOAO XXIII, Nº 563 - EXPOSICAO - PASSOS;-207.327.714;-466.097.742;P01001 - VISTORIA DE FISCALIZACAO (C) (Prioridade: 2 - Média);1CIA IND/2CIA/1PEL(PASSOS);TPO00155;Não;Não;Não;BOLETIM DE OCORRENCIA;Classificada;10/09/2024 07:32;Não
2024-35411957-8;(BM) 2024-040563397-001;09/09/2024 12:27;RUA RIO BRANCO, Nº 1260 - SANTA LUZIA - PASSOS;-207.066.967;-466.010.499;P02011 - VISTORIA EM ENXAME DE INSETOS (C) (Prioridade: 2 - Média);1CIA IND/2CIA/1PEL(PASSOS);ABTS00495;Não;Não;Não;BOLETIM DE OCORRENCIA;Classificada;10/09/2024 07:32;Não
2024-35411987-9;(BM) 2024-040559213-001;09/09/2024 12:29;RUA VESPASIANO, Nº 251 - COHAB 2 - PASSOS;-207.319.118;-466.273.866;S06001 - SALVAMENTO DE ANIMAL EM RISCO / PERIGO (C) (Prioridade: 2 - Média);1CIA IND/2CIA/1PEL(PASSOS);ABTS00495;Não;Não;Não;BOLETIM DE OCORRENCIA;Classificada;10/09/2024 07:32;Não
2024-35412392-7;(BM) 2024-040588820-001;09/09/2024 13:08;ESTRADA LINHA DAS AGUAS, KM 16, Nº S/N - PASSOS;-208.341.959;-465.695.256;O04008 - INCENDIO EM AREA RURAL NAO PROTEGIDA (C) (Prioridade: 2 - Média);1CIA IND/2CIA/1PEL(PASSOS);ABTS00495;Não;Não;Não;BOLETIM DE OCORRENCIA;Classificada;10/09/2024 07:32;Não
2024-35412512-7;(BM) 2024-040561896-001;09/09/2024 13:19;RUA DOUTOR CARVALHO, Nº 1147 - BELO HORIZONTE - PASSOS;-207.320.978;-466.047.997;P01002 - VISTORIA DE LIBERACAO / EMISSAO DE AVCB (C) (Prioridade: 2 - Média);1CIA IND/2CIA/1PEL(PASSOS);TPO00155;Não;Não;Não;BOLETIM DE OCORRENCIA;Classificada;10/09/2024 07:32;Não
2024-35413293-0;(BM) 2024-040570661-001;09/09/2024 14:12;RUA LAJINHA, Nº S/N - COHAB 2 - PASSOS;-20.709.546;-466.306.837;O04012 - INCENDIO EM LOTE VAGO (AREA URBANA) (C) (Prioridade: 2 - Média);1CIA IND/2CIA/1PEL(PASSOS);ABTS00495;Não;Não;Não;BOLETIM DE OCORRENCIA;Classificada;10/09/2024 07:32;Não
2024-35415824-6;(BM) 2024-040611280-001;09/09/2024 16:26;RUA BOTELHOS, Nº 960 - NOSSA SENHORA DE FATIMA - PASSOS;-20.699.837;-466.111.286;W03000 - SOLICITANTE ENCONTRADO - PROVIDENCIA DISPENSADA (C) (Prioridade: 3 - Baixa);1CIA IND/2CIA/1PEL(PASSOS);ABTS00495;Não;Não;Não;BOLETIM DE OCORRENCIA;Classificada;10/09/2024 07:32;Não
2024-35423670-0;(BM) 2024-040684542-001;10/09/2024 01:57;RUA ALAOR PRATA DE CASTRO, Nº 186 - JARDIM CANADA - PASSOS;-207.494.074;-46.607.345;V01010 - VITIMA COM DOR TORACICA/SUSPEITA DE INFARTO (IAM) (C) (Prioridade: 1 - Alta);1CIA IND/2CIA/1PEL(PASSOS);UR04360;Não;Não;Não;BOLETIM DE OCORRENCIA;Classificada;10/09/2024 07:32;Não
2024-35424143-0;(BM) 2024-040688776-001;10/09/2024 04:49;RUA PALMEIRAS, Nº 100 - PASSOS;-207.315.695;-465.955.294;O04011 - INCENDIO EM AREA URBANA NAO PROTEGIDA (C) (Prioridade: 2 - Média);1CIA IND/2CIA/1PEL(PASSOS);ABTS00495;Não;Não;Não;BOLETIM DE OCORRENCIA;Classificada;10/09/2024 07:32;Não
2024-35424381-8;(BM) 2024-040697385-002;10/09/2024 06:34;RUA 18 SETEMBRO, Nº 15 - PENHA - PASSOS;;;S04012 - BUSCA E SALVAMENTO EM LOCAL DE DIFICIL ACESSO (C) (Prioridade: 1 - Alta);1CIA IND/2CIA/1PEL(PASSOS);ABTS00495 / UR00565;Não;Não;Não;BOLETIM DE OCORRENCIA;Classificada;10/09/2024 21:34;Não
2024-35424804-0;(BM) 2024-040733757-001;10/09/2024 07:43;RUA QUINCA LUCIO, Nº 271 - SAO FRANCISCO - PASSOS;-207.279.599;-466.173.301;O04011 - INCENDIO EM AREA URBANA NAO PROTEGIDA (C) (Prioridade: 2 - Média);1CIA IND/2CIA/1PEL(PASSOS);ABTS00495;Não;Não;Não;BOLETIM DE OCORRENCIA;Classificada;11/09/2024 06:57;Não
2024-35424976-5;;10/09/2024 08:02;RUA PALMEIRAS, Nº S/N - SERRA DAS BRISAS - PASSOS;-207.319.886;-465.950.805;O04011 - INCENDIO EM AREA URBANA NAO PROTEGIDA (C) (Prioridade: 2 - Média);1CIA IND/2CIA/1PEL(PASSOS);ABTS00495;Não;Não;Não;DUPLICADA;Classificada;11/09/2024 03:37;Não
2024-35425262-4;(BM) 2024-040720234-001;10/09/2024 08:29;RODOVIA MG 050, Nº S/N - PASSOS;-207.372.242;-466.331.087;V02403 - VITIMA DE COLISAO ENTRE AUTOMOVEIS (CARRO / CAMINHONETE) (C) (Prioridade: 1 - Alta);1CIA IND/2CIA/1PEL(PASSOS);ABTS00495 / UR00565;Não;Não;Não;BOLETIM DE OCORRENCIA;Classificada;11/09/2024 07:32;Não
2024-35425536-8;;10/09/2024 08:57;RUA IMACULADA CONCEICAO, Nº 1070 - COHAB 4 - PASSOS;-207.219.245;-466.347.542;W03000 - SOLICITANTE ENCONTRADO - PROVIDENCIA DISPENSADA (C) (Prioridade: 3 - Baixa);1CIA IND/2CIA/1PEL(PASSOS);BM1430719;Não;Não;Não;ATENDIDA PELO SAMU;Classificada;11/09/2024 06:55;Não
2024-35426326-0;(BM) 2024-040733900-001;10/09/2024 10:10;RUA BOTELHOS, Nº 960 - NOSSA SENHORA DE FATIMA - PASSOS;-20.699.837;-466.111.286;S06005 - CAPTURA DE INSETOS (C) (Prioridade: 2 - Média);1CIA IND/2CIA/1PEL(PASSOS);ABTS00495;Não;Não;Não;BOLETIM DE OCORRENCIA;Classificada;11/09/2024 07:00;Não
2024-35427370-8;;10/09/2024 11:33;RUA QUINCA LUCIO, Nº S/N - SAO FRANCISCO - PASSOS;-207.280.592;-466.182.692;O04011 - INCENDIO EM AREA URBANA NAO PROTEGIDA (C) (Prioridade: 2 - Média);1CIA IND/2CIA/1PEL(PASSOS);BM1430719;Não;Não;Não;DUPLICADA;Classificada;10/09/2024 20:30;Não
2024-35427552-5;(BM) 2024-040748558-001;10/09/2024 11:50;RUA PALMEIRAS, Nº 453 - SERRA DAS BRISAS - PASSOS;-207.342.105;-465.926.384;O04004 - INCENDIO EM AREA DE REFLORESTAMENTO (C) (Prioridade: 2 - Média);1CIA IND/2CIA/1PEL(PASSOS);ABTS00495;Não;Não;Não;BOLETIM DE OCORRENCIA;Classificada;11/09/2024 07:31;Não
2024-35433184-8;(BM) 2024-040817629-001;10/09/2024 17:55;RUA PARAGUACU, Nº S/N - RECANTO DEL REI - PASSOS;-207.301.299;-465.948.194;O04004 - INCENDIO EM AREA DE REFLORESTAMENTO (C) (Prioridade: 2 - Média);1CIA IND/2CIA/1PEL(PASSOS);ABTS00495;Não;Não;Não;BOLETIM DE OCORRENCIA;Classificada;11/09/2024 07:31;Não
2024-35434056-3;(BM) 2024-040817462-001;10/09/2024 18:51;RUA SAO JOSE, Nº 57 - CARMELO - PASSOS;-207.147.502;-466.038.829;O04012 - INCENDIO EM LOTE VAGO (AREA URBANA) (C) (Prioridade: 2 - Média);1CIA IND/2CIA/1PEL(PASSOS);ABTS00495;Não;Não;Não;BOLETIM DE OCORRENCIA;Classificada;11/09/2024 07:31;Não
2024-35434904-0;;10/09/2024 19:39;SITIO PIRAPITINGA, Nº S/N - BOTELHOS;-216.468.042;-465.167.654;O04008 - INCENDIO EM AREA RURAL NAO PROTEGIDA (C) (Prioridade: 2 - Média);1CIA IND (POCOS DE CALDAS);;Não;Não;Não;REPASSADA A OUTROS ÓRGAOS;Classificada;10/09/2024 20:50;Não
2024-35435156-3;(BM) 2024-040826200-001;10/09/2024 19:56;RUA PECUARIA, Nº 407 - SAO FRANCISCO - PASSOS;-207.285.504;-466.183.912;O04011 - INCENDIO EM AREA URBANA NAO PROTEGIDA (C) (Prioridade: 2 - Média);1CIA IND/2CIA/1PEL(PASSOS);ABTS00495;Não;Não;Não;BOLETIM DE OCORRENCIA;Classificada;11/09/2024 07:32;Não
2024-35435850-9;(BM) 2024-040826084-001;10/09/2024 20:43;RUA PARAGUACU, Nº S/N - RECANTO DEL REI - PASSOS;-207.301.299;-465.948.194;O04011 - INCENDIO EM AREA URBANA NAO PROTEGIDA (C) (Prioridade: 2 - Média);1CIA IND/2CIA/1PEL(PASSOS);ABTS00495;Não;Não;Não;BOLETIM DE OCORRENCIA;Classificada;11/09/2024 07:32;Não
2024-35439717-0;(BM) 2024-040859015-001;11/09/2024 02:50;RUA ESTUDANTES, Nº 219 - PENHA - PASSOS;-207.179.291;-46.616.903;V01024 - VITIMA DE SUICIDIO (TENTATIVA) - APH CLINICO (C) (Prioridade: 1 - Alta);1CIA IND/2CIA/1PEL(PASSOS);UR04360;Não;Não;Não;BOLETIM DE OCORRENCIA;Classificada;11/09/2024 07:32;Não
2024-35440898-4;(BM) 2024-040868449-001;11/09/2024 07:49;RUA TROVADOR, Nº 23 - NOVO HORIZONTE - PASSOS;-207.334.303;-465.999.117;V01009 - VITIMA COM DOR NA COLUNA VERTEBRAL (COSTAS) (C) (Prioridade: 1 - Alta);1CIA IND/2CIA/1PEL(PASSOS);UR04360;Não;Não;Não;BOLETIM DE OCORRENCIA;Classificada;12/09/2024 11:02;Não
2024-35441215-5;;11/09/2024 08:23;RUA CERRO AZUL, Nº 689 - SANTANA - POCOS DE CALDAS;;;P02011 - VISTORIA EM ENXAME DE INSETOS (C) (Prioridade: 2 - Média);1CIA IND (POCOS DE CALDAS);;Não;Não;Não;DISPENSADA PELO SOLICITANTE;Classificada;11/09/2024 14:35;Não
2024-35441705-4;(BM) 2024-040877318-001;11/09/2024 09:11;RUA PRATAPOLIS, Nº 1294 - JARDIM ELAINE - PASSOS;-206.953.895;-466.131.314;V01013 - VITIMA DE EMERGENCIAS PSIQUIATRICAS (C) (Prioridade: 1 - Alta);1CIA IND/2CIA/1PEL(PASSOS);UR04360;Não;Não;Não;BOLETIM DE OCORRENCIA;Classificada;12/09/2024 11:02;Não
2024-35442305-1;(BM) 2024-040929582-001;11/09/2024 10:03;BAIRRO VILA BETANIA - MATA E NASCENTES, Nº S/N - ALPINOPOLIS;-208.558.343;-463.808.323;O04005 - INCENDIO EM AREA RURAL PERTENCENTE A ORGAO PUBLICO (C) (Prioridade: 2 - Média);1CIA IND/2CIA/1PEL(PASSOS);ABTS00495;Não;Não;Não;BOLETIM DE OCORRENCIA;Classificada;12/09/2024 11:03;Não
2024-35442618-7;(BM) 2024-040887840-001;11/09/2024 10:29;RUA DOUTOR CARVALHO, Nº 1096 - BELO HORIZONTE - PASSOS;-207.312.608;-466.053.286;P01001 - VISTORIA DE FISCALIZACAO (C) (Prioridade: 2 - Média);1CIA IND/2CIA/1PEL(PASSOS);TPO00155;Não;Não;Não;BOLETIM DE OCORRENCIA;Classificada;12/09/2024 11:03;Não
2024-35442987-3;(BM) 2024-040892489-001;11/09/2024 10:56;RUA DOUTOR BERNARDINO VIEIRA, Nº 41 - CENTRO - PASSOS;-207.171.792;-466.097.252;P01001 - VISTORIA DE FISCALIZACAO (C) (Prioridade: 2 - Média);1CIA IND/2CIA/1PEL(PASSOS);TPO00155;Não;Não;Não;BOLETIM DE OCORRENCIA;Classificada;12/09/2024 11:03;Não
2024-35443427-4;;11/09/2024 11:40;RUA CORONEL OSORIO, Nº S/N - CENTRO - CAPETINGA;-20.618.132;-470.609.265;O04013 - INCENDIO EM PASTO (C) (Prioridade: 2 - Média);1CIA IND/2CIA/1PEL(PASSOS);;Não;Não;Não;SOLICITANTE ENCONTRADO - PROVIDÊNCIA DISPENSADA;Classificada;11/09/2024 17:21;Não
2024-35444302-4;;11/09/2024 13:07;RUA JOSE CAMILO DOS SANTOS, Nº 464 - SAGRADA FAMILIA - ITAU DE MINAS;-207.474.153;-467.431.175;S06002 - CAPTURA DE ANIMAL SILVESTRE PERIGOSO / AGRESSIVO (C) (Prioridade: 2 - Média);1CIA IND/2CIA/1PEL(PASSOS);;Não;Não;Não;DISPENSADA PELO SOLICITANTE;Classificada;11/09/2024 15:22;Não
2024-35446310-3;(BM) 2024-040939889-001;11/09/2024 15:11;RUA PARAGUACU, Nº 11 - VILA RICA - PASSOS;-207.244.803;-46.593.356;O04011 - INCENDIO EM AREA URBANA NAO PROTEGIDA (C) (Prioridade: 2 - Média);1CIA IND/2CIA/1PEL(PASSOS);ABTS00495;Não;Não;Não;BOLETIM DE OCORRENCIA;Classificada;12/09/2024 11:03;Não
2024-35448628-3;(BM) 2024-040959823-001;11/09/2024 17:28;RUA GERALDO DE OLIVEIRA LIMA, Nº S/N - JARDIM PLANALTO - PASSOS;-207.197.861;-466.265.448;S06002 - CAPTURA DE ANIMAL SILVESTRE PERIGOSO / AGRESSIVO (C) (Prioridade: 2 - Média);1CIA IND/2CIA/1PEL(PASSOS);ASL06087;Não;Não;Não;BOLETIM DE OCORRENCIA;Classificada;12/09/2024 11:03;Não
2024-35449130-8;(BM) 2024-040978663-001;11/09/2024 17:58;RUA ITAJAI, Nº S/N - VILA RICA - PASSOS;;;O04011 - INCENDIO EM AREA URBANA NAO PROTEGIDA (C) (Prioridade: 2 - Média);1CIA IND/2CIA/1PEL(PASSOS);ABTS00495;Não;Não;Não;BOLETIM DE OCORRENCIA;Classificada;12/09/2024 11:03;Não
2024-35449458-0;(BM) 2024-040978689-001;11/09/2024 18:22;RUA BOIADEIROS, Nº 502 - SAO FRANCISCO - PASSOS;;;O04012 - INCENDIO EM LOTE VAGO (AREA URBANA) (C) (Prioridade: 2 - Média);1CIA IND/2CIA/1PEL(PASSOS);ABTS00495;Não;Não;Não;BOLETIM DE OCORRENCIA;Classificada;12/09/2024 11:02;Não
2024-35454201-3;(BM) 2024-041034845-001;11/09/2024 23:35;AVENIDA NACOES, Nº S/N - VILA RICA - PASSOS;-207.276.808;-46.600.861;O04011 - INCENDIO EM AREA URBANA NAO PROTEGIDA (C) (Prioridade: 2 - Média);1CIA IND/2CIA/1PEL(PASSOS);ABTS00495;Não;Não;Não;BOLETIM DE OCORRENCIA;Classificada;12/09/2024 11:02;Não
2024-35456257-9;(BM) 2024-041034111-001;12/09/2024 07:02;RUA PONTALINA, Nº 137 - PASSOS;-207.286.844;-466.198.661;V02408 - VITIMA DE COLISAO ENTRE AUTOMOVEL X MOTOCICLETA (C) (Prioridade: 1 - Alta);1CIA IND/2CIA/1PEL(PASSOS);UR04360;Não;Não;Não;BOLETIM DE OCORRENCIA;Classificada;12/09/2024 11:02;Não
2024-35457530-1;(BM) 2024-041046207-001;12/09/2024 09:09;RUA DOUTOR CARVALHO, Nº 1455 - NOSSA SENHORA DAS GRAÇAS - PASSOS;-207.352.269;-466.037.303;Q03017 - TREINAMENTO DE PRIMEIROS SOCORROS (C) (Prioridade: 2 - Média);1CIA IND/2CIA/1PEL(PASSOS);BM1549807;Não;Não;Não;BOLETIM DE OCORRENCIA;Classificada;13/09/2024 12:26;Não
2024-35458773-9;(BM) 2024-041069872-001;12/09/2024 10:58;FAZENDA FAZENDA CAMPESTRE, Nº S/N - PASSOS;-206.847.012;-467.013.553;O04013 - INCENDIO EM PASTO (C) (Prioridade: 2 - Média);1CIA IND/2CIA/1PEL(PASSOS);ASL06087;Não;Não;Não;BOLETIM DE OCORRENCIA;Classificada;13/09/2024 12:26;Não
2024-35460151-1;(BM) 2024-041077461-001;12/09/2024 13:12;AVENIDA IDELFONSO DEL BIANCO, Nº S/N - PATRIMONIO - CASSIA;-205.750.866;-469.325.368;P01001 - VISTORIA DE FISCALIZACAO (C) (Prioridade: 2 - Média);1CIA IND/2CIA/1PEL(PASSOS);TPO00155;Não;Não;Não;BOLETIM DE OCORRENCIA;Classificada;13/09/2024 12:26;Não
2024-35462753-5;(BM) 2024-041154896-001;12/09/2024 15:43;RUA ANTONIO VITOR FIORAVANTE, Nº 324 - CONJUNTO HABITACIONAL SAO LUCAS - ITAU DE MINAS;-207.377.203;-467.624.033;O04011 - INCENDIO EM AREA URBANA NAO PROTEGIDA (C) (Prioridade: 2 - Média);1CIA IND/2CIA/1PEL(PASSOS);ABTS00495;Não;Não;Não;BOLETIM DE OCORRENCIA;Classificada;13/09/2024 12:26;Não
2024-35463432-7;(BM) 2024-041164428-001;12/09/2024 16:23;RODOVIA MG 344, Nº S/N - ITAU DE MINAS;-207.472.244;-467.749.689;O04004 - INCENDIO EM AREA DE REFLORESTAMENTO (C) (Prioridade: 2 - Média);1CIA IND/2CIA/1PEL(PASSOS);ASL06087;Não;Não;Não;BOLETIM DE OCORRENCIA;Classificada;13/09/2024 12:26;Não
2024-35464133-1;;12/09/2024 17:02;RUA ITABIRA, Nº 222 - CALIFORNIA - PASSOS;-207.039.463;-466.161.418;V01007 - VITIMA COM DISPNEIA (FALTA DE AR) (C) (Prioridade: 1 - Alta);1CIA IND/2CIA/1PEL(PASSOS);;Não;Não;Não;ATENDIDA PELO SAMU;Classificada;12/09/2024 17:18;Não
2024-35464116-2;;12/09/2024 17:03;RUA VITALINA ANTONIO CESARIO, Nº S/N - LOTEAMENTO BELVEDERE - ITAU DE MINAS;-20.743.922;-467.644.453;W98011 - SOLICITACAO DE APOIO (C) (Prioridade: 1 - Alta);1CIA IND/2CIA/1PEL(PASSOS);;Não;Não;Não;DUPLICADA;Classificada;12/09/2024 17:14;Não
2024-35465772-6;;12/09/2024 18:38;RUA GONCALVES DIAS, Nº 889 - SAO BENEDITO - PASSOS;-207.218.253;-466.039.143;S06002 - CAPTURA DE ANIMAL SILVESTRE PERIGOSO / AGRESSIVO (C) (Prioridade: 2 - Média);1CIA IND/2CIA/1PEL(PASSOS);;Não;Não;Não;DISPENSADA PELO SOLICITANTE;Classificada;12/09/2024 21:33;Não
2024-35470022-5;;12/09/2024 23:12;RUA CARLOS MIRANDA, Nº S/N - COUNTRY CLUB - POCOS DE CALDAS;;;O04011 - INCENDIO EM AREA URBANA NAO PROTEGIDA (C) (Prioridade: 2 - Média);1CIA IND (POCOS DE CALDAS);;Não;Não;Não;DUPLICADA;Classificada;12/09/2024 23:31;Não
2024-35470121-7;(BM) 2024-041182131-001;12/09/2024 23:18;PRACA GERALDO DA SILVA MAIA, Nº S/N - CENTRO - PASSOS;-207.208.941;-46.609.005;P03999 - OUTROS TIPOS DE PCI / PCA   (C) (Prioridade: 2 - Média);1CIA IND/2CIA/1PEL(PASSOS);UR04360;Não;Não;Não;BOLETIM DE OCORRENCIA;Classificada;13/09/2024 12:26;Não
2024-35473074-5;(BM) 2024-041226462-001;13/09/2024 07:52;RUA VENEZUELA, Nº 455 - POLIVALENTE - PASSOS;-207.044.527;-466.051.749;V03012 - VITIMA COM OBJETO PRESO AO CORPO (C) (Prioridade: 1 - Alta);1CIA IND/2CIA/1PEL(PASSOS);UR04360;Não;Não;Não;BOLETIM DE OCORRENCIA;Classificada;14/09/2024 08:04;Não
2024-35473150-1;(BM) 2024-041243639-001;13/09/2024 08:02;RODOVIA MG 050, Nº S/N - ITAU DE MINAS;;;O04008 - INCENDIO EM AREA RURAL NAO PROTEGIDA (C) (Prioridade: 2 - Média);1CIA IND/2CIA/1PEL(PASSOS);ASL06087;Não;Não;Não;BOLETIM DE OCORRENCIA;Classificada;14/09/2024 08:04;Não
2024-35474861-5;(BM) 2024-041227047-001;13/09/2024 10:33;AVENIDA COMENDADOR FRANCISCO A MAIA, Nº 4364 - NOVO HORIZONTE - PASSOS;-207.335.957;-466.029.455;P01002 - VISTORIA DE LIBERACAO / EMISSAO DE AVCB (C) (Prioridade: 2 - Média);1CIA IND/2CIA/1PEL(PASSOS);TPO00155;Não;Não;Não;BOLETIM DE OCORRENCIA;Classificada;14/09/2024 08:04;Não
2024-35475267-0;(BM) 2024-041243576-001;13/09/2024 11:10;RODOVIA MG 050, Km 348, Nº S/N - CONDOMINIO GRANVILLE - PASSOS;;;O04012 - INCENDIO EM LOTE VAGO (AREA URBANA) (C) (Prioridade: 2 - Média);1CIA IND/2CIA/1PEL(PASSOS);ABTS00495;Não;Não;Não;BOLETIM DE OCORRENCIA;Classificada;14/09/2024 08:04;Não
2024-35477741-0;(BM) 2024-041272277-001;13/09/2024 14:42;RUA PARANA, Nº 45 - SAO BENEDITO - PASSOS;-207.187.946;-466.034.514;V01018 - VITIMA DE MAL NAO DEFINIDO (DISTURBIO) (C) (Prioridade: 1 - Alta);1CIA IND/2CIA/1PEL(PASSOS);UR04360;Não;Não;Não;BOLETIM DE OCORRENCIA;Classificada;14/09/2024 08:04;Não
2024-35478548-5;(BM) 2024-041272223-001;13/09/2024 15:28;ESTRADA CHAPADAO, Nº S/N - FORTALEZA DE MINAS;-208.745.297;-46.834.607;O04006 - INCENDIO EM AREA RURAL PERTENCENTE A ORGAO PRIVADO (C) (Prioridade: 2 - Média);1CIA IND/2CIA/1PEL(PASSOS);ASL06087;Não;Não;Não;BOLETIM DE OCORRENCIA;Classificada;14/09/2024 08:04;Não
2024-35479085-4;(BM) 2024-041305069-001;13/09/2024 15:59;RUA PROFESSORA EUNICE S SILVEIRA, Nº S/N - COHAB 3 - PASSOS;-207.008.486;-466.273.935;P02011 - VISTORIA EM ENXAME DE INSETOS (C) (Prioridade: 2 - Média);1CIA IND/2CIA/1PEL(PASSOS);ABTS00495;Não;Não;Não;BOLETIM DE OCORRENCIA;Classificada;14/09/2024 08:04;Não
2024-35480132-0;;13/09/2024 17:04;ESTRADA SECUNDÁRIA TALICO, Nº S/N - ITAU DE MINAS;-2.073.979;-467.666.598;O04013 - INCENDIO EM PASTO (C) (Prioridade: 2 - Média);1CIA IND/2CIA/1PEL(PASSOS);;Não;Não;Não;NÃO ATENDIDA: FALTA DE EFETIVO;Classificada;13/09/2024 22:21;Não
2024-35486806-4;;14/09/2024 00:02;RUA CAMPOS GERAIS, Nº 739 - NOSSA SENHORA DE FATIMA - PASSOS;-207.002.711;-4.661.422;O02033 - INCENDIO EM AMONTOADO DE LIXO (C) (Prioridade: 2 - Média);1CIA IND/2CIA/1PEL(PASSOS);ABTS00495;Não;Não;Não;ATENDIDA PELO SAMU;Classificada;14/09/2024 08:04;Não
2024-35487504-0;(BM) 2024-041354663-001;14/09/2024 00:52;RUA RIO BRANCO, Nº 1714 - SANTA LUZIA - PASSOS;-207.094.922;-465.979.771;V03018 - VITIMA DE QUEDA DA PROPRIA ALTURA (C) (Prioridade: 1 - Alta);1CIA IND/2CIA/1PEL(PASSOS);UR04360;Não;Não;Não;BOLETIM DE OCORRENCIA;Classificada;14/09/2024 08:03;Não
2024-35488452-4;(BM) 2024-041363062-001;14/09/2024 02:21;RUA ALPINOPOLIS, Nº 196 - CANJERANUS - PASSOS;-20.710.585;-466.055.858;V01008 - VITIMA COM DOR ABDOMINAL (ABDOME AGUDO) (C) (Prioridade: 1 - Alta);1CIA IND/2CIA/1PEL(PASSOS);UR04360;Não;Não;Não;BOLETIM DE OCORRENCIA;Classificada;14/09/2024 08:03;Não
2024-35488999-0;;14/09/2024 03:56;RUA VESPASIANO / RUA LAJINHA - COHAB 2 - PASSOS;-207.102.646;-466.289.856;W98011 - SOLICITACAO DE APOIO (C) (Prioridade: 1 - Alta);1CIA IND/2CIA/1PEL(PASSOS);;Não;Não;Não;ORIENTAÇÃO;Classificada;14/09/2024 04:04;Não
2024-35489332-8;;14/09/2024 05:08;RUA JOAQUIM PLACIDO BARBOSA, Nº 303 - CENTRO - CLARAVAL;-204.002.211;-472.866.356;W03000 - SOLICITANTE ENCONTRADO - PROVIDENCIA DISPENSADA (C) (Prioridade: 3 - Baixa);1CIA IND/2CIA/1PEL(PASSOS);;Não;Não;Não;DISPENSADA PELO SOLICITANTE;Classificada;14/09/2024 06:24;Não
2024-35490052-9;(BM) 2024-041375327-001;14/09/2024 07:59;RUA BELMIRA OSORIO LEMOS, Nº 500 - SAO JOAQUIM - PASSOS;-207.445.404;-46.600.262;V02408 - VITIMA DE COLISAO ENTRE AUTOMOVEL X MOTOCICLETA (C) (Prioridade: 1 - Alta);1CIA IND/2CIA/1PEL(PASSOS);UR04360;Não;Não;Não;BOLETIM DE OCORRENCIA;Classificada;15/09/2024 07:50;Não
2024-35491686-3;(BM) 2024-041389675-001;14/09/2024 11:04;RODOVIA MG 050, Nº S/N - PASSOS;-207.372.242;-466.331.087;S06002 - CAPTURA DE ANIMAL SILVESTRE PERIGOSO / AGRESSIVO (C) (Prioridade: 2 - Média);1CIA IND/2CIA/1PEL(PASSOS);ASL06087;Não;Não;Não;BOLETIM DE OCORRENCIA;Classificada;15/09/2024 07:49;Não
2024-35491805-0;;14/09/2024 11:18;RUA JOSE HENRIQUE COSTA, NO. 201, VALE VERDE, Nº S/N - GUAXUPE;-213.314.385;-467.008.825;W08000 - CANCELADA POR INDISPONIBILIDADE DE VIATURA (C) (Prioridade: 3 - Baixa);1CIA IND (POCOS DE CALDAS);;Não;Não;Não;NÃO ATENDIDA: FALTA DE EFETIVO;Classificada;14/09/2024 11:20;Não
2024-35492033-5;(PM) 2024-041396047-001;14/09/2024 11:46;RODOVIA MG 050, Km 359 - PASSOS;-20.737.051;-466.411.331;W98011 - SOLICITACAO DE APOIO (C) (Prioridade: 1 - Alta);1CIA IND/2CIA/1PEL(PASSOS);;Não;Não;Não;DUPLICADA;Classificada;14/09/2024 12:07;Não
2024-35492120-8;(BM) 2024-041408106-001;14/09/2024 11:54;RODOVIA MG 050, Km 361 - PASSOS;-207.369.433;-466.596.676;V02301 - VITIMA DE CAPOTAMENTO DE AUTOMOVEL (CARRO / CAMINHONETE) (C) (Prioridade: 1 - Alta);1CIA IND/2CIA/1PEL(PASSOS);UR04360;Não;Não;Não;BOLETIM DE OCORRENCIA;Classificada;15/09/2024 07:50;Não
2024-35492979-7;(BM) 2024-041408450-001;14/09/2024 13:45;RUA CANJERANUS, Nº 3077 - POLIVALENTE - PASSOS;-207.003.964;-46.598.393;V01999 - OUTROS TIPOS DE APH CLINICO (C) (Prioridade: 1 - Alta);1CIA IND/2CIA/1PEL(PASSOS);UR04360;Não;Não;Não;BOLETIM DE OCORRENCIA;Classificada;15/09/2024 16:52;Não
2024-35494580-9;(BM) 2024-041416720-001;14/09/2024 15:36;RUA PARATI, Nº 2001 - RECANTO DA HARMONIA - PASSOS;-207.083.348;-465.964.113;O04011 - INCENDIO EM AREA URBANA NAO PROTEGIDA (C) (Prioridade: 2 - Média);1CIA IND/2CIA/1PEL(PASSOS);ABTS00495;Não;Não;Não;BOLETIM DE OCORRENCIA;Classificada;15/09/2024 07:49;Não
2024-35495692-8;(BM) 2024-041428830-001;14/09/2024 16:53;RUA BENEDITO APOLINARIO, Nº 152 - PRIMAVERA II - PASSOS;;;P02011 - VISTORIA EM ENXAME DE INSETOS (C) (Prioridade: 2 - Média);1CIA IND/2CIA/1PEL(PASSOS);ASL06087;Não;Não;Não;BOLETIM DE OCORRENCIA;Classificada;15/09/2024 07:49;Não
2024-35495923-9;(BM) 2024-041431217-001;14/09/2024 17:08;RUA PARACATU, Nº 382 - CENTENARIO - PASSOS;-207.325.031;-466.132.955;V03005 - VITIMA DE AGRESSAO FISICA SEM USO DE ARMA (C) (Prioridade: 1 - Alta);1CIA IND/2CIA/1PEL(PASSOS);UR04360;Não;Não;Não;BOLETIM DE OCORRENCIA;Classificada;15/09/2024 07:50;Não
2024-35497319-5;;14/09/2024 18:40;RUA GUARANIS, Nº 436 - NOSSA SENHORA APARECIDA - PASSOS;-207.449.792;-466.058.052;V03018 - VITIMA DE QUEDA DA PROPRIA ALTURA (C) (Prioridade: 1 - Alta);1CIA IND/2CIA/1PEL(PASSOS);;Não;Não;Não;ATENDIDA PELO SAMU;Classificada;14/09/2024 18:42;Não
2024-35497475-0;(BM) 2024-041443406-001;14/09/2024 18:47;RUA VEREADOR ANTONIO CAETANO ANDRADE, Nº 110 - COHAB 5 - PASSOS;-207.208.101;-466.386.338;W03000 - SOLICITANTE ENCONTRADO - PROVIDENCIA DISPENSADA (C) (Prioridade: 3 - Baixa);1CIA IND/2CIA/1PEL(PASSOS);UR04360;Não;Não;Não;BOLETIM DE OCORRENCIA;Classificada;15/09/2024 07:49;Não
2024-35501385-7;(BM) 2024-041479046-001;14/09/2024 22:33;RUA CURIO, Nº 499 - PARQUE DA FAZENDA - PASSOS;-207.393.524;-46.609.097;O02001 - INCENDIO EM RESIDENCIA/HABITACAO UNIFAMILIAR (CASA) (C) (Prioridade: 1 - Alta);1CIA IND/2CIA/1PEL(PASSOS);ABTS00495;Não;Não;Não;BOLETIM DE OCORRENCIA;Classificada;15/09/2024 07:50;Não
2024-35504224-4;;15/09/2024 01:25;RUA CARAVELAS, Nº 114 - NOVO HORIZONTE - PASSOS;-207.319.444;-466.009.606;V01004 - VITIMA COM CRISE DIABETICA / HIPOGLICEMIA (C) (Prioridade: 1 - Alta);1CIA IND/2CIA/1PEL(PASSOS);UR04360;Não;Não;Não;ATENDIDA PELO SAMU;Classificada;15/09/2024 01:43;Não
2024-35505636-7;;15/09/2024 04:13;RODOVIA MG 050, Km 364 - PASSOS;-207.357.243;-466.916.083;V02403 - VITIMA DE COLISAO ENTRE AUTOMOVEIS (CARRO / CAMINHONETE) (C) (Prioridade: 1 - Alta);1CIA IND/2CIA/1PEL(PASSOS);UR04360;Não;Não;Não;ATENDIDA PELO SAMU;Classificada;15/09/2024 04:40;Não
2024-35506301-4;(BM) 2024-041508340-001;15/09/2024 07:05;RODOVIA BR 464, Nº S/N - DELFINOPOLIS;-203.256.983;-468.473.584;S04007 - BUSCA E SALVAMENTO DE PESSOA PERDIDA / DESAPARECIDA (C) (Prioridade: 1 - Alta);1CIA IND/2CIA/1PEL(PASSOS);ASL06087;Não;Não;Não;BOLETIM DE OCORRENCIA;Classificada;16/09/2024 07:23;Não
2024-35507964-7;(BM) 2024-041520780-001;15/09/2024 11:09;ESTRADA CHAPADAO, Nº S/N - FORTALEZA DE MINAS;-208.745.297;-46.834.607;O04013 - INCENDIO EM PASTO (C) (Prioridade: 2 - Média);1CIA IND/2CIA/1PEL(PASSOS);ASL06087;Não;Não;Não;BOLETIM DE OCORRENCIA;Classificada;16/09/2024 07:22;Não
2024-35508153-0;;15/09/2024 11:35;RODOVIA BR 265, Km 514 - CARMO DO RIO CLARO;-209.191.989;-461.512.348;O04014 - INCENDIO AS MARGENS DE RODOVIA (C) (Prioridade: 2 - Média);1CIA IND/2CIA/1PEL(PASSOS);;Não;Não;Não;SOLICITANTE ENCONTRADO - PROVIDÊNCIA DISPENSADA;Classificada;15/09/2024 16:35;Não
2024-35508528-0;(BM) 2024-041532114-001;15/09/2024 12:25;BAR CANTINHO DE MINAS - BARAO, Nº S/N - SAO JOAO BATISTA GLORIA;-206.142.507;-464.912.436;O04013 - INCENDIO EM PASTO (C) (Prioridade: 2 - Média);1CIA IND/2CIA/1PEL(PASSOS);TPO00155;Não;Não;Não;BOLETIM DE OCORRENCIA;Classificada;16/09/2024 07:23;Não
2024-35508782-5;;15/09/2024 12:53;ESTRADA PRINCIPAL GLORIA / ESMERIL, Nº S/N - SAO JOAO BATISTA GLORIA;-206.295.444;-465.006.854;W98011 - SOLICITACAO DE APOIO (C) (Prioridade: 1 - Alta);1CIA IND/2CIA/1PEL(PASSOS);;Não;Não;Não;DUPLICADA;Classificada;15/09/2024 15:10;Não
2024-35509836-8;;15/09/2024 14:40;RUA ENI, Nº 17 - UNIVERSITARIO - ITAU DE MINAS;-207.418.911;-467.580.801;O02001 - INCENDIO EM RESIDENCIA/HABITACAO UNIFAMILIAR (CASA) (C) (Prioridade: 1 - Alta);1CIA IND/2CIA/1PEL(PASSOS);;Não;Não;Não;DISPENSADA PELO SOLICITANTE;Classificada;15/09/2024 14:59;Não
2024-35510903-0;(BM) 2024-041600758-001;15/09/2024 15:47;RUA DOUTOR BERNARDINO VIEIRA, Nº 360 - CENTRO - PASSOS;-207.162.176;-466.064.608;O02001 - INCENDIO EM RESIDENCIA/HABITACAO UNIFAMILIAR (CASA) (C) (Prioridade: 1 - Alta);1CIA IND/2CIA/1PEL(PASSOS);ABTS00495;Não;Não;Não;BOLETIM DE OCORRENCIA;Classificada;16/09/2024 07:23;Não
2024-35511792-7;(BM) 2024-041559602-001;15/09/2024 16:49;FAZENDA CACHOEIRA, Nº S/N - PASSOS;-208.281.013;-466.200.565;O04013 - INCENDIO EM PASTO (C) (Prioridade: 2 - Média);1CIA IND/2CIA/1PEL(PASSOS);ASL06087;Não;Não;Não;BOLETIM DE OCORRENCIA;Classificada;16/09/2024 07:23;Não
2024-35512027-9;(BM) 2024-041556048-001;15/09/2024 17:07;RODOVIA LMG 837, Km 16 - FORTALEZA DE MINAS;-208.405.901;-467.066.877;O04013 - INCENDIO EM PASTO (C) (Prioridade: 2 - Média);1CIA IND/2CIA/1PEL(PASSOS);ABTS00495;Não;Não;Não;BOLETIM DE OCORRENCIA;Classificada;16/09/2024 07:23;Não
2024-35512564-8;;15/09/2024 17:41;SITIO E RESTAURANTE LAMBARI - BAIRRO RURAL ESMERIL - PROXIMO AO BAR DO BARAO, Nº S/N - SAO JOAO BATISTA GLORIA;-206.085.464;-464.886.571;O04013 - INCENDIO EM PASTO (C) (Prioridade: 2 - Média);1CIA IND/2CIA/1PEL(PASSOS);;Não;Não;Não;DISPENSADA PELO SOLICITANTE;Classificada;15/09/2024 19:09;Não
2024-35513887-2;(BM) 2024-041580088-001;15/09/2024 19:04;RODOVIA MG 344, Nº S/N - CASSIA;-206.059.151;-468.965.632;O04014 - INCENDIO AS MARGENS DE RODOVIA (C) (Prioridade: 2 - Média);1CIA IND/2CIA/1PEL(PASSOS);ASL06087;Não;Não;Não;BOLETIM DE OCORRENCIA;Classificada;16/09/2024 07:23;Não
2024-35520064-0;(BM) 2024-041623988-001;16/09/2024 06:07;RUA KANSAS, Nº S/N - SAO FRANCISCO - PASSOS;-207.283.212;-466.202.702;W04000 - NADA CONSTATADO (C) (Prioridade: 3 - Baixa);1CIA IND/2CIA/1PEL(PASSOS);ABTS00495;Não;Não;Não;BOLETIM DE OCORRENCIA;Classificada;16/09/2024 07:22;Não
2024-35520079-8;(BM) 2024-041623975-001;16/09/2024 06:18;RUA JOAQUIM RODRIGUES, Nº 100 - COHAB 3 - PASSOS;-207.027.705;-466.255.439;V01007 - VITIMA COM DISPNEIA (FALTA DE AR) (C) (Prioridade: 1 - Alta);1CIA IND/2CIA/1PEL(PASSOS);UR04360;Não;Não;Não;BOLETIM DE OCORRENCIA;Classificada;16/09/2024 07:54;Não
2024-35520468-0;(BM) 2024-041627579-001;16/09/2024 07:27;RUA SANTA LUZIA, Nº 68 - CANDEIAS - PASSOS;-207.237.227;-466.147.991;S06002 - CAPTURA DE ANIMAL SILVESTRE PERIGOSO / AGRESSIVO (C) (Prioridade: 2 - Média);1CIA IND/2CIA/1PEL(PASSOS);ASL06087;Não;Não;Não;BOLETIM DE OCORRENCIA;Classificada;16/09/2024 07:55;Não
2024-35520789-3;(BM) 2024-041663440-001;16/09/2024 08:08;SITIO ESTRADA DAS AREIAS, Nº S/N - FORTALEZA DE MINAS;-209.065.554;-467.537.125;O04008 - INCENDIO EM AREA RURAL NAO PROTEGIDA (C) (Prioridade: 2 - Média);1CIA IND/2CIA/1PEL(PASSOS);ASL06087;Não;Não;Não;BOLETIM DE OCORRENCIA;Classificada;17/09/2024 07:27;Não
2024-35521356-1;(BM) 2024-041663466-001;16/09/2024 08:58;RUA CORONEL JOAO DE BARROS, Nº 360 - CENTRO - PASSOS;-207.201.938;-466.113.207;P02011 - VISTORIA EM ENXAME DE INSETOS (C) (Prioridade: 2 - Média);1CIA IND/2CIA/1PEL(PASSOS);UR04360;Não;Não;Não;BOLETIM DE OCORRENCIA;Classificada;17/09/2024 07:27;Não
2024-35521922-7;(BM) 2024-041642928-001;16/09/2024 09:46;RUA ALFENAS, Nº 664 - SAO JOSE DA BARRA;-206.841.098;-463.250.404;P01002 - VISTORIA DE LIBERACAO / EMISSAO DE AVCB (C) (Prioridade: 2 - Média);1CIA IND/2CIA/1PEL(PASSOS);TPO00155;Não;Não;Não;BOLETIM DE OCORRENCIA;Classificada;17/09/2024 07:28;Não
2024-35522318-8;(BM) 2024-041663412-001;16/09/2024 10:18;RUA BANCARIOS, Nº 1197 - PASSOS;;;S06001 - SALVAMENTO DE ANIMAL EM RISCO / PERIGO (C) (Prioridade: 2 - Média);1CIA IND/2CIA/1PEL(PASSOS);ABTS00495;Não;Não;Não;BOLETIM DE OCORRENCIA;Classificada;17/09/2024 07:28;Não
2024-35522586-7;(BM) 2024-041652321-001;16/09/2024 10:41;RUA ILICINIA, Nº 561 - FURNAS - SAO JOSE DA BARRA;-206.755.141;-463.350.437;P01001 - VISTORIA DE FISCALIZACAO (C) (Prioridade: 2 - Média);1CIA IND/2CIA/1PEL(PASSOS);TPO00155;Não;Não;Não;BOLETIM DE OCORRENCIA;Classificada;16/09/2024 15:37;Não
2024-35523092-2;(BM) 2024-041663388-001;16/09/2024 11:17;AVENIDA NACOES, Nº 1018 - CONDOMÍNIO DAS NAÇÕES. - PASSOS;-207.290.532;-46.589.497;V01005 - VITIMA COM CRISE HIPERTENSIVA/HIPOTENSAO (C) (Prioridade: 1 - Alta);1CIA IND/2CIA/1PEL(PASSOS);UR04360;Não;Não;Não;BOLETIM DE OCORRENCIA;Classificada;17/09/2024 07:30;Não
2024-35523605-5;(BM) 2024-041665073-001;16/09/2024 12:09;RUA DOUTOR CARVALHO, Nº 1455 - NOSSA SENHORA DAS GRAÇAS - PASSOS;-207.352.269;-466.037.303;V03012 - VITIMA COM OBJETO PRESO AO CORPO (C) (Prioridade: 1 - Alta);1CIA IND/2CIA/1PEL(PASSOS);BM1638089;Não;Não;Não;BOLETIM DE OCORRENCIA;Classificada;17/09/2024 07:30;Não
2024-35524159-7;;16/09/2024 13:10;RUA BOROROS, Nº 1937 - NOSSA SENHORA APARECIDA - PASSOS;-207.432.815;-466.080.181;V03018 - VITIMA DE QUEDA DA PROPRIA ALTURA (C) (Prioridade: 1 - Alta);1CIA IND/2CIA/1PEL(PASSOS);;Não;Não;Não;ATENDIDA PELO SAMU;Classificada;16/09/2024 13:20;Não
2024-35524694-0;(BM) 2024-041676374-001;16/09/2024 13:51;RUA ILICINIA, Nº 561 - FURNAS - SAO JOSE DA BARRA;-206.755.141;-463.350.437;P01001 - VISTORIA DE FISCALIZACAO (C) (Prioridade: 2 - Média);1CIA IND/2CIA/1PEL(PASSOS);TPO00155;Não;Não;Não;BOLETIM DE OCORRENCIA;Classificada;17/09/2024 07:30;Não
2024-35525363-9;(BM) 2024-041800660-001;16/09/2024 14:32;RUA OPALA, Nº 38 - ACLIMACAO - PASSOS;-207.514.427;-466.002.268;V01007 - VITIMA COM DISPNEIA (FALTA DE AR) (C) (Prioridade: 1 - Alta);1CIA IND/2CIA/1PEL(PASSOS);UR04360;Não;Não;Não;BOLETIM DE OCORRENCIA;Classificada;17/09/2024 07:52;Não
2024-35525770-2;;16/09/2024 14:53;ACESSO RURAL fazenda caras altas, Nº S/N - PASSOS;;;O04013 - INCENDIO EM PASTO (C) (Prioridade: 2 - Média);1CIA IND/2CIA/1PEL(PASSOS);;Não;Não;Não;DUPLICADA;Classificada;16/09/2024 16:23;Não
2024-35525758-7;(BM) 2024-041690170-001;16/09/2024 14:53;RUA SEXTA CHAPADA, Nº 260 - BELO HORIZONTE - PASSOS;-207.267.638;-466.024.762;Y40035 - APOIO DE SOLO EM OPERACOES AEREAS (C) (Prioridade: 2 - Média);1CIA IND/2CIA/1PEL(PASSOS);UR00565;Não;Não;Não;BOLETIM DE OCORRENCIA;Classificada;17/09/2024 07:30;Não
2024-35526310-8;;16/09/2024 15:20;AVENIDA ANTONIO ADAO DA SILVA, Nº 101 - COHAB 4 - PASSOS;-207.199.713;-466.307.666;W98011 - SOLICITACAO DE APOIO (C) (Prioridade: 1 - Alta);1CIA IND/2CIA/1PEL(PASSOS);;Não;Não;Não;DUPLICADA;Classificada;16/09/2024 15:26;Não
2024-35526305-8;(BM) 2024-041707392-001;16/09/2024 15:21;AVENIDA ANTONIO ADAO DA SILVA, Nº 111 - PENHA 2 - PASSOS;-207.189.598;-466.322.189;O02001 - INCENDIO EM RESIDENCIA/HABITACAO UNIFAMILIAR (CASA) (C) (Prioridade: 1 - Alta);1CIA IND/2CIA/1PEL(PASSOS);ABTS00495;Não;Não;Não;BOLETIM DE OCORRENCIA;Classificada;17/09/2024 07:30;Não
2024-35526948-8;(BM) 2024-041712081-001;16/09/2024 16:00;RODOVIA MG 050, Nº S/N - PASSOS;-207.351.074;-465.719.703;O04014 - INCENDIO AS MARGENS DE RODOVIA (C) (Prioridade: 2 - Média);1CIA IND/2CIA/1PEL(PASSOS);ABTS00495;Não;Não;Não;BOLETIM DE OCORRENCIA;Classificada;17/09/2024 07:30;Não
2024-35530409-7;;16/09/2024 19:22;FAZENDA BOA VISTA, Nº S/N - PASSOS;-209.137.309;-464.971.785;W98011 - SOLICITACAO DE APOIO (C) (Prioridade: 1 - Alta);1CIA IND/2CIA/1PEL(PASSOS);;Não;Não;Não;DISPENSADA PELO SOLICITANTE;Classificada;16/09/2024 22:04;Não
2024-35534605-7;(BM) 2024-041800616-001;17/09/2024 00:01;RUA MUZAMBINHO, Nº 1181 - PASSOS;-207.081.159;-466.317.576;V01013 - VITIMA DE EMERGENCIAS PSIQUIATRICAS (C) (Prioridade: 1 - Alta);1CIA IND/2CIA/1PEL(PASSOS);UR04360;Não;Não;Não;BOLETIM DE OCORRENCIA;Classificada;17/09/2024 07:52;Não
2024-35536269-2;(BM) 2024-041797937-001;17/09/2024 07:07;RUA DOUTOR CARVALHO, Nº S/N - CENTRO - PASSOS;-207.218.279;-466.083.676;V02408 - VITIMA DE COLISAO ENTRE AUTOMOVEL X MOTOCICLETA (C) (Prioridade: 1 - Alta);1CIA IND/2CIA/1PEL(PASSOS);UR04360;Não;Não;Não;BOLETIM DE OCORRENCIA;Classificada;17/09/2024 07:41;Não
2024-35536903-6;;17/09/2024 08:18;ACESSO RURAL MORRO CAVADO, Nº S/N - CONCEICAO DA APARECIDA;-210.293.693;-462.805.721;P01002 - VISTORIA DE LIBERACAO / EMISSAO DE AVCB (C) (Prioridade: 2 - Média);1CIA IND/2CIA/1PEL(PASSOS);;Não;Não;Não;DUPLICADA;Classificada;17/09/2024 11:58;Não
2024-35536914-2;;17/09/2024 08:20;ACESSO RURAL MORRO CAVADO, Nº S/N - CONCEICAO DA APARECIDA;-210.293.693;-462.805.721;P01002 - VISTORIA DE LIBERACAO / EMISSAO DE AVCB (C) (Prioridade: 2 - Média);1CIA IND/2CIA/1PEL(PASSOS);;Não;Não;Não;DUPLICADA;Classificada;17/09/2024 11:58;Não
2024-35537123-2;(BM) 2024-041820801-001;17/09/2024 08:42;AVENIDA SABIA, Nº S/N - MUARAMA 2 - PASSOS;-207.330.855;-466.157.928;Q03999 - OUTROS TIPOS DE TREINAMENTO (C) (Prioridade: 2 - Média);1CIA IND/2CIA/1PEL(PASSOS);TPO00155;Não;Não;Não;BOLETIM DE OCORRENCIA;Classificada;18/09/2024 07:48;Não
2024-35537284-1;;17/09/2024 08:57;RUA MOGIANA, Nº 401 - POLIVALENTE - PASSOS;-207.090.308;-466.081.006;V01023 - VITIMA DE SINCOPE (DESMAIO)/VERTIGEM (C) (Prioridade: 1 - Alta);1CIA IND/2CIA/1PEL(PASSOS);UR04360;Não;Não;Não;SOLICITANTE NÃO ENCONTRADO;Classificada;18/09/2024 07:54;Não
2024-35537799-1;;17/09/2024 09:46;RUA SAO GABRIEL, Nº 160 - PASSOS;-207.191.925;-465.941.579;V01018 - VITIMA DE MAL NAO DEFINIDO (DISTURBIO) (C) (Prioridade: 1 - Alta);1CIA IND/2CIA/1PEL(PASSOS);;Não;Não;Não;DISPENSADA PELO SOLICITANTE;Classificada;17/09/2024 13:49;Não
2024-35538209-1;(BM) 2024-041958042-001;17/09/2024 10:21;FAZENDA FAZENDA PAU D'ALHO, Nº S/N - PASSOS;-207.032.407;-467.013.495;O04008 - INCENDIO EM AREA RURAL NAO PROTEGIDA (C) (Prioridade: 2 - Média);1CIA IND/2CIA/1PEL(PASSOS);ASL06087;Não;Não;Não;BOLETIM DE OCORRENCIA;Classificada;18/09/2024 07:48;Não
2024-35538586-6;;17/09/2024 10:53;RODOVIA MG 050, Nº S/N - PASSOS;-207.372.242;-466.331.087;O04013 - INCENDIO EM PASTO (C) (Prioridade: 2 - Média);1CIA IND/2CIA/1PEL(PASSOS);;Não;Não;Não;DUPLICADA;Classificada;17/09/2024 19:55;Não
2024-35539894-3;(BM) 2024-041842933-001;17/09/2024 12:58;RUA CAETES, Nº S/N - NOSSA SENHORA APARECIDA - PASSOS;-20.743.907;-466.081.916;O04012 - INCENDIO EM LOTE VAGO (AREA URBANA) (C) (Prioridade: 2 - Média);1CIA IND/2CIA/1PEL(PASSOS);ABTS00495;Não;Não;Não;BOLETIM DE OCORRENCIA;Classificada;18/09/2024 07:47;Não
2024-35540349-3;(BM) 2024-041844735-001;17/09/2024 13:35;AVENIDA JUCA STOCKLER, Nº 187 - PASSOS;;;P01002 - VISTORIA DE LIBERACAO / EMISSAO DE AVCB (C) (Prioridade: 2 - Média);1CIA IND/2CIA/1PEL(PASSOS);TPO00155;Não;Não;Não;BOLETIM DE OCORRENCIA;Classificada;18/09/2024 07:47;Não
2024-35541197-2;;17/09/2024 14:30;RUA LAVRAS, Nº 458 - MARIO MAGALHAES - PASSOS;-207.266.429;-466.119.103;S04020 - PESSOA OU ANIMAL PRESO NO INTERIOR DO VEICULO (C) (Prioridade: 1 - Alta);1CIA IND/2CIA/1PEL(PASSOS);;Não;Não;Não;NÃO ATENDIDA: FALTA DE EFETIVO;Classificada;17/09/2024 19:13;Não
2024-35541548-5;(BM) 2024-041858700-001;17/09/2024 14:48;ESTRADA ESTRADA DA FORTALEZA DE MINAS, Nº S/N - PASSOS;-207.380.751;-466.520.002;O04008 - INCENDIO EM AREA RURAL NAO PROTEGIDA (C) (Prioridade: 2 - Média);1CIA IND/2CIA/1PEL(PASSOS);ASL06087;Não;Não;Não;BOLETIM DE OCORRENCIA;Classificada;18/09/2024 07:47;Não
2024-35541715-5;(BM) 2024-041860597-001;17/09/2024 14:56;AVENIDA BRASIL, Nº 242 - JARDIM SATELITE - PASSOS;-207.160.452;-466.187.123;P01001 - VISTORIA DE FISCALIZACAO (C) (Prioridade: 2 - Média);1CIA IND/2CIA/1PEL(PASSOS);TPO00155;Não;Não;Não;BOLETIM DE OCORRENCIA;Classificada;18/09/2024 07:47;Não
2024-35542356-0;(BM) 2024-041868998-001;17/09/2024 15:30;RUA DOUTOR SATURNINO, Nº 63 - PASSOS;-207.275.207;-465.991.865;X03000 - EMPENHO ADMINISTRATIVO (C) (Prioridade: 2 - Média);1CIA IND/2CIA/1PEL(PASSOS);TPO00155;Não;Não;Não;BOLETIM DE OCORRENCIA;Classificada;18/09/2024 07:47;Não
2024-35544203-0;;17/09/2024 17:09;RUA LEOPOLDINA, Nº 45 - CALIFORNIA - PASSOS;-20.704.444;-466.178.689;V01013 - VITIMA DE EMERGENCIAS PSIQUIATRICAS (C) (Prioridade: 1 - Alta);1CIA IND/2CIA/1PEL(PASSOS);;Não;Não;Não;DISPENSADA PELO SOLICITANTE;Classificada;17/09/2024 19:12;Não
2024-35545230-8;;17/09/2024 18:10;RUA JERONIMO NETO, Nº 290 - BELO HORIZONTE - PASSOS;-207.253.865;-466.045.756;V03018 - VITIMA DE QUEDA DA PROPRIA ALTURA (C) (Prioridade: 1 - Alta);1CIA IND/2CIA/1PEL(PASSOS);;Não;Não;Não;DISPENSADA PELO SOLICITANTE;Classificada;17/09/2024 19:12;Não
2024-35546914-9;(BM) 2024-041917202-001;17/09/2024 19:53;RUA CORONEL JOAO DE BARROS, Nº 360 - CENTRO - PASSOS;-207.201.938;-466.113.207;S06005 - CAPTURA DE INSETOS (C) (Prioridade: 2 - Média);1CIA IND/2CIA/1PEL(PASSOS);ASL06087;Não;Não;Não;BOLETIM DE OCORRENCIA;Classificada;18/09/2024 07:47;Não
2024-35551705-8;;18/09/2024 04:12;RUA ANDORINHA, Nº 252 - NOSSA SENHORA DAS GRAÇAS - PASSOS;-207.398.304;-466.058.419;V03021 - VITIMA DE SUICIDIO (TENTATIVA) - APH TRAUMA (C) (Prioridade: 1 - Alta);1CIA IND/2CIA/1PEL(PASSOS);UR04360;Não;Não;Não;OCORRÊNCIAS TÍPICAS DE BOMBEIROS ATENDIDA POR OUTROS ÓRGÃOS;Classificada;18/09/2024 04:23;Não
2024-35551828-8;(BM) 2024-041968401-001;18/09/2024 05:10;RUA DOUTOR SEPULVEDA, Nº 704 - SANTA CASA - PASSOS;-207.112.432;-466.124.033;V01003 - VITIMA COM CRISE CONVULSIVA (C) (Prioridade: 1 - Alta);1CIA IND/2CIA/1PEL(PASSOS);UR04360;Não;Não;Não;BOLETIM DE OCORRENCIA;Classificada;18/09/2024 07:47;Não
2024-35552397-3;(BM) 2024-041970677-001;18/09/2024 07:29;RUA ANTONIO LOPES FILHO, Nº 35 - CENTRO - DELFINOPOLIS;-203.420.292;-468.491.679;P01002 - VISTORIA DE LIBERACAO / EMISSAO DE AVCB (C) (Prioridade: 2 - Média);1CIA IND/2CIA/1PEL(PASSOS);TPO00155;Não;Não;Não;BOLETIM DE OCORRENCIA;Classificada;19/09/2024 01:02;Não
2024-35552953-5;(BM) 2024-041975970-001;18/09/2024 08:33;RUA ELZO CALIXTO MATTAR, Nº 1365 - NOSSA SENHORA DAS GRAÇAS - PASSOS;-207.375.615;-466.064.077;S06004 - CAPTURA DE OUTROS ANIMAIS DOMESTICOS PERIGOSOS / AGRESSIVOS (C) (Prioridade: 2 - Média);1CIA IND/2CIA/1PEL(PASSOS);ASL06087;Não;Não;Não;BOLETIM DE OCORRENCIA;Classificada;19/09/2024 08:14;Não
2024-35554396-1;(BM) 2024-042008690-001;18/09/2024 10:33;RUA PEDRINHO ALBERTO PANISSA, Nº S/N - CENTRO - CASSIA;-205.829.408;-469.245.324;P01001 - VISTORIA DE FISCALIZACAO (C) (Prioridade: 2 - Média);1CIA IND/2CIA/1PEL(PASSOS);TPO00155;Não;Não;Não;BOLETIM DE OCORRENCIA;Classificada;19/09/2024 08:14;Não
2024-35554509-6;(BM) 2024-041997394-001;18/09/2024 10:42;AVENIDA DOUTOR BRENO SOARES MAIA, Nº 493 - BELO HORIZONTE - PASSOS;;;V01004 - VITIMA COM CRISE DIABETICA / HIPOGLICEMIA (C) (Prioridade: 1 - Alta);1CIA IND/2CIA/1PEL(PASSOS);UR04360;Não;Não;Não;BOLETIM DE OCORRENCIA;Classificada;19/09/2024 08:14;Não
2024-35555028-3;(BM) 2024-042002245-001;18/09/2024 11:27;AVENIDA COMENDADOR FRANCISCO A MAIA, Nº 4085 - BELO HORIZONTE - PASSOS;-207.333.446;-466.055.497;V01010 - VITIMA COM DOR TORACICA/SUSPEITA DE INFARTO (IAM) (C) (Prioridade: 1 - Alta);1CIA IND/2CIA/1PEL(PASSOS);UR04360;Não;Não;Não;BOLETIM DE OCORRENCIA;Classificada;19/09/2024 08:14;Não
2024-35556052-3;(BM) 2024-042020641-001;18/09/2024 13:03;PRACA MONSENHOR MESSIAS BRAGANCA, Nº 91 - CENTRO - PASSOS;-207.186.851;-466.105.174;S06002 - CAPTURA DE ANIMAL SILVESTRE PERIGOSO / AGRESSIVO (C) (Prioridade: 2 - Média);1CIA IND/2CIA/1PEL(PASSOS);ASL06087;Não;Não;Não;BOLETIM DE OCORRENCIA;Classificada;19/09/2024 08:14;Não
2024-35556277-3;(BM) 2024-042025867-001;18/09/2024 13:24;RUA CAETES, Nº 235 - SAO JOAQUIM - PASSOS;-20.742.611;-466.031.054;V01025 - VITIMA DE USO / ABUSO / DEPENDENCIA DE DROGAS / ALCOOL (C) (Prioridade: 1 - Alta);1CIA IND/2CIA/1PEL(PASSOS);UR04360;Não;Não;Não;BOLETIM DE OCORRENCIA;Classificada;19/09/2024 08:14;Não
2024-35558363-4;(BM) 2024-042127126-001;18/09/2024 15:36;RUA QUINZINHO FUNCHAL, Nº 331 - NOVA CALIFORNIA - PASSOS;-206.996.947;-466.215.696;V01006 - VITIMA COM DIFICULDADE DE LOCOMOCAO (C) (Prioridade: 1 - Alta);1CIA IND/2CIA/1PEL(PASSOS);UR04360;Não;Não;Não;BOLETIM DE OCORRENCIA;Classificada;19/09/2024 08:14;Não
2024-35559477-9;(BM) 2024-042091488-001;18/09/2024 16:39;RUA OPERARIOS, Nº 693 - MUARAMA 2 - PASSOS;-207.342.183;-466.120.053;S06005 - CAPTURA DE INSETOS (C) (Prioridade: 2 - Média);1CIA IND/2CIA/1PEL(PASSOS);ASL06087;Não;Não;Não;BOLETIM DE OCORRENCIA;Classificada;19/09/2024 08:14;Não
2024-35561134-5;(BM) 2024-042091447-001;18/09/2024 18:14;RUA ITABIRA, Nº S/N - CALIFORNIA - PASSOS;-207.031.021;-466.192.112;V01018 - VITIMA DE MAL NAO DEFINIDO (DISTURBIO) (C) (Prioridade: 1 - Alta);1CIA IND/2CIA/1PEL(PASSOS);UR04360;Não;Não;Não;BOLETIM DE OCORRENCIA;Classificada;19/09/2024 08:14;Não
2024-35563911-7;(BM) 2024-042101563-001;18/09/2024 21:21;FAZENDA HARAS ELDORADO - LINHA DAS AGUAS, Nº S/N - PASSOS;-20.781.946;-465.447.481;V02501 - VITIMA DE QUEDA (CICLISTA) (C) (Prioridade: 1 - Alta);1CIA IND/2CIA/1PEL(PASSOS);UR04360;Não;Não;Não;BOLETIM DE OCORRENCIA;Classificada;19/09/2024 08:14;Não
2024-35564691-8;(BM) 2024-042113044-001;18/09/2024 22:13;RUA LICOMEDIO HONORIO DE FREITAS, Nº 98 - RECANTO DA TEKA - PASSOS;-207.421.501;-465.986.925;S06001 - SALVAMENTO DE ANIMAL EM RISCO / PERIGO (C) (Prioridade: 2 - Média);1CIA IND/2CIA/1PEL(PASSOS);ASL06087;Não;Não;Não;BOLETIM DE OCORRENCIA;Classificada;19/09/2024 08:14;Não
2024-35567417-2;(BM) 2024-042138089-001;19/09/2024 04:26;RUA PARAGUAI, Nº 122 - CANJERANUS - PASSOS;-20.710.774;-466.065.845;O04012 - INCENDIO EM LOTE VAGO (AREA URBANA) (C) (Prioridade: 2 - Média);1CIA IND/2CIA/1PEL(PASSOS);ABTS00495;Não;Não;Não;BOLETIM DE OCORRENCIA;Classificada;19/09/2024 08:14;Não
2024-35567489-3;;19/09/2024 05:09;RUA PARAGUAI, Nº 132 - CANJERANUS - PASSOS;-207.106.976;-466.065.865;W98011 - SOLICITACAO DE APOIO (C) (Prioridade: 1 - Alta);1CIA IND/2CIA/1PEL(PASSOS);;Não;Não;Não;DUPLICADA;Classificada;19/09/2024 06:14;Não
2024-35567808-0;(BM) 2024-042139096-001;19/09/2024 06:47;RUA GUANABARA, Nº 1197 - RECANTO DA HARMONIA - PASSOS;-207.049.779;-466.003.612;V01007 - VITIMA COM DISPNEIA (FALTA DE AR) (C) (Prioridade: 1 - Alta);1CIA IND/2CIA/1PEL(PASSOS);UR04360;Não;Não;Não;BOLETIM DE OCORRENCIA;Classificada;19/09/2024 08:14;Não
2024-35569019-0;(BM) 2024-042150096-001;19/09/2024 09:04;RUA DOUTOR CARVALHO, Nº 1455 - NOSSA SENHORA DAS GRAÇAS - PASSOS;-207.352.269;-466.037.303;Q03999 - OUTROS TIPOS DE TREINAMENTO (C) (Prioridade: 2 - Média);1CIA IND/2CIA/COMANDANTE(PASSOS);BM1235613;Não;Não;Não;BOLETIM DE OCORRENCIA;Classificada;20/09/2024 15:48;Não
2024-35569438-3;(BM) 2024-042155110-001;19/09/2024 09:43;AVENIDA ENGENHEIRO MANOEL BATISTA, Nº S/N - MARIA PARREIRA - ITAU DE MINAS;-207.414.385;-467.442.979;S06001 - SALVAMENTO DE ANIMAL EM RISCO / PERIGO (C) (Prioridade: 2 - Média);1CIA IND/2CIA/1PEL(PASSOS);ASL06087;Não;Não;Não;BOLETIM DE OCORRENCIA;Classificada;20/09/2024 15:48;Não
2024-35569950-1;(BM) 2024-042161083-001;19/09/2024 10:22;AVENIDA JUCA STOCKLER, Nº S/N - SAO JOAQUIM - PASSOS;-207.420.993;-46.600.964;O04013 - INCENDIO EM PASTO (C) (Prioridade: 2 - Média);1CIA IND/2CIA/1PEL(PASSOS);ABTS00495;Não;Não;Não;BOLETIM DE OCORRENCIA;Classificada;20/09/2024 15:48;Não
2024-35570092-8;;19/09/2024 10:37;RUA DUQUE CAXIAS, Nº 9 - CANDEIAS - PASSOS;-207.244.278;-466.141.921;S05308 - COLISAO ENTRE AUTOMOVEL X MOTOCICLETA (C) (Prioridade: 1 - Alta);1CIA IND/2CIA/1PEL(PASSOS);;Não;Não;Não;ATENDIDA PELO SAMU;Classificada;19/09/2024 10:45;Não
2024-35571323-4;(BM) 2024-042180051-001;19/09/2024 12:36;RUA JOSE PIMENTA DE MELO, Nº 151 - JARDIM FLORENCA - PASSOS;-206.897.808;-466.166.827;O04012 - INCENDIO EM LOTE VAGO (AREA URBANA) (C) (Prioridade: 2 - Média);1CIA IND/2CIA/1PEL(PASSOS);ABTS00495;Não;Não;Não;BOLETIM DE OCORRENCIA;Classificada;20/09/2024 15:48;Não
2024-35572063-0;(BM) 2024-042191092-001;19/09/2024 13:43;RUA OSVALDO BATISTA BONFIM, Nº 978 - SERRA VERDE - PASSOS;-207.448.531;-465.899.535;O04013 - INCENDIO EM PASTO (C) (Prioridade: 2 - Média);1CIA IND/2CIA/1PEL(PASSOS);ABTS00495;Não;Não;Não;BOLETIM DE OCORRENCIA;Classificada;20/09/2024 15:48;Não
2024-35575443-8;(BM) 2024-042226340-001;19/09/2024 16:48;AVENIDA ARLINDO FIGUEIREDO, Nº 850 - JARDIM PINHEIROS - PASSOS;-207.248.365;-466.210.844;X03000 - EMPENHO ADMINISTRATIVO (C) (Prioridade: 2 - Média);1CIA IND/2CIA/1PEL(PASSOS);ASL06087;Não;Não;Não;BOLETIM DE OCORRENCIA;Classificada;20/09/2024 15:48;Não
2024-35581077-6;(BM) 2024-042290824-001;19/09/2024 22:34;RUA CAETES, Nº 117 - SAO JOAQUIM - PASSOS;-207.424.183;-466.024.172;V03018 - VITIMA DE QUEDA DA PROPRIA ALTURA (C) (Prioridade: 1 - Alta);1CIA IND/2CIA/1PEL(PASSOS);UR04360;Não;Não;Não;BOLETIM DE OCORRENCIA;Classificada;20/09/2024 15:48;Não
2024-35584187-0;(BM) 2024-042311652-001;20/09/2024 06:43;AVENIDA PROJETADA, Nº 1240 - RESIDENCIAL PORTAL DAS PALMEIRAS - PASSOS;-20.698.296;-466.097.632;V02501 - VITIMA DE QUEDA (CICLISTA) (C) (Prioridade: 1 - Alta);1CIA IND/2CIA/1PEL(PASSOS);UR04360;Não;Não;Não;BOLETIM DE OCORRENCIA;Classificada;20/09/2024 15:49;Não
2024-35586049-8;;20/09/2024 09:59;RODOVIA MG 050, Km 255 - PASSOS;;;W98011 - SOLICITACAO DE APOIO (C) (Prioridade: 1 - Alta);1CIA IND/2CIA/1PEL(PASSOS);;Não;Não;Não;DISPENSADA PELO SOLICITANTE;Classificada;20/09/2024 11:17;Não
2024-35586806-1;(BM) 2024-042489337-001;20/09/2024 11:01;RODOVIA MG 050, Km 359, Nº S/N - PASSOS;;;Y40035 - APOIO DE SOLO EM OPERACOES AEREAS (C) (Prioridade: 2 - Média);1CIA IND/2CIA/1PEL(PASSOS);UR04360;Não;Não;Não;BOLETIM DE OCORRENCIA;Classificada;21/09/2024 08:03;Não
2024-35588074-6;(BM) 2024-042355847-001;20/09/2024 13:03;RUA GOIAS, Nº 22 - ALPINOPOLIS;-208.568.857;-463.826.895;P01002 - VISTORIA DE LIBERACAO / EMISSAO DE AVCB (C) (Prioridade: 2 - Média);1CIA IND/2CIA/1PEL(PASSOS);TPO00155;Não;Não;Não;BOLETIM DE OCORRENCIA;Classificada;21/09/2024 08:03;Não
2024-35588386-9;(BM) 2024-042419627-001;20/09/2024 13:27;RUA VENEZUELA, Nº 98 - PASSOS;-207.022.211;-466.028.496;S06003 - CAPTURA DE CAO PERIGOSO / AGRESSIVO (C) (Prioridade: 2 - Média);1CIA IND/2CIA/1PEL(PASSOS);ASL06087;Não;Não;Não;BOLETIM DE OCORRENCIA;Classificada;21/09/2024 08:03;Não
2024-35589283-1;(BM) 2024-042386772-001;20/09/2024 14:25;RUA ALAGOAS, Nº S/N - ALPINOPOLIS;-208.575.041;-463.859.816;P01003 - VISTORIA EM EVENTOS TEMPORARIOS (C) (Prioridade: 1 - Alta);1CIA IND/2CIA/1PEL(PASSOS);TPO00155;Não;Não;Não;BOLETIM DE OCORRENCIA;Classificada;21/09/2024 08:03;Não
2024-35589376-0;(BM) 2024-042374620-001;20/09/2024 14:32;RODOVIA MG 446, Km 16 - ALPINOPOLIS;-208.388.731;-463.654.106;O02027 - INCENDIO VEIC. AUTOMOTOR (EXCETO TANQUE/ONIBUS/MICRO-ONIBUS) (C) (Prioridade: 1 - Alta);1CIA IND/2CIA/1PEL(PASSOS);ABTS00495;Não;Não;Não;BOLETIM DE OCORRENCIA;Classificada;21/09/2024 08:03;Não
2024-35590710-8;(BM) 2024-042386666-001;20/09/2024 15:42;ACESSO RURAL PRATA, Nº S/N - ALPINOPOLIS;-208.168.343;-463.425.271;P01001 - VISTORIA DE FISCALIZACAO (C) (Prioridade: 2 - Média);1CIA IND/2CIA/1PEL(PASSOS);TPO00155;Não;Não;Não;BOLETIM DE OCORRENCIA;Classificada;21/09/2024 08:03;Não
2024-35591616-5;(BM) 2024-042400148-001;20/09/2024 16:33;AVENIDA JOSE CAETANO DE ANDRADE, Nº S/N - MUARAMA - PASSOS;-207.301.976;-466.154.665;P02001 - VISTORIA EM HIDRANTE (C) (Prioridade: 2 - Média);1CIA IND/2CIA/1PEL(PASSOS);ASL06087;Não;Não;Não;BOLETIM DE OCORRENCIA;Classificada;21/09/2024 08:03;Não
2024-35592604-1;(BM) 2024-042418319-001;20/09/2024 17:30;RUA PARDAL, Nº 151 - NOSSA SENHORA DAS GRAÇAS - PASSOS;-20.735.899;-466.043.311;V01007 - VITIMA COM DISPNEIA (FALTA DE AR) (C) (Prioridade: 1 - Alta);1CIA IND/2CIA/1PEL(PASSOS);UR04360;Não;Não;Não;BOLETIM DE OCORRENCIA;Classificada;21/09/2024 08:03;Não
2024-35593642-6;(BM) 2024-042419746-001;20/09/2024 18:34;RODOVIA MG 050, Km 351 - PASSOS;-20.734.536;-465.792.906;O04013 - INCENDIO EM PASTO (C) (Prioridade: 2 - Média);1CIA IND/2CIA/1PEL(PASSOS);ABTS00495;Não;Não;Não;BOLETIM DE OCORRENCIA;Classificada;21/09/2024 08:03;Não
2024-35595984-0;(BM) 2024-042491771-001;20/09/2024 20:57;AVENIDA PAULO ESPER PIMENTA, Nº S/N - PASSOS;-20.710.761;-466.137.776;V02502 - VITIMA DE QUEDA (MOTOCICLISTA) (C) (Prioridade: 1 - Alta);1CIA IND/2CIA/1PEL(PASSOS);UR04360;Não;Não;Não;BOLETIM DE OCORRENCIA;Classificada;21/09/2024 08:03;Não
2024-35598124-9;(BM) 2024-042493138-001;20/09/2024 22:57;AVENIDA POCOS DE CALDAS, Nº 423 - PASSOS;-207.111.304;-46.626.021;V03003 - VITIMA DE AGRESSAO FISICA COM ARMA BRANCA (C) (Prioridade: 1 - Alta);1CIA IND/2CIA/1PEL(PASSOS);UR04360;Não;Não;Não;BOLETIM DE OCORRENCIA;Classificada;21/09/2024 08:02;Não
2024-35600285-4;(BM) 2024-042478550-001;21/09/2024 01:19;RUA JOAO BATISTA PEREIRA, Nº S/N - FLAMBOYANT - PASSOS;;;O04013 - INCENDIO EM PASTO (C) (Prioridade: 2 - Média);1CIA IND/2CIA/1PEL(PASSOS);ABTS00495;Não;Não;Não;BOLETIM DE OCORRENCIA;Classificada;21/09/2024 08:03;Não
2024-35600375-5;;21/09/2024 01:21;RUA JOAO BATISTA PEREIRA, Nº S/N - JARDIM CANADA II - PASSOS;-20.755.809;-466.082.442;W98011 - SOLICITACAO DE APOIO (C) (Prioridade: 1 - Alta);1CIA IND/2CIA/1PEL(PASSOS);;Não;Não;Não;DUPLICADA;Classificada;21/09/2024 01:24;Não
2024-35602838-2;(BM) 2024-042496144-001;21/09/2024 08:17;RUA JOAO BATISTA PEREIRA, Nº S/N - JARDIM CANADA II - PASSOS;-20.755.809;-466.082.442;O04013 - INCENDIO EM PASTO (C) (Prioridade: 2 - Média);1CIA IND/2CIA/1PEL(PASSOS);ASL06087;Não;Não;Não;BOLETIM DE OCORRENCIA;Classificada;22/09/2024 08:06;Não
2024-35603107-2;(BM) 2024-042498011-001;21/09/2024 08:50;PRACA FRANCISCO SALLES, Nº S/N - BELO HORIZONTE - PASSOS;-207.264.675;-466.045.971;P03999 - OUTROS TIPOS DE PCI / PCA   (C) (Prioridade: 2 - Média);1CIA IND/2CIA/1PEL(PASSOS);UR04360;Não;Não;Não;BOLETIM DE OCORRENCIA;Classificada;22/09/2024 08:06;Não
2024-35604405-6;(BM) 2024-042528022-001;21/09/2024 11:14;RUA BELMIRA OSORIO LEMOS / RUA BARIRIS - JARDIM ITALIA - PASSOS;-207.452.376;-466.021.002;O04011 - INCENDIO EM AREA URBANA NAO PROTEGIDA (C) (Prioridade: 2 - Média);1CIA IND/2CIA/1PEL(PASSOS);ABTS00495;Não;Não;Não;BOLETIM DE OCORRENCIA;Classificada;22/09/2024 08:06;Não
2024-35604699-9;;21/09/2024 11:47;AVENIDA ANTONIO ADAO DA SILVA, Nº 111 - PENHA 2 - PASSOS;-207.189.598;-466.322.189;V02502 - VITIMA DE QUEDA (MOTOCICLISTA) (C) (Prioridade: 1 - Alta);1CIA IND/2CIA/1PEL(PASSOS);UR04360;Não;Não;Não;ATENDIDA PELO SAMU;Classificada;21/09/2024 13:56;Não
2024-35605689-0;(BM) 2024-042520474-001;21/09/2024 13:54;RUA BOCAINA, Nº 95 - VILA RICA - PASSOS;-207.269.659;-465.963.888;V01005 - VITIMA COM CRISE HIPERTENSIVA/HIPOTENSAO (C) (Prioridade: 1 - Alta);1CIA IND/2CIA/1PEL(PASSOS);UR04360;Não;Não;Não;BOLETIM DE OCORRENCIA;Classificada;22/09/2024 08:06;Não
2024-35608131-4;;21/09/2024 16:36;RUA MASSAUD ANTONIO MATTAR, Nº 450 - CENTRO - ITAU DE MINAS;-2.073.756;-467.544.505;O04013 - INCENDIO EM PASTO (C) (Prioridade: 2 - Média);1CIA IND/2CIA/1PEL(PASSOS);;Não;Não;Não;DISPENSADA PELO SOLICITANTE;Classificada;21/09/2024 16:42;Não
2024-35609528-3;(BM) 2024-042559324-001;21/09/2024 17:59;RODOVIA MG 050, Nº S/N - PASSOS;-207.372.242;-466.331.087;O04014 - INCENDIO AS MARGENS DE RODOVIA (C) (Prioridade: 2 - Média);1CIA IND/2CIA/1PEL(PASSOS);ABTS00495;Não;Não;Não;BOLETIM DE OCORRENCIA;Classificada;22/09/2024 08:06;Não
2024-35609643-1;(BM) 2024-042559246-001;21/09/2024 18:07;AVENIDA CHICO XAVIER, Nº S/N - JARDIM PLANALTO - PASSOS;-207.197.803;-466.285.997;S06002 - CAPTURA DE ANIMAL SILVESTRE PERIGOSO / AGRESSIVO (C) (Prioridade: 2 - Média);1CIA IND/2CIA/1PEL(PASSOS);ASL06087;Não;Não;Não;BOLETIM DE OCORRENCIA;Classificada;22/09/2024 08:06;Não
2024-35612146-5;(BM) 2024-042594496-001;21/09/2024 20:42;FAZENDA ARUEIRA - JOAO DOS REIS FONSECA, Nº S/N - PASSOS;-207.695.198;-466.052.422;O04008 - INCENDIO EM AREA RURAL NAO PROTEGIDA (C) (Prioridade: 2 - Média);1CIA IND/2CIA/1PEL(PASSOS);ASL06087;Não;Não;Não;BOLETIM DE OCORRENCIA;Classificada;22/09/2024 08:06;Não
2024-35613191-5;(BM) 2024-042594377-001;21/09/2024 21:46;RUA ALFA, Nº 497 - JARDIM SATELITE - PASSOS;-207.114.959;-46.619.092;S04009 - SALVAMENTO DE PESSOA PRESA EM IMOVEL (C) (Prioridade: 2 - Média);1CIA IND/2CIA/1PEL(PASSOS);ASL06087;Não;Não;Não;BOLETIM DE OCORRENCIA;Classificada;22/09/2024 08:06;Não
2024-35614511-0;;21/09/2024 22:51;RODOVIA MG 050, Nº S/N - PASSOS;-207.372.242;-466.331.087;V02502 - VITIMA DE QUEDA (MOTOCICLISTA) (C) (Prioridade: 1 - Alta);1CIA IND/2CIA/1PEL(PASSOS);UR04360;Não;Não;Não;ATENDIDA PELO SAMU;Classificada;21/09/2024 23:14;Não
2024-35615475-3;(BM) 2024-042601998-001;21/09/2024 23:38;AVENIDA SAO DOMINGOS, Nº 270 - JARDIM COLEGIO DE PASSOS - PASSOS;-207.173.268;-465.913.146;S05308 - COLISAO ENTRE AUTOMOVEL X MOTOCICLETA (C) (Prioridade: 1 - Alta);1CIA IND/2CIA/1PEL(PASSOS);UR04360;Não;Não;Não;BOLETIM DE OCORRENCIA;Classificada;22/09/2024 08:06;Não
2024-35619100-2;;22/09/2024 05:53;RUA TRES CORACOES, Nº 1032 - EXPOSICAO - PASSOS;-207.317.582;-466.079.463;W98011 - SOLICITACAO DE APOIO (C) (Prioridade: 1 - Alta);1CIA IND/2CIA/1PEL(PASSOS);;Não;Não;Não;DISPENSADA PELO SOLICITANTE;Classificada;22/09/2024 06:16;Não
2024-35619907-8;(BM) 2024-042631890-001;22/09/2024 08:33;AVENIDA JK, Nº S/N - MONSENHOR MESSIAS - PASSOS;-207.342.178;-465.979.772;P03999 - OUTROS TIPOS DE PCI / PCA   (C) (Prioridade: 2 - Média);1CIA IND/2CIA/1PEL(PASSOS);ASL06087;Não;Não;Não;BOLETIM DE OCORRENCIA;Classificada;23/09/2024 07:39;Não
2024-35620270-0;(BM) 2024-042639189-001;22/09/2024 09:26;RUA JOAO BORGES DE FIGUEIREDO, Nº 313 - NOSSA SENHORA DE LOURDES - PASSOS;-206.985.129;-466.195.143;S06002 - CAPTURA DE ANIMAL SILVESTRE PERIGOSO / AGRESSIVO (C) (Prioridade: 2 - Média);1CIA IND/2CIA/1PEL(PASSOS);ASL06087;Não;Não;Não;BOLETIM DE OCORRENCIA;Classificada;23/09/2024 07:40;Não
2024-35620639-8;(BM) 2024-042638641-001;22/09/2024 10:19;AVENIDA EXPEDICIONARIOS, Nº 235 - CENTRO - PASSOS;-207.216.278;-466.057.414;V01023 - VITIMA DE SINCOPE (DESMAIO)/VERTIGEM (C) (Prioridade: 1 - Alta);1CIA IND/2CIA/1PEL(PASSOS);UR04360;Não;Não;Não;BOLETIM DE OCORRENCIA;Classificada;23/09/2024 07:41;Não
2024-35620764-0;(BM) 2024-042639317-001;22/09/2024 10:32;AVENIDA ANTONIO DIAS MACHADO, Nº 705 - DISTRITO INDUSTRIAL 2 - PASSOS;-207.318.607;-466.468.863;S06001 - SALVAMENTO DE ANIMAL EM RISCO / PERIGO (C) (Prioridade: 2 - Média);1CIA IND/2CIA/1PEL(PASSOS);ASL06087;Não;Não;Não;BOLETIM DE OCORRENCIA;Classificada;23/09/2024 07:40;Não
2024-35621100-5;(BM) 2024-042648991-001;22/09/2024 11:11;AVENIDA COMENDADOR FRANCISCO A MAIA, Nº 1870 - SANTA CASA - PASSOS;-207.150.494;-466.128.561;S06001 - SALVAMENTO DE ANIMAL EM RISCO / PERIGO (C) (Prioridade: 2 - Média);1CIA IND/2CIA/1PEL(PASSOS);UR04360;Não;Não;Não;BOLETIM DE OCORRENCIA;Classificada;23/09/2024 07:40;Não
2024-35626204-8;(BM) 2024-042698421-001;22/09/2024 18:11;AVENIDA ELDORADO, Nº 680 - RESIDENCIAL ELDORADO - PASSOS;-207.298.122;-466.224.241;O04012 - INCENDIO EM LOTE VAGO (AREA URBANA) (C) (Prioridade: 2 - Média);1CIA IND/2CIA/1PEL(PASSOS);ABTS00495;Não;Não;Não;BOLETIM DE OCORRENCIA;Classificada;23/09/2024 07:41;Não
2024-35626768-3;;22/09/2024 18:43;RODOVIA MG 050, Nº S/N - PASSOS;-207.372.242;-466.331.087;S06008 - CORTE DE ARVORE CAIDA EM VIA PUBLICA (C) (Prioridade: 2 - Média);1CIA IND/2CIA/1PEL(PASSOS);;Não;Não;Não;NADA CONSTATADO;Classificada;22/09/2024 19:05;Não
2024-35628245-6;(BM) 2024-042743155-001;22/09/2024 20:06;RUA CAMPO FLORIDO, Nº 1216 - JARDIM ELAINE - PASSOS;-206.959.972;-466.114.166;V01008 - VITIMA COM DOR ABDOMINAL (ABDOME AGUDO) (C) (Prioridade: 1 - Alta);1CIA IND/2CIA/1PEL(PASSOS);UR04360;Não;Não;Não;BOLETIM DE OCORRENCIA;Classificada;23/09/2024 07:41;Não
2024-35634341-4;(BM) 2024-042754287-001;23/09/2024 07:55;RUA MONSENHOR MESSIAS BRAGANCA, Nº S/N - JARDIM PINHEIROS 2 - PASSOS;-207.270.173;-466.242.692;V02408 - VITIMA DE COLISAO ENTRE AUTOMOVEL X MOTOCICLETA (C) (Prioridade: 1 - Alta);1CIA IND/2CIA/1PEL(PASSOS);UR04360;Não;Não;Não;BOLETIM DE OCORRENCIA;Classificada;24/09/2024 07:54;Não
2024-35635530-2;(BM) 2024-042767170-001;23/09/2024 09:30;RUA JOAQUIM LEMOS MAIA, Nº S/N - NOVA PASSOS - PASSOS;-207.049.601;-466.378.431;S06002 - CAPTURA DE ANIMAL SILVESTRE PERIGOSO / AGRESSIVO (C) (Prioridade: 2 - Média);1CIA IND/2CIA/1PEL(PASSOS);ASL06087;Não;Não;Não;BOLETIM DE OCORRENCIA;Classificada;24/09/2024 07:54;Não
2024-35635766-9;(BM) 2024-042771516-001;23/09/2024 09:49;RUA SAO GABRIEL, Nº 105 - RECANTO DEL REI - PASSOS;-207.300.936;-465.987.203;V01018 - VITIMA DE MAL NAO DEFINIDO (DISTURBIO) (C) (Prioridade: 1 - Alta);1CIA IND/2CIA/1PEL(PASSOS);UR04360;Não;Não;Não;BOLETIM DE OCORRENCIA;Classificada;24/09/2024 07:54;Não
2024-35636285-6;(BM) 2024-042777331-001;23/09/2024 10:26;ESTRADA AREIAS, Nº S/N - PASSOS;-207.381.807;-46.581.987;P01002 - VISTORIA DE LIBERACAO / EMISSAO DE AVCB (C) (Prioridade: 2 - Média);1CIA IND/2CIA/1PEL(PASSOS);TPO00155;Não;Não;Não;BOLETIM DE OCORRENCIA;Classificada;24/09/2024 07:54;Não
2024-35637285-1;(BM) 2024-042828846-001;23/09/2024 11:51;RUA CAETES, Nº 491 - NOSSA SENHORA APARECIDA - PASSOS;-207.433.135;-466.054.818;V01024 - VITIMA DE SUICIDIO (TENTATIVA) - APH CLINICO (C) (Prioridade: 1 - Alta);1CIA IND/2CIA/1PEL(PASSOS);UR04360;Não;Não;Não;BOLETIM DE OCORRENCIA;Classificada;24/09/2024 07:54;Não
2024-35637946-1;(BM) 2024-042797618-001;23/09/2024 12:57;AVENIDA JUCA STOCKLER, Nº S/N - NOSSA SENHORA DAS GRAÇAS - PASSOS;-207.245.378;-465.934.794;V02408 - VITIMA DE COLISAO ENTRE AUTOMOVEL X MOTOCICLETA (C) (Prioridade: 1 - Alta);1CIA IND/2CIA/1PEL(PASSOS);UR04360;Não;Não;Não;BOLETIM DE OCORRENCIA;Classificada;24/09/2024 07:54;Não
2024-35638218-0;(BM) 2024-042800024-001;23/09/2024 13:19;RUA JOAO DAHER, Nº 37 - PASSOS;-207.023;-466.104.955;P01002 - VISTORIA DE LIBERACAO / EMISSAO DE AVCB (C) (Prioridade: 2 - Média);1CIA IND/2CIA/1PEL(PASSOS);TPO00155;Não;Não;Não;BOLETIM DE OCORRENCIA;Classificada;24/09/2024 07:54;Não
2024-35638378-6;(BM) 2024-042817517-001;23/09/2024 13:30;RODOVIA MG 050, Nº S/N - DISTRITO INDUSTRIAL 2 - PASSOS;-207.386.288;-465.979.551;X03000 - EMPENHO ADMINISTRATIVO (C) (Prioridade: 2 - Média);1CIA IND/2CIA/1PEL(PASSOS);ASL06087 / UR04360;Não;Não;Não;BOLETIM DE OCORRENCIA;Classificada;24/09/2024 07:54;Não
2024-35639370-0;(BM) 2024-042934683-001;23/09/2024 14:28;FAZENDA HARAS SANTANA / CAMPOLINA - ESTRADA DOS CAMPOS, Nº S/N - PASSOS;-207.625.539;-465.816.433;O04013 - INCENDIO EM PASTO (C) (Prioridade: 2 - Média);1CIA IND/2CIA/1PEL(PASSOS);ASL06087;Não;Não;Não;BOLETIM DE OCORRENCIA;Classificada;24/09/2024 07:54;Não
2024-35642293-9;(BM) 2024-042850714-001;23/09/2024 16:56;PRACA DOUTOR JOSE DE CARVALHO FARIA, Nº S/N - CENTRO - ALPINOPOLIS;-208.656.124;-463.854.919;X03000 - EMPENHO ADMINISTRATIVO (C) (Prioridade: 2 - Média);1CIA IND/2CIA/1PEL(PASSOS);ASL06087;Não;Não;Não;BOLETIM DE OCORRENCIA;Classificada;24/09/2024 07:54;Não
2024-35642873-9;(BM) 2024-042857246-001;23/09/2024 17:31;RUA CAMPO FLORIDO, Nº 171 - JARDIM ELAINE - PASSOS;-206.965.284;-466.153.294;V01017 - VITIMA DE INTOXICACAO / ENVENENAMENTO (C) (Prioridade: 1 - Alta);1CIA IND/2CIA/1PEL(PASSOS);UR04360;Não;Não;Não;BOLETIM DE OCORRENCIA;Classificada;24/09/2024 07:53;Não
2024-35643844-6;(BM) 2024-042881520-001;23/09/2024 18:29;AVENIDA DONA LIQUINHA SILVEIRA, Nº 1920 - CALIFORNIA - PASSOS;-207.004.397;-466.176.073;P03001 - PERIGO DE DERRAPAGEM (C) (Prioridade: 2 - Média);1CIA IND/2CIA/1PEL(PASSOS);ASL06087;Não;Não;Não;BOLETIM DE OCORRENCIA;Classificada;24/09/2024 07:54;Não
2024-35644015-7;(BM) 2024-042881455-001;23/09/2024 18:40;RUA LAGOA AZUL, Nº S/N - SAO JOSE DA BARRA;-206.921.068;-463.387.453;S06001 - SALVAMENTO DE ANIMAL EM RISCO / PERIGO (C) (Prioridade: 2 - Média);1CIA IND/2CIA/1PEL(PASSOS);ASL06087;Não;Não;Não;BOLETIM DE OCORRENCIA;Classificada;24/09/2024 07:54;Não
2024-35644162-1;;23/09/2024 18:51;RODOVIA 050, Nº S/N - SAO JOSE DA BARRA;;;S06001 - SALVAMENTO DE ANIMAL EM RISCO / PERIGO (C) (Prioridade: 2 - Média);1CIA IND/2CIA/1PEL(PASSOS);;Não;Não;Não;DUPLICADA;Classificada;23/09/2024 22:13;Não
2024-35644639-2;(BM) 2024-042874269-001;23/09/2024 19:19;AVENIDA NACOES, Nº S/N - VILA RICA - PASSOS;-207.276.808;-46.600.861;P02011 - VISTORIA EM ENXAME DE INSETOS (C) (Prioridade: 2 - Média);1CIA IND/2CIA/1PEL(PASSOS);ABTS00495;Não;Não;Não;BOLETIM DE OCORRENCIA;Classificada;24/09/2024 07:54;Não
2024-35646410-2;(BM) 2024-042892875-001;23/09/2024 21:08;AVENIDA COMENDADOR FRANCISCO A MAIA, Nº 4085 - BELO HORIZONTE - PASSOS;-207.333.446;-466.055.497;V01006 - VITIMA COM DIFICULDADE DE LOCOMOCAO (C) (Prioridade: 1 - Alta);1CIA IND/2CIA/1PEL(PASSOS);UR04360;Não;Não;Não;BOLETIM DE OCORRENCIA;Classificada;24/09/2024 07:53;Não
2024-35647346-0;(BM) 2024-042934733-001;23/09/2024 22:05;SITIO SANTA LINA NO. S/N - SITIO, BAIRRO RURAL CORREGO DO OURO, Nº S/N - BOM JESUS DA PENHA;-210.114.522;-464.813.481;W03000 - SOLICITANTE ENCONTRADO - PROVIDENCIA DISPENSADA (C) (Prioridade: 3 - Baixa);1CIA IND/2CIA/1PEL(PASSOS);ABTS00495;Não;Não;Não;BOLETIM DE OCORRENCIA;Classificada;24/09/2024 07:55;Não
2024-35647734-0;(BM) 2024-042913543-001;23/09/2024 22:29;RUA JOSE MARIA ALVES DE JESUS, Nº 101 - MIRANTE DO VALE - PASSOS;;;S06002 - CAPTURA DE ANIMAL SILVESTRE PERIGOSO / AGRESSIVO (C) (Prioridade: 2 - Média);1CIA IND/2CIA/1PEL(PASSOS);ASL06087;Não;Não;Não;BOLETIM DE OCORRENCIA;Classificada;24/09/2024 07:54;Não
2024-35647774-4;;23/09/2024 22:31;RUA JOSE MARIA ALVES DE JESUS, Nº 101 - MIRANTE DO VALE - PASSOS;;;S06002 - CAPTURA DE ANIMAL SILVESTRE PERIGOSO / AGRESSIVO (C) (Prioridade: 2 - Média);1CIA IND/2CIA/1PEL(PASSOS);;Não;Não;Não;DUPLICADA;Classificada;23/09/2024 22:48;Não
2024-35648333-4;(BM) 2024-042914901-001;23/09/2024 23:08;AVENIDA COMENDADOR FRANCISCO A MAIA, Nº 3335 - BELO HORIZONTE - PASSOS;-207.278.399;-466.103.149;W01000 - SOLICITANTE NAO ENCONTRADO (C) (Prioridade: 3 - Baixa);1CIA IND/2CIA/1PEL(PASSOS);UR04360;Não;Não;Não;BOLETIM DE OCORRENCIA;Classificada;24/09/2024 07:54;Não
2024-35652098-0;(BM) 2024-042952120-001;24/09/2024 09:34;RUA DIAMANTINA, Nº 209 - CANDEIAS - PASSOS;-207.219.915;-466.176.354;S06002 - CAPTURA DE ANIMAL SILVESTRE PERIGOSO / AGRESSIVO (C) (Prioridade: 2 - Média);1CIA IND/2CIA/1PEL(PASSOS);ASL06087;Não;Não;Não;BOLETIM DE OCORRENCIA;Classificada;25/09/2024 07:45;Não
2024-35652303-7;(BM) 2024-042958823-001;24/09/2024 09:50;RUA OLEGARIO MACIEL, Nº 416 - CENTRO - PASSOS;-207.175.199;-466.110.094;V01009 - VITIMA COM DOR NA COLUNA VERTEBRAL (COSTAS) (C) (Prioridade: 1 - Alta);1CIA IND/2CIA/1PEL(PASSOS);UR04360;Não;Não;Não;BOLETIM DE OCORRENCIA;Classificada;25/09/2024 07:44;Não
2024-35653846-8;(BM) 2024-042978094-001;24/09/2024 11:59;RODOVIA MG 050, Km 364, Nº S/N - PASSOS;;;W04000 - NADA CONSTATADO (C) (Prioridade: 3 - Baixa);1CIA IND/2CIA/1PEL(PASSOS);ASL06087;Não;Não;Não;BOLETIM DE OCORRENCIA;Classificada;25/09/2024 07:45;Não
2024-35655040-6;(BM) 2024-043066269-001;24/09/2024 13:48;RODOVIA MG 444, Km 13 - CAPETINGA;-20.598.308;-470.226.654;O04007 - INCENDIO EM PROPRIEDADE RURAL PARTICULAR (C) (Prioridade: 2 - Média);1CIA IND/2CIA/1PEL(PASSOS);ASL06087;Não;Não;Não;BOLETIM DE OCORRENCIA;Classificada;25/09/2024 07:45;Não
2024-35656844-9;(BM) 2024-043019265-001;24/09/2024 15:23;RUA DOUTOR CARVALHO, Nº 223 - CENTRO - PASSOS;-207.236.486;-466.077.814;O02038 - INCENDIO EM REDE ELETRICA / POSTE / CURTO-CIRCUITO (C) (Prioridade: 2 - Média);1CIA IND/2CIA/1PEL(PASSOS);ABTS00495;Não;Não;Não;BOLETIM DE OCORRENCIA;Classificada;25/09/2024 07:45;Não
2024-35657674-6;;24/09/2024 16:08;RUA CARAMBOLA, Nº 263 - NOSSA SENHORA DE LOURDES - PASSOS;-206.989.544;-466.199.861;V01003 - VITIMA COM CRISE CONVULSIVA (C) (Prioridade: 1 - Alta);1CIA IND/2CIA/1PEL(PASSOS);;Não;Não;Não;DISPENSADA PELO SOLICITANTE;Classificada;24/09/2024 16:18;Não
2024-35658099-5;(BM) 2024-043035530-001;24/09/2024 16:32;RUA PITANGAS, Nº 267 - NOVA CALIFORNIA - PASSOS;-207.010.252;-46.618.786;V01001 - VITIMA DE ACIDENTE VASCULAR CEREBRAL (AVC) (C) (Prioridade: 1 - Alta);1CIA IND/2CIA/1PEL(PASSOS);UR04360;Não;Não;Não;BOLETIM DE OCORRENCIA;Classificada;25/09/2024 07:44;Não
2024-35659081-5;(BM) 2024-043054578-001;24/09/2024 17:25;RUA OURO FINO, Nº 140 - NOSSA SENHORA DE FATIMA - PASSOS;-206.984.858;-466.149.981;V01999 - OUTROS TIPOS DE APH CLINICO (C) (Prioridade: 1 - Alta);1CIA IND/2CIA/1PEL(PASSOS);UR04360;Não;Não;Não;BOLETIM DE OCORRENCIA;Classificada;25/09/2024 07:44;Não
2024-35661236-2;(BM) 2024-043060393-001;24/09/2024 19:36;RUA PITANGAS, Nº 495 - NOVA CALIFORNIA - PASSOS;-207.029.651;-466.201.103;V02103 - VITIMA DE ATROPELAMENTO POR AUTOMOVEL (CARRO / CAMINHONETE) (C) (Prioridade: 1 - Alta);1CIA IND/2CIA/1PEL(PASSOS);UR04360;Não;Não;Não;BOLETIM DE OCORRENCIA;Classificada;25/09/2024 07:44;Não
2024-35663250-4;(BM) 2024-043076251-001;24/09/2024 21:49;RUA CARIJOS, Nº 439 - JARDIM EMBRATEL - PASSOS;-207.419.549;-466.022.855;S06002 - CAPTURA DE ANIMAL SILVESTRE PERIGOSO / AGRESSIVO (C) (Prioridade: 2 - Média);1CIA IND/2CIA/1PEL(PASSOS);ASL06087;Não;Não;Não;BOLETIM DE OCORRENCIA;Classificada;25/09/2024 07:44;Não
2024-35666608-2;;25/09/2024 05:23;RUA AMBROSIA DAS GRACAS CUNHA, Nº 380 - PENHA 2 - PASSOS;-207.178.794;-466.334.555;W98011 - SOLICITACAO DE APOIO (C) (Prioridade: 1 - Alta);1CIA IND/2CIA/1PEL(PASSOS);;Não;Não;Não;DUPLICADA;Classificada;25/09/2024 05:37;Não
2024-35666595-2;(BM) 2024-043109660-001;25/09/2024 05:25;RUA AMBROSIA DAS GRACAS CUNHA, Nº 380 - PENHA 2 - PASSOS;-207.178.794;-466.334.555;W03000 - SOLICITANTE ENCONTRADO - PROVIDENCIA DISPENSADA (C) (Prioridade: 3 - Baixa);1CIA IND/2CIA/1PEL(PASSOS);UR04360;Não;Não;Não;BOLETIM DE OCORRENCIA;Classificada;25/09/2024 07:45;Não
2024-35667627-2;(BM) 2024-043641066-001;25/09/2024 08:14;RUA PIAUI, Nº 1815 - SAVASSI - BELO HORIZONTE;-199.374.747;-439.280.871;X03000 - EMPENHO ADMINISTRATIVO (C) (Prioridade: 2 - Média);1CIA IND/2CIA/1PEL(PASSOS);APF01363;Não;Não;Não;BOLETIM DE OCORRENCIA;Classificada;29/09/2024 07:19;Não
2024-35667609-0;(BM) 2024-043131097-001;25/09/2024 08:14;RUA CATAGUASES, Nº 10 - PENHA - PASSOS;-207.177.059;-466.198.585;V01003 - VITIMA COM CRISE CONVULSIVA (C) (Prioridade: 1 - Alta);1CIA IND/2CIA/1PEL(PASSOS);UR04360;Não;Não;Não;BOLETIM DE OCORRENCIA;Classificada;26/09/2024 07:59;Não
2024-35668637-1;(BM) 2024-043142500-001;25/09/2024 09:39;RUA DOUTOR CARVALHO, Nº 1455 - NOSSA SENHORA DAS GRAÇAS - PASSOS;-207.352.269;-466.037.303;X03000 - EMPENHO ADMINISTRATIVO (C) (Prioridade: 2 - Média);1CIA IND/2CIA/1PEL(PASSOS);ASL06087;Não;Não;Não;BOLETIM DE OCORRENCIA;Classificada;26/09/2024 07:59;Não
2024-35669691-2;(BM) 2024-043152941-001;25/09/2024 10:58;RUA NEBRASKA, Nº 92 - RESIDENCIAL ELDORADO - PASSOS;-207.323.831;-466.206.592;S06002 - CAPTURA DE ANIMAL SILVESTRE PERIGOSO / AGRESSIVO (C) (Prioridade: 2 - Média);1CIA IND/2CIA/1PEL(PASSOS);ASL06087;Não;Não;Não;BOLETIM DE OCORRENCIA;Classificada;26/09/2024 07:59;Não
2024-35670870-9;(BM) 2024-043156203-001;25/09/2024 12:39;RUA AMBROSIA DAS GRACAS CUNHA, Nº 21 - PENHA 2 - PASSOS;-207.195.308;-46.630.768;S05103 - CHOQUE DE AUTOMOVEL (CARRO, CAMIONETA, CAMINHONETE) (C) (Prioridade: 1 - Alta);1CIA IND/2CIA/1PEL(PASSOS);UR04360;Não;Não;Não;BOLETIM DE OCORRENCIA;Classificada;26/09/2024 07:59;Não
2024-35673726-9;(BM) 2024-043236265-001;25/09/2024 15:44;RUA PARA, Nº S/N - POLIVALENTE - PASSOS;-207.065.593;-466.081.424;V01020 - VITIMA COM PARADA CARDIORRESPIRATORIA (C) (Prioridade: 1 - Alta);1CIA IND/2CIA/1PEL(PASSOS);UR04360;Não;Não;Não;BOLETIM DE OCORRENCIA;Classificada;26/09/2024 07:59;Não
2024-35677624-0;(BM) 2024-043236161-001;25/09/2024 19:33;RUA SANTOS DUMONT, Nº 121 - BELO HORIZONTE - PASSOS;-207.274.658;-466.061.348;S06002 - CAPTURA DE ANIMAL SILVESTRE PERIGOSO / AGRESSIVO (C) (Prioridade: 2 - Média);1CIA IND/2CIA/1PEL(PASSOS);ASL06087;Não;Não;Não;BOLETIM DE OCORRENCIA;Classificada;26/09/2024 07:59;Não
2024-35678288-0;(BM) 2024-043271602-001;25/09/2024 20:17;RUA PITANGAS, Nº 585 - NOVA CALIFORNIA - PASSOS;-207.035.267;-466.205.028;V01001 - VITIMA DE ACIDENTE VASCULAR CEREBRAL (AVC) (C) (Prioridade: 1 - Alta);1CIA IND/2CIA/1PEL(PASSOS);UR04360;Não;Não;Não;BOLETIM DE OCORRENCIA;Classificada;26/09/2024 08:00;Não
2024-35680063-3;(BM) 2024-043286338-001;25/09/2024 22:08;RUA BARBACENA, Nº 626 - PASSOS;-2.073.177;-466.249.983;S07001 - VAZAMENTO DE GLP/GAS NATURAL (COZINHA) (C) (Prioridade: 1 - Alta);1CIA IND/2CIA/1PEL(PASSOS);ABTS00495;Não;Não;Não;BOLETIM DE OCORRENCIA;Classificada;26/09/2024 08:00;Não
2024-35685054-0;(BM) 2024-043314547-001;26/09/2024 09:26;RUA VEREADOR ANTONIO M SILVEIRA, Nº 240 - COHAB 5 - PASSOS;-207.190.295;-466.362.395;S06002 - CAPTURA DE ANIMAL SILVESTRE PERIGOSO / AGRESSIVO (C) (Prioridade: 2 - Média);1CIA IND/2CIA/1PEL(PASSOS);ASL06087;Não;Não;Não;BOLETIM DE OCORRENCIA;Classificada;27/09/2024 07:55;Não
2024-35685821-7;(BM) 2024-043412193-001;26/09/2024 10:30;RUA JOSE NOGUEIRA SOUZA, Nº 25 - PASSOS;-20.751.929;-466.083.224;V01023 - VITIMA DE SINCOPE (DESMAIO)/VERTIGEM (C) (Prioridade: 1 - Alta);1CIA IND/2CIA/1PEL(PASSOS);UR04360;Não;Não;Não;BOLETIM DE OCORRENCIA;Classificada;27/09/2024 07:54;Não
2024-35685852-0;(BM) 2024-043312024-001;26/09/2024 10:32;RUA SAFIRA, Nº 402 - ACLIMACAO - PASSOS;-20.751.212;-465.966.991;P01001 - VISTORIA DE FISCALIZACAO (C) (Prioridade: 2 - Média);1CIA IND/2CIA/1PEL(PASSOS);TPO00155;Não;Não;Não;BOLETIM DE OCORRENCIA;Classificada;27/09/2024 07:55;Não
2024-35686588-0;(BM) 2024-043321592-001;26/09/2024 11:32;RUA TREZE DE MAIO, Nº 155 - PENHA - PASSOS;-207.170.083;-466.162.571;P01001 - VISTORIA DE FISCALIZACAO (C) (Prioridade: 2 - Média);1CIA IND/2CIA/1PEL(PASSOS);TPO00155;Não;Não;Não;BOLETIM DE OCORRENCIA;Classificada;27/09/2024 07:55;Não
2024-35687513-6;(BM) 2024-043330866-001;26/09/2024 13:00;RODOVIA MG 050, Nº S/N - PASSOS;-207.372.242;-466.331.087;O04013 - INCENDIO EM PASTO (C) (Prioridade: 2 - Média);1CIA IND/2CIA/1PEL(PASSOS);ABTS00495;Não;Não;Não;BOLETIM DE OCORRENCIA;Classificada;27/09/2024 07:55;Não
2024-35687589-8;;26/09/2024 13:08;RODOVIA MG 050, Nº S/N - PASSOS;-207.372.242;-466.331.087;W98011 - SOLICITACAO DE APOIO (C) (Prioridade: 1 - Alta);1CIA IND/2CIA/1PEL(PASSOS);;Não;Não;Não;DUPLICADA;Classificada;26/09/2024 13:26;Não
2024-35688352-4;(BM) 2024-043339419-001;26/09/2024 14:01;PRACA NOSSA SENHORA ROSARIO, Nº S/N - CENTRO - FORTALEZA DE MINAS;-208.498.712;-467.121.234;P02011 - VISTORIA EM ENXAME DE INSETOS (C) (Prioridade: 2 - Média);1CIA IND/2CIA/1PEL(PASSOS);ASL06087;Não;Não;Não;BOLETIM DE OCORRENCIA;Classificada;27/09/2024 07:55;Não
2024-35689250-0;(BM) 2024-043350330-001;26/09/2024 14:49;RUA PARANA, Nº 145 - SAO BENEDITO - PASSOS;-207.182.402;-466.031.657;P01001 - VISTORIA DE FISCALIZACAO (C) (Prioridade: 2 - Média);1CIA IND/2CIA/1PEL(PASSOS);TPO00155;Não;Não;Não;BOLETIM DE OCORRENCIA;Classificada;27/09/2024 07:55;Não
2024-35691937-6;(BM) 2024-043389325-001;26/09/2024 17:13;RUA IMPRENSA, Nº 316 - NOVO HORIZONTE - PASSOS;-207.308.488;-46.601.453;V03018 - VITIMA DE QUEDA DA PROPRIA ALTURA (C) (Prioridade: 1 - Alta);1CIA IND/2CIA/1PEL(PASSOS);UR04360;Não;Não;Não;BOLETIM DE OCORRENCIA;Classificada;27/09/2024 07:54;Não
2024-35693019-4;(BM) 2024-043439290-001;26/09/2024 18:17;RUA SAO JORGE, Nº 31 - CANJERANUS - PASSOS;-207.126.472;-466.050.835;S06005 - CAPTURA DE INSETOS (C) (Prioridade: 2 - Média);1CIA IND/2CIA/1PEL(PASSOS);ASL06087;Não;Não;Não;BOLETIM DE OCORRENCIA;Classificada;27/09/2024 07:55;Não
2024-35693818-8;(BM) 2024-043402577-001;26/09/2024 19:02;RUA ANDORINHA, Nº 88 - NOSSA SENHORA DAS GRAÇAS - PASSOS;-207.392.652;-466.042.613;V01018 - VITIMA DE MAL NAO DEFINIDO (DISTURBIO) (C) (Prioridade: 1 - Alta);1CIA IND/2CIA/1PEL(PASSOS);UR04360;Não;Não;Não;BOLETIM DE OCORRENCIA;Classificada;27/09/2024 07:54;Não
2024-35694740-8;(BM) 2024-043408624-001;26/09/2024 20:00;PRACA GERALDO DA SILVA MAIA, Nº S/N - CENTRO - PASSOS;-207.208.941;-46.609.005;P03999 - OUTROS TIPOS DE PCI / PCA   (C) (Prioridade: 2 - Média);1CIA IND/2CIA/1PEL(PASSOS);UR04360;Não;Não;Não;BOLETIM DE OCORRENCIA;Classificada;27/09/2024 07:55;Não
2024-35695393-1;(BM) 2024-043424235-001;26/09/2024 20:42;RODOVIA rodovia de acesso a furnas - SAO JOSE DA BARRA;;;S06008 - CORTE DE ARVORE CAIDA EM VIA PUBLICA (C) (Prioridade: 2 - Média);1CIA IND/2CIA/1PEL(PASSOS);ASL06087 / 01192;Não;Não;Não;BOLETIM DE OCORRENCIA;Classificada;27/09/2024 07:54;Não
2024-35695683-1;;26/09/2024 21:05;RODOVIA AMG 1530, Nº S/N - GUAXUPE;-213.011.972;-466.236.351;W08000 - CANCELADA POR INDISPONIBILIDADE DE VIATURA (C) (Prioridade: 3 - Baixa);1CIA IND (POCOS DE CALDAS);;Não;Não;Não;NÃO ATENDIDA: FALTA DE EFETIVO;Classificada;26/09/2024 21:09;Não
2024-35697806-0;(BM) 2024-043444916-001 / (PM) 2024-043444916-002;26/09/2024 23:22;RUA SAO JOAO DEL REI, Nº 51 - CALIFORNIA - PASSOS;-207.045.837;-466.190.213;V03999 - OUTROS TIPOS DE APH DE TRAUMAS DIVERSOS   (C) (Prioridade: 1 - Alta);1CIA IND/2CIA/1PEL(PASSOS);UR04360;Não;Não;Não;BOLETIM DE OCORRENCIA;Classificada;27/09/2024 07:54;Não
2024-35700001-2;(BM) 2024-043459197-001;27/09/2024 05:44;RUA CARAJAS, Nº 1048 - VILA ROMANA - PASSOS;;;V01025 - VITIMA DE USO / ABUSO / DEPENDENCIA DE DROGAS / ALCOOL (C) (Prioridade: 1 - Alta);1CIA IND/2CIA/1PEL(PASSOS);UR04360;Não;Não;Não;BOLETIM DE OCORRENCIA;Classificada;27/09/2024 07:54;Não
2024-35701473-7;(BM) 2024-043500468-001;27/09/2024 09:00;RODOVIA MGC 146, Km 351 - PASSOS;-206.607.622;-465.393.082;P02011 - VISTORIA EM ENXAME DE INSETOS (C) (Prioridade: 2 - Média);1CIA IND/2CIA/1PEL(PASSOS);ASL06087;Não;Não;Não;BOLETIM DE OCORRENCIA;Classificada;28/09/2024 07:22;Não
2024-35701613-4;(BM) 2024-043473056-001;27/09/2024 09:12;RUA IRLANDA, Nº 132 - PASSOS;-207.295.162;-465.885.191;P01001 - VISTORIA DE FISCALIZACAO (C) (Prioridade: 2 - Média);1CIA IND/2CIA/1PEL(PASSOS);TPO00155;Não;Não;Não;BOLETIM DE OCORRENCIA;Classificada;28/09/2024 07:22;Não
2024-35704400-0;(BM) 2024-043506872-001;27/09/2024 13:13;RUA DIVINOPOLIS, Nº 489 - COHAB 3 - PASSOS;-207.074.516;-466.282.967;V03018 - VITIMA DE QUEDA DA PROPRIA ALTURA (C) (Prioridade: 1 - Alta);1CIA IND/2CIA/1PEL(PASSOS);UR04360;Não;Não;Não;BOLETIM DE OCORRENCIA;Classificada;28/09/2024 07:23;Não
2024-35707584-0;(BM) 2024-043552659-001;27/09/2024 16:20;RUA SAO JOAO DEL REI, Nº 274 - CALIFORNIA - PASSOS;-207.047.023;-466.190.564;V01018 - VITIMA DE MAL NAO DEFINIDO (DISTURBIO) (C) (Prioridade: 1 - Alta);1CIA IND/2CIA/1PEL(PASSOS);UR04360;Não;Não;Não;BOLETIM DE OCORRENCIA;Classificada;28/09/2024 07:23;Não
2024-35707888-5;(BM) 2024-043552633-001;27/09/2024 16:38;RUA CARLOS SUHADOLNIK, Nº 140 - PASSOS;-207.015.095;-466.088.177;O04012 - INCENDIO EM LOTE VAGO (AREA URBANA) (C) (Prioridade: 2 - Média);1CIA IND/2CIA/1PEL(PASSOS);ABTS00495;Não;Não;Não;BOLETIM DE OCORRENCIA;Classificada;28/09/2024 07:23;Não
2024-35709391-8;(BM) 2024-043637237-001;27/09/2024 18:10;RUA AMERICA DO SUL, Nº 45 - CANDEIAS - PASSOS;-207.226.506;-46.614.903;V01018 - VITIMA DE MAL NAO DEFINIDO (DISTURBIO) (C) (Prioridade: 1 - Alta);1CIA IND/2CIA/1PEL(PASSOS);UR04360;Não;Não;Não;BOLETIM DE OCORRENCIA;Classificada;28/09/2024 07:23;Não
2024-35711745-1;(BM) 2024-043583976-001;27/09/2024 20:29;RUA DEPUTADO LOURENCO DE ANDRADE, Nº 618 - CENTRO - PASSOS;-207.150.759;-466.099.414;S06001 - SALVAMENTO DE ANIMAL EM RISCO / PERIGO (C) (Prioridade: 2 - Média);1CIA IND/2CIA/1PEL(PASSOS);ASL06087;Não;Não;Não;BOLETIM DE OCORRENCIA;Classificada;28/09/2024 07:23;Não
2024-35717791-1;(BM) 2024-043631725-001;28/09/2024 04:12;RUA PROFESSORA EUNICE S SILVEIRA, Nº 152 - COHAB 3 - PASSOS;-207.018.221;-466.277.374;O02027 - INCENDIO VEIC. AUTOMOTOR (EXCETO TANQUE/ONIBUS/MICRO-ONIBUS) (C) (Prioridade: 1 - Alta);1CIA IND/2CIA/1PEL(PASSOS);ABTS00495;Não;Não;Não;BOLETIM DE OCORRENCIA;Classificada;28/09/2024 07:23;Não
2024-35718834-8;(BM) 2024-043639734-001;28/09/2024 08:11;RODOVIA MG 050, Nº S/N - PASSOS;-207.372.242;-466.331.087;W06000 - TESTE (C) (Prioridade: 3 - Baixa);1CIA IND/2CIA/1PEL(PASSOS);1193;Não;Não;Não;BOLETIM DE OCORRENCIA;Classificada;29/09/2024 07:19;Não
2024-35720456-5;(BM) 2024-043653058-001;28/09/2024 11:08;RUA MARTE, Nº 146 - JARDIM SATELITE - PASSOS;-207.096.757;-466.221.858;S06002 - CAPTURA DE ANIMAL SILVESTRE PERIGOSO / AGRESSIVO (C) (Prioridade: 2 - Média);1CIA IND/2CIA/1PEL(PASSOS);ASL06087;Não;Não;Não;BOLETIM DE OCORRENCIA;Classificada;29/09/2024 07:20;Não
2024-35722035-8;(BM) 2024-043666830-001;28/09/2024 14:07;RUA TEOFILO OTTONI, Nº 126 - COHAB 3 - PASSOS;-207.080.302;-466.248.842;O04012 - INCENDIO EM LOTE VAGO (AREA URBANA) (C) (Prioridade: 2 - Média);1CIA IND/2CIA/1PEL(PASSOS);ABTS00495;Não;Não;Não;BOLETIM DE OCORRENCIA;Classificada;29/09/2024 07:20;Não
2024-35723310-6;;28/09/2024 15:31;RUA MONJOLO, Nº 199 - CASARAO - PASSOS;-207.182.931;-465.890.983;V01024 - VITIMA DE SUICIDIO (TENTATIVA) - APH CLINICO (C) (Prioridade: 1 - Alta);1CIA IND/2CIA/1PEL(PASSOS);;Não;Não;Não;ATENDIDA PELO SAMU;Classificada;28/09/2024 16:03;Não
2024-35723305-6;(BM) 2024-043684817-001;28/09/2024 15:32;RODOVIA MGC 146, Km 351 - PASSOS;-206.607.622;-465.393.082;V02301 - VITIMA DE CAPOTAMENTO DE AUTOMOVEL (CARRO / CAMINHONETE) (C) (Prioridade: 1 - Alta);1CIA IND/2CIA/1PEL(PASSOS);UR04360;Não;Não;Não;BOLETIM DE OCORRENCIA;Classificada;29/09/2024 07:20;Não
2024-35723457-4;;28/09/2024 15:41;RODOVIA BR 146, Nº S/N - BOM JESUS DA PENHA;-209.966.068;-465.060.993;W98011 - SOLICITACAO DE APOIO (C) (Prioridade: 1 - Alta);1CIA IND/2CIA/1PEL(PASSOS);;Não;Não;Não;DUPLICADA;Classificada;28/09/2024 16:02;Não
2024-35724981-7;(BM) 2024-043696549-001;28/09/2024 17:21;RUA FRANCISCO VENANCIO, Nº 229 - COHAB 3 - PASSOS;-207.017.175;-466.261.707;V01008 - VITIMA COM DOR ABDOMINAL (ABDOME AGUDO) (C) (Prioridade: 1 - Alta);1CIA IND/2CIA/1PEL(PASSOS);UR04360;Não;Não;Não;BOLETIM DE OCORRENCIA;Classificada;29/09/2024 07:20;Não
2024-35725340-8;(PM) 2024-043700809-001;28/09/2024 17:45;RODOVIA MG 050, Nº 282 - PASSOS;;;W98011 - SOLICITACAO DE APOIO (C) (Prioridade: 1 - Alta);1CIA IND/2CIA/1PEL(PASSOS);;Não;Não;Não;ATENDIDA PELO SAMU;Classificada;28/09/2024 18:41;Não
2024-35725578-0;(BM) 2024-043702773-001;28/09/2024 18:03;RUA GOIAS, Nº 1392 - BELA VISTA - PASSOS;-207.127.609;-465.990.557;V03003 - VITIMA DE AGRESSAO FISICA COM ARMA BRANCA (C) (Prioridade: 1 - Alta);1CIA IND/2CIA/1PEL(PASSOS);UR04360;Não;Não;Não;BOLETIM DE OCORRENCIA;Classificada;29/09/2024 07:20;Não
2024-35725744-7;(BM) 2024-043709210-001;28/09/2024 18:12;RODOVIA MG 050, Nº S/N - PASSOS;;;W04000 - NADA CONSTATADO (C) (Prioridade: 3 - Baixa);1CIA IND/2CIA/1PEL(PASSOS);ABTS00495;Não;Não;Não;BOLETIM DE OCORRENCIA;Classificada;29/09/2024 07:19;Não
2024-35727007-0;(BM) 2024-043709251-001;28/09/2024 19:29;RUA DOUTOR CARVALHO, Nº S/N - CENTRO - PASSOS;-207.218.279;-466.083.676;W06000 - TESTE (C) (Prioridade: 3 - Baixa);1CIA IND/2CIA/1PEL(PASSOS);UR00565;Não;Não;Não;BOLETIM DE OCORRENCIA;Classificada;29/09/2024 07:19;Não
2024-35727885-0;(BM) 2024-043769176-001;28/09/2024 20:24;RUA GOIAS, Nº 514 - SANTA LUZIA - PASSOS;-207.073.699;-46.604.959;V01013 - VITIMA DE EMERGENCIAS PSIQUIATRICAS (C) (Prioridade: 1 - Alta);1CIA IND/2CIA/1PEL(PASSOS);UR04360;Não;Não;Não;BOLETIM DE OCORRENCIA;Classificada;29/09/2024 07:20;Não
2024-35728674-0;(BM) 2024-043723017-001;28/09/2024 21:15;RODOVIA MG 050, Km 314 - CAPITOLIO;-206.506.355;-462.755.309;O04008 - INCENDIO EM AREA RURAL NAO PROTEGIDA (C) (Prioridade: 2 - Média);1CIA IND/2CIA/1PEL(PASSOS);ASL06087;Não;Não;Não;BOLETIM DE OCORRENCIA;Classificada;29/09/2024 07:20;Não
2024-35732516-2;(BM) 2024-043754622-001;29/09/2024 00:59;RUA EZIO PINHEIRO DE CARVALHO, Nº 634 - SAO FRANCISCO - PASSOS;-207.270.494;-466.205.818;V01007 - VITIMA COM DISPNEIA (FALTA DE AR) (C) (Prioridade: 1 - Alta);1CIA IND/2CIA/1PEL(PASSOS);UR04360;Não;Não;Não;BOLETIM DE OCORRENCIA;Classificada;29/09/2024 07:20;Não
2024-35733502-3;;29/09/2024 02:18;RODOVIA PASSOS / GLORIA, Nº S/N - PASSOS;-20.700.737;-46.586.887;W98011 - SOLICITACAO DE APOIO (C) (Prioridade: 1 - Alta);1CIA IND/2CIA/1PEL(PASSOS);;Não;Não;Não;DUPLICADA;Classificada;29/09/2024 02:57;Não
2024-35733649-1;(BM) 2024-043763890-001;29/09/2024 02:33;RODOVIA PASSOS / GLORIA, Nº S/N - PASSOS;-20.700.737;-46.586.887;V03021 - VITIMA DE SUICIDIO (TENTATIVA) - APH TRAUMA (C) (Prioridade: 1 - Alta);1CIA IND/2CIA/1PEL(PASSOS);UR04360;Não;Não;Não;BOLETIM DE OCORRENCIA;Classificada;29/09/2024 07:21;Não
2024-35735597-0;(BM) 2024-043779626-001;29/09/2024 09:02;AVENIDA JK, Nº S/N - MONSENHOR MESSIAS - PASSOS;-207.342.178;-465.979.772;P03999 - OUTROS TIPOS DE PCI / PCA   (C) (Prioridade: 2 - Média);1CIA IND/2CIA/1PEL(PASSOS);ASL06087;Não;Não;Não;BOLETIM DE OCORRENCIA;Classificada;30/09/2024 07:14;Não
2024-35735938-0;(BM) 2024-043781378-001;29/09/2024 09:49;AVENIDA SAO DOMINGOS, Nº S/N - JARDIM COLEGIO DE PASSOS - PASSOS;-207.173.109;-465.914.054;S06001 - SALVAMENTO DE ANIMAL EM RISCO / PERIGO (C) (Prioridade: 2 - Média);1CIA IND/2CIA/1PEL(PASSOS);ASL06087;Não;Não;Não;BOLETIM DE OCORRENCIA;Classificada;30/09/2024 07:14;Não
2024-35736987-0;(BM) 2024-043787635-001;29/09/2024 11:59;RUA FURNAS, Nº S/N - JARDIM COLEGIO DE PASSOS - PASSOS;-207.229.877;-46.597.898;S06002 - CAPTURA DE ANIMAL SILVESTRE PERIGOSO / AGRESSIVO (C) (Prioridade: 2 - Média);1CIA IND/2CIA/1PEL(PASSOS);ASL06087;Não;Não;Não;BOLETIM DE OCORRENCIA;Classificada;30/09/2024 07:14;Não
2024-35737570-5;(BM) 2024-043795421-001;29/09/2024 13:22;RUA CONGONHAS, Nº 68 - PENHA - PASSOS;;;V01007 - VITIMA COM DISPNEIA (FALTA DE AR) (C) (Prioridade: 1 - Alta);1CIA IND/2CIA/1PEL(PASSOS);UR04360;Não;Não;Não;BOLETIM DE OCORRENCIA;Classificada;30/09/2024 07:13;Não
2024-35738606-6;(BM) 2024-043861148-001;29/09/2024 14:51;RODOVIA BR 265, Km 532 - ALPINOPOLIS;-208.939.189;-462.672.079;O02027 - INCENDIO VEIC. AUTOMOTOR (EXCETO TANQUE/ONIBUS/MICRO-ONIBUS) (C) (Prioridade: 1 - Alta);1CIA IND/2CIA/1PEL(PASSOS);ABTS00495;Não;Não;Não;BOLETIM DE OCORRENCIA;Classificada;30/09/2024 07:13;Não
2024-35738977-8;(BM) 2024-043853351-001;29/09/2024 15:15;FAZENDA MORRO GRANDE, Nº S/N - SAO JOAO BATISTA GLORIA;-206.266.809;-465.675.575;O04007 - INCENDIO EM PROPRIEDADE RURAL PARTICULAR (C) (Prioridade: 2 - Média);1CIA IND/2CIA/1PEL(PASSOS);ASL06087;Não;Não;Não;BOLETIM DE OCORRENCIA;Classificada;30/09/2024 07:14;Não
2024-35739044-3;;29/09/2024 15:19;RODOVIA MGC 265 - CARMO DO RIO CLARO;;;O02027 - INCENDIO VEIC. AUTOMOTOR (EXCETO TANQUE/ONIBUS/MICRO-ONIBUS) (C) (Prioridade: 1 - Alta);1CIA IND/2CIA/1PEL(PASSOS);;Não;Não;Não;DUPLICADA;Classificada;29/09/2024 15:23;Não
2024-35739751-0;(BM) 2024-043888911-001;29/09/2024 16:08;AVENIDA SAO DOMINGOS, Nº S/N - JARDIM COLEGIO DE PASSOS - PASSOS;-207.173.109;-465.914.054;S06001 - SALVAMENTO DE ANIMAL EM RISCO / PERIGO (C) (Prioridade: 2 - Média);1CIA IND/2CIA/1PEL(PASSOS);ASL06087;Não;Não;Não;BOLETIM DE OCORRENCIA;Classificada;30/09/2024 07:25;Não
2024-35739908-0;;29/09/2024 16:21;FAZENDA CHIQUEIRAO, Nº 29 - POCOS DE CALDAS;;;V01007 - VITIMA COM DISPNEIA (FALTA DE AR) (C) (Prioridade: 1 - Alta);1CIA IND (POCOS DE CALDAS);;Não;Não;Não;ATENDIDA PELO SAMU;Classificada;29/09/2024 18:11;Não
2024-35740559-0;(BM) 2024-043853308-001;29/09/2024 17:10;RODOVIA MG 050, Km 315 - SAO JOAO BATISTA GLORIA;-206.496.808;-462.838.715;O04014 - INCENDIO AS MARGENS DE RODOVIA (C) (Prioridade: 2 - Média);1CIA IND/2CIA/1PEL(PASSOS);ABTS00495;Não;Não;Não;BOLETIM DE OCORRENCIA;Classificada;30/09/2024 07:14;Não
2024-35748767-1;(BM) 2024-043888231-001;30/09/2024 07:16;RUA PINTASSILGO, Nº 75 - NOSSA SENHORA DAS GRAÇAS - PASSOS;-207.367.128;-466.051.419;S04009 - SALVAMENTO DE PESSOA PRESA EM IMOVEL (C) (Prioridade: 2 - Média);1CIA IND/2CIA/1PEL(PASSOS);ASL06087;Não;Não;Não;BOLETIM DE OCORRENCIA;Classificada;30/09/2024 09:47;Não
2024-35748938-2;(BM) 2024-043889866-001;30/09/2024 07:41;RUA SAO PAULO, Nº 441 - BELA VISTA - PASSOS;-207.189.107;-465.991.767;V01003 - VITIMA COM CRISE CONVULSIVA (C) (Prioridade: 1 - Alta);1CIA IND/2CIA/1PEL(PASSOS);UR04360;Não;Não;Não;BOLETIM DE OCORRENCIA;Classificada;30/09/2024 09:47;Não
2024-35749467-3;(BM) 2024-043900751-001;30/09/2024 08:34;RUA ETIOPIA, Nº 341 - SAO BENEDITO - PASSOS;-207.211.462;-466.026.608;S06001 - SALVAMENTO DE ANIMAL EM RISCO / PERIGO (C) (Prioridade: 2 - Média);1CIA IND/2CIA/1PEL(PASSOS);ASL06087;Não;Não;Não;BOLETIM DE OCORRENCIA;Classificada;01/10/2024 09:10;Não
2024-35750535-9;(BM) 2024-043918989-001;30/09/2024 10:06;RODOVIA MG 050, Km 315 - SAO JOAO BATISTA GLORIA;-206.496.808;-462.838.715;O04014 - INCENDIO AS MARGENS DE RODOVIA (C) (Prioridade: 2 - Média);1CIA IND/2CIA/1PEL(PASSOS);ASL06087;Não;Não;Não;BOLETIM DE OCORRENCIA;Classificada;01/10/2024 09:10;Não
2024-35751201-9;(BM) 2024-043933620-001;30/09/2024 10:58;AVENIDA ANTONIO ADAO DA SILVA, Nº 291 - COHAB 4 - PASSOS;-207.185.615;-466.335.339;V01009 - VITIMA COM DOR NA COLUNA VERTEBRAL (COSTAS) (C) (Prioridade: 1 - Alta);1CIA IND/2CIA/1PEL(PASSOS);UR04360;Não;Não;Não;BOLETIM DE OCORRENCIA;Classificada;01/10/2024 09:10;Não
2024-35752313-8;(BM) 2024-043931869-001;30/09/2024 12:36;AVENIDA JUCA STOCKLER, Nº S/N - NOVO HORIZONTE - PASSOS;-207.366.397;-466.024.583;P03001 - PERIGO DE DERRAPAGEM (C) (Prioridade: 2 - Média);1CIA IND/2CIA/1PEL(PASSOS);UR04360;Não;Não;Não;BOLETIM DE OCORRENCIA;Classificada;01/10/2024 09:10;Não
2024-35752601-2;(BM) 2024-043951740-001;30/09/2024 13:01;RUA BODOQUE, Nº 136 - PARQUE DA ESTACAO - PASSOS;-207.067.543;-466.119.268;S06001 - SALVAMENTO DE ANIMAL EM RISCO / PERIGO (C) (Prioridade: 2 - Média);1CIA IND/2CIA/1PEL(PASSOS);ASL06087;Não;Não;Não;BOLETIM DE OCORRENCIA;Classificada;01/10/2024 09:10;Não
2024-35752807-8;(BM) 2024-043973794-001;30/09/2024 13:20;RUA ARARAS, Nº 191 - VILA ROMANA - PASSOS;-207.434.458;-466.124.587;S06001 - SALVAMENTO DE ANIMAL EM RISCO / PERIGO (C) (Prioridade: 2 - Média);1CIA IND/2CIA/1PEL(PASSOS);ASL06087;Não;Não;Não;BOLETIM DE OCORRENCIA;Classificada;01/10/2024 09:10;Não
2024-35752883-6;(BM) 2024-043937511-001;30/09/2024 13:25;RUA IRLANDA, Nº 132 - PASSOS;-207.283.387;-465.882.811;P01001 - VISTORIA DE FISCALIZACAO (C) (Prioridade: 2 - Média);1CIA IND/2CIA/1PEL(PASSOS);TPO00155;Não;Não;Não;BOLETIM DE OCORRENCIA;Classificada;01/10/2024 09:10;Não
2024-35753688-6;(BM) 2024-043947138-001;30/09/2024 14:19;RUA ALFERES JOAO PIMENTA DE ABREU, Nº 379 - MUARAMA 2 - PASSOS;-207.336.748;-466.104.498;P01001 - VISTORIA DE FISCALIZACAO (C) (Prioridade: 2 - Média);1CIA IND/2CIA/1PEL(PASSOS);TPO00155;Não;Não;Não;BOLETIM DE OCORRENCIA;Classificada;01/10/2024 09:10;Não
2024-35756887-9;(BM) 2024-044031906-001;30/09/2024 17:07;RUA NOSSA SENHORA APARECIDA, Nº S/N - POÇO DAS ANDORINHAS - ALPINOPOLIS;-208.660.588;-463.945.576;O04011 - INCENDIO EM AREA URBANA NAO PROTEGIDA (C) (Prioridade: 2 - Média);1CIA IND/2CIA/1PEL(PASSOS);ASL06087;Não;Não;Não;BOLETIM DE OCORRENCIA;Classificada;01/10/2024 09:10;Não
2024-35757170-0;;30/09/2024 17:22;RUA IATE, Nº 121 - NOVO HORIZONTE - PASSOS;;;V01010 - VITIMA COM DOR TORACICA/SUSPEITA DE INFARTO (IAM) (C) (Prioridade: 1 - Alta);1CIA IND/2CIA/1PEL(PASSOS);UR04360;Não;Não;Não;SOLICITANTE NÃO ENCONTRADO;Classificada;30/09/2024 18:18;Não
2024-35760836-1;;30/09/2024 21:13;RUA TAPAJOS, Nº S/N - NOSSA SENHORA APARECIDA - PASSOS;-207.421.262;-466.071.444;V02408 - VITIMA DE COLISAO ENTRE AUTOMOVEL X MOTOCICLETA (C) (Prioridade: 1 - Alta);1CIA IND/2CIA/1PEL(PASSOS);UR04360;Não;Não;Não;ATENDIDA PELO SAMU;Classificada;30/09/2024 21:32;Não
2024-35761141-5;(BM) 2024-044039458-001 / (PM) 2024-044039458-002;30/09/2024 21:36;RUA BRANDOES, Nº 218 - BELO HORIZONTE - PASSOS;-207.257.721;-466.063.024;V02403 - VITIMA DE COLISAO ENTRE AUTOMOVEIS (CARRO / CAMINHONETE) (C) (Prioridade: 1 - Alta);1CIA IND/2CIA/1PEL(PASSOS);UR04360;Não;Não;Não;BOLETIM DE OCORRENCIA;Classificada;01/10/2024 09:10;Não
